entry_time,exit_time,side,status,pnl,size,kind,entry_price,exit_price,risk_dist_points,mae_pts,mfe_pts,mae_r,mfe_r,bars_in_trade,bars_since_setup,hour,candle_pct,two_bar_body_pct,last_hw_value,osc_sig,mfi,canal_green,canal_width,shadow_hw_bars,preset
2025-01-06 01:24:00+01:00,2025-01-06 06:18:00+01:00,Short,Stop Loss,-230.22,3.0,loser,21499.5,21537.5,38.0,41.75,20.75,1.0986842105263157,0.5460526315789473,42,0,1,0.023256354798948813,0.05814088699737203,10.199190681492137,-12.907536434862193,-11.51126974647155,0,3.4116571443737485,4,MNQ_v5
2025-01-07 03:58:00+01:00,2025-01-07 11:47:00+01:00,Short,Canal Exit,-147.48,2.0,loser,21728.5,21765.0,57.25,46.25,69.5,0.8078602620087336,1.2139737991266375,67,0,3,0.0724854453827922,0.08053938375865798,47.48252129290024,-38.18633026959485,-9.139282026861077,0,4.294253230480535,2,MNQ_v5
2025-01-07 15:52:00+01:00,2025-01-07 16:34:00+01:00,Short,Canal Exit,557.76,1.0,winner,21711.25,21432.0,95.0,10.0,291.0,0.10526315789473684,3.0631578947368423,6,3,15,0.2763544245494847,0.30168691346652077,43.32281959755183,-8.580662088742496,0.8398601753489388,0,6.230245773112983,6,MNQ_v5
2025-01-07 19:50:00+01:00,2025-01-07 21:56:00+01:00,Short,Auto-Close (profit),140.76,1.0,winner,21430.25,21359.5,87.25,44.5,150.75,0.5100286532951289,1.7277936962750717,18,3,19,0.04666301139744053,0.08632657108526498,40.37889672335271,-13.677305952430041,-10.7259454857862,1,27.722850625454157,3,MNQ_v5
2025-01-07 22:59:00+01:00,2025-01-08 00:56:00+01:00,Short,Stop Loss,-238.44,6.0,loser,21375.25,21394.75,19.5,20.75,30.5,1.064102564102564,1.564102564102564,9,3,22,0.01520450053215752,0.05263096338054525,40.001743188186765,-11.312215689222583,-6.72193632922612,1,18.21300316331326,3,MNQ_v5
2025-01-08 04:54:00+01:00,2025-01-08 05:50:00+01:00,Long,Stop Loss,-242.4,10.0,loser,21406.75,21395.0,11.75,22.5,12.25,1.9148936170212767,1.0425531914893618,8,2,4,0.029196398332301726,0.05956065259789552,-15.88878825016651,2.2119379756293873,3.3450734874138552,0,4.090437342885707,5,MNQ_v5
2025-01-08 07:35:00+01:00,2025-01-08 08:10:00+01:00,Short,Canal Exit,227.04,4.0,winner,21409.5,21380.75,25.25,3.25,43.0,0.12871287128712872,1.702970297029703,5,1,7,0.012844765174338494,0.11326747471916672,42.376225363898435,-9.25314029013866,0.5312206488774172,1,2.579277252225438,5,MNQ_v5
2025-01-08 15:17:00+01:00,2025-01-08 15:59:00+01:00,Short,Stop Loss,-198.48,2.0,loser,21344.5,21393.75,49.25,61.5,59.5,1.248730964467005,1.2081218274111676,6,1,15,0.03162407177493031,0.0913584295720209,28.498871389650354,-0.1880123041107931,-12.049465431061842,1,18.21133661602653,3,MNQ_v5
2025-01-08 19:01:00+01:00,2025-01-08 20:11:00+01:00,Long,Canal Exit,89.76,1.0,winner,21316.0,21361.25,150.0,34.0,90.5,0.22666666666666666,0.6033333333333334,10,1,19,0.12080127603677987,0.268577594295365,-44.34129486456972,8.58744301943669,4.671714578311941,0,39.78417241479474,4,MNQ_v5
2025-01-09 00:21:00+01:00,2025-01-09 01:10:00+01:00,Long,Stop Loss,-171.48,2.0,loser,21343.5,21301.0,42.5,58.0,0.5,1.3647058823529412,0.011764705882352941,7,2,0,0.003513950383020592,0.022255019092463746,-17.660538793479223,11.691402877149448,3.580870145640955,0,7.959239595664258,3,MNQ_v5
2025-01-09 05:50:00+01:00,2025-01-09 07:14:00+01:00,Long,Canal Exit,16.3,5.0,winner,21313.75,21315.75,20.0,11.25,16.0,0.5625,0.8,12,2,5,0.046918069321447424,0.060993490117881646,-44.77132118217466,3.1621233035931473,5.34197251141573,0,5.558095133208553,5,MNQ_v5
2025-01-09 07:35:00+01:00,2025-01-09 08:45:00+01:00,Short,Canal Exit,1108.36,11.0,winner,21317.5,21266.75,10.75,2.25,76.5,0.20930232558139536,7.116279069767442,10,3,7,0.029318634924357923,0.07036472381845901,18.588618802406135,-6.668750831512955,-9.258488561080233,0,0.5014219779477571,2,MNQ_v5
2025-01-09 10:30:00+01:00,2025-01-09 10:37:00+01:00,Short,Stop Loss,-233.64,11.0,loser,21296.25,21306.5,10.25,13.75,0.0,1.3414634146341464,0.0,1,0,10,0.032869636673123204,0.03756529905499795,42.56518388956023,-3.3410927288220167,-4.985021855546676,1,10.070538118663535,1,MNQ_v5
2025-01-09 13:11:00+01:00,2025-01-09 15:03:00+01:00,Long,Stop Loss,-209.22,3.0,loser,21311.0,21276.5,34.5,46.25,23.25,1.3405797101449275,0.6739130434782609,16,0,13,0.012904134015297265,0.053962742245788564,-13.201726507978439,12.200078356859771,8.116944133882882,0,3.8375161469884915,2,MNQ_v5
2025-01-10 10:02:00+01:00,2025-01-10 10:51:00+01:00,Short,Canal Exit,-99.72,3.0,loser,21261.75,21278.0,38.25,33.0,14.0,0.8627450980392157,0.3660130718954248,7,1,10,0.07760414829447247,0.08936235258151375,23.06817987724323,-6.397299302533853,-11.846851972588281,1,0.7689427902005264,2,MNQ_v5
2025-01-10 13:46:00+01:00,2025-01-10 14:28:00+01:00,Long,Stop Loss,-228.48,2.0,loser,21313.5,21256.75,56.75,241.5,10.0,4.255506607929515,0.1762114537444934,6,0,13,0.10439392873061673,0.19236634058226007,-34.623710886236026,4.295920128280055,-0.4884633534134914,0,23.18980370794452,4,MNQ_v5
2025-01-13 01:52:00+01:00,2025-01-13 03:44:00+01:00,Short,Canal Exit,468.78,3.0,winner,20999.0,20920.5,38.0,3.75,110.25,0.09868421052631579,2.901315789473684,16,2,1,0.005952664412591076,0.06905090718605647,25.897374932911944,-10.373474854977044,-7.923058152586607,1,0.4462040247381083,6,MNQ_v5
2025-01-13 04:26:00+01:00,2025-01-13 04:40:00+01:00,Short,Canal Exit,4.76,1.0,winner,20882.0,20879.25,64.5,5.75,19.25,0.08914728682170543,0.29844961240310075,2,0,4,0.022746863327267504,0.1712000766210133,15.597393774970273,-30.25519632978367,-15.369483160042458,1,0.5453763653131318,2,MNQ_v5
2025-01-13 15:59:00+01:00,2025-01-13 17:02:00+01:00,Long,Canal Exit,-102.74,1.0,loser,20822.0,20771.0,120.5,108.0,58.0,0.8962655601659751,0.48132780082987553,9,0,15,0.09605225242531937,0.2305254058207665,-34.68101661101999,15.436171432119195,-10.30010830207243,0,13.484989844895608,3,MNQ_v5
2025-01-13 17:23:00+01:00,2025-01-13 17:37:00+01:00,Short,Canal Exit,-117.24,1.0,loser,20755.5,20813.75,124.5,71.25,4.5,0.572289156626506,0.03614457831325301,2,0,17,0.08672400086724001,0.11201850112018501,15.076002666383793,-20.131050705260876,-8.577996549567631,1,2.2134450664161704,2,MNQ_v5
2025-01-13 18:12:00+01:00,2025-01-13 18:47:00+01:00,Long,Canal Exit,39.26,1.0,winner,20822.5,20842.5,104.0,5.0,45.0,0.04807692307692308,0.4326923076923077,5,1,18,0.14287429463320928,0.36859166766718693,-7.727419845084127,2.505075650434878,-7.093514228817613,0,6.040822284878232,5,MNQ_v5
2025-01-14 01:52:00+01:00,2025-01-14 01:59:00+01:00,Long,Stop Loss,-218.7,5.0,loser,21053.5,21032.0,21.5,22.5,1.0,1.0465116279069768,0.046511627906976744,1,0,1,0.02612392238820149,0.09024627734105968,-35.44259125147614,1.4221746676766727,20.07611085235404,0,19.65655646279629,2,MNQ_v5
2025-01-14 06:39:00+01:00,2025-01-14 06:46:00+01:00,Short,Stop Loss,-227.4,10.0,loser,21042.0,21053.0,11.0,15.25,0.0,1.3863636363636365,0.0,1,0,6,0.024950099800399198,0.1176218990590248,-9.110535825881746,-7.561492849577594,0.4708261259573427,0,0.3235571322220494,13,MNQ_v5
2025-01-14 21:49:00+01:00,2025-01-14 21:56:00+01:00,Long,Auto-Close (profit),60.26,1.0,winner,20893.25,20923.75,120.0,3.75,55.0,0.03125,0.4583333333333333,1,0,21,0.19982530243021068,0.3625572852476278,-51.62768099381557,5.450480766503673,-1.163610778578603,0,38.6979176151508,5,MNQ_v5
2025-01-15 01:38:00+01:00,2025-01-15 03:37:00+01:00,Long,Stop Loss,-237.4,10.0,loser,20948.25,20936.75,11.5,15.25,15.5,1.326086956521739,1.3478260869565217,17,1,1,0.005967085556072703,0.028642010669148975,-42.66863862351495,4.661822239170231,8.284544276339748,0,2.096956006542314,5,MNQ_v5
2025-01-15 07:00:00+01:00,2025-01-15 07:35:00+01:00,Short,Stop Loss,-243.6,15.0,loser,20943.0,20950.75,7.75,14.0,4.0,1.8064516129032258,0.5161290322580645,5,3,7,0.0035811488325454806,0.020293176717757724,24.222491780270822,-0.1425472704775285,-5.11482108837631,1,0.672964045596018,3,MNQ_v5
2025-01-15 09:27:00+01:00,2025-01-15 10:58:00+01:00,Long,Canal Exit,54.78,3.0,winner,20948.25,20957.75,39.5,22.25,23.25,0.5632911392405063,0.5886075949367089,13,0,9,0.014321005334574487,0.1086009571205232,-36.42652471416393,10.201552564878615,-0.004291588595490582,0,7.515994740540918,3,MNQ_v5
2025-01-15 15:31:00+01:00,2025-01-15 15:45:00+01:00,Short,Stop Loss,-227.74,1.0,loser,21205.5,21319.0,113.5,133.75,19.0,1.1784140969162995,0.16740088105726872,2,3,15,0.14618848883544364,0.22871424866190374,46.67028856579175,-21.265813650309283,13.816718308000384,1,19.236725162940274,2,MNQ_v5
2025-01-16 01:59:00+01:00,2025-01-16 02:27:00+01:00,Short,Canal Exit,-18.96,4.0,loser,21419.75,21421.75,28.25,6.25,14.25,0.22123893805309736,0.504424778761062,4,1,1,0.03501441426720667,0.039683002836167554,33.112362327571326,-5.039876352954327,-21.448776026233695,1,0.7826968180888798,4,MNQ_v5
2025-01-16 15:38:00+01:00,2025-01-16 16:06:00+01:00,Short,Canal Exit,80.26,1.0,winner,21418.0,21377.5,82.0,8.5,82.0,0.10365853658536585,1.0,4,1,15,0.0070034550378186575,0.22411056121019704,28.612331163781576,-9.68851844050778,0.02256767306216188,1,8.016525231862033,4,MNQ_v5
2025-01-16 17:37:00+01:00,2025-01-16 18:33:00+01:00,Short,Canal Exit,-122.24,1.0,loser,21329.25,21390.0,170.75,97.75,4.75,0.5724743777452416,0.027818448023426062,8,0,17,0.25434555832952405,0.36686709565502773,25.93427820337986,-8.2087274672788,-15.406106591093037,1,21.294763335448806,3,MNQ_v5
2025-01-16 21:28:00+01:00,2025-01-16 21:56:00+01:00,Short,Auto-Close (profit),152.26,1.0,winner,21324.5,21248.0,71.25,18.5,95.0,0.2596491228070175,1.3333333333333333,4,1,21,0.08558231142582476,0.1383385307979085,39.838222211775545,-12.199870150369083,-11.43330929888435,1,16.834496046409186,8,MNQ_v5
2025-01-17 13:32:00+01:00,2025-01-17 14:42:00+01:00,Long,Canal Exit,987.78,3.0,winner,21337.25,21502.25,30.5,6.5,174.25,0.21311475409836064,5.713114754098361,10,3,13,0.03866477638870989,0.04686639562267865,-22.848968481635577,10.065638984723915,13.883212183891475,0,6.29659111420915,10,MNQ_v5
2025-01-17 16:48:00+01:00,2025-01-17 21:56:00+01:00,Long,Auto-Close (profit),53.76,1.0,winner,21573.0,21600.25,92.0,13.0,99.5,0.14130434782608695,1.0815217391304348,44,0,16,0.1367450053307375,0.27464886663885413,-30.40413561314179,20.31859504005608,10.802539770757672,0,17.084134836797602,6,MNQ_v5
2025-01-20 17:23:00+01:00,2025-01-20 18:26:00+01:00,Long,Stop Loss,-132.74,1.0,loser,21707.0,21641.0,66.0,84.0,23.75,1.2727272727272727,0.35984848484848486,9,0,17,0.02418574653337633,0.07025383516837885,-34.25546641132062,34.806546380824294,9.728426798479292,0,9.563144734238449,2,MNQ_v5
2025-01-21 01:24:00+01:00,2025-01-21 01:59:00+01:00,Short,Canal Exit,990.78,3.0,winner,21713.25,21547.75,33.25,3.75,343.0,0.11278195488721804,10.31578947368421,5,0,1,0.012665077775091247,0.05526579392767089,23.961102827042613,-4.672869566987113,1.7427011524143086,1,0.7734541251775227,5,MNQ_v5
2025-01-21 07:21:00+01:00,2025-01-21 07:35:00+01:00,Long,Canal Exit,-77.48,2.0,loser,21620.5,21601.5,42.5,23.5,5.75,0.5529411764705883,0.13529411764705881,2,0,7,0.010406789852223585,0.05781549917901991,-4.194830287599654,24.22619582001108,1.4559740178859144,1,3.197854792146245,2,MNQ_v5
2025-01-21 15:31:00+01:00,2025-01-21 15:52:00+01:00,Short,Canal Exit,55.26,1.0,winner,21647.25,21619.25,90.5,29.0,74.75,0.32044198895027626,0.8259668508287292,3,1,15,0.2748617029876774,0.27832634630264813,33.92794766506664,-14.582036522567643,0.9512487689872263,0,1.3005379213936976,3,MNQ_v5
2025-01-21 21:14:00+01:00,2025-01-21 21:56:00+01:00,Long,Auto-Close (loss),-102.96,4.0,loser,21727.0,21714.5,29.75,29.5,31.25,0.9915966386554622,1.050420168067227,6,0,21,0.00920513646614811,0.013807704699222165,-38.34885414404629,2.4595401917328603,10.881448406539237,0,12.585752461702214,3,MNQ_v5
2025-01-22 02:41:00+01:00,2025-01-22 09:55:00+01:00,Long,Canal Exit,556.3,5.0,winner,21834.75,21890.75,23.25,5.5,62.0,0.23655913978494625,2.6666666666666665,62,0,2,0.030914024662521897,0.0526683383139262,-8.240471976453223,8.642920625994767,18.4945573802062,0,6.400530845799949,4,MNQ_v5
2025-01-22 13:18:00+01:00,2025-01-22 14:49:00+01:00,Long,Canal Exit,233.04,4.0,winner,21898.75,21928.25,29.75,3.5,35.75,0.11764705882352941,1.2016806722689075,13,2,13,0.03082367715052229,0.05593926593983675,-20.944173808802493,5.661211730686528,9.150762920915602,0,2.273222639130836,4,MNQ_v5
2025-01-22 15:45:00+01:00,2025-01-22 16:13:00+01:00,Long,Canal Exit,57.76,1.0,winner,21992.75,22022.0,94.0,17.25,44.25,0.18351063829787234,0.47074468085106386,4,1,15,0.14777597162701345,0.19324550135840218,-23.230615425921904,12.801090292117971,15.260754037945807,1,0.23230128145951312,4,MNQ_v5
2025-01-23 01:24:00+01:00,2025-01-23 07:56:00+01:00,Short,Canal Exit,51.78,3.0,winner,21954.75,21945.75,30.5,15.25,28.5,0.5,0.9344262295081968,56,0,1,0.006832234482287432,0.0637675218346827,10.553338205015123,-4.178690234539707,-35.71948610878242,1,3.5864290293320664,5,MNQ_v5
2025-01-23 15:45:00+01:00,2025-01-23 16:06:00+01:00,Long,Canal Exit,-67.48,2.0,loser,21915.25,21898.75,49.25,48.0,3.0,0.9746192893401016,0.06091370558375635,3,0,15,0.003422274443595213,0.13689097774380854,-25.183302073093852,1.5040775991538429,7.892494095911296,0,3.495378670086211,3,MNQ_v5
2025-01-23 19:01:00+01:00,2025-01-23 20:25:00+01:00,Long,Canal Exit,117.78,3.0,winner,21938.25,21958.25,38.0,14.5,46.0,0.3815789473684211,1.2105263157894737,12,0,19,0.014814308342734723,0.030768178865679806,-29.38831988345699,10.529932727932154,5.999781449508437,0,11.175617067878193,5,MNQ_v5
2025-01-23 20:46:00+01:00,2025-01-23 21:56:00+01:00,Long,Auto-Close (profit),510.78,3.0,winner,21956.5,22042.0,32.75,16.75,92.0,0.5114503816793893,2.8091603053435112,10,2,20,0.01366337986473254,0.02846537471819279,-34.02984579218766,23.456491919405583,3.073871422559028,0,7.195766749857285,5,MNQ_v5
2025-01-24 00:56:00+01:00,2025-01-24 01:52:00+01:00,Long,Stop Loss,-222.66,9.0,loser,22011.5,21999.5,12.0,17.0,3.25,1.4166666666666667,0.2708333333333333,8,1,0,0.0045430797537650775,0.027258478522590463,-25.066332219624115,13.260946685987564,10.200929689108778,0,7.635503367113415,2,MNQ_v5
2025-01-24 04:26:00+01:00,2025-01-24 04:47:00+01:00,Short,Canal Exit,12.52,2.0,winner,22013.5,22010.0,45.25,1.75,22.75,0.03867403314917127,0.5027624309392266,3,2,4,0.027256001998773483,0.0908533399959116,22.831515938361235,-28.936877503570148,9.564253670186657,0,4.6571508305714815,3,MNQ_v5
2025-01-24 09:13:00+01:00,2025-01-24 09:34:00+01:00,Long,Canal Exit,15.04,4.0,winner,21997.25,21999.5,26.0,7.25,11.5,0.27884615384615385,0.4423076923076923,3,1,9,0.010228551296184751,0.03182215958813033,-29.27064788458465,12.241603831610536,-5.788661239319004,0,1.4132793547105393,3,MNQ_v5
2025-01-24 09:55:00+01:00,2025-01-24 10:09:00+01:00,Short,Stop Loss,-203.7,5.0,loser,21988.75,22008.75,20.0,21.75,0.0,1.0875,0.0,2,0,9,0.014780285373202206,0.05457336137797737,31.59801750141858,-8.532030866575406,-4.693970928858144,1,5.84316828820738,2,MNQ_v5
2025-01-24 15:10:00+01:00,2025-01-24 15:31:00+01:00,Long,Canal Exit,-119.48,2.0,loser,22041.25,22011.75,45.25,41.25,11.5,0.9116022099447514,0.2541436464088398,3,1,15,0.028355923552430103,0.1395111438779561,-34.85648293324425,10.256095058509104,2.5558406289551456,0,5.467476139070641,3,MNQ_v5
2025-01-24 16:06:00+01:00,2025-01-24 16:41:00+01:00,Short,Canal Exit,100.52,2.0,winner,22028.75,22003.25,49.25,1.0,50.5,0.02030456852791878,1.0253807106598984,5,0,16,0.04312546104522499,0.20427849968790787,34.509222919341525,-1.261956640851802,-6.415704879480968,1,5.9701668063135,5,MNQ_v5
2025-01-27 01:10:00+01:00,2025-01-27 01:24:00+01:00,Long,Stop Loss,-232.4,10.0,loser,21650.0,21638.75,11.25,13.0,8.75,1.1555555555555554,0.7777777777777778,2,3,1,0.042725173210161664,0.062355658198614314,-44.933661186622295,1.1293061168393077,-3.4077207098885145,0,10.293294592323946,1,MNQ_v5
2025-01-27 02:41:00+01:00,2025-01-27 03:02:00+01:00,Short,Canal Exit,-12.24,1.0,loser,21524.0,21529.75,142.0,12.0,35.5,0.08450704225352113,0.25,3,0,2,0.047621259988849654,0.22068388775320572,-11.31578958847736,-22.424761647619707,-15.714779074055178,0,2.680780542512366,3,MNQ_v5
2025-01-27 10:51:00+01:00,2025-01-27 11:33:00+01:00,Short,Canal Exit,308.26,1.0,winner,21163.25,21008.75,106.0,7.25,179.5,0.06839622641509434,1.6933962264150944,6,0,10,0.10631637390287407,0.2728786930173768,8.221944828767526,-29.83017233662229,-27.982239790992384,1,7.989156881456438,6,MNQ_v5
2025-01-28 07:00:00+01:00,2025-01-28 08:03:00+01:00,Long,Canal Exit,-55.48,2.0,loser,21302.5,21289.0,55.0,37.25,10.0,0.6772727272727272,0.18181818181818182,9,2,7,0.04576927590658374,0.1279192583030161,-28.305201526892102,7.298150596625081,-4.066850741126159,0,4.9690956136910245,4,MNQ_v5
2025-01-28 09:55:00+01:00,2025-01-28 13:04:00+01:00,Long,Stop Loss,-196.24,1.0,loser,21393.25,21295.5,97.75,106.5,30.0,1.0895140664961638,0.3069053708439898,27,0,9,0.06310401645378799,0.18230049197760975,-21.225917772290273,31.311021731764676,7.095354377874328,1,1.628427455900237,3,MNQ_v5
2025-01-28 20:25:00+01:00,2025-01-28 21:56:00+01:00,Long,Auto-Close (profit),26.52,2.0,winner,21569.0,21576.0,55.75,19.0,57.0,0.34080717488789236,1.0224215246636772,13,2,20,0.08345310399184014,0.1286568686540869,-26.562148870507485,6.331204089353848,12.066297257118435,0,19.815246683559963,5,MNQ_v5
2025-01-29 03:16:00+01:00,2025-01-29 03:37:00+01:00,Short,Stop Loss,-236.16,9.0,loser,21564.0,21576.75,12.75,19.75,3.5,1.5490196078431373,0.27450980392156865,3,3,3,0.017390094602114634,0.02666481172324244,30.857493315854487,-6.526700001070616,-4.472684553906745,1,0.35670876305084676,2,MNQ_v5
2025-01-29 05:01:00+01:00,2025-01-29 05:29:00+01:00,Long,Canal Exit,35.28,3.0,winner,21595.0,21601.25,35.75,2.0,13.5,0.055944055944055944,0.3776223776223776,4,0,5,0.003473026163463765,0.08798332947441538,-20.959174537774267,29.44489532481821,-0.9728991005754872,1,0.30860570916411234,4,MNQ_v5
2025-01-29 07:14:00+01:00,2025-01-29 07:42:00+01:00,Long,Canal Exit,31.26,1.0,winner,21652.5,21668.5,93.25,13.75,33.5,0.14745308310991956,0.35924932975871315,4,2,7,0.030019628218450528,0.09236808682600162,-33.83999476893458,7.250615813456583,12.943625243099982,1,5.054656859931129,4,MNQ_v5
2025-01-29 09:13:00+01:00,2025-01-29 10:02:00+01:00,Long,Stop Loss,-221.22,3.0,loser,21678.5,21642.0,36.5,50.5,18.75,1.3835616438356164,0.5136986301369864,7,0,9,0.0657333302580898,0.16606315012570058,-20.339899446879905,34.267973316279004,16.86241946644443,0,3.291313075933431,2,MNQ_v5
2025-01-29 13:46:00+01:00,2025-01-29 21:07:00+01:00,Short,Canal Exit,900.78,3.0,winner,21650.25,21499.75,39.75,3.25,282.25,0.08176100628930817,7.10062893081761,63,0,13,0.03233219015946698,0.07043798570455306,22.189923706085597,-25.633775508039786,-9.793726095841807,0,2.212255421698501,5,MNQ_v5
2025-01-30 01:10:00+01:00,2025-01-30 02:48:00+01:00,Long,Canal Exit,365.52,2.0,winner,21566.75,21658.5,59.75,2.0,100.25,0.03347280334728033,1.6778242677824269,14,0,1,0.08578019404870925,0.1669236208515423,-27.657447059371005,16.234946550370424,-0.8415326269880603,0,13.94079052269808,5,MNQ_v5
2025-01-30 04:40:00+01:00,2025-01-30 06:04:00+01:00,Long,Stop Loss,-236.88,12.0,loser,21663.25,21653.75,9.5,14.0,16.75,1.4736842105263157,1.763157894736842,12,0,4,0.030004731515354346,0.07847391319400367,-18.305255649923865,1.417587044509568,33.12137518060318,0,9.860629920796782,6,MNQ_v5
2025-01-30 13:04:00+01:00,2025-01-30 13:32:00+01:00,Short,Canal Exit,55.52,2.0,winner,21627.5,21613.25,43.25,2.0,52.75,0.046242774566473986,1.2196531791907514,4,0,13,0.027742457519361927,0.08553924401803259,38.309284922699234,-9.668648572769632,-10.165313671276591,1,7.603518955358595,4,MNQ_v5
2025-01-30 18:26:00+01:00,2025-01-30 20:46:00+01:00,Short,Stop Loss,-233.24,1.0,loser,21509.0,21625.25,116.25,126.75,5.75,1.0903225806451613,0.04946236559139785,20,0,18,0.09414663629178482,0.20921474731507742,40.69334491698571,-17.88877891447867,-3.911176676432092,1,35.43770454778132,3,MNQ_v5
2025-01-31 02:20:00+01:00,2025-01-31 03:02:00+01:00,Long,Canal Exit,105.52,2.0,winner,21732.75,21759.5,59.75,53.75,54.25,0.899581589958159,0.9079497907949791,6,1,2,0.08742565943104301,0.14264186538749124,2.725605786149928,6.107939918078375,2.377572832059137,0,2.945730683110014,6,MNQ_v5
2025-01-31 04:19:00+01:00,2025-01-31 04:33:00+01:00,Long,Stop Loss,-222.18,7.0,loser,21751.5,21736.0,15.5,19.75,1.0,1.2741935483870968,0.06451612903225806,2,1,4,0.002298692044226835,0.01838953635381468,-25.252420207214534,2.457868144689063,7.25874005486429,0,13.112874419843138,1,MNQ_v5
2025-01-31 10:16:00+01:00,2025-01-31 14:00:00+01:00,Long,Canal Exit,5.28,3.0,winner,21782.0,21783.25,39.25,10.0,31.75,0.25477707006369427,0.8089171974522293,32,1,10,0.024102469929299424,0.026397943255899368,-19.791468380953013,0.375604359472366,5.7631494196270205,0,7.931963096438267,4,MNQ_v5
2025-01-31 18:26:00+01:00,2025-01-31 19:15:00+01:00,Long,Stop Loss,-133.74,1.0,loser,21931.0,21864.5,66.5,109.25,2.5,1.6428571428571428,0.03759398496240601,7,0,18,0.036478044776799966,0.1037344398340249,-27.186519170724686,16.608278794346642,12.20355025780702,0,19.728131097799633,4,MNQ_v5
2025-01-31 22:59:00+01:00,2025-02-03 00:35:00+01:00,Short,Canal Exit,8745.84,9.0,winner,21571.25,21085.0,13.25,0.0,631.0,0.0,47.62264150943396,6,0,22,0.07069594946978039,0.1425508489308686,-8.584199492325896,-6.262737718042874,-22.473632821361242,1,14.927369815421116,6,MNQ_v5
2025-02-03 00:56:00+01:00,2025-02-03 01:17:00+01:00,Long,Stop Loss,-140.74,1.0,loser,21102.75,21032.75,70.0,72.5,53.25,1.0357142857142858,0.7607142857142857,3,2,0,0.11017521413085973,0.2641835779696959,-33.93016921930925,6.189076845119575,-20.109472809746798,0,85.99825674633757,3,MNQ_v5
2025-02-03 16:06:00+01:00,2025-02-03 16:20:00+01:00,Short,Stop Loss,-334.24,1.0,loser,21148.0,21314.75,166.75,213.5,34.75,1.280359820089955,0.20839580209895053,2,0,16,0.1418573860412332,0.3794685076602989,17.706215121458,-14.262910284462022,8.047184191024831,1,6.348175247992913,2,MNQ_v5
2025-02-03 19:15:00+01:00,2025-02-03 21:56:00+01:00,Long,Auto-Close (loss),-17.74,1.0,loser,21415.25,21406.75,73.75,25.75,104.75,0.34915254237288135,1.4203389830508475,23,2,19,0.031519594681360244,0.0665413665495383,-17.747772406512915,7.068526217150382,10.414669443960094,0,9.179999008352752,6,MNQ_v5
2025-02-04 00:42:00+01:00,2025-02-04 01:24:00+01:00,Short,Canal Exit,111.78,3.0,winner,21569.5,21550.5,30.5,7.5,33.0,0.2459016393442623,1.0819672131147542,6,2,0,0.004636176081967593,0.011590440204918983,48.367713820779386,-6.048513334395593,3.7533406527587667,0,2.174080412754847,6,MNQ_v5
2025-02-04 05:57:00+01:00,2025-02-04 06:25:00+01:00,Short,Canal Exit,388.52,2.0,winner,21433.75,21336.25,42.75,0.25,193.0,0.005847953216374269,4.514619883040936,4,0,5,0.1096401702921794,0.13180148130868374,29.51371502209129,-20.77904969225172,-17.654199005508982,1,6.1591890591953415,4,MNQ_v5
2025-02-04 07:07:00+01:00,2025-02-04 07:42:00+01:00,Long,Canal Exit,53.26,1.0,winner,21357.0,21384.0,116.25,28.5,28.25,0.24516129032258063,0.24301075268817204,5,3,7,0.03394671536264456,0.056187666807135835,-30.999103628265317,18.426565680126384,-21.626933810128627,1,6.6065516644812305,1,MNQ_v5
2025-02-04 15:38:00+01:00,2025-02-04 16:13:00+01:00,Long,Canal Exit,308.26,1.0,winner,21506.25,21660.75,101.25,18.25,157.25,0.18024691358024691,1.5530864197530865,5,1,15,0.13368206916594014,0.3905841325196164,-27.500203866601197,4.732368922738773,4.7691241644278515,0,6.62393500363396,5,MNQ_v5
2025-02-05 06:32:00+01:00,2025-02-05 07:35:00+01:00,Short,Canal Exit,127.04,4.0,winner,21539.25,21523.0,27.75,11.5,23.25,0.4144144144144144,0.8378378378378378,9,2,6,0.0533909026544564,0.08588971296586465,38.86663267292904,-15.763860961558075,-12.330327326830176,1,3.345236211309384,4,MNQ_v5
2025-02-05 09:48:00+01:00,2025-02-05 10:09:00+01:00,Short,Canal Exit,-42.24,1.0,loser,21473.5,21494.25,76.0,34.0,15.75,0.4473684210526316,0.20723684210526316,3,1,9,0.012806482408550073,0.11642256735045521,25.92449851857679,-8.404631459182529,-15.346725302013482,1,3.0397473394259578,3,MNQ_v5
2025-02-05 16:41:00+01:00,2025-02-05 17:09:00+01:00,Long,Canal Exit,17.76,1.0,winner,21591.5,21600.75,90.5,21.75,41.0,0.24033149171270718,0.4530386740331492,4,0,16,0.002315726095917375,0.10536553736424055,-17.58184582821819,14.010520760239553,13.041546299586392,0,3.931668042379897,4,MNQ_v5
2025-02-05 19:50:00+01:00,2025-02-05 21:56:00+01:00,Long,Auto-Close (profit),519.04,4.0,winner,21696.25,21761.5,25.0,6.5,86.75,0.26,3.47,18,0,19,0.04032955003744887,0.05070000576136429,-3.9315344554813256,7.505620872608205,22.86743730902537,0,16.143201274171588,5,MNQ_v5
2025-02-06 10:51:00+01:00,2025-02-06 11:05:00+01:00,Short,Canal Exit,-69.72,3.0,loser,21796.0,21807.25,34.0,13.5,4.5,0.39705882352941174,0.1323529411764706,2,0,10,0.025233987887685813,0.041291980179849516,40.87096587048789,-28.19037779739457,-2.8020309451936325,0,1.1474147605258622,2,MNQ_v5
2025-02-06 18:19:00+01:00,2025-02-06 19:15:00+01:00,Long,Canal Exit,116.52,2.0,winner,21798.0,21827.5,57.75,30.0,34.5,0.5194805194805194,0.5974025974025974,8,1,18,0.047022662629599046,0.13533351683640701,-17.320252695809373,0.8836843963578189,2.2662890673158924,0,5.740304535844189,8,MNQ_v5
2025-02-06 21:21:00+01:00,2025-02-06 21:56:00+01:00,Long,Auto-Close (profit),318.52,2.0,winner,21791.0,21871.0,57.25,3.0,91.0,0.05240174672489083,1.5895196506550218,5,2,21,0.04818503051718599,0.15029140470836583,-27.57105469185997,14.883775669891481,3.247774300827085,0,13.493865068950981,5,MNQ_v5
2025-02-07 01:52:00+01:00,2025-02-07 03:02:00+01:00,Long,Canal Exit,99.52,2.0,winner,21862.0,21887.25,56.0,0.75,37.25,0.013392857142857142,0.6651785714285714,10,0,1,0.04002378556399231,0.04802854267679078,-7.389870880495738,2.9910096234944277,18.52068941809579,0,2.8950677610264393,4,MNQ_v5
2025-02-07 10:37:00+01:00,2025-02-07 11:05:00+01:00,Long,Canal Exit,-60.96,4.0,loser,21863.25,21856.0,27.25,14.75,0.5,0.5412844036697247,0.01834862385321101,4,0,10,0.05488662481561525,0.08690382262472414,-11.158854444879168,0.19736786515592245,-8.77401845012515,0,1.2719922347096144,4,MNQ_v5
2025-02-07 13:32:00+01:00,2025-02-07 14:28:00+01:00,Short,Stop Loss,-233.92,8.0,loser,21862.75,21877.0,14.25,60.75,72.75,4.2631578947368425,5.105263157894737,8,2,13,0.017152462521869388,0.06289236258018777,39.68803449953456,-1.1834669537407012,-6.512441175437584,1,3.976939146858058,8,MNQ_v5
2025-02-07 14:56:00+01:00,2025-02-07 15:52:00+01:00,Long,Canal Exit,64.26,1.0,winner,21872.25,21904.75,82.25,8.0,95.5,0.0972644376899696,1.1610942249240122,8,3,14,0.018288013350249745,0.056007040885139844,-33.05060170649533,8.283283282976914,0.06258975467470813,1,0.4214577164821094,8,MNQ_v5
2025-02-07 19:50:00+01:00,2025-02-07 21:56:00+01:00,Short,Auto-Close (profit),100.76,1.0,winner,21639.0,21588.25,91.75,6.5,86.0,0.07084468664850137,0.9373297002724795,18,3,19,0.05198946346873701,0.19409399694995147,30.0533186945531,-13.87756886573667,-11.4956929720787,1,16.337893068463018,4,MNQ_v5
2025-02-10 03:51:00+01:00,2025-02-10 07:35:00+01:00,Long,Canal Exit,266.08,8.0,winner,21673.75,21690.75,14.5,4.5,57.75,0.3103448275862069,3.9827586206896552,32,0,3,0.014995097756502682,0.02883672645481285,-40.392923586089104,27.56786517698814,9.997855440602049,0,1.7673037657659734,1,MNQ_v5
2025-02-10 15:59:00+01:00,2025-02-10 16:41:00+01:00,Long,Canal Exit,102.26,1.0,winner,21835.0,21886.5,92.75,9.0,58.75,0.09703504043126684,0.633423180592992,6,0,15,0.22097549805358369,0.35035493473780627,-20.341011062788297,17.205982494577135,9.777351233759074,0,3.912536293551966,6,MNQ_v5
2025-02-11 02:20:00+01:00,2025-02-11 04:54:00+01:00,Short,Canal Exit,188.8,5.0,winner,21794.0,21774.75,23.0,16.25,44.0,0.7065217391304348,1.9130434782608696,22,1,2,0.035560245939249335,0.06653207304762779,47.01829011244698,-2.5276852211932197,-28.035146202805063,1,9.80313147079869,3,MNQ_v5
2025-02-11 10:30:00+01:00,2025-02-11 11:33:00+01:00,Short,Canal Exit,77.28,3.0,winner,21750.0,21736.75,38.25,14.25,17.25,0.37254901960784315,0.45098039215686275,9,1,10,0.03218390804597701,0.06666666666666667,38.91445070466328,-7.456904938132083,-4.487680627596433,1,5.8197816268439055,4,MNQ_v5
2025-02-11 13:18:00+01:00,2025-02-11 14:56:00+01:00,Short,Canal Exit,673.56,6.0,winner,21750.25,21693.75,19.5,9.0,80.75,0.46153846153846156,4.141025641025641,14,2,13,0.008045884530062872,0.014942356984402478,37.45564536597506,-11.8681875690479,2.456770806200556,1,2.1622142418054864,3,MNQ_v5
2025-02-11 18:40:00+01:00,2025-02-11 21:14:00+01:00,Long,Canal Exit,223.52,2.0,winner,21767.25,21823.5,51.5,19.5,73.25,0.3786407766990291,1.4223300970873787,22,1,18,0.056277205434770126,0.07924749336732935,-37.20379529527834,4.634161020636703,9.80774332701603,0,23.522624101904512,3,MNQ_v5
2025-02-12 02:55:00+01:00,2025-02-12 03:16:00+01:00,Long,Canal Exit,-24.72,3.0,loser,21824.75,21821.0,31.25,9.0,1.25,0.288,0.04,3,0,2,0.005727442467840411,0.013745861922816984,-21.2470992993224,24.023030754897093,-0.2053925130123661,0,2.1990161465728306,3,MNQ_v5
2025-02-12 10:51:00+01:00,2025-02-12 12:43:00+01:00,Long,Canal Exit,128.28,3.0,winner,21767.75,21789.5,32.0,10.5,33.25,0.328125,1.0390625,16,1,10,0.027563712372661392,0.031009176419244062,-34.03589702251507,5.77287390464894,-6.283413348966637,0,11.797151115169981,3,MNQ_v5
2025-02-12 15:31:00+01:00,2025-02-12 16:55:00+01:00,Long,Canal Exit,241.26,1.0,winner,21602.25,21723.25,92.25,21.75,171.75,0.23577235772357724,1.8617886178861789,12,3,15,0.2534458216158039,0.308995590737076,-45.80151034718984,1.0558385425058086,-6.254400926275912,0,43.25645576506213,4,MNQ_v5
2025-02-12 20:32:00+01:00,2025-02-12 21:56:00+01:00,Long,Auto-Close (loss),-34.48,2.0,loser,21810.0,21801.75,51.0,33.5,29.0,0.6568627450980392,0.5686274509803921,12,0,20,0.07679963319578176,0.10889500229252637,-12.364501826422643,6.6380535546042045,3.7631652351084233,0,12.66309801620082,4,MNQ_v5
2025-02-13 01:59:00+01:00,2025-02-13 03:02:00+01:00,Long,Stop Loss,-237.92,8.0,loser,21890.0,21875.5,14.5,15.5,24.5,1.0689655172413792,1.6896551724137931,9,3,1,0.019415258108725447,0.02512562814070352,14.769605056100065,14.735778980934167,-0.5067546248221311,0,1.6342620549039566,7,MNQ_v5
2025-02-13 05:50:00+01:00,2025-02-13 14:56:00+01:00,Short,Canal Exit,341.3,5.0,winner,21907.0,21872.5,20.0,13.25,154.25,0.6625,7.7125,78,0,5,0.02852969370520838,0.06618888939608344,29.29613808211632,-6.706009059279133,7.4595609186258605,0,0.6255676824366674,5,MNQ_v5
2025-02-13 18:40:00+01:00,2025-02-13 19:15:00+01:00,Long,Stop Loss,-216.48,2.0,loser,21995.75,21942.0,53.75,105.25,3.25,1.958139534883721,0.06046511627906977,5,2,18,0.11365832035734175,0.14775581646454428,-31.692332540456228,2.8491664925074813,2.311409729585025,0,19.014111452423094,2,MNQ_v5
2025-02-14 00:14:00+01:00,2025-02-14 04:12:00+01:00,Long,Canal Exit,301.04,4.0,winner,22092.0,22130.0,24.0,17.5,57.25,0.7291666666666666,2.3854166666666665,34,1,0,0.012447944957450663,0.06563461886655803,-10.569330641588284,5.748406850477405,24.27821961907606,0,7.016244300575636,4,MNQ_v5
2025-02-14 04:47:00+01:00,2025-02-14 06:39:00+01:00,Long,Stop Loss,-236.18,7.0,loser,22142.25,22125.75,16.5,26.25,6.25,1.5909090909090908,0.3787878787878788,16,3,4,0.02596845397373799,0.04177533900123068,-32.42067781414507,16.239522583133,15.178787171883682,0,3.602162958457484,3,MNQ_v5
2025-02-14 08:59:00+01:00,2025-02-14 09:27:00+01:00,Short,Canal Exit,61.3,5.0,winner,22141.0,22134.5,21.0,3.25,16.0,0.15476190476190477,0.7619047619047619,4,1,8,0.03613206268912877,0.03951944356623459,38.16805254699863,-8.036632056144992,6.967406738601853,1,2.2644768237223616,4,MNQ_v5
2025-02-14 21:21:00+01:00,2025-02-14 21:56:00+01:00,Long,Auto-Close (profit),44.28,3.0,winner,22186.75,22194.5,31.0,10.0,37.25,0.3225806451612903,1.2016129032258065,5,0,21,0.0011267986523488117,0.0473255433986501,-35.140072499662764,14.499415261203755,7.156378081801216,0,10.911300355393905,4,MNQ_v5
2025-02-17 05:36:00+01:00,2025-02-17 08:38:00+01:00,Long,Stop Loss,-232.68,7.0,loser,22266.25,22250.0,16.25,18.0,15.5,1.1076923076923078,0.9538461538461539,26,3,5,0.0022455510020771346,0.05726155055296693,-38.69270863490502,3.947493848418095,21.936838022314312,0,4.648641392173886,4,MNQ_v5
2025-02-17 15:03:00+01:00,2025-02-17 15:24:00+01:00,Long,Stop Loss,-221.92,8.0,loser,22257.25,22243.75,13.5,17.25,2.75,1.2777777777777777,0.2037037037037037,3,0,15,0.0011232295094856732,0.0292039672466275,-1.0636078109453821,16.988754296395815,3.2369181709952843,0,0.5739043748908443,3,MNQ_v5
2025-02-17 17:51:00+01:00,2025-02-17 18:54:00+01:00,Short,Auto-Close (profit),-1.6799999999999997,7.0,loser,22235.5,22235.25,16.75,7.75,16.5,0.4626865671641791,0.9850746268656716,9,2,17,0.031481189988981584,0.040475815700119176,34.75245849676211,-4.878915273390118,-0.7434691210813134,1,3.32582854841894,4,MNQ_v5
2025-02-18 00:56:00+01:00,2025-02-18 02:13:00+01:00,Long,Canal Exit,158.8,5.0,winner,22218.5,22234.75,20.0,7.0,23.5,0.35,1.175,11,1,0,0.015752638566959964,0.03825640794833134,-34.089198778178115,0.9925002223009898,3.0133075753392626,0,4.775856427484541,4,MNQ_v5
2025-02-18 06:04:00+01:00,2025-02-18 06:25:00+01:00,Long,Stop Loss,-253.46,29.0,loser,22262.0,22258.0,4.0,4.0,1.0,1.0,0.25,3,0,6,0.031443715748809636,0.04716557362321445,-8.585990517940752,25.258671552517836,25.572352753386976,0,2.0884630953223677,1,MNQ_v5
2025-02-18 09:55:00+01:00,2025-02-18 10:44:00+01:00,Long,Stop Loss,-236.96,4.0,loser,22306.0,22276.75,29.25,32.0,0.25,1.0940170940170941,0.008547008547008548,7,0,9,0.07733345288263248,0.0941450730745091,-21.5766305097489,7.643836936118862,7.962330625690017,0,8.472374255317845,4,MNQ_v5
2025-02-18 18:12:00+01:00,2025-02-18 21:49:00+01:00,Short,Stop Loss,-174.48,2.0,loser,22172.5,22215.75,43.25,43.75,69.5,1.0115606936416186,1.606936416184971,31,0,18,0.02818807080843387,0.06877889277257865,15.430565814130237,-3.6579884558589755,-9.057084202715876,1,9.560023677753634,3,MNQ_v5
2025-02-19 10:09:00+01:00,2025-02-19 11:47:00+01:00,Short,Canal Exit,572.32,7.0,winner,22260.75,22219.5,15.0,7.5,57.75,0.5,3.85,14,3,10,0.0011230529070224498,0.015722740698314298,14.383087009706413,-0.0460282150238754,1.7211929305226508,1,2.6015802317197085,2,MNQ_v5
2025-02-19 15:24:00+01:00,2025-02-19 15:31:00+01:00,Long,Stop Loss,-215.18,7.0,loser,22194.0,22179.0,15.0,21.25,4.5,1.4166666666666667,0.3,1,1,15,0.0,0.03829863927187528,13.576099526913168,4.341841624287052,-7.254660543934238,1,0.13542536630120594,2,MNQ_v5
2025-02-19 15:52:00+01:00,2025-02-19 16:20:00+01:00,Short,Canal Exit,107.52,2.0,winner,22173.0,22145.75,48.5,7.75,55.0,0.15979381443298968,1.134020618556701,4,0,15,0.023677445541875255,0.042844901456726654,0.5643376821477972,-15.81416921253662,-13.876131145162576,0,0.23029837248759577,4,MNQ_v5
2025-02-19 21:21:00+01:00,2025-02-19 21:42:00+01:00,Short,Canal Exit,25.26,1.0,winner,22234.75,22221.75,65.0,20.5,29.25,0.3153846153846154,0.45,3,3,21,0.14616759801661813,0.1585356255411012,37.59576149945043,-23.307754293921352,10.017112739195381,0,2.2654240441770526,3,MNQ_v5
2025-02-20 02:20:00+01:00,2025-02-20 02:55:00+01:00,Short,Canal Exit,92.52,2.0,winner,22190.75,22167.25,44.25,3.5,33.25,0.07909604519774012,0.751412429378531,5,0,2,0.08562126111104852,0.08562126111104852,28.494425380759843,-1.6707489947654306,0.829206180480811,1,3.435332757260767,5,MNQ_v5
2025-02-20 08:59:00+01:00,2025-02-20 09:27:00+01:00,Short,Stop Loss,-236.18,7.0,loser,22156.5,22173.0,16.5,27.0,2.25,1.6363636363636365,0.13636363636363635,4,1,8,0.03159343759167739,0.04174847110328797,19.691927429795378,-7.749747019918139,-13.276271284160575,1,3.6226821799209574,1,MNQ_v5
2025-02-20 12:57:00+01:00,2025-02-20 13:11:00+01:00,Long,Stop Loss,-214.96,4.0,loser,22201.25,22174.75,26.5,27.5,1.25,1.0377358490566038,0.04716981132075472,2,1,12,0.027025505320646362,0.09796745678734306,-42.09399368464864,4.503639452564604,1.0998751249533416,0,8.773617138016562,2,MNQ_v5
2025-02-20 15:38:00+01:00,2025-02-20 16:06:00+01:00,Short,Canal Exit,297.26,1.0,winner,22166.25,22017.25,60.75,7.5,215.5,0.12345679012345678,3.5473251028806585,4,0,15,0.09135510065978683,0.2030113347995263,35.88576314850002,-3.4090375680526135,-12.24034119392247,1,2.8162797967597726,4,MNQ_v5
2025-02-21 09:48:00+01:00,2025-02-21 10:30:00+01:00,Long,Canal Exit,48.52,2.0,winner,22150.75,22163.25,46.5,9.75,14.25,0.20967741935483872,0.3064516129032258,6,0,9,0.006771779736577768,0.05756012776091103,-23.53763530326141,27.81544347837335,-6.421304445855405,0,4.3626095993531635,3,MNQ_v5
2025-02-21 13:04:00+01:00,2025-02-21 13:39:00+01:00,Long,Canal Exit,381.3,5.0,winner,22175.0,22213.5,22.75,3.0,44.75,0.13186813186813187,1.967032967032967,5,1,13,0.020293122886133032,0.048478015783540024,-8.804998424901367,9.815423329201723,6.95474183863834,0,2.195231199162663,5,MNQ_v5
2025-02-24 03:23:00+01:00,2025-02-24 04:40:00+01:00,Long,Canal Exit,32.52,2.0,winner,21774.75,21783.25,41.75,9.25,13.5,0.2215568862275449,0.32335329341317365,11,0,3,0.001148118807334183,0.01607366330267856,-21.83851911774166,33.481170215981685,10.201149187447255,1,0.8282451701234095,3,MNQ_v5
2025-02-24 10:51:00+01:00,2025-02-24 12:43:00+01:00,Short,Canal Exit,45.78,3.0,winner,21778.75,21770.75,34.25,9.0,31.75,0.26277372262773724,0.927007299270073,16,1,10,0.027549790506801355,0.04706422544911898,41.45867451235035,-11.299016630616878,-4.098768712371338,1,12.157220620763837,5,MNQ_v5
2025-02-24 13:04:00+01:00,2025-02-24 13:25:00+01:00,Short,Canal Exit,-80.96,4.0,loser,21758.0,21767.75,29.25,12.0,15.75,0.41025641025641024,0.5384615384615384,3,1,13,0.02872506664215461,0.07468517326960199,37.68184954427785,-23.816726246831895,1.0159651410104138,1,2.45144820051064,3,MNQ_v5
2025-02-24 15:17:00+01:00,2025-02-24 16:06:00+01:00,Short,Canal Exit,1325.28,3.0,winner,21768.25,21547.0,37.5,33.5,331.5,0.8933333333333333,8.84,7,2,15,0.03215692579789372,0.05397769687503588,35.8298829846174,-13.119060777978133,-4.103708757531616,1,3.0003204644817743,7,MNQ_v5
2025-02-25 07:28:00+01:00,2025-02-25 08:03:00+01:00,Short,Canal Exit,133.04,4.0,winner,21417.75,21400.75,27.5,8.5,34.25,0.3090909090909091,1.2454545454545454,5,1,7,0.06886811172975686,0.10038402726710322,18.514969380094556,-8.226798163189388,-6.425332884643241,1,0.8069178753503365,5,MNQ_v5
2025-02-25 10:51:00+01:00,2025-02-25 11:12:00+01:00,Short,Canal Exit,-56.74,1.0,loser,21317.0,21345.0,78.75,28.5,15.0,0.3619047619047619,0.19047619047619047,3,1,10,0.00820941032978374,0.10906788009569827,14.699400770751561,-15.293655858320651,-12.103252642733448,0,1.559796954432386,3,MNQ_v5
2025-02-26 03:30:00+01:00,2025-02-26 05:15:00+01:00,Long,Canal Exit,45.78,3.0,winner,21230.75,21238.75,32.25,2.0,36.0,0.06201550387596899,1.1162790697674418,15,3,3,0.0023550745969878597,0.007065223790963578,-30.997556536974496,11.023326480703085,5.898409301066699,0,2.18649339217518,4,MNQ_v5
2025-02-26 05:43:00+01:00,2025-02-26 06:53:00+01:00,Long,Canal Exit,623.34,9.0,winner,21244.25,21279.25,12.0,1.25,38.5,0.10416666666666667,3.2083333333333335,10,1,5,0.023535780269955398,0.035303670404933096,-36.82704773594375,5.948780540337498,1.3418098233218825,0,5.803188933416095,6,MNQ_v5
2025-02-26 09:06:00+01:00,2025-02-26 09:34:00+01:00,Short,Canal Exit,127.56,6.0,winner,21287.5,21276.5,17.25,1.5,24.25,0.08695652173913043,1.4057971014492754,4,1,9,0.03053435114503817,0.08220786846741045,37.42280482604682,-7.720746781615473,10.841580836151012,1,2.315917358348088,4,MNQ_v5
2025-02-26 09:55:00+01:00,2025-02-26 11:12:00+01:00,Long,Canal Exit,120.78,3.0,winner,21296.5,21317.0,33.25,2.25,31.5,0.06766917293233082,0.9473684210526315,11,1,9,0.03873875989012279,0.10095555607728969,-31.08179709445837,11.274192309294955,0.845834050603768,0,6.54248048653244,5,MNQ_v5
2025-02-26 15:10:00+01:00,2025-02-26 16:06:00+01:00,Short,Stop Loss,-177.24,1.0,loser,21244.25,21332.5,88.25,94.25,55.75,1.0679886685552409,0.6317280453257791,8,0,15,0.15062899372771454,0.16357367287619,30.527691489192065,-36.37919440342665,3.945882700149648,0,5.585258798397263,3,MNQ_v5
2025-02-27 02:20:00+01:00,2025-02-27 03:51:00+01:00,Long,Canal Exit,7.76,1.0,winner,21177.0,21181.25,69.25,21.5,38.5,0.3104693140794224,0.555956678700361,13,2,2,0.04131841148415734,0.16881522406384286,-21.560189811515365,8.811559754201335,-4.779293379903662,0,5.479730370447214,4,MNQ_v5
2025-02-27 04:12:00+01:00,2025-02-27 05:29:00+01:00,Short,Canal Exit,328.8,5.0,winner,21191.0,21157.75,23.75,17.0,44.0,0.7157894736842105,1.8526315789473684,11,3,4,0.015336699542258506,0.05662781369449295,24.4463555348566,-12.589828187445198,-9.815858761437804,0,1.1121865112436353,2,MNQ_v5
2025-02-27 05:50:00+01:00,2025-02-27 07:21:00+01:00,Long,Canal Exit,1193.8,5.0,winner,21168.5,21288.25,21.5,3.5,122.5,0.16279069767441862,5.6976744186046515,13,1,5,0.0011810000708600043,0.018896001133760068,-39.23663843095606,12.482248427767146,-0.8152902808276892,0,5.9743099810002604,5,MNQ_v5
2025-02-27 09:41:00+01:00,2025-02-27 14:35:00+01:00,Long,Canal Exit,97.26,1.0,winner,21314.25,21363.25,64.25,22.0,72.25,0.3424124513618677,1.1245136186770428,42,1,9,0.021112635912593686,0.1102548764324337,-27.901190497885523,17.752303020698147,13.026718171106731,0,14.883020215311262,3,MNQ_v5
2025-02-27 15:45:00+01:00,2025-02-27 16:13:00+01:00,Short,Canal Exit,159.26,1.0,winner,21166.5,21086.5,214.5,9.0,270.0,0.04195804195804196,1.2587412587412588,4,1,15,0.12401672454113813,0.8551248435027048,22.241400094688068,-6.1549984945031095,-3.3862972804807976,0,8.956289491674397,4,MNQ_v5
2025-02-27 18:12:00+01:00,2025-02-27 18:19:00+01:00,Short,Canal Exit,-60.74,1.0,loser,20982.75,21012.75,167.0,41.0,26.5,0.24550898203592814,0.15868263473053892,1,0,18,0.16799513886406692,0.18824987191859982,5.663276466970844,-36.168075157082605,-13.572233522085819,0,5.115615214715945,1,MNQ_v5
2025-02-28 05:01:00+01:00,2025-02-28 05:43:00+01:00,Long,Canal Exit,234.52,2.0,winner,20572.75,20631.75,56.25,26.5,69.0,0.4711111111111111,1.2266666666666666,6,0,5,0.07412718280249359,0.0911399788555249,-30.802854668138984,4.58207519363648,-13.447422479336137,0,4.242734579172975,6,MNQ_v5
2025-02-28 08:59:00+01:00,2025-02-28 09:34:00+01:00,Long,Canal Exit,90.26,1.0,winner,20622.0,20667.5,69.0,10.0,59.0,0.14492753623188406,0.855072463768116,5,3,8,0.01939676074095626,0.06303947240810785,-33.74804756706595,32.23988142735051,-3.568480576309472,1,5.507806311943568,3,MNQ_v5
2025-02-28 15:24:00+01:00,2025-02-28 16:06:00+01:00,Short,Stop Loss,-226.24,1.0,loser,20552.0,20664.75,112.75,123.75,91.75,1.0975609756097562,0.8137472283813747,6,0,15,0.22017321915142077,0.3077559361619307,6.788826882919223,-19.389569858976607,-5.861577649159353,1,4.360200519549835,1,MNQ_v5
2025-02-28 19:43:00+01:00,2025-02-28 21:07:00+01:00,Long,Canal Exit,225.76,1.0,winner,20629.25,20742.5,145.5,92.0,137.25,0.6323024054982818,0.9432989690721649,12,3,19,0.05574608868475587,0.06301731764363706,-37.31848576071057,14.215967085083552,-4.982112717885783,0,17.117243399261497,2,MNQ_v5
2025-03-03 08:59:00+01:00,2025-03-03 09:20:00+01:00,Long,Stop Loss,-198.48,2.0,loser,20972.5,20923.25,49.25,84.25,17.5,1.7106598984771573,0.3553299492385787,3,2,8,0.050065562045535826,0.09178686375014901,-28.927778093509836,9.426964055840713,8.810881770188221,0,10.160138778410328,2,MNQ_v5
2025-03-03 14:56:00+01:00,2025-03-03 15:24:00+01:00,Long,Stop Loss,-165.48,2.0,loser,21073.75,21032.75,41.0,50.75,25.25,1.2378048780487805,0.6158536585365854,4,0,14,0.04745239931194021,0.09015955869268641,-29.131480966845416,6.01799246068726,7.959953274499327,0,10.775672265030153,4,MNQ_v5
2025-03-03 18:47:00+01:00,2025-03-03 20:32:00+01:00,Short,Canal Exit,264.76,1.0,winner,20889.25,20756.5,95.75,0.75,236.5,0.007832898172323759,2.4699738903394257,15,2,18,0.08257835968261186,0.22978326172552868,23.657396214776284,-0.3106027654894064,-5.654317050008594,1,15.476929613978427,5,MNQ_v5
2025-03-03 20:53:00+01:00,2025-03-03 21:28:00+01:00,Short,Canal Exit,438.26,1.0,winner,20603.25,20383.75,216.5,2.75,242.0,0.012702078521939953,1.117782909930716,5,0,20,0.17958331816582335,0.8105517333430406,19.018538028658355,-14.470476454494412,-6.751457605751578,1,27.87890977461211,5,MNQ_v5
2025-03-04 10:30:00+01:00,2025-03-04 11:26:00+01:00,Short,Canal Exit,178.52,2.0,winner,20509.75,20464.75,57.0,26.25,66.25,0.4605263157894737,1.162280701754386,8,0,10,0.11701751605943515,0.19259132851448701,30.854255807805107,-10.947984961994722,-3.8860568881383304,1,2.7308929191276547,5,MNQ_v5
2025-03-04 13:11:00+01:00,2025-03-04 13:32:00+01:00,Short,Canal Exit,68.76,1.0,winner,20394.5,20359.75,99.5,4.25,88.0,0.04271356783919598,0.8844221105527639,3,0,13,0.2476157787638824,0.3187133786069774,0.10131418336993203,-20.4193269842433,0.2642430972107123,0,0.15752485491975676,3,MNQ_v5
2025-03-04 15:45:00+01:00,2025-03-04 16:27:00+01:00,Short,Canal Exit,160.26,1.0,winner,20315.25,20234.75,114.75,33.5,239.5,0.29193899782135074,2.0871459694989105,6,1,15,0.07752796544467826,0.41963549550214735,42.85890854457685,-2.368302783672558,-6.221698993442311,1,19.95745389116928,6,MNQ_v5
2025-03-05 09:13:00+01:00,2025-03-05 10:16:00+01:00,Long,Canal Exit,67.52,2.0,winner,20570.75,20588.0,57.75,45.75,38.5,0.7922077922077922,0.6666666666666666,9,0,9,0.14826877969933036,0.18108236209180512,-8.768939094518934,3.2690788015007377,-4.427241890692256,0,3.9260819716073456,3,MNQ_v5
2025-03-05 16:55:00+01:00,2025-03-05 17:51:00+01:00,Short,Canal Exit,74.76,1.0,winner,20354.75,20317.0,142.0,25.25,139.75,0.17781690140845072,0.9841549295774648,8,0,16,0.2959997052285093,0.38811579606725705,-1.4899334864428604,-1.101056779723427,-9.531354055016834,1,8.837577086647798,8,MNQ_v5
2025-03-06 07:28:00+01:00,2025-03-06 08:10:00+01:00,Long,Canal Exit,-92.22,3.0,loser,20632.0,20617.0,35.5,18.0,10.5,0.5070422535211268,0.29577464788732394,6,0,7,0.02544590926715781,0.05573865839472664,-43.54682051884948,14.547120925243942,3.626902806376606,0,7.898676620352489,3,MNQ_v5
2025-03-06 16:06:00+01:00,2025-03-06 16:41:00+01:00,Long,Canal Exit,135.76,1.0,winner,20405.75,20474.0,177.5,14.75,107.5,0.08309859154929577,0.6056338028169014,5,0,16,0.17152028227337884,0.6125724366906387,-22.816884084513653,14.115293854450147,-2.740366933949261,0,2.243810133826628,5,MNQ_v5
2025-03-06 21:28:00+01:00,2025-03-06 21:56:00+01:00,Short,Auto-Close (profit),10.26,1.0,winner,20099.5,20094.0,108.25,41.5,58.75,0.3833718244803695,0.5427251732101617,4,1,21,0.047264857334759575,0.14428219607452922,11.340799900667953,-4.068689095094625,-19.159256730696093,1,31.913375535405066,3,MNQ_v5
2025-03-07 02:13:00+01:00,2025-03-07 02:27:00+01:00,Long,Canal Exit,-38.74,1.0,loser,20206.75,20187.75,65.5,23.0,0.25,0.3511450381679389,0.003816793893129771,2,0,2,0.003711631014388756,0.11382335110792187,-28.344556923975876,25.62616618341056,1.025951387636947,1,2.73596761834051,2,MNQ_v5
2025-03-07 15:17:00+01:00,2025-03-07 15:52:00+01:00,Short,Stop Loss,-291.74,1.0,loser,20071.5,20217.0,145.5,163.25,47.25,1.1219931271477663,0.3247422680412371,5,0,15,0.0024910943377425706,0.008718830182098996,0.38437317965367035,-28.53369467738062,1.5809614659660929,0,7.480148329173971,2,MNQ_v5
2025-03-07 16:34:00+01:00,2025-03-07 16:48:00+01:00,Short,Canal Exit,-238.24,1.0,loser,19909.25,20028.0,283.75,176.75,21.75,0.6229074889867842,0.07665198237885462,2,2,16,0.2674636161583184,0.881499805366852,18.871986912868447,-31.995993966094552,11.478015698185724,0,9.000009143484931,2,MNQ_v5
2025-03-10 06:28:00+01:00,2025-03-10 06:49:00+01:00,Long,Stop Loss,-198.96,4.0,loser,20115.25,20090.75,24.5,37.25,6.75,1.5204081632653061,0.2755102040816326,3,3,7,0.06959893613054773,0.13671219597071874,-40.32502132361661,9.558354955623852,2.453962319630452,0,8.84399771731114,2,MNQ_v5
2025-03-10 14:03:00+01:00,2025-03-10 14:24:00+01:00,Long,Stop Loss,-230.22,3.0,loser,19898.5,19860.5,38.0,50.5,45.0,1.3289473684210527,1.1842105263157894,3,1,15,0.04020403548006131,0.04146041158881322,-37.09038662068241,1.2013620147335282,-11.976004991929825,0,9.58401541744388,3,MNQ_v5
2025-03-10 14:45:00+01:00,2025-03-10 15:27:00+01:00,Short,Canal Exit,299.26,1.0,winner,19802.5,19652.5,141.0,25.0,180.75,0.1773049645390071,1.2819148936170213,6,0,15,0.4039893952783739,0.6564827673273577,7.404291999304004,-17.76354431285135,-15.314267362281983,1,3.8787509539470193,6,MNQ_v5
2025-03-10 17:19:00+01:00,2025-03-10 20:49:00+01:00,Short,Canal Exit,186.26,1.0,winner,19563.75,19470.25,139.0,75.75,292.0,0.5449640287769785,2.1007194244604315,30,0,18,0.08178391157114562,0.28624369049900966,20.79013504622765,-34.92819073468563,-22.327034360169716,1,17.9233490521583,1,MNQ_v5
2025-03-11 00:59:00+01:00,2025-03-11 01:48:00+01:00,Long,Stop Loss,-176.74,1.0,loser,19316.75,19228.75,88.0,149.75,5.5,1.7017045454545454,0.0625,7,2,1,0.04918011570269326,0.094477590692016,-42.053504333320305,0.28072806575911424,13.756293059468694,0,23.630817671357363,3,MNQ_v5
2025-03-11 15:27:00+01:00,2025-03-11 15:41:00+01:00,Short,Canal Exit,40.76,1.0,winner,19354.25,19333.5,259.25,15.75,89.0,0.06075216972034716,0.343297974927676,2,1,16,0.018083883384786285,0.5115155585982407,28.727018417541487,-30.19696007057613,5.9640513174620935,0,10.833088167790265,2,MNQ_v5
2025-03-11 16:09:00+01:00,2025-03-11 16:44:00+01:00,Long,Canal Exit,21.76,1.0,winner,19489.0,19500.25,223.75,77.25,55.75,0.3452513966480447,0.24916201117318434,5,2,17,0.29888655138796244,0.7029606444661091,-36.958795699896264,12.154105041036228,-10.01009339109785,0,25.322179791117378,5,MNQ_v5
2025-03-11 17:05:00+01:00,2025-03-11 18:29:00+01:00,Short,Canal Exit,283.26,1.0,winner,19360.5,19218.5,184.25,73.0,159.5,0.39620081411126185,0.8656716417910447,12,1,18,0.2815009942925028,0.5978667906304073,34.273766932173245,-4.741351042299759,-7.1007185379187465,1,39.135980904517055,4,MNQ_v5
2025-03-12 01:48:00+01:00,2025-03-12 03:19:00+01:00,Short,Canal Exit,-106.48,2.0,loser,19456.25,19482.5,44.0,36.25,13.75,0.8238636363636364,0.3125,13,2,2,0.03597815611949887,0.04625762929649855,28.17496459501129,-13.833812883786896,-4.677875805789711,1,2.4114500160649186,3,MNQ_v5
2025-03-12 03:40:00+01:00,2025-03-12 05:04:00+01:00,Short,Canal Exit,139.04,4.0,winner,19464.25,19446.5,28.25,6.75,29.25,0.23893805309734514,1.0353982300884956,12,1,4,0.001284406026433076,0.06807351940095302,34.791914988295055,-9.32401154020705,-4.1243138745317305,1,3.514746256194485,3,MNQ_v5
2025-03-12 08:41:00+01:00,2025-03-12 09:09:00+01:00,Long,Canal Exit,33.26,1.0,winner,19451.0,19468.0,64.0,1.0,53.0,0.015625,0.828125,4,2,9,0.07968741966993985,0.12981337720425684,-30.940366565723025,18.05523674138235,-3.7132372841723176,0,6.9130166874601855,4,MNQ_v5
2025-03-12 12:04:00+01:00,2025-03-12 12:32:00+01:00,Long,Canal Exit,105.52,2.0,winner,19569.75,19596.5,45.5,2.5,38.25,0.054945054945054944,0.8406593406593407,4,0,13,0.005109927311283997,0.07664890966925995,-26.973960858748956,34.20317461339181,8.642951063523865,0,2.626657664870436,4,MNQ_v5
2025-03-12 18:01:00+01:00,2025-03-12 20:00:00+01:00,Short,Canal Exit,-80.74,1.0,loser,19608.0,19648.0,119.75,111.75,76.75,0.9331941544885177,0.6409185803757829,17,2,19,0.14662382700938392,0.28177274581803347,36.58667903047689,-17.08167292125425,-1.5916041603435929,1,9.87292993189476,2,MNQ_v5
2025-03-12 20:35:00+01:00,2025-03-12 20:49:00+01:00,Short,Canal Exit,-117.24,1.0,loser,19571.75,19630.0,134.5,77.0,18.0,0.5724907063197026,0.13382899628252787,2,1,21,0.2490835004534597,0.2899587415535146,34.84761796169796,-25.99589144944415,10.641599087591876,1,1.1010657814258593,2,MNQ_v5
2025-03-13 03:12:00+01:00,2025-03-13 03:26:00+01:00,Long,Stop Loss,-216.2,5.0,loser,19628.25,19607.0,21.25,25.5,1.25,1.2,0.058823529411764705,2,3,4,0.04203125597034886,0.049673302510412284,-21.944168623012406,7.513020725827953,-2.9968406399920062,0,1.8809640421313816,1,MNQ_v5
2025-03-13 14:45:00+01:00,2025-03-13 18:22:00+01:00,Short,Canal Exit,469.76,1.0,winner,19459.25,19224.0,131.25,111.25,280.75,0.8476190476190476,2.139047619047619,31,0,15,0.06680627465087298,0.3789971350386063,21.55771989480491,-24.701326815584924,-8.75971557393977,0,3.2564285853804904,3,MNQ_v5
2025-03-13 19:04:00+01:00,2025-03-13 19:39:00+01:00,Long,Canal Exit,156.26,1.0,winner,19279.0,19357.5,113.5,9.25,96.75,0.08149779735682819,0.8524229074889867,5,1,20,0.14264225322890192,0.35530888531562843,-34.85017078342206,9.186667871055084,-16.225286141131075,0,5.087752544408431,5,MNQ_v5
2025-03-14 01:34:00+01:00,2025-03-14 01:48:00+01:00,Long,Canal Exit,-4.74,1.0,loser,19418.25,19416.25,83.75,12.5,7.25,0.14925373134328357,0.08656716417910448,2,0,2,0.08368416309399662,0.17766791549186978,-18.844851603011396,38.939929893796524,6.851453689908893,1,1.4174748814693885,2,MNQ_v5
2025-03-14 02:51:00+01:00,2025-03-14 09:44:00+01:00,Long,Canal Exit,35.76,1.0,winner,19408.0,19426.25,73.5,38.0,51.25,0.5170068027210885,0.6972789115646258,59,0,3,0.03220321516900247,0.08759274525968673,-1.0274991521798675,6.558469905639318,13.796556445031838,0,5.791909933621355,1,MNQ_v5
2025-03-14 11:57:00+01:00,2025-03-14 12:18:00+01:00,Long,Canal Exit,-46.74,1.0,loser,19459.75,19436.75,61.0,35.5,9.5,0.5819672131147541,0.1557377049180328,3,0,12,0.024409357776949858,0.1117691645576125,-29.631102809320385,11.510956803266676,-4.7966215645681505,0,4.855854555135011,3,MNQ_v5
2025-03-14 14:38:00+01:00,2025-03-14 14:59:00+01:00,Long,Stop Loss,-294.24,1.0,loser,19577.0,19430.25,146.75,150.75,43.75,1.0272572402044293,0.2981260647359455,3,0,15,0.09705266384022067,0.6576594983909689,-30.988461149857145,7.874370649684696,-2.4000213994703636,0,6.381213965541974,3,MNQ_v5
2025-03-14 15:48:00+01:00,2025-03-14 16:23:00+01:00,Long,Canal Exit,167.26,1.0,winner,19560.75,19644.75,134.5,18.5,104.25,0.137546468401487,0.775092936802974,5,0,16,0.0025561392073412317,0.05751313216517771,-18.067129684827684,11.801477346781384,13.407787754711796,0,22.218837676271505,5,MNQ_v5
2025-03-14 18:01:00+01:00,2025-03-14 20:56:00+01:00,Long,Auto-Close (profit),44.26,1.0,winner,19682.75,19705.25,78.75,70.5,60.0,0.8952380952380953,0.7619047619047619,25,0,19,0.06477753362716084,0.10923270376344768,-23.53360839558716,32.053401434838555,18.34144331425828,0,12.31150437969336,2,MNQ_v5
2025-03-17 05:18:00+01:00,2025-03-17 05:25:00+01:00,Long,Canal Exit,-133.44,6.0,loser,19601.5,19590.75,17.5,11.5,0.0,0.6571428571428571,0.0,1,0,6,0.01147871336377318,0.05229191643496671,-15.595380918505771,5.822652412233905,-0.5949990147362426,1,0.9524528398978873,1,MNQ_v5
2025-03-17 06:00:00+01:00,2025-03-17 06:56:00+01:00,Short,Canal Exit,-85.68,7.0,loser,19589.5,19595.25,17.0,12.5,3.75,0.7352941176470589,0.22058823529411764,8,0,7,0.03190484698435386,0.051047755174966174,14.506491020935844,-3.2272988917639887,-2.5077546613142596,1,2.402859688423632,3,MNQ_v5
2025-03-17 14:24:00+01:00,2025-03-17 14:31:00+01:00,Short,Stop Loss,-155.24,1.0,loser,19689.25,19766.5,77.25,116.25,5.25,1.5048543689320388,0.06796116504854369,1,1,15,0.10030854400243788,0.18538034714374596,38.61461305578415,-15.326345419958239,15.86206161006854,1,5.7863600226774,1,MNQ_v5
2025-03-17 14:52:00+01:00,2025-03-17 15:06:00+01:00,Long,Canal Exit,0.76,1.0,winner,19786.75,19787.5,102.75,65.75,20.25,0.6399026763990268,0.19708029197080293,2,2,15,0.04674845540576396,0.21731714404841623,-15.036447800376873,12.944555618309295,12.955559529631829,1,2.045738939763396,2,MNQ_v5
2025-03-17 15:27:00+01:00,2025-03-17 15:41:00+01:00,Short,Canal Exit,-44.24,1.0,loser,19722.25,19744.0,97.75,37.25,46.25,0.38107416879795397,0.4731457800511509,2,0,16,0.19901380420590956,0.3447882467771172,13.75463185474327,-7.887658682726527,9.203738354070028,0,0.11709460666315863,2,MNQ_v5
2025-03-18 03:33:00+01:00,2025-03-18 04:01:00+01:00,Long,Stop Loss,-233.7,5.0,loser,19976.5,19953.5,23.0,28.75,0.75,1.25,0.03260869565217391,4,0,4,0.055064701023702846,0.07133381723525142,-40.94075746946403,8.61889013411454,-8.874769567530361,0,15.93043748398486,4,MNQ_v5
2025-03-18 23:49:00+01:00,2025-03-19 00:38:00+01:00,Long,Canal Exit,-44.48,2.0,loser,19720.25,19709.5,53.5,34.75,1.25,0.6495327102803738,0.02336448598130841,7,3,0,0.06085115553808902,0.14705695921704848,-44.65370969707909,14.934703501841774,6.97998849852659,0,3.4745853675340186,3,MNQ_v5
2025-03-19 04:29:00+01:00,2025-03-19 05:04:00+01:00,Long,Stop Loss,-240.66,9.0,loser,19766.5,19753.5,13.0,18.25,0.75,1.4038461538461537,0.057692307692307696,5,3,5,0.01644195988161789,0.02529532289479675,-17.358697224256165,0.5481749702263972,15.404533586007476,0,4.414026495105645,1,MNQ_v5
2025-03-19 09:16:00+01:00,2025-03-19 09:51:00+01:00,Long,Canal Exit,63.52,2.0,winner,19707.0,19723.25,48.25,4.0,39.25,0.08290155440414508,0.8134715025906736,5,2,10,0.058354899274369515,0.12305272238290962,-22.67589413190053,6.215337605517598,-8.897703783009879,0,7.885294397994585,5,MNQ_v5
2025-03-19 14:03:00+01:00,2025-03-19 14:38:00+01:00,Long,Stop Loss,-223.7,5.0,loser,19764.5,19742.5,22.0,54.5,50.5,2.477272727272727,2.2954545454545454,5,3,15,0.005059576513445825,0.008854258898530193,-24.690188627870647,4.436661230829793,0.27445456020495634,0,6.021518558394746,4,MNQ_v5
2025-03-19 23:07:00+01:00,2025-03-20 02:58:00+01:00,Long,Canal Exit,210.52,2.0,winner,19985.25,20038.25,45.0,3.25,72.75,0.07222222222222222,1.6166666666666667,33,3,0,0.12008856531692123,0.1576162419784591,-28.231296803641875,2.8713620982362444,8.567565651795572,0,6.336005674231274,5,MNQ_v5
2025-03-20 05:25:00+01:00,2025-03-20 07:24:00+01:00,Long,Stop Loss,-221.2,5.0,loser,20088.0,20066.25,21.75,30.75,1.75,1.4137931034482758,0.08045977011494253,17,0,6,0.004978096375945838,0.03111310234966149,-18.61461643901686,0.5026601068128691,12.903884778566363,0,6.545252951676957,2,MNQ_v5
2025-03-21 00:52:00+01:00,2025-03-21 01:20:00+01:00,Long,Canal Exit,126.78,3.0,winner,19885.75,19907.25,38.25,5.75,39.0,0.1503267973856209,1.0196078431372548,4,0,1,0.04903008435688873,0.08171680726148121,-45.04954413521595,12.951310586216003,14.541067206767618,0,7.025320358603494,4,MNQ_v5
2025-03-21 02:09:00+01:00,2025-03-21 02:30:00+01:00,Short,Stop Loss,-223.44,6.0,loser,19909.5,19927.75,18.25,21.5,10.75,1.178082191780822,0.589041095890411,3,3,3,0.015068183530475402,0.035159094904442606,50.9467347252602,-5.733752353103101,8.375761097910411,1,2.161804424271395,1,MNQ_v5
2025-03-21 08:27:00+01:00,2025-03-21 09:16:00+01:00,Short,Canal Exit,260.52,2.0,winner,19853.75,19788.25,43.25,19.0,68.75,0.4393063583815029,1.5895953757225434,7,2,9,0.015110495498331548,0.06296039790971479,39.628692143552115,-19.142336126218893,-7.443093459061902,1,7.566245900052309,3,MNQ_v5
2025-03-21 17:19:00+01:00,2025-03-21 20:56:00+01:00,Long,Auto-Close (profit),191.76,1.0,winner,19856.5,19952.75,181.5,55.5,116.75,0.30578512396694213,0.6432506887052342,31,0,18,0.112053987359303,0.401631707501322,-35.770147334056546,37.72494572713277,3.5198706242885955,1,5.064841595725738,3,MNQ_v5
2025-03-24 14:31:00+01:00,2025-03-24 14:38:00+01:00,Short,Stop Loss,-213.7,5.0,loser,20266.0,20287.0,21.0,27.0,1.25,1.2857142857142858,0.05952380952380952,1,1,15,0.12459291424060003,0.2713905062666535,30.77870496430851,-8.15769308533808,10.109632718627195,0,1.764368827571161,2,MNQ_v5
2025-03-24 14:59:00+01:00,2025-03-24 15:27:00+01:00,Long,Canal Exit,21.76,1.0,winner,20314.75,20326.0,86.0,40.25,37.5,0.4680232558139535,0.436046511627907,4,2,15,0.0430721520077776,0.07014607612695209,-18.09035686725558,16.03262045252935,3.7584238495953772,1,0.28676951907982584,4,MNQ_v5
2025-03-24 17:12:00+01:00,2025-03-24 17:26:00+01:00,Long,Stop Loss,-188.22,3.0,loser,20360.0,20329.0,31.0,36.0,15.0,1.1612903225806452,0.4838709677419355,2,0,18,0.03315324165029469,0.05648330058939097,-13.336248923821833,10.253780780883957,5.716151027346366,0,10.765549937583273,2,MNQ_v5
2025-03-25 02:58:00+01:00,2025-03-25 04:15:00+01:00,Short,Canal Exit,143.8,5.0,winner,20351.5,20336.75,23.5,2.5,18.75,0.10638297872340426,0.7978723404255319,11,2,3,0.05527848070166819,0.07616146230007616,25.355998084253606,-9.806567212022248,-4.191009246147602,1,1.8005690409918316,4,MNQ_v5
2025-03-25 16:37:00+01:00,2025-03-25 17:05:00+01:00,Short,Canal Exit,53.28,3.0,winner,20463.0,20453.75,33.5,3.75,30.75,0.11194029850746269,0.917910447761194,4,1,17,0.03054293114401603,0.1246151590675854,39.89320252580627,-12.384528467291029,4.706001408667595,1,2.0834119257342536,4,MNQ_v5
2025-03-26 00:24:00+01:00,2025-03-26 02:44:00+01:00,Long,Stop Loss,-241.36,14.0,loser,20514.0,20505.75,8.25,9.0,22.75,1.0909090909090908,2.757575757575758,20,0,1,0.0036560397777127816,0.004874719703617042,-21.355491071541465,31.26411538070576,28.302632191262564,0,3.6291000235141837,4,MNQ_v5
2025-03-26 06:35:00+01:00,2025-03-26 08:20:00+01:00,Short,Canal Exit,-155.68,7.0,loser,20477.5,20488.25,17.0,12.25,24.5,0.7205882352941176,1.4411764705882353,15,2,7,0.01098766939323648,0.023196190941277013,47.019240307181164,-3.153654452519697,-14.894748258838806,1,4.491149273060728,5,MNQ_v5
2025-03-27 16:23:00+01:00,2025-03-27 17:40:00+01:00,Short,Canal Exit,107.26,1.0,winner,20134.0,20080.0,65.0,21.75,95.0,0.3346153846153846,1.4615384615384615,11,3,17,0.050908910300983407,0.0980927783848217,40.68144494095493,-3.02408375447279,2.210157172182425,1,18.874374537619587,5,MNQ_v5
2025-03-28 00:10:00+01:00,2025-03-28 00:31:00+01:00,Short,Canal Exit,10.76,1.0,winner,19961.25,19955.5,60.0,12.25,8.0,0.20416666666666666,0.13333333333333333,3,0,1,0.0025048531529839064,0.12399023107270338,-3.624005495884873,-30.043893612065176,-12.86153740049422,1,1.9866408880261588,3,MNQ_v5
2025-03-28 05:46:00+01:00,2025-03-28 06:35:00+01:00,Long,Stop Loss,-231.66,9.0,loser,19979.0,19966.5,12.5,13.0,10.0,1.04,0.8,7,1,6,0.017518394314029732,0.0287802192301917,-20.67647604799415,3.4126896941509064,-2.751689680227576,0,0.8783321577502647,4,MNQ_v5
2025-03-28 14:17:00+01:00,2025-03-28 14:31:00+01:00,Long,Stop Loss,-190.24,1.0,loser,19946.75,19852.0,94.75,107.25,3.0,1.1319261213720317,0.0316622691292876,2,1,15,0.026320077205559806,0.2481607279381353,-36.25347721799066,2.796097949565931,-5.986557641891637,0,11.474141974031227,3,MNQ_v5
2025-03-31 00:56:00+02:00,2025-03-31 01:17:00+02:00,Long,Stop Loss,-182.22,3.0,loser,19302.75,19272.75,30.0,31.5,8.25,1.05,0.275,3,2,0,0.047920633070417426,0.06346246001217443,-41.40470632330572,0.7026895844091612,-0.6294359108210058,0,0.8306126939423848,1,MNQ_v5
2025-03-31 09:20:00+02:00,2025-03-31 10:02:00+02:00,Long,Canal Exit,17.52,2.0,winner,19236.75,19241.5,43.25,26.5,35.5,0.6127167630057804,0.8208092485549133,6,1,9,0.0987692827530638,0.1481539241295957,-29.831488276600687,8.317013369083242,0.8606558070495609,0,1.2084694830627996,6,MNQ_v5
2025-03-31 13:11:00+02:00,2025-03-31 13:39:00+02:00,Short,Canal Exit,162.52,2.0,winner,19190.5,19149.5,41.25,0.5,72.25,0.012121212121212121,1.7515151515151515,4,0,13,0.06383366770016415,0.20843646595971962,26.34515859317566,-6.243336633628688,-0.5624229508470405,1,3.5324423369020224,4,MNQ_v5
2025-03-31 15:31:00+02:00,2025-03-31 15:52:00+02:00,Short,Canal Exit,-62.74,1.0,loser,19060.75,19091.75,176.0,66.75,84.0,0.37926136363636365,0.4772727272727273,3,3,15,0.5718557769237831,0.7017037629684036,38.0298682569326,-26.36389982064205,-0.6023943603581553,1,0.5599566495802719,3,MNQ_v5
2025-03-31 20:04:00+02:00,2025-03-31 20:39:00+02:00,Long,Canal Exit,5.26,1.0,winner,19354.25,19357.25,148.25,37.75,57.5,0.25463743676222594,0.38785834738617203,5,0,20,0.36555278556389426,0.6226022708190708,-20.668506158442316,6.975020753270158,10.690116400240896,0,11.295149845886044,5,MNQ_v5
2025-04-01 07:00:00+02:00,2025-04-01 07:28:00+02:00,Long,Canal Exit,-18.48,2.0,loser,19384.75,19380.5,50.0,9.75,15.0,0.195,0.3,4,0,7,0.09543584518758302,0.10833258102374288,-29.965994665046843,29.882222803506107,5.040222879962632,1,1.6703991637041327,4,MNQ_v5
2025-04-01 10:30:00+02:00,2025-04-01 10:51:00+02:00,Long,Canal Exit,36.76,1.0,winner,19450.0,19468.75,68.25,9.75,23.25,0.14285714285714285,0.34065934065934067,3,0,10,0.016709511568123392,0.08226221079691518,-35.41668289416843,37.054362581820214,5.970318797397732,0,6.362753592286026,3,MNQ_v5
2025-04-01 15:38:00+02:00,2025-04-01 15:45:00+02:00,Short,Stop Loss,-195.72,3.0,loser,19400.75,19433.0,32.25,61.5,10.5,1.9069767441860466,0.32558139534883723,1,1,15,0.2989575145290775,0.3466360836565597,29.85268442005239,-8.132969597619047,-5.943982305116777,1,7.052429725481488,1,MNQ_v5
2025-04-01 16:48:00+02:00,2025-04-01 17:16:00+02:00,Long,Canal Exit,199.26,1.0,winner,19493.5,19593.5,232.25,22.25,106.75,0.09580193756727665,0.4596340150699677,4,0,16,0.19750173134634622,0.411675686767384,-23.12763897209456,23.70133457059226,-3.838191181072323,0,6.142390093875292,4,MNQ_v5
2025-04-03 16:08:00+02:00,2025-04-03 17:04:00+02:00,Short,Canal Exit,290.26,1.0,winner,18904.0,18758.5,170.0,54.0,183.75,0.3176470588235294,1.0808823529411764,8,0,16,0.15472915785019042,0.3967414303851037,34.41495955270749,-0.5438139458088259,-4.129887609809371,1,48.6709358637745,8,MNQ_v5
2025-04-03 18:49:00+02:00,2025-04-03 20:27:00+02:00,Short,Canal Exit,150.26,1.0,winner,18868.75,18793.25,119.5,49.75,114.0,0.41631799163179917,0.9539748953974896,14,3,18,0.3100364359059291,0.3378602186154356,30.425549694567543,-6.019908495151731,-0.9667982217933299,1,23.19089465950674,6,MNQ_v5
2025-04-03 20:48:00+02:00,2025-04-03 21:16:00+02:00,Long,Stop Loss,-171.24,1.0,loser,18840.0,18754.75,85.25,115.5,26.25,1.3548387096774193,0.30791788856304986,4,2,20,0.035828025477707005,0.11411889596602973,-46.02120650792962,9.392346692182628,3.8575928188949655,0,6.409677919436945,3,MNQ_v5
2025-04-04 18:05:00+02:00,2025-04-04 19:08:00+02:00,Short,Canal Exit,506.26,1.0,winner,17927.0,17673.5,220.0,30.0,268.0,0.13636363636363635,1.2181818181818183,9,2,18,0.11714174150722373,0.290065264684554,29.320222347823467,-19.05063104531438,1.2781462484397892,1,19.132102204181137,4,MNQ_v5
2025-04-04 19:36:00+02:00,2025-04-04 20:04:00+02:00,Long,Canal Exit,-59.74,1.0,loser,17826.75,17797.25,211.25,61.75,86.25,0.2923076923076923,0.40828402366863903,4,2,19,0.4123017375573226,0.6408907961350219,-26.354782650472963,1.8686416666776193,-1.169109216251016,1,3.6418556898934185,4,MNQ_v5
2025-04-04 21:21:00+02:00,2025-04-04 21:42:00+02:00,Long,Canal Exit,-84.24,1.0,loser,17762.5,17720.75,213.5,72.25,108.5,0.33840749414519905,0.5081967213114754,3,0,21,0.4757213230119634,0.657283603096411,-49.42324778627024,19.327715484417055,0.11120628519128369,0,10.687043511774391,3,MNQ_v5
2025-04-04 22:59:00+02:00,2025-04-07 00:00:00+02:00,Long,Stop Loss,-199.24,1.0,loser,17486.25,17387.0,99.25,936.25,0.0,9.433249370277078,0.0,1,0,22,0.04146114804489241,0.06290656944742298,-42.13854259906961,14.472417838636655,1.3503259550762172,0,30.045934102068713,1,MNQ_v5
2025-04-07 20:39:00+02:00,2025-04-07 21:21:00+02:00,Short,Canal Exit,408.26,1.0,winner,17653.5,17449.0,168.25,74.0,248.25,0.4398216939078752,1.4754829123328381,6,2,20,0.38944118729996885,0.7817146741439374,42.79568002083924,-1.5776857533357302,1.6123763809521279,0,4.117030383778911,6,MNQ_v5
2025-04-08 02:13:00+02:00,2025-04-08 02:41:00+02:00,Long,Canal Exit,-51.74,1.0,loser,17834.5,17809.0,122.25,51.0,4.0,0.4171779141104294,0.032719836400818,4,0,2,0.18223106899548627,0.5803358658779332,0.08856998371644709,17.047279055873204,16.877499348229016,0,9.389958889994887,4,MNQ_v5
2025-04-08 03:02:00+02:00,2025-04-08 03:23:00+02:00,Short,Canal Exit,-62.24,1.0,loser,17704.25,17735.0,134.25,64.25,21.25,0.478584729981378,0.15828677839851024,3,1,3,0.16380247680641652,0.9955236736941695,32.63079720832713,-10.362881297549428,3.724577971065031,0,7.671386538873776,3,MNQ_v5
2025-04-08 03:44:00+02:00,2025-04-08 05:01:00+02:00,Long,Canal Exit,-35.74,1.0,loser,17847.25,17829.75,164.25,44.25,37.75,0.2694063926940639,0.2298325722983257,11,3,3,0.07143957752594939,0.46225608987379,-27.812020901839613,23.722808587605588,-0.8700316719192652,0,16.69240076578717,3,MNQ_v5
2025-04-09 00:00:00+02:00,2025-04-09 06:25:00+02:00,Short,Canal Exit,706.76,1.0,winner,17113.75,16760.0,145.0,90.25,363.75,0.6224137931034482,2.5086206896551726,55,2,0,0.6559053392739757,0.701190563143671,1.1564310577182981,-0.7669796937286698,-13.388240117834942,1,53.09285555349925,6,MNQ_v5
2025-04-09 18:12:00+02:00,2025-04-09 19:50:00+02:00,Long,Canal Exit,2580.26,1.0,winner,17467.0,18757.5,252.5,46.25,1433.0,0.18316831683168316,5.675247524752475,14,0,18,0.33062346138432475,0.9002690788343735,-11.39393266375275,0.5674821337763813,12.051701406864314,0,15.97384993470041,5,MNQ_v5
2025-04-10 12:57:00+02:00,2025-04-10 15:31:00+02:00,Short,Canal Exit,323.76,1.0,winner,18913.75,18751.5,92.25,72.25,180.75,0.7831978319783198,1.9593495934959348,22,3,12,0.12557002180953009,0.3013680523428723,29.45816702199322,-7.182805546962316,-11.572298527194329,1,20.389045922202058,3,MNQ_v5
2025-04-10 15:52:00+02:00,2025-04-10 16:13:00+02:00,Short,Canal Exit,146.26,1.0,winner,18675.0,18601.5,227.5,40.0,111.5,0.17582417582417584,0.4901098901098901,3,1,15,0.48862115127175365,0.6867469879518072,7.255997307514666,-25.385418564748328,-10.144240544922107,0,5.191627392618102,3,MNQ_v5
2025-04-11 01:03:00+02:00,2025-04-11 01:38:00+02:00,Short,Canal Exit,196.76,1.0,winner,18513.0,18414.25,85.5,2.0,131.75,0.023391812865497075,1.54093567251462,5,0,1,0.05131529195700319,0.3092421541619403,33.71333466054766,-2.000735712316251,0.03600460974429609,1,8.34161227207369,5,MNQ_v5
2025-04-11 09:48:00+02:00,2025-04-11 09:55:00+02:00,Long,Stop Loss,-160.24,1.0,loser,18633.75,18554.0,79.75,177.0,7.0,2.219435736677116,0.0877742946708464,1,1,9,0.08318239753136111,0.10330717112765815,-40.11715791188706,1.3386749304721686,2.327421092489346,0,47.58420593151095,1,MNQ_v5
2025-04-11 14:56:00+02:00,2025-04-11 15:24:00+02:00,Short,Canal Exit,120.26,1.0,winner,18511.25,18450.75,157.75,32.25,155.0,0.20443740095087162,0.9825673534072901,4,0,14,0.0189074211628064,0.15396042946856642,29.128178926394597,-15.640735127790576,6.846918007788985,1,20.528332231318927,4,MNQ_v5
2025-04-11 15:45:00+02:00,2025-04-11 16:20:00+02:00,Long,Stop Loss,-384.24,1.0,loser,18545.25,18353.5,191.75,223.0,102.75,1.1629726205997393,0.5358539765319427,5,1,15,0.04448578476968496,0.7980480176864696,-38.66279109865299,1.4808764677030612,-4.001796415991314,0,37.559868897609704,3,MNQ_v5
2025-04-11 21:14:00+02:00,2025-04-11 21:56:00+02:00,Long,Auto-Close (loss),-68.74,1.0,loser,18842.75,18808.75,248.0,64.75,24.25,0.2610887096774194,0.09778225806451613,6,0,21,0.037149566809515595,0.2282044818298815,-6.096160803560558,25.11148878696355,6.568641230532013,0,12.711056963846204,3,MNQ_v5
2025-04-14 00:56:00+02:00,2025-04-14 01:38:00+02:00,Short,Canal Exit,-43.24,1.0,loser,18977.75,18999.0,275.25,76.0,11.25,0.2761126248864669,0.04087193460490463,6,0,0,0.05664528197494434,0.09484791400455797,11.547037438222798,-20.262638573034607,-12.000167869889534,1,15.112418697637622,1,MNQ_v5
2025-04-14 10:37:00+02:00,2025-04-14 11:05:00+02:00,Short,Canal Exit,33.52,2.0,winner,19135.0,19126.25,47.5,11.5,19.75,0.24210526315789474,0.41578947368421054,4,0,10,0.03919519205644108,0.04180820486020381,32.739369093527245,-13.421945904248235,4.710402668068779,1,5.760776399256429,4,MNQ_v5
2025-04-14 16:27:00+02:00,2025-04-14 17:23:00+02:00,Long,Stop Loss,-339.24,1.0,loser,19156.25,18987.0,169.25,199.0,36.75,1.1757754800590843,0.2171344165435746,8,0,16,0.1526916802610114,0.3536704730831974,-25.65053646873722,10.808153536468327,0.08612054003457306,0,30.238209373826976,4,MNQ_v5
2025-04-14 22:59:00+02:00,2025-04-15 02:41:00+02:00,Long,Canal Exit,11.26,1.0,winner,18903.75,18909.75,113.0,94.0,19.25,0.831858407079646,0.17035398230088494,24,1,22,0.026449778483105202,0.043642134497123584,-44.988315762959196,21.73519211318198,-1.3247756567495799,0,19.85481455399713,2,MNQ_v5
2025-04-15 05:22:00+02:00,2025-04-15 05:57:00+02:00,Long,Canal Exit,89.28,3.0,winner,18899.5,18914.75,39.0,1.5,22.25,0.038461538461538464,0.5705128205128205,5,0,5,0.039683589512950077,0.13492420434403027,-35.52819430072823,10.504798457890141,9.42842039620872,0,4.8147273915601545,5,MNQ_v5
2025-04-15 06:39:00+02:00,2025-04-15 07:14:00+02:00,Short,Canal Exit,-26.2,5.0,loser,18912.5,18914.75,20.25,8.25,17.5,0.4074074074074074,0.8641975308641975,5,1,6,0.02247191011235955,0.0806345009914078,46.16913927142319,-1.8911924937214497,5.4306532445849935,1,2.8258869546625647,5,MNQ_v5
2025-04-15 18:05:00+02:00,2025-04-15 18:33:00+02:00,Long,Canal Exit,-38.24,1.0,loser,19057.25,19038.5,87.25,28.5,33.5,0.32664756446991405,0.3839541547277937,4,0,18,0.060344488318094164,0.1705387713337444,-19.33334228337123,0.37437152318530376,11.92664656191246,0,5.405438007248449,4,MNQ_v5
2025-04-15 21:42:00+02:00,2025-04-15 21:56:00+02:00,Short,Auto-Close (loss),-58.74,1.0,loser,18930.75,18959.75,70.25,58.5,1.0,0.8327402135231317,0.014234875444839857,2,0,21,0.14526629953910966,0.15318991587760655,27.47206406606953,-17.531374713402556,0.9143775439901926,1,11.418955437547993,2,MNQ_v5
2025-04-16 00:56:00+02:00,2025-04-16 01:10:00+02:00,Long,Stop Loss,-233.22,3.0,loser,18757.75,18719.25,38.5,42.5,2.0,1.103896103896104,0.05194805194805195,2,2,0,0.06930468739587638,0.16126667644040463,-36.742362825009366,1.7390262417230569,2.774375777195714,0,31.102589369249472,2,MNQ_v5
2025-04-16 02:34:00+02:00,2025-04-16 07:42:00+02:00,Short,Canal Exit,280.26,1.0,winner,18666.5,18526.0,69.5,64.5,162.0,0.9280575539568345,2.3309352517985613,44,0,2,0.061607692925829696,0.19151956713899232,-7.769944741633013,-38.8296486495757,-10.560791219822372,1,1.281474367242481,1,MNQ_v5
2025-04-16 09:27:00+02:00,2025-04-16 10:23:00+02:00,Short,Stop Loss,-232.48,2.0,loser,18557.25,18615.0,57.75,177.75,45.25,3.0779220779220777,0.7835497835497836,8,1,9,0.05658165945924099,0.11451050128655917,37.84103251643727,-14.207217912933785,-11.439400748595554,1,19.192311583217815,4,MNQ_v5
2025-04-16 13:32:00+02:00,2025-04-16 14:35:00+02:00,Long,Stop Loss,-209.22,3.0,loser,18686.0,18651.5,34.5,42.25,38.0,1.2246376811594204,1.1014492753623188,9,3,13,0.044150701059616826,0.13646580327517926,-23.508724433906735,6.254285687470808,5.248425902354138,0,7.124954065075144,3,MNQ_v5
2025-04-16 17:51:00+02:00,2025-04-16 19:08:00+02:00,Short,Canal Exit,137.26,1.0,winner,18610.75,18541.75,124.5,5.75,83.25,0.04618473895582329,0.6686746987951807,11,2,17,0.04029928938919711,0.24179573633518261,20.084106597311347,-3.0681685623631734,-1.0281633078611156,1,13.902635046972136,4,MNQ_v5
2025-04-17 04:19:00+02:00,2025-04-17 08:38:00+02:00,Long,Canal Exit,304.52,2.0,winner,18492.75,18569.25,40.0,37.0,109.0,0.925,2.725,37,0,4,0.07570534398615673,0.19331900339322167,-9.06471485719567,24.73979712554228,9.677968262671515,0,4.5105625216674525,2,MNQ_v5
2025-04-17 08:59:00+02:00,2025-04-17 09:13:00+02:00,Short,Stop Loss,-186.72,3.0,loser,18571.0,18601.75,30.75,81.0,10.75,2.6341463414634148,0.34959349593495936,2,1,8,0.07404017015777288,0.07538635506973237,35.0215655698709,-8.94341168343183,17.187705099499496,0,0.35018963546463056,2,MNQ_v5
2025-04-17 09:34:00+02:00,2025-04-17 10:44:00+02:00,Long,Stop Loss,-194.48,2.0,loser,18603.25,18555.0,48.25,52.75,21.0,1.0932642487046633,0.43523316062176165,10,3,9,0.09138188219800303,0.099444989450768,-7.375005405226673,19.747659399191786,18.04110156683249,1,4.095011424753466,1,MNQ_v5
2025-04-17 14:56:00+02:00,2025-04-17 16:13:00+02:00,Short,Canal Exit,228.76,1.0,winner,18502.25,18387.5,122.5,45.25,139.5,0.3693877551020408,1.1387755102040817,11,1,14,0.17024956424218676,0.24726722425650935,19.625583988239953,-17.650387228891617,0.2593778679127498,1,12.314991787803592,3,MNQ_v5
2025-04-21 00:07:00+02:00,2025-04-21 00:35:00+02:00,Short,Canal Exit,8.26,1.0,winner,18276.5,18272.0,178.75,22.25,13.25,0.12447552447552447,0.07412587412587412,4,0,0,0.03693267310480672,0.23117117610045684,20.518292097131784,-7.967318245326615,3.579673880763035,1,0.9025883378999424,4,MNQ_v5
2025-04-21 02:55:00+02:00,2025-04-21 05:01:00+02:00,Short,Canal Exit,178.26,1.0,winner,18307.0,18217.5,67.0,9.0,117.25,0.13432835820895522,1.75,18,3,2,0.08193587152455345,0.22942044026874964,42.263044163547384,-3.8299861608058774,5.432276442397766,1,12.174358544230927,4,MNQ_v5
2025-04-21 06:46:00+02:00,2025-04-21 07:42:00+02:00,Short,Stop Loss,-226.96,4.0,loser,18217.75,18245.75,28.0,36.0,5.5,1.2857142857142858,0.19642857142857142,8,0,6,0.023328896268748883,0.09331558507499553,18.123282198250926,-4.31042812419065,-15.650307761069655,1,11.42953456430405,4,MNQ_v5
2025-04-21 15:17:00+02:00,2025-04-21 15:24:00+02:00,Short,Stop Loss,-175.48,2.0,loser,18104.0,18147.5,43.5,54.5,5.0,1.2528735632183907,0.11494252873563218,1,0,15,0.049712770658418025,0.06490278391515687,35.74640806618547,-27.536176604506178,-2.2964686257385023,1,8.357642884162487,1,MNQ_v5
2025-04-21 19:01:00+02:00,2025-04-21 21:56:00+02:00,Short,Stop Loss,-389.74,1.0,loser,17755.5,17950.0,194.5,196.5,55.5,1.0102827763496145,0.2853470437017995,25,0,19,0.27315479710512236,0.3125792008110163,29.292706710610968,-10.897385042364231,-22.119175609075974,1,24.89546224037622,4,MNQ_v5
2025-04-22 01:24:00+02:00,2025-04-22 03:02:00+02:00,Long,Canal Exit,411.52,2.0,winner,17910.75,18014.0,47.0,8.75,112.0,0.18617021276595744,2.382978723404255,14,0,1,0.07537372806833885,0.09910249431207514,16.920751423427205,6.341941066897458,23.648005780826317,1,0.27372772702074144,6,MNQ_v5
2025-04-22 03:23:00+02:00,2025-04-22 04:33:00+02:00,Long,Canal Exit,-64.48,2.0,loser,18044.0,18028.25,59.75,31.75,24.75,0.5313807531380753,0.41422594142259417,10,1,3,0.06234759476834405,0.21059632010640658,-10.209020079754714,32.78689129582932,11.749528077599892,0,7.174211819161428,3,MNQ_v5
2025-04-22 10:51:00+02:00,2025-04-22 11:40:00+02:00,Long,Canal Exit,-6.48,2.0,loser,18105.25,18104.0,49.0,28.25,16.25,0.576530612244898,0.33163265306122447,7,0,10,0.04418607862360365,0.15050883031164994,-37.41122718372869,29.16283901676192,17.70506929581473,0,1.7117162992508383,2,MNQ_v5
2025-04-22 18:19:00+02:00,2025-04-22 18:33:00+02:00,Long,Canal Exit,-64.24,1.0,loser,18498.0,18466.25,211.0,42.0,15.5,0.1990521327014218,0.07345971563981042,2,0,18,0.2581360147042923,0.27975997405124875,-21.93720949009021,36.91156976383537,13.466715101726887,0,1.4498261519547668,2,MNQ_v5
2025-04-22 22:59:00+02:00,2025-04-23 00:00:00+02:00,Short,Stop Loss,-229.48,2.0,loser,18359.25,18416.25,57.0,376.5,0.0,6.605263157894737,0.0,1,1,22,0.01225540258997508,0.038127919168811364,25.57846109469498,-21.369681531507098,-4.681894800033945,1,4.32383302540984,1,MNQ_v5
2025-04-23 03:09:00+02:00,2025-04-23 03:30:00+02:00,Long,Stop Loss,-185.48,2.0,loser,18718.25,18672.25,46.0,46.5,6.75,1.0108695652173914,0.14673913043478262,3,3,3,0.0560949875121873,0.06677974703831822,-42.32778050572863,0.7849372680228331,12.85483421506115,0,27.70565174245712,3,MNQ_v5
2025-04-23 07:07:00+02:00,2025-04-23 07:35:00+02:00,Short,Stop Loss,-192.72,3.0,loser,18700.5,18732.25,31.75,48.75,19.5,1.5354330708661417,0.6141732283464567,4,2,7,0.08021175904387583,0.12299136386727627,34.332276506361296,-5.047963219125162,7.29273515940234,0,2.2569799618213437,3,MNQ_v5
2025-04-23 09:41:00+02:00,2025-04-23 10:16:00+02:00,Long,Canal Exit,241.52,2.0,winner,18760.75,18821.5,47.0,2.0,75.75,0.0425531914893617,1.6117021276595744,5,0,9,0.022653678557626962,0.041309649134496224,-14.914519772112588,25.35188048070668,17.433690636232278,0,3.1676450390878017,5,MNQ_v5
2025-04-23 13:39:00+02:00,2025-04-23 14:07:00+02:00,Short,Canal Exit,-40.48,2.0,loser,18889.5,18899.25,53.0,11.5,33.0,0.2169811320754717,0.6226415094339622,4,2,13,0.03176367823393949,0.09529103470181848,45.268447766340174,-22.97909041800631,21.099024529488844,0,5.3137492993919295,4,MNQ_v5
2025-04-24 00:00:00+02:00,2025-04-24 01:24:00+02:00,Short,Canal Exit,-79.24,1.0,loser,18779.5,18818.75,145.25,78.0,39.25,0.5370051635111877,0.270223752151463,12,1,0,0.279560158683671,0.30751617455203817,30.001163571990876,-12.889221866204268,0.8158353478194341,1,25.111122098198393,4,MNQ_v5
2025-04-24 01:45:00+02:00,2025-04-24 01:59:00+02:00,Short,Stop Loss,-223.7,5.0,loser,18835.5,18857.5,22.0,30.25,9.25,1.375,0.42045454545454547,2,3,1,0.04512755169759231,0.1380372169573412,35.01871196513398,-6.2604297048515996,-3.1945424329837926,1,14.53994060066907,1,MNQ_v5
2025-04-24 07:35:00+02:00,2025-04-24 09:55:00+02:00,Short,Canal Exit,1542.6,10.0,winner,18770.0,18692.5,11.75,9.0,119.0,0.7659574468085106,10.127659574468085,20,3,7,0.07059136920618007,0.12919552477357485,39.68190476669356,-3.2140811478548317,-8.700019775983671,1,8.425323782787018,1,MNQ_v5
2025-04-24 18:19:00+02:00,2025-04-24 21:56:00+02:00,Long,Auto-Close (profit),218.76,1.0,winner,19209.5,19319.25,89.25,16.25,129.0,0.18207282913165265,1.4453781512605042,31,0,18,0.040344621150993,0.31885265103204147,2.2654504512265228,15.523668173961672,18.52030725839275,0,22.71757099844399,4,MNQ_v5
2025-04-25 06:32:00+02:00,2025-04-25 07:42:00+02:00,Short,Canal Exit,-34.74,1.0,loser,19401.5,19418.5,95.75,34.0,3.25,0.35509138381201044,0.033942558746736295,10,1,6,0.07344792928381827,0.26415483338917095,41.012268498835,-8.6813710711258,8.497745204336296,1,13.728677058366884,4,MNQ_v5
2025-04-25 09:20:00+02:00,2025-04-25 09:41:00+02:00,Short,Canal Exit,-7.74,1.0,loser,19407.5,19411.0,67.5,12.25,34.25,0.1814814814814815,0.5074074074074074,3,1,9,0.07471338400103053,0.2988535360041221,29.936892893385775,-13.058217127432279,12.313668338614624,1,3.3808630841449485,3,MNQ_v5
2025-04-25 14:56:00+02:00,2025-04-25 15:24:00+02:00,Short,Stop Loss,-143.74,1.0,loser,19251.25,19322.75,71.5,80.25,3.25,1.1223776223776223,0.045454545454545456,4,2,14,0.01688202064800987,0.04285436010648659,15.387553392016613,-2.239042710644352,-4.430085991760747,1,7.5901918560193735,2,MNQ_v5
2025-04-25 20:32:00+02:00,2025-04-25 21:56:00+02:00,Long,Auto-Close (profit),44.76,1.0,winner,19507.25,19530.0,123.5,60.25,42.0,0.48785425101214575,0.340080971659919,12,0,20,0.07817606274590216,0.09099181073703368,-23.55890203160773,26.380556985530866,2.005588144056582,0,25.07932356470701,2,MNQ_v5
2025-04-28 10:37:00+02:00,2025-04-28 11:54:00+02:00,Long,Canal Exit,76.52,2.0,winner,19490.75,19510.25,50.5,9.5,49.25,0.18811881188118812,0.9752475247524752,11,0,10,0.08337288200813206,0.16033246540025395,-38.83373297720802,5.904891035239222,10.139089998100534,0,16.927995815567556,4,MNQ_v5
2025-04-28 16:48:00+02:00,2025-04-28 17:02:00+02:00,Long,Stop Loss,-187.48,2.0,loser,19493.0,19446.5,46.5,56.0,8.5,1.2043010752688172,0.1827956989247312,2,1,16,0.1910942389575745,0.2667624275380906,-20.503246970651638,3.9741324288374695,-1.6281249689842485,0,16.60984267188178,2,MNQ_v5
2025-04-29 00:49:00+02:00,2025-04-29 03:37:00+02:00,Long,Canal Exit,759.04,4.0,winner,19481.25,19576.5,26.0,2.75,102.75,0.10576923076923077,3.951923076923077,24,3,0,0.05261469361565608,0.09239653512993262,-20.33129921725164,0.5134011822683759,22.883104057841383,0,3.9905665550468257,5,MNQ_v5
2025-04-29 10:09:00+02:00,2025-04-29 11:40:00+02:00,Short,Canal Exit,-50.74,1.0,loser,19547.5,19572.5,73.75,52.25,1.5,0.7084745762711865,0.020338983050847456,13,2,10,0.1278935925310142,0.20207187619900244,38.71431021677594,-7.892274052869211,0.5811489400879241,1,6.256067847389204,3,MNQ_v5
2025-04-29 15:03:00+02:00,2025-04-29 15:24:00+02:00,Short,Canal Exit,-77.74,1.0,loser,19393.5,19432.0,144.5,62.0,14.25,0.4290657439446367,0.0986159169550173,3,1,15,0.14824554618815583,0.5027457653337458,11.005433434122123,-9.889268088231228,-14.28483050977445,0,2.437330028049473,3,MNQ_v5
2025-04-29 15:45:00+02:00,2025-04-29 16:13:00+02:00,Long,Canal Exit,62.76,1.0,winner,19513.0,19544.75,133.75,43.75,88.0,0.32710280373831774,0.6579439252336449,4,1,15,0.20883513555065855,0.4548249884692257,-39.226260788606126,5.871789208795934,-11.979388428534937,0,14.598090034887719,4,MNQ_v5
2025-04-29 19:22:00+02:00,2025-04-29 20:04:00+02:00,Long,Canal Exit,194.26,1.0,winner,19560.0,19657.5,89.25,7.0,124.5,0.0784313725490196,1.3949579831932772,6,1,19,0.04856850715746421,0.31569529652351735,-29.93317022537665,2.8557337522274584,0.8124399914920052,0,18.19560290795198,6,MNQ_v5
2025-04-30 02:48:00+02:00,2025-04-30 03:02:00+02:00,Short,Canal Exit,-51.48,2.0,loser,19526.0,19538.5,58.75,13.75,7.5,0.23404255319148937,0.1276595744680851,2,0,2,0.04993342210386152,0.1638840520331865,12.425316462862455,-31.067441152787314,-10.89418662633181,0,0.8502709295498789,2,MNQ_v5
2025-04-30 03:30:00+02:00,2025-04-30 03:37:00+02:00,Long,Stop Loss,-202.96,4.0,loser,19543.5,19518.5,25.0,33.0,0.75,1.32,0.03,1,0,3,0.008954383810474071,0.0345383375546857,-33.242361237921074,7.19108740958633,-6.985651237180584,0,3.320443220778543,1,MNQ_v5
2025-04-30 21:35:00+02:00,2025-04-30 21:56:00+02:00,Long,Auto-Close (profit),513.52,2.0,winner,19513.75,19642.5,46.5,0.75,202.0,0.016129032258064516,4.344086021505376,3,0,21,0.1767984113765934,0.19217218627890592,6.330177064284579,7.4607776036393325,2.235048638274457,0,12.44717320980999,6,MNQ_v5
2025-05-01 01:31:00+02:00,2025-05-01 10:23:00+02:00,Long,Canal Exit,98.76,1.0,winner,19910.75,19960.5,98.75,9.75,66.0,0.09873417721518987,0.6683544303797468,76,0,1,0.05524653767437188,0.11551548786459577,-10.626384831911947,20.948491945061523,25.792088109640435,0,27.74778485297429,3,MNQ_v5
2025-05-01 13:32:00+02:00,2025-05-01 14:28:00+02:00,Long,Stop Loss,-214.44,6.0,loser,19997.75,19980.25,17.5,48.5,38.0,2.7714285714285714,2.1714285714285713,8,0,13,0.021252390893975574,0.08750984485754648,16.505683798271345,0.34897413202716865,10.575813928158826,0,3.8890342035665526,7,MNQ_v5
2025-05-01 17:37:00+02:00,2025-05-01 18:47:00+02:00,Short,Canal Exit,216.76,1.0,winner,20037.5,19928.75,87.75,6.75,128.25,0.07692307692307693,1.4615384615384615,10,2,17,0.16094822208359327,0.19713038053649407,44.86854084256757,-0.04589323925539657,7.951885701166058,1,25.872540831187507,5,MNQ_v5
2025-05-01 19:08:00+02:00,2025-05-01 20:04:00+02:00,Long,Canal Exit,52.26,1.0,winner,20008.0,20034.5,98.75,66.0,31.0,0.6683544303797468,0.3139240506329114,8,3,19,0.0,0.29863054778088766,-0.5459879697311227,13.272415960272228,0.6965507081135068,1,1.7693234627731727,4,MNQ_v5
2025-05-01 21:07:00+02:00,2025-05-01 21:56:00+02:00,Short,Auto-Close (profit),503.52,2.0,winner,20003.75,19877.5,46.0,22.0,147.25,0.4782608695652174,3.2010869565217392,7,2,21,0.022495782040867336,0.027494844716615632,31.62261461002406,-6.371184334137457,-9.06736974107873,1,0.7574597631391953,3,MNQ_v5
2025-05-02 01:52:00+02:00,2025-05-02 02:20:00+02:00,Short,Stop Loss,-191.22,3.0,loser,19795.75,19827.25,31.5,38.75,41.25,1.2301587301587302,1.3095238095238095,4,2,1,0.0378869201722592,0.08587701905712085,39.89848108204863,-12.02772260932246,-25.329244073931232,1,12.37497614712629,3,MNQ_v5
2025-05-02 17:51:00+02:00,2025-05-02 21:56:00+02:00,Long,Auto-Close (loss),-17.74,1.0,loser,20194.0,20185.5,71.25,41.5,83.0,0.5824561403508772,1.1649122807017545,35,0,17,0.004951965930474398,0.059423591165692784,9.649183254286314,21.065298034431642,3.2750034042112253,0,10.800199508674268,4,MNQ_v5
2025-05-05 03:16:00+02:00,2025-05-05 04:54:00+02:00,Short,Canal Exit,234.78,3.0,winner,20072.0,20032.5,39.75,4.25,81.0,0.1069182389937107,2.0377358490566038,14,2,3,0.03487445197289757,0.05480271024312475,36.888888520514534,-16.664994821517478,-17.26199234771078,1,8.464564477661042,4,MNQ_v5
2025-05-05 05:22:00+02:00,2025-05-05 05:36:00+02:00,Short,Stop Loss,-238.7,5.0,loser,20027.5,20051.0,23.5,33.0,5.25,1.4042553191489362,0.22340425531914893,2,2,5,0.056172762451629006,0.074897016602172,29.561278729083497,-3.411388483352711,-13.505817875597009,1,12.432916481389839,2,MNQ_v5
2025-05-05 09:55:00+02:00,2025-05-05 10:30:00+02:00,Long,Stop Loss,-207.72,3.0,loser,20071.5,20037.25,34.25,40.75,6.25,1.1897810218978102,0.18248175182481752,5,0,9,0.05729516976807912,0.07722392447001969,-27.827140962974347,15.695907342577549,5.8907368363128,0,6.856854892728734,2,MNQ_v5
2025-05-05 13:39:00+02:00,2025-05-05 15:24:00+02:00,Short,Stop Loss,-187.48,2.0,loser,19982.0,20028.5,46.5,50.25,15.75,1.0806451612903225,0.3387096774193548,15,2,13,0.021269142228005206,0.05880292263036733,21.040064138284784,-13.408019733483172,-8.752308121583912,1,2.4348661970871035,4,MNQ_v5
2025-05-05 19:08:00+02:00,2025-05-05 19:29:00+02:00,Short,Stop Loss,-232.96,4.0,loser,20117.25,20146.0,28.75,35.0,11.25,1.2173913043478262,0.391304347826087,3,1,19,0.02485429171482186,0.03231057922926841,30.736862320805837,-4.643422121743802,4.2201361505629,1,2.0098004049505107,3,MNQ_v5
2025-05-06 01:38:00+02:00,2025-05-06 08:45:00+02:00,Short,Canal Exit,829.56,6.0,winner,20023.5,19954.0,19.25,8.0,110.25,0.4155844155844156,5.7272727272727275,61,0,1,0.016230928658825878,0.0474442530027218,2.3374643369341346,-0.4722985588340295,-30.591073228402557,1,3.5707193115667906,4,MNQ_v5
2025-05-06 09:20:00+02:00,2025-05-06 10:16:00+02:00,Short,Canal Exit,572.28,3.0,winner,19939.0,19843.25,35.75,2.5,103.5,0.06993006993006994,2.895104895104895,8,1,9,0.006269120818496414,0.03134560409248207,28.0398110471968,-22.99948340905346,2.113955726105805,1,5.04133345248556,3,MNQ_v5
2025-05-06 15:03:00+02:00,2025-05-06 15:10:00+02:00,Long,Stop Loss,-236.18,7.0,loser,19817.75,19801.25,16.5,19.5,0.75,1.1818181818181819,0.045454545454545456,1,1,15,0.06559775958421112,0.1211035561554667,-16.94737427628147,1.2954032801967903,-4.4528841431102615,1,0.5499432698852615,1,MNQ_v5
2025-05-06 15:52:00+02:00,2025-05-06 16:06:00+02:00,Short,Canal Exit,-129.24,1.0,loser,19771.25,19835.5,93.25,74.25,33.0,0.7962466487935657,0.353887399463807,2,0,15,0.001264462287412278,0.3869254599481571,-5.747484552390018,-5.924670727008281,-4.261768886125993,1,0.36434244267002214,2,MNQ_v5
2025-05-07 01:10:00+02:00,2025-05-07 02:27:00+02:00,Short,Stop Loss,-120.74,1.0,loser,20038.0,20098.0,60.0,65.0,33.0,1.0833333333333333,0.55,11,3,1,0.01746681305519513,0.14472502245733107,33.6530277003784,-2.9652315925144577,1.5304968278476057,1,10.568253476412792,4,MNQ_v5
2025-05-07 02:48:00+02:00,2025-05-07 03:44:00+02:00,Long,Canal Exit,-80.24,1.0,loser,20092.25,20052.5,87.25,59.25,14.75,0.6790830945558739,0.16905444126074498,8,1,2,0.004977043387375729,0.021152434396346852,-5.050501918953466,35.9134479274592,5.80190748006008,1,2.6047898321630782,2,MNQ_v5
2025-05-07 07:00:00+02:00,2025-05-07 07:21:00+02:00,Short,Canal Exit,26.52,2.0,winner,19991.25,19984.25,44.25,15.5,7.75,0.3502824858757062,0.1751412429378531,3,0,7,0.10879759894954041,0.14756455949477895,27.303437006957296,-33.46492541588888,-18.26835459307504,0,1.875371823880414,1,MNQ_v5
2025-05-07 08:59:00+02:00,2025-05-07 09:34:00+02:00,Long,Canal Exit,68.28,3.0,winner,19986.25,19998.0,33.75,11.0,28.75,0.32592592592592595,0.8518518518518519,5,2,8,0.0037525798986803426,0.022515479392082056,-28.158909442262903,4.986551493018474,-5.689943701529795,0,0.9527728254688554,5,MNQ_v5
2025-05-07 13:39:00+02:00,2025-05-07 14:35:00+02:00,Short,Canal Exit,347.28,3.0,winner,19992.25,19934.0,38.0,10.0,83.5,0.2631578947368421,2.1973684210526314,8,0,13,0.025009691255361455,0.05252035163625905,38.62587957479296,-1.3648146951026168,-2.245343484888392,1,6.887997449135582,8,MNQ_v5
2025-05-07 17:51:00+02:00,2025-05-07 18:40:00+02:00,Long,Canal Exit,19.26,1.0,winner,19854.0,19864.0,69.25,48.0,20.75,0.6931407942238267,0.2996389891696751,7,0,17,0.27702226251636947,0.5326382592928378,-43.397530522554106,1.2323929540472875,-3.566803979147577,0,24.215497654549836,4,MNQ_v5
2025-05-07 19:36:00+02:00,2025-05-07 21:14:00+02:00,Short,Canal Exit,55.52,2.0,winner,19871.0,19856.75,54.5,32.75,192.5,0.6009174311926605,3.532110091743119,14,3,19,0.01258114840722661,0.1459413215238287,43.70018942080024,-2.5686734528276576,-1.6096419493945677,1,19.196662247290078,5,MNQ_v5
2025-05-08 20:25:00+02:00,2025-05-08 21:42:00+02:00,Long,Stop Loss,-198.48,2.0,loser,20283.75,20234.5,49.25,60.5,47.5,1.2284263959390862,0.9644670050761421,11,0,20,0.06778825414432736,0.10846120663092376,-36.08215235604361,2.2499609124873796,10.458674485516257,0,19.8489583722112,4,MNQ_v5
2025-05-09 01:31:00+02:00,2025-05-09 04:12:00+02:00,Short,Stop Loss,-209.48,2.0,loser,20130.5,20182.5,52.0,55.25,50.0,1.0625,0.9615384615384616,23,0,1,0.06954621097339858,0.11798017932987258,18.628741616589494,-8.544773840200278,-23.204820848320487,1,6.862452124689298,4,MNQ_v5
2025-05-09 07:49:00+02:00,2025-05-09 10:30:00+02:00,Long,Canal Exit,-46.48,2.0,loser,20201.5,20190.25,45.0,33.75,30.75,0.75,0.6833333333333333,23,2,7,0.0792020394525159,0.15469148330569513,-30.343954927034932,4.579018182707574,0.26316058765313244,0,5.148181952739833,3,MNQ_v5
2025-05-09 15:59:00+02:00,2025-05-09 16:48:00+02:00,Short,Canal Exit,777.78,3.0,winner,20247.0,20117.0,32.75,28.0,189.5,0.8549618320610687,5.786259541984733,7,3,15,0.04692053143675606,0.14693534844668346,25.333425192779384,-1.0581371228866085,-5.357476708427925,0,1.46222328501608,7,MNQ_v5
2025-05-12 00:00:00+02:00,2025-05-12 00:28:00+02:00,Long,Canal Exit,0.26,1.0,winner,20410.5,20411.0,290.75,27.75,54.5,0.09544282029234738,0.1874462596732588,4,0,0,0.180054383773058,0.2094510178584552,-26.325312589289375,23.14078742721013,-1.3958658747937969,1,8.289083109382773,4,MNQ_v5
2025-05-12 02:48:00+02:00,2025-05-12 08:52:00+02:00,Long,Canal Exit,249.52,2.0,winner,20498.0,20560.75,50.0,9.5,95.5,0.19,1.91,52,0,2,0.02561225485413211,0.053663772075324426,-5.830763683731013,36.25760997915562,10.445433374070701,0,12.399494414130459,3,MNQ_v5
2025-05-13 00:14:00+02:00,2025-05-13 01:24:00+02:00,Short,Stop Loss,-204.96,4.0,loser,20938.25,20963.5,25.25,28.5,24.75,1.1287128712871286,0.9801980198019802,10,0,0,0.00835790956741848,0.1050708631332609,11.462591143949968,-4.548569799142418,-3.567577393313613,0,4.845648949405586,5,MNQ_v5
2025-05-13 04:33:00+02:00,2025-05-13 04:54:00+02:00,Short,Canal Exit,-78.72,3.0,loser,20859.75,20872.5,34.5,15.5,10.5,0.4492753623188406,0.30434782608695654,3,0,4,0.017977204904181497,0.02636656719279953,-2.0763332235221634,-21.68398301336212,-14.342595509654316,1,0.06401929628191283,3,MNQ_v5
2025-05-13 10:23:00+02:00,2025-05-13 10:44:00+02:00,Long,Canal Exit,-174.96,4.0,loser,20852.75,20831.25,27.5,25.75,25.0,0.9363636363636364,0.9090909090909091,3,0,10,0.01078994377240412,0.04315977508961648,-8.93639874872993,1.3932122967797176,-1.2945203527588782,0,2.15663463560486,3,MNQ_v5
2025-05-13 18:26:00+02:00,2025-05-13 21:56:00+02:00,Long,Auto-Close (loss),-63.24,1.0,loser,21301.75,21270.5,71.0,53.0,45.25,0.7464788732394366,0.6373239436619719,30,0,18,0.001173612496625864,0.14200711209172956,-11.31196046261439,1.739193617278171,29.21701849102005,0,21.118429853522684,4,MNQ_v5
2025-05-14 02:13:00+02:00,2025-05-14 03:58:00+02:00,Short,Canal Exit,38.28,3.0,winner,21271.5,21264.75,30.75,12.75,25.5,0.4146341463414634,0.8292682926829268,15,3,2,0.05288766659614978,0.05406294807606422,37.714904857906504,-2.994744745524043,-26.16061970072165,1,4.764875945103995,4,MNQ_v5
2025-05-14 08:59:00+02:00,2025-05-14 09:20:00+02:00,Long,Stop Loss,-212.22,3.0,loser,21341.0,21306.0,35.0,47.5,11.75,1.3571428571428572,0.3357142857142857,3,2,8,0.012885994095871798,0.13706011901972728,-9.24090392912942,19.647242531937913,19.34744711706539,1,2.2579356025671586,3,MNQ_v5
2025-05-14 15:31:00+02:00,2025-05-14 15:45:00+02:00,Long,Stop Loss,-154.24,1.0,loser,21387.75,21311.0,76.75,109.5,1.5,1.4267100977198697,0.019543973941368076,2,0,15,0.24897429603394466,0.27235216420614605,-36.53490119616309,16.06443032871365,3.1383292255000126,0,4.675666584596911,2,MNQ_v5
2025-05-14 19:50:00+02:00,2025-05-14 21:49:00+02:00,Long,Canal Exit,69.26,1.0,winner,21361.5,21396.5,80.25,30.25,39.75,0.37694704049844235,0.4953271028037383,17,1,19,0.0749011071319898,0.08309341572455119,-39.42076785705167,11.853802608453135,5.8189162856244065,0,17.228127189075167,3,MNQ_v5
2025-05-15 00:56:00+02:00,2025-05-15 01:17:00+02:00,Long,Stop Loss,-244.8,20.0,loser,21369.75,21364.0,5.75,11.75,9.75,2.0434782608695654,1.6956521739130435,3,0,0,0.0397758513787012,0.05147463119596626,-32.05781111277388,5.27790465617085,7.305014013703916,0,9.471773923927685,1,MNQ_v5
2025-05-15 03:23:00+02:00,2025-05-15 03:44:00+02:00,Short,Canal Exit,-52.96,4.0,loser,21368.25,21374.5,29.25,10.5,3.25,0.358974358974359,0.1111111111111111,3,0,3,0.01871936166976706,0.06902764615726603,13.79287252169048,-13.87945700752358,1.3644759891600577,1,0.753921495997929,3,MNQ_v5
2025-05-15 04:26:00+02:00,2025-05-15 05:01:00+02:00,Long,Canal Exit,337.82,7.0,winner,21380.75,21405.25,15.75,2.75,31.75,0.1746031746031746,2.015873015873016,5,1,4,0.056125252855956875,0.06781801386761456,0.5334967349363156,5.005608031931411,4.104405732230751,0,1.367696218934725,5,MNQ_v5
2025-05-15 06:53:00+02:00,2025-05-15 07:07:00+02:00,Long,Stop Loss,-222.66,9.0,loser,21384.25,21372.25,12.0,13.25,3.5,1.1041666666666667,0.2916666666666667,2,3,6,0.00818359306498942,0.04208705004851702,-18.185811926244895,7.6122201248366705,1.4900139316416943,0,0.5823327823236468,2,MNQ_v5
2025-05-15 07:28:00+02:00,2025-05-15 09:55:00+02:00,Short,Canal Exit,223.52,2.0,winner,21337.75,21281.5,51.25,30.75,72.75,0.6,1.4195121951219511,21,0,7,0.038663870370587335,0.1616852760951834,14.654605735359034,-30.93082375131387,-1.1555307422314007,0,2.9521927791211056,3,MNQ_v5
2025-05-15 16:55:00+02:00,2025-05-15 17:30:00+02:00,Long,Canal Exit,120.76,1.0,winner,21335.75,21396.5,87.5,4.75,87.25,0.054285714285714284,0.9971428571428571,5,0,16,0.07850673165930422,0.13006339125645922,-2.109251080974742,9.530089139542325,-1.2419345608635268,0,3.2549907459688256,5,MNQ_v5
2025-05-16 15:24:00+02:00,2025-05-16 15:31:00+02:00,Long,Stop Loss,-232.4,10.0,loser,21435.25,21424.0,11.25,17.25,4.5,1.5333333333333334,0.4,1,2,15,0.19827153870377065,0.24142475595106191,-43.149605561083234,3.255811072738215,2.787810130282185,0,12.5506054693833,1,MNQ_v5
2025-05-16 18:54:00+02:00,2025-05-16 19:15:00+02:00,Short,Stop Loss,-224.96,4.0,loser,21423.75,21451.5,27.75,42.25,2.25,1.5225225225225225,0.08108108108108109,3,3,18,0.05017795670692573,0.07468347044751736,26.724607473414387,-1.2685945597177712,-2.41416220941503,1,3.301889408037823,2,MNQ_v5
2025-05-19 02:13:00+02:00,2025-05-19 02:41:00+02:00,Short,Canal Exit,107.76,1.0,winner,21334.0,21279.75,83.5,1.75,70.0,0.020958083832335328,0.8383233532934131,4,0,2,0.01406206056060748,0.12421486828536607,37.12393943247679,-29.678012341105447,6.893332603832667,1,11.390179357491434,4,MNQ_v5
2025-05-19 03:58:00+02:00,2025-05-19 09:55:00+02:00,Short,Canal Exit,522.78,3.0,winner,21276.5,21189.0,32.75,23.75,114.5,0.7251908396946565,3.49618320610687,51,0,3,0.010575047587714145,0.03995017977580899,7.697887508890145,-21.946789187005106,-6.046464625676835,1,11.920342213074036,2,MNQ_v5
2025-05-19 10:16:00+02:00,2025-05-19 10:44:00+02:00,Short,Canal Exit,36.76,1.0,winner,21157.0,21138.25,69.75,10.75,44.75,0.15412186379928317,0.6415770609318996,4,2,10,0.053173890438152856,0.09334971876920169,19.25234355262751,-26.758031802521778,-11.269287485737266,0,0.9057632402837044,4,MNQ_v5
2025-05-19 18:19:00+02:00,2025-05-19 21:56:00+02:00,Long,Auto-Close (profit),134.26,1.0,winner,21455.5,21523.0,75.5,11.75,90.0,0.15562913907284767,1.1920529801324504,31,0,18,0.050103703013213395,0.061755726969774646,8.95549101683515,9.472931854187783,20.77340715782211,0,2.8749096951651154,3,MNQ_v5
2025-05-20 01:17:00+02:00,2025-05-20 01:45:00+02:00,Long,Canal Exit,185.04,4.0,winner,21524.5,21548.0,27.25,2.0,36.5,0.07339449541284404,1.3394495412844036,4,2,1,0.03368254779437385,0.09872470905247507,-22.62388743409304,8.62274361083944,18.05790617653663,0,4.048739023193775,4,MNQ_v5
2025-05-20 08:59:00+02:00,2025-05-20 09:34:00+02:00,Long,Canal Exit,367.56,6.0,winner,21411.5,21442.5,18.0,3.25,68.0,0.18055555555555555,3.7777777777777777,5,0,8,0.033860308712607715,0.08173177965112206,-49.35338818401311,19.431707499291708,-7.118995179121273,0,1.9011012277478585,5,MNQ_v5
2025-05-20 09:55:00+02:00,2025-05-20 12:36:00+02:00,Short,Canal Exit,115.04,4.0,winner,21455.5,21440.75,24.0,5.75,43.5,0.23958333333333334,1.8125,23,2,9,0.07923376290461653,0.15147631143529633,33.326133563225525,-3.328841620122132,-0.1824232318099957,1,12.694301878625993,3,MNQ_v5
2025-05-20 15:10:00+02:00,2025-05-20 15:24:00+02:00,Long,Stop Loss,-195.72,3.0,loser,21450.25,21418.0,32.25,44.25,7.75,1.372093023255814,0.24031007751937986,2,1,15,0.0069929254903788995,0.0209787764711367,-36.61440793014177,4.227982772438648,-2.195230414104342,0,10.980629643803695,3,MNQ_v5
2025-05-20 17:37:00+02:00,2025-05-20 18:33:00+02:00,Short,Stop Loss,-185.48,2.0,loser,21405.25,21451.25,46.0,58.75,15.25,1.2771739130434783,0.33152173913043476,8,0,17,0.0338701953959893,0.07825183074245805,30.68865620944574,-5.603998411643521,-14.484563358208826,1,1.5263557209837018,1,MNQ_v5
2025-05-21 00:56:00+02:00,2025-05-21 01:24:00+02:00,Long,Canal Exit,-1.24,1.0,loser,21415.75,21415.5,73.0,3.75,10.0,0.05136986301369863,0.136986301369863,4,0,0,0.09572394149165918,0.11323441859379195,-23.857739808911276,24.377742666094818,-7.147901088913852,0,6.061457457173674,4,MNQ_v5
2025-05-21 07:42:00+02:00,2025-05-21 08:17:00+02:00,Short,Canal Exit,74.52,2.0,winner,21343.75,21324.75,40.75,1.75,40.25,0.04294478527607362,0.9877300613496932,5,0,7,0.053879941434846264,0.11127379209370425,29.540861421224704,-2.136759687854447,-12.035862411561075,1,8.151560514270386,5,MNQ_v5
2025-05-21 10:30:00+02:00,2025-05-21 12:08:00+02:00,Short,Canal Exit,124.52,2.0,winner,21295.0,21263.5,53.75,41.0,49.5,0.7627906976744186,0.9209302325581395,14,3,10,0.14557407842216483,0.14674806292556938,29.76265174006717,-11.091745580297173,-15.383087846043399,1,4.60286219225236,3,MNQ_v5
2025-05-21 15:38:00+02:00,2025-05-21 16:06:00+02:00,Long,Canal Exit,35.26,1.0,winner,21363.5,21381.5,102.5,7.75,77.0,0.07560975609756097,0.751219512195122,4,1,15,0.12287312472207271,0.2773421958012498,-26.82506296824455,9.632412314873044,4.172193881292435,0,0.9626926492492203,4,MNQ_v5
2025-05-22 04:54:00+02:00,2025-05-22 07:56:00+02:00,Long,Canal Exit,253.56,6.0,winner,21163.0,21184.5,18.0,8.0,39.5,0.4444444444444444,2.1944444444444446,26,1,4,0.022444832963190473,0.0271700609554411,-38.24741063885068,0.26101406215678896,-4.281556897715782,0,4.163773496322392,4,MNQ_v5
2025-05-22 10:09:00+02:00,2025-05-22 10:30:00+02:00,Long,Canal Exit,-22.96,4.0,loser,21200.75,21198.25,29.0,11.25,20.75,0.3879310344827586,0.7155172413793104,3,1,10,0.020046460620496916,0.058960178295579174,-26.95379791753261,6.16134401429667,1.7814642317159135,0,2.2087231479017646,3,MNQ_v5
2025-05-22 13:32:00+02:00,2025-05-22 14:14:00+02:00,Short,Canal Exit,200.26,1.0,winner,21164.5,21064.0,79.25,15.25,125.25,0.19242902208201892,1.5804416403785488,6,0,13,0.1311157835053982,0.1819083843228047,24.56662869724289,-21.07913307597103,1.4716269635830048,0,0.5455366562018753,6,MNQ_v5
2025-05-22 18:40:00+02:00,2025-05-22 19:15:00+02:00,Short,Canal Exit,6.76,1.0,winner,21244.25,21240.5,80.5,8.75,47.75,0.10869565217391304,0.593167701863354,5,2,18,0.06943055179636844,0.10120385516080822,31.739549319217158,-16.86183974530388,3.548753853167329,1,8.303132940731302,5,MNQ_v5
2025-05-22 21:00:00+02:00,2025-05-22 21:28:00+02:00,Long,Canal Exit,-38.74,1.0,loser,21322.0,21303.0,125.5,28.25,8.0,0.2250996015936255,0.06374501992031872,4,0,21,0.07855735859675453,0.08090235437576213,5.874688463556664,12.016493523426401,2.3862919723733165,0,0.8723002893020748,4,MNQ_v5
2025-05-23 07:14:00+02:00,2025-05-23 07:49:00+02:00,Long,Stop Loss,-204.72,3.0,loser,21176.75,21143.0,33.75,37.0,4.5,1.0962962962962963,0.13333333333333333,5,1,7,0.02833295949567332,0.06374915886526497,-40.71259633011336,9.096517632912185,-0.33791303012769547,0,5.134338038915303,3,MNQ_v5
2025-05-26 15:31:00+02:00,2025-05-26 16:27:00+02:00,Long,Stop Loss,-186.48,2.0,loser,21296.25,21250.0,46.25,56.0,8.75,1.2108108108108109,0.1891891891891892,8,3,15,0.10682631918765041,0.1408698714562423,-23.094432282933894,6.6687680399993425,11.808762367001872,0,2.6597819203525432,3,MNQ_v5
2025-05-27 03:16:00+02:00,2025-05-27 03:44:00+02:00,Short,Canal Exit,46.52,2.0,winner,21190.0,21178.0,52.5,12.25,15.5,0.23333333333333334,0.29523809523809524,4,0,3,0.014157621519584709,0.07550731477111845,6.7495055619096895,-14.489207094541577,-10.300268562447327,1,0.6327659101734753,4,MNQ_v5
2025-05-27 05:22:00+02:00,2025-05-27 07:21:00+02:00,Short,Stop Loss,-208.7,5.0,loser,21168.5,21189.0,20.5,25.5,26.5,1.2439024390243902,1.2926829268292683,17,0,5,0.023620001417200085,0.028344001700640106,25.915094700620745,-11.229494220422604,-18.460878922939212,1,7.983048082700407,3,MNQ_v5
2025-05-28 02:06:00+02:00,2025-05-28 06:11:00+02:00,Short,Canal Exit,139.04,4.0,winner,21459.75,21442.0,25.0,24.25,21.25,0.97,0.85,35,0,2,0.024464404291755497,0.059413553279977625,32.718043475883604,-20.842966371451542,21.153633727215144,0,0.9436682231607847,3,MNQ_v5
2025-05-28 10:44:00+02:00,2025-05-28 10:51:00+02:00,Long,Stop Loss,-243.62,13.0,loser,21427.75,21418.75,9.0,11.0,0.5,1.2222222222222223,0.05555555555555555,1,1,10,0.04433503284292565,0.06183570370197524,-23.48218341666583,0.937089340725428,-0.8517455320717104,0,2.190904645853152,1,MNQ_v5
2025-05-28 15:38:00+02:00,2025-05-28 15:45:00+02:00,Long,Stop Loss,-230.48,2.0,loser,21541.75,21484.5,57.25,74.25,3.25,1.296943231441048,0.056768558951965066,1,1,15,0.06150846611811946,0.14854874836074133,-29.313954250840148,3.1981969379977913,23.97074975452345,0,5.103224184800638,2,MNQ_v5
2025-05-28 19:01:00+02:00,2025-05-28 19:08:00+02:00,Short,Stop Loss,-247.32,18.0,loser,21476.5,21483.0,6.5,11.25,3.25,1.7307692307692308,0.5,1,1,19,0.0710078457849277,0.08032035015016414,33.185164444476364,-0.38287162712443673,-12.735491110451449,1,3.6991538637666963,1,MNQ_v5
2025-05-29 03:58:00+02:00,2025-05-29 10:58:00+02:00,Long,Canal Exit,1.26,1.0,winner,21790.75,21791.75,77.25,44.5,68.0,0.5760517799352751,0.8802588996763754,60,2,3,0.02524006745981667,0.10899120039466288,-22.88764222781811,10.19664765633969,24.832075249709508,0,18.279030533587502,4,MNQ_v5
2025-05-29 15:38:00+02:00,2025-05-29 16:06:00+02:00,Short,Canal Exit,245.26,1.0,winner,21526.5,21403.5,166.5,31.25,131.0,0.18768768768768768,0.7867867867867868,4,1,15,0.25085359905233084,0.5679046756323601,18.988330716775234,-12.466579466841125,-12.469094870734049,1,4.4331711968116,4,MNQ_v5
2025-05-29 17:44:00+02:00,2025-05-29 21:56:00+02:00,Short,Auto-Close (profit),64.26,1.0,winner,21444.25,21411.75,77.75,39.75,143.25,0.5112540192926045,1.842443729903537,36,0,17,0.003497441038973151,0.061788125021859,25.896010697283174,-16.103730978001998,-19.421983572572522,1,28.836608755962516,4,MNQ_v5
2025-05-30 01:17:00+02:00,2025-05-30 01:31:00+02:00,Long,Canal Exit,-180.96,4.0,loser,21364.0,21341.75,28.75,23.0,5.5,0.8,0.19130434782608696,2,0,1,0.007021157086687885,0.017552892716719715,-36.03136597501938,11.874995183065854,1.451562237726026,0,3.136969687191595,2,MNQ_v5
2025-05-30 02:20:00+02:00,2025-05-30 03:02:00+02:00,Long,Stop Loss,-224.96,4.0,loser,21341.25,21313.5,27.75,73.0,15.75,2.630630630630631,0.5675675675675675,6,3,2,0.04451473086159433,0.10425818543899724,-34.81437828103681,0.5711664976103886,3.07308811912457,0,2.9850838619022397,3,MNQ_v5
2025-05-30 03:23:00+02:00,2025-05-30 04:12:00+02:00,Short,Canal Exit,-105.72,3.0,loser,21325.5,21342.75,31.5,27.75,11.25,0.8809523809523809,0.35714285714285715,7,2,3,0.13129821106187428,0.20515345478417857,-4.028088349466278,-3.3087191753787315,-7.074657852147991,0,2.6558031912063598,13,MNQ_v5
2025-05-30 10:51:00+02:00,2025-05-30 10:58:00+02:00,Short,Canal Exit,-87.72,3.0,loser,21361.75,21376.0,34.25,15.25,5.25,0.44525547445255476,0.15328467153284672,1,0,10,0.07021896614275516,0.1380973000807518,30.764470472434112,-14.017433723938723,-1.3599443452384594,0,0.3668105354954605,1,MNQ_v5
2025-05-30 12:57:00+02:00,2025-05-30 13:18:00+02:00,Long,Canal Exit,83.28,3.0,winner,21386.75,21401.0,36.5,1.75,34.75,0.04794520547945205,0.952054794520548,3,3,12,0.07481267607280208,0.14845640408196664,-15.202948444669154,27.044668700344427,-1.362049342947468,1,2.150051270291442,3,MNQ_v5
2025-05-30 13:46:00+02:00,2025-05-30 14:28:00+02:00,Short,Canal Exit,367.04,4.0,winner,21397.25,21351.0,24.25,22.75,171.25,0.9381443298969072,7.061855670103093,6,1,13,0.021030739931533256,0.051408475388192404,33.48794365207371,-0.7333440733367503,0.5290402238511537,1,6.59133989111433,2,MNQ_v5
2025-05-30 15:03:00+02:00,2025-05-30 15:45:00+02:00,Long,Stop Loss,-146.24,1.0,loser,21330.0,21257.25,72.75,95.25,60.75,1.309278350515464,0.8350515463917526,6,3,15,0.0035161744022503515,0.11954992967651194,-14.129541502622201,14.207263486912025,-4.9313444591258655,0,2.3927835356953437,3,MNQ_v5
2025-05-30 17:09:00+02:00,2025-05-30 18:05:00+02:00,Short,Canal Exit,63.52,2.0,winner,21347.75,21331.5,51.75,31.25,59.75,0.6038647342995169,1.1545893719806763,8,1,17,0.08197585225609257,0.11242402595121265,40.023244008818814,-12.264844756673229,-6.068028187644607,1,13.9207396614147,2,MNQ_v5
2025-06-02 05:08:00+02:00,2025-06-02 05:36:00+02:00,Short,Canal Exit,0.26,1.0,winner,21245.0,21244.5,68.25,13.75,7.5,0.20146520146520147,0.10989010989010989,4,0,5,0.030595434219816427,0.1282654742292304,11.470862622239522,-19.7888879080473,-4.920049506948879,1,1.0311110069960705,4,MNQ_v5
2025-06-02 07:00:00+02:00,2025-06-02 08:59:00+02:00,Short,Stop Loss,-217.44,6.0,loser,21236.75,21254.5,17.75,29.25,38.75,1.647887323943662,2.183098591549296,17,2,7,0.0047088184397330105,0.04237936595759709,19.12842010539127,-7.931952761117728,-18.768233787107686,1,5.09521484751167,1,MNQ_v5
2025-06-02 19:01:00+02:00,2025-06-02 21:56:00+02:00,Long,Auto-Close (profit),145.76,1.0,winner,21460.0,21533.25,104.0,35.5,89.0,0.34134615384615385,0.8557692307692307,25,0,19,0.03844361602982293,0.09669151910531221,14.160716749657254,22.86980990389705,13.657304578415735,0,4.190031954887672,3,MNQ_v5
2025-06-03 04:19:00+02:00,2025-06-03 04:33:00+02:00,Short,Canal Exit,-52.48,2.0,loser,21456.0,21468.75,41.75,19.25,13.5,0.46107784431137727,0.32335329341317365,2,0,4,0.03379008202833706,0.09321401938851603,15.66039096794858,-39.27720576155154,-20.058264736628065,0,2.1432366093504243,2,MNQ_v5
2025-06-03 05:22:00+02:00,2025-06-03 10:09:00+02:00,Short,Canal Exit,61.52,2.0,winner,21438.75,21423.0,59.0,42.25,34.5,0.7161016949152542,0.5847457627118644,41,0,5,0.10028569762696052,0.1037840359162731,6.102212709950425,-7.927082789760875,-18.91189547331928,1,1.224229364139319,2,MNQ_v5
2025-06-03 10:44:00+02:00,2025-06-03 11:33:00+02:00,Long,Canal Exit,155.28,3.0,winner,21436.5,21462.75,38.25,6.75,28.25,0.17647058823529413,0.738562091503268,7,2,10,0.0034987054789727802,0.03965199542835818,-16.204381000898252,6.959549761679959,-1.4131663148701443,0,1.694486253996729,4,MNQ_v5
2025-06-03 18:26:00+02:00,2025-06-03 18:54:00+02:00,Long,Canal Exit,14.76,1.0,winner,21725.5,21733.25,68.5,3.75,22.25,0.05474452554744526,0.3248175182481752,4,0,18,0.1070170997215254,0.13463441577869323,15.383586202587862,37.37188142912294,4.134607757629906,0,2.691946809347428,4,MNQ_v5
2025-06-03 20:39:00+02:00,2025-06-03 21:56:00+02:00,Long,Auto-Close (loss),-3.74,1.0,loser,21705.5,21704.0,70.5,40.75,20.5,0.5780141843971631,0.2907801418439716,11,3,20,0.01958029070972795,0.04491949045172883,-46.97991627414259,4.591490615372042,4.691284071378072,0,26.318516671992256,4,MNQ_v5
2025-06-04 02:48:00+02:00,2025-06-04 03:02:00+02:00,Long,Canal Exit,-157.44,6.0,loser,21715.0,21702.25,19.5,17.5,0.5,0.8974358974358975,0.02564102564102564,2,0,2,0.01036150126640571,0.044899838821091415,-20.334070700645334,4.461954918324325,1.0642032451520476,0,0.19434540245856624,2,MNQ_v5
2025-06-04 03:23:00+02:00,2025-06-04 04:19:00+02:00,Short,Canal Exit,795.12,12.0,winner,21707.25,21673.75,9.25,0.5,40.25,0.05405405405405406,4.351351351351352,8,1,3,0.014971956374022502,0.029943912748045004,8.321271149335445,-5.930706348761884,1.0316044434063605,1,1.3942960610511363,8,MNQ_v5
2025-06-04 06:53:00+02:00,2025-06-04 07:28:00+02:00,Short,Stop Loss,-225.68,7.0,loser,21678.0,21693.75,15.75,17.5,5.0,1.1111111111111112,0.31746031746031744,5,2,6,0.03690377341083126,0.04266998800627364,24.027237872678253,-7.281047254108548,-7.588131606703185,1,3.6417186946127913,2,MNQ_v5
2025-06-04 09:34:00+02:00,2025-06-04 10:23:00+02:00,Long,Canal Exit,223.04,4.0,winner,21700.25,21728.5,25.75,7.25,48.5,0.2815533980582524,1.883495145631068,7,0,9,0.006912362760797687,0.038017995184387275,-25.798377894313795,8.577709228681153,-1.6566533900362919,0,2.3697958469201694,7,MNQ_v5
2025-06-04 13:04:00+02:00,2025-06-04 14:14:00+02:00,Long,Stop Loss,-236.2,5.0,loser,21741.25,21718.0,23.25,32.5,27.0,1.3978494623655915,1.1612903225806452,10,2,13,0.0,0.010348990973380096,-26.916958044305133,2.3197630501881283,9.81618676795499,0,3.474771967914421,2,MNQ_v5
2025-06-04 15:10:00+02:00,2025-06-04 16:06:00+02:00,Long,Stop Loss,-234.96,4.0,loser,21706.5,21677.5,29.0,41.5,87.0,1.4310344827586208,3.0,8,3,15,0.01497247368299818,0.016124202427844195,-28.320492626302713,6.601827882574738,-1.1571724201492575,0,11.970109463749395,5,MNQ_v5
2025-06-04 17:02:00+02:00,2025-06-04 17:16:00+02:00,Long,Canal Exit,-28.24,1.0,loser,21777.25,21763.5,136.25,20.5,7.5,0.15045871559633028,0.05504587155963303,2,0,17,0.048215454201058446,0.2008977258377435,-11.673691424444906,34.00496242345347,1.1335703353032685,1,0.6825028670646134,2,MNQ_v5
2025-06-05 02:55:00+02:00,2025-06-05 04:19:00+02:00,Short,Canal Exit,43.04,4.0,winner,21749.25,21743.5,25.0,9.5,17.5,0.38,0.7,12,1,2,0.02069036863340115,0.06437003574835914,40.53482067825708,-2.638853785021041,-6.354812498268045,1,5.429553037611186,4,MNQ_v5
2025-06-05 15:31:00+02:00,2025-06-05 16:13:00+02:00,Short,Canal Exit,127.76,1.0,winner,21790.25,21726.0,108.75,7.0,98.5,0.06436781609195402,0.9057471264367816,6,0,15,0.1893048496460573,0.31091887426716075,30.239940106650202,-4.188797432739619,0.002284161576266034,1,14.777002615701349,6,MNQ_v5
2025-06-05 19:29:00+02:00,2025-06-05 20:11:00+02:00,Long,Stop Loss,-248.24,1.0,loser,21783.75,21660.0,123.75,177.25,6.0,1.4323232323232322,0.048484848484848485,6,2,19,0.014919377976702817,0.044758133930108454,-41.335484557000186,13.61710282051878,-4.24901455058762,0,30.89262065609364,3,MNQ_v5
2025-06-06 08:59:00+02:00,2025-06-06 12:29:00+02:00,Long,Canal Exit,78.78,3.0,winner,21668.75,21682.25,39.5,30.75,26.25,0.7784810126582279,0.6645569620253164,30,3,8,0.006922411306605134,0.034612056533025674,-28.678953046971206,22.8732495546003,12.322696680369448,1,1.8925467262670281,1,MNQ_v5
2025-06-06 13:25:00+02:00,2025-06-06 15:03:00+02:00,Long,Canal Exit,755.04,4.0,winner,21669.0,21763.75,26.75,12.0,115.5,0.4485981308411215,4.317757009345795,14,1,13,0.02538188195117449,0.07037703631916563,-24.850634654228614,0.4262005916467333,0.8856245184239394,0,10.7089115464114,4,MNQ_v5
2025-06-06 18:05:00+02:00,2025-06-06 18:40:00+02:00,Long,Stop Loss,-226.48,2.0,loser,21824.0,21767.75,56.25,76.0,6.0,1.3511111111111112,0.10666666666666667,5,3,18,0.07331378299120235,0.14548203812316715,-13.44319437751081,11.163489960534088,3.886763015553908,0,13.828996334756084,2,MNQ_v5
2025-06-06 20:53:00+02:00,2025-06-06 21:42:00+02:00,Short,Canal Exit,147.52,2.0,winner,21835.0,21797.75,45.0,12.5,44.25,0.2777777777777778,0.9833333333333333,7,2,20,0.03778337531486146,0.081291504465308,44.78650406559459,-14.105594740336043,3.4503051766996893,1,4.19336980843218,4,MNQ_v5
2025-06-09 02:34:00+02:00,2025-06-09 09:13:00+02:00,Short,Canal Exit,23.04,4.0,winner,21755.5,21752.25,27.75,18.25,39.0,0.6576576576576577,1.4054054054054055,57,1,2,0.006894808209418309,0.01149134701569718,33.571918100951926,-12.28372988734884,-9.329966200173695,1,10.102347763626312,4,MNQ_v5
2025-06-09 17:02:00+02:00,2025-06-09 18:05:00+02:00,Short,Canal Exit,381.04,4.0,winner,21864.5,21816.5,28.0,4.5,51.25,0.16071428571428573,1.8303571428571428,9,1,17,0.0731779825744929,0.1109103798394658,41.56743358777861,-0.7937319772836309,0.042911199937317894,1,12.620238173047255,5,MNQ_v5
2025-06-09 18:33:00+02:00,2025-06-09 19:43:00+02:00,Long,Canal Exit,53.52,2.0,winner,21855.25,21869.0,42.0,21.0,29.0,0.5,0.6904761904761905,10,2,18,0.07435284428226628,0.07664062410633601,-7.866783274153015,8.96524600428435,-3.234351528399953,0,1.7038755648536608,4,MNQ_v5
2025-06-10 00:56:00+02:00,2025-06-10 02:27:00+02:00,Short,Stop Loss,-240.66,9.0,loser,21831.0,21844.0,13.0,14.0,16.0,1.0769230769230769,1.2307692307692308,13,0,0,0.02175805047867711,0.02175805047867711,42.101004696301274,-21.462150821473255,-12.421010274181643,1,5.117855730968586,2,MNQ_v5
2025-06-10 15:45:00+02:00,2025-06-10 17:30:00+02:00,Long,Stop Loss,-223.48,2.0,loser,21873.5,21818.0,55.5,130.5,19.75,2.3513513513513513,0.35585585585585583,15,0,15,0.09829245433972615,0.1131506160422429,-20.49611129390307,7.989580766415219,-1.3838895586138824,0,5.126523388069472,6,MNQ_v5
2025-06-10 17:51:00+02:00,2025-06-10 19:08:00+02:00,Long,Canal Exit,115.26,1.0,winner,21866.5,21924.5,123.5,1.5,64.0,0.012145748987854251,0.5182186234817814,11,0,17,0.027439233530743377,0.18521482633251776,-13.094618255444725,4.303683491594586,2.875108753779164,0,16.190899528977752,5,MNQ_v5
2025-06-11 00:07:00+02:00,2025-06-11 03:02:00+02:00,Long,Stop Loss,-173.48,2.0,loser,21953.75,21910.75,43.0,47.25,48.25,1.0988372093023255,1.122093023255814,25,0,0,0.0011387576154415532,0.019358879462506407,-0.35095153704269033,5.553505189035844,6.18647698160215,0,3.5491989492365974,3,MNQ_v5
2025-06-11 15:17:00+02:00,2025-06-11 16:48:00+02:00,Short,Canal Exit,-138.48,2.0,loser,22021.25,22055.5,47.25,39.25,106.25,0.8306878306878307,2.248677248677249,13,2,15,0.0,0.017029006073678833,25.18379719584579,-3.741251386051866,13.012220882943282,1,18.57555261788366,5,MNQ_v5
2025-06-11 17:30:00+02:00,2025-06-11 18:19:00+02:00,Short,Canal Exit,257.52,2.0,winner,22018.0,21953.25,48.75,9.5,110.75,0.19487179487179487,2.2717948717948717,7,1,17,0.004541738577527478,0.10105368334998638,44.42845291473534,-3.973618789892027,2.0902358253580786,0,1.979993995904806,7,MNQ_v5
2025-06-11 19:57:00+02:00,2025-06-11 20:18:00+02:00,Short,Canal Exit,1.76,1.0,winner,21860.25,21859.0,159.0,37.0,70.0,0.23270440251572327,0.44025157232704404,3,0,19,0.33851396941937995,0.4025571528230464,33.97664956463702,-35.3070466153726,-5.857331760697696,0,3.7725650835054694,3,MNQ_v5
2025-06-12 09:41:00+02:00,2025-06-12 10:09:00+02:00,Short,Canal Exit,82.76,1.0,winner,21795.0,21753.25,63.75,4.5,78.5,0.07058823529411765,1.231372549019608,4,2,9,0.12044046799724707,0.12044046799724707,31.629271639155082,-21.82088885453642,10.675350490528006,0,2.9771838322049007,4,MNQ_v5
2025-06-12 18:19:00+02:00,2025-06-12 21:49:00+02:00,Long,Stop Loss,-236.22,3.0,loser,21931.5,21892.5,39.0,39.5,37.0,1.0128205128205128,0.9487179487179487,30,0,18,0.019378519481111644,0.029637735676994275,-22.791357556313205,16.1731786749235,14.415844378235183,0,14.969686558528338,4,MNQ_v5
2025-06-13 01:59:00+02:00,2025-06-13 02:34:00+02:00,Short,Canal Exit,151.76,1.0,winner,21658.0,21581.75,230.25,60.5,103.0,0.26275787187839306,0.44733984799131377,5,0,1,0.8576507526087358,0.9811616954474097,16.56827435297855,-34.14124069831548,-15.006433002815802,0,6.779907454416389,5,MNQ_v5
2025-06-13 04:33:00+02:00,2025-06-13 08:59:00+02:00,Short,Stop Loss,-192.24,1.0,loser,21524.0,21619.75,95.75,101.75,53.5,1.0626631853785902,0.5587467362924282,38,0,4,0.013937929752834045,0.11847240289908939,27.133521885987975,-27.268162348962647,-27.74325746349592,1,30.14469338809431,3,MNQ_v5
2025-06-13 15:31:00+02:00,2025-06-13 15:59:00+02:00,Long,Canal Exit,-56.74,1.0,loser,21754.5,21726.5,128.5,42.75,41.75,0.3326848249027237,0.32490272373540857,4,1,15,0.15054356569905075,0.4826587602564987,-39.994542582185204,4.714368220382632,5.50387494383275,0,8.223551074574061,4,MNQ_v5
2025-06-13 16:20:00+02:00,2025-06-13 16:34:00+02:00,Short,Canal Exit,-129.24,1.0,loser,21657.0,21721.25,139.25,76.75,39.5,0.5511669658886894,0.2836624775583483,2,1,16,0.13621461882993952,0.143140785889089,34.44615948147778,-23.9865961632692,8.069968198438737,1,9.02900832661544,2,MNQ_v5
2025-06-13 22:59:00+02:00,2025-06-16 00:42:00+02:00,Short,Stop Loss,-223.7,5.0,loser,21654.0,21676.0,22.0,36.0,149.0,1.6363636363636365,6.7727272727272725,7,0,22,0.012699732151103723,0.0161632954650411,25.528318664755663,-7.675562740200903,-8.05335969078746,1,10.471762172615854,3,MNQ_v5
2025-06-16 10:44:00+02:00,2025-06-16 11:12:00+02:00,Long,Stop Loss,-204.72,3.0,loser,22007.75,21974.0,33.75,39.75,3.75,1.1777777777777778,0.1111111111111111,4,0,10,0.006815780804489328,0.040894684826935965,-13.95117589724665,21.413198083166755,25.45285737729594,0,3.5338128723888076,2,MNQ_v5
2025-06-16 15:45:00+02:00,2025-06-16 21:56:00+02:00,Long,Auto-Close (profit),151.76,1.0,winner,22099.75,22176.0,88.0,3.5,124.75,0.03977272727272727,1.4176136363636365,53,0,15,0.06674283645742599,0.1165171551714386,-8.997546934726556,28.372928184484124,24.45897153115402,1,2.3449572588215233,6,MNQ_v5
2025-06-17 03:30:00+02:00,2025-06-17 04:47:00+02:00,Short,Stop Loss,-176.48,2.0,loser,22058.5,22102.25,43.75,51.5,37.25,1.177142857142857,0.8514285714285714,11,0,3,0.05213409796677018,0.11333499557993516,27.909089951398563,-10.669572577502558,-16.81142716225647,1,13.349638985862839,2,MNQ_v5
2025-06-17 07:28:00+02:00,2025-06-17 09:06:00+02:00,Long,Stop Loss,-221.22,3.0,loser,22089.0,22052.5,36.5,45.0,34.25,1.2328767123287672,0.9383561643835616,14,0,7,0.039612476798406446,0.0656435329802164,-31.672589997381557,29.269484574137223,-3.5047290207646475,1,1.3046047779425862,2,MNQ_v5
2025-06-17 13:04:00+02:00,2025-06-17 13:32:00+02:00,Long,Canal Exit,91.52,2.0,winner,22043.0,22066.25,47.25,0.0,28.0,0.0,0.5925925925925926,4,1,13,0.007939028262940616,0.03969514131470308,-29.108848836409543,12.890294480193484,-5.178486390629056,0,1.170286178261449,4,MNQ_v5
2025-06-17 15:52:00+02:00,2025-06-17 16:27:00+02:00,Long,Canal Exit,33.26,1.0,winner,22088.75,22105.75,62.5,18.75,45.0,0.3,0.72,5,0,15,0.07922585026314301,0.23880934865033107,-39.510623493643784,5.634669959606502,-1.5021736032308024,0,0.06349378063896438,5,MNQ_v5
2025-06-17 18:05:00+02:00,2025-06-17 18:26:00+02:00,Long,Canal Exit,-52.48,2.0,loser,22129.5,22116.75,51.75,28.0,5.5,0.5410628019323671,0.10628019323671498,3,0,18,0.04292912176054588,0.1186199417067715,3.5164711038889607,18.78874042478511,0.6224199696501955,0,1.3087278874736512,3,MNQ_v5
2025-06-17 18:47:00+02:00,2025-06-17 19:15:00+02:00,Short,Canal Exit,48.26,1.0,winner,22053.25,22028.75,81.75,11.25,39.25,0.13761467889908258,0.4801223241590214,4,1,18,0.18931450013036627,0.26753426365728405,30.11812178912198,-11.442365032904531,1.1575131584509575,0,3.047828101007326,4,MNQ_v5
2025-06-18 01:24:00+02:00,2025-06-18 01:52:00+02:00,Long,Canal Exit,11.280000000000001,3.0,winner,21895.25,21897.5,32.5,9.25,30.75,0.2846153846153846,0.9461538461538461,4,0,1,0.03539580502620431,0.06394080907959489,-33.33125162437424,0.7028816971634909,-9.125743909111451,0,1.7561376970916172,4,MNQ_v5
2025-06-18 08:59:00+02:00,2025-06-18 09:34:00+02:00,Short,Stop Loss,-202.96,4.0,loser,22005.5,22030.5,25.0,26.25,2.25,1.05,0.09,5,2,8,0.003408238849378565,0.03521846811024516,31.542041587758515,-11.552818356204748,14.3223294498051,1,1.7541501194864395,2,MNQ_v5
2025-06-18 10:51:00+02:00,2025-06-18 11:19:00+02:00,Long,Canal Exit,117.04,4.0,winner,22032.5,22047.5,27.0,2.5,32.75,0.09259259259259259,1.212962962962963,4,0,10,0.044252808351299217,0.06013843186202201,5.47807908958174,9.298745717694576,14.863925634077182,0,2.407905436499277,4,MNQ_v5
2025-06-18 14:56:00+02:00,2025-06-18 15:03:00+02:00,Short,Canal Exit,-83.22,3.0,loser,21992.75,22006.25,37.75,17.25,2.25,0.45695364238410596,0.059602649006622516,1,1,14,0.0034102147298541562,0.02728171783883325,31.25591881275355,-25.3698698799497,-4.102625052720846,0,3.6883411407034146,1,MNQ_v5
2025-06-18 15:59:00+02:00,2025-06-18 16:34:00+02:00,Long,Canal Exit,105.26,1.0,winner,22018.5,22071.5,92.0,11.0,77.75,0.11956521739130435,0.845108695652174,5,0,15,0.04541635442922996,0.05563503417580671,4.666057445780488,14.8664019371341,-4.598792323499814,0,2.7274277483593323,5,MNQ_v5
2025-06-19 01:03:00+02:00,2025-06-19 01:24:00+02:00,Long,Canal Exit,-92.96,4.0,loser,21937.25,21926.0,26.25,15.75,0.5,0.6,0.01904761904761905,3,0,1,0.018233826026507423,0.061539162839462556,-40.85960481956825,2.9918104018440848,-2.4196615999920073,0,5.603422277796199,3,MNQ_v5
2025-06-19 01:45:00+02:00,2025-06-19 03:02:00+02:00,Short,Canal Exit,11863.0,50.0,winner,21952.0,21833.0,2.25,1.25,162.0,0.5555555555555556,72.0,11,2,1,0.10591290087463556,0.10932944606413994,-4.15405236243474,-1.993332793370667,-2.2271769605639062,1,8.21360580786859,7,MNQ_v5
2025-06-19 17:37:00+02:00,2025-06-19 18:33:00+02:00,Short,Stop Loss,-230.22,3.0,loser,21703.0,21741.0,38.0,39.0,26.5,1.0263157894736843,0.6973684210526315,8,0,17,0.04607657927475464,0.1658756853891167,21.997604824236646,-8.279114562786864,-15.476876275379206,1,11.639227311563445,4,MNQ_v5
2025-06-20 09:34:00+02:00,2025-06-20 10:44:00+02:00,Long,Stop Loss,-225.68,7.0,loser,21908.25,21892.5,15.75,20.5,41.25,1.3015873015873016,2.619047619047619,10,0,9,0.02852806591124348,0.03081031118414296,-37.12614696634104,3.5669533393987893,2.4483758713828587,0,9.683775638208317,6,MNQ_v5
2025-06-20 19:22:00+02:00,2025-06-20 20:32:00+02:00,Short,Canal Exit,-152.24,1.0,loser,21799.5,21875.25,117.0,101.25,39.5,0.8653846153846154,0.33760683760683763,10,0,19,0.2695015940732585,0.40023853758113714,31.46785067960662,-12.861294497460067,-19.2568774402464,1,3.3189453345476068,3,MNQ_v5
2025-06-20 20:53:00+02:00,2025-06-20 21:56:00+02:00,Short,Auto-Close (loss),-53.24,1.0,loser,21816.5,21842.75,84.25,78.5,18.5,0.9317507418397626,0.2195845697329377,9,3,20,0.20053629133912404,0.2509568445901038,40.14084331288734,-4.63972764359817,-5.041536608607558,1,23.82579814613564,5,MNQ_v5
2025-06-23 00:49:00+02:00,2025-06-23 02:34:00+02:00,Long,Canal Exit,-30.24,1.0,loser,21744.0,21729.25,182.0,36.75,31.0,0.20192307692307693,0.17032967032967034,15,0,0,0.03564201618837381,0.09887785136129507,-4.4805146448379185,10.954925044257173,1.7015935381513185,0,38.83082628378179,2,MNQ_v5
2025-06-23 07:14:00+02:00,2025-06-23 10:09:00+02:00,Long,Canal Exit,463.52,2.0,winner,21801.5,21917.75,44.5,12.75,143.25,0.28651685393258425,3.2191011235955056,25,0,7,0.029814462307639383,0.19150058482214527,-9.184842357722351,19.11444678527892,22.02558236890732,1,3.002551768484409,3,MNQ_v5
2025-06-23 19:01:00+02:00,2025-06-23 21:00:00+02:00,Long,Canal Exit,325.26,1.0,winner,21892.5,22055.5,154.0,4.0,197.5,0.025974025974025976,1.2824675324675325,17,3,19,0.21240150736553612,0.29005367134863536,-33.21364979554988,6.494617917221667,-5.436687142538097,0,26.321804700957728,6,MNQ_v5
2025-06-24 03:09:00+02:00,2025-06-24 07:49:00+02:00,Long,Canal Exit,201.52,2.0,winner,22239.5,22290.25,45.5,24.25,63.5,0.532967032967033,1.3956043956043955,40,3,3,0.028103149801029702,0.09779896130758334,-17.976859279302527,7.348922003588841,20.073081305870804,0,12.473165886454808,7,MNQ_v5
2025-06-24 10:23:00+02:00,2025-06-24 13:18:00+02:00,Long,Stop Loss,-139.24,1.0,loser,22331.5,22262.25,69.25,80.25,20.75,1.1588447653429603,0.2996389891696751,25,1,10,0.049257774891968746,0.12202494234601349,-25.600082778440083,11.463126139098105,3.7037732066995526,0,19.411199862392095,2,MNQ_v5
2025-06-24 19:50:00+02:00,2025-06-24 21:56:00+02:00,Long,Auto-Close (loss),-47.48,2.0,loser,22416.75,22405.25,51.75,20.75,31.0,0.40096618357487923,0.5990338164251208,18,0,19,0.012267612388058036,0.06245329943011364,-10.78071801903242,16.906136317530112,10.166564093289114,0,5.36104838407482,3,MNQ_v5
2025-06-25 02:55:00+02:00,2025-06-25 05:08:00+02:00,Short,Canal Exit,71.82,7.0,winner,22418.5,22413.0,16.25,4.0,26.0,0.24615384615384617,1.6,19,3,2,0.03456966344759908,0.05575752168967594,34.80980439300433,-3.4870321378996825,9.907639291482967,1,1.7665716667252127,6,MNQ_v5
2025-06-25 05:50:00+02:00,2025-06-25 06:46:00+02:00,Short,Stop Loss,-225.68,7.0,loser,22407.0,22422.75,15.75,17.5,1.25,1.1111111111111112,0.07936507936507936,8,1,5,0.0044628910608292055,0.020083009773731425,43.63222032709926,-12.720709146650549,5.316061738788749,1,2.968389659872628,3,MNQ_v5
2025-06-25 20:46:00+02:00,2025-06-25 21:56:00+02:00,Short,Stop Loss,-193.48,2.0,loser,22414.75,22462.75,48.0,52.25,7.25,1.0885416666666667,0.15104166666666666,10,0,20,0.016730054986114053,0.0301140989750053,2.3342528536978313,-0.04433278776737792,-15.356800370694168,1,0.915840721798304,2,MNQ_v5
2025-06-26 01:52:00+02:00,2025-06-26 03:51:00+02:00,Long,Canal Exit,5.04,4.0,winner,22465.75,22466.75,27.75,9.25,15.25,0.3333333333333333,0.5495495495495496,17,2,1,0.03338415143051089,0.05675305743186851,-7.116920740966821,7.946841320067083,15.618215767616972,0,2.403533991513541,8,MNQ_v5
2025-06-26 04:19:00+02:00,2025-06-26 05:36:00+02:00,Long,Canal Exit,271.32,7.0,winner,22478.5,22498.25,15.25,9.25,25.25,0.6065573770491803,1.6557377049180328,11,3,4,0.008897390840136129,0.03002869408545944,-36.0709557839547,23.97108186604935,-3.4826091226537415,0,0.33755112556536915,2,MNQ_v5
2025-06-26 06:18:00+02:00,2025-06-26 06:46:00+02:00,Short,Stop Loss,-242.4,10.0,loser,22492.0,22503.75,11.75,12.5,1.0,1.0638297872340425,0.0851063829787234,4,3,6,0.0111150631335586,0.02000711364040548,39.94888062778744,-9.570787471325588,11.794126857880295,1,0.05005960928974673,1,MNQ_v5
2025-06-26 07:49:00+02:00,2025-06-26 08:38:00+02:00,Long,Canal Exit,181.56,6.0,winner,22507.25,22522.75,17.5,1.0,25.75,0.05714285714285714,1.4714285714285715,7,1,7,0.019993557631429872,0.04331937486809805,-9.909079622665821,7.631918887682841,21.157850581427265,0,1.8654539177223342,4,MNQ_v5
2025-06-26 09:34:00+02:00,2025-06-26 10:02:00+02:00,Short,Canal Exit,-86.96,4.0,loser,22531.0,22541.5,26.25,20.25,5.25,0.7714285714285715,0.2,4,2,9,0.013314988238427057,0.01664373529803382,33.96635117680786,-12.84105427983824,17.430540028071498,1,1.0843914492143085,4,MNQ_v5
2025-06-26 10:23:00+02:00,2025-06-26 10:44:00+02:00,Long,Canal Exit,-23.48,2.0,loser,22568.0,22562.5,42.25,7.75,8.5,0.1834319526627219,0.20118343195266272,3,1,10,0.011077632045373981,0.07643566111308048,-16.964469584263707,30.92023514891983,17.685437210882288,1,2.3219228553716675,3,MNQ_v5
2025-06-26 21:42:00+02:00,2025-06-26 21:56:00+02:00,Long,Auto-Close (profit),102.08,8.0,winner,22666.5,22673.25,14.0,20.5,26.25,1.4642857142857142,1.875,2,0,21,0.03198552930536254,0.09154479077052037,-11.532682840094871,4.455402414810737,9.048855205012527,0,8.863195614809229,1,MNQ_v5
2025-06-27 01:10:00+02:00,2025-06-27 01:38:00+02:00,Short,Canal Exit,-70.96,4.0,loser,22676.0,22684.5,28.5,13.25,0.5,0.4649122807017544,0.017543859649122806,4,0,1,0.040792026812488974,0.09481390015875817,31.010639160989875,-15.040866272016373,-9.211235111343006,0,0.478736885896069,4,MNQ_v5
2025-06-27 07:00:00+02:00,2025-06-27 07:56:00+02:00,Long,Canal Exit,430.64,14.0,winner,22694.75,22710.5,8.0,2.5,23.5,0.3125,2.9375,8,0,7,0.027539408894127496,0.060586699567080494,16.63431980883839,13.286231052865507,10.972640824005868,0,0.6977332554452005,2,MNQ_v5
2025-06-27 10:44:00+02:00,2025-06-27 14:49:00+02:00,Long,Canal Exit,-145.18,7.0,loser,22739.25,22729.25,16.25,15.0,48.25,0.9230769230769231,2.9692307692307693,35,1,10,0.013193047264091822,0.03847972118693448,-18.230878801060527,6.586704748699092,12.596492950372006,0,3.1963519477430964,3,MNQ_v5
2025-06-27 16:55:00+02:00,2025-06-27 19:22:00+02:00,Short,Canal Exit,-36.24,1.0,loser,22753.0,22770.75,70.75,67.0,0.75,0.9469964664310954,0.01060070671378092,21,2,16,0.09339427767766888,0.1889860677712829,47.14230881270173,-11.770930393839453,1.7554480318978065,1,6.65669743167382,3,MNQ_v5
2025-06-30 02:41:00+02:00,2025-06-30 11:40:00+02:00,Long,Canal Exit,344.28,3.0,winner,22836.25,22894.0,32.5,23.5,79.75,0.7230769230769231,2.453846153846154,77,0,2,0.0010947506705347857,0.0076632546937435,-33.24599002483841,39.877834976862,19.423869562705185,0,4.587803086709755,1,MNQ_v5
2025-06-30 13:46:00+02:00,2025-06-30 14:21:00+02:00,Long,Stop Loss,-221.2,5.0,loser,22903.25,22881.5,21.75,22.0,0.0,1.0114942528735633,0.0,5,0,13,0.016373222140962526,0.07422527370569679,-20.559334423402266,13.983634993321106,0.9060212751934762,0,1.9872529824860976,1,MNQ_v5
2025-06-30 20:53:00+02:00,2025-06-30 21:28:00+02:00,Long,Canal Exit,62.26,1.0,winner,22849.25,22880.75,69.25,1.25,44.25,0.018050541516245487,0.6389891696750902,5,1,20,0.12035405976126132,0.1750604505618346,-3.7693399901780165,4.894524544166417,-0.24187808666161764,1,0.44740566915425006,5,MNQ_v5
2025-07-01 09:34:00+02:00,2025-07-01 12:29:00+02:00,Short,Canal Exit,53.28,3.0,winner,22835.75,22826.5,30.25,22.75,23.0,0.7520661157024794,0.7603305785123967,25,2,9,0.06021260523521233,0.10181404157954085,20.37980340545782,-9.635413822163883,-14.44312919693085,1,5.754331277239544,3,MNQ_v5
2025-07-02 01:24:00+02:00,2025-07-02 03:44:00+02:00,Short,Canal Exit,47.32,7.0,winner,22711.5,22707.75,17.0,10.75,9.75,0.6323529411764706,0.5735294117647058,20,3,1,0.009906875371507825,0.022015278603350726,39.95964435339448,-0.7897873368660899,-2.9602874575921456,1,2.8470595324470196,4,MNQ_v5
2025-07-02 15:24:00+02:00,2025-07-02 16:13:00+02:00,Long,Canal Exit,191.76,1.0,winner,22663.25,22759.5,78.5,12.5,101.75,0.1592356687898089,1.2961783439490446,7,3,15,0.08273305902727984,0.09817656337903875,-35.82693998433477,26.609341114564096,-18.92861277652403,1,6.966587280192471,7,MNQ_v5
2025-07-03 00:21:00+02:00,2025-07-03 00:35:00+02:00,Short,Canal Exit,-78.96,4.0,loser,22836.0,22845.5,27.0,10.75,4.0,0.39814814814814814,0.14814814814814814,2,0,0,0.01970572779821335,0.05254860746190226,34.74267337547091,-22.952240214277275,7.233469335621522,0,0.11906595098116668,2,MNQ_v5
2025-07-03 00:56:00+02:00,2025-07-03 04:26:00+02:00,Long,Stop Loss,-215.18,7.0,loser,22846.5,22831.5,15.0,19.5,25.0,1.3,1.6666666666666667,30,2,0,0.009848335631278314,0.01860241174797015,-32.941518266641836,10.741482665751592,7.918907394347552,0,4.290177489281632,4,MNQ_v5
2025-07-03 06:04:00+02:00,2025-07-03 07:56:00+02:00,Short,Canal Exit,-22.68,7.0,loser,22866.25,22867.5,16.0,8.75,15.5,0.546875,0.96875,16,1,6,0.01749303012081124,0.019679658885912645,42.37526699731072,-1.2886975595466605,7.8887586808835355,1,7.193102839599305,3,MNQ_v5
2025-07-04 03:58:00+02:00,2025-07-04 04:26:00+02:00,Short,Canal Exit,147.04,4.0,winner,23025.25,23006.5,24.5,0.5,33.25,0.02040816326530612,1.3571428571428572,4,0,3,0.00977188086991455,0.0325729362330485,37.158730816455666,-24.031284181804004,-10.747986964061798,1,3.4456425476601,4,MNQ_v5
2025-07-04 05:50:00+02:00,2025-07-04 09:55:00+02:00,Short,Canal Exit,1732.64,14.0,winner,23011.5,22949.25,8.0,4.5,69.0,0.5625,8.625,35,0,5,0.013036959780979076,0.014123373096060664,28.25827500224988,-1.5157010332896816,-10.506098498270982,1,5.0623915178875905,3,MNQ_v5
2025-07-07 00:14:00+02:00,2025-07-07 00:35:00+02:00,Long,Canal Exit,-16.74,1.0,loser,22999.0,22991.0,103.5,21.25,3.0,0.20531400966183574,0.028985507246376812,3,2,0,0.044567155093699726,0.0902213139701726,-25.202858921610222,11.544157615716228,3.460165262669595,1,9.14778552401549,3,MNQ_v5
2025-07-07 00:56:00+02:00,2025-07-07 01:17:00+02:00,Short,Stop Loss,-218.22,3.0,loser,22966.0,23002.0,36.0,38.5,6.0,1.0694444444444444,0.16666666666666666,3,1,0,0.08708525646608029,0.1186536619350344,27.984386630717403,-8.851540991611111,3.406560792095856,1,18.601651995595603,2,MNQ_v5
2025-07-07 06:32:00+02:00,2025-07-07 07:28:00+02:00,Short,Canal Exit,60.78,3.0,winner,22951.75,22941.25,39.0,4.75,20.0,0.12179487179487179,0.5128205128205128,8,2,6,0.06426525210495931,0.06535449366606032,38.4598293668455,-8.969890317898743,2.0676955091209157,1,4.497877285561117,8,MNQ_v5
2025-07-07 07:49:00+02:00,2025-07-07 08:10:00+02:00,Long,Stop Loss,-229.92,8.0,loser,22945.75,22931.75,14.0,16.25,6.5,1.1607142857142858,0.4642857142857143,3,1,7,0.006537158297288168,0.031596265103559486,-33.407402368616644,8.931912026923813,3.8044234454135233,0,2.54449049122195,2,MNQ_v5
2025-07-07 10:09:00+02:00,2025-07-07 10:44:00+02:00,Short,Canal Exit,29.04,4.0,winner,22924.5,22920.5,25.0,11.25,9.25,0.45,0.37,5,3,10,0.03380662609871535,0.05561735261401557,13.42626332484781,-4.080939407369489,-6.261810112837932,0,0.08493933752470184,5,MNQ_v5
2025-07-07 18:40:00+02:00,2025-07-07 19:01:00+02:00,Short,Canal Exit,5.26,1.0,winner,22871.75,22868.75,91.0,14.25,22.0,0.1565934065934066,0.24175824175824176,3,2,18,0.13335227955884443,0.13772448544601965,31.137141085421842,-10.51555575747612,-5.006274959944661,0,2.0268844632446417,3,MNQ_v5
2025-07-07 20:18:00+02:00,2025-07-07 20:39:00+02:00,Short,Canal Exit,-73.24,1.0,loser,22816.75,22853.0,111.25,39.75,36.5,0.35730337078651686,0.32808988764044944,3,0,20,0.10847294202723876,0.2509121588306836,-18.64236597676905,-20.650356270626133,-8.578458960770641,0,0.45444719953957247,3,MNQ_v5
2025-07-07 21:35:00+02:00,2025-07-07 21:56:00+02:00,Short,Stop Loss,-181.48,2.0,loser,22845.5,22890.5,45.0,47.25,4.75,1.05,0.10555555555555556,3,0,21,0.05362106322908232,0.0831673633757195,30.059771589807244,-7.781678602800387,-7.721833143255489,1,14.710288361893618,2,MNQ_v5
2025-07-08 04:33:00+02:00,2025-07-08 05:01:00+02:00,Long,Canal Exit,-46.48,2.0,loser,22936.5,22925.25,51.0,13.75,2.25,0.2696078431372549,0.04411764705882353,4,0,4,0.08501733045582369,0.11989623525821289,-43.212849684896085,17.750119211900504,19.365104773817716,0,7.984780018487072,4,MNQ_v5
2025-07-08 06:25:00+02:00,2025-07-08 06:46:00+02:00,Long,Stop Loss,-233.64,11.0,loser,22921.0,22910.75,10.25,14.25,6.25,1.3902439024390243,0.6097560975609756,3,3,6,0.010907028489158413,0.019632651280485146,-21.73417074695032,5.016767928900777,13.111594127878877,0,6.522340015035297,2,MNQ_v5
2025-07-08 09:13:00+02:00,2025-07-08 09:34:00+02:00,Short,Canal Exit,-196.96,4.0,loser,22924.25,22948.5,27.5,26.5,6.75,0.9636363636363636,0.24545454545454545,3,2,9,0.030535350120505577,0.04471247696216888,16.80982763919296,-9.781839748387704,2.2213932217151617,0,2.204839458085189,3,MNQ_v5
2025-07-08 09:55:00+02:00,2025-07-08 10:02:00+02:00,Long,Canal Exit,-33.72,3.0,loser,22950.75,22945.5,33.25,6.75,2.25,0.20300751879699247,0.06766917293233082,1,2,9,0.041392982800126356,0.06644663028441336,-15.89544859176619,34.097058413137404,6.855998477488511,1,1.104226546602149,1,MNQ_v5
2025-07-08 10:23:00+02:00,2025-07-08 11:26:00+02:00,Short,Canal Exit,95.04,4.0,winner,22947.0,22934.75,25.0,7.0,18.25,0.28,0.73,9,0,10,0.022878807687279384,0.06427855493092778,32.19560944019358,-7.55444055275002,10.264191894618177,1,4.1341978536656825,3,MNQ_v5
2025-07-08 15:38:00+02:00,2025-07-08 16:13:00+02:00,Short,Canal Exit,96.52,2.0,winner,22905.25,22880.75,51.0,19.75,39.25,0.3872549019607843,0.7696078431372549,5,1,15,0.013097433994389932,0.12224271728097269,20.323437575002373,-9.038950675850336,-7.5976956340915915,0,0.5015977333387127,5,MNQ_v5
2025-07-08 18:54:00+02:00,2025-07-08 21:56:00+02:00,Short,Auto-Close (profit),72.52,2.0,winner,22910.25,22891.75,52.5,32.25,40.25,0.6142857142857143,0.7666666666666667,26,3,18,0.02073307798910968,0.032736438930173174,41.597538355594516,-8.14435084660989,-8.860793426392117,1,9.27322542075126,4,MNQ_v5
2025-07-09 04:40:00+02:00,2025-07-09 08:17:00+02:00,Short,Canal Exit,280.56,6.0,winner,22883.5,22859.75,17.25,12.5,40.25,0.7246376811594203,2.3333333333333335,31,1,4,0.0021849804444250224,0.00873992177770009,34.28203322114712,-9.652838209596135,-10.887914373448272,1,4.1409257345076185,5,MNQ_v5
2025-07-09 13:18:00+02:00,2025-07-09 14:42:00+02:00,Long,Canal Exit,158.8,5.0,winner,22938.25,22954.5,22.25,8.25,17.25,0.3707865168539326,0.7752808988764045,12,0,13,0.045775070024958314,0.04686495264460018,-15.672700787610882,15.120789823064964,14.5773433322729,0,2.5886844239212223,3,MNQ_v5
2025-07-10 00:07:00+02:00,2025-07-10 01:45:00+02:00,Long,Stop Loss,-222.96,4.0,loser,23058.75,23031.25,27.5,28.75,7.25,1.0454545454545454,0.2636363636363636,14,0,0,0.03360980105166152,0.07155635062611806,-14.452490165437926,18.587244474097737,25.60939244342123,0,4.354800421242544,4,MNQ_v5
2025-07-10 05:08:00+02:00,2025-07-10 09:48:00+02:00,Short,Stop Loss,-233.7,5.0,loser,22998.5,23021.5,23.0,23.0,20.5,1.0,0.8913043478260869,40,1,5,0.039132986933930476,0.07826597386786095,38.65042696865879,-9.599086726516537,-17.794131451583308,1,4.515512391393713,5,MNQ_v5
2025-07-10 15:10:00+02:00,2025-07-10 15:31:00+02:00,Long,Stop Loss,-206.2,5.0,loser,23055.25,23035.0,20.25,33.25,34.5,1.6419753086419753,1.7037037037037037,3,1,15,0.016265275804860063,0.018433979245508072,-27.573697922749425,4.207022621385794,6.222899440511769,0,8.902677087178745,3,MNQ_v5
2025-07-10 15:52:00+02:00,2025-07-10 16:13:00+02:00,Short,Canal Exit,-43.24,1.0,loser,22942.75,22964.0,147.0,24.75,41.75,0.1683673469387755,0.28401360544217685,3,0,15,0.2844035697551514,0.37702542197426203,29.971884836099633,-27.205036088235186,-2.715122397970945,0,7.0056603858902236,3,MNQ_v5
2025-07-10 18:19:00+02:00,2025-07-10 19:29:00+02:00,Short,Stop Loss,-238.44,6.0,loser,23005.75,23025.25,19.5,21.5,23.0,1.1025641025641026,1.1794871794871795,10,1,18,0.10540843050107038,0.12714212751160037,45.17086731806815,-2.2557004591811762,-12.68202791297075,1,9.612781384515984,2,MNQ_v5
2025-07-11 01:38:00+02:00,2025-07-11 01:52:00+02:00,Short,Stop Loss,-231.66,9.0,loser,23033.5,23046.0,12.5,15.0,1.25,1.2,0.1,2,2,1,0.00325612694553585,0.02713439121279875,35.468987291885774,-3.60559744732468,-6.113961209714909,0,0.09342804302286822,1,MNQ_v5
2025-07-11 19:43:00+02:00,2025-07-11 19:57:00+02:00,Short,Canal Exit,-78.72,3.0,loser,22989.0,23001.75,32.75,18.25,5.25,0.5572519083969466,0.16030534351145037,2,0,19,0.09569794249423637,0.22510766018530604,31.402084153882335,-4.264145891802753,5.837906212992991,0,0.6997445998786134,2,MNQ_v5
2025-07-14 13:04:00+02:00,2025-07-14 13:11:00+02:00,Long,Stop Loss,-213.7,5.0,loser,22891.25,22870.25,21.0,24.25,1.0,1.1547619047619047,0.047619047619047616,1,0,13,0.021842407033255067,0.03603997160487086,-32.86704475256492,9.465403215110374,11.880999048807448,0,6.293522451276658,2,MNQ_v5
2025-07-14 19:01:00+02:00,2025-07-14 21:56:00+02:00,Long,Auto-Close (loss),-42.48,2.0,loser,23044.75,23034.5,45.25,28.75,23.0,0.6353591160220995,0.5082872928176796,25,0,19,0.027121144729276733,0.050987752091040256,11.324444703697662,32.35148224831813,12.331590590643243,0,3.282047852546384,3,MNQ_v5
2025-07-15 02:41:00+02:00,2025-07-15 03:37:00+02:00,Short,Stop Loss,-236.18,7.0,loser,23003.25,23019.75,16.5,23.0,7.0,1.393939393939394,0.42424242424242425,8,1,2,0.009781226565811353,0.009781226565811353,26.258961304621685,-7.44392417824032,1.3935932738052412,1,3.2126304165431065,4,MNQ_v5
2025-07-15 04:26:00+02:00,2025-07-15 05:57:00+02:00,Short,Canal Exit,-80.24,1.0,loser,23057.25,23097.0,116.5,43.75,18.0,0.37553648068669526,0.15450643776824036,13,2,4,0.07481377874638129,0.1019202203211571,43.76830771409051,-4.0563889894140726,9.791105064169932,1,32.736694694416656,5,MNQ_v5
2025-07-15 09:13:00+02:00,2025-07-15 15:24:00+02:00,Long,Canal Exit,1252.6,10.0,winner,23143.5,23206.5,11.5,11.25,79.25,0.9782608695652174,6.891304347826087,53,3,9,0.006481301445330222,0.022684555058655777,-30.29480341089866,9.87269802254003,19.18626687541567,0,6.950889146850386,6,MNQ_v5
2025-07-15 15:45:00+02:00,2025-07-15 16:06:00+02:00,Short,Canal Exit,-52.74,1.0,loser,23159.5,23185.5,63.25,29.0,40.5,0.45849802371541504,0.6403162055335968,3,2,15,0.01943047129687601,0.035622530710939355,39.10493679438325,-6.832874731064219,10.883420598590394,1,0.9670223361827084,3,MNQ_v5
2025-07-15 18:33:00+02:00,2025-07-15 19:08:00+02:00,Short,Canal Exit,123.52,2.0,winner,23136.25,23105.0,44.75,16.0,53.75,0.3575418994413408,1.2011173184357542,5,0,18,0.0810416554108812,0.1166999837916689,36.840324228837375,-22.86192389134526,-10.19481995400417,0,0.7385324874121579,1,MNQ_v5
2025-07-15 20:46:00+02:00,2025-07-15 21:56:00+02:00,Short,Auto-Close (profit),333.52,2.0,winner,23135.75,23052.0,44.25,2.5,87.75,0.05649717514124294,1.9830508474576272,10,2,20,0.08428514312265649,0.09941324573441535,44.39730627352991,-6.108446212768449,-1.3379988312348934,1,9.835470335034188,4,MNQ_v5
2025-07-16 01:24:00+02:00,2025-07-16 03:58:00+02:00,Short,Stop Loss,-180.48,2.0,loser,22988.75,23033.5,44.75,45.5,11.25,1.0167597765363128,0.25139664804469275,22,0,1,0.0010874884454352672,0.0695992605078571,11.49681930147171,-1.0657775633615743,-25.629654502893363,1,6.569996624697524,2,MNQ_v5
2025-07-16 19:43:00+02:00,2025-07-16 20:53:00+02:00,Short,Stop Loss,-231.72,3.0,loser,23029.75,23068.0,38.25,42.0,13.5,1.0980392156862746,0.35294117647058826,10,3,19,0.013026628599963092,0.05536317154984314,36.66899059860572,-2.923538713303951,-6.767724029455614,1,12.323210440023104,4,MNQ_v5
2025-07-17 03:37:00+02:00,2025-07-17 04:40:00+02:00,Short,Canal Exit,169.56,6.0,winner,23039.0,23024.5,19.75,1.0,17.5,0.05063291139240506,0.8860759493670886,9,2,3,0.043404661660662355,0.137809800772603,33.22703475598404,-7.768415234945445,-10.513655370795425,1,0.8637370889991871,5,MNQ_v5
2025-07-17 06:32:00+02:00,2025-07-17 06:53:00+02:00,Short,Stop Loss,-237.92,8.0,loser,23027.5,23042.0,14.5,14.75,0.25,1.0172413793103448,0.017241379310344827,3,2,6,0.013027901422212572,0.03365541200738248,40.07760915924409,-12.175281274787519,-4.949021126480594,1,2.15737119960977,2,MNQ_v5
2025-07-17 15:31:00+02:00,2025-07-17 15:52:00+02:00,Short,Stop Loss,-138.24,1.0,loser,23089.5,23158.25,68.75,69.0,18.0,1.0036363636363637,0.26181818181818184,3,2,15,0.06713008077264557,0.11368804001819009,44.375634518446084,-14.914883906290585,7.769990824231927,1,6.1589036535297055,2,MNQ_v5
2025-07-17 19:29:00+02:00,2025-07-17 20:11:00+02:00,Long,Stop Loss,-222.18,7.0,loser,23256.0,23240.5,15.5,20.0,25.0,1.2903225806451613,1.6129032258064515,6,0,19,0.005374957000343997,0.02042483660130719,-17.968848094388328,0.23706742286852303,15.496560638451017,0,9.709701602070709,5,MNQ_v5
2025-07-18 02:34:00+02:00,2025-07-18 03:16:00+02:00,Short,Canal Exit,204.84,9.0,winner,23273.0,23261.25,12.5,0.0,13.5,0.0,1.08,6,3,2,0.01396468010140506,0.0397456279809221,24.842049754973473,-12.490162665847572,-0.7602265172822992,1,0.31581458563596243,4,MNQ_v5
2025-07-18 03:51:00+02:00,2025-07-18 06:25:00+02:00,Long,Canal Exit,217.88,13.0,winner,23268.0,23276.75,8.75,8.0,19.25,0.9142857142857143,2.2,22,2,3,0.0010744369950146124,0.0010744369950146124,-25.465916000062478,3.131836488553854,0.45795466937157514,0,2.128851971763652,2,MNQ_v5
2025-07-18 06:46:00+02:00,2025-07-18 07:42:00+02:00,Long,Canal Exit,1419.0,25.0,winner,23276.25,23305.0,4.75,0.5,32.75,0.10526315789473684,6.894736842105263,8,1,6,0.00214811234627571,0.016110842597067826,-23.541655413584465,12.721421352036668,1.4326069134633295,0,1.4316045293599018,8,MNQ_v5
2025-07-18 18:19:00+02:00,2025-07-18 19:43:00+02:00,Short,Canal Exit,-18.48,2.0,loser,23201.0,23205.25,52.0,21.5,31.0,0.41346153846153844,0.5961538461538461,12,0,18,0.07327270376276884,0.10236627731563294,39.812155818491476,-10.474216223771863,-11.996488391598048,1,13.340524964776705,3,MNQ_v5
2025-07-18 20:11:00+02:00,2025-07-18 20:25:00+02:00,Short,Stop Loss,-229.44,6.0,loser,23203.75,23222.5,18.75,24.0,0.75,1.28,0.04,2,3,20,0.011851532618650002,0.06033507514949093,33.89017836208228,-0.012511132711565388,-10.296747818688115,1,6.34148646734684,1,MNQ_v5
2025-07-21 03:09:00+02:00,2025-07-21 03:30:00+02:00,Long,Canal Exit,-51.72,3.0,loser,23274.5,23266.25,35.75,12.0,3.5,0.3356643356643357,0.0979020979020979,3,0,3,0.005370684654879804,0.08700509140905283,-18.95166086536497,6.164178598541028,8.89474184502525,0,2.186860650908784,3,MNQ_v5
2025-07-21 07:28:00+02:00,2025-07-21 07:35:00+02:00,Short,Stop Loss,-255.44,31.0,loser,23271.75,23275.5,3.75,4.25,2.75,1.1333333333333333,0.7333333333333333,1,0,7,0.01826248563172086,0.034376443542062804,49.94040475018102,-5.659006838613627,-3.9545134193263243,1,2.1985148085441324,2,MNQ_v5
2025-07-21 18:47:00+02:00,2025-07-21 21:42:00+02:00,Long,Stop Loss,-180.48,2.0,loser,23403.5,23358.75,44.75,50.75,20.0,1.1340782122905029,0.44692737430167595,25,2,18,0.06409297754609353,0.09186660114940073,-33.74036965298406,15.656017273339915,18.779392532388975,0,7.249188886620686,5,MNQ_v5
2025-07-22 18:05:00+02:00,2025-07-22 19:22:00+02:00,Short,Stop Loss,-206.22,3.0,loser,23201.25,23235.25,34.0,49.25,42.0,1.4485294117647058,1.2352941176470589,11,0,18,0.04525618231776305,0.04633371046818598,-1.3394498072780119,-3.590809103866773,-12.438615651568293,1,6.711176423312281,1,MNQ_v5
2025-07-23 02:13:00+02:00,2025-07-23 03:44:00+02:00,Short,Canal Exit,-52.48,2.0,loser,23221.25,23234.0,45.75,23.25,25.5,0.5081967213114754,0.5573770491803278,13,2,2,0.04844700436023039,0.05705980513538246,41.65986553665361,-9.143687976514677,-18.206885106290873,1,10.472529572230997,4,MNQ_v5
2025-07-23 04:19:00+02:00,2025-07-23 05:22:00+02:00,Short,Stop Loss,-223.44,6.0,loser,23235.5,23253.75,18.25,19.0,3.75,1.0410958904109588,0.2054794520547945,9,1,4,0.03443007467022444,0.10329022401067331,44.68295835873784,-4.723811859291301,-0.11753754035995456,1,5.618517338836682,4,MNQ_v5
2025-07-23 05:43:00+02:00,2025-07-23 06:11:00+02:00,Short,Canal Exit,66.08,8.0,winner,23241.0,23236.5,14.25,4.5,8.5,0.3157894736842105,0.5964912280701754,4,1,5,0.009681166903317414,0.011832537326276838,38.381147766411544,-5.071295516475527,-6.888895984738773,1,0.28101335310930153,4,MNQ_v5
2025-07-23 10:09:00+02:00,2025-07-23 11:12:00+02:00,Long,Canal Exit,31.04,4.0,winner,23268.0,23272.25,25.0,5.75,15.25,0.23,0.61,9,0,10,0.02256317689530686,0.029009798865394534,-28.46801159323656,5.360089120971067,11.546882544753702,0,5.6967839761055075,3,MNQ_v5
2025-07-23 18:19:00+02:00,2025-07-23 20:11:00+02:00,Short,Stop Loss,-179.24,1.0,loser,23204.75,23294.0,89.25,91.5,1.75,1.0252100840336134,0.0196078431372549,16,2,18,0.09588554067593918,0.13143860631982676,30.790491315388387,-1.5832177501169902,-1.5592187438306584,1,13.944777296681423,4,MNQ_v5
2025-07-24 01:10:00+02:00,2025-07-24 08:24:00+02:00,Long,Canal Exit,-158.96,4.0,loser,23395.5,23376.0,28.5,25.75,27.0,0.9035087719298246,0.9473684210526315,62,0,1,0.02350879442627856,0.0737321279733282,-16.09487258106505,0.0833239754202817,17.58098103073204,0,16.296037695996347,7,MNQ_v5
2025-07-24 13:11:00+02:00,2025-07-24 14:28:00+02:00,Long,Stop Loss,-232.44,6.0,loser,23382.5,23363.5,19.0,22.0,20.5,1.1578947368421053,1.0789473684210527,11,1,13,0.010691756655618518,0.03635197262910296,-41.9437837262574,12.380533351113225,1.3240820054655924,0,3.542983644241758,4,MNQ_v5
2025-07-24 16:20:00+02:00,2025-07-24 19:08:00+02:00,Short,Stop Loss,-140.74,1.0,loser,23330.75,23400.75,70.0,82.0,4.75,1.1714285714285715,0.06785714285714285,24,0,16,0.016073208105183073,0.12001328718536695,16.313449142543973,-25.204746821938343,-16.412341076453988,0,4.361351987419766,2,MNQ_v5
2025-07-25 05:36:00+02:00,2025-07-25 06:25:00+02:00,Long,Stop Loss,-242.4,10.0,loser,23432.0,23420.25,11.75,12.0,5.5,1.0212765957446808,0.46808510638297873,7,0,5,0.011736087401843632,0.03840901331512462,-11.170716086013131,11.658550515364938,23.136722139965055,0,1.0347112621675478,1,MNQ_v5
2025-07-25 15:03:00+02:00,2025-07-25 15:38:00+02:00,Short,Canal Exit,16.3,5.0,winner,23363.5,23361.5,23.5,15.0,33.25,0.6382978723404256,1.4148936170212767,5,0,15,0.034241444988978534,0.03745158045669528,17.494709826323486,-4.489779445211152,-5.141191777123979,1,3.8845672770548845,2,MNQ_v5
2025-07-25 20:18:00+02:00,2025-07-25 21:49:00+02:00,Long,Stop Loss,-222.96,4.0,loser,23456.0,23428.5,27.5,34.75,4.0,1.2636363636363637,0.14545454545454545,13,1,20,0.027711459754433836,0.07141030013642564,-5.488511546204954,4.520245350300316,13.518408055592866,0,6.062494963174686,4,MNQ_v5
2025-07-28 00:49:00+02:00,2025-07-28 03:02:00+02:00,Short,Canal Exit,-74.48,2.0,loser,23514.0,23532.25,43.5,42.0,2.0,0.9655172413793104,0.04597701149425287,19,1,0,0.0,0.013821553117291824,35.02476363008216,-4.052021441108221,-13.364379354448436,1,20.723722763286787,3,MNQ_v5
2025-07-28 17:51:00+02:00,2025-07-28 19:08:00+02:00,Long,Canal Exit,-42.48,2.0,loser,23495.0,23484.75,58.0,28.75,12.75,0.4956896551724138,0.21982758620689655,11,0,17,0.004256224728665674,0.030857629282826135,-18.280103485288247,23.04099270142132,3.9661683664512313,0,4.820629412133712,2,MNQ_v5
2025-07-29 02:13:00+02:00,2025-07-29 09:55:00+02:00,Long,Canal Exit,1529.64,14.0,winner,23522.5,23577.5,8.0,1.25,76.25,0.15625,9.53125,66,0,2,0.010628122010840685,0.03826123923902647,15.99618439949203,1.7742234621229414,28.47199820316362,0,2.14397180222295,6,MNQ_v5
2025-07-29 16:06:00+02:00,2025-07-29 16:27:00+02:00,Short,Canal Exit,57.26,1.0,winner,23585.5,23556.5,66.75,0.75,46.75,0.011235955056179775,0.700374531835206,3,0,16,0.07207818362977253,0.1664158063216807,33.86486713446733,-18.515072169737564,8.637755466298799,1,3.1231301740481285,3,MNQ_v5
2025-07-29 19:43:00+02:00,2025-07-29 21:56:00+02:00,Short,Auto-Close (profit),41.52,2.0,winner,23467.75,23457.0,56.5,38.25,45.75,0.6769911504424779,0.8097345132743363,19,1,19,0.021305834602805978,0.12357384069627468,33.778302677463806,-15.454252617683482,-23.541888022480357,1,11.550593550593476,2,MNQ_v5
2025-07-30 06:11:00+02:00,2025-07-30 09:06:00+02:00,Long,Stop Loss,-194.96,4.0,loser,23504.5,23480.5,24.0,27.25,6.25,1.1354166666666667,0.2604166666666667,25,0,6,0.01595439171222532,0.017018017826373674,3.658709814345857,5.09085733023482,9.475298838857162,0,0.5095129823384923,4,MNQ_v5
2025-07-30 14:56:00+02:00,2025-07-30 15:03:00+02:00,Long,Stop Loss,-236.1,15.0,loser,23481.75,23474.25,7.5,11.0,1.0,1.4666666666666666,0.13333333333333333,1,1,14,0.0723966484610389,0.08410787100620695,-26.972229853671188,10.615223034496562,-2.2444909937387303,0,5.875745647135773,1,MNQ_v5
2025-07-30 17:58:00+02:00,2025-07-30 18:26:00+02:00,Long,Canal Exit,33.52,2.0,winner,23523.0,23531.75,47.25,4.75,24.25,0.10052910052910052,0.5132275132275133,4,0,17,0.009565106491518939,0.0988394337456957,-30.611630721591794,17.238571326631504,18.443787111208195,0,7.186105062261049,4,MNQ_v5
2025-07-30 20:53:00+02:00,2025-07-30 21:14:00+02:00,Short,Canal Exit,-48.74,1.0,loser,23412.0,23436.0,177.75,56.0,57.0,0.3150492264416315,0.3206751054852321,3,1,20,0.371604305484367,0.6140013668204339,17.15253140036931,-11.883802893027422,8.53911589973311,0,5.489206740610825,3,MNQ_v5
2025-07-31 02:27:00+02:00,2025-07-31 09:55:00+02:00,Long,Canal Exit,352.52,2.0,winner,23733.5,23822.0,45.25,0.75,114.5,0.016574585635359115,2.5303867403314917,64,1,2,0.018960541007436743,0.020013904396738787,-12.902622067508425,4.747789608489734,27.892924775059857,0,11.49778234463156,4,MNQ_v5
2025-07-31 10:16:00+02:00,2025-07-31 10:44:00+02:00,Short,Canal Exit,-71.48,2.0,loser,23803.25,23820.75,44.75,18.75,3.25,0.41899441340782123,0.07262569832402235,4,1,10,0.0021005534958461556,0.011553044227153855,37.128429336654975,-17.341394734832708,1.1025799778025538,1,6.7094512934054364,4,MNQ_v5
2025-07-31 15:17:00+02:00,2025-07-31 15:52:00+02:00,Short,Canal Exit,747.04,4.0,winner,23782.0,23688.25,26.75,0.0,173.75,0.0,6.4953271028037385,5,1,15,0.024177949709864605,0.05991926667227315,31.474294094537974,-3.1576041125208048,5.6585709504107,1,6.259206530427036,5,MNQ_v5
2025-07-31 18:47:00+02:00,2025-07-31 20:18:00+02:00,Short,Canal Exit,722.52,2.0,winner,23568.75,23387.75,48.25,11.25,263.0,0.23316062176165803,5.450777202072539,13,1,18,0.011667992574913815,0.1039512065765049,37.54378736966751,-4.094224742100312,-19.211051603076708,1,26.67975894886331,6,MNQ_v5
2025-07-31 20:39:00+02:00,2025-07-31 21:00:00+02:00,Long,Canal Exit,-32.74,1.0,loser,23457.0,23441.0,151.25,47.0,8.25,0.31074380165289256,0.05454545454545454,3,2,20,0.044762757385854966,0.05755211663895639,-37.56172049918551,19.045408144108922,-14.604030690310065,0,1.026984080672264,3,MNQ_v5
2025-07-31 21:21:00+02:00,2025-07-31 21:56:00+02:00,Short,Auto-Close (profit),76.26,1.0,winner,23392.5,23354.0,72.75,22.5,80.0,0.30927835051546393,1.0996563573883162,5,0,21,0.11221545367104842,0.17847600726728652,35.83694758913374,-8.89636747640605,-7.84500838698833,1,33.731510388854076,5,MNQ_v5
2025-08-01 06:32:00+02:00,2025-08-01 07:42:00+02:00,Long,Stop Loss,-236.18,7.0,loser,23312.75,23296.25,16.5,20.0,12.0,1.2121212121212122,0.7272727272727273,10,0,6,0.003217123676957888,0.012868494707831551,-44.7818013861348,6.336782224339881,14.764714206826051,0,6.655272011550551,2,MNQ_v5
2025-08-01 16:27:00+02:00,2025-08-01 18:19:00+02:00,Long,Canal Exit,56.26,1.0,winner,23012.0,23040.5,212.75,115.75,33.5,0.5440658049353702,0.15746180963572268,16,2,16,0.13145315487571702,0.3389535894316009,-41.41718056320855,10.10594985407108,-14.112541981268217,0,29.114286254181934,3,MNQ_v5
2025-08-01 18:40:00+02:00,2025-08-01 19:57:00+02:00,Short,Canal Exit,278.26,1.0,winner,22973.0,22833.5,72.5,1.5,148.5,0.020689655172413793,2.0482758620689654,11,3,18,0.06964697688590954,0.09902929525965265,42.45546822403625,-10.162995481828926,-8.587470237016992,1,22.59216146896506,4,MNQ_v5
2025-08-01 21:14:00+02:00,2025-08-01 21:49:00+02:00,Short,Stop Loss,-141.24,1.0,loser,22872.25,22942.5,70.25,72.75,37.5,1.0355871886120998,0.5338078291814946,5,0,21,0.02951174458131579,0.03497688246674464,34.35130889521018,-8.53304128952939,-8.86302223903987,1,26.571135758895252,2,MNQ_v5
2025-08-04 00:49:00+02:00,2025-08-04 09:41:00+02:00,Long,Canal Exit,238.76,1.0,winner,22911.25,23031.0,89.25,29.0,134.25,0.32492997198879553,1.504201680672269,76,0,0,0.036008511102624256,0.06328768618036991,-34.25974701173254,39.01442462446796,-1.2404752171254287,1,8.162919537207927,2,MNQ_v5
2025-08-04 17:51:00+02:00,2025-08-04 21:56:00+02:00,Long,Auto-Close (profit),76.26,1.0,winner,23258.25,23296.75,68.25,17.5,51.0,0.2564102564102564,0.7472527472527473,35,0,17,0.1257618264486795,0.21605236851439813,-32.00439542988738,22.920148382604467,21.205740726419858,0,16.570151284155145,5,MNQ_v5
2025-08-05 00:14:00+02:00,2025-08-05 01:24:00+02:00,Short,Canal Exit,95.04,4.0,winner,23337.25,23325.0,26.0,12.25,20.75,0.47115384615384615,0.7980769230769231,10,3,0,0.0010712487546733227,0.009641238792059904,45.760330154438655,-10.437204210510309,16.42134242848102,0,3.3230615213687997,4,MNQ_v5
2025-08-05 19:01:00+02:00,2025-08-05 19:43:00+02:00,Short,Stop Loss,-231.72,3.0,loser,23187.5,23225.75,38.25,50.0,17.5,1.3071895424836601,0.45751633986928103,6,0,19,0.026954177897574125,0.05498652291105121,37.91389272466343,-7.826452072249418,-13.938470233493506,1,19.529539028117142,1,MNQ_v5
2025-08-06 01:59:00+02:00,2025-08-06 03:37:00+02:00,Short,Stop Loss,-235.44,6.0,loser,23078.5,23097.75,19.25,32.5,14.0,1.6883116883116882,0.7272727272727273,14,3,1,0.07366163312173668,0.12240830209935653,34.75482465791177,-19.015519796290832,2.6440253117418635,1,2.9938328258140245,1,MNQ_v5
2025-08-06 10:23:00+02:00,2025-08-06 15:31:00+02:00,Short,Stop Loss,-233.22,3.0,loser,23188.75,23227.25,38.5,39.25,81.25,1.0194805194805194,2.1103896103896105,44,0,10,0.02264028893321115,0.0700770847932726,25.425649680559495,-16.505959952031443,9.706575410521152,0,2.8122601188879344,4,MNQ_v5
2025-08-06 19:36:00+02:00,2025-08-06 21:56:00+02:00,Long,Auto-Close (profit),189.78,3.0,winner,23392.75,23424.75,34.75,29.25,52.0,0.841726618705036,1.4964028776978417,20,0,19,0.03312992273247053,0.06946596701969628,5.76723209374488,23.02020174339322,13.091621481293307,0,12.042855525171035,2,MNQ_v5
2025-08-07 01:31:00+02:00,2025-08-07 01:59:00+02:00,Short,Canal Exit,30.08,8.0,winner,23462.0,23459.75,14.75,4.75,19.0,0.3220338983050847,1.2881355932203389,4,1,1,0.0074588696615804275,0.017048844940755266,39.090752737986776,-4.636009749316868,-2.0038479401863234,1,0.5659996813847101,4,MNQ_v5
2025-08-07 03:16:00+02:00,2025-08-07 03:37:00+02:00,Short,Stop Loss,-217.44,6.0,loser,23484.75,23502.5,17.75,20.0,6.0,1.1267605633802817,0.3380281690140845,3,0,3,0.004258082372603498,0.038322741353431486,45.254727328445426,-7.330116407069745,7.303787201457065,1,4.256200214716955,3,MNQ_v5
2025-08-07 03:58:00+02:00,2025-08-07 06:32:00+02:00,Long,Stop Loss,-222.18,7.0,loser,23494.25,23478.75,15.5,20.0,11.5,1.2903225806451613,0.7419354838709677,22,2,3,0.020217712844632196,0.05214041733615672,-16.808338330291953,20.673127914604166,13.303203078844508,0,1.778948549159395,1,MNQ_v5
2025-08-07 08:59:00+02:00,2025-08-07 09:06:00+02:00,Short,Stop Loss,-229.18,7.0,loser,23481.0,23497.0,16.0,18.5,2.25,1.15625,0.140625,1,1,8,0.014905668412759253,0.04365231463736638,18.898559564372334,-9.357080410169436,4.810905157494649,1,0.8712429234365118,1,MNQ_v5
2025-08-07 16:27:00+02:00,2025-08-07 21:56:00+02:00,Short,Auto-Close (profit),116.76,1.0,winner,23560.75,23502.0,110.5,33.0,230.75,0.2986425339366516,2.088235294117647,47,0,16,0.023343908831425144,0.22388930742866844,7.602667446347033,-20.086047348119603,5.998030565812826,0,4.421669710412971,4,MNQ_v5
2025-08-08 02:20:00+02:00,2025-08-08 09:20:00+02:00,Long,Canal Exit,-57.24,1.0,loser,23565.75,23537.5,64.25,62.5,17.5,0.9727626459143969,0.2723735408560311,60,2,2,0.018034647740895155,0.06789514443631117,-23.100885334635144,16.438550657116437,28.353400831044834,0,5.700753387412988,4,MNQ_v5
2025-08-11 00:07:00+02:00,2025-08-11 00:42:00+02:00,Short,Canal Exit,-23.22,3.0,loser,23730.5,23734.0,39.5,17.75,2.75,0.44936708860759494,0.06962025316455696,5,1,0,0.013695455215861444,0.1780409178061988,24.249478119283516,-0.015129912901818122,15.872051812573735,1,1.3293978494184557,5,MNQ_v5
2025-08-11 09:27:00+02:00,2025-08-11 10:02:00+02:00,Short,Canal Exit,201.78,3.0,winner,23727.5,23693.5,37.5,7.75,59.75,0.20666666666666667,1.5933333333333333,5,0,9,0.07059319355178591,0.07164682330629017,39.90659609530133,-7.8252221622197755,2.499226806785522,1,5.324359270889545,5,MNQ_v5
2025-08-11 15:38:00+02:00,2025-08-11 17:09:00+02:00,Long,Canal Exit,77.52,2.0,winner,23728.75,23748.5,47.75,21.5,38.75,0.450261780104712,0.8115183246073299,13,2,15,0.10957172206711267,0.17910762260970342,-33.44446626284172,5.239711250407971,-6.400156993675511,0,4.910567200924561,6,MNQ_v5
2025-08-11 17:51:00+02:00,2025-08-11 18:19:00+02:00,Long,Canal Exit,58.52,2.0,winner,23762.0,23777.0,48.25,5.0,42.5,0.10362694300518134,0.8808290155440415,4,0,17,0.061021799511825604,0.1294082989647336,-19.71325742568804,19.151149417787813,-1.029595532912286,0,2.1648698499338934,4,MNQ_v5
2025-08-11 18:47:00+02:00,2025-08-11 19:15:00+02:00,Short,Canal Exit,17.26,1.0,winner,23743.25,23734.25,61.25,9.75,18.75,0.15918367346938775,0.30612244897959184,4,2,18,0.029482063323260296,0.1000284291324903,42.49209662132567,-16.20666001097681,4.989900281692386,1,6.489120998587168,4,MNQ_v5
2025-08-12 00:21:00+02:00,2025-08-12 02:13:00+02:00,Short,Stop Loss,-188.22,3.0,loser,23619.0,23650.0,31.0,42.5,4.75,1.3709677419354838,0.1532258064516129,16,0,0,0.0031754096278419916,0.08044371057199712,6.173403803507915,-9.600792412224745,-18.069980133842645,1,9.926687197301362,4,MNQ_v5
2025-08-12 05:50:00+02:00,2025-08-12 07:00:00+02:00,Long,Stop Loss,-243.62,13.0,loser,23657.75,23648.75,9.0,55.75,19.0,6.194444444444445,2.111111111111111,10,0,5,0.007397153152772348,0.02113472329363528,16.58131996272933,7.982994209987538,1.3187396599980161,1,0.19018501521350117,10,MNQ_v5
2025-08-12 09:34:00+02:00,2025-08-12 11:54:00+02:00,Short,Canal Exit,57.78,3.0,winner,23644.75,23634.75,31.0,28.25,14.25,0.9112903225806451,0.4596774193548387,20,1,9,0.009515854470865627,0.113132936486958,15.528315352169638,-1.5066575474817063,-3.3233693936447,1,4.350362537559704,2,MNQ_v5
2025-08-12 16:27:00+02:00,2025-08-12 17:23:00+02:00,Long,Canal Exit,169.26,1.0,winner,23748.25,23833.25,126.25,15.75,112.75,0.12475247524752475,0.8930693069306931,8,0,16,0.01684334635183645,0.09053298664112093,-27.40707340351836,8.094152404431364,4.414794893470692,0,26.829926743273973,8,MNQ_v5
2025-08-12 19:43:00+02:00,2025-08-12 21:56:00+02:00,Long,Auto-Close (profit),41.76,1.0,winner,23912.75,23934.0,66.25,11.75,36.5,0.17735849056603772,0.5509433962264151,19,0,19,0.02718215178095367,0.03450042341428736,10.631712875616072,17.921268085819168,16.598593948153695,0,6.334640967812447,4,MNQ_v5
2025-08-13 05:36:00+02:00,2025-08-13 06:04:00+02:00,Short,Canal Exit,-78.66,9.0,loser,23946.0,23950.0,12.0,4.5,4.5,0.375,0.375,4,0,5,0.012528188423953897,0.017748266933934685,40.27369557816749,-12.479203061681071,3.5616883709399962,1,1.2364376729456126,4,MNQ_v5
2025-08-13 06:25:00+02:00,2025-08-13 06:46:00+02:00,Long,Canal Exit,1.8200000000000003,7.0,winner,23958.5,23959.0,17.0,2.25,4.0,0.1323529411764706,0.23529411764705882,3,0,6,0.020869420038817123,0.0260867750485214,-22.70652183309764,28.369872362721893,1.3821324241671076,1,0.07120578717149328,3,MNQ_v5
2025-08-13 19:50:00+02:00,2025-08-13 21:56:00+02:00,Short,Auto-Close (loss),-88.96,4.0,loser,23932.5,23943.25,25.75,28.0,45.25,1.087378640776699,1.7572815533980584,18,1,19,0.08565757860649745,0.12221874020683172,14.717415649599852,-0.35050122580182774,-19.742277182612103,1,6.854337989621854,2,MNQ_v5
2025-08-14 00:35:00+02:00,2025-08-14 01:10:00+02:00,Long,Canal Exit,86.3,5.0,winner,23934.25,23943.25,22.0,0.5,19.75,0.022727272727272728,0.8977272727272727,5,0,0,0.012534338865851239,0.019846036537597794,-28.282549770125627,10.102914736241873,4.8197113435037915,1,1.3045138519300963,5,MNQ_v5
2025-08-14 05:36:00+02:00,2025-08-14 06:04:00+02:00,Short,Canal Exit,51.84,9.0,winner,23932.25,23929.0,13.0,0.0,10.0,0.0,0.7692307692307693,4,0,5,0.006267693175526747,0.008356924234035662,22.568187051762564,-16.070908749468064,-7.660894617009989,1,1.003544475795934,4,MNQ_v5
2025-08-14 07:21:00+02:00,2025-08-14 08:10:00+02:00,Short,Canal Exit,357.84,9.0,winner,23922.75,23902.5,13.25,8.0,25.25,0.6037735849056604,1.9056603773584906,7,2,7,0.012540364297582846,0.012540364297582846,28.902155632693074,-11.000670719239766,-0.5267138763970556,1,1.65704553273099,5,MNQ_v5
2025-08-14 19:50:00+02:00,2025-08-14 20:32:00+02:00,Short,Canal Exit,327.04,4.0,winner,23952.75,23911.5,27.0,14.5,61.0,0.5370370370370371,2.259259259259259,6,1,19,0.02818048032063124,0.051142353174478926,45.47474254284826,-3.955461049603747,-1.9617098862620463,1,11.569934925333655,4,MNQ_v5
2025-08-14 21:14:00+02:00,2025-08-14 21:56:00+02:00,Long,Auto-Close (loss),-70.48,2.0,loser,23938.75,23921.5,47.0,33.0,20.25,0.7021276595744681,0.4308510638297872,6,3,21,0.0605712495431048,0.0762362278732181,-34.969218412483215,24.837106705927674,-2.709389804571433,0,0.009496970204054378,1,MNQ_v5
2025-08-15 01:52:00+02:00,2025-08-15 02:41:00+02:00,Short,Stop Loss,-241.44,6.0,loser,23891.25,23911.0,19.75,22.75,17.5,1.1518987341772151,0.8860759493670886,7,3,1,0.009417673834562863,0.05755245121121749,31.398138462189912,-12.3786439971609,-2.5653608292910093,1,3.873097619951295,4,MNQ_v5
2025-08-15 06:04:00+02:00,2025-08-15 06:25:00+02:00,Long,Canal Exit,-36.96,4.0,loser,23937.75,23933.5,27.25,6.5,4.25,0.23853211009174313,0.1559633027522936,3,0,6,0.005221877578302054,0.04490814717339767,-8.425547352811277,29.564653902746,13.804456366587955,1,0.38171220308868214,3,MNQ_v5
2025-08-15 07:49:00+02:00,2025-08-15 09:55:00+02:00,Long,Canal Exit,-2.2199999999999998,3.0,loser,23941.75,23941.75,31.25,12.75,21.0,0.408,0.672,18,1,7,0.0020884020591644304,0.0020884020591644304,-26.243668790305286,13.686714885213519,12.13696027399033,0,4.7255280635436065,4,MNQ_v5
2025-08-15 10:16:00+02:00,2025-08-15 10:30:00+02:00,Long,Stop Loss,-239.14,11.0,loser,23939.5,23929.0,10.5,13.75,0.75,1.3095238095238095,0.07142857142857142,2,2,10,0.027151778441487917,0.0375947701497525,-28.928142374460794,3.9523185552173095,0.8509142684896612,0,5.084202713769628,1,MNQ_v5
2025-08-18 03:23:00+02:00,2025-08-18 06:04:00+02:00,Long,Stop Loss,-243.18,7.0,loser,23870.75,23853.75,17.0,17.5,11.25,1.0294117647058822,0.6617647058823529,23,1,3,0.02618267126085272,0.03246651236345737,-4.5227491380758,10.945457493724577,20.69620885697952,0,2.043600634089671,5,MNQ_v5
2025-08-18 10:23:00+02:00,2025-08-18 15:31:00+02:00,Short,Stop Loss,-184.48,2.0,loser,23766.25,23812.0,45.75,52.0,27.5,1.1366120218579234,0.6010928961748634,44,0,10,0.004207647399147951,0.01472676589701783,0.3228805663567914,-30.08563199941998,-10.650369850823953,0,0.349649931435124,1,MNQ_v5
2025-08-18 18:05:00+02:00,2025-08-18 18:47:00+02:00,Long,Stop Loss,-164.48,2.0,loser,23769.25,23728.5,40.75,46.75,11.0,1.147239263803681,0.26993865030674846,6,2,18,0.06731386139655227,0.09150478033593824,-20.03092913226798,2.49498492457359,-4.346580539597812,0,4.62927503066021,4,MNQ_v5
2025-08-18 19:57:00+02:00,2025-08-18 20:53:00+02:00,Short,Stop Loss,-180.48,2.0,loser,23755.0,23799.75,44.75,48.0,3.0,1.0726256983240223,0.0670391061452514,8,0,19,0.019995790359924225,0.02420543043569775,22.416484044035684,-11.084180978793867,-1.256834858606585,1,6.384444547205931,3,MNQ_v5
2025-08-19 00:00:00+02:00,2025-08-19 00:28:00+02:00,Long,Canal Exit,-71.48,2.0,loser,23830.5,23813.0,45.5,19.5,0.5,0.42857142857142855,0.01098901098901099,4,0,0,0.1321835462957135,0.13428169782421687,-31.413573544083008,2.223425366008235,6.607071955558263,0,3.567376227074419,4,MNQ_v5
2025-08-19 05:43:00+02:00,2025-08-19 06:18:00+02:00,Short,Canal Exit,51.78,3.0,winner,23753.75,23744.75,33.0,5.5,11.5,0.16666666666666666,0.3484848484848485,5,1,5,0.01789191180339946,0.06946271641319791,-0.5019126115457406,-4.007459928910937,-19.022222399396686,1,0.4193225515919039,5,MNQ_v5
2025-08-19 06:46:00+02:00,2025-08-19 07:07:00+02:00,Long,Stop Loss,-221.2,5.0,loser,23760.5,23738.75,21.75,22.5,3.0,1.0344827586206897,0.13793103448275862,3,0,6,0.034721491551103725,0.05681698617453336,-40.35586350492369,1.810046401046861,-15.848249997091155,0,2.6523606186092366,3,MNQ_v5
2025-08-19 07:28:00+02:00,2025-08-19 08:52:00+02:00,Short,Stop Loss,-226.44,6.0,loser,23745.0,23763.5,18.5,22.0,14.25,1.1891891891891893,0.7702702702702703,12,2,7,0.04211412929037692,0.06527690040008423,19.45995528275524,-31.02302943993025,-15.83274052477669,1,1.4947717687755357,2,MNQ_v5
2025-08-20 05:15:00+02:00,2025-08-20 06:39:00+02:00,Short,Canal Exit,19.26,1.0,winner,23364.25,23354.25,67.0,9.25,26.25,0.13805970149253732,0.3917910447761194,12,2,5,0.0010700108071091518,0.05778058358389419,31.207482957753932,-17.778263650676976,-18.771383574787432,1,4.611172893433832,4,MNQ_v5
2025-08-20 13:04:00+02:00,2025-08-20 13:32:00+02:00,Long,Stop Loss,-165.48,2.0,loser,23444.0,23403.0,41.0,44.0,3.5,1.0731707317073171,0.08536585365853659,4,1,13,0.012796451117556732,0.10983620542569528,-20.013525763297018,4.442246605123994,0.41100410866576453,0,7.770318986760685,3,MNQ_v5
2025-08-21 00:14:00+02:00,2025-08-21 01:03:00+02:00,Long,Stop Loss,-233.64,11.0,loser,23318.25,23308.0,10.25,10.75,20.75,1.048780487804878,2.024390243902439,7,0,0,0.025730918915441766,0.04824547296645332,18.84811605095082,16.539700631362624,4.0514387000462735,0,5.939737758148112,11,MNQ_v5
2025-08-21 06:53:00+02:00,2025-08-21 07:00:00+02:00,Long,Stop Loss,-233.64,11.0,loser,23340.5,23330.25,10.25,19.25,9.5,1.8780487804878048,0.926829268292683,1,2,6,0.0032132987725198687,0.010710995908399563,-30.49144007345823,4.976786182008509,12.521168573292764,0,2.7463588399259606,1,MNQ_v5
2025-08-21 08:59:00+02:00,2025-08-21 10:16:00+02:00,Short,Canal Exit,118.8,5.0,winner,23345.75,23333.5,22.5,14.0,28.75,0.6222222222222222,1.2777777777777777,11,0,8,0.03533833781309232,0.06425152329653148,44.57756979658683,-0.052738027111703084,1.7681161890046195,1,8.329269384914369,4,MNQ_v5
2025-08-21 10:44:00+02:00,2025-08-21 11:19:00+02:00,Short,Canal Exit,45.78,3.0,winner,23323.0,23315.0,34.5,2.25,33.25,0.06521739130434782,0.9637681159420289,5,0,10,0.09968700424473696,0.11254984350212237,22.778814858047227,-2.8231426175271874,-2.135381408969515,1,0.10791049975523492,5,MNQ_v5
2025-08-21 13:39:00+02:00,2025-08-21 14:28:00+02:00,Short,Canal Exit,64.52,2.0,winner,23284.5,23268.0,50.5,2.75,71.75,0.054455445544554455,1.4207920792079207,7,0,13,0.02039983680130559,0.10092550838540659,15.483253248350028,-25.870858703826432,-5.077971518222251,1,3.3829772755198064,2,MNQ_v5
2025-08-22 05:01:00+02:00,2025-08-22 05:29:00+02:00,Short,Canal Exit,-44.22,3.0,loser,23199.75,23206.75,34.25,7.5,6.25,0.21897810218978103,0.18248175182481752,4,1,5,0.018319162922014246,0.09590620588583929,43.71703727250532,-11.232153119984032,-10.335975036006513,1,3.9222625983165926,4,MNQ_v5
2025-08-22 06:11:00+02:00,2025-08-22 06:53:00+02:00,Long,Canal Exit,83.34,9.0,winner,23204.5,23209.5,12.0,3.5,11.25,0.2916666666666667,0.9375,6,1,6,0.00430950893145726,0.04309508931457261,-38.79770226214613,2.639187747923048,-5.247370783800879,0,0.424235066609981,6,MNQ_v5
2025-08-26 01:03:00+02:00,2025-08-26 03:02:00+02:00,Short,Canal Exit,2407.68,18.0,winner,23511.25,23444.0,6.5,3.0,140.0,0.46153846153846156,21.53846153846154,17,0,1,0.01169652825774895,0.019139773512680102,27.312582955752706,-4.1824874083765105,-27.736628377536103,1,6.660209878631576,7,MNQ_v5
2025-08-26 03:23:00+02:00,2025-08-26 04:05:00+02:00,Long,Canal Exit,9.76,1.0,winner,23452.0,23457.25,78.25,37.25,9.25,0.476038338658147,0.1182108626198083,6,2,3,0.0245181647620672,0.033046222070612315,-28.35593413171047,19.801758718500142,-20.591311604399582,0,2.6366531841558754,2,MNQ_v5
2025-08-26 18:12:00+02:00,2025-08-26 18:33:00+02:00,Long,Canal Exit,-36.48,2.0,loser,23549.0,23540.25,51.0,12.25,6.25,0.24019607843137256,0.12254901960784313,3,0,18,0.07749798292921144,0.07962121533823092,-23.378722727157825,25.076612060394265,1.641170645415072,0,6.7957965133100515,3,MNQ_v5
2025-08-26 19:08:00+02:00,2025-08-26 19:15:00+02:00,Short,Canal Exit,-32.96,4.0,loser,23528.75,23532.5,26.5,7.25,10.25,0.27358490566037735,0.3867924528301887,1,0,19,0.0031875896509589332,0.04887637464803697,35.77809379150753,-22.619353926648863,2.7362404054156277,0,0.2746410802428727,1,MNQ_v5
2025-08-27 01:45:00+02:00,2025-08-27 01:59:00+02:00,Long,Stop Loss,-247.02,23.0,loser,23614.75,23609.75,5.0,10.25,3.75,2.05,0.75,2,3,1,0.01587990556749489,0.029642490392657133,-16.47206215080478,1.793952101501545,22.00385150792892,0,4.086618220702803,2,MNQ_v5
2025-08-27 07:07:00+02:00,2025-08-27 07:35:00+02:00,Short,Canal Exit,-21.2,5.0,loser,23600.0,23601.75,21.75,5.0,5.0,0.22988505747126436,0.22988505747126436,4,0,7,0.057203389830508475,0.06779661016949153,35.438425934971235,-0.8899444494187994,5.930223707799487,1,1.8314181821406237,4,MNQ_v5
2025-08-27 09:13:00+02:00,2025-08-27 09:41:00+02:00,Short,Canal Exit,51.04,4.0,winner,23595.0,23588.25,24.75,2.0,19.5,0.08080808080808081,0.7878787878787878,4,0,9,0.05615596524687434,0.06887052341597796,39.417867886059256,-20.635736078632338,0.5571849742552593,1,2.3918888568368857,4,MNQ_v5
2025-08-27 17:23:00+02:00,2025-08-27 17:44:00+02:00,Short,Stop Loss,-210.96,4.0,loser,23590.0,23616.0,26.0,34.25,16.0,1.3173076923076923,0.6153846153846154,3,2,17,0.07312420517168292,0.1155150487494701,47.839172462403255,-5.331815892621725,-3.462198531141156,1,5.05876183246437,2,MNQ_v5
2025-08-27 19:08:00+02:00,2025-08-27 19:36:00+02:00,Long,Canal Exit,23.26,1.0,winner,23602.25,23614.25,60.25,15.25,16.5,0.25311203319502074,0.27385892116182575,4,0,19,0.016947536781450924,0.023302863074495018,-25.478659651290783,25.027118997129456,-2.4406304238096683,0,6.547065208316781,3,MNQ_v5
2025-08-27 20:53:00+02:00,2025-08-27 21:56:00+02:00,Short,Auto-Close (profit),38.28,3.0,winner,23626.75,23620.0,30.75,19.75,74.25,0.6422764227642277,2.4146341463414633,9,3,20,0.029627435004814455,0.06242923804585904,42.03009139889891,-0.7882675817504805,3.539076847613991,1,4.877209046666394,4,MNQ_v5
2025-08-28 02:20:00+02:00,2025-08-28 03:02:00+02:00,Short,Stop Loss,-236.96,4.0,loser,23496.75,23526.0,29.25,29.25,10.0,1.0,0.3418803418803419,6,3,2,0.01808760786066158,0.0755423622415866,-4.691118916748016,-6.1802665624816155,-15.284482208238964,1,0.9542723436097731,2,MNQ_v5
2025-08-28 07:00:00+02:00,2025-08-28 07:21:00+02:00,Long,Stop Loss,-248.36,14.0,loser,23566.0,23557.5,8.5,9.75,0.5,1.1470588235294117,0.058823529411764705,3,0,7,0.020156157175591955,0.039251463973521174,6.9090262879601685,1.6135982215137274,11.194524817729492,0,2.958973006083397,16,MNQ_v5
2025-08-28 16:41:00+02:00,2025-08-28 17:09:00+02:00,Long,Canal Exit,28.76,1.0,winner,23714.25,23729.0,134.5,19.75,40.0,0.14684014869888476,0.29739776951672864,4,0,16,0.1222893407972,0.1792171373752069,-23.01770121110112,21.99088885711785,17.6253230034885,0,5.525768410276214,4,MNQ_v5
2025-08-28 18:26:00+02:00,2025-08-28 18:47:00+02:00,Long,Canal Exit,47.26,1.0,winner,23734.75,23758.75,60.0,5.25,26.75,0.0875,0.44583333333333336,3,0,18,0.0073731553945164795,0.0663583985506483,-21.248696886528514,28.936705908970463,21.45906224382702,0,4.536043872591108,3,MNQ_v5
2025-08-28 19:15:00+02:00,2025-08-28 19:29:00+02:00,Short,Stop Loss,-206.96,4.0,loser,23736.0,23761.5,25.5,36.0,0.0,1.411764705882353,0.0,2,1,19,0.0031597573306370074,0.04634310751600944,33.76623488659263,-14.829594746813857,19.405347767664562,1,4.085569054172083,1,MNQ_v5
2025-08-29 03:09:00+02:00,2025-08-29 04:05:00+02:00,Short,Canal Exit,148.82,7.0,winner,23739.0,23728.0,16.75,2.25,12.25,0.13432835820895522,0.7313432835820896,8,3,3,0.017903028771220353,0.08214330847971692,20.885398469981077,-7.425868358536446,-2.558204115548869,0,1.070396949085989,5,MNQ_v5
2025-08-29 05:50:00+02:00,2025-08-29 10:16:00+02:00,Short,Canal Exit,910.08,8.0,winner,23726.5,23669.25,14.5,10.5,71.75,0.7241379310344828,4.948275862068965,38,1,5,0.015805112427033065,0.048469011442901395,37.6154900131651,-4.975694891683277,-12.933373843936181,1,4.996177445180365,6,MNQ_v5
2025-09-01 18:54:00+02:00,2025-09-02 00:00:00+02:00,Long,Canal Exit,-81.2,5.0,loser,23502.75,23495.0,21.0,16.25,8.25,0.7738095238095238,0.39285714285714285,1,0,18,0.0021274106221612363,0.007445937177564327,-34.46331719773345,39.0171926496125,0.8256681326790017,0,0.43453319861146156,1,MNQ_v5
2025-09-02 00:21:00+02:00,2025-09-02 01:10:00+02:00,Short,Canal Exit,229.04,4.0,winner,23483.75,23454.75,27.25,3.0,38.5,0.11009174311926606,1.4128440366972477,7,1,0,0.03832437323681269,0.04364720285303667,36.46592041689894,-15.81209812405009,1.4112283838835447,1,0.23958728673460428,7,MNQ_v5
2025-09-02 03:37:00+02:00,2025-09-02 05:57:00+02:00,Short,Canal Exit,414.82,7.0,winner,23469.0,23439.0,15.5,6.25,54.5,0.4032258064516129,3.5161290322580645,20,2,3,0.007456644935872853,0.028761344752652435,49.54195793370172,-2.0610762877041275,-7.073018683808881,1,8.910732054551772,8,MNQ_v5
2025-09-02 09:20:00+02:00,2025-09-02 10:02:00+02:00,Short,Canal Exit,173.26,1.0,winner,23389.5,23302.5,62.75,33.0,122.0,0.5258964143426295,1.9442231075697212,6,3,9,0.05664935120460035,0.08871502169777036,26.18788002164564,-16.82776514233894,0.5550004360111416,0,2.07134464947012,6,MNQ_v5
2025-09-02 16:41:00+02:00,2025-09-02 17:58:00+02:00,Short,Canal Exit,231.76,1.0,winner,23161.0,23044.75,119.25,18.25,134.5,0.1530398322851153,1.1278825995807127,11,3,16,0.2331505548119684,0.38858425801994734,37.345078308205615,-4.464153540284448,-1.277715616216961,1,29.43981239903951,6,MNQ_v5
2025-09-02 18:26:00+02:00,2025-09-02 19:08:00+02:00,Long,Canal Exit,191.52,2.0,winner,23068.0,23116.25,41.5,1.0,75.5,0.024096385542168676,1.819277108433735,6,2,18,0.02601005722212589,0.05635512398127275,-44.7044125540408,1.2041027552773598,-4.52628519454952,0,2.291968490702857,6,MNQ_v5
2025-09-03 07:00:00+02:00,2025-09-03 08:03:00+02:00,Short,Canal Exit,-127.44,6.0,loser,23319.0,23329.25,18.5,17.75,11.0,0.9594594594594594,0.5945945945945946,9,2,7,0.05146018268364853,0.0621810540760753,28.87065356205407,-1.912137735772942,-0.5129972705414494,1,2.2024507898822776,2,MNQ_v5
2025-09-03 12:57:00+02:00,2025-09-03 14:28:00+02:00,Long,Stop Loss,-200.48,2.0,loser,23448.0,23398.25,49.75,52.0,10.5,1.0452261306532664,0.21105527638190955,13,1,12,0.024522347321733196,0.044779938587512794,-3.561996215746512,13.548440752191194,17.14487787576442,0,4.430608542214031,3,MNQ_v5
2025-09-03 17:23:00+02:00,2025-09-03 17:58:00+02:00,Short,Canal Exit,23.76,1.0,winner,23424.75,23412.5,101.25,22.0,24.75,0.21728395061728395,0.24444444444444444,5,2,17,0.1739613016147451,0.28922400452512836,47.76488831018594,-13.731508967659785,11.777811963747862,1,10.955381129628222,5,MNQ_v5
2025-09-03 18:26:00+02:00,2025-09-03 18:40:00+02:00,Long,Stop Loss,-228.72,3.0,loser,23437.75,23400.0,37.75,41.25,1.0,1.0927152317880795,0.026490066225165563,2,1,18,0.04373286684942027,0.06933259378566628,-38.05484976250291,0.42578606500772237,1.9229868374414656,0,17.81559081501473,2,MNQ_v5
2025-09-04 03:16:00+02:00,2025-09-04 03:51:00+02:00,Short,Canal Exit,26.32,7.0,winner,23498.0,23495.75,15.0,3.5,13.25,0.23333333333333334,0.8833333333333333,5,1,3,0.0010639203336454167,0.039365052344880413,46.7630004040559,-1.573348063361578,3.4026968114979232,1,3.106774508174567,5,MNQ_v5
2025-09-04 04:12:00+02:00,2025-09-04 04:54:00+02:00,Long,Stop Loss,-198.72,3.0,loser,23517.5,23484.75,32.75,34.75,3.25,1.0610687022900764,0.09923664122137404,6,1,4,0.001063038163070054,0.01807164877219092,-23.905851955827373,19.122992030321328,6.165968138082242,0,6.17138646300009,2,MNQ_v5
2025-09-04 07:28:00+02:00,2025-09-04 09:34:00+02:00,Short,Stop Loss,-232.96,4.0,loser,23474.0,23502.75,28.75,32.0,23.5,1.1130434782608696,0.8173913043478261,18,0,7,0.025560194257476358,0.16294623839141176,4.293408727996934,-8.130252086622576,-2.9756586038494786,0,1.1207721436294378,5,MNQ_v5
2025-09-04 09:55:00+02:00,2025-09-04 10:23:00+02:00,Short,Stop Loss,-231.2,5.0,loser,23483.25,23506.0,22.75,23.75,6.5,1.043956043956044,0.2857142857142857,4,1,9,0.00212917717947899,0.005322942948697476,23.13517076256474,-1.0775748778089456,6.302731009783869,1,5.263400527670456,2,MNQ_v5
2025-09-05 00:56:00+02:00,2025-09-05 07:56:00+02:00,Long,Canal Exit,433.04,4.0,winner,23711.25,23765.75,28.5,9.5,59.0,0.3333333333333333,2.0701754385964914,60,2,0,0.03268490695345037,0.042174073488323055,0.3806018876209081,3.8124737009632685,35.172034889042905,0,6.273333159660979,5,MNQ_v5
2025-09-05 10:02:00+02:00,2025-09-05 11:26:00+02:00,Long,Canal Exit,488.34,9.0,winner,23760.5,23788.0,13.0,2.25,31.5,0.17307692307692307,2.423076923076923,12,2,10,0.03577365796174323,0.06839081669156793,-28.543494866685755,1.9570644363873293,4.598025954455475,0,5.90150572314451,6,MNQ_v5
2025-09-05 15:38:00+02:00,2025-09-05 16:34:00+02:00,Short,Canal Exit,1875.04,4.0,winner,23874.25,23639.5,28.25,19.5,280.75,0.6902654867256637,9.938053097345133,8,2,15,0.19372336303758234,0.2994858477229651,41.88104319937975,-2.6038477913334206,14.708384855331376,1,14.54107286465296,1,MNQ_v5
2025-09-08 00:28:00+02:00,2025-09-08 00:56:00+02:00,Long,Canal Exit,55.76,1.0,winner,23716.5,23744.75,66.0,10.5,32.5,0.1590909090909091,0.49242424242424243,4,0,0,0.09697889654881622,0.16760483207893237,-11.481205615467784,16.79108979003473,6.75211547150029,0,1.235705089995463,4,MNQ_v5
2025-09-08 03:44:00+02:00,2025-09-08 03:58:00+02:00,Long,Stop Loss,-241.44,6.0,loser,23777.0,23757.25,19.75,23.0,0.25,1.1645569620253164,0.012658227848101266,2,3,3,0.0021028725238676034,0.03259452411994785,-44.37813296047065,16.473312095527348,10.119882389188815,0,6.888125707329891,2,MNQ_v5
2025-09-08 12:57:00+02:00,2025-09-08 13:18:00+02:00,Short,Canal Exit,11.3,5.0,winner,23770.0,23768.5,20.0,12.0,2.0,0.6,0.1,3,2,12,0.002103491796381994,0.045225073622212876,36.7307845079787,-21.647607337779327,0.8117332179042681,0,1.4071443893481046,3,MNQ_v5
2025-09-08 13:39:00+02:00,2025-09-08 13:46:00+02:00,Long,Stop Loss,-234.36,14.0,loser,23776.0,23768.0,8.0,8.5,0.5,1.0625,0.0625,1,1,13,0.013669246298788693,0.05362550471063257,-31.655495390003598,2.567389196060527,1.86768096389287,0,4.911968572407204,2,MNQ_v5
2025-09-09 04:54:00+02:00,2025-09-09 07:14:00+02:00,Short,Canal Exit,-1.2000000000000002,5.0,loser,23827.5,23827.25,20.0,15.75,4.5,0.7875,0.225,20,0,4,0.0010492078480747037,0.026230196201867593,46.544073640417196,-1.5964227741946029,-3.58446324063407,1,8.220813523053948,3,MNQ_v5
2025-09-09 14:56:00+02:00,2025-09-09 15:24:00+02:00,Short,Stop Loss,-210.96,4.0,loser,23831.75,23857.75,26.0,26.0,31.5,1.0,1.2115384615384615,4,2,14,0.03671572586990045,0.03986278808732049,44.32985427485381,-25.272658196926752,-4.713682320709016,0,0.5411263495843741,2,MNQ_v5
2025-09-10 07:21:00+02:00,2025-09-10 10:16:00+02:00,Long,Stop Loss,-236.88,12.0,loser,23921.0,23911.5,9.5,11.25,32.75,1.1842105263157894,3.4473684210526314,25,0,7,0.0010451068099159736,0.020902136198319467,-5.038056553498741,4.476844496504619,14.43448843862184,0,1.896113345566846,1,MNQ_v5
2025-09-11 03:02:00+02:00,2025-09-11 03:09:00+02:00,Long,Canal Exit,-17.22,3.0,loser,23907.25,23904.75,36.5,4.5,4.5,0.1232876712328767,0.1232876712328767,1,0,3,0.02823411308285144,0.0345083604345962,-34.033608285907206,31.467413424107818,15.233826684831513,1,1.3854773880448192,1,MNQ_v5
2025-09-11 04:33:00+02:00,2025-09-11 06:11:00+02:00,Long,Stop Loss,-244.64,11.0,loser,23910.75,23900.0,10.75,14.0,8.25,1.302325581395349,0.7674418604651163,14,2,4,0.017774432002342043,0.05436885083069331,-20.134310729239218,2.560096265758853,14.651405250186412,0,3.330126668479352,2,MNQ_v5
2025-09-11 13:32:00+02:00,2025-09-11 13:39:00+02:00,Short,Stop Loss,-253.24,26.0,loser,23945.75,23950.25,4.5,6.75,4.0,1.5,0.8888888888888888,1,1,13,0.022968585239551902,0.02401261184134972,40.755856524576046,-15.141020984855137,18.090057814419165,0,0.05017408675485058,1,MNQ_v5
2025-09-11 19:22:00+02:00,2025-09-11 21:56:00+02:00,Long,Auto-Close (loss),-53.7,5.0,loser,24016.75,24011.75,22.0,13.25,27.5,0.6022727272727273,1.25,22,2,19,0.001040940177168018,0.03331008566937658,-34.54939277971444,0.668939460387273,10.413843632892492,0,11.248961554454581,3,MNQ_v5
2025-09-12 02:06:00+02:00,2025-09-12 03:58:00+02:00,Short,Canal Exit,90.08,8.0,winner,24011.75,24005.75,13.75,12.0,10.75,0.8727272727272727,0.7818181818181819,16,1,2,0.012493883203015192,0.061428259081491354,34.626751941560414,-7.624262025381537,-10.813615640209138,1,2.0776777071441757,2,MNQ_v5
2025-09-12 04:54:00+02:00,2025-09-12 05:50:00+02:00,Long,Canal Exit,6.84,9.0,winner,24004.0,24004.75,12.0,3.75,3.0,0.3125,0.25,8,3,4,0.007290451591401433,0.02082986168971838,-35.084793116221014,18.205225916389583,-4.169510159387181,0,0.08257497453450924,3,MNQ_v5
2025-09-12 09:06:00+02:00,2025-09-12 10:02:00+02:00,Long,Stop Loss,-220.44,6.0,loser,24024.0,24006.0,18.0,21.75,3.75,1.2083333333333333,0.20833333333333334,8,0,9,0.023934398934398936,0.06451881451881453,-37.01340717817844,5.953797649822988,16.658181111429776,0,6.607602695949026,3,MNQ_v5
2025-09-12 16:06:00+02:00,2025-09-12 16:55:00+02:00,Long,Canal Exit,390.78,3.0,winner,24040.5,24106.0,38.5,14.0,75.25,0.36363636363636365,1.9545454545454546,7,0,16,0.046796031696512135,0.11127056425615107,-12.496823730090288,1.4855856510201624,2.0496924442507827,0,6.556180428386142,7,MNQ_v5
2025-09-12 18:26:00+02:00,2025-09-12 21:07:00+02:00,Long,Canal Exit,185.28,3.0,winner,24109.0,24140.25,37.75,17.5,50.0,0.46357615894039733,1.3245033112582782,23,0,18,0.019702185905678377,0.032145671740843665,-24.13422019757799,37.063197029328194,7.524550763369357,0,3.538593469049374,1,MNQ_v5
2025-09-12 21:28:00+02:00,2025-09-12 21:49:00+02:00,Short,Canal Exit,-62.48,2.0,loser,24111.0,24126.25,48.0,23.5,23.5,0.4895833333333333,0.4895833333333333,3,1,21,0.060138525983990714,0.1016133714901912,36.00012558938492,-15.10190957771162,-0.5423584416401975,0,0.21819170797243714,3,MNQ_v5
2025-09-15 01:31:00+02:00,2025-09-15 05:15:00+02:00,Short,Stop Loss,-198.96,4.0,loser,24104.75,24129.25,24.5,27.75,13.25,1.1326530612244898,0.5408163265306123,32,0,1,0.030077059500720812,0.060154119001441624,27.93328853034938,-27.273407212090916,-12.456190327016852,0,1.8914147701507318,2,MNQ_v5
2025-09-15 07:42:00+02:00,2025-09-15 08:10:00+02:00,Long,Canal Exit,61.32,7.0,winner,24136.5,24141.25,16.5,2.0,9.5,0.12121212121212122,0.5757575757575758,4,0,7,0.012429308308992604,0.04350257908147412,-7.239905658295866,14.730321754171378,17.111744212517724,0,0.591993016518245,4,MNQ_v5
2025-09-15 17:51:00+02:00,2025-09-15 21:56:00+02:00,Long,Auto-Close (profit),100.52,2.0,winner,24286.0,24311.5,49.0,40.75,29.75,0.8316326530612245,0.6071428571428571,35,0,17,0.04014658651074693,0.0885283702544676,-9.119875529630361,16.767492371214637,19.465620167478555,0,5.633346865673957,4,MNQ_v5
2025-09-16 01:10:00+02:00,2025-09-16 02:34:00+02:00,Long,Canal Exit,4331.34,9.0,winner,24297.5,24538.5,13.25,2.5,250.0,0.18867924528301888,18.867924528301888,12,2,1,0.036011935384298796,0.03909867270295298,-26.105640427040424,3.960893465938918,11.398559234707903,0,2.5624008150334703,5,MNQ_v5
2025-09-16 15:38:00+02:00,2025-09-16 21:56:00+02:00,Short,Auto-Close (profit),173.52,2.0,winner,24567.75,24524.0,42.0,2.5,68.75,0.05952380952380952,1.6369047619047619,54,0,15,0.031545420317285876,0.13737521751076104,18.054231673768452,-20.741064146558088,-19.317305745161672,0,1.4032806509712827,4,MNQ_v5
2025-09-17 00:21:00+02:00,2025-09-17 01:45:00+02:00,Long,Canal Exit,-24.96,4.0,loser,24545.5,24542.75,28.75,9.0,6.0,0.3130434782608696,0.20869565217391303,12,2,0,0.023425882544661956,0.030555498971298202,-14.587503416016274,9.259691891650212,3.6320132357839796,0,0.28756356557278195,4,MNQ_v5
2025-09-17 02:13:00+02:00,2025-09-17 03:30:00+02:00,Long,Stop Loss,-250.58,17.0,loser,24537.75,24530.75,7.0,10.0,9.5,1.4285714285714286,1.3571428571428572,11,0,2,0.026489796334219724,0.09169544884922212,8.061285441345557,1.6678002314549043,-2.307862104529086,0,2.4875601286476012,9,MNQ_v5
2025-09-17 07:21:00+02:00,2025-09-17 08:24:00+02:00,Short,Stop Loss,-218.68,7.0,loser,24511.75,24527.0,15.25,17.75,4.5,1.1639344262295082,0.29508196721311475,9,3,7,0.007139433129009556,0.02957765153446816,16.633915289100834,-3.71895975742261,-15.51533780755662,1,1.4402608939926722,3,MNQ_v5
2025-09-17 21:14:00+02:00,2025-09-17 21:35:00+02:00,Long,Canal Exit,14.76,1.0,winner,24486.25,24494.0,244.5,12.75,64.5,0.05214723926380368,0.26380368098159507,3,0,21,0.24809842258410333,0.4573995609781,-26.06130344599358,19.329090155563847,-7.320410948602097,0,8.27013925902429,3,MNQ_v5
2025-09-18 06:25:00+02:00,2025-09-18 10:16:00+02:00,Long,Canal Exit,80.26,1.0,winner,24642.5,24683.0,82.0,56.5,53.5,0.6890243902439024,0.6524390243902439,33,0,6,0.012174089479557674,0.018261134219336513,4.336643643184809,20.47413401051854,19.969949666638623,0,5.786413118854398,1,MNQ_v5
2025-09-18 13:11:00+02:00,2025-09-18 14:56:00+02:00,Long,Stop Loss,-198.48,2.0,loser,24742.25,24693.0,49.25,61.0,23.75,1.2385786802030456,0.48223350253807107,15,2,13,0.023239600278875203,0.06567713122290818,-40.94905015839176,11.96370987196813,19.18121881072556,0,5.030955611167883,4,MNQ_v5
2025-09-18 17:02:00+02:00,2025-09-18 17:16:00+02:00,Short,Stop Loss,-163.48,2.0,loser,24768.5,24809.0,40.5,47.25,5.5,1.1666666666666667,0.13580246913580246,2,1,17,0.0413832085108101,0.0888224963158851,44.565251720736505,-6.910782163214576,2.651268493493608,1,21.35691774130828,1,MNQ_v5
2025-09-18 18:40:00+02:00,2025-09-18 19:01:00+02:00,Long,Canal Exit,7.76,1.0,winner,24788.0,24792.25,67.5,7.25,8.75,0.10740740740740741,0.12962962962962962,3,0,18,0.006051315152493142,0.03025657576246571,-25.66940588594019,35.276209285402274,2.555439532588179,0,4.347005672068917,3,MNQ_v5
2025-09-18 19:22:00+02:00,2025-09-18 19:57:00+02:00,Short,Canal Exit,155.28,3.0,winner,24765.75,24739.5,31.0,3.5,43.0,0.11290322580645161,1.3870967741935485,5,0,19,0.05854860038561319,0.07469993842302373,44.13515249796227,-4.01429191320046,7.569510452646414,1,6.764215360613889,5,MNQ_v5
2025-09-19 00:49:00+02:00,2025-09-19 01:31:00+02:00,Short,Stop Loss,-241.36,14.0,loser,24734.75,24743.0,8.25,12.5,3.5,1.5151515151515151,0.42424242424242425,6,2,0,0.04952546518561942,0.08085790234386844,35.662972040762384,-5.521564611197514,-12.871194797588597,1,4.468686007894576,1,MNQ_v5
2025-09-19 03:16:00+02:00,2025-09-19 04:40:00+02:00,Long,Canal Exit,51.84,9.0,winner,24707.5,24710.75,12.75,7.5,16.0,0.5882352941176471,1.2549019607843137,12,1,3,0.003035515531721137,0.012142062126884548,-46.37113122668363,2.7605647114356158,1.2724454208601321,0,5.737992163973104,4,MNQ_v5
2025-09-19 05:50:00+02:00,2025-09-19 06:25:00+02:00,Short,Canal Exit,5.28,3.0,winner,24706.25,24705.0,30.5,8.75,24.25,0.28688524590163933,0.7950819672131147,5,2,5,0.0394636984568682,0.0708322792815583,38.91103671040643,-6.951094710469699,-6.787693746786634,1,4.555950430003577,5,MNQ_v5
2025-09-19 07:35:00+02:00,2025-09-19 08:24:00+02:00,Short,Canal Exit,229.32,7.0,winner,24706.5,24689.75,17.0,10.25,32.0,0.6029411764705882,1.8823529411764706,7,0,7,0.005059397324590695,0.044522696456398114,37.88329890511442,-7.960345970206663,-8.139098018484464,1,5.7480429107672535,4,MNQ_v5
2025-09-19 13:46:00+02:00,2025-09-19 14:28:00+02:00,Long,Canal Exit,123.04,4.0,winner,24729.75,24745.5,29.25,0.0,25.0,0.0,0.8547008547008547,6,0,13,0.03336062839292755,0.05459011918842689,-12.096544352343464,4.298324313774802,17.754509903754474,0,0.843336775804346,6,MNQ_v5
2025-09-19 15:17:00+02:00,2025-09-19 15:31:00+02:00,Long,Canal Exit,-79.48,2.0,loser,24764.5,24745.0,48.25,26.0,20.0,0.538860103626943,0.41450777202072536,2,0,15,0.006057057481475499,0.06258959397524683,-5.403676117751942,16.637294353782753,18.69811784616932,0,0.5505707354896003,2,MNQ_v5
2025-09-19 16:34:00+02:00,2025-09-19 17:02:00+02:00,Short,Canal Exit,75.52,2.0,winner,24759.0,24739.75,48.25,20.0,27.5,0.41450777202072536,0.5699481865284974,4,3,16,0.09996364958197018,0.13631406761177753,18.135648352726417,-4.255713253042771,-1.3488945978828184,1,1.7021145917096874,3,MNQ_v5
2025-09-19 19:15:00+02:00,2025-09-19 20:32:00+02:00,Short,Canal Exit,-136.96,4.0,loser,24805.5,24822.25,29.0,23.5,9.25,0.8103448275862069,0.31896551724137934,11,2,19,0.011086251033037028,0.037290117111124545,49.69709739280847,-8.189098765754146,1.3357208308453008,1,1.0433089795551496,3,MNQ_v5
2025-09-19 20:53:00+02:00,2025-09-19 21:56:00+02:00,Long,Auto-Close (profit),343.8,5.0,winner,24825.5,24860.25,21.0,4.5,62.5,0.21428571428571427,2.9761904761904763,9,2,20,0.06243580189724276,0.11077319691446295,-1.6041945164724323,2.205764280628095,11.203994443911714,0,2.5841531882761046,6,MNQ_v5
2025-09-22 00:49:00+02:00,2025-09-22 05:22:00+02:00,Long,Canal Exit,37.04,4.0,winner,24851.5,24856.5,24.75,23.5,24.5,0.9494949494949495,0.98989898989899,39,3,0,0.0,0.015089632416554335,-41.7161935119089,9.470329743082933,13.861129800119915,0,8.073958620974736,3,MNQ_v5
2025-09-22 06:18:00+02:00,2025-09-22 07:56:00+02:00,Short,Canal Exit,222.86,11.0,winner,24854.25,24843.75,10.5,7.5,15.75,0.7142857142857143,1.5,14,3,6,0.004023456752869228,0.004023456752869228,33.77617136687532,-5.9829184686817145,-0.2768145796857634,1,1.53555967516877,4,MNQ_v5
2025-09-22 18:19:00+02:00,2025-09-22 18:40:00+02:00,Long,Canal Exit,37.76,1.0,winner,24959.0,24978.25,61.5,1.0,34.0,0.016260162601626018,0.5528455284552846,3,0,18,0.021034496574381986,0.08113305821547338,-21.055238883052212,39.59329520591545,16.496365334850402,0,2.804968588257907,3,MNQ_v5
2025-09-22 19:43:00+02:00,2025-09-22 21:56:00+02:00,Long,Auto-Close (profit),4.76,1.0,winner,24995.75,24998.5,98.25,12.75,31.5,0.1297709923664122,0.32061068702290074,19,0,19,0.015002550433573708,0.06601122190772431,2.4901454139571015,5.290737407828076,16.642802446537893,0,8.927598119480535,5,MNQ_v5
2025-09-23 02:27:00+02:00,2025-09-23 02:41:00+02:00,Short,Canal Exit,-103.18,7.0,loser,24989.25,24996.25,16.25,9.0,0.5,0.5538461538461539,0.03076923076923077,2,0,2,0.0010004301849795413,0.022009464069549907,33.34017522328171,-23.31871354594672,-14.219906619594862,1,0.5657195432577282,2,MNQ_v5
2025-09-23 03:30:00+02:00,2025-09-23 03:51:00+02:00,Long,Canal Exit,-101.2,5.0,loser,25005.5,24995.75,20.0,12.75,3.25,0.6375,0.1625,3,0,3,0.016996260822619024,0.03399252164523805,-12.572500439299239,18.02497095887895,-2.1573857161765324,1,0.8765636715907021,3,MNQ_v5
2025-09-23 09:48:00+02:00,2025-09-23 10:30:00+02:00,Long,Canal Exit,208.56,6.0,winner,24997.5,25015.25,17.5,4.5,28.75,0.2571428571428571,1.6428571428571428,6,0,9,0.022002200220022,0.031003100310031007,-20.643144286810788,3.91429453134882,-0.8918721836076428,0,4.216327710841142,6,MNQ_v5
2025-09-23 18:05:00+02:00,2025-09-23 18:54:00+02:00,Short,Canal Exit,20.28,3.0,winner,24923.5,24919.75,39.5,31.5,8.5,0.7974683544303798,0.21518987341772153,7,0,18,0.06820871867915823,0.07823941260256384,8.938242045986538,-22.39421432334411,-12.132955136367624,1,1.419593361657462,2,MNQ_v5
2025-09-24 02:41:00+02:00,2025-09-24 05:57:00+02:00,Long,Canal Exit,-0.7199999999999998,3.0,loser,24841.0,24841.25,30.25,23.75,2.25,0.7851239669421488,0.0743801652892562,28,0,2,0.028179219838170767,0.04830723400829274,-44.24645837445628,15.510865741821974,11.208725598413022,0,4.488247923145536,2,MNQ_v5
2025-09-24 09:55:00+02:00,2025-09-24 10:23:00+02:00,Long,Canal Exit,-50.48,2.0,loser,24897.25,24885.0,51.0,13.25,9.0,0.25980392156862747,0.17647058823529413,4,1,9,0.053218728976091735,0.08334253783048329,-32.84807665980049,16.700954257923577,4.694644571740838,0,5.596798161837796,4,MNQ_v5
2025-09-24 10:51:00+02:00,2025-09-24 11:05:00+02:00,Short,Stop Loss,-248.36,14.0,loser,24895.0,24903.5,8.5,13.5,2.25,1.588235294117647,0.2647058823529412,2,1,10,0.014059048001606749,0.03012653143201446,41.35461241535634,-3.7216972918460605,6.285236309958101,1,3.9199227108547348,1,MNQ_v5
2025-09-24 12:57:00+02:00,2025-09-24 13:39:00+02:00,Long,Stop Loss,-241.2,5.0,loser,24907.25,24883.5,23.75,30.75,5.5,1.2947368421052632,0.23157894736842105,6,3,12,0.018067028676389405,0.04617129550632848,-30.10690153093304,1.7986792876651936,2.5126977113102424,0,5.348035622278985,4,MNQ_v5
2025-09-24 19:57:00+02:00,2025-09-24 21:56:00+02:00,Short,Auto-Close (loss),-136.48,2.0,loser,24705.75,24739.5,49.25,44.25,23.75,0.8984771573604061,0.48223350253807107,17,1,19,0.02125011383989557,0.03744067676553029,27.277508667941508,-10.039172618832396,-15.27103144333084,1,20.713826415616495,3,MNQ_v5
2025-09-25 01:52:00+02:00,2025-09-25 03:23:00+02:00,Long,Canal Exit,537.6,10.0,winner,24751.0,24778.25,11.25,0.0,29.0,0.0,2.577777777777778,13,1,1,0.00909054179629106,0.03333198658640055,-28.05123087022786,0.5817823928233157,10.22873413197731,0,2.1096831100876443,5,MNQ_v5
2025-09-25 04:40:00+02:00,2025-09-25 06:39:00+02:00,Long,Stop Loss,-225.92,8.0,loser,24786.25,24772.5,13.75,14.5,4.75,1.0545454545454545,0.34545454545454546,17,1,4,0.006051742397498613,0.00907761359624792,-11.371807794854117,3.4792252722370987,15.616243242170599,0,1.873361775687954,3,MNQ_v5
2025-09-25 10:51:00+02:00,2025-09-25 12:08:00+02:00,Short,Canal Exit,138.78,3.0,winner,24729.0,24705.5,33.25,8.5,40.5,0.2556390977443609,1.218045112781955,11,3,10,0.008087670346556674,0.06369040397913381,39.98894934406768,-13.919561790278642,-9.653450439457245,1,2.4767254988328204,3,MNQ_v5
2025-09-25 16:13:00+02:00,2025-09-25 16:41:00+02:00,Long,Canal Exit,68.26,1.0,winner,24606.0,24640.5,184.0,8.25,49.0,0.04483695652173913,0.266304347826087,4,2,16,0.16662602617247826,0.26924327399821185,-33.93625804641928,13.247476284638967,-19.961482681845627,0,4.9369363564037485,4,MNQ_v5
2025-09-25 17:16:00+02:00,2025-09-25 17:30:00+02:00,Short,Stop Loss,-231.72,3.0,loser,24618.5,24656.75,38.25,44.75,31.0,1.1699346405228759,0.8104575163398693,2,3,17,0.09748766171781384,0.31886589353534944,46.21849662318053,-1.1729006913489335,2.960081163968636,1,24.14239686918154,2,MNQ_v5
2025-09-25 20:25:00+02:00,2025-09-25 21:49:00+02:00,Long,Canal Exit,69.26,1.0,winner,24587.0,24622.0,133.5,19.25,53.25,0.1441947565543071,0.398876404494382,12,3,20,0.054907064708992565,0.11998210436409484,-45.41608504717995,13.346227354542949,-2.3214499441151824,0,12.927931461556,4,MNQ_v5
2025-09-26 05:08:00+02:00,2025-09-26 05:36:00+02:00,Short,Canal Exit,21.78,3.0,winner,24589.5,24585.5,33.75,2.75,7.5,0.08148148148148149,0.2222222222222222,4,0,5,0.04066776469631347,0.0691351999837329,23.151309806182283,-17.418586497814253,-8.915943359499918,1,3.9865627677572775,4,MNQ_v5
2025-09-26 06:53:00+02:00,2025-09-26 07:49:00+02:00,Short,Stop Loss,-201.72,3.0,loser,24581.0,24614.25,33.25,36.0,3.25,1.0827067669172932,0.09774436090225563,8,1,6,0.05492046702737887,0.0762784264269151,35.79551855370103,-6.888724624810423,-13.264860456545152,1,6.019898623242625,3,MNQ_v5
2025-09-29 03:44:00+02:00,2025-09-29 09:20:00+02:00,Long,Canal Exit,399.04,4.0,winner,24803.5,24853.75,29.0,17.5,52.5,0.603448275862069,1.8103448275862069,48,1,3,0.028221823532969138,0.04535650210655754,-20.774744680430498,15.713638151917339,17.72950683933735,0,6.2459426923669525,2,MNQ_v5
2025-09-29 15:24:00+02:00,2025-09-29 15:38:00+02:00,Short,Stop Loss,-218.48,2.0,loser,24855.25,24909.5,54.25,60.75,2.75,1.119815668202765,0.05069124423963134,2,0,15,0.12572796491686866,0.1428269681455628,36.829625295454065,-25.075257875823684,-3.783044418556178,1,0.876379659086524,2,MNQ_v5
2025-09-29 15:59:00+02:00,2025-09-29 16:13:00+02:00,Long,Canal Exit,-6.74,1.0,loser,24931.0,24928.0,85.25,13.75,44.0,0.16129032258064516,0.5161290322580645,2,2,15,0.014038746941558704,0.038105170269945046,-23.269461163668467,31.201465782918106,9.70072116568244,1,4.389241621007386,2,MNQ_v5
2025-09-29 20:53:00+02:00,2025-09-29 21:56:00+02:00,Short,Auto-Close (profit),39.04,4.0,winner,24842.5,24837.25,26.75,6.0,62.0,0.22429906542056074,2.317757009345794,9,2,20,0.0120760792995874,0.013082419241219683,35.73032704293498,-9.828858513290974,-4.754982014833823,1,6.9077659014074015,4,MNQ_v5
2025-09-30 04:19:00+02:00,2025-09-30 05:01:00+02:00,Long,Canal Exit,202.56,6.0,winner,24828.0,24845.25,17.5,8.0,25.25,0.45714285714285713,1.4428571428571428,6,0,4,0.016110842597067826,0.018124697921701304,-16.813272522726887,6.103353396010302,0.04383187628785379,0,1.8160927118515247,6,MNQ_v5
2025-09-30 07:28:00+02:00,2025-09-30 08:52:00+02:00,Long,Stop Loss,-232.44,6.0,loser,24834.25,24815.25,19.0,22.75,21.75,1.1973684210526316,1.144736842105263,12,3,7,0.002013348500558704,0.026173530507263155,-33.79548730555813,14.769565887990865,2.3462260527788774,0,2.2321895953427884,5,MNQ_v5
2025-09-30 17:30:00+02:00,2025-09-30 18:33:00+02:00,Short,Canal Exit,-44.24,1.0,loser,24786.0,24807.75,78.0,57.75,23.5,0.7403846153846154,0.30128205128205127,9,0,17,0.025215847655934803,0.1139756314048253,39.9343971413552,-5.155582491909403,2.073578604907451,1,19.58732290029002,3,MNQ_v5
2025-09-30 18:54:00+02:00,2025-09-30 19:29:00+02:00,Short,Canal Exit,50.76,1.0,winner,24777.25,24751.5,66.5,10.0,46.0,0.15037593984962405,0.6917293233082706,5,1,18,0.0746652675337255,0.09585405967167462,17.761572965527098,-14.839030443479674,-0.03285817185202993,1,3.1895500890823314,5,MNQ_v5
2025-09-30 19:57:00+02:00,2025-09-30 20:46:00+02:00,Long,Canal Exit,449.28,3.0,winner,24767.5,24842.75,36.25,5.5,84.25,0.15172413793103448,2.3241379310344827,7,2,19,0.025234682547693548,0.03431916826486323,-42.654767416134774,9.627335091919655,1.4640358238976237,0,7.392055914009688,7,MNQ_v5
2025-10-01 00:14:00+02:00,2025-10-01 00:56:00+02:00,Long,Stop Loss,-231.72,3.0,loser,24859.75,24821.5,38.25,41.25,17.25,1.0784313725490196,0.45098039215686275,6,0,0,0.007039491547581934,0.01810154969378212,-29.666138057318648,10.349055552825323,16.47819082030506,0,10.128092123421084,4,MNQ_v5
2025-10-01 04:33:00+02:00,2025-10-01 05:43:00+02:00,Short,Canal Exit,127.04,4.0,winner,24786.75,24770.5,24.0,5.0,24.0,0.20833333333333334,1.0,10,0,4,0.004034413547560693,0.07665385740365316,34.67209521555368,-26.85001544932433,-10.896315914830282,1,1.1260615327773849,5,MNQ_v5
2025-10-01 15:17:00+02:00,2025-10-01 15:24:00+02:00,Long,Stop Loss,-229.44,6.0,loser,24783.25,24764.5,18.75,24.75,4.5,1.32,0.24,1,0,15,0.010087458263141436,0.015131187394712154,15.752304464931377,15.075142710496545,-0.28354548062520124,0,5.511573992087506,4,MNQ_v5
2025-10-01 15:45:00+02:00,2025-10-01 16:41:00+02:00,Long,Canal Exit,1031.04,4.0,winner,24755.5,24884.75,29.5,9.0,156.5,0.3050847457627119,5.305084745762712,8,2,15,0.2969037183656157,0.303972854517178,5.816432615768394,4.5173356850632596,0.7718318784226952,1,0.6376457022925024,8,MNQ_v5
2025-10-01 19:01:00+02:00,2025-10-01 21:56:00+02:00,Long,Auto-Close (profit),62.76,1.0,winner,24979.75,25011.5,103.75,15.75,57.25,0.15180722891566265,0.5518072289156627,25,0,19,0.10608592960297841,0.14411673455498955,10.56406097125814,15.075349347423053,25.74383915379369,0,6.166974737483542,4,MNQ_v5
2025-10-02 05:15:00+02:00,2025-10-02 05:29:00+02:00,Long,Stop Loss,-227.16,9.0,loser,25060.0,25047.75,12.25,16.75,7.75,1.3673469387755102,0.6326530612244898,2,3,5,0.0019952114924181963,0.045889864325618514,-41.3895774806724,6.355021329020391,14.727321335462111,0,3.4616498140167096,2,MNQ_v5
2025-10-03 05:08:00+02:00,2025-10-03 08:17:00+02:00,Long,Canal Exit,692.16,16.0,winner,25158.5,25180.5,7.25,3.25,33.75,0.4482758620689655,4.655172413793103,27,0,5,0.007949599538923227,0.018880298904942663,18.97921741144159,16.93624163778583,16.046091060973588,0,1.0758382027415792,9,MNQ_v5
2025-10-03 15:59:00+02:00,2025-10-03 16:27:00+02:00,Short,Canal Exit,-10.74,1.0,loser,25082.25,25087.25,88.75,26.0,31.25,0.29295774647887324,0.352112676056338,4,0,15,0.08571798782007196,0.2990162365816464,14.224420860212287,-5.62552443764128,0.09983496698936888,1,9.418924995996349,4,MNQ_v5
2025-10-03 16:48:00+02:00,2025-10-03 17:30:00+02:00,Long,Canal Exit,23.26,1.0,winner,25120.0,25132.0,61.25,20.25,23.0,0.3306122448979592,0.37551020408163266,6,1,16,0.03184713375796178,0.06070859872611465,-30.451202962134563,12.21106430144421,-6.4549337243342935,0,6.841677971868194,6,MNQ_v5
2025-10-06 03:23:00+02:00,2025-10-06 09:41:00+02:00,Long,Stop Loss,-225.92,8.0,loser,25064.5,25050.75,13.75,19.5,44.75,1.4181818181818182,3.2545454545454544,54,0,3,0.022940812703225677,0.04488419876718067,-33.04498951466877,21.50618243503023,13.072118757220503,0,2.401860152480367,6,MNQ_v5
2025-10-07 02:48:00+02:00,2025-10-07 04:12:00+02:00,Short,Stop Loss,-216.2,5.0,loser,25131.5,25152.75,21.25,21.75,4.75,1.0235294117647058,0.2235294117647059,12,0,2,0.011937210273958975,0.038795933390366674,-18.943555396741786,-19.051677678077557,-19.192556673086933,1,1.0977552207768895,1,MNQ_v5
2025-10-07 13:46:00+02:00,2025-10-07 14:07:00+02:00,Long,Canal Exit,-0.96,4.0,loser,25199.75,25200.0,29.75,3.75,15.5,0.12605042016806722,0.5210084033613446,3,0,13,0.06646891338207721,0.0793658667248683,-25.370465683479964,28.978075662798894,5.46203007709371,0,0.44878962948860135,3,MNQ_v5
2025-10-07 19:50:00+02:00,2025-10-07 21:56:00+02:00,Short,Auto-Close (loss),-39.74,1.0,loser,25025.75,25045.25,66.25,45.75,34.75,0.690566037735849,0.5245283018867924,18,0,19,0.1168796139975825,0.20079318302148788,0.8524033759133874,-0.510801698181852,-25.617546112238653,1,7.671166889449523,3,MNQ_v5
2025-10-08 04:05:00+02:00,2025-10-08 04:19:00+02:00,Short,Stop Loss,-248.36,14.0,loser,25076.25,25084.75,8.5,10.25,0.25,1.2058823529411764,0.029411764705882353,2,3,4,0.0019939185484272965,0.003987837096854593,46.6158963015058,-2.343328524345681,0.6597051054688551,1,0.35110737736249575,1,MNQ_v5
2025-10-08 19:15:00+02:00,2025-10-08 21:56:00+02:00,Long,Auto-Close (profit),728.8,5.0,winner,25256.25,25329.5,22.75,1.75,87.5,0.07692307692307693,3.8461538461538463,23,1,19,0.02177678792378124,0.029695619896065333,-32.5727055150755,1.3188870106813355,17.939675373304517,0,13.736251731861557,5,MNQ_v5
2025-10-09 09:55:00+02:00,2025-10-09 10:09:00+02:00,Long,Stop Loss,-229.18,7.0,loser,25338.75,25322.75,16.0,25.0,5.0,1.5625,0.3125,2,2,9,0.01874599181096147,0.023679147550688177,-12.521155028380338,2.953553290511336,10.309685860797371,0,2.4950145711845835,2,MNQ_v5
2025-10-09 18:47:00+02:00,2025-10-09 19:36:00+02:00,Short,Canal Exit,264.78,3.0,winner,25242.5,25198.0,31.75,2.25,81.75,0.07086614173228346,2.574803149606299,7,2,18,0.0,0.028721402396751507,32.75016160332621,-6.21579082719875,-11.527344650470537,1,5.045316992385779,7,MNQ_v5
2025-10-09 19:57:00+02:00,2025-10-09 20:25:00+02:00,Long,Canal Exit,56.52,2.0,winner,25201.5,25216.0,40.75,18.5,33.0,0.4539877300613497,0.8098159509202454,4,0,19,0.03174414221375712,0.03472015554629685,-37.27234325161486,6.41057338200794,-10.215651313948374,0,9.367670394931338,4,MNQ_v5
2025-10-10 01:52:00+02:00,2025-10-10 08:17:00+02:00,Long,Canal Exit,29.52,2.0,winner,25333.5,25341.25,57.75,37.25,22.75,0.645021645021645,0.3939393939393939,55,0,1,0.016776205419701186,0.06315747922711035,4.9517443373528245,17.466704832494496,28.564685284467487,0,3.0345449997330434,3,MNQ_v5
2025-10-10 15:38:00+02:00,2025-10-10 15:59:00+02:00,Long,Canal Exit,-73.24,1.0,loser,25368.5,25332.25,80.0,55.0,19.5,0.6875,0.24375,3,0,15,0.008869267004355795,0.2286299938900605,-32.333681019582414,29.49990576668854,7.181377134166105,1,1.7835252329387004,3,MNQ_v5
2025-10-10 16:20:00+02:00,2025-10-10 17:37:00+02:00,Short,Canal Exit,3360.78,3.0,winner,25350.0,24789.5,38.0,9.75,682.75,0.2565789473684211,17.967105263157894,11,3,16,0.10749506903353057,0.21893491124260356,27.451136298683394,-4.612409319951823,2.3580688528598137,1,9.766138004808454,3,MNQ_v5
2025-10-10 20:11:00+02:00,2025-10-10 21:56:00+02:00,Short,Auto-Close (profit),563.26,1.0,winner,24684.75,24402.75,66.25,34.0,300.5,0.5132075471698113,4.535849056603774,15,0,20,0.020255420857006858,0.14685180121329972,22.81867693028017,-12.169940197163793,-19.435526045917722,1,42.139734718584805,2,MNQ_v5
2025-10-13 01:03:00+02:00,2025-10-13 01:10:00+02:00,Short,Stop Loss,-268.32,43.0,loser,24716.25,24719.0,2.75,3.75,16.0,1.3636363636363635,5.818181818181818,1,3,1,0.2174682648055429,0.31861629494765586,38.2516904150676,-3.499676581358965,-16.033774698236886,1,92.44810695874912,1,MNQ_v5
2025-10-13 15:31:00+02:00,2025-10-13 15:59:00+02:00,Short,Stop Loss,-267.74,1.0,loser,24755.5,24889.0,133.5,150.5,25.25,1.1273408239700375,0.1891385767790262,4,2,15,0.263577790793965,0.3342691523095878,23.87838165075862,-0.8587521988046066,-6.544912632859458,1,9.134390768027515,2,MNQ_v5
2025-10-13 17:30:00+02:00,2025-10-13 17:51:00+02:00,Long,Canal Exit,15.76,1.0,winner,24887.0,24895.25,143.5,35.0,14.75,0.24390243902439024,0.10278745644599303,3,0,17,0.03515891831076466,0.036163458833929366,-20.604879706697947,31.279544440100572,-7.4415193228339716,0,6.216847332274483,3,MNQ_v5
2025-10-13 20:11:00+02:00,2025-10-13 21:00:00+02:00,Long,Stop Loss,-186.48,2.0,loser,24934.75,24888.5,46.25,52.25,30.25,1.1297297297297297,0.654054054054054,7,0,20,0.010026168299261071,0.0140366356189655,-32.428111018992325,22.129167683716023,-3.2848357794426297,0,9.443886938795913,3,MNQ_v5
2025-10-14 01:38:00+02:00,2025-10-14 01:59:00+02:00,Short,Canal Exit,-196.96,4.0,loser,24905.5,24929.75,28.5,31.25,6.75,1.0964912280701755,0.23684210526315788,3,0,1,0.021079681194916787,0.05520868884382968,18.213529088004965,-11.152663328579706,-14.51431405578928,0,0.03172953463945305,3,MNQ_v5
2025-10-14 09:48:00+02:00,2025-10-14 13:39:00+02:00,Short,Canal Exit,-6.74,1.0,loser,24632.5,24635.5,98.75,80.5,130.0,0.8151898734177215,1.3164556962025316,33,3,9,0.08829798031056532,0.11367096315842891,8.693264141130538,-3.3308184542667068,-16.439139105426438,1,5.361339563627553,4,MNQ_v5
2025-10-15 06:11:00+02:00,2025-10-15 07:21:00+02:00,Long,Canal Exit,417.78,3.0,winner,24823.25,24893.25,34.75,7.25,96.0,0.20863309352517986,2.762589928057554,10,0,6,0.03323497124671427,0.051363137381285694,5.3488297764649015,5.853562293067731,4.55203772232957,0,2.432554060847906,10,MNQ_v5
2025-10-15 10:09:00+02:00,2025-10-15 11:54:00+02:00,Long,Canal Exit,203.52,2.0,winner,24920.75,24972.0,44.25,12.75,70.25,0.288135593220339,1.5875706214689265,15,3,10,0.0010031800808563145,0.02507950202140786,-28.627506689440224,15.742385390132895,17.967209009757557,0,3.830874237602984,3,MNQ_v5
2025-10-15 12:57:00+02:00,2025-10-15 13:11:00+02:00,Long,Stop Loss,-241.92,8.0,loser,24964.0,24949.25,14.75,19.0,4.5,1.2881355932203389,0.3050847457627119,2,1,12,0.05507931421246595,0.06309085082518828,-4.967645679923544,17.451923095898884,11.448292991683587,0,5.842737446255342,1,MNQ_v5
2025-10-15 15:24:00+02:00,2025-10-15 15:45:00+02:00,Short,Canal Exit,34.52,2.0,winner,24975.25,24966.25,50.0,19.5,78.25,0.39,1.565,3,2,15,0.09509414320176975,0.11811693576640875,24.13393398588125,-8.598056866568697,-3.7786014522252307,0,3.2915396166281425,3,MNQ_v5
2025-10-15 17:09:00+02:00,2025-10-15 17:51:00+02:00,Short,Canal Exit,893.28,3.0,winner,25079.75,24930.5,38.0,4.0,203.25,0.10526315789473684,5.348684210526316,6,3,17,0.03189824459972687,0.10566293523659526,44.36275419573031,-0.27991506486427553,-2.8243011196922274,1,8.383898740918085,6,MNQ_v5
2025-10-16 04:26:00+02:00,2025-10-16 04:47:00+02:00,Short,Canal Exit,-83.22,3.0,loser,24910.25,24923.75,39.0,15.5,14.75,0.3974358974358974,0.3782051282051282,3,0,4,0.04817294085767907,0.07225941128651861,36.7445157364755,-20.959904962421916,-5.6233756168446645,0,1.0963693278026767,3,MNQ_v5
2025-10-16 05:15:00+02:00,2025-10-16 05:22:00+02:00,Long,Canal Exit,-14.96,4.0,loser,24922.25,24920.75,26.75,3.0,11.25,0.11214953271028037,0.4205607476635514,1,2,5,0.007021837915918507,0.06018718213644434,-35.17131488683775,20.63031205886093,-3.7453886634959983,0,0.5198078379398794,1,MNQ_v5
2025-10-16 05:43:00+02:00,2025-10-16 06:39:00+02:00,Short,Canal Exit,-140.96,4.0,loser,24915.75,24933.0,24.75,24.0,5.0,0.9696969696969697,0.20202020202020202,8,2,5,0.008027051162417346,0.02809467906846071,18.256053969165443,-21.39899160134246,-1.1626651859052006,1,1.2734829584296676,2,MNQ_v5
2025-10-16 17:23:00+02:00,2025-10-16 17:58:00+02:00,Short,Canal Exit,140.26,1.0,winner,25038.5,24968.0,141.25,34.25,105.5,0.2424778761061947,0.7469026548672566,5,1,17,0.269584839347405,0.272580226451265,26.77521661963625,-11.761436278269692,-1.2887977397689414,1,11.54791363903496,5,MNQ_v5
2025-10-16 21:42:00+02:00,2025-10-16 21:49:00+02:00,Short,Stop Loss,-172.48,2.0,loser,24775.75,24818.5,42.75,56.25,1.0,1.3157894736842106,0.023391812865497075,1,0,21,0.03935299637750623,0.1987830842658648,-10.783721190103556,-10.070859427958721,-18.58194216041897,1,22.1288977742297,9,MNQ_v5
2025-10-17 01:59:00+02:00,2025-10-17 02:27:00+02:00,Long,Canal Exit,41.52,2.0,winner,24769.75,24780.5,49.25,11.5,25.25,0.233502538071066,0.5126903553299492,4,0,1,0.06964139726884606,0.09083660513327749,-37.25351566647841,3.76500572672883,10.346796163266886,0,5.242977187743236,4,MNQ_v5
2025-10-17 04:47:00+02:00,2025-10-17 05:36:00+02:00,Long,Stop Loss,-191.22,3.0,loser,24763.5,24732.0,31.5,32.5,5.25,1.0317460317460319,0.16666666666666666,7,0,4,0.019181456579239607,0.06259212146909766,-36.59294108523619,7.948224076458006,0.7757284136398843,0,16.640586619527312,3,MNQ_v5
2025-10-17 15:52:00+02:00,2025-10-17 16:27:00+02:00,Long,Canal Exit,60.26,1.0,winner,24843.5,24874.0,171.25,67.25,117.25,0.3927007299270073,0.6846715328467153,5,0,15,0.17811499989937005,0.6037796606758307,-21.329149810393364,10.224502303322367,9.0020241401029,0,15.77602724640019,5,MNQ_v5
2025-10-17 16:48:00+02:00,2025-10-17 17:37:00+02:00,Short,Canal Exit,93.76,1.0,winner,24822.0,24774.75,138.75,34.75,147.5,0.25045045045045045,1.063063063063063,7,0,16,0.05438723712835388,0.23869954072999758,37.82754175266473,-14.339244240953189,0.20748054657741782,1,15.379838986809773,7,MNQ_v5
2025-10-17 19:01:00+02:00,2025-10-17 19:29:00+02:00,Short,Canal Exit,-40.24,1.0,loser,24881.75,24901.5,98.25,29.0,53.0,0.2951653944020356,0.539440203562341,4,0,19,0.07234217850432546,0.0924372280888603,46.907111423612356,-20.115257674211303,-4.433200207599881,1,13.640207514887152,4,MNQ_v5
2025-10-17 19:50:00+02:00,2025-10-17 21:07:00+02:00,Long,Canal Exit,217.76,1.0,winner,24934.5,25043.75,105.75,21.0,119.75,0.19858156028368795,1.132387706855792,11,0,19,0.22258316789989774,0.29677755719986365,-34.36055093372833,2.2757036093061513,-5.266344720431391,0,34.34327329548978,6,MNQ_v5
2025-10-20 03:51:00+02:00,2025-10-20 05:15:00+02:00,Short,Canal Exit,-122.96,4.0,loser,25047.75,25062.75,29.0,18.0,21.75,0.6206896551724138,0.75,12,0,3,0.005988561846872473,0.07385892944476051,43.91336801544692,-3.2744453244087235,-5.864808949037814,1,12.360656184668187,5,MNQ_v5
2025-10-21 01:52:00+02:00,2025-10-21 02:55:00+02:00,Short,Stop Loss,-238.7,5.0,loser,25320.0,25343.5,23.5,28.75,9.0,1.2234042553191489,0.3829787234042553,9,2,1,0.0019747235387045812,0.03850710900473934,23.46947797698035,-11.91378297220855,-1.429370335521489,1,2.188818605733104,3,MNQ_v5
2025-10-21 09:41:00+02:00,2025-10-21 11:26:00+02:00,Short,Stop Loss,-188.22,3.0,loser,25263.5,25294.5,31.0,32.5,10.75,1.0483870967741935,0.3467741935483871,15,0,9,0.06234290577315099,0.06828032537059395,-1.6667410427515612,-2.780689540171911,-13.879443148584377,1,2.8096912295077345,3,MNQ_v5
2025-10-21 19:50:00+02:00,2025-10-21 21:14:00+02:00,Long,Canal Exit,32.52,2.0,winner,25309.0,25317.5,51.25,19.0,15.0,0.37073170731707317,0.2926829268292683,12,0,19,0.03457268165474732,0.04346279979453949,-24.735112209364836,16.32764707844071,4.02794868783497,0,13.842541542377148,3,MNQ_v5
2025-10-22 06:04:00+02:00,2025-10-22 06:25:00+02:00,Long,Canal Exit,-5.74,1.0,loser,25324.5,25322.0,80.75,9.25,8.5,0.11455108359133127,0.10526315789473684,3,0,6,0.09476988686844756,0.19151414637998776,-37.64310745789521,34.124117147078074,1.3259896884406206,1,0.7125067102169851,3,MNQ_v5
2025-10-22 13:04:00+02:00,2025-10-22 14:42:00+02:00,Short,Canal Exit,-40.24,1.0,loser,25239.25,25259.0,65.75,26.75,32.5,0.4068441064638783,0.49429657794676807,14,2,13,0.10499519597452381,0.2238576819834187,41.35740625844721,-0.3796552137107719,-1.2822483605207629,1,7.720424355640716,5,MNQ_v5
2025-10-22 15:31:00+02:00,2025-10-22 15:52:00+02:00,Short,Stop Loss,-174.74,1.0,loser,25191.5,25278.5,87.0,87.0,1.25,1.0,0.014367816091954023,3,3,15,0.09824742472659428,0.31756743345969873,15.235154769873855,-5.983373211059771,0.7701809234434336,1,0.26220046918751905,2,MNQ_v5
2025-10-23 02:27:00+02:00,2025-10-23 04:26:00+02:00,Long,Canal Exit,153.26,1.0,winner,25029.25,25106.25,78.25,15.75,79.5,0.2012779552715655,1.0159744408945688,17,3,2,0.038954423324710094,0.06492403887451681,-42.43668708623291,12.38176063313089,14.342310765129254,0,14.91352583142725,9,MNQ_v5
2025-10-23 09:27:00+02:00,2025-10-23 10:23:00+02:00,Short,Canal Exit,-20.48,2.0,loser,25086.5,25091.25,41.75,28.5,5.0,0.6826347305389222,0.11976047904191617,8,2,9,0.06776553126183404,0.15845175692105315,33.04566389693154,-8.416783718946935,2.369326078107941,1,0.5296038303640671,3,MNQ_v5
2025-10-24 05:22:00+02:00,2025-10-24 06:39:00+02:00,Long,Canal Exit,23.04,4.0,winner,25325.5,25328.75,26.0,5.75,9.0,0.22115384615384615,0.34615384615384615,11,1,5,0.000987147341612209,0.06515172454640579,-16.078984917650534,7.64476938816612,10.22483247352174,0,3.6501301797034102,5,MNQ_v5
2025-10-24 17:23:00+02:00,2025-10-24 21:56:00+02:00,Long,Auto-Close (loss),-52.74,1.0,loser,25535.0,25509.0,102.5,37.5,34.0,0.36585365853658536,0.33170731707317075,39,0,17,0.02056001566477384,0.08419815938907382,-12.921326311461119,14.097517921526107,7.265715610634752,0,16.57081247252063,4,MNQ_v5
2025-10-27 08:13:00+01:00,2025-10-27 09:23:00+01:00,Long,Stop Loss,-194.22,3.0,loser,25806.75,25774.75,32.0,35.25,9.75,1.1015625,0.3046875,10,0,9,0.029062163968729113,0.06393676073120405,-9.49422559422123,3.873548843670615,12.694869788682698,0,3.60268794579315,4,MNQ_v5
2025-10-27 09:51:00+01:00,2025-10-27 11:08:00+01:00,Long,Canal Exit,195.78,3.0,winner,25804.5,25837.5,36.0,14.5,40.5,0.4027777777777778,1.125,11,3,10,0.02518940494874925,0.045534693561200566,-32.92772761926735,12.714407701150163,4.717930674942897,0,6.641497876524227,4,MNQ_v5
2025-10-27 18:43:00+01:00,2025-10-27 20:56:00+01:00,Long,Auto-Close (profit),209.28,3.0,winner,25925.75,25961.0,33.75,6.25,55.75,0.18518518518518517,1.651851851851852,19,1,19,0.002892876773092389,0.07907196513119195,-9.043977706375916,8.142987913603884,11.641986327792292,0,3.1758701077560545,5,MNQ_v5
2025-10-28 00:03:00+01:00,2025-10-28 00:59:00+01:00,Long,Stop Loss,-233.64,11.0,loser,25998.5,25988.25,10.25,14.0,20.0,1.3658536585365855,1.951219512195122,8,0,1,0.0019231878762236284,0.007692751504894514,-30.321410707001057,16.65463628291943,24.807088777888847,0,8.0284411483226,4,MNQ_v5
2025-10-28 05:11:00+01:00,2025-10-28 06:07:00+01:00,Short,Canal Exit,292.32,7.0,winner,25973.75,25952.5,15.25,1.5,27.25,0.09836065573770492,1.7868852459016393,8,2,6,0.025025265893450117,0.04716300110688676,14.500604892413325,-3.7174633647615254,-9.666872207648794,1,1.6750732849395717,8,MNQ_v5
2025-10-28 07:59:00+01:00,2025-10-28 10:19:00+01:00,Short,Canal Exit,139.88,13.0,winner,25976.0,25970.25,9.0,5.0,33.75,0.5555555555555556,3.75,20,1,8,0.06929473360024638,0.0981675392670157,31.557120923416264,-3.655693635596746,-6.5606036393130855,1,3.718111283633334,3,MNQ_v5
2025-10-28 16:09:00+01:00,2025-10-28 16:30:00+01:00,Long,Stop Loss,-218.96,4.0,loser,26035.5,26008.5,27.0,29.5,16.25,1.0925925925925926,0.6018518518518519,3,1,17,0.05953409767432928,0.08065910007489774,-29.79258503190666,5.17401009399714,1.431467143122519,0,13.013683292236237,3,MNQ_v5
2025-10-29 05:39:00+01:00,2025-10-29 08:20:00+01:00,Long,Canal Exit,225.04,4.0,winner,26247.5,26276.0,26.75,3.5,44.0,0.1308411214953271,1.644859813084112,23,2,6,0.016192018287455947,0.025716734927135915,-13.980545762245415,14.743668156183375,19.412729221973052,0,3.544066567781556,4,MNQ_v5
2025-10-29 08:41:00+01:00,2025-10-29 09:51:00+01:00,Long,Stop Loss,-215.22,3.0,loser,26296.25,26260.75,35.5,35.5,13.75,1.0,0.3873239436619718,10,1,9,0.0038028235965204167,0.06559870703997718,-11.174530165494765,26.92785361577521,19.90805710473673,0,2.2956119314330863,3,MNQ_v5
2025-10-29 14:24:00+01:00,2025-10-29 14:31:00+01:00,Long,Canal Exit,-94.96,4.0,loser,26268.75,26257.25,25.25,14.5,23.75,0.5742574257425742,0.9405940594059405,1,0,15,0.01617891981917678,0.042826552462526764,-42.22395212592227,20.624401755500486,4.104114698568574,0,0.5782589982336503,1,MNQ_v5
2025-10-29 18:29:00+01:00,2025-10-29 18:57:00+01:00,Short,Stop Loss,-189.72,3.0,loser,26237.5,26268.75,31.25,52.5,6.25,1.68,0.2,4,0,19,0.04764173415912339,0.12482134349690327,40.452647596588776,-15.654472156228694,5.310333093531431,1,6.0090150414253,2,MNQ_v5
2025-10-29 20:28:00+01:00,2025-10-29 20:56:00+01:00,Long,Auto-Close (profit),197.76,1.0,winner,26181.0,26280.25,133.5,32.0,169.0,0.2397003745318352,1.2659176029962547,4,3,21,0.14800809747526833,0.1995722088537489,-16.67206563684036,18.99685286444544,-6.091752556872756,1,3.666446346687735,1,MNQ_v5
2025-10-30 00:24:00+01:00,2025-10-30 00:31:00+01:00,Long,Stop Loss,-191.22,3.0,loser,26221.75,26190.25,31.5,50.5,0.75,1.6031746031746033,0.023809523809523808,1,1,1,0.027648802997511605,0.16112578298549868,-3.5456520870861374,7.519969535816119,0.678470641554472,1,1.5332621466150158,1,MNQ_v5
2025-10-30 16:44:00+01:00,2025-10-30 20:28:00+01:00,Short,Canal Exit,95.26,1.0,winner,25986.0,25938.0,171.0,111.0,104.0,0.6491228070175439,0.6081871345029239,32,1,17,0.019241129839144156,0.1241052874624798,5.680812866616281,-13.023402190314743,-16.931617720333172,1,5.668106164470373,3,MNQ_v5
2025-10-31 09:16:00+01:00,2025-10-31 11:29:00+01:00,Short,Canal Exit,-71.48,2.0,loser,26164.5,26182.0,55.0,46.25,3.5,0.8409090909090909,0.06363636363636363,19,0,10,0.017198876340079116,0.09363832674043074,42.17534863822522,-4.600504365514011,-1.365797880691461,1,13.247031876424444,3,MNQ_v5
2025-10-31 11:57:00+01:00,2025-10-31 13:28:00+01:00,Long,Canal Exit,743.8,5.0,winner,26182.0,26256.75,21.0,15.75,91.0,0.75,4.333333333333333,13,2,12,0.001909708960354442,0.026735925444962186,-27.359464350419344,23.919780673822896,-0.18539198922427655,0,0.36903444749623304,2,MNQ_v5
2025-10-31 16:37:00+01:00,2025-10-31 17:05:00+01:00,Short,Canal Exit,184.26,1.0,winner,26085.0,25992.5,98.0,72.75,101.5,0.7423469387755102,1.0357142857142858,4,0,17,0.16867931761548782,0.2022235000958405,40.9300290227291,-28.181179401871436,-15.841591984735048,1,13.046492379027768,4,MNQ_v5
2025-11-03 00:07:00+01:00,2025-11-03 00:35:00+01:00,Long,Canal Exit,36.26,1.0,winner,26065.5,26084.0,94.5,16.25,22.0,0.17195767195767195,0.2328042328042328,4,0,0,0.04124225508814333,0.15441867602769946,-45.66943423707934,30.805679303214035,6.71633400773995,1,4.177580566327379,4,MNQ_v5
2025-11-03 03:23:00+01:00,2025-11-03 03:30:00+01:00,Long,Stop Loss,-213.7,5.0,loser,26104.25,26083.25,21.0,35.25,0.25,1.6785714285714286,0.011904761904761904,1,2,3,0.018196270722200408,0.07278508288880163,-44.54445193750953,4.427588130636732,16.01553903202866,0,8.763986228477734,2,MNQ_v5
2025-11-03 13:11:00+01:00,2025-11-03 15:45:00+01:00,Long,Stop Loss,-180.48,2.0,loser,26168.75,26124.0,44.75,49.25,97.0,1.100558659217877,2.1675977653631286,22,1,13,0.040124193933604016,0.11846190589921185,-8.790483743397965,2.5655428713471644,20.641221673114124,0,3.550095365055313,2,MNQ_v5
2025-11-03 21:07:00+01:00,2025-11-03 21:56:00+01:00,Long,Auto-Close (profit),-0.48,2.0,loser,26110.0,26110.25,44.0,38.25,3.5,0.8693181818181818,0.07954545454545454,7,0,21,0.0019149751053236309,0.025852163921869013,-43.56406203260185,18.110295223353873,0.7422900884472939,0,3.5447972145848325,2,MNQ_v5
2025-11-03 22:59:00+01:00,2025-11-04 00:42:00+01:00,Short,Canal Exit,76.76,1.0,winner,26109.5,26070.75,68.5,0.0,46.25,0.0,0.6751824817518248,7,0,22,0.004787529443306076,0.007660047109289723,13.082611497045287,-23.638184865501028,-10.522907869872265,1,1.8084878568843124,7,MNQ_v5
2025-11-04 03:16:00+01:00,2025-11-04 04:33:00+01:00,Short,Canal Exit,148.52,2.0,winner,25980.5,25943.0,50.25,6.25,51.75,0.12437810945273632,1.0298507462686568,11,0,3,0.04715074767614172,0.07120725159254056,13.417928038687569,-30.177878792272885,-22.316392111266737,1,3.7929153343720827,6,MNQ_v5
2025-11-04 09:06:00+01:00,2025-11-04 12:01:00+01:00,Short,Canal Exit,-66.48,2.0,loser,25744.75,25761.0,58.75,45.75,100.0,0.7787234042553192,1.702127659574468,25,1,9,0.0359296555608425,0.25150758892589753,21.877370540397976,-2.4172503838784847,-20.23213560047653,1,17.96821431661374,3,MNQ_v5
2025-11-04 15:17:00+01:00,2025-11-04 15:31:00+01:00,Long,Stop Loss,-125.24,1.0,loser,25745.5,25683.25,62.25,82.5,11.5,1.3253012048192772,0.18473895582329317,2,2,15,0.0699151307995572,0.19032452273212794,-39.35287693738913,6.816703908381494,-1.6109760116449496,0,5.833768594551657,2,MNQ_v5
2025-11-05 07:28:00+01:00,2025-11-05 07:49:00+01:00,Long,Canal Exit,-17.74,1.0,loser,25536.75,25528.25,93.0,13.25,9.75,0.1424731182795699,0.10483870967741936,3,0,7,0.020558606713853567,0.06754970777409028,-18.376840787720546,22.766412322242598,19.623012144430817,0,4.711476199234312,3,MNQ_v5
2025-11-06 01:24:00+01:00,2025-11-06 02:06:00+01:00,Short,Canal Exit,18.26,1.0,winner,25679.75,25670.25,96.5,32.0,27.0,0.3316062176165803,0.27979274611398963,6,0,1,0.09735297267302058,0.1674471129975954,25.02808021817483,-25.193025146384276,-28.12644843676797,1,3.2761005531501723,2,MNQ_v5
2025-11-06 02:55:00+01:00,2025-11-06 03:16:00+01:00,Long,Canal Exit,-6.48,2.0,loser,25663.0,25661.75,46.25,23.75,10.25,0.5135135135135135,0.22162162162162163,3,1,2,0.009741651404746133,0.04188910104040837,-27.718399558662554,1.896369168566323,-11.374994943310835,0,2.5425043743816786,3,MNQ_v5
2025-11-06 13:32:00+01:00,2025-11-06 15:03:00+01:00,Long,Stop Loss,-206.22,3.0,loser,25779.75,25745.75,34.0,53.5,44.0,1.5735294117647058,1.2941176470588236,13,0,13,0.0232740814010997,0.026183341576237164,12.077500971286383,21.377904625943234,24.550977030303724,1,0.7854995204543229,3,MNQ_v5
2025-11-06 19:22:00+01:00,2025-11-06 19:36:00+01:00,Short,Stop Loss,-208.96,4.0,loser,25330.75,25356.5,25.75,40.25,11.25,1.5631067961165048,0.4368932038834951,2,3,19,0.27831785478124416,0.32273027841654905,26.56942126283019,-2.4855247407753387,-32.601725115898226,1,29.919941577179998,1,MNQ_v5
2025-11-07 04:40:00+01:00,2025-11-07 05:08:00+01:00,Short,Canal Exit,36.26,1.0,winner,25214.0,25195.5,67.0,20.0,52.0,0.29850746268656714,0.7761194029850746,4,0,4,0.05750773379868328,0.08824462600142777,25.270393221128828,-29.22333803841963,-9.828061733201151,1,2.8596504055021796,4,MNQ_v5
2025-11-07 05:29:00+01:00,2025-11-07 05:50:00+01:00,Long,Canal Exit,-4.24,1.0,loser,25246.0,25244.25,84.0,15.25,6.25,0.18154761904761904,0.0744047619047619,3,2,5,0.008912302939079459,0.07525944704111542,-31.566088576539855,19.686655643057847,-12.124670509209482,0,0.1774816061661113,3,MNQ_v5
2025-11-07 13:46:00+01:00,2025-11-07 14:35:00+01:00,Short,Canal Exit,-11.24,1.0,loser,25072.25,25077.5,123.5,74.75,10.25,0.6052631578947368,0.08299595141700405,7,0,13,0.1206513176918705,0.25227093699209285,32.85724017714621,-35.56919261305511,-12.767290262877294,1,10.642179381888127,2,MNQ_v5
2025-11-07 16:20:00+01:00,2025-11-07 16:41:00+01:00,Long,Stop Loss,-233.24,1.0,loser,24998.0,24881.75,116.25,124.5,19.25,1.070967741935484,0.16559139784946236,3,0,16,0.036002880230418435,0.08800704056324507,-38.386158705231196,0.41244020782420615,-13.952876022647116,0,19.28881583471957,2,MNQ_v5
2025-11-10 01:24:00+01:00,2025-11-10 11:05:00+01:00,Long,Canal Exit,948.52,2.0,winner,25309.75,25547.25,41.0,8.25,259.75,0.20121951219512196,6.335365853658536,83,0,1,0.08593526210254941,0.16396843113819773,2.9965610602032653,2.7057354566950833,14.253628343622413,0,25.457207336701686,9,MNQ_v5
2025-11-10 18:05:00+01:00,2025-11-10 19:08:00+01:00,Long,Canal Exit,227.26,1.0,winner,25533.5,25647.5,81.25,26.0,120.25,0.32,1.48,9,3,18,0.09203595276793232,0.29764818767501516,-36.52747262364585,11.334113890515999,7.294856286362717,0,4.825290005632269,9,MNQ_v5
2025-11-11 15:59:00+01:00,2025-11-11 16:55:00+01:00,Short,Canal Exit,112.26,1.0,winner,25584.75,25528.25,61.25,13.0,98.75,0.21224489795918366,1.6122448979591837,8,2,15,0.16513743538631412,0.3605663530032539,29.97417184977604,-6.8732457129022215,-1.7143714360007312,1,4.284913808267447,8,MNQ_v5
2025-11-12 04:40:00+01:00,2025-11-12 05:15:00+01:00,Long,Stop Loss,-203.7,5.0,loser,25728.0,25708.0,20.0,22.75,7.25,1.1375,0.3625,5,0,4,0.014575559701492536,0.017490671641791043,-37.271528345579995,2.171888449905153,11.298280635187698,0,13.72809038246487,3,MNQ_v5
2025-11-12 09:48:00+01:00,2025-11-12 11:54:00+01:00,Long,Canal Exit,39.04,4.0,winner,25792.5,25797.75,26.25,22.25,38.0,0.8476190476190476,1.4476190476190476,18,0,9,0.036832412523020254,0.08238829116991374,-27.207595722602505,16.506661685231542,15.314647737183662,0,4.045981396622665,1,MNQ_v5
2025-11-12 14:56:00+01:00,2025-11-12 15:52:00+01:00,Short,Canal Exit,1923.8,5.0,winner,25790.25,25597.5,22.0,2.5,228.75,0.11363636363636363,10.397727272727273,8,3,14,0.06397766597842207,0.10275200899564757,1.5311953247654886,-1.2110482282766741,-2.961171531342699,0,1.0779484940503608,8,MNQ_v5
2025-11-13 04:33:00+01:00,2025-11-13 10:37:00+01:00,Long,Stop Loss,-270.24,1.0,loser,25682.5,25547.75,134.75,151.75,39.25,1.1261595547309833,0.2912801484230056,52,0,4,0.008760829358512606,0.11291735617638471,-36.01272410760953,1.4494045030898552,0.24793540408319764,0,14.090428142575547,4,MNQ_v5
2025-11-13 18:54:00+01:00,2025-11-13 21:56:00+01:00,Short,Auto-Close (profit),82.76,1.0,winner,25141.75,25100.0,121.5,23.0,139.75,0.18930041152263374,1.1502057613168724,26,1,18,0.06562788986446846,0.07159406167032924,24.689246585516504,-10.56707186625522,-11.901259401625497,1,26.22834535052243,4,MNQ_v5
2025-11-14 02:48:00+01:00,2025-11-14 03:02:00+01:00,Short,Canal Exit,-27.72,3.0,loser,25119.25,25123.5,30.0,14.75,4.25,0.49166666666666664,0.14166666666666666,2,1,2,0.03682434786070444,0.11246354887188112,8.365952669028712,-7.620565054809648,-2.860226025718112,1,0.4516795559466118,2,MNQ_v5
2025-11-14 07:21:00+01:00,2025-11-14 08:38:00+01:00,Short,Canal Exit,143.26,1.0,winner,25053.75,24981.75,60.0,20.5,119.75,0.3416666666666667,1.9958333333333333,11,0,7,0.09280047897021404,0.10277902509604352,40.3199808482604,-3.1478191263769295,-9.416605045990462,1,24.24567008874874,4,MNQ_v5
2025-11-14 08:59:00+01:00,2025-11-14 09:20:00+01:00,Long,Stop Loss,-227.22,3.0,loser,24980.0,24942.5,37.5,52.0,15.5,1.3866666666666667,0.41333333333333333,3,2,8,0.04503602882305845,0.13610888710968774,-25.75231968010048,8.544928553236595,-10.755367558203044,0,2.755516984689166,1,MNQ_v5
2025-11-14 10:44:00+01:00,2025-11-14 13:11:00+01:00,Short,Canal Exit,397.26,1.0,winner,24957.25,24758.25,66.25,37.0,210.75,0.5584905660377358,3.181132075471698,21,1,10,0.04107023009345982,0.049083933526330024,29.429769590410995,-11.120582681701402,-15.413868944131309,1,19.29784478044894,3,MNQ_v5
2025-11-17 01:17:00+01:00,2025-11-17 01:24:00+01:00,Short,Stop Loss,-230.48,2.0,loser,25131.5,25188.75,57.25,80.0,8.5,1.3973799126637554,0.14847161572052403,1,1,1,0.026858723116407697,0.09848198476016155,39.112892287733224,-11.948559800397154,-10.028599261915584,1,12.906168780260487,1,MNQ_v5
2025-11-17 03:51:00+01:00,2025-11-17 04:19:00+01:00,Long,Canal Exit,5.52,2.0,winner,25251.0,25252.75,54.75,8.25,18.5,0.1506849315068493,0.3378995433789954,4,0,3,0.0019801195992237932,0.12276741515187517,-26.78071846485694,13.239921640972641,9.242934356603062,0,3.5729724265402183,4,MNQ_v5
2025-11-17 16:20:00+01:00,2025-11-17 18:05:00+01:00,Short,Canal Exit,-142.24,1.0,loser,25094.0,25164.75,160.75,107.0,150.5,0.6656298600311042,0.9362363919129082,15,2,16,0.11058420339523391,0.3775802980792221,34.95329034643392,-0.500779783393676,-0.6938234335362766,1,47.04157026518078,4,MNQ_v5
2025-11-17 18:33:00+01:00,2025-11-17 19:50:00+01:00,Short,Canal Exit,364.26,1.0,winner,25111.0,24928.5,90.0,1.25,199.0,0.013888888888888888,2.2111111111111112,11,3,18,0.12345187368085699,0.1324120903189837,47.57641265472012,-14.109506092100409,1.1831635433284464,1,32.28459300971008,5,MNQ_v5
2025-11-18 02:20:00+01:00,2025-11-18 02:41:00+01:00,Long,Canal Exit,57.76,1.0,winner,24920.75,24950.0,90.5,13.25,39.0,0.1464088397790055,0.430939226519337,3,0,2,0.10533390848991302,0.2718618019120613,-41.75622524642671,34.17096467467655,17.56133761960704,1,4.848692760642734,3,MNQ_v5
2025-11-18 03:16:00+01:00,2025-11-18 04:05:00+01:00,Short,Canal Exit,1345.56,6.0,winner,24940.25,24827.75,19.5,0.75,138.75,0.038461538461538464,7.115384615384615,7,2,3,0.04410541193452351,0.05312697346658514,36.653594677871865,-1.4157360652211688,0.008811409001591894,1,10.626759268379828,7,MNQ_v5
2025-11-18 07:00:00+01:00,2025-11-18 08:52:00+01:00,Short,Canal Exit,55.52,2.0,winner,24714.5,24700.25,52.75,33.25,110.75,0.6303317535545023,2.0995260663507107,16,0,7,0.019219486536243908,0.10014364037306035,32.76804684460758,-18.841009110131203,-10.080746154357213,1,21.153221439635672,9,MNQ_v5
2025-11-18 15:38:00+01:00,2025-11-18 16:20:00+01:00,Short,Canal Exit,131.76,1.0,winner,24654.75,24588.5,177.25,83.75,224.75,0.47249647390691113,1.2679830747531735,6,0,15,0.4725255782354313,0.6134720489966436,12.372894122059137,-10.773557859675678,-1.3029331203531151,1,0.9269324799024616,6,MNQ_v5
2025-11-18 18:19:00+01:00,2025-11-18 18:40:00+01:00,Short,Stop Loss,-211.74,1.0,loser,24592.25,24697.75,105.5,143.25,100.75,1.3578199052132702,0.9549763033175356,3,2,18,0.02236476938873019,0.1352051967591416,44.815979149700624,-8.524473184999582,-2.7838733419412023,1,41.66070712182409,3,MNQ_v5
2025-11-19 01:10:00+01:00,2025-11-19 02:06:00+01:00,Short,Canal Exit,-7.74,1.0,loser,24526.5,24530.0,104.5,51.5,28.75,0.49282296650717705,0.2751196172248804,8,0,1,0.08867959146229588,0.16308890383870506,36.637281701632965,-38.098264935934026,-12.823056127711753,1,7.045676612862735,3,MNQ_v5
2025-11-19 05:50:00+01:00,2025-11-19 06:39:00+01:00,Long,Stop Loss,-212.22,3.0,loser,24527.0,24492.0,35.0,61.5,30.0,1.7571428571428571,0.8571428571428571,7,3,5,0.02752069148285563,0.04382924939862193,-49.404967555813045,1.2675631470961102,-7.974409677834433,0,2.3152112944444525,3,MNQ_v5
2025-11-19 13:32:00+01:00,2025-11-19 14:00:00+01:00,Long,Stop Loss,-194.48,2.0,loser,24720.75,24672.5,48.25,64.5,0.5,1.3367875647668395,0.010362694300518135,4,2,13,0.04753092038065188,0.08292628662156286,-21.035942215426175,5.221025071841869,8.79208006743416,0,12.270924706295773,3,MNQ_v5
2025-11-19 20:25:00+01:00,2025-11-19 21:14:00+01:00,Short,Stop Loss,-232.74,1.0,loser,24597.0,24713.0,116.0,152.0,27.0,1.3103448275862069,0.23275862068965517,7,0,20,0.1626214579013701,0.2276700410619181,3.5573315401470698,-8.145575876609588,-17.862581922960256,1,6.844710710662184,3,MNQ_v5
2025-11-20 02:27:00+01:00,2025-11-20 10:23:00+01:00,Long,Stop Loss,-126.24,1.0,loser,25150.0,25087.25,62.75,75.75,59.0,1.207171314741036,0.9402390438247012,68,1,2,0.030815109343936383,0.036779324055666,0.7251051481666551,4.697290700969204,20.11550807643295,0,25.046522131895472,5,MNQ_v5
2025-11-21 04:40:00+01:00,2025-11-21 05:01:00+01:00,Long,Canal Exit,-151.48,2.0,loser,24216.5,24179.0,57.5,48.0,13.75,0.8347826086956521,0.2391304347826087,3,0,4,0.03819709702062643,0.13627072450601863,-14.922224789929416,4.193234380803899,13.301722848220546,0,2.70410867578903,3,MNQ_v5
2025-11-21 06:04:00+01:00,2025-11-21 07:56:00+01:00,Long,Canal Exit,-37.74,1.0,loser,24177.0,24158.5,79.5,50.0,33.0,0.6289308176100629,0.41509433962264153,16,2,6,0.011374446788269843,0.1592422550357778,-33.43251805181803,4.7296739339008695,0.9960457885221824,0,15.859442506800406,4,MNQ_v5
2025-11-21 09:27:00+01:00,2025-11-21 10:09:00+01:00,Long,Canal Exit,86.26,1.0,winner,24140.25,24183.75,79.75,31.25,77.0,0.39184952978056425,0.9655172413793104,6,0,9,0.04970951005064156,0.06524373194146706,-29.009902400366947,7.980545521790324,-2.364168312397791,0,15.14779977955186,6,MNQ_v5
2025-11-21 10:37:00+01:00,2025-11-21 11:05:00+01:00,Short,Canal Exit,185.26,1.0,winner,24071.75,23978.75,145.5,18.75,141.75,0.12886597938144329,0.9742268041237113,4,3,10,0.13397447215096533,0.2461391465099131,38.42450154868989,-34.39857179345648,1.4239060210659022,0,5.4239941994528635,4,MNQ_v5
2025-11-21 12:57:00+01:00,2025-11-21 13:32:00+01:00,Short,Stop Loss,-168.24,1.0,loser,24069.75,24153.5,83.75,122.0,117.25,1.4567164179104477,1.4,5,2,12,0.20357502674518846,0.30328524392650524,49.89718291781771,-33.918621389963995,-1.989720837120623,0,4.33063959392166,2,MNQ_v5
2025-11-21 19:50:00+01:00,2025-11-21 20:11:00+01:00,Long,Canal Exit,103.76,1.0,winner,24488.0,24540.25,284.75,38.75,78.25,0.1360842844600527,0.27480245829675154,3,0,19,0.09290264619405424,0.6727785037569421,-34.4481136934634,29.745977150812415,5.991911268444098,0,21.498923561361153,3,MNQ_v5
2025-11-24 01:03:00+01:00,2025-11-24 02:13:00+01:00,Short,Canal Exit,-48.74,1.0,loser,24433.25,24457.25,72.75,40.5,29.25,0.5567010309278351,0.4020618556701031,10,0,1,0.01841752529851739,0.1647345318367389,32.95772344001107,-24.437888176794637,-12.685429761563158,1,14.98873426449427,3,MNQ_v5
2025-11-24 02:48:00+01:00,2025-11-24 03:16:00+01:00,Short,Stop Loss,-216.96,4.0,loser,24456.25,24483.0,26.75,28.5,23.0,1.0654205607476634,0.8598130841121495,4,2,2,0.09097878865320726,0.12369026322514695,23.08727323542506,-1.6140748814725507,0.6614585562052164,0,0.5036384434934007,4,MNQ_v5
2025-11-24 18:33:00+01:00,2025-11-24 21:56:00+01:00,Long,Auto-Close (profit),20.26,1.0,winner,24925.0,24935.5,244.0,31.75,68.25,0.13012295081967212,0.2797131147540984,29,0,18,0.14944834503510532,0.17051153460381144,-17.544947389069655,22.76895279770092,19.97090287528611,0,25.458491759382014,3,MNQ_v5
2025-11-25 04:33:00+01:00,2025-11-25 05:43:00+01:00,Short,Canal Exit,7.04,4.0,winner,24932.5,24931.25,26.5,21.5,17.5,0.8113207547169812,0.660377358490566,10,1,4,0.009024365787626592,0.05915973127444099,25.223815063422087,-2.893652891826077,-5.033697522327107,1,3.493895600673568,4,MNQ_v5
2025-11-25 06:11:00+01:00,2025-11-25 07:14:00+01:00,Short,Canal Exit,217.56,6.0,winner,24936.75,24918.25,18.75,5.75,24.0,0.30666666666666664,1.28,9,0,6,0.0210532647598424,0.04711921160536157,-7.936728395849878,-1.6583130829397523,-4.315851128092321,1,2.7278437139029847,7,MNQ_v5
2025-11-25 09:34:00+01:00,2025-11-25 10:30:00+01:00,Short,Canal Exit,841.56,6.0,winner,24912.75,24842.25,18.5,6.5,91.0,0.35135135135135137,4.918918918918919,8,0,9,0.018063040009633623,0.043150595578569206,-2.5468298731707026,-1.8766810724519105,-1.480385562205004,1,5.344389007448626,8,MNQ_v5
2025-11-25 21:00:00+01:00,2025-11-25 21:56:00+01:00,Long,Auto-Close (profit),85.76,1.0,winner,25036.0,25079.25,98.0,12.5,99.75,0.12755102040816327,1.0178571428571428,8,1,21,0.08887202428502956,0.17574692442882248,-29.25459550410501,13.064996905676104,10.042809127617932,0,17.74494358850643,5,MNQ_v5
2025-11-26 00:07:00+01:00,2025-11-26 02:48:00+01:00,Long,Canal Exit,537.04,4.0,winner,25087.5,25155.0,28.25,25.75,80.5,0.911504424778761,2.849557522123894,23,3,0,0.019930244145490782,0.1096163428001993,-38.83016000121937,4.988312296210205,5.517177480532537,0,16.2151310167028,3,MNQ_v5
2025-11-26 04:47:00+01:00,2025-11-26 09:20:00+01:00,Long,Canal Exit,191.3,5.0,winner,25179.5,25199.0,20.25,19.0,56.5,0.9382716049382716,2.7901234567901234,39,3,4,0.014893067773387081,0.024821779622311798,-5.045601957831483,1.551494765628293,21.389587697634266,0,3.9629736595525173,4,MNQ_v5
2025-11-26 15:03:00+01:00,2025-11-26 15:17:00+01:00,Short,Stop Loss,-225.72,3.0,loser,25182.75,25220.0,37.25,39.25,5.75,1.0536912751677852,0.15436241610738255,2,2,15,0.007941944386534434,0.08041218691366114,43.55776386030536,-2.2656019163560455,1.4142801424224396,1,8.982668778204243,2,MNQ_v5
2025-11-26 16:55:00+01:00,2025-11-26 17:30:00+01:00,Long,Canal Exit,158.76,1.0,winner,25268.5,25348.25,126.25,5.0,82.5,0.039603960396039604,0.6534653465346535,5,0,16,0.09695866394918574,0.22458792567821595,-19.083725221524162,31.848830270034036,-1.108539410953276,1,4.587247056995693,5,MNQ_v5
2025-11-27 01:31:00+01:00,2025-11-27 01:59:00+01:00,Short,Stop Loss,-245.16,9.0,loser,25321.25,25334.5,13.25,18.0,5.75,1.3584905660377358,0.4339622641509434,4,1,1,0.018758947524312584,0.04245446018660216,8.426866302406427,-4.6971381385996835,-15.706823717999502,0,0.1565802305485704,3,MNQ_v5
2025-11-27 02:55:00+01:00,2025-11-27 03:23:00+01:00,Long,Canal Exit,-24.72,3.0,loser,25334.75,25331.0,31.5,9.75,2.5,0.30952380952380953,0.07936507936507936,4,0,2,0.022696099231292986,0.07696938000177621,-22.822125290569268,2.2604291338518623,-6.995491105311083,0,3.0879607019596733,4,MNQ_v5
2025-11-27 03:44:00+01:00,2025-11-27 06:18:00+01:00,Short,Stop Loss,-221.92,8.0,loser,25323.0,25336.5,13.5,14.0,18.25,1.037037037037037,1.3518518518518519,22,2,3,0.0069107135805394305,0.012834182363858943,32.60946801012079,-6.991794870189621,-4.679036836775016,1,4.301190378864703,4,MNQ_v5
2025-11-27 10:02:00+01:00,2025-11-27 10:23:00+01:00,Short,Canal Exit,-122.96,4.0,loser,25301.25,25316.25,27.5,16.75,4.0,0.6090909090909091,0.14545454545454545,3,2,10,0.0009880934736426065,0.03853564547206166,18.81427810866466,-14.216035049310582,-4.733365600351772,0,0.8804633872714476,3,MNQ_v5
2025-11-27 16:20:00+01:00,2025-11-27 16:34:00+01:00,Long,Canal Exit,-99.68,7.0,loser,25303.0,25296.25,16.0,13.0,2.25,0.8125,0.140625,2,0,16,0.0029640754060783307,0.010868276488953879,-16.81513368360257,1.2382256552147095,7.230418512323898,0,1.3625890847761184,2,MNQ_v5
2025-11-28 03:37:00+01:00,2025-11-28 15:26:00+01:00,Long,Canal Exit,2009.28,28.0,winner,25343.5,25379.75,4.25,0.5,76.5,0.11764705882352941,18.0,10,1,3,0.0009864462288160672,0.007891569830528538,-23.828836298011126,1.5686348723502872,22.147371455586875,0,4.519275923034002,5,MNQ_v5
2025-11-28 16:15:00+01:00,2025-11-28 17:18:00+01:00,Long,Canal Exit,83.52,2.0,winner,25383.25,25404.5,53.75,26.75,53.75,0.49767441860465117,1.0,9,0,16,0.002954704381826598,0.025607437975830517,-3.4908817975766038,4.0949821640275,9.893771142292419,0,5.444335209285782,9,MNQ_v5
2025-11-28 18:56:00+01:00,2025-11-28 19:10:00+01:00,Long,Auto-Close (loss),-10.74,1.0,loser,25489.75,25484.75,108.5,21.75,52.5,0.20046082949308755,0.4838709677419355,2,0,18,0.16182975509763728,0.3324865877460548,-8.50284256406619,3.9929270241085293,4.416157372055772,0,3.9516682389512425,4,MNQ_v5
2025-12-01 00:35:00+01:00,2025-12-01 01:10:00+01:00,Short,Canal Exit,80.26,1.0,winner,25461.75,25421.25,80.5,16.0,60.5,0.19875776397515527,0.7515527950310559,5,1,0,0.0029455948628825594,0.16986263709289426,35.47498728373458,-8.617025977811178,8.559493035939026,1,14.114777906528616,5,MNQ_v5
2025-12-01 05:22:00+01:00,2025-12-01 09:06:00+01:00,Short,Stop Loss,-187.48,2.0,loser,25250.75,25297.25,46.5,63.25,57.25,1.3602150537634408,1.2311827956989247,32,2,5,0.006930487213251091,0.010890765620823143,7.224184436372102,-2.485497977023021,-20.242446345762875,1,9.015730704057205,9,MNQ_v5
2025-12-01 19:50:00+01:00,2025-12-01 20:11:00+01:00,Long,Stop Loss,-213.48,2.0,loser,25489.5,25436.5,53.0,57.0,3.5,1.0754716981132075,0.0660377358490566,3,0,19,0.0863100492359599,0.0882716412640499,0.22461747916884756,5.358543723681619,11.21266659557664,0,10.450200317485724,2,MNQ_v5
2025-12-02 01:03:00+01:00,2025-12-02 02:06:00+01:00,Short,Stop Loss,-233.7,5.0,loser,25403.0,25426.0,23.0,40.75,9.25,1.7717391304347827,0.40217391304347827,9,2,1,0.044286107940007084,0.08168326575601306,12.159862353970547,-3.9249706083394384,-7.986123048782005,1,1.922268986425479,3,MNQ_v5
2025-12-02 03:51:00+01:00,2025-12-02 04:19:00+01:00,Long,Stop Loss,-237.72,3.0,loser,25425.25,25386.0,39.25,54.75,3.0,1.394904458598726,0.07643312101910828,4,0,3,0.01671566651262033,0.02654841152004405,-30.142821631338677,27.16232504245204,-3.73339112935048,0,3.901629140069417,2,MNQ_v5
2025-12-02 09:41:00+01:00,2025-12-02 10:02:00+01:00,Long,Canal Exit,30.76,1.0,winner,25410.75,25426.5,86.75,10.5,23.75,0.12103746397694524,0.2737752161383285,3,0,9,0.13085013232588572,0.15839752860501954,-35.948689391976146,34.21054627743827,-7.070764529468128,0,2.3594032092005364,3,MNQ_v5
2025-12-02 16:34:00+01:00,2025-12-02 16:48:00+01:00,Short,Stop Loss,-126.24,1.0,loser,25591.5,25654.25,62.75,78.5,4.25,1.250996015936255,0.06772908366533864,2,2,16,0.18951605025105991,0.48258210734032786,44.9701065549806,-0.36703875698561633,8.858541314982793,1,13.514208761087502,2,MNQ_v5
2025-12-02 22:59:00+01:00,2025-12-03 01:17:00+01:00,Long,Stop Loss,-241.44,6.0,loser,25606.75,25587.0,19.75,22.75,32.0,1.1518987341772151,1.620253164556962,12,2,22,0.018549796440391692,0.048815253790504456,-37.52061453145984,2.364467978036674,5.169905719651056,0,6.182801970251603,5,MNQ_v5
2025-12-03 04:33:00+01:00,2025-12-03 04:47:00+01:00,Long,Canal Exit,-47.22,3.0,loser,25673.25,25665.75,30.75,8.75,4.0,0.2845528455284553,0.13008130081300814,2,0,4,0.023370628962051943,0.04966258654436037,-18.673718430534276,29.33391103042021,14.369601847171676,0,2.46837694291753,2,MNQ_v5
2025-12-03 06:18:00+01:00,2025-12-03 07:28:00+01:00,Long,Stop Loss,-238.96,4.0,loser,25672.0,25642.5,29.5,32.0,1.5,1.0847457627118644,0.05084745762711865,10,3,6,0.002921470863197258,0.006816765347460268,-25.140162116229885,10.781902818003957,8.220044605411214,0,2.744277976358717,3,MNQ_v5
2025-12-03 17:23:00+01:00,2025-12-03 17:30:00+01:00,Short,Stop Loss,-233.22,3.0,loser,25566.75,25605.25,38.5,47.5,6.0,1.2337662337662338,0.15584415584415584,1,1,17,0.04106896652879228,0.1026724163219807,33.557746888188156,-2.7593386410457845,-1.729084201083626,1,11.871624770319613,1,MNQ_v5
2025-12-04 03:44:00+01:00,2025-12-04 04:33:00+01:00,Long,Stop Loss,-211.2,5.0,loser,25639.5,25618.75,20.75,22.5,17.25,1.0843373493975903,0.8313253012048193,7,3,3,0.01170069619142339,0.02340139238284678,-34.49500269306383,4.3495093269953315,-6.902684032681757,0,3.476501846118481,3,MNQ_v5
2025-12-04 06:39:00+01:00,2025-12-04 07:00:00+01:00,Short,Stop Loss,-242.88,12.0,loser,25639.75,25649.5,9.75,16.25,5.75,1.6666666666666667,0.5897435897435898,3,3,6,0.011700582103959672,0.02242611569925604,29.915651152375354,-3.8711955562267466,-6.443116970427686,1,1.9167124485175009,2,MNQ_v5
2025-12-04 09:55:00+01:00,2025-12-04 11:05:00+01:00,Long,Canal Exit,258.78,3.0,winner,25636.25,25679.75,33.5,24.5,57.25,0.7313432835820896,1.708955223880597,10,2,9,0.026329903944609684,0.054610171144375635,-31.982898002748385,10.524351182816892,-2.364307199690042,0,7.307591935496021,3,MNQ_v5
2025-12-04 15:38:00+01:00,2025-12-04 16:13:00+01:00,Short,Canal Exit,42.26,1.0,winner,25591.25,25569.75,141.25,17.75,51.25,0.1256637168141593,0.36283185840707965,5,1,15,0.08596688321203536,0.30967615884335464,29.955173557181816,-1.3331984213778838,-8.6804625007145,1,11.09558502233267,5,MNQ_v5
2025-12-04 18:33:00+01:00,2025-12-04 21:07:00+01:00,Short,Canal Exit,51.52,2.0,winner,25603.0,25589.75,51.25,30.5,116.0,0.5951219512195122,2.2634146341463413,22,2,18,0.05565754013201578,0.1386556262937937,37.40374465959054,-10.84160646932049,-10.894885097504872,1,12.821554878792085,2,MNQ_v5
2025-12-05 01:24:00+01:00,2025-12-05 02:34:00+01:00,Long,Canal Exit,305.04,4.0,winner,25636.0,25674.5,27.5,1.0,41.75,0.03636363636363636,1.518181818181818,10,0,1,0.015603058199407084,0.05461070369792479,-29.028600355026903,16.824648917704224,7.075302724654854,0,3.835118388189585,4,MNQ_v5
2025-12-05 04:40:00+01:00,2025-12-05 10:23:00+01:00,Long,Canal Exit,861.12,12.0,winner,25692.25,25728.5,9.25,2.0,63.25,0.21621621621621623,6.837837837837838,49,0,4,0.0019461121544434605,0.025299458007764987,-24.39444057178072,1.4414478579005554,27.566281077931357,0,7.167057420250785,6,MNQ_v5
2025-12-05 17:58:00+01:00,2025-12-05 20:32:00+01:00,Long,Canal Exit,5.26,1.0,winner,25718.0,25721.0,67.0,53.0,40.5,0.7910447761194029,0.6044776119402985,22,0,17,0.11664981724861966,0.31689867019208334,-41.41141668883755,5.50060881540702,-2.292109940095419,0,34.92019170369895,2,MNQ_v5
2025-12-08 00:00:00+01:00,2025-12-08 01:24:00+01:00,Short,Canal Exit,30.78,3.0,winner,25732.75,25727.25,38.25,23.75,32.75,0.6209150326797386,0.8562091503267973,12,3,0,0.061206050655293345,0.06217757526886943,36.22919446889032,-2.2012745686934045,-11.217749127103291,1,3.3217301611657604,3,MNQ_v5
2025-12-08 01:59:00+01:00,2025-12-08 02:13:00+01:00,Long,Canal Exit,-33.48,2.0,loser,25756.0,25748.0,56.0,12.5,9.0,0.22321428571428573,0.16071428571428573,2,2,1,0.03882590464357819,0.0689159807423513,-21.513368510139554,34.14951532054228,-8.32542091739235,1,3.2518159845567425,2,MNQ_v5
2025-12-08 05:22:00+01:00,2025-12-08 09:48:00+01:00,Long,Stop Loss,-214.96,4.0,loser,25797.0,25770.5,26.5,28.75,24.0,1.0849056603773586,0.9056603773584906,38,0,5,0.0,0.001938209869364655,6.53934749641234,27.62418740871428,30.36879020637401,0,0.6476826661601081,3,MNQ_v5
2025-12-08 19:36:00+01:00,2025-12-08 21:56:00+01:00,Short,Auto-Close (loss),-100.74,1.0,loser,25618.75,25668.75,77.75,56.0,55.0,0.7202572347266881,0.707395498392283,20,2,19,0.005855086606489387,0.09270553793608198,32.55805869661607,-10.222485185870074,-14.178052733119168,1,17.603616695203527,4,MNQ_v5
2025-12-09 02:13:00+01:00,2025-12-09 02:27:00+01:00,Long,Stop Loss,-211.2,5.0,loser,25723.75,25703.0,20.75,34.75,5.75,1.6746987951807228,0.27710843373493976,2,0,2,0.009718645220856213,0.06025560036930852,2.1988185493686254,9.337437031006699,31.2385511329113,0,5.922637233830756,2,MNQ_v5
2025-12-09 13:25:00+01:00,2025-12-09 14:56:00+01:00,Short,Canal Exit,593.32,7.0,winner,25665.0,25622.25,15.25,7.75,58.0,0.5081967213114754,3.80327868852459,13,1,13,0.001948178453146308,0.0029222676797194627,34.51969788266197,-10.490804870987843,-10.574759007592817,1,4.224338908024947,3,MNQ_v5
2025-12-09 19:50:00+01:00,2025-12-09 20:39:00+01:00,Long,Stop Loss,-180.48,2.0,loser,25733.75,25689.0,44.75,51.0,0.5,1.1396648044692737,0.0111731843575419,7,0,19,0.07577597512993636,0.08549084373633847,11.495746375172338,11.85581732414279,6.567916993939602,0,0.7135998829326127,1,MNQ_v5
2025-12-10 01:38:00+01:00,2025-12-10 02:20:00+01:00,Short,Canal Exit,211.3,5.0,winner,25670.0,25648.5,23.75,0.25,30.0,0.010526315789473684,1.263157894736842,6,0,1,0.01168679392286716,0.022399688352162057,2.7512939167044843,-13.024315444428241,-4.7511923666715985,1,1.085292833384301,3,MNQ_v5
2025-12-10 07:07:00+01:00,2025-12-10 07:28:00+01:00,Long,Canal Exit,8.280000000000001,3.0,winner,25706.75,25708.5,34.0,9.25,5.5,0.27205882352941174,0.16176470588235295,3,0,7,0.04181781049724294,0.09627821486574538,-32.178871174028,34.8885087772548,13.081908031273997,0,0.6784446473102435,3,MNQ_v5
2025-12-10 14:56:00+01:00,2025-12-10 16:20:00+01:00,Short,Canal Exit,139.52,2.0,winner,25664.75,25629.5,53.25,8.25,97.75,0.15492957746478872,1.835680751173709,12,2,14,0.06721281134630183,0.0740315023524484,46.30072835658389,-3.0733958893967537,-0.8514515634911726,1,16.95048364700051,5,MNQ_v5
2025-12-10 18:26:00+01:00,2025-12-10 18:47:00+01:00,Short,Stop Loss,-200.22,3.0,loser,25625.5,25658.5,33.0,36.0,1.5,1.0909090909090908,0.045454545454545456,3,2,18,0.037072447366880645,0.05268189888977776,40.22795574137852,-8.171197321014276,-4.724469744281579,1,8.232603915443178,3,MNQ_v5
2025-12-10 20:11:00+01:00,2025-12-10 20:39:00+01:00,Long,Canal Exit,-33.24,1.0,loser,25717.0,25700.75,138.0,107.0,62.75,0.7753623188405797,0.45471014492753625,4,1,20,0.04957810008943501,0.34996305945483536,-23.57761773216724,13.633363591181473,-4.018057263850678,1,2.9575821771359188,4,MNQ_v5
2025-12-10 22:59:00+01:00,2025-12-11 00:00:00+01:00,Long,Stop Loss,-222.96,4.0,loser,25800.25,25772.75,27.5,32.25,0.0,1.1727272727272726,0.0,1,0,22,0.009689828586932297,0.032945417195569815,-31.20421828387185,16.85096285783498,10.826740190731474,0,20.415031050230027,1,MNQ_v5
2025-12-11 06:04:00+01:00,2025-12-11 08:31:00+01:00,Short,Stop Loss,-227.22,3.0,loser,25495.5,25533.0,37.5,39.75,25.0,1.06,0.6666666666666666,21,2,6,0.042164303504540014,0.05589221627346002,38.51448526763638,-6.740928907603628,-18.580613778025832,1,18.900835567364993,5,MNQ_v5
2025-12-11 12:57:00+01:00,2025-12-11 14:42:00+01:00,Long,Canal Exit,108.78,3.0,winner,25629.0,25647.5,38.5,4.0,71.75,0.1038961038961039,1.8636363636363635,15,2,12,0.007803659916500839,0.027312809707752937,12.073811276998406,34.123932093012755,17.39271056335198,1,0.28696104823757196,4,MNQ_v5
2025-12-11 15:17:00+01:00,2025-12-11 15:24:00+01:00,Long,Stop Loss,-192.72,3.0,loser,25664.0,25632.25,31.75,88.0,3.5,2.7716535433070866,0.11023622047244094,1,2,15,0.0009741271820448877,0.0555252493765586,-45.93996772622153,1.748074625007852,7.139297088125624,0,14.339926066655607,1,MNQ_v5
2025-12-12 04:05:00+01:00,2025-12-12 06:53:00+01:00,Short,Canal Exit,-88.44,6.0,loser,25684.0,25691.0,19.75,15.25,30.5,0.7721518987341772,1.5443037974683544,24,3,4,0.030174427659243108,0.042828219903441836,38.02456485733773,-5.265520547147984,-6.526033823325593,1,0.39784720555326203,4,MNQ_v5
2025-12-12 09:06:00+01:00,2025-12-12 09:41:00+01:00,Long,Stop Loss,-212.96,4.0,loser,25678.75,25652.5,26.25,28.0,4.0,1.0666666666666667,0.1523809523809524,5,2,9,0.01947135277223385,0.02920702915835078,-40.27318750661134,26.82659684555883,-9.34804478929493,0,0.36211038454348454,2,MNQ_v5
2025-12-12 10:02:00+01:00,2025-12-12 10:37:00+01:00,Short,Canal Exit,205.52,2.0,winner,25628.25,25576.5,54.5,14.75,65.0,0.2706422018348624,1.1926605504587156,5,0,10,0.12291124052559188,0.15900422385453553,35.318433111206964,-17.162195153934714,-2.8663934270861895,0,1.801064585626591,5,MNQ_v5
2025-12-15 05:01:00+01:00,2025-12-15 05:08:00+01:00,Long,Stop Loss,-227.16,9.0,loser,25257.5,25245.25,12.25,21.0,3.25,1.7142857142857142,0.2653061224489796,1,0,5,0.011877660100960112,0.01880629515985351,-40.655413206629305,2.030863002102832,6.38577013528883,0,6.651770996933919,1,MNQ_v5
2025-12-15 15:38:00+01:00,2025-12-15 16:20:00+01:00,Short,Canal Exit,426.76,1.0,winner,25287.75,25074.0,122.25,22.75,237.0,0.18609406952965235,1.9386503067484662,6,0,15,0.30054077567201515,0.3598580340283339,42.84038205219443,-8.436422743609189,12.209334276944597,1,0.6733750092244009,6,MNQ_v5
2025-12-16 00:28:00+01:00,2025-12-16 00:56:00+01:00,Short,Stop Loss,-177.74,1.0,loser,25069.0,25157.5,88.5,248.0,32.25,2.8022598870056497,0.3644067796610169,4,1,0,0.07379632215086362,0.18149906258725917,27.89503113880498,-5.933262118721251,-12.707265434801203,1,8.974151884016464,4,MNQ_v5
2025-12-16 03:30:00+01:00,2025-12-16 04:33:00+01:00,Long,Stop Loss,-167.48,2.0,loser,25154.0,25112.5,41.5,50.75,18.75,1.2228915662650603,0.45180722891566266,9,1,3,0.08746123876918184,0.15902043412578518,-37.62361587128383,4.04910281160174,-12.308327848005272,0,23.07953273782914,3,MNQ_v5
2025-12-16 06:18:00+01:00,2025-12-16 07:35:00+01:00,Short,Canal Exit,301.04,4.0,winner,25148.75,25110.75,26.75,4.25,45.25,0.1588785046728972,1.691588785046729,11,0,6,0.01689944828271783,0.028828470599930413,28.39994684365739,-14.143445279970605,-8.882213278485882,1,4.4519957839511335,6,MNQ_v5
2025-12-16 09:06:00+01:00,2025-12-16 09:34:00+01:00,Long,Canal Exit,40.26,1.0,winner,25155.0,25175.5,81.25,6.25,33.25,0.07692307692307693,0.40923076923076923,4,0,9,0.015901411250248458,0.13019280461140925,-19.204236253687885,13.573935226318532,1.1454476691190294,0,2.0264287542231614,4,MNQ_v5
2025-12-16 16:27:00+01:00,2025-12-16 16:48:00+01:00,Short,Canal Exit,-96.74,1.0,loser,25262.25,25310.25,146.25,71.75,68.25,0.4905982905982906,0.4666666666666667,3,1,16,0.2968856693287415,0.6561173292165187,32.859232547522,-13.065200141205707,13.019047702984249,1,4.713045652133587,3,MNQ_v5
2025-12-16 17:09:00+01:00,2025-12-16 18:19:00+01:00,Long,Canal Exit,111.52,2.0,winner,25251.0,25279.25,57.0,38.25,104.5,0.6710526315789473,1.8333333333333333,10,3,17,0.16633004633479861,0.2910775810858976,-25.193306176587647,14.134572549328931,6.021079473887204,0,14.019038291298784,1,MNQ_v5
2025-12-16 18:40:00+01:00,2025-12-16 19:08:00+01:00,Short,Canal Exit,41.26,1.0,winner,25247.25,25226.25,108.25,21.5,77.25,0.19861431870669746,0.7136258660508084,4,0,18,0.08416758260800682,0.16338413094495438,35.5682700597644,-20.502262282320572,4.500970664353264,1,9.550876636334579,4,MNQ_v5
2025-12-16 20:32:00+01:00,2025-12-16 21:00:00+01:00,Short,Stop Loss,-208.48,2.0,loser,25298.5,25350.25,51.75,57.5,12.5,1.1111111111111112,0.24154589371980675,4,0,20,0.035575231733106706,0.19566377453208686,-16.301724211901963,-14.768175185490858,1.2755558621810061,1,9.732278288705857,8,MNQ_v5
2025-12-17 10:02:00+01:00,2025-12-17 11:26:00+01:00,Long,Canal Exit,910.56,6.0,winner,25411.0,25487.25,18.25,8.75,80.25,0.4794520547945205,4.397260273972603,12,0,10,0.0009838259021683524,0.024595647554208806,12.007440178098213,7.131280753020383,8.518556383579032,0,1.487653849479102,7,MNQ_v5
2025-12-17 12:57:00+01:00,2025-12-17 14:14:00+01:00,Long,Stop Loss,-250.58,17.0,loser,25478.75,25471.75,7.0,39.0,29.25,5.571428571428571,4.178571428571429,11,1,12,0.02060540646617279,0.027473875288230386,4.597607383487571,3.640265687156912,13.828410471433987,0,6.076299750719045,3,MNQ_v5
2025-12-17 19:08:00+01:00,2025-12-17 21:56:00+01:00,Short,Auto-Close (profit),236.76,1.0,winner,25010.75,24892.0,74.25,15.75,123.0,0.21212121212121213,1.6565656565656566,24,0,19,0.1869196245614386,0.19791489659446437,20.147663933823697,-4.105629692039752,-19.003466786173675,1,29.780081129894825,8,MNQ_v5
2025-12-18 04:54:00+01:00,2025-12-18 05:57:00+01:00,Long,Canal Exit,150.52,2.0,winner,24942.75,24980.75,40.25,3.0,48.0,0.07453416149068323,1.1925465838509317,9,2,4,0.008018362049092422,0.07817902997865112,-42.171040727862064,0.7423725295022265,-5.255736466799435,0,13.165918974736996,9,MNQ_v5
2025-12-18 10:44:00+01:00,2025-12-18 11:05:00+01:00,Long,Canal Exit,-11.74,1.0,loser,25087.75,25082.25,79.5,11.75,10.75,0.14779874213836477,0.13522012578616352,3,0,10,0.07374116849857001,0.10562924136281651,6.865731594889725,20.166260310942974,12.729820472677131,0,0.8236279446646222,3,MNQ_v5
2025-12-18 16:34:00+01:00,2025-12-18 17:02:00+01:00,Long,Canal Exit,10.26,1.0,winner,25382.25,25387.75,221.5,31.5,19.75,0.14221218961625282,0.08916478555304741,4,0,16,0.15266574082281908,0.25903928926710595,-7.345173964691145,22.94442533860356,-3.6372760281885204,0,10.778945599209692,4,MNQ_v5
2025-12-19 06:39:00+01:00,2025-12-19 07:21:00+01:00,Long,Stop Loss,-206.2,5.0,loser,25302.0,25281.75,20.25,20.75,3.75,1.0246913580246915,0.18518518518518517,6,1,6,0.03359418227808078,0.090901904987748,-15.256579574055461,3.3510216445175973,12.712345432383083,0,6.043382324445702,2,MNQ_v5
2025-12-19 08:59:00+01:00,2025-12-19 09:13:00+01:00,Short,Stop Loss,-211.44,6.0,loser,25360.0,25377.25,17.25,20.5,8.5,1.1884057971014492,0.4927536231884058,2,1,8,0.08675078864353312,0.09759463722397475,44.962089960035726,-4.339442567847719,0.8650841376830668,1,8.166901203789166,1,MNQ_v5
2025-12-19 18:12:00+01:00,2025-12-19 21:56:00+01:00,Long,Auto-Close (profit),19.26,1.0,winner,25571.25,25581.25,111.5,27.0,26.25,0.242152466367713,0.23542600896860988,32,0,18,0.11536393410568509,0.13296182235909468,-0.7228273041956266,2.9039000449918024,4.199400427005723,0,4.51374140529515,5,MNQ_v5
2025-12-22 02:20:00+01:00,2025-12-22 02:41:00+01:00,Long,Canal Exit,29.28,3.0,winner,25686.75,25692.0,36.75,1.5,10.25,0.04081632653061224,0.2789115646258503,3,0,2,0.02335834622908698,0.041850370327114174,-16.792399799694316,38.345740194585744,18.16653270701695,0,1.2089957659482025,3,MNQ_v5
2025-12-22 10:23:00+01:00,2025-12-22 10:44:00+01:00,Long,Canal Exit,2.2800000000000002,3.0,winner,25711.25,25712.0,30.0,3.5,14.5,0.11666666666666667,0.48333333333333334,3,0,10,0.005834022072050173,0.03597646944430939,-23.548405783522597,21.009135456679697,13.664232489146197,0,3.1648282234891667,3,MNQ_v5
2025-12-22 18:33:00+01:00,2025-12-22 18:47:00+01:00,Short,Stop Loss,-213.7,5.0,loser,25698.0,25719.0,21.0,21.5,13.25,1.0238095238095237,0.6309523809523809,2,0,18,0.008755545178613123,0.019456767063584717,29.458488829456073,-9.564655941101979,-8.188275363455677,1,1.0887591345162946,2,MNQ_v5
2025-12-22 20:32:00+01:00,2025-12-22 20:53:00+01:00,Long,Canal Exit,-114.72,3.0,loser,25709.5,25690.75,33.25,20.0,0.5,0.6015037593984962,0.015037593984962405,3,0,20,0.017503257550710825,0.06806822380831988,-6.714429059789367,19.491970469216277,2.047662794038485,1,1.7388258348801173,3,MNQ_v5
2025-12-22 21:14:00+01:00,2025-12-22 21:56:00+01:00,Short,Auto-Close (profit),46.56,6.0,winner,25692.5,25688.25,17.5,12.5,11.25,0.7142857142857143,0.6428571428571429,6,3,21,0.02335311861438163,0.038921864357302716,25.630552290076672,-19.016646150619657,-5.204610067867009,1,2.5414126468022005,2,MNQ_v5
2025-12-23 03:02:00+01:00,2025-12-23 04:19:00+01:00,Long,Canal Exit,-42.96,4.0,loser,25724.5,25719.5,29.0,12.5,14.0,0.43103448275862066,0.4827586206896552,11,1,3,0.0291550856187681,0.04761997317732123,-24.25590378473142,11.031681509990905,3.308005967644515,0,3.4633444823339232,4,MNQ_v5
2025-12-23 16:06:00+01:00,2025-12-23 17:23:00+01:00,Short,Stop Loss,-229.74,1.0,loser,25636.75,25751.25,114.5,121.0,3.0,1.056768558951965,0.026200873362445413,11,0,16,0.016577764342204062,0.17065345646386534,42.78701802115893,-1.7595098633640842,5.150462739760941,1,30.576116324751638,3,MNQ_v5
2025-12-23 19:36:00+01:00,2025-12-23 21:56:00+01:00,Long,Auto-Close (profit),289.04,4.0,winner,25774.75,25811.25,24.0,5.75,45.5,0.23958333333333334,1.8958333333333333,20,0,19,0.0038797660501071786,0.017458947225482302,-18.507975895601845,34.920877970056296,9.388395493491297,0,3.0961780094803544,1,MNQ_v5
2025-12-26 00:14:00+01:00,2025-12-26 08:17:00+01:00,Long,Stop Loss,-210.96,4.0,loser,25878.25,25852.25,26.0,30.0,38.25,1.1538461538461537,1.4711538461538463,69,0,0,0.04250673828408026,0.04830311168645484,-18.63505221425535,4.34734998438063,14.301737322410515,0,3.9982318810361903,4,MNQ_v5
2025-12-26 13:25:00+01:00,2025-12-26 14:14:00+01:00,Long,Canal Exit,187.56,6.0,winner,25883.75,25899.75,18.5,1.0,18.5,0.05405405405405406,1.0,7,0,13,0.0019317139131694598,0.025112280871202975,-31.10670142770385,22.23262514627052,4.976611960444749,0,2.963401513174176,4,MNQ_v5
2025-12-26 20:32:00+01:00,2025-12-26 21:56:00+01:00,Short,Auto-Close (profit),166.56,6.0,winner,25881.0,25866.75,17.5,15.0,24.0,0.8571428571428571,1.3714285714285714,12,3,20,0.00193191916850199,0.014489393763764924,41.74091190481856,-3.0450817340329777,-0.32198266843320666,1,4.710182030168653,3,MNQ_v5
2025-12-29 01:17:00+01:00,2025-12-29 01:31:00+01:00,Short,Stop Loss,-229.44,6.0,loser,25860.25,25879.0,18.75,19.75,2.5,1.0533333333333332,0.13333333333333333,2,1,1,0.008700611943039994,0.05510387563925329,20.644854227560998,-0.5416305765520398,-12.457955903664585,1,3.1102680023468565,2,MNQ_v5
2025-12-29 17:02:00+01:00,2025-12-29 17:30:00+01:00,Short,Canal Exit,-14.24,1.0,loser,25690.25,25697.0,123.75,28.25,6.5,0.22828282828282828,0.052525252525252523,4,2,17,0.05741477797997294,0.08660873288504393,7.1068392572371355,-7.364582495188375,-7.742003708197538,0,0.423870474776777,4,MNQ_v5
2025-12-29 17:58:00+01:00,2025-12-29 18:05:00+01:00,Long,Stop Loss,-229.18,7.0,loser,25696.0,25680.0,16.0,22.5,2.75,1.40625,0.171875,1,0,17,0.05545610211706103,0.08464352428393525,-23.330490909491004,2.8491097837699435,-4.9494975031441815,0,2.789376718523272,1,MNQ_v5
2025-12-29 18:54:00+01:00,2025-12-29 19:22:00+01:00,Long,Canal Exit,46.52,2.0,winner,25690.5,25702.5,42.75,10.0,19.5,0.23391812865497075,0.45614035087719296,4,1,18,0.03211303789338471,0.08952725715731497,-29.90332778440623,8.627548273442063,-4.234472866695922,0,2.5800422706379322,4,MNQ_v5
2025-12-29 19:57:00+01:00,2025-12-29 20:32:00+01:00,Short,Stop Loss,-168.48,2.0,loser,25687.5,25729.25,41.75,43.25,2.25,1.035928143712575,0.05389221556886228,5,2,19,0.026277372262773723,0.0437956204379562,25.755017511640666,-3.1355899922121457,-4.276945161165654,1,9.927660220157122,3,MNQ_v5
2025-12-29 22:59:00+01:00,2025-12-30 00:07:00+01:00,Long,Stop Loss,-243.18,7.0,loser,25744.5,25727.5,17.0,19.25,3.25,1.1323529411764706,0.19117647058823528,2,0,22,0.002913243605430286,0.006797568412670667,19.920201049430368,19.588695797230596,2.899181346841048,0,1.8858676100207958,16,MNQ_v5
2025-12-30 03:30:00+01:00,2025-12-30 04:26:00+01:00,Short,Stop Loss,-229.44,6.0,loser,25710.25,25729.0,18.75,21.75,9.25,1.16,0.49333333333333335,8,0,3,0.00972374831049873,0.04667399189039391,16.003702834049854,-7.596037019757112,-8.045806746358638,1,3.548495040566195,4,MNQ_v5
2025-12-30 12:57:00+01:00,2025-12-30 14:07:00+01:00,Long,Canal Exit,3.7800000000000002,3.0,winner,25739.0,25740.0,37.0,27.25,4.25,0.7364864864864865,0.11486486486486487,10,3,12,0.01165546447025914,0.01748319670538871,-36.280656285225554,31.257924073257477,0.9068709684328076,1,1.200926820121822,3,MNQ_v5
2025-12-30 16:20:00+01:00,2025-12-30 16:48:00+01:00,Short,Canal Exit,-62.74,1.0,loser,25699.25,25730.25,75.5,40.0,21.0,0.5298013245033113,0.2781456953642384,4,0,16,0.01070070138233606,0.019455820695156476,15.120024467795833,-6.290306887650193,-11.839121235731183,1,6.967041394134867,4,MNQ_v5
2025-12-30 17:09:00+01:00,2025-12-30 17:30:00+01:00,Long,Canal Exit,-8.24,1.0,loser,25759.25,25755.5,81.0,18.25,34.75,0.22530864197530864,0.42901234567901236,3,2,17,0.0126168269650708,0.021351553325504428,-24.252279996156414,37.290208027027475,-7.542545460817138,1,8.169865801290143,3,MNQ_v5
2025-12-30 17:51:00+01:00,2025-12-30 19:36:00+01:00,Short,Canal Exit,-2.74,1.0,loser,25720.5,25721.5,73.5,23.5,21.0,0.3197278911564626,0.2857142857142857,15,2,17,0.02721564510798779,0.07095507474582531,42.98433849570681,-24.045772953569145,-2.705898655879326,1,9.620376541388396,3,MNQ_v5
2025-12-31 09:13:00+01:00,2025-12-31 10:37:00+01:00,Short,Canal Exit,151.3,5.0,winner,25587.25,25571.75,21.25,5.25,35.0,0.24705882352941178,1.6470588235294117,12,0,9,0.001954098232518149,0.038104915534103896,23.47690660759318,-16.460010214973305,-9.224693797292515,1,3.60181098326575,4,MNQ_v5
2025-12-31 19:01:00+01:00,2025-12-31 19:29:00+01:00,Short,Stop Loss,-198.96,4.0,loser,25583.0,25607.5,24.5,25.25,0.25,1.030612244897959,0.01020408163265306,4,0,19,0.006840480006254153,0.017589805730367822,1.6765658509809458,-5.767747046240239,-14.717084032559521,1,0.9903275501710596,1,MNQ_v5
2026-01-02 16:13:00+01:00,2026-01-02 16:41:00+01:00,Short,Canal Exit,-15.74,1.0,loser,25577.0,25584.5,226.5,26.75,119.75,0.11810154525386314,0.5286975717439294,4,1,16,0.19353325253157133,0.6089455370059038,13.662309605114954,-8.952025905101973,-11.035579372485456,1,8.327517493969935,4,MNQ_v5
2026-01-05 02:34:00+01:00,2026-01-05 07:21:00+01:00,Long,Canal Exit,39.78,3.0,winner,25480.5,25487.5,32.0,28.75,24.0,0.8984375,0.75,41,0,2,0.04513255234394929,0.06377425874688487,-4.833458477170134,4.418156225009618,2.7704470979678013,0,6.658731231531419,6,MNQ_v5
2026-01-05 07:42:00+01:00,2026-01-05 07:49:00+01:00,Short,Stop Loss,-244.8,20.0,loser,25498.75,25504.5,5.75,8.5,0.0,1.4782608695652173,0.0,1,2,7,0.06274817393009462,0.09020050002451101,37.641515627882185,-3.9375144945982385,4.777900393700702,0,0.34350974141125334,1,MNQ_v5
2026-01-05 09:06:00+01:00,2026-01-05 09:34:00+01:00,Long,Canal Exit,49.52,2.0,winner,25511.0,25523.75,55.75,1.0,45.0,0.017937219730941704,0.8071748878923767,4,1,9,0.10191682019520991,0.10877660616988749,-35.75411387237281,9.24591199422939,5.455095696252623,0,7.026122581970412,4,MNQ_v5
2026-01-05 15:52:00+01:00,2026-01-05 16:27:00+01:00,Short,Stop Loss,-159.24,1.0,loser,25594.0,25673.25,79.25,90.0,28.5,1.135646687697161,0.35962145110410093,5,1,15,0.029303743064780806,0.0927951863718059,37.01410324652957,-4.74250261883888,3.197649697340559,1,12.831827866051754,2,MNQ_v5
2026-01-06 02:06:00+01:00,2026-01-06 08:38:00+01:00,Long,Canal Exit,726.3,5.0,winner,25575.0,25648.0,22.75,8.75,99.5,0.38461538461538464,4.373626373626373,56,0,2,0.019550342130987292,0.04105571847507331,-16.420038488315964,9.680059115826106,-9.080127392109052,1,1.0327510419519967,5,MNQ_v5
2026-01-06 15:24:00+01:00,2026-01-06 16:06:00+01:00,Long,Canal Exit,140.76,1.0,winner,25670.0,25740.75,79.5,61.25,103.0,0.7704402515723271,1.2955974842767295,6,0,15,0.21425788858589795,0.2230229840280483,-27.784900062393756,1.6609125213765772,15.097516318834433,0,10.779459050369042,6,MNQ_v5
2026-01-06 17:51:00+01:00,2026-01-06 19:36:00+01:00,Long,Canal Exit,343.52,2.0,winner,25683.75,25770.0,44.75,9.25,102.0,0.20670391061452514,2.2793296089385473,15,1,17,0.03990850245777972,0.15768725361366623,-41.085899483845665,3.698167564956843,7.943928248828381,0,21.474473477901483,8,MNQ_v5
2026-01-06 19:57:00+01:00,2026-01-06 20:25:00+01:00,Long,Canal Exit,50.52,2.0,winner,25799.25,25812.25,49.25,5.25,18.0,0.1065989847715736,0.36548223350253806,4,0,19,0.016473347093423258,0.04166787794218824,5.858820727954125,28.492209498972123,7.648287743501534,0,2.357574074259901,4,MNQ_v5
2026-01-06 21:35:00+01:00,2026-01-06 21:56:00+01:00,Long,Auto-Close (loss),-35.24,1.0,loser,25830.5,25813.25,80.5,20.75,7.25,0.2577639751552795,0.09006211180124224,3,0,21,0.0648458217998103,0.0677493660595033,-9.702569411664527,5.90926993062571,23.832250051081036,0,7.591179792027106,3,MNQ_v5
2026-01-07 05:01:00+01:00,2026-01-07 05:29:00+01:00,Short,Canal Exit,85.04,4.0,winner,25796.0,25785.0,25.25,0.0,15.25,0.0,0.6039603960396039,4,0,5,0.012598852535276789,0.06687083268723833,28.506196584744522,-17.291197594485674,-11.60825469255638,1,1.6743449246932869,4,MNQ_v5
2026-01-07 07:42:00+01:00,2026-01-07 10:23:00+01:00,Short,Canal Exit,233.04,4.0,winner,25773.75,25744.25,26.0,14.5,46.75,0.5576923076923077,1.7980769230769231,23,2,7,0.005819874872690237,0.04752897812697027,20.756099044496715,-14.830967175163929,-10.940120138420118,1,1.9202134058359661,3,MNQ_v5
2026-01-07 15:38:00+01:00,2026-01-07 16:13:00+01:00,Long,Canal Exit,-36.74,1.0,loser,25854.75,25836.75,99.5,42.75,25.25,0.4296482412060301,0.2537688442211055,5,0,15,0.18468559935795162,0.29878455602935633,-16.151365432263546,0.1122316376300631,19.247251199935533,1,1.263115789020958,5,MNQ_v5
2026-01-07 19:50:00+01:00,2026-01-07 20:04:00+01:00,Long,Stop Loss,-214.96,4.0,loser,25952.0,25925.5,26.5,40.5,7.5,1.528301886792453,0.2830188679245283,2,2,19,0.08284525277435266,0.1059648581997534,-40.904242666572216,9.09573764641769,6.2712052684352955,0,17.856013050986803,2,MNQ_v5
2026-01-08 00:42:00+01:00,2026-01-08 04:33:00+01:00,Short,Canal Exit,518.8,5.0,winner,25829.5,25777.25,20.75,14.75,55.75,0.7108433734939759,2.6867469879518073,33,0,0,0.019357711144234305,0.039683307845680325,24.390754324115935,-25.80594087987064,-25.556349579018363,1,5.171217823510233,1,MNQ_v5
2026-01-08 06:11:00+01:00,2026-01-08 07:21:00+01:00,Short,Canal Exit,494.28,3.0,winner,25763.5,25680.75,30.0,4.5,92.5,0.15,3.0833333333333335,10,0,6,0.044636792361286315,0.06598482349059716,8.470328160986744,-34.8116987969547,-19.947061205490225,1,2.387500829529017,1,MNQ_v5
2026-01-08 15:17:00+01:00,2026-01-08 15:59:00+01:00,Short,Canal Exit,894.78,3.0,winner,25787.25,25637.75,31.5,15.5,217.75,0.49206349206349204,6.912698412698413,6,3,15,0.03199255446005293,0.0649545802673802,37.947798738960905,-7.500299477970113,0.1352215750508218,1,0.3450624565448379,6,MNQ_v5
2026-01-09 01:24:00+01:00,2026-01-09 01:52:00+01:00,Long,Stop Loss,-217.44,6.0,loser,25689.5,25671.75,17.75,20.25,6.0,1.1408450704225352,0.3380281690140845,4,1,1,0.0009731602405652115,0.017516884330173805,-44.66867674649991,3.5298121824515936,28.432891410939693,0,10.437711330909224,3,MNQ_v5
2026-01-09 04:26:00+01:00,2026-01-09 06:53:00+01:00,Short,Stop Loss,-239.68,7.0,loser,25677.25,25694.0,16.75,18.25,19.5,1.0895522388059702,1.164179104477612,21,1,4,0.006815371583794993,0.02628786182320926,41.262266309683426,-2.922822413655783,-5.501092334064286,1,3.245314519670501,2,MNQ_v5
2026-01-09 08:59:00+01:00,2026-01-09 10:09:00+01:00,Long,Canal Exit,-34.96,4.0,loser,25680.0,25676.0,28.0,17.75,21.5,0.6339285714285714,0.7678571428571429,10,0,8,0.021417445482866043,0.036020249221183805,-39.13786934492387,1.8423182835844543,-3.146777859496267,0,8.876201152648719,4,MNQ_v5
2026-01-09 10:30:00+01:00,2026-01-09 10:58:00+01:00,Long,Canal Exit,3.52,2.0,winner,25716.5,25717.75,54.25,7.75,13.25,0.14285714285714285,0.24423963133640553,4,1,10,0.0787432193338907,0.13804366846188246,-29.293647070000368,14.124028756343254,7.109992766110692,0,1.807398781144002,4,MNQ_v5
2026-01-09 15:24:00+01:00,2026-01-09 15:38:00+01:00,Short,Canal Exit,-138.74,1.0,loser,25682.75,25751.75,142.0,108.25,34.5,0.7623239436619719,0.24295774647887325,2,1,15,0.1411453212759537,0.3085728747894988,39.37933366249051,-12.82903726240779,14.633913366325089,1,0.5468361773600918,2,MNQ_v5
2026-01-09 16:13:00+01:00,2026-01-09 16:48:00+01:00,Long,Canal Exit,11.76,1.0,winner,25769.5,25775.75,153.75,17.5,109.5,0.11382113821138211,0.7121951219512195,5,1,16,0.17656531946681153,0.25514658802072215,-20.443053143803013,5.475904950206578,6.709940565001582,0,19.84898908407922,5,MNQ_v5
2026-01-09 19:36:00+01:00,2026-01-09 21:56:00+01:00,Long,Auto-Close (loss),-48.74,1.0,loser,25957.0,25933.0,112.0,30.75,29.0,0.27455357142857145,0.25892857142857145,20,0,19,0.06164040528566475,0.22729899449088878,-20.666611388861174,0.7852703037235745,12.321534058394073,0,13.424374097266991,4,MNQ_v5
2026-01-12 04:19:00+01:00,2026-01-12 09:48:00+01:00,Short,Canal Exit,320.52,2.0,winner,25744.0,25663.5,40.0,8.75,111.25,0.21875,2.78125,47,2,4,0.025248601615910506,0.04564170292106899,4.591583643280591,-7.883645049841135,-28.26354057589745,1,8.973946883175813,2,MNQ_v5
2026-01-12 10:09:00+01:00,2026-01-12 11:47:00+01:00,Long,Canal Exit,98.52,2.0,winner,25688.0,25713.0,55.25,23.0,35.25,0.416289592760181,0.6380090497737556,14,0,10,0.010705387729679229,0.06715197757707879,-42.75229846955146,8.973575545791705,-11.24737300719121,0,18.21301672943082,3,MNQ_v5
2026-01-12 15:31:00+01:00,2026-01-12 16:06:00+01:00,Long,Canal Exit,86.26,1.0,winner,25860.75,25904.25,141.0,26.5,64.0,0.1879432624113475,0.45390070921985815,5,1,15,0.2639134595864389,0.48529141652890967,-9.698134386458722,5.664572762572173,3.9253561927596254,1,0.6276185876340605,5,MNQ_v5
2026-01-12 18:54:00+01:00,2026-01-12 21:56:00+01:00,Long,Auto-Close (loss),-59.48,2.0,loser,25966.5,25952.0,45.75,18.5,54.0,0.40437158469945356,1.180327868852459,26,2,18,0.0038511158608206726,0.008665010686846513,-6.303046842975615,3.6484126176695257,18.352953714781474,0,11.79634771811834,5,MNQ_v5
2026-01-13 09:20:00+01:00,2026-01-13 09:34:00+01:00,Long,Stop Loss,-206.2,5.0,loser,25921.25,25901.0,20.25,25.5,5.25,1.2592592592592593,0.25925925925925924,2,0,9,0.03472054781308772,0.05786757968847953,-0.3287796175467286,1.0279006221910836,14.817750337640186,0,3.537078835586726,1,MNQ_v5
2026-01-13 18:26:00+01:00,2026-01-13 19:08:00+01:00,Short,Canal Exit,248.52,2.0,winner,25966.25,25903.75,59.75,8.75,115.25,0.14644351464435146,1.9288702928870294,6,1,18,0.01829297645982766,0.05584171761421076,45.28283927971282,-1.5319743998318591,-0.16276885818976541,1,22.227427824684128,6,MNQ_v5
2026-01-14 05:08:00+01:00,2026-01-14 05:43:00+01:00,Short,Canal Exit,83.04,4.0,winner,25897.5,25886.75,28.5,6.5,21.0,0.22807017543859648,0.7368421052631579,5,0,5,0.03668307751713486,0.07722753161502076,43.98507668752649,-15.76330746822692,-2.872653800186548,1,4.013475584528351,5,MNQ_v5
2026-01-15 00:49:00+01:00,2026-01-15 02:27:00+01:00,Long,Stop Loss,-181.48,2.0,loser,25607.75,25562.75,45.0,45.25,35.75,1.0055555555555555,0.7944444444444444,14,0,0,0.052718415323486055,0.06248108482783532,-7.753357952320213,12.554837065964563,14.226858629795702,0,13.478441368766653,3,MNQ_v5
2026-01-15 09:34:00+01:00,2026-01-15 10:37:00+01:00,Long,Canal Exit,392.52,2.0,winner,25724.5,25823.0,51.0,6.5,108.75,0.12745098039215685,2.1323529411764706,9,0,9,0.03304243036793718,0.055394662675659394,18.561655139383888,13.44181775282702,18.321468395929667,1,2.628982094094681,9,MNQ_v5
2026-01-15 15:38:00+01:00,2026-01-15 15:45:00+01:00,Short,Stop Loss,-214.96,4.0,loser,25926.5,25953.0,26.5,27.75,25.75,1.0471698113207548,0.9716981132075472,1,1,15,0.19670992999440726,0.3056718029815054,37.80509309838151,-0.2852402041682301,15.526406955552854,1,0.5439539566577878,4,MNQ_v5
2026-01-15 18:26:00+01:00,2026-01-15 18:54:00+01:00,Short,Canal Exit,16.26,1.0,winner,25867.5,25859.0,72.25,27.25,19.0,0.3771626297577855,0.2629757785467128,4,0,18,0.11694210882381367,0.14207016526529428,25.876689215693382,-12.097531688866402,2.0304950959766592,0,0.03745917061314685,4,MNQ_v5
2026-01-16 05:15:00+01:00,2026-01-16 09:48:00+01:00,Long,Canal Exit,268.8,5.0,winner,25804.75,25832.0,20.75,10.5,40.75,0.5060240963855421,1.963855421686747,39,1,5,0.04747188017709918,0.0629729022757438,-9.630617978794877,4.743872754393132,13.360706179605225,0,3.3308894231158774,5,MNQ_v5
2026-01-16 10:09:00+01:00,2026-01-16 11:54:00+01:00,Long,Canal Exit,150.78,3.0,winner,25830.0,25855.5,34.75,20.0,34.5,0.5755395683453237,0.9928057553956835,15,3,10,0.006775067750677507,0.017421602787456445,-22.431991523382386,22.111537030365437,4.734075436126436,0,3.1603337218548404,3,MNQ_v5
2026-01-16 13:46:00+01:00,2026-01-16 13:53:00+01:00,Long,Stop Loss,-250.58,17.0,loser,25827.25,25820.25,7.0,21.5,1.25,3.0714285714285716,0.17857142857142858,1,2,13,0.07646962026541734,0.11325247558295985,-35.75930301598008,2.7823701619996037,-0.009856584299068263,0,7.126193977557705,3,MNQ_v5
2026-01-16 15:45:00+01:00,2026-01-16 16:20:00+01:00,Short,Canal Exit,247.26,1.0,winner,25811.75,25687.75,79.5,4.25,144.5,0.05345911949685535,1.8176100628930818,5,0,15,0.0338992900520112,0.19371022886863543,35.080521316245495,-0.37332149654460606,6.5555133734455335,1,13.10958742062212,5,MNQ_v5
2026-01-16 18:19:00+01:00,2026-01-16 21:56:00+01:00,Short,Auto-Close (profit),62.52,2.0,winner,25700.75,25684.75,52.5,47.5,46.75,0.9047619047619048,0.8904761904761904,31,0,18,0.03404569905547503,0.055445852747487916,41.46456551132813,-15.619037329423065,-5.795257785429599,1,19.19209396750375,5,MNQ_v5
2026-01-19 02:41:00+01:00,2026-01-19 08:52:00+01:00,Short,Canal Exit,213.52,2.0,winner,25402.75,25349.0,48.5,22.25,77.5,0.4587628865979381,1.597938144329897,53,0,2,0.019682908346537284,0.02657192626782533,14.180513999673362,-28.22813046269664,-24.43244181155413,1,15.47095918955165,3,MNQ_v5
2026-01-19 10:09:00+01:00,2026-01-19 10:44:00+01:00,Short,Canal Exit,91.76,1.0,winner,25346.25,25300.0,64.25,16.25,74.5,0.2529182879377432,1.1595330739299612,5,0,10,0.07693445776002367,0.17754105636928538,33.46256425496823,-10.573810142742753,-4.6606780149402285,1,13.676343468228879,5,MNQ_v5
2026-01-19 12:57:00+01:00,2026-01-19 13:32:00+01:00,Short,Stop Loss,-222.72,3.0,loser,25281.75,25318.5,36.75,44.0,10.75,1.1972789115646258,0.2925170068027211,5,0,12,0.01384397836383953,0.024721389935427728,29.264959252385456,-2.8180872806855843,-12.854541505611897,1,13.216883713183051,3,MNQ_v5
2026-01-19 15:59:00+01:00,2026-01-19 16:27:00+01:00,Long,Canal Exit,-17.74,1.0,loser,25335.75,25327.25,99.5,48.0,8.0,0.4824120603015075,0.08040201005025126,4,0,15,0.0868338217735808,0.22695203418094984,-42.81748102130379,1.7954847659409165,-4.584869115406225,0,15.81891362350143,4,MNQ_v5
2026-01-20 03:16:00+01:00,2026-01-20 03:44:00+01:00,Short,Stop Loss,-227.22,3.0,loser,25397.5,25435.0,37.5,41.25,6.0,1.1,0.16,4,1,3,0.06299832660694951,0.07481051284575253,40.07395758779775,-8.30822589764406,3.0817690499433326,1,2.8511863639359945,2,MNQ_v5
2026-01-20 15:31:00+01:00,2026-01-20 15:59:00+01:00,Long,Canal Exit,53.26,1.0,winner,25284.0,25311.0,102.5,39.25,85.0,0.3829268292682927,0.8292682926829268,4,0,15,0.03262933080208828,0.32827084322100936,-16.82046004478847,17.055701799377044,5.840604286314783,1,2.2764548948325682,4,MNQ_v5
2026-01-21 04:12:00+01:00,2026-01-21 04:40:00+01:00,Long,Canal Exit,-65.48,2.0,loser,25223.75,25207.75,55.75,38.0,3.75,0.6816143497757847,0.06726457399103139,4,0,4,0.12290004460082263,0.14966053818325983,-34.89476260066532,27.74608277023656,13.60543661179889,0,5.7304832392401295,4,MNQ_v5
2026-01-21 05:36:00+01:00,2026-01-21 08:03:00+01:00,Long,Canal Exit,93.78,3.0,winner,25199.25,25215.25,31.25,14.0,35.25,0.448,1.128,21,3,5,0.02579441848467712,0.02579441848467712,-16.46561404857086,4.623330322562834,7.705233474233753,0,7.2292217135982355,3,MNQ_v5
2026-01-21 08:59:00+01:00,2026-01-21 09:20:00+01:00,Short,Canal Exit,-65.22,3.0,loser,25207.0,25217.5,39.75,23.75,12.0,0.5974842767295597,0.3018867924528302,3,0,8,0.03173721585273932,0.05851549172848811,34.82987811733008,-9.548138319988173,3.51781524884624,1,4.471295674178691,3,MNQ_v5
2026-01-21 14:56:00+01:00,2026-01-21 15:03:00+01:00,Short,Stop Loss,-164.48,2.0,loser,25085.0,25125.75,40.75,77.75,11.75,1.9079754601226995,0.2883435582822086,1,2,14,0.1405222244369145,0.39166832768586807,-6.969176733993889,-0.638145683771487,-7.605200620967117,1,9.191799259133404,8,MNQ_v5
2026-01-21 21:28:00+01:00,2026-01-21 21:56:00+01:00,Short,Auto-Close (profit),53.76,1.0,winner,25498.5,25471.25,154.75,17.0,52.75,0.1098546042003231,0.3408723747980614,4,3,21,0.0666705884659882,0.17452006980802792,51.79251843141988,-6.545369691909085,2.399730481911071,1,42.0054320160998,4,MNQ_v5
2026-01-22 00:00:00+01:00,2026-01-22 09:06:00+01:00,Long,Canal Exit,95.76,1.0,winner,25564.75,25613.0,119.0,81.5,60.25,0.6848739495798319,0.5063025210084033,78,1,0,0.139840991990925,0.14668635523523602,-1.843590569562314,1.082355540949185,14.060751016080618,0,1.208361764671281,4,MNQ_v5
2026-01-22 15:31:00+01:00,2026-01-22 16:13:00+01:00,Short,Canal Exit,226.26,1.0,winner,25677.25,25563.75,62.5,17.25,142.5,0.276,2.28,6,0,15,0.019472490239414268,0.152859048379402,22.058387924109017,-11.181521025476824,12.35623151433005,0,1.8489238975962508,6,MNQ_v5
2026-01-23 00:07:00+01:00,2026-01-23 01:59:00+01:00,Short,Stop Loss,-143.24,1.0,loser,25591.5,25662.75,71.25,84.5,2.25,1.1859649122807017,0.031578947368421054,16,0,0,0.018560850282320303,0.0703358537014243,24.893642124330846,-31.87383011138911,-10.090370765163625,0,7.215472859796137,2,MNQ_v5
2026-01-23 05:36:00+01:00,2026-01-23 08:10:00+01:00,Long,Canal Exit,41.28,3.0,winner,25696.75,25704.0,32.0,7.25,35.0,0.2265625,1.09375,22,0,5,0.028213684609921488,0.05253582651502622,-14.813250140415628,9.508609022298604,12.147518480027218,0,4.214065090760414,1,MNQ_v5
2026-01-23 12:57:00+01:00,2026-01-23 15:59:00+01:00,Short,Stop Loss,-209.48,2.0,loser,25606.25,25658.25,52.0,81.0,49.5,1.5576923076923077,0.9519230769230769,26,3,12,0.034171344886502315,0.0732243104710764,47.209766926306756,-5.118687721595219,-3.7763495931142637,1,19.16857320554118,4,MNQ_v5
2026-01-26 00:49:00+01:00,2026-01-26 01:59:00+01:00,Long,Canal Exit,211.76,1.0,winner,25532.25,25638.5,132.75,0.0,113.5,0.0,0.8549905838041432,10,3,0,0.0019583076305456824,0.06854076706909888,-28.475252579307107,5.437932739372091,-0.5658752010463591,0,36.56286181972246,6,MNQ_v5
2026-01-26 07:42:00+01:00,2026-01-26 08:52:00+01:00,Short,Stop Loss,-204.96,4.0,loser,25678.25,25703.5,25.25,28.0,13.25,1.108910891089109,0.5247524752475248,10,2,7,0.026286838082813273,0.050626502974307055,37.57966071404101,-1.1694894360251904,3.689001320562514,1,4.330831903760554,4,MNQ_v5
2026-01-26 13:46:00+01:00,2026-01-26 14:56:00+01:00,Short,Stop Loss,-210.72,3.0,loser,25680.0,25714.75,34.75,42.75,22.0,1.2302158273381294,0.6330935251798561,10,3,13,0.01265576323987539,0.03115264797507788,40.58500572483835,-7.4576137071767805,-7.078413785825033,1,7.3759748926822795,3,MNQ_v5
2026-01-26 18:33:00+01:00,2026-01-26 18:47:00+01:00,Long,Stop Loss,-238.7,5.0,loser,25911.25,25887.75,23.5,29.5,3.25,1.2553191489361701,0.13829787234042554,2,0,18,0.004824159390226253,0.06753823146316754,16.395331774995476,10.204505788266763,23.751669264576833,0,6.456169079006941,10,MNQ_v5
2026-01-27 05:15:00+01:00,2026-01-27 11:54:00+01:00,Long,Canal Exit,101.04,4.0,winner,25992.25,26005.25,29.25,25.25,36.0,0.8632478632478633,1.2307692307692308,57,0,5,0.004809125797112601,0.059633159884196256,2.4600428506252943,24.31953907641522,30.75832062236379,0,4.306349505517574,2,MNQ_v5
2026-01-28 03:44:00+01:00,2026-01-28 04:26:00+01:00,Long,Stop Loss,-236.16,9.0,loser,26214.25,26201.5,12.75,18.0,7.0,1.411764705882353,0.5490196078431373,6,0,3,0.020980955014925088,0.04863766844368998,11.098253132337284,2.761603972646046,24.813470285057974,0,9.428821652385523,5,MNQ_v5
2026-01-29 00:14:00+01:00,2026-01-29 01:17:00+01:00,Short,Canal Exit,108.76,1.0,winner,26211.5,26156.75,83.0,32.25,106.75,0.3885542168674699,1.286144578313253,9,3,0,0.013352917612498332,0.21460046162943744,46.255283858685516,-10.039046846892258,-9.786267829111468,1,14.935841088372399,4,MNQ_v5
2026-01-29 13:39:00+01:00,2026-01-29 14:00:00+01:00,Short,Canal Exit,-64.48,2.0,loser,26166.0,26181.75,56.0,21.0,10.25,0.375,0.18303571428571427,3,0,13,0.054459986241687686,0.10032102728731941,24.70717474810209,-26.63715694999196,-6.540524398651671,1,4.758807061625703,3,MNQ_v5
2026-01-29 15:10:00+01:00,2026-01-29 16:06:00+01:00,Short,Canal Exit,715.76,1.0,winner,26146.25,25788.0,75.75,31.0,393.0,0.40924092409240925,5.188118811881188,8,2,15,0.0631065640388201,0.09848448630300712,32.51398869140223,-6.702730642989419,-4.4670610089095755,1,6.557283124937385,8,MNQ_v5
2026-01-30 00:35:00+01:00,2026-01-30 02:34:00+01:00,Long,Stop Loss,-323.24,1.0,loser,26002.5,25841.25,161.25,176.0,9.25,1.0914728682170542,0.05736434108527132,17,0,0,0.028843380444188056,0.09806749351023938,-25.431335287577475,5.895065548371976,6.130628718167031,0,28.280758631248318,3,MNQ_v5
2026-01-30 10:23:00+01:00,2026-01-30 12:01:00+01:00,Short,Stop Loss,-174.24,1.0,loser,25706.0,25792.75,86.75,98.0,57.0,1.1296829971181557,0.6570605187319885,14,1,10,0.08752820353224927,0.147825410410021,18.661904725786215,-7.591987814719277,-18.89106202887473,1,12.946472627256298,4,MNQ_v5
2026-01-30 15:17:00+01:00,2026-01-30 16:27:00+01:00,Long,Stop Loss,-200.96,4.0,loser,25825.5,25800.75,24.75,55.25,113.75,2.2323232323232323,4.595959595959596,10,2,15,0.07260266016146831,0.13842907204119959,-13.001906984966581,2.6115599019500424,0.8936404692120793,0,10.983560272907198,5,MNQ_v5
2026-01-30 20:39:00+01:00,2026-01-30 21:56:00+01:00,Short,Auto-Close (profit),3.76,1.0,winner,25679.5,25677.25,101.75,50.75,108.5,0.4987714987714988,1.0663390663390664,11,0,20,0.12656009657508907,0.1440838022547168,33.13288257049987,-4.105466861848534,-15.585104084196429,1,45.4663219610884,6,MNQ_v5
2026-02-02 00:49:00+01:00,2026-02-02 01:31:00+01:00,Long,Canal Exit,203.26,1.0,winner,25535.0,25637.0,161.75,47.75,111.0,0.29520865533230295,0.6862442040185471,6,1,0,0.05384766007440767,0.17524965733307227,-42.061957797129125,10.003798048616828,-8.883575695586202,0,39.85946958488057,5,MNQ_v5
2026-02-02 06:11:00+01:00,2026-02-02 08:59:00+01:00,Short,Stop Loss,-170.24,1.0,loser,25291.25,25376.0,84.75,103.0,111.0,1.2153392330383481,1.3097345132743363,24,0,6,0.10082538427321702,0.1551920130479909,39.240912409694175,-3.028373145402689,-15.952950855079042,1,42.418180135246075,5,MNQ_v5
2026-02-02 14:56:00+01:00,2026-02-02 15:52:00+01:00,Long,Canal Exit,373.26,1.0,winner,25545.5,25732.5,88.75,26.0,253.75,0.29295774647887324,2.859154929577465,8,3,14,0.06948386212835919,0.1653911647844043,-21.81772998680351,27.866333313961988,8.760368071096895,0,7.100427241661237,3,MNQ_v5
2026-02-03 01:10:00+01:00,2026-02-03 01:24:00+01:00,Short,Stop Loss,-164.48,2.0,loser,25938.0,25978.75,40.75,46.75,1.25,1.147239263803681,0.03067484662576687,2,2,1,0.018312899992289307,0.027951268409283678,41.52997061264787,-1.9513496267364707,-14.66573000042487,1,10.728635696817946,1,MNQ_v5
2026-02-03 06:11:00+01:00,2026-02-03 06:46:00+01:00,Short,Stop Loss,-206.96,4.0,loser,25962.25,25987.75,25.5,34.5,3.5,1.3529411764705883,0.13725490196078433,5,2,6,0.025999287426937186,0.08859016456586005,31.393506023697682,-1.4779053624658918,7.014451277995277,0,0.6242412721912842,3,MNQ_v5
2026-02-03 09:34:00+01:00,2026-02-03 10:02:00+01:00,Short,Canal Exit,-56.48,2.0,loser,25985.5,25999.25,42.25,25.25,16.0,0.5976331360946746,0.378698224852071,4,0,9,0.037520925131323234,0.11256277539396971,35.28671898410924,-11.22286000808729,6.9540725617842725,1,0.9718857115585706,4,MNQ_v5
2026-02-03 18:33:00+01:00,2026-02-03 21:56:00+01:00,Short,Auto-Close (loss),-138.24,1.0,loser,25375.0,25443.75,232.25,90.25,157.0,0.38858988159311086,0.6759956942949408,29,0,18,0.10443349753694582,0.3527093596059113,-19.102884761833383,-27.92913871475798,-30.038601074041733,0,0.7863822540602996,3,MNQ_v5
2026-02-04 02:13:00+01:00,2026-02-04 04:05:00+01:00,Long,Canal Exit,-22.24,1.0,loser,25440.0,25429.25,64.5,41.25,33.5,0.6395348837209303,0.5193798449612403,16,1,2,0.03242924528301887,0.057979559748427674,-23.462465593197763,7.470889119372763,15.920151194623118,0,4.224815700370527,4,MNQ_v5
2026-02-04 04:26:00+01:00,2026-02-04 07:21:00+01:00,Long,Canal Exit,105.78,3.0,winner,25437.75,25455.75,39.0,29.5,28.0,0.7564102564102564,0.717948717948718,25,3,4,0.033414905013218546,0.05896747943509154,-28.236450974658716,19.01201327252946,4.069211871908541,0,8.67252040180756,2,MNQ_v5
2026-02-05 10:37:00+01:00,2026-02-05 13:18:00+01:00,Long,Stop Loss,-217.48,2.0,loser,25032.0,24978.0,54.0,74.75,60.25,1.3842592592592593,1.1157407407407407,23,1,10,0.12484020453819111,0.15180568871844038,-28.33226329326201,3.712925947276367,4.297332134618414,0,22.250058035977418,3,MNQ_v5
2026-02-05 17:16:00+01:00,2026-02-05 17:51:00+01:00,Long,Canal Exit,174.26,1.0,winner,24729.5,24817.0,192.5,49.0,127.25,0.2545454545454545,0.6610389610389611,5,2,17,0.4023534644857356,0.6763177581431085,-43.3995602166933,2.1029681902005657,-7.6858395592326785,1,7.160161199943104,5,MNQ_v5
2026-02-05 20:18:00+01:00,2026-02-05 20:32:00+01:00,Long,Canal Exit,-182.24,1.0,loser,24818.75,24728.0,157.0,136.25,1.25,0.8678343949044586,0.007961783439490446,2,0,20,0.03122639133719466,0.2548476454293629,-39.94641519704824,29.366990907707667,-4.870735528969433,0,4.546752989117522,2,MNQ_v5
2026-02-05 20:53:00+01:00,2026-02-05 21:07:00+01:00,Short,Canal Exit,-89.24,1.0,loser,24712.5,24756.75,126.5,95.75,19.75,0.7569169960474308,0.15612648221343872,2,2,20,0.14972180070814367,0.238745574102175,29.154183853639545,-29.94867735943842,-3.1081714850816846,1,9.09908911579987,2,MNQ_v5
2026-02-06 02:27:00+01:00,2026-02-06 02:34:00+01:00,Short,Stop Loss,-191.48,2.0,loser,24392.25,24439.75,47.5,68.75,3.75,1.4473684210526316,0.07894736842105263,1,2,2,0.08711783455810759,0.16808617491211347,40.794138071094096,-6.471051650461201,-12.213059790887742,1,36.81982123610942,1,MNQ_v5
2026-02-06 07:42:00+01:00,2026-02-06 08:52:00+01:00,Short,Canal Exit,41.52,2.0,winner,24561.75,24551.0,52.5,17.25,55.25,0.32857142857142857,1.0523809523809524,10,1,7,0.03969586857613973,0.17405111606461265,50.889940515165996,-13.468696283043764,0.596174501335624,1,10.258633691395517,4,MNQ_v5
2026-02-09 07:07:00+01:00,2026-02-09 07:35:00+01:00,Short,Canal Exit,-0.48,2.0,loser,25188.0,25187.75,41.0,13.0,29.25,0.3170731707317073,0.7134146341463414,4,0,7,0.012902969668095919,0.11414165475623313,23.314136126753645,-2.095757978054047,-13.517167090324467,1,5.007706479584158,4,MNQ_v5
2026-02-09 09:06:00+01:00,2026-02-09 09:27:00+01:00,Long,Canal Exit,-102.74,1.0,loser,25203.0,25152.0,82.5,55.5,8.0,0.6727272727272727,0.09696969696969697,3,3,9,0.03868587072967504,0.18747768122842517,-36.70413566465051,28.398453301073303,-18.014307709760168,1,4.310629151790636,3,MNQ_v5
2026-02-09 09:48:00+01:00,2026-02-09 11:05:00+01:00,Short,Canal Exit,567.78,3.0,winner,25179.25,25084.25,31.75,6.25,129.75,0.1968503937007874,4.086614173228346,11,2,9,0.012907453557989217,0.025814907115978433,30.42565027316902,-9.649673567241846,-8.17730818928101,1,12.550624776013137,2,MNQ_v5
2026-02-09 15:52:00+01:00,2026-02-09 16:20:00+01:00,Long,Canal Exit,140.76,1.0,winner,25116.5,25187.25,161.0,13.25,137.75,0.08229813664596274,0.8555900621118012,4,0,15,0.05275416558835826,0.1293970099337089,-40.10250356325219,23.018826946401436,-11.566892338922225,0,1.5428680871773395,4,MNQ_v5
2026-02-09 19:36:00+01:00,2026-02-09 21:56:00+01:00,Long,Auto-Close (loss),-68.74,1.0,loser,25372.25,25338.25,60.75,38.25,56.75,0.6296296296296297,0.934156378600823,20,2,19,0.013794598429386438,0.1576525534787021,-37.96153323530636,3.866849873024826,21.548623575748742,0,26.726500873002806,9,MNQ_v5
2026-02-10 03:16:00+01:00,2026-02-10 04:19:00+01:00,Short,Canal Exit,90.78,3.0,winner,25315.25,25299.75,37.0,8.0,36.75,0.21621621621621623,0.9932432432432432,9,1,3,0.029626410957821866,0.0444396164367328,12.707284078101075,-1.431566896806239,2.2648027279746574,1,4.025535915279761,5,MNQ_v5
2026-02-10 04:40:00+01:00,2026-02-10 05:43:00+01:00,Long,Canal Exit,424.56,6.0,winner,25296.5,25332.25,18.0,4.0,39.25,0.2222222222222222,2.1805555555555554,9,1,4,0.03656632340442354,0.05435534560117012,-25.04152146281931,7.388113865835529,1.0213860706383886,0,0.1385542206116952,9,MNQ_v5
2026-02-10 09:41:00+01:00,2026-02-10 10:02:00+01:00,Short,Stop Loss,-182.22,3.0,loser,25337.5,25367.5,30.0,38.5,11.0,1.2833333333333334,0.36666666666666664,3,2,9,0.03157375431672422,0.06906758756783424,28.453341903459073,-0.4492645294552469,6.80013718220633,1,2.5289247643304407,2,MNQ_v5
2026-02-10 13:46:00+01:00,2026-02-10 14:14:00+01:00,Short,Canal Exit,26.26,1.0,winner,25354.0,25340.5,67.75,6.75,61.5,0.0996309963099631,0.9077490774907749,4,0,13,0.04239962136152086,0.14001735426362705,37.46396558989848,-5.439577139527769,5.033710794494468,1,8.888970443811559,4,MNQ_v5
2026-02-10 14:56:00+01:00,2026-02-10 15:24:00+01:00,Long,Canal Exit,-2.74,1.0,loser,25377.75,25376.75,85.25,23.75,32.5,0.2785923753665689,0.3812316715542522,4,3,14,0.04925574568273389,0.09161568696988504,-47.27947142796381,35.97077044076701,-6.832970801034828,1,2.449534391707857,4,MNQ_v5
2026-02-10 15:45:00+01:00,2026-02-10 15:52:00+01:00,Short,Canal Exit,-161.74,1.0,loser,25322.25,25402.75,88.0,85.5,16.75,0.9715909090909091,0.1903409090909091,1,1,15,0.04936370188273159,0.0651600864852057,42.59859776914593,-16.30943951886743,-6.246523625739391,1,1.207734460971551,1,MNQ_v5
2026-02-10 17:02:00+01:00,2026-02-10 17:51:00+01:00,Short,Canal Exit,187.52,2.0,winner,25381.75,25334.5,57.0,13.25,65.0,0.2324561403508772,1.1403508771929824,7,3,17,0.006894717661311769,0.040383346301968936,33.084474084956156,-6.79673100315821,-6.092770035369949,1,2.4781036271815537,7,MNQ_v5
2026-02-10 19:15:00+01:00,2026-02-10 19:36:00+01:00,Short,Canal Exit,10.26,1.0,winner,25304.75,25299.25,93.0,33.25,33.75,0.3575268817204301,0.3629032258064516,3,0,19,0.16202491627066065,0.21142275659708157,38.57227432609707,-24.133263065417356,-10.252150654608354,1,7.2309547022450715,3,MNQ_v5
2026-02-11 04:33:00+01:00,2026-02-11 05:36:00+01:00,Long,Stop Loss,-226.44,6.0,loser,25321.5,25303.0,18.5,26.0,23.75,1.4054054054054055,1.2837837837837838,9,0,4,0.001974606559642991,0.01777145903678692,-12.594681948817726,2.2675079357138976,12.251037906194423,0,4.081495240134245,4,MNQ_v5
2026-02-11 09:13:00+01:00,2026-02-11 09:27:00+01:00,Short,Canal Exit,-78.24,1.0,loser,25211.5,25250.25,74.0,49.25,1.75,0.6655405405405406,0.02364864864864865,2,0,9,0.10610237391666501,0.19633897229438946,5.933410223562973,-29.704244903148645,-14.479437769235963,0,1.4408907393808477,2,MNQ_v5
2026-02-11 10:30:00+01:00,2026-02-11 12:29:00+01:00,Short,Canal Exit,-60.48,2.0,loser,25226.25,25241.0,52.75,24.25,79.25,0.4597156398104265,1.5023696682464456,17,0,10,0.11297755314404638,0.14171745701402308,29.569731373786716,-9.739486624073123,-8.501482373631145,1,8.383446909982013,5,MNQ_v5
2026-02-11 19:08:00+01:00,2026-02-11 20:11:00+01:00,Short,Stop Loss,-229.24,1.0,loser,25210.75,25325.0,114.25,116.75,10.0,1.0218818380743981,0.087527352297593,9,0,19,0.12792162073718552,0.22807730829110598,37.8167458930384,-1.447855654817679,-5.681860479710511,1,28.50801345470245,3,MNQ_v5
2026-02-12 09:34:00+01:00,2026-02-12 09:48:00+01:00,Short,Canal Exit,-56.22,3.0,loser,25333.5,25342.5,36.0,14.75,5.75,0.4097222222222222,0.1597222222222222,2,1,9,0.007894684903388793,0.08684153393727673,43.53603786021636,-21.879193866560534,10.277741012296206,0,2.7099639131556614,2,MNQ_v5
2026-02-12 10:09:00+01:00,2026-02-12 13:46:00+01:00,Long,Canal Exit,50.28,3.0,winner,25354.5,25363.25,30.0,25.0,29.5,0.8333333333333334,0.9833333333333333,31,0,10,0.01676231043798931,0.03155258435386223,-24.41062256228815,11.741528629684389,6.5597754510440796,0,6.499655207640899,3,MNQ_v5
2026-02-12 15:24:00+01:00,2026-02-12 16:13:00+01:00,Short,Canal Exit,284.26,1.0,winner,25344.75,25202.25,64.5,49.0,174.75,0.7596899224806202,2.7093023255813953,7,1,15,0.11836770928890598,0.14795963661113248,33.55485186030008,-10.763492014718306,7.112426793842355,1,7.966049490016303,7,MNQ_v5
2026-02-12 19:15:00+01:00,2026-02-12 20:46:00+01:00,Short,Stop Loss,-234.24,1.0,loser,24824.0,24940.75,116.75,120.0,19.5,1.0278372591006424,0.1670235546038544,13,0,19,0.1248791492104415,0.18933290364163713,2.3468129488158116,-22.49365240468803,-26.360221999211735,1,27.64943726009369,2,MNQ_v5
2026-02-13 02:13:00+01:00,2026-02-13 02:41:00+01:00,Long,Canal Exit,-9.24,1.0,loser,24813.5,24809.25,105.0,43.25,4.5,0.4119047619047619,0.04285714285714286,4,0,2,0.008060128559050517,0.08563886593991174,-41.064196840739626,8.792640848180884,-4.660522922818233,0,20.148036565056827,4,MNQ_v5
2026-02-13 06:18:00+01:00,2026-02-13 10:16:00+01:00,Short,Stop Loss,-136.74,1.0,loser,24720.25,24788.25,68.0,74.0,77.5,1.088235294117647,1.1397058823529411,34,0,6,0.06573558115310323,0.16383329456619572,2.9852349471075796,-31.334314814419525,-11.659513601902509,0,0.6156851276173256,3,MNQ_v5
2026-02-13 15:24:00+01:00,2026-02-13 15:45:00+01:00,Short,Stop Loss,-154.24,1.0,loser,24743.75,24820.5,76.75,106.0,165.0,1.3811074918566775,2.1498371335504887,3,2,15,0.08790098509724678,0.17580197019449356,34.078559869793125,-11.108550826463777,-4.649758580202054,1,15.936634823367058,3,MNQ_v5
2026-02-13 16:20:00+01:00,2026-02-13 16:41:00+01:00,Long,Canal Exit,-143.74,1.0,loser,24818.75,24747.25,240.0,90.5,110.5,0.3770833333333333,0.46041666666666664,3,0,16,0.26391337194661296,0.4321329639889197,-25.06844328333228,16.42343366574065,-0.4448626538492683,0,3.5294200184434885,3,MNQ_v5
2026-02-16 05:08:00+01:00,2026-02-16 06:39:00+01:00,Long,Stop Loss,-211.2,5.0,loser,24829.0,24808.25,20.75,30.5,11.5,1.4698795180722892,0.5542168674698795,13,3,5,0.022151516371984373,0.05235812960650851,-28.594609133488227,12.556467481275504,-7.111805279348586,0,0.6728878328940482,4,MNQ_v5
2026-02-17 06:18:00+01:00,2026-02-17 07:07:00+01:00,Short,Stop Loss,-216.72,3.0,loser,24592.0,24627.75,35.75,41.25,34.0,1.1538461538461537,0.951048951048951,7,2,6,0.019315224463240077,0.09149316851008457,4.052627567892795,-3.178238633884464,-21.615499428929777,1,5.999017399808508,3,MNQ_v5
2026-02-17 16:55:00+01:00,2026-02-17 17:23:00+01:00,Long,Canal Exit,150.26,1.0,winner,24652.0,24727.5,202.75,12.5,144.5,0.06165228113440197,0.7127003699136868,4,1,16,0.3164043485315593,0.32553139704689277,-29.448875175989272,8.336535898128957,5.314310734774636,0,21.528451905025577,4,MNQ_v5
2026-02-17 19:22:00+01:00,2026-02-17 19:57:00+01:00,Long,Canal Exit,172.26,1.0,winner,24767.75,24854.25,159.25,17.25,105.0,0.10832025117739404,0.6593406593406593,5,0,19,0.18572538886253293,0.3805351717455158,-28.30388536718256,11.567859492746912,2.6670293010769845,0,22.32093497529422,5,MNQ_v5
2026-02-18 07:42:00+01:00,2026-02-18 08:10:00+01:00,Long,Stop Loss,-208.7,5.0,loser,24829.5,24809.0,20.5,23.25,18.75,1.1341463414634145,0.9146341463414634,4,1,7,0.008054934654342616,0.06141887673936246,-24.154033853827443,4.795947427172991,12.92178439719571,0,7.1627982055797474,2,MNQ_v5
2026-02-18 19:01:00+01:00,2026-02-18 19:22:00+01:00,Long,Stop Loss,-174.48,2.0,loser,25101.0,25057.75,43.25,50.0,2.0,1.1560693641618498,0.046242774566473986,3,0,19,0.041831002748894466,0.04979881279630294,1.311625172393918,14.773186769614307,18.368832914388772,0,8.220797861249594,1,MNQ_v5
2026-02-19 06:32:00+01:00,2026-02-19 07:49:00+01:00,Long,Canal Exit,95.52,2.0,winner,24985.25,25009.5,44.75,5.25,30.25,0.11731843575418995,0.6759776536312849,11,3,6,0.027015939404248505,0.08705136030257851,-36.97594862675109,13.881471906015838,-1.6167031340845364,0,4.802943703820347,4,MNQ_v5
2026-02-19 18:26:00+01:00,2026-02-19 18:47:00+01:00,Long,Stop Loss,-122.24,1.0,loser,24862.5,24801.75,60.75,79.75,8.25,1.3127572016460904,0.13580246913580246,3,1,18,0.08547008547008547,0.146807440925088,-34.905923447514205,3.5167978602395653,-5.5111522220521705,0,18.88424171648512,2,MNQ_v5
2026-02-19 20:46:00+01:00,2026-02-19 21:49:00+01:00,Short,Stop Loss,-151.74,1.0,loser,24774.5,24850.0,75.5,80.25,11.75,1.0629139072847682,0.15562913907284767,9,0,20,0.019172939918060912,0.038345879836121824,31.267992206328326,-20.369576595873514,-18.074610083097635,1,9.608757194342616,2,MNQ_v5
2026-02-20 10:51:00+01:00,2026-02-20 11:54:00+01:00,Short,Canal Exit,178.52,2.0,winner,24937.5,24892.5,47.75,9.5,57.25,0.19895287958115182,1.198952879581152,9,0,10,0.01804511278195489,0.0761904761904762,48.832765901780675,-13.540862185701233,0.7310631234159816,1,10.854491315083578,3,MNQ_v5
2026-02-20 18:54:00+01:00,2026-02-20 21:56:00+01:00,Long,Auto-Close (profit),63.76,1.0,winner,25041.5,25073.75,162.25,112.5,81.0,0.6933744221879815,0.49922958397534667,26,0,18,0.05490885130683066,0.26655751452588705,-36.3526202162452,6.101328211162971,4.566095499453524,0,50.34024348054663,3,MNQ_v5
2026-02-23 04:19:00+01:00,2026-02-23 07:56:00+01:00,Short,Stop Loss,-238.48,2.0,loser,24822.5,24881.75,59.25,69.75,15.5,1.1772151898734178,0.2616033755274262,31,3,4,0.051364689293987305,0.09265787088327122,16.2989320768377,-0.051027097037337245,-23.366762223257272,1,12.260089905073983,4,MNQ_v5
2026-02-23 10:02:00+01:00,2026-02-23 10:23:00+01:00,Long,Canal Exit,44.76,1.0,winner,24971.25,24994.0,93.5,4.25,27.5,0.045454545454545456,0.29411764705882354,3,0,10,0.1041197376983531,0.16619111978775591,-0.2921420408847639,38.50135854876148,9.594887461101123,1,1.438763770078367,3,MNQ_v5
2026-02-23 15:52:00+01:00,2026-02-23 16:20:00+01:00,Short,Canal Exit,18.76,1.0,winner,24907.0,24897.25,133.0,45.75,67.5,0.34398496240601506,0.5075187969924813,4,2,15,0.1636086240815835,0.4255831693901313,17.797589468043647,-7.626858728713345,0.8410023073279079,1,2.8988950035200105,4,MNQ_v5
2026-02-23 21:35:00+01:00,2026-02-23 21:56:00+01:00,Long,Auto-Close (profit),154.52,2.0,winner,24729.25,24768.25,50.75,18.75,44.75,0.3694581280788177,0.8817733990147784,3,0,21,0.06874450296713407,0.2507152461154301,-43.276895417463365,11.294127698669657,-13.333528469287568,1,6.250845782953547,8,MNQ_v5
2026-02-24 01:59:00+01:00,2026-02-24 04:19:00+01:00,Long,Canal Exit,659.04,4.0,winner,24797.25,24880.0,24.5,2.25,87.5,0.09183673469387756,3.5714285714285716,20,0,1,0.07460504693060722,0.10182580729718013,-24.19455388655478,22.85143291669565,21.21905050513771,0,2.494614003386232,2,MNQ_v5
2026-02-24 05:29:00+01:00,2026-02-24 06:11:00+01:00,Long,Stop Loss,-253.24,26.0,loser,24869.75,24865.25,4.5,9.5,20.5,2.111111111111111,4.555555555555555,6,0,5,0.03819901687793403,0.03920425416419546,8.941224944671205,8.79449806492742,17.740501892130546,0,6.665780263065244,2,MNQ_v5
2026-02-24 13:04:00+01:00,2026-02-24 13:25:00+01:00,Long,Canal Exit,-88.48,2.0,loser,24863.25,24841.5,54.5,29.25,20.5,0.536697247706422,0.3761467889908257,3,0,13,0.03619800307683026,0.2232210189737866,-35.62456133409658,3.784758605228989,-4.1255473136126986,0,1.548962494576699,3,MNQ_v5
2026-02-24 13:46:00+01:00,2026-02-24 14:42:00+01:00,Short,Stop Loss,-143.74,1.0,loser,24812.25,24883.75,71.5,76.5,3.75,1.06993006993007,0.05244755244755245,8,2,13,0.007052967788088544,0.0634767100927969,13.329012640067518,-26.516999042180704,0.5364815133527076,1,3.5953920699030277,2,MNQ_v5
2026-02-24 15:24:00+01:00,2026-02-24 15:38:00+01:00,Short,Stop Loss,-157.24,1.0,loser,24813.0,24891.25,78.25,111.25,119.0,1.4217252396166133,1.5207667731629393,2,2,15,0.06851247330028613,0.14307016483295046,44.38741355060088,-23.06368625951138,2.0052467630460282,1,2.8742204592490452,2,MNQ_v5
2026-02-25 09:06:00+01:00,2026-02-25 09:27:00+01:00,Long,Canal Exit,78.78,3.0,winner,25050.5,25064.0,33.0,2.0,40.25,0.06060606060606061,1.2196969696969697,3,1,9,0.10079639128959501,0.24650206582702938,-18.984334136775274,11.413018458713214,-7.4529896362624735,1,0.07700726966140792,3,MNQ_v5
2026-02-25 15:03:00+01:00,2026-02-25 16:06:00+01:00,Long,Canal Exit,591.52,2.0,winner,25166.75,25315.0,43.0,36.75,194.25,0.8546511627906976,4.517441860465116,9,0,15,0.04569521292975851,0.04966870970625926,-0.9809755138195297,26.04833764444747,17.04845722616601,0,3.245335631421767,2,MNQ_v5
2026-02-25 17:44:00+01:00,2026-02-25 21:56:00+01:00,Long,Auto-Close (profit),244.52,2.0,winner,25322.5,25384.0,57.75,13.5,74.25,0.23376623376623376,1.2857142857142858,36,0,17,0.010859907197156678,0.12439530062197651,-21.90236944216045,22.40431914598867,10.712018097277282,0,17.323097837142996,5,MNQ_v5
2026-02-26 01:24:00+01:00,2026-02-26 02:27:00+01:00,Long,Stop Loss,-236.48,2.0,loser,25333.25,25274.5,58.75,68.5,5.0,1.1659574468085105,0.0851063829787234,9,3,1,0.01973690702929944,0.028618515192484185,-46.823329585953154,6.6729365297297,7.3133898909945225,0,14.224705443179118,2,MNQ_v5
2026-02-26 03:51:00+01:00,2026-02-26 04:40:00+01:00,Short,Stop Loss,-221.92,8.0,loser,25306.75,25320.25,13.5,17.0,12.25,1.2592592592592593,0.9074074074074074,7,0,3,0.011854544736088197,0.05038181512837484,-17.747778072350165,-9.876566253518616,-10.231436122356508,1,2.3484312586660963,6,MNQ_v5
2026-02-26 10:23:00+01:00,2026-02-26 10:51:00+01:00,Long,Canal Exit,9.780000000000001,3.0,winner,25380.5,25382.5,35.0,5.5,21.5,0.15714285714285714,0.6142857142857143,4,0,10,0.03743031067157857,0.04235535154941786,-33.43776310051602,20.352065130744307,20.557353605333315,0,3.502466269819706,4,MNQ_v5
2026-02-26 15:10:00+01:00,2026-02-26 15:45:00+01:00,Short,Canal Exit,640.52,2.0,winner,25375.0,25214.5,40.5,9.5,178.0,0.2345679012345679,4.395061728395062,5,1,15,0.003940886699507389,0.0876847290640394,34.25209395310718,-15.586974878666968,4.424730508116478,1,2.255818576712045,5,MNQ_v5
2026-02-27 00:28:00+01:00,2026-02-27 03:30:00+01:00,Long,Canal Exit,-53.48,2.0,loser,25008.75,24995.75,54.75,54.0,17.5,0.9863013698630136,0.319634703196347,26,1,0,0.05098215624531414,0.10696256310291398,-41.22502481592091,1.3200086316950388,-0.324845150692123,0,19.351905166593497,2,MNQ_v5
2026-02-27 07:49:00+01:00,2026-02-27 08:38:00+01:00,Long,Canal Exit,260.28,3.0,winner,25027.25,25071.0,35.5,0.0,48.75,0.0,1.3732394366197183,7,1,7,0.021976046109740383,0.022974957296546764,-39.55964621254765,6.50689395422761,2.8754356895937434,0,13.783554810433998,7,MNQ_v5
2026-02-27 10:09:00+01:00,2026-02-27 10:30:00+01:00,Long,Canal Exit,-133.48,2.0,loser,25090.25,25057.25,44.0,42.75,8.5,0.9715909090909091,0.19318181818181818,3,0,10,0.06775540299518737,0.10362591046322775,-15.628525731407189,18.79377352999066,9.789669173759977,0,6.334956878963567,3,MNQ_v5
2026-03-02 03:02:00+01:00,2026-03-02 05:50:00+01:00,Short,Canal Exit,138.26,1.0,winner,24839.75,24770.25,61.5,8.0,99.0,0.13008130081300814,1.6097560975609757,24,3,3,0.08655481637295061,0.08957417043247215,50.93766950668136,-6.34791979667062,-1.5145804036561097,1,19.611789939655864,4,MNQ_v5
2026-03-03 02:41:00+01:00,2026-03-03 03:16:00+01:00,Short,Canal Exit,159.76,1.0,winner,24908.25,24828.0,74.75,5.75,96.5,0.07692307692307693,1.2909698996655519,5,1,2,0.01706261981472002,0.0732688968514448,9.980957193339783,-7.249066280022364,-1.7737355025384594,1,2.6966624044143828,5,MNQ_v5
2026-03-03 05:15:00+01:00,2026-03-03 07:42:00+01:00,Short,Canal Exit,382.52,2.0,winner,24838.75,24742.75,46.0,8.0,101.5,0.17391304347826086,2.2065217391304346,21,2,5,0.015097378088671934,0.02818177243218761,10.480372092348336,-2.2700970185641474,-19.906851716908164,1,7.762531399603176,6,MNQ_v5
2026-03-03 15:31:00+01:00,2026-03-03 15:45:00+01:00,Long,Canal Exit,-230.24,1.0,loser,24642.25,24527.5,194.5,154.75,18.75,0.7956298200514139,0.09640102827763496,2,0,15,0.12884375412147836,0.4463878095547282,-30.13682059435149,32.70920326286438,2.5613630436832784,1,2.5897937919580727,2,MNQ_v5
2026-03-03 17:09:00+01:00,2026-03-03 17:37:00+01:00,Long,Canal Exit,89.26,1.0,winner,24595.5,24640.5,244.75,32.5,57.5,0.13278855975485188,0.23493360572012256,4,3,17,0.05590453538248867,0.5936045211522434,-36.47798853483337,21.021222334162477,-8.958913898845395,1,1.080616341008863,4,MNQ_v5
2026-03-03 21:14:00+01:00,2026-03-03 21:56:00+01:00,Long,Auto-Close (loss),-41.24,1.0,loser,24777.25,24757.0,68.0,59.5,30.75,0.875,0.4522058823529412,6,0,21,0.05347647539577637,0.06861132692288288,15.607174928754402,8.052546035054046,7.708862248041511,0,12.207965146255447,10,MNQ_v5
2026-03-04 02:13:00+01:00,2026-03-04 02:41:00+01:00,Short,Canal Exit,41.26,1.0,winner,24700.0,24679.0,104.25,22.0,70.25,0.21103117505995203,0.6738609112709832,4,0,2,0.039473684210526314,0.19433198380566802,18.24870639527313,-12.190062888540805,-4.381851143566675,0,2.2145826252017287,4,MNQ_v5
2026-03-04 05:43:00+01:00,2026-03-04 08:38:00+01:00,Short,Stop Loss,-177.48,2.0,loser,24600.25,24644.25,44.0,64.75,101.75,1.4715909090909092,2.3125,25,0,5,0.05081249174297009,0.07316998810987693,29.43558786494185,-3.751025740633646,-9.134038460697074,1,22.297925039856636,4,MNQ_v5
2026-03-04 15:59:00+01:00,2026-03-04 16:34:00+01:00,Long,Canal Exit,277.26,1.0,winner,24937.25,25076.25,123.75,15.25,210.5,0.12323232323232323,1.701010101010101,5,1,15,0.1313296373898485,0.15137996370890935,-0.6812655713307126,1.2147097858134697,11.509008439725799,0,11.780397205737245,5,MNQ_v5
2026-03-04 18:54:00+01:00,2026-03-04 21:56:00+01:00,Long,Auto-Close (loss),-118.74,1.0,loser,25179.0,25120.0,127.75,78.5,38.0,0.6144814090019569,0.2974559686888454,26,0,18,0.007943127209182254,0.06155923587116247,10.49747527675981,23.92025737325549,16.613228494968777,0,18.108558208572504,3,MNQ_v5
2026-03-05 06:18:00+01:00,2026-03-05 08:31:00+01:00,Short,Canal Exit,79.04,4.0,winner,25076.75,25066.5,29.75,19.75,96.0,0.6638655462184874,3.226890756302521,19,3,6,0.016947969732919937,0.10467863658568195,43.426996585183915,-8.66542453342466,-15.538206744060163,1,9.251210833135701,5,MNQ_v5
2026-03-05 08:59:00+01:00,2026-03-05 10:02:00+01:00,Short,Stop Loss,-171.74,1.0,loser,25008.25,25093.75,85.5,95.75,35.25,1.1198830409356726,0.41228070175438597,9,3,8,0.2059320424259994,0.20793138264372757,33.90189239121749,-24.6653678028911,-3.176950800081613,1,7.34766198862053,3,MNQ_v5
2026-03-05 10:51:00+01:00,2026-03-05 12:36:00+01:00,Short,Canal Exit,-0.74,1.0,loser,25112.75,25112.75,93.75,39.25,29.25,0.4186666666666667,0.312,15,2,10,0.010950612736558124,0.08561388139490897,43.65207348281956,-5.656707633680908,1.7070858182884001,1,32.91029478251585,3,MNQ_v5
2026-03-05 17:51:00+01:00,2026-03-05 18:12:00+01:00,Long,Canal Exit,-119.24,1.0,loser,25037.0,24977.75,97.0,82.0,86.0,0.845360824742268,0.8865979381443299,3,1,17,0.00798817749730399,0.10784039621360388,-18.034943107851362,5.498175956961998,7.266372866686244,0,12.139652250880317,3,MNQ_v5
2026-03-05 18:33:00+01:00,2026-03-05 18:54:00+01:00,Short,Canal Exit,139.76,1.0,winner,24887.25,24817.0,235.75,18.5,102.0,0.0784729586426299,0.432661717921527,3,1,18,0.030135912967483348,0.39678952073853074,21.270612707775285,-34.78236674870741,6.42701606065797,0,3.0162413804864627,3,MNQ_v5
2026-03-06 02:06:00+01:00,2026-03-06 02:27:00+01:00,Long,Stop Loss,-227.22,3.0,loser,25083.5,25046.0,37.5,45.0,7.75,1.2,0.20666666666666667,3,1,2,0.019933422369286583,0.0887037295433253,-2.426848647119728,3.9241913487734803,26.6871779051439,0,8.031079975735338,1,MNQ_v5
2026-03-06 09:20:00+01:00,2026-03-06 13:11:00+01:00,Short,Canal Exit,383.76,1.0,winner,25059.0,24866.75,80.75,50.0,222.75,0.6191950464396285,2.7585139318885448,33,0,9,0.16959974460273755,0.1755856179416577,29.400934366753972,-31.549194767917687,-5.355324875748971,0,5.332810334577516,2,MNQ_v5
2026-03-06 19:22:00+01:00,2026-03-06 19:29:00+01:00,Long,Canal Exit,16.26,1.0,winner,24825.0,24833.5,81.0,10.75,36.5,0.13271604938271606,0.4506172839506173,1,0,19,0.2366565961732125,0.2598187311178248,-39.28746377680464,24.779896307930482,14.102489524431993,1,2.2295913218185888,1,MNQ_v5
2026-03-09 09:02:00+01:00,2026-03-09 10:47:00+01:00,Long,Canal Exit,228.76,1.0,winner,24290.0,24404.75,79.75,57.0,205.0,0.7147335423197492,2.5705329153605017,15,0,10,0.048373816385343764,0.16570605187319884,18.689836292846344,14.365235715255258,15.392498160215938,0,1.0784097895520972,8,MNQ_v5
2026-03-09 19:11:00+01:00,2026-03-09 20:49:00+01:00,Long,Canal Exit,631.26,1.0,winner,24653.75,24969.75,78.25,24.25,401.25,0.30990415335463256,5.127795527156549,14,2,20,0.11255894133752473,0.12776960908583887,-45.13795200275658,8.78461432747117,21.351545202081265,0,29.697351794304268,6,MNQ_v5
2026-03-10 14:59:00+01:00,2026-03-10 15:34:00+01:00,Short,Stop Loss,-187.74,1.0,loser,24987.5,25081.0,93.5,106.75,95.0,1.141711229946524,1.0160427807486632,5,1,15,0.1330665332666333,0.44022011005502754,35.750529006279635,-7.4639608226919245,0.877917079463314,1,19.53075911754422,3,MNQ_v5
2026-03-10 23:14:00+01:00,2026-03-11 00:59:00+01:00,Short,Stop Loss,-207.72,3.0,loser,24994.5,25028.75,34.25,35.5,43.0,1.0364963503649636,1.2554744525547445,15,0,0,0.062013643001460325,0.13803036668066976,29.82870397467533,-16.81422276155795,-15.929846545059357,1,4.598146634976729,6,MNQ_v5
2026-03-11 04:15:00+01:00,2026-03-11 06:07:00+01:00,Long,Stop Loss,-236.2,5.0,loser,25097.0,25073.75,23.25,37.25,26.5,1.6021505376344085,1.1397849462365592,16,0,5,0.01693429493564968,0.02390723990915249,-8.32098153682577,28.723209805494616,24.59297924829331,0,1.9701391233757022,1,MNQ_v5
2026-03-11 09:51:00+01:00,2026-03-11 10:19:00+01:00,Short,Canal Exit,141.52,2.0,winner,24982.25,24946.5,55.5,15.75,57.25,0.28378378378378377,1.0315315315315314,4,1,10,0.06804831430315524,0.19413783786488406,36.252924191419,-12.884555618768857,-12.96991644820649,1,10.28420768390788,4,MNQ_v5
2026-03-11 18:36:00+01:00,2026-03-11 19:04:00+01:00,Short,Canal Exit,10.76,1.0,winner,24915.25,24909.5,119.75,69.5,21.25,0.5803757828810021,0.17745302713987474,4,0,19,0.31406467926270054,0.36624155888461885,37.18834500049734,-6.348380753358571,-5.955864778212775,1,15.828729036489676,3,MNQ_v5
2026-03-12 05:46:00+01:00,2026-03-12 06:00:00+01:00,Short,Stop Loss,-230.22,3.0,loser,24713.75,24751.75,38.0,59.75,0.0,1.5723684210526316,0.0,2,2,6,0.01820848717819028,0.03338222649334885,23.644722403751068,-13.122681730261888,-2.5819058104672714,1,9.228967985101917,2,MNQ_v5
2026-03-12 17:47:00+01:00,2026-03-12 20:56:00+01:00,Short,Auto-Close (profit),150.26,1.0,winner,24631.25,24555.75,104.0,92.75,88.25,0.8918269230769231,0.8485576923076923,27,3,18,0.02029941639177874,0.34610504947982745,6.794932035637018,-0.9105607454050465,-7.2803989750930596,1,15.296635957682156,2,MNQ_v5
2026-03-13 18:43:00+01:00,2026-03-13 20:56:00+01:00,Short,Auto-Close (loss),-59.24,1.0,loser,24368.25,24397.5,120.0,104.5,17.5,0.8708333333333333,0.14583333333333334,19,0,19,0.16414802047746557,0.23288500405240423,5.0305359829003145,-7.8069749366801995,-22.522253336835963,1,11.23137919234432,4,MNQ_v5
2026-03-15 23:42:00+01:00,2026-03-16 00:10:00+01:00,Long,Canal Exit,43.26,1.0,winner,24421.0,24443.0,151.0,6.75,74.75,0.04470198675496689,0.49503311258278143,4,0,0,0.2600221121166209,0.36444044060439784,-38.76557328547021,10.775474096378002,-2.2680651524525337,1,0.5739452031048131,4,MNQ_v5
2026-03-16 00:38:00+01:00,2026-03-16 01:06:00+01:00,Short,Stop Loss,-125.24,1.0,loser,24433.5,24495.75,62.25,79.75,0.0,1.2811244979919678,0.0,4,3,1,0.09004031350400066,0.17189514396218308,38.80223724747155,-10.371967974558565,-7.257738699518318,1,25.315675987185386,2,MNQ_v5
2026-03-16 03:19:00+01:00,2026-03-16 07:52:00+01:00,Long,Canal Exit,555.04,4.0,winner,24493.25,24563.0,24.5,18.75,74.75,0.7653061224489796,3.0510204081632653,39,0,4,0.03878619619691139,0.07246894552580813,17.967952568732812,15.927106809608128,15.45193566299196,0,5.971575724615832,14,MNQ_v5
2026-03-16 14:52:00+01:00,2026-03-16 15:27:00+01:00,Long,Canal Exit,-119.74,1.0,loser,24736.5,24677.0,113.5,71.75,29.25,0.6321585903083701,0.2577092511013216,5,0,15,0.17181088674630607,0.264790896044307,-11.788638794387662,17.843771194108697,14.211962799979919,0,6.801492296508513,3,MNQ_v5
2026-03-16 16:16:00+01:00,2026-03-16 19:46:00+01:00,Long,Canal Exit,-16.24,1.0,loser,24726.25,24718.5,124.0,109.0,13.5,0.8790322580645161,0.10887096774193548,30,2,17,0.13143925989585967,0.2214245993630251,-33.59907385029085,8.457074427688172,8.429076464793782,0,23.05893525465217,4,MNQ_v5
2026-03-16 20:07:00+01:00,2026-03-16 20:35:00+01:00,Short,Canal Exit,79.26,1.0,winner,24702.25,24662.25,114.0,30.0,49.5,0.2631578947368421,0.4342105263157895,4,1,21,0.04453035654646844,0.09816919511380542,37.364645220379316,-16.672916903087543,6.706980009491618,1,2.3588759730482707,4,MNQ_v5
2026-03-16 23:56:00+01:00,2026-03-17 00:59:00+01:00,Short,Stop Loss,-238.96,4.0,loser,24847.5,24877.0,29.5,35.0,10.25,1.1864406779661016,0.3474576271186441,9,2,0,0.028171848274474293,0.04728845960358185,42.24492750736315,-9.287389451931935,-4.493223420159902,1,42.11540212554246,4,MNQ_v5
2026-03-17 06:42:00+01:00,2026-03-17 08:41:00+01:00,Short,Canal Exit,16.26,1.0,winner,24792.25,24783.75,60.75,24.0,63.25,0.3950617283950617,1.0411522633744856,17,3,7,0.1643658804666781,0.1905837509705654,46.906989341225966,-9.145623365165145,0.5920837541984726,0,0.011776797335187439,4,MNQ_v5
2026-03-17 23:07:00+01:00,2026-03-18 00:31:00+01:00,Short,Canal Exit,141.84,9.0,winner,25015.25,25007.0,13.25,8.75,25.25,0.660377358490566,1.9056603773584906,12,3,0,0.024984759296828935,0.09494208532794995,29.313084491881142,-8.19187358154709,7.098625251127025,0,1.0099000655973214,5,MNQ_v5
2026-03-18 04:43:00+01:00,2026-03-18 08:27:00+01:00,Long,Canal Exit,200.52,2.0,winner,25129.0,25179.5,48.5,2.25,81.75,0.04639175257731959,1.6855670103092784,32,0,5,0.0387997930677703,0.05173305742369374,1.2690556620418205,15.84454789215002,24.068570848611447,0,6.773671419250604,5,MNQ_v5
2026-03-18 11:57:00+01:00,2026-03-18 12:11:00+01:00,Short,Canal Exit,-85.48,2.0,loser,25153.75,25174.75,44.0,22.25,5.75,0.5056818181818182,0.13068181818181818,2,1,12,0.04472494160910401,0.10833374745316306,24.756744133370447,-16.17488927998507,-9.433661120406555,0,1.3201013709840481,2,MNQ_v5
2026-03-18 15:34:00+01:00,2026-03-18 16:37:00+01:00,Short,Canal Exit,-106.24,1.0,loser,24841.5,24894.25,157.5,90.25,22.25,0.573015873015873,0.14126984126984127,9,0,16,0.08453595797355232,0.24354406939999595,21.087879946220724,-39.16303389729136,-4.0199523496570775,0,0.07962355790368747,1,MNQ_v5
2026-03-19 09:02:00+01:00,2026-03-19 09:58:00+01:00,Short,Canal Exit,-50.96,4.0,loser,24573.75,24579.75,29.25,20.25,68.25,0.6923076923076923,2.3333333333333335,8,0,10,0.019329569154077013,0.07833562236125947,-15.148980066591111,-15.110810218741271,-6.5331716871927865,0,1.3066670734478976,8,MNQ_v5
2026-03-19 18:50:00+01:00,2026-03-19 19:25:00+01:00,Long,Canal Exit,-11.74,1.0,loser,24463.5,24458.0,86.25,38.75,57.5,0.4492753623188406,0.6666666666666666,5,0,19,0.13285098207533672,0.18701330553682016,-29.057798217135726,10.420704714043504,-0.019979840445118264,0,3.979086577288399,5,MNQ_v5
2026-03-19 19:46:00+01:00,2026-03-19 19:53:00+01:00,Short,Stop Loss,-161.74,1.0,loser,24440.5,24521.0,80.5,83.75,4.25,1.0403726708074534,0.052795031055900624,1,1,20,0.04807593952660543,0.13502178760663652,23.936809814253095,-18.22070092936922,-0.9331196392546234,1,12.708852704861783,1,MNQ_v5
2026-03-19 23:35:00+01:00,2026-03-20 06:07:00+01:00,Long,Stop Loss,-147.74,1.0,loser,24636.75,24563.25,73.5,75.0,24.0,1.0204081632653061,0.32653061224489793,56,0,0,0.01522116350573838,0.017250651973170165,-11.698948758241318,11.770814378755658,13.756347203232293,0,4.690127813439176,2,MNQ_v5
2026-03-20 09:30:00+01:00,2026-03-20 10:54:00+01:00,Short,Canal Exit,1365.04,4.0,winner,24590.5,24419.5,26.0,4.5,193.25,0.17307692307692307,7.4326923076923075,12,1,10,0.10166527724121105,0.20231390171000999,46.456033676981264,-3.573782105181883,-2.267775646474665,1,16.83980268349842,4,MNQ_v5
2026-03-20 17:33:00+01:00,2026-03-20 19:18:00+01:00,Short,Canal Exit,292.76,1.0,winner,24270.25,24123.5,88.75,29.75,156.75,0.3352112676056338,1.7661971830985916,15,1,18,0.04120270701785107,0.29665949052852775,26.163850215823523,-1.0024420136738232,-6.051383936221488,1,24.103959980260697,4,MNQ_v5
2026-03-23 01:20:00+01:00,2026-03-23 01:34:00+01:00,Long,Stop Loss,-189.74,1.0,loser,24066.5,23972.0,94.5,98.5,1.5,1.0423280423280423,0.015873015873015872,2,0,2,0.08310306858080735,0.1672449255188748,-37.001656117255386,6.718712996458344,14.55335223466879,0,3.8166194489895133,2,MNQ_v5
2026-03-23 02:23:00+01:00,2026-03-23 02:51:00+01:00,Long,Canal Exit,31.76,1.0,winner,24028.25,24044.5,92.25,15.5,44.5,0.16802168021680217,0.4823848238482385,4,1,3,0.001040441979752999,0.08947801025875793,-30.908588565803313,13.791886996376917,-0.5633378393549202,0,3.7084240659241914,4,MNQ_v5
2026-03-23 05:32:00+01:00,2026-03-23 05:53:00+01:00,Long,Canal Exit,-23.48,2.0,loser,24002.0,23996.5,56.25,26.0,6.0,0.4622222222222222,0.10666666666666667,3,3,6,0.04062161486542788,0.07811849012582285,-36.67294133117669,25.61796457860669,-1.6616383912011585,1,4.222857863423997,3,MNQ_v5
2026-03-23 06:28:00+01:00,2026-03-23 07:59:00+01:00,Short,Canal Exit,174.76,1.0,winner,23959.75,23872.0,73.75,43.0,133.25,0.5830508474576271,1.806779661016949,13,1,7,0.1032982397562579,0.14816515197362243,32.8253832325899,-5.38665416411129,-2.898364617758374,1,11.305640729668085,4,MNQ_v5
2026-03-23 14:59:00+01:00,2026-03-23 16:58:00+01:00,Long,Stop Loss,-331.24,1.0,loser,24556.0,24390.75,165.25,185.25,134.0,1.1210287443267777,0.81089258698941,17,1,15,0.12726014008796221,0.19852581853722104,-19.356520946704492,9.009827957984456,8.230194058049857,0,42.372291968342324,4,MNQ_v5
2026-03-24 00:38:00+01:00,2026-03-24 02:02:00+01:00,Short,Canal Exit,2738.82,7.0,winner,24473.0,24277.0,17.0,2.0,215.25,0.11764705882352941,12.661764705882353,12,3,1,0.06946430760429861,0.0786581130225146,37.86887448860148,-3.694228094530895,-6.129704223076281,1,8.223320469987812,6,MNQ_v5
2026-03-24 04:22:00+01:00,2026-03-24 05:04:00+01:00,Short,Stop Loss,-228.14,11.0,loser,24280.5,24290.5,10.0,17.75,49.75,1.775,4.975,6,0,5,0.08031136096867857,0.13076336978233563,-16.29626329754724,-12.940148834499897,-18.522298704246715,1,8.644146450540575,13,MNQ_v5
2026-03-24 19:04:00+01:00,2026-03-24 19:46:00+01:00,Long,Canal Exit,131.76,1.0,winner,24228.75,24295.0,68.5,20.0,120.25,0.291970802919708,1.7554744525547445,6,2,20,0.06810091317133571,0.13929732239591394,-36.549428201412965,7.521617412119684,2.3105902090030535,0,4.645590252017428,6,MNQ_v5
2026-03-24 20:28:00+01:00,2026-03-24 20:56:00+01:00,Short,Auto-Close (profit),54.76,1.0,winner,24246.5,24218.75,102.5,15.75,57.25,0.15365853658536585,0.5585365853658537,4,2,21,0.14331965438310684,0.23405439960406657,31.420217149161918,-11.757061346873463,-0.41920485839182625,1,6.584782520534645,5,MNQ_v5
2026-03-25 07:59:00+01:00,2026-03-25 09:16:00+01:00,Long,Canal Exit,905.28,3.0,winner,24363.75,24515.0,39.25,10.25,171.0,0.2611464968152866,4.356687898089172,11,1,8,0.006156687702016316,0.1015853470832692,-42.05266502925778,13.126765140495838,6.718611879787057,0,6.634467448006035,3,MNQ_v5
2026-03-25 17:26:00+01:00,2026-03-25 17:54:00+01:00,Long,Canal Exit,-21.24,1.0,loser,24435.0,24424.75,147.75,39.25,15.75,0.2656514382402707,0.1065989847715736,4,3,18,0.03273992224268467,0.3366073255576018,-10.67486365905035,7.96048084736436,2.9041354324921542,0,4.264931934478227,4,MNQ_v5
2026-03-25 23:00:00+01:00,2026-03-25 23:35:00+01:00,Short,Canal Exit,89.28,3.0,winner,24348.5,24333.25,33.25,0.25,28.25,0.007518796992481203,0.849624060150376,5,0,0,0.08111382631373595,0.08316734090395712,-13.006296374724258,-10.067585258326615,2.778162409393139,1,1.9249331279206672,5,MNQ_v5
2026-03-26 00:59:00+01:00,2026-03-26 01:34:00+01:00,Long,Canal Exit,203.52,2.0,winner,24331.75,24383.0,48.0,4.75,78.25,0.09895833333333333,1.6302083333333333,5,2,1,0.028768995242841145,0.09144430630760221,-28.56534265851949,6.344808250341961,5.392921027708313,1,1.2756523852949613,5,MNQ_v5
2026-03-26 02:02:00+01:00,2026-03-26 03:47:00+01:00,Short,Canal Exit,272.52,2.0,winner,24356.5,24288.0,53.5,22.0,113.5,0.411214953271028,2.121495327102804,15,3,3,0.0851928643277975,0.19194054975057992,45.77221179642848,-4.9273436236390316,-1.4700505758001714,1,17.62026112742751,4,MNQ_v5
2026-03-26 04:15:00+01:00,2026-03-26 04:50:00+01:00,Long,Canal Exit,104.76,1.0,winner,24323.5,24376.25,80.5,0.0,97.75,0.0,1.2142857142857142,5,1,5,0.03289000349456287,0.14183814007030238,-40.55477906507477,9.18627453868669,-4.170045752551544,0,16.058976643325877,5,MNQ_v5
2026-03-26 05:18:00+01:00,2026-03-26 06:49:00+01:00,Short,Canal Exit,191.76,1.0,winner,24356.75,24260.5,64.5,12.75,106.25,0.19767441860465115,1.6472868217054264,13,1,6,0.030792285506071215,0.0482412472928449,44.78571908636661,-13.68181117637349,-0.6110482829377608,1,21.55205129389651,8,MNQ_v5
2026-03-26 09:16:00+01:00,2026-03-26 09:51:00+01:00,Short,Canal Exit,21.76,1.0,winner,24208.25,24197.0,89.75,12.25,53.25,0.13649025069637882,0.5933147632311978,5,1,10,0.026850350603616534,0.2788305639606332,19.08030991430607,-0.43494415620763754,-18.99064447018303,1,0.8762237175833434,5,MNQ_v5
2026-03-26 12:04:00+01:00,2026-03-26 14:45:00+01:00,Short,Stop Loss,-222.96,4.0,loser,24175.0,24202.5,27.5,43.0,109.0,1.5636363636363637,3.963636363636364,23,2,13,0.0031023784901758012,0.014477766287487074,38.314075142047585,-5.414529630374218,-6.11684860411368,1,11.264350180426845,8,MNQ_v5
2026-03-26 20:28:00+01:00,2026-03-26 20:56:00+01:00,Short,Auto-Close (profit),69.76,1.0,winner,23822.0,23786.75,68.0,16.5,47.0,0.2426470588235294,0.6911764705882353,4,0,21,0.033582402820921835,0.10284610863907312,3.662129426603789,-33.162955133910714,-24.688280156557457,1,7.914816116375732,2,MNQ_v5
2026-03-27 02:16:00+01:00,2026-03-27 03:40:00+01:00,Long,Canal Exit,72.52,2.0,winner,23852.25,23870.75,47.0,7.5,34.25,0.1595744680851064,0.7287234042553191,12,0,3,0.01362554895240491,0.06917586391220955,-41.505613140970965,7.868079167172799,2.65494914026898,0,14.643461161773303,4,MNQ_v5
2026-03-27 04:36:00+01:00,2026-03-27 05:11:00+01:00,Long,Canal Exit,0.52,2.0,winner,23889.0,23889.5,49.75,11.5,9.0,0.23115577889447236,0.18090452261306533,5,0,5,0.08058102055339278,0.16116204110678556,-21.545359782212394,2.5823239649094725,-4.392626478434131,0,6.489820561349916,5,MNQ_v5
2026-03-27 16:09:00+01:00,2026-03-27 16:16:00+01:00,Long,Canal Exit,-30.48,2.0,loser,23486.25,23479.0,47.5,28.0,81.5,0.5894736842105263,1.7157894736842105,1,2,17,0.15860343818191494,0.21289052104955025,-16.700267940893028,3.9538075161130477,-11.431555198442611,1,7.014094267287874,1,MNQ_v5
2026-03-27 17:12:00+01:00,2026-03-27 18:57:00+01:00,Short,Canal Exit,286.76,1.0,winner,23499.0,23355.25,112.0,29.25,153.25,0.2611607142857143,1.3683035714285714,15,3,18,0.019149751053236307,0.21277501170262567,22.813947546575605,-13.383115177571634,-8.335363741241494,1,20.965578799186915,4,MNQ_v5
2026-03-27 20:42:00+01:00,2026-03-27 20:56:00+01:00,Short,Auto-Close (loss),-16.74,1.0,loser,23300.75,23308.75,96.0,50.5,31.75,0.5260416666666666,0.3307291666666667,2,1,21,0.027896097765093397,0.20492902588972456,-16.525952528716694,-17.270848277444426,-18.6932288810605,1,5.144928483139665,1,MNQ_v5
2026-03-30 02:20:00+02:00,2026-03-30 02:41:00+02:00,Long,Canal Exit,-167.24,1.0,loser,23249.0,23165.75,155.25,102.0,14.0,0.6570048309178744,0.09017713365539452,3,0,2,0.051615123231106716,0.5193771775130114,-28.982456283862096,12.602476082716631,-7.594883725373066,1,3.885061776396469,3,MNQ_v5
2026-03-30 18:12:00+02:00,2026-03-30 18:40:00+02:00,Short,Canal Exit,6.26,1.0,winner,23302.5,23299.0,135.25,19.25,36.0,0.1423290203327172,0.266173752310536,4,0,18,0.1287415513356936,0.1501984765583092,22.893903838866116,-12.64520079884967,-6.254849350847226,1,19.7672227813091,4,MNQ_v5
2026-03-31 10:30:00+02:00,2026-03-31 12:15:00+02:00,Short,Canal Exit,61.26,1.0,winner,23328.75,23297.75,62.5,22.75,35.5,0.364,0.568,15,1,10,0.004286556287842255,0.05143867545410706,44.000487431341696,-6.978476580868852,-4.984883294691306,1,21.589310331168235,4,MNQ_v5
2026-03-31 13:11:00+02:00,2026-03-31 13:46:00+02:00,Long,Canal Exit,-42.24,1.0,loser,23368.5,23347.75,130.5,42.5,14.0,0.32567049808429116,0.10727969348659004,5,2,13,0.3423411857842823,0.3797847529794381,-40.33363580470704,1.7590657489325554,-7.775047997580053,0,10.484290466505627,5,MNQ_v5
2026-03-31 17:37:00+02:00,2026-03-31 20:11:00+02:00,Long,Canal Exit,700.26,1.0,winner,23482.25,23832.75,104.75,46.25,395.0,0.441527446300716,3.7708830548926016,22,0,17,0.13733777640558292,0.23209019578617893,-27.438887018944193,18.941661991439464,9.454365753244568,0,20.653135330197983,1,MNQ_v5
2026-04-01 10:44:00+02:00,2026-04-01 10:51:00+02:00,Long,Stop Loss,-236.48,2.0,loser,24092.0,24033.25,58.75,65.75,10.5,1.1191489361702127,0.17872340425531916,1,2,10,0.020753777187448114,0.021791466046820522,-36.84269743956638,5.49364397963565,5.592785517004904,0,24.40282270595344,2,MNQ_v5
2026-04-01 15:38:00+02:00,2026-04-01 16:34:00+02:00,Long,Canal Exit,182.76,1.0,winner,24096.5,24188.25,60.25,36.5,147.75,0.6058091286307054,2.4522821576763487,8,2,15,0.33096092793559234,0.7169090946818003,-45.54190546524855,2.769879363543006,8.264799191231353,0,6.050591581544722,8,MNQ_v5
2026-04-02 12:57:00+02:00,2026-04-02 13:04:00+02:00,Long,Stop Loss,-221.22,3.0,loser,23810.0,23773.5,36.5,41.25,0.75,1.13013698630137,0.02054794520547945,1,3,12,0.016799664006719867,0.03884922301553969,-40.41397530465403,14.423772840414765,1.3772810846546264,0,1.5750601802574238,1,MNQ_v5
2026-04-02 15:38:00+02:00,2026-04-02 15:52:00+02:00,Short,Stop Loss,-217.24,1.0,loser,23710.75,23819.0,108.25,153.0,15.75,1.4133949191685913,0.14549653579676675,2,0,15,0.14866674398743185,0.3489978174456734,-1.7886874412553868,-2.7722409821466614,-5.671119879319792,1,13.528108149454056,1,MNQ_v5
2026-04-02 18:47:00+02:00,2026-04-02 21:56:00+02:00,Long,Auto-Close (profit),135.26,1.0,winner,24153.0,24221.0,95.25,89.5,72.75,0.9396325459317585,0.7637795275590551,27,0,18,0.004140272429925889,0.21529416635614626,-31.605210793571928,6.5264476918770065,24.61859918755323,0,41.550609451311175,6,MNQ_v5
2026-04-03 00:35:00+02:00,2026-04-03 07:00:00+02:00,Long,Canal Exit,-45.24,1.0,loser,24206.75,24184.5,69.25,55.75,48.75,0.8050541516245487,0.703971119133574,55,0,0,0.02478647484689188,0.027884784202753362,-19.993306376291827,1.387433520890659,9.328570416434303,0,15.261575045478821,3,MNQ_v5
2026-04-03 09:34:00+02:00,2026-04-03 10:44:00+02:00,Long,Canal Exit,-12.719999999999999,3.0,loser,24157.75,24156.0,37.5,15.5,9.75,0.41333333333333333,0.26,10,1,9,0.01241837505562397,0.04139458351874657,-38.64597792994074,11.868267213600118,-4.435928816290935,0,6.077430822624592,4,MNQ_v5
2026-04-06 00:49:00+02:00,2026-04-06 02:27:00+02:00,Long,Canal Exit,188.26,1.0,winner,24085.5,24180.0,104.5,45.5,119.5,0.4354066985645933,1.1435406698564594,14,2,0,0.14012580183097714,0.2449606609785971,-37.32838038361942,12.468975917519776,-3.307137526248997,0,16.441610569578188,2,MNQ_v5
2026-04-06 05:50:00+02:00,2026-04-06 10:23:00+02:00,Long,Canal Exit,276.76,1.0,winner,24211.25,24350.0,82.5,3.75,149.5,0.045454545454545456,1.812121212121212,39,1,5,0.02065155661107956,0.0846713821054262,-42.941193628574844,11.32949295383969,10.877347634336846,0,30.775470461558143,5,MNQ_v5
2026-04-06 16:27:00+02:00,2026-04-06 17:44:00+02:00,Short,Canal Exit,64.26,1.0,winner,24354.5,24322.0,98.5,29.25,102.0,0.2969543147208122,1.0355329949238579,11,1,16,0.05337822578989509,0.05953725184257529,19.628458582204757,-1.3864229262637384,7.485307018262519,1,15.54368928563781,5,MNQ_v5
2026-04-06 18:05:00+02:00,2026-04-06 18:54:00+02:00,Long,Canal Exit,-5.48,2.0,loser,24296.0,24295.0,43.5,15.25,51.0,0.3505747126436782,1.1724137931034482,7,2,18,0.008231807704972012,0.08849193282844912,-17.712309123150774,12.975021404142012,-0.6382513738346144,0,2.543657109279593,7,MNQ_v5
2026-04-06 19:15:00+02:00,2026-04-06 19:22:00+02:00,Short,Canal Exit,-117.24,1.0,loser,24249.25,24307.5,95.0,64.25,5.0,0.6763157894736842,0.05263157894736842,1,2,19,0.09278637483633514,0.2835139231110241,20.65034702830618,-30.205963021721963,-1.0640102025026457,0,8.329115100365016,1,MNQ_v5
2026-04-07 00:07:00+02:00,2026-04-07 00:21:00+02:00,Long,Stop Loss,-230.96,4.0,loser,24367.25,24338.75,28.5,65.75,11.5,2.307017543859649,0.40350877192982454,2,0,0,0.05437626322215268,0.20724538058254421,-6.752519383200636,18.245433615325314,10.197613881605635,1,0.02968628369126236,2,MNQ_v5
2026-04-07 09:55:00+02:00,2026-04-07 10:37:00+02:00,Long,Canal Exit,148.26,1.0,winner,24283.5,24358.0,79.0,21.0,99.5,0.26582278481012656,1.259493670886076,6,0,9,0.23472728395824327,0.29649762184199147,-5.334171424871572,12.77290192767135,5.496592231648601,1,1.1748821774453972,6,MNQ_v5
2026-04-07 15:45:00+02:00,2026-04-07 16:20:00+02:00,Short,Canal Exit,95.26,1.0,winner,24160.0,24112.0,143.25,50.0,166.0,0.34904013961605584,1.1588132635253054,5,0,15,0.15314569536423842,0.3538907284768212,7.4772001420781535,-11.968143417504187,-13.001709188105423,1,8.787713245299528,5,MNQ_v5
2026-04-07 16:48:00+02:00,2026-04-07 16:55:00+02:00,Long,Stop Loss,-141.74,1.0,loser,24064.5,23994.0,70.5,82.5,0.0,1.1702127659574468,0.0,1,1,16,0.07376010305636935,0.07895447651104323,-41.67199018098782,3.3263694913609583,-10.183220847965215,0,23.82267223673989,1,MNQ_v5
2026-04-07 21:28:00+02:00,2026-04-07 21:56:00+02:00,Long,Auto-Close (profit),314.76,1.0,winner,24212.25,24370.0,135.75,20.5,168.5,0.15101289134438306,1.2412523020257826,4,2,21,0.014455492570909353,0.19205154415636713,-43.99544993964015,11.179631723609685,2.7002553238821045,0,5.350156081425666,7,MNQ_v5
2026-04-08 03:09:00+02:00,2026-04-08 11:26:00+02:00,Long,Canal Exit,250.26,1.0,winner,25088.25,25213.75,81.5,41.5,157.0,0.50920245398773,1.9263803680981595,71,1,3,0.017936683507219515,0.0627783922752683,-5.349156987817665,28.333700100636985,27.461169753787317,0,39.53354722792574,1,MNQ_v5
2026-04-08 15:38:00+02:00,2026-04-08 15:59:00+02:00,Short,Canal Exit,7.76,1.0,winner,25099.0,25094.75,152.75,62.25,43.75,0.4075286415711948,0.2864157119476268,3,0,15,0.2141519582453484,0.3426431331925575,24.013836244198934,-26.169763641056445,-0.9642042292950218,0,6.165957779507153,3,MNQ_v5
2026-04-08 22:59:00+02:00,2026-04-09 02:48:00+02:00,Short,Canal Exit,112.52,2.0,winner,25038.75,25010.25,56.5,27.5,38.75,0.48672566371681414,0.6858407079646017,25,2,22,0.014976785981728321,0.019969047975637762,40.01962695083587,-35.60638991676823,-8.278886104048574,1,0.5804402989306254,1,MNQ_v5
2026-04-09 03:09:00+02:00,2026-04-09 03:58:00+02:00,Short,Stop Loss,-230.96,4.0,loser,25001.5,25030.0,28.5,30.0,20.75,1.0526315789473684,0.7280701754385965,7,1,3,0.00999940003599784,0.06799592024478532,5.342934473898735,-23.167566784728713,-5.901479462148204,0,0.4287692181605962,3,MNQ_v5
2026-04-09 06:53:00+02:00,2026-04-09 07:07:00+02:00,Long,Stop Loss,-243.84,16.0,loser,25013.75,25006.5,7.25,9.5,6.25,1.3103448275862069,0.8620689655172413,2,2,6,0.03598021088401379,0.06596371995402528,-23.011348432938973,3.5381066745818552,-0.4172286355826133,0,0.5659319409533055,1,MNQ_v5
2026-04-09 13:46:00+02:00,2026-04-09 14:14:00+02:00,Long,Canal Exit,47.52,2.0,winner,25027.5,25039.75,51.25,5.25,23.75,0.1024390243902439,0.4634146341463415,4,0,13,0.013984616921386474,0.10688242932773949,-35.016579598039904,12.997379348676128,0.4430255854571316,0,3.9737108535628067,4,MNQ_v5
2026-04-09 15:38:00+02:00,2026-04-09 15:52:00+02:00,Long,Stop Loss,-163.24,1.0,loser,25100.25,25019.0,81.25,85.25,9.5,1.0492307692307692,0.11692307692307692,2,0,15,0.20019720919114353,0.3027858288264061,-16.728842438263346,11.238007435385462,5.9431341841575644,1,3.7068862775995512,1,MNQ_v5
2026-04-10 16:27:00+02:00,2026-04-10 16:48:00+02:00,Long,Canal Exit,-80.74,1.0,loser,25361.25,25321.25,92.5,55.25,5.75,0.5972972972972973,0.062162162162162166,3,0,16,0.057173838040317414,0.10153285031297749,-9.808676290530954,9.416179943148522,13.192830164875632,0,5.957307453587418,3,MNQ_v5
2026-04-10 20:53:00+02:00,2026-04-10 21:07:00+02:00,Short,Stop Loss,-216.2,5.0,loser,25260.75,25282.0,21.25,28.0,1.75,1.3176470588235294,0.08235294117647059,2,0,20,0.02969032985956474,0.05542194907118751,27.48803195485347,-11.14393735177149,-12.206398659223838,1,4.253500160499243,1,MNQ_v5
2026-04-13 09:27:00+02:00,2026-04-13 09:55:00+02:00,Short,Canal Exit,-98.7,5.0,loser,25105.5,25115.0,22.5,22.25,12.5,0.9888888888888889,0.5555555555555556,4,3,9,0.057756268546732784,0.1702814124395053,14.80993245065881,-0.8861881452003496,3.8933432622210793,0,0.6750344655229128,4,MNQ_v5
2026-04-13 10:16:00+02:00,2026-04-13 10:37:00+02:00,Long,Stop Loss,-200.96,4.0,loser,25117.75,25093.0,24.75,28.75,6.25,1.1616161616161615,0.25252525252525254,3,0,10,0.041803107364314085,0.04578435568472494,-11.61675918725723,3.4624635963399797,1.1381805749063503,0,4.95626991946483,2,MNQ_v5
2026-04-13 18:19:00+02:00,2026-04-13 21:56:00+02:00,Long,Auto-Close (profit),342.26,1.0,winner,25366.5,25538.0,92.25,21.5,183.75,0.23306233062330622,1.991869918699187,31,0,18,0.13699170165375593,0.17444267045118564,-21.64367869510806,4.363050663514039,16.552032797462125,0,14.816450678321416,4,MNQ_v5
2026-04-14 01:03:00+02:00,2026-04-14 01:59:00+02:00,Long,Stop Loss,-192.48,2.0,loser,25613.0,25565.25,47.75,53.5,5.75,1.1204188481675392,0.12041884816753927,8,0,1,0.08979814937726936,0.11712802092687306,4.55951547544997,18.99941554618861,27.841611366852394,0,12.450137879946851,3,MNQ_v5
2026-04-14 07:35:00+02:00,2026-04-14 08:03:00+02:00,Short,Canal Exit,63.8,5.0,winner,25576.0,25569.25,23.0,6.5,9.0,0.2826086956521739,0.391304347826087,4,2,7,0.00781983109164842,0.05082890209571474,27.168760215654785,-13.866148488276751,1.8362559812640253,0,0.6662868796556722,4,MNQ_v5
2026-04-14 14:56:00+02:00,2026-04-14 15:17:00+02:00,Short,Canal Exit,-24.48,2.0,loser,25668.0,25673.75,48.25,14.75,2.75,0.30569948186528495,0.05699481865284974,3,1,14,0.009739753779024465,0.03214118747078074,12.800720453756256,-13.749634129324036,4.956609266861176,1,0.4976416709178011,3,MNQ_v5
2026-04-14 15:38:00+02:00,2026-04-14 15:59:00+02:00,Long,Canal Exit,-36.24,1.0,loser,25748.75,25731.0,109.25,38.25,15.0,0.3501144164759725,0.13729977116704806,3,1,15,0.011651051021894267,0.23302102043788533,-20.01866369741874,25.72994053542694,6.0117184453950445,1,2.9007316138158785,3,MNQ_v5
2026-04-14 19:36:00+02:00,2026-04-14 20:18:00+02:00,Long,Stop Loss,-220.48,2.0,loser,25966.0,25911.25,54.75,63.0,3.25,1.1506849315068493,0.0593607305936073,6,0,19,0.051028267734730036,0.0828005853808827,6.687604425295909,33.479938252859654,24.609120836697663,0,6.632752058205369,2,MNQ_v5
2026-04-15 06:46:00+02:00,2026-04-15 07:00:00+02:00,Short,Stop Loss,-232.4,10.0,loser,26014.75,26026.0,11.25,43.5,4.75,3.8666666666666667,0.4222222222222222,2,0,6,0.017297879087825176,0.02018085893579604,46.89286347539574,-6.728510619591658,-1.5460695753081148,1,2.6531910210178467,9,MNQ_v5
2026-04-15 19:22:00+02:00,2026-04-15 21:28:00+02:00,Long,Canal Exit,310.26,1.0,winner,26194.0,26349.5,91.0,21.25,165.75,0.23351648351648352,1.8214285714285714,18,2,19,0.08303428266015118,0.086851950828434,-40.07627472730594,8.6377234700143,15.644967119117114,0,27.405575261487684,4,MNQ_v5
2026-04-16 00:00:00+02:00,2026-04-16 08:17:00+02:00,Long,Canal Exit,1327.56,6.0,winner,26362.0,26473.0,19.25,2.75,122.75,0.14285714285714285,6.376623376623376,71,0,0,0.06353842652302556,0.07681511266216524,-2.895128393631218,19.613601022761216,34.80004268625984,0,11.920498750419938,4,MNQ_v5
2026-04-16 14:56:00+02:00,2026-04-16 15:24:00+02:00,Short,Stop Loss,-227.4,10.0,loser,26423.0,26434.0,11.0,30.5,36.25,2.772727272727273,3.2954545454545454,4,2,14,0.06339174204291716,0.06623017825379404,-3.648925191849095,-3.10836265610695,-4.556787466646768,1,1.731386008526897,9,MNQ_v5
2026-04-16 16:41:00+02:00,2026-04-16 17:23:00+02:00,Long,Canal Exit,98.26,1.0,winner,26408.25,26457.75,132.5,41.75,96.25,0.3150943396226415,0.7264150943396226,6,2,16,0.15430783940624615,0.17702801207955846,-30.20737029322747,20.47682405558118,-7.336085945224598,1,0.09445672971924068,6,MNQ_v5
2026-04-16 19:43:00+02:00,2026-04-16 20:04:00+02:00,Long,Stop Loss,-149.74,1.0,loser,26505.5,26431.0,74.5,97.25,0.25,1.3053691275167785,0.003355704697986577,3,0,19,0.019807209824376074,0.1471392729810794,-27.784179436345433,12.686988202396625,9.491010387597148,0,21.464306530702743,2,MNQ_v5
2026-04-17 02:27:00+02:00,2026-04-17 02:55:00+02:00,Long,Canal Exit,-62.22,3.0,loser,26493.5,26483.5,37.75,11.25,2.25,0.2980132450331126,0.059602649006622516,4,1,2,0.006605393775831807,0.05378677788891616,-9.935170282843874,10.043170559421783,2.378865682102095,0,2.376189852206153,4,MNQ_v5
2026-04-17 03:23:00+02:00,2026-04-17 03:44:00+02:00,Short,Canal Exit,-125.92,8.0,loser,26483.25,26490.75,14.5,14.0,0.0,0.9655172413793104,0.0,3,0,3,0.0066079503082136825,0.02359982252933458,33.62846014158805,-3.8746961938721456,-0.3415222335534856,1,2.055036623511114,3,MNQ_v5
2026-04-17 07:00:00+02:00,2026-04-17 07:35:00+02:00,Short,Canal Exit,-72.96,4.0,loser,26453.5,26462.25,28.25,11.5,10.0,0.40707964601769914,0.35398230088495575,5,0,7,0.036857126656208064,0.05953843536772072,41.380192655657396,-15.032244287924383,-10.016511319189354,1,3.8384509259994957,3,MNQ_v5
2026-04-17 13:11:00+02:00,2026-04-17 14:14:00+02:00,Long,Canal Exit,290.28,3.0,winner,26538.25,26587.0,34.25,3.75,56.75,0.10948905109489052,1.6569343065693432,9,0,13,0.020724802878863524,0.032029240812789087,-23.462573608755612,17.108303398436203,19.216207954625865,0,7.197456287089153,5,MNQ_v5
2026-04-17 18:19:00+02:00,2026-04-17 19:15:00+02:00,Long,Stop Loss,-237.48,2.0,loser,26851.0,26792.0,59.0,71.5,32.0,1.2118644067796611,0.5423728813559322,8,2,18,0.03910468883840453,0.08658895385646717,-6.116967026549382,5.5358433864148235,10.169845822836939,0,18.83968955326418,5,MNQ_v5
2026-04-20 00:49:00+02:00,2026-04-20 03:23:00+02:00,Long,Canal Exit,38.76,1.0,winner,26668.75,26688.5,134.0,52.75,31.75,0.39365671641791045,0.23694029850746268,22,1,0,0.07124443402859151,0.09936723693461447,-26.486247964857693,7.597405058015837,0.4223025795950284,0,62.5080821948286,4,MNQ_v5
2026-04-20 06:53:00+02:00,2026-04-20 07:21:00+02:00,Long,Stop Loss,-211.2,5.0,loser,26675.75,26655.0,20.75,28.5,3.25,1.3734939759036144,0.1566265060240964,4,1,6,0.014994892364788244,0.039361592457569136,-23.7673001556901,6.054624226648423,6.487969264529013,0,2.804140808984812,3,MNQ_v5
2026-04-20 09:41:00+02:00,2026-04-20 11:05:00+02:00,Short,Canal Exit,-71.74,1.0,loser,26659.25,26694.75,62.25,60.5,40.5,0.9718875502008032,0.6506024096385542,12,2,9,0.05063908399523618,0.05907893132777554,23.61102671808437,-7.776095096072727,1.9953605815035473,1,8.322840757318772,4,MNQ_v5
2026-04-20 13:39:00+02:00,2026-04-20 15:03:00+02:00,Long,Canal Exit,338.28,3.0,winner,26713.0,26769.75,32.75,12.5,90.0,0.3816793893129771,2.7480916030534353,12,1,13,0.06551117433459365,0.09171564406843111,-35.758580108284576,4.536893504236776,5.8505283466526965,0,5.305725722028001,6,MNQ_v5
2026-04-20 15:52:00+02:00,2026-04-20 17:09:00+02:00,Short,Canal Exit,1044.78,3.0,winner,26787.25,26612.75,38.75,3.5,218.25,0.09032258064516129,5.632258064516129,11,3,15,0.14932477204640268,0.15865757029930283,34.3294681684187,-4.019919603790923,8.52868304022562,1,3.018132440629415,4,MNQ_v5
2026-04-21 02:06:00+02:00,2026-04-21 07:14:00+02:00,Long,Canal Exit,49.26,1.0,winner,26815.0,26840.0,63.5,30.75,28.5,0.484251968503937,0.44881889763779526,44,2,2,0.013052396046988626,0.06712660824165578,-18.10151910215027,5.150792888571961,7.389472762138012,0,7.30129423206381,3,MNQ_v5
2026-04-21 07:49:00+02:00,2026-04-21 08:03:00+02:00,Short,Stop Loss,-232.44,6.0,loser,26824.5,26843.5,19.0,29.25,1.75,1.5394736842105263,0.09210526315789473,2,3,7,0.008387854386847844,0.04659919103804358,28.88459843263019,-10.907917707566211,5.841057725976079,0,1.6271263566886773,2,MNQ_v5
2026-04-21 16:55:00+02:00,2026-04-21 17:09:00+02:00,Short,Canal Exit,-115.74,1.0,loser,26702.5,26760.0,182.5,69.5,40.25,0.38082191780821917,0.22054794520547946,2,0,16,0.3436007864432169,0.3454732702930437,35.54215167329498,-28.777751157288108,3.9735760238835716,1,6.934711459900427,2,MNQ_v5
2026-04-21 19:01:00+02:00,2026-04-21 19:29:00+02:00,Short,Canal Exit,0.76,1.0,winner,26657.25,26656.5,103.75,27.0,57.25,0.26024096385542167,0.5518072289156627,4,0,19,0.10691275356610302,0.15567997449099213,2.0385358521518837,-27.580190812046695,-7.810031911692687,0,3.234132571335067,4,MNQ_v5
2026-04-21 20:25:00+02:00,2026-04-21 21:07:00+02:00,Short,Stop Loss,-159.24,1.0,loser,26686.5,26765.75,79.25,86.0,21.5,1.085173501577287,0.27129337539432175,6,0,20,0.026230491072265,0.08805950574260393,20.33201633499988,-5.230935385936716,-14.179494090327191,1,28.023886752205726,4,MNQ_v5
2026-04-22 03:51:00+02:00,2026-04-22 06:25:00+02:00,Long,Stop Loss,-218.96,4.0,loser,26820.25,26793.25,27.0,28.75,13.5,1.0648148148148149,0.5,22,0,3,0.012117709566465637,0.04008165471984788,-7.755658929860493,24.599829817004668,19.29458894817727,0,4.842725857648475,3,MNQ_v5
2026-04-22 12:57:00+02:00,2026-04-22 14:28:00+02:00,Long,Canal Exit,319.04,4.0,winner,26830.0,26870.25,25.0,24.0,70.5,0.96,2.82,13,0,12,0.003727171077152441,0.009317927692881103,7.176590341201727,5.934602214299818,4.234880980063643,0,5.121330506561208,13,MNQ_v5
2026-04-22 14:56:00+02:00,2026-04-22 15:45:00+02:00,Short,Canal Exit,-20.74,1.0,loser,26820.75,26830.75,79.75,71.75,13.0,0.8996865203761756,0.16300940438871472,7,2,14,0.046605706402691946,0.06990855960403791,41.36325703848058,-36.21676218985596,4.43592852590514,0,1.4223332265391946,2,MNQ_v5
2026-04-22 19:08:00+02:00,2026-04-22 21:56:00+02:00,Long,Auto-Close (profit),248.52,2.0,winner,27017.25,27079.75,59.25,39.5,75.75,0.6666666666666666,1.2784810126582278,24,2,19,0.09345880872405593,0.15545623629347916,-5.374480284588833,8.305162147827586,15.6020960466641,0,8.726745849431609,5,MNQ_v5
2026-04-23 15:45:00+02:00,2026-04-23 16:27:00+02:00,Long,Canal Exit,-47.24,1.0,loser,27067.25,27044.0,110.25,101.25,13.5,0.9183673469387755,0.12244897959183673,6,0,15,0.037868641993553095,0.17918333040851953,-14.832762702129505,23.245960442465567,9.922147268519693,0,6.602238236053381,1,MNQ_v5
2026-04-23 18:05:00+02:00,2026-04-23 18:19:00+02:00,Short,Canal Exit,-94.74,1.0,loser,27055.0,27102.0,101.0,50.75,1.25,0.5024752475247525,0.012376237623762377,2,3,18,0.031417482905193125,0.15893550175568286,42.36955470278765,-38.78143655415727,9.839726372873045,0,14.205817809779546,2,MNQ_v5
2026-04-23 18:40:00+02:00,2026-04-23 19:01:00+02:00,Long,Stop Loss,-128.74,1.0,loser,27102.5,27038.5,64.0,83.25,5.75,1.30078125,0.08984375,3,0,18,0.010146665436767826,0.018448482612305136,-35.02011706345805,17.374129108311227,6.563022938493555,0,20.393286688966327,2,MNQ_v5
2026-04-24 03:51:00+02:00,2026-04-24 04:05:00+02:00,Long,Stop Loss,-216.2,5.0,loser,27120.75,27099.5,21.25,26.0,3.25,1.223529411764706,0.15294117647058825,2,1,3,0.004609017081017302,0.039637546896748796,-12.390952368136663,0.0773373828654336,17.61562294124251,0,12.65459171875409,2,MNQ_v5
2026-04-24 19:57:00+02:00,2026-04-24 21:56:00+02:00,Long,Auto-Close (profit),10.76,1.0,winner,27427.75,27433.5,60.75,44.0,26.5,0.7242798353909465,0.43621399176954734,17,0,19,0.016406741347722652,0.07747627858646809,-7.710187233742294,22.417987712784086,21.328055861353175,0,11.423930530094367,1,MNQ_v5
2026-04-27 05:43:00+02:00,2026-04-27 05:57:00+02:00,Long,Stop Loss,-233.92,8.0,loser,27527.25,27513.0,14.25,20.0,4.0,1.4035087719298245,0.2807017543859649,2,0,5,0.008173718769582868,0.019072010462360026,-14.485053765158003,7.935764975540896,26.760957399696277,0,7.2504914889868814,2,MNQ_v5
2026-04-27 21:35:00+02:00,2026-04-27 21:56:00+02:00,Long,Auto-Close (profit),140.28,3.0,winner,27421.0,27444.75,31.25,4.0,31.25,0.128,1.0,3,0,21,0.03190985011487546,0.05470260019692936,-35.50382969985142,27.88705210108938,9.952506687882485,0,2.986029239349591,3,MNQ_v5
2026-04-28 01:03:00+02:00,2026-04-28 01:31:00+02:00,Short,Stop Loss,-211.2,5.0,loser,27478.25,27499.0,20.75,21.75,2.5,1.0481927710843373,0.12048192771084337,4,1,1,0.02547469362131868,0.03184336702664835,41.02049508413579,-2.478986133042386,-1.4164628851401733,1,9.586790846231452,2,MNQ_v5
2026-04-28 07:00:00+02:00,2026-04-28 08:31:00+02:00,Short,Canal Exit,296.28,3.0,winner,27403.25,27353.5,36.25,4.75,58.75,0.1310344827586207,1.6206896551724137,13,3,7,0.05382573234926514,0.09852845921560398,40.686989915262345,-3.2427565453202325,-7.229758531849108,1,3.9677842506716843,4,MNQ_v5
2026-04-29 03:37:00+02:00,2026-04-29 06:04:00+02:00,Long,Canal Exit,64.26,1.0,winner,27260.75,27293.25,69.25,20.75,36.5,0.2996389891696751,0.5270758122743683,21,1,3,0.03851691534532249,0.11921902368790292,-31.599741761391925,2.131880913200793,4.811321654344867,0,24.53416661173833,7,MNQ_v5
2026-04-29 07:07:00+02:00,2026-04-29 07:28:00+02:00,Short,Canal Exit,-44.96,4.0,loser,27286.0,27291.25,26.5,13.75,13.0,0.5188679245283019,0.49056603773584906,3,2,7,0.024737960859048592,0.04214615553763835,33.96844966658084,-11.740554885646896,6.538041249803336,0,0.4676536528568249,3,MNQ_v5
2026-04-29 07:49:00+02:00,2026-04-29 08:45:00+02:00,Long,Stop Loss,-210.72,3.0,loser,27307.75,27273.0,34.75,42.5,10.5,1.223021582733813,0.302158273381295,8,2,7,0.011901383306936675,0.03936611401525208,-26.995997193631545,24.405334206643104,-0.13539118064569472,0,4.850760534092842,3,MNQ_v5
2026-04-29 17:16:00+02:00,2026-04-29 18:47:00+02:00,Short,Canal Exit,249.52,2.0,winner,27263.25,27200.5,48.75,35.25,110.25,0.7230769230769231,2.2615384615384615,13,2,17,0.08436264935398384,0.18339706381300835,38.63537999641329,-2.072862928698236,1.85631923776434,1,18.798656829472748,2,MNQ_v5
2026-04-29 19:08:00+02:00,2026-04-29 21:28:00+02:00,Long,Canal Exit,298.52,2.0,winner,27204.75,27279.75,51.75,46.75,133.5,0.9033816425120773,2.579710144927536,20,2,19,0.011027486008877126,0.024811843519973533,-27.72273243519485,3.035558801497746,-0.739195484649659,0,13.637557052687043,7,MNQ_v5
2026-04-29 21:49:00+02:00,2026-04-29 21:56:00+02:00,Short,Auto-Close (loss),-194.22,3.0,loser,27302.75,27334.75,35.5,67.25,14.25,1.8943661971830985,0.4014084507042254,1,3,21,0.08881889186986659,0.0961441613024329,37.951273724457344,-6.72638010382285,1.0147743117222083,1,13.318691850887262,1,MNQ_v5
2026-04-30 00:07:00+02:00,2026-04-30 00:42:00+02:00,Long,Canal Exit,146.76,1.0,winner,27416.75,27490.5,268.25,0.0,83.25,0.0,0.3103448275862069,5,1,0,0.29908723681690935,0.7778091859903161,-8.100249510241422,8.637798383011773,10.022813193335521,0,15.903968982980587,5,MNQ_v5
2026-04-30 13:18:00+02:00,2026-04-30 13:46:00+02:00,Long,Canal Exit,3.26,1.0,winner,27440.75,27442.75,84.5,5.5,53.5,0.0650887573964497,0.6331360946745562,4,1,13,0.05284112132503667,0.10203802738627771,-11.832838595501883,10.38582685312176,4.5777937570097205,0,1.921390540919674,4,MNQ_v5
2026-05-01 04:19:00+02:00,2026-05-01 04:54:00+02:00,Short,Canal Exit,12.32,7.0,winner,27640.25,27639.0,16.75,4.75,16.0,0.2835820895522388,0.9552238805970149,5,1,4,0.021707473702300088,0.03437016669530847,31.913817796527795,-5.362731517349906,6.534141269231897,0,0.410651007987326,5,MNQ_v5
2026-05-01 05:15:00+02:00,2026-05-01 05:57:00+02:00,Long,Stop Loss,-222.96,4.0,loser,27651.75,27624.25,27.5,30.25,22.0,1.1,0.8,6,2,5,0.006328713372571356,0.011753324834775375,-38.82863349421672,25.278838719619834,12.501708610824881,0,4.462409856096201,3,MNQ_v5
2026-05-04 01:03:00+02:00,2026-05-04 02:20:00+02:00,Short,Canal Exit,114.78,3.0,winner,27843.25,27823.75,36.5,23.75,42.5,0.6506849315068494,1.1643835616438356,11,0,1,0.009876720569617413,0.026936510644411122,17.75606256266865,-17.05154009317566,-9.964355909374031,1,12.843888229159347,5,MNQ_v5
2026-05-04 06:11:00+02:00,2026-05-04 08:38:00+02:00,Long,Stop Loss,-125.74,1.0,loser,27944.0,27881.5,62.5,63.0,22.5,1.008,0.36,21,0,6,0.0277340395075866,0.053678786143716004,-8.76812117607622,12.68726826280024,9.374101054911588,0,6.740928586543305,4,MNQ_v5
2026-05-04 10:09:00+02:00,2026-05-04 10:23:00+02:00,Short,Canal Exit,-29.74,1.0,loser,27887.5,27902.0,68.75,27.5,18.0,0.4,0.26181818181818184,2,0,10,0.026893769610040343,0.13536530703720304,42.110674749492944,-23.617791307814237,-3.4389714859993075,1,0.750966208812315,2,MNQ_v5
2026-05-04 20:25:00+02:00,2026-05-04 21:56:00+02:00,Short,Auto-Close (loss),-81.48,2.0,loser,27759.75,27779.75,58.5,33.25,41.25,0.5683760683760684,0.7051282051282052,13,3,20,0.014409351669233333,0.07654968074280208,23.97259586102942,-3.748021598195338,-17.151447672626603,1,5.444816381990677,4,MNQ_v5
2026-05-05 00:14:00+02:00,2026-05-05 00:35:00+02:00,Long,Canal Exit,-15.719999999999999,3.0,loser,27775.0,27772.75,37.75,8.0,5.75,0.2119205298013245,0.152317880794702,3,1,0,0.010801080108010801,0.0351035103510351,-20.79644511912806,12.011788644240525,-5.856064557677638,1,3.6192429016009555,3,MNQ_v5
2026-05-05 00:56:00+02:00,2026-05-05 01:45:00+02:00,Short,Canal Exit,39.78,3.0,winner,27744.75,27737.75,36.0,18.75,17.25,0.5208333333333334,0.4791666666666667,7,2,0,0.018922498851134,0.04595464006703971,33.28252330351971,-17.36849784496322,-9.865854851074143,1,4.507520137718529,3,MNQ_v5
2026-05-05 15:31:00+02:00,2026-05-05 16:06:00+02:00,Long,Canal Exit,64.76,1.0,winner,28056.75,28089.5,157.0,23.75,55.25,0.15127388535031847,0.3519108280254777,5,0,15,0.1889028486906003,0.28870058007431365,-3.6546466974616107,10.133370676452428,18.46991446280266,0,2.7287549554748693,5,MNQ_v5
2026-05-06 03:09:00+02:00,2026-05-06 06:18:00+02:00,Long,Canal Exit,248.28,3.0,winner,28283.25,28325.0,35.0,20.75,51.25,0.5928571428571429,1.4642857142857142,27,3,3,0.04507968497255443,0.10695376238586442,-42.349443296584255,7.133410566929489,0.8919792953954564,0,22.44904672177654,3,MNQ_v5
2026-05-06 08:59:00+02:00,2026-05-06 11:05:00+02:00,Long,Canal Exit,358.52,2.0,winner,28347.5,28437.5,47.5,40.0,171.5,0.8421052631578947,3.610526315789474,18,0,8,0.04497751124437781,0.08466355057765235,-26.69716133024935,6.497049568290267,8.254482710383074,0,9.036898536520312,2,MNQ_v5
2026-05-07 04:19:00+02:00,2026-05-07 07:35:00+02:00,Short,Stop Loss,-167.48,2.0,loser,28675.75,28717.25,41.5,44.0,9.75,1.0602409638554218,0.23493975903614459,28,1,4,0.048821739623200786,0.10984891415220177,46.377566766951816,-10.404251707027422,-4.755197294365452,1,10.875308063194097,3,MNQ_v5
2026-05-07 15:59:00+02:00,2026-05-07 16:34:00+02:00,Long,Canal Exit,182.76,1.0,winner,28817.25,28909.0,109.25,2.25,98.0,0.020594965675057208,0.897025171624714,5,0,15,0.12579271096305164,0.31318047350111483,-6.792221570959666,6.652702699474234,-0.035579038114849686,1,1.269434142530372,5,MNQ_v5
2026-05-08 05:01:00+02:00,2026-05-08 08:45:00+02:00,Long,Canal Exit,473.28,3.0,winner,28748.25,28827.5,38.75,4.25,85.25,0.10967741935483871,2.2,32,0,5,0.0,0.03130625342412147,-33.57080346457255,11.534677790609829,19.405002529240694,0,12.761379802097508,2,MNQ_v5
2026-05-08 09:48:00+02:00,2026-05-08 10:58:00+02:00,Long,Canal Exit,483.8,5.0,winner,28825.0,28873.75,20.5,1.0,57.25,0.04878048780487805,2.792682926829268,10,1,9,0.008673026886383347,0.02168256721595837,-6.4961187630154065,2.2980921119830056,9.13267567376239,0,6.539777349309588,7,MNQ_v5
2026-05-08 15:10:00+02:00,2026-05-08 15:31:00+02:00,Short,Stop Loss,-206.74,1.0,loser,28873.75,28976.75,103.0,109.75,10.25,1.0655339805825244,0.09951456310679611,3,1,15,0.07619377462227803,0.16364344776830167,18.548496039468315,-2.5645217590564755,4.819713235240293,1,5.3222362998640165,3,MNQ_v5
2026-05-08 15:52:00+02:00,2026-05-08 16:13:00+02:00,Long,Canal Exit,88.76,1.0,winner,29069.5,29114.25,206.0,2.75,63.5,0.013349514563106795,0.308252427184466,3,2,15,0.07912072791069678,0.24768227867696382,-19.569272821181634,37.52667897121498,11.756380679010373,1,16.201075845354353,3,MNQ_v5
2026-05-11 02:55:00+02:00,2026-05-11 03:23:00+02:00,Short,Canal Exit,-101.74,1.0,loser,29267.25,29317.75,135.25,73.75,16.75,0.5452865064695009,0.12384473197781885,4,1,2,0.10164945459515329,0.3707215402882061,43.201458792604484,-2.827574604084416,12.956824199343524,1,6.841605198707839,4,MNQ_v5
2026-05-11 03:44:00+02:00,2026-05-11 04:47:00+02:00,Long,Canal Exit,17.76,1.0,winner,29341.5,29350.75,67.0,19.0,19.75,0.2835820895522388,0.2947761194029851,9,1,3,0.022152923333844554,0.06731080551437384,-30.606043111225354,19.614332835756375,5.722999628658971,0,17.608098624972627,3,MNQ_v5
2026-05-11 05:08:00+02:00,2026-05-11 05:29:00+02:00,Short,Canal Exit,-20.22,3.0,loser,29323.5,29326.5,37.75,24.75,8.25,0.6556291390728477,0.2185430463576159,3,1,5,0.005967909697000699,0.0358074581820042,4.512198728433289,-17.039668258421507,6.810649697759106,0,2.1149189334755647,3,MNQ_v5
2026-05-11 05:50:00+02:00,2026-05-11 05:57:00+02:00,Long,Stop Loss,-236.18,7.0,loser,29331.75,29315.25,16.5,21.75,0.25,1.3181818181818181,0.015151515151515152,1,3,5,0.01193246226358809,0.04772984905435236,-26.095808300163654,7.88791041775176,3.2997457338526095,0,3.645441100692551,1,MNQ_v5
2026-05-11 07:49:00+02:00,2026-05-11 08:17:00+02:00,Short,Canal Exit,-100.96,4.0,loser,29330.25,29342.5,24.0,18.25,10.25,0.7604166666666666,0.4270833333333333,4,1,7,0.023013782698749582,0.07756497131800785,38.24997577347579,-4.128163578587569,0.8758711259006395,1,0.8870954501617234,4,MNQ_v5
2026-05-11 13:18:00+02:00,2026-05-11 13:32:00+02:00,Long,Canal Exit,-0.74,1.0,loser,29362.5,29362.5,74.25,6.75,26.0,0.09090909090909091,0.3501683501683502,2,0,13,0.07833120476798637,0.10472541507024265,-31.73426676181179,37.64858102698498,-1.8112047501610473,1,3.0571641515998635,2,MNQ_v5
2026-05-11 19:29:00+02:00,2026-05-11 21:56:00+02:00,Long,Auto-Close (loss),-52.24,1.0,loser,29454.75,29429.0,87.0,84.0,22.25,0.9655172413793104,0.2557471264367816,21,0,19,0.07553959887624237,0.16975190758706152,-20.806244684293794,7.713036010671723,6.548851187904021,0,26.61534681572084,4,MNQ_v5
2026-05-12 01:17:00+02:00,2026-05-12 02:27:00+02:00,Short,Canal Exit,1317.36,11.0,winner,29446.0,29385.75,10.5,8.0,92.75,0.7619047619047619,8.833333333333334,10,3,1,0.03396047001290498,0.05943082252258371,45.70365556998086,-1.8376154595813203,-5.9745804621025425,1,4.517449301565648,1,MNQ_v5
2026-05-12 05:29:00+02:00,2026-05-12 08:03:00+02:00,Short,Canal Exit,537.04,4.0,winner,29338.25,29270.75,26.5,7.5,77.75,0.2830188679245283,2.9339622641509435,22,1,5,0.000852129898681755,0.005112779392090531,33.72554919134494,-0.9331383617941242,-11.282375936981111,1,12.491280673515575,6,MNQ_v5
2026-05-12 10:09:00+02:00,2026-05-12 11:05:00+02:00,Short,Canal Exit,-34.24,1.0,loser,29182.25,29199.0,106.5,43.0,6.75,0.40375586854460094,0.06338028169014084,8,0,10,0.08566851425095734,0.15677338107925196,29.828665427662095,-12.913368331282937,-15.90783743819832,1,10.725736321619479,3,MNQ_v5
2026-05-12 15:31:00+02:00,2026-05-12 15:38:00+02:00,Short,Stop Loss,-121.24,1.0,loser,29177.0,29237.25,60.25,71.75,6.0,1.1908713692946058,0.0995850622406639,1,2,15,0.03770092881379168,0.16022894745861466,39.17447240416901,-8.316528694250795,-0.7128305555226423,1,12.916019016418431,1,MNQ_v5
2026-05-13 05:36:00+02:00,2026-05-13 06:25:00+02:00,Long,Canal Exit,111.52,2.0,winner,29260.0,29288.25,58.5,20.0,37.25,0.3418803418803419,0.6367521367521367,7,0,5,0.01879699248120301,0.08116883116883117,-23.10061448013929,28.31633327822464,18.851685274635376,0,7.44199916676007,3,MNQ_v5
2026-05-13 21:28:00+02:00,2026-05-13 21:56:00+02:00,Long,Auto-Close (loss),-81.74,1.0,loser,29516.0,29475.5,74.25,66.5,23.75,0.8956228956228957,0.31986531986531985,4,2,21,0.022021954194335277,0.033032931291502914,-19.38202860767592,8.141031534923677,15.745513023773185,0,16.622874639433576,3,MNQ_v5
2026-05-14 01:45:00+02:00,2026-05-14 02:13:00+02:00,Short,Stop Loss,-240.72,3.0,loser,29609.0,29648.75,39.75,48.5,18.25,1.220125786163522,0.4591194968553459,4,1,1,0.016042419534600966,0.01773109527508528,41.289351056413,-4.189892720695816,2.775937027392387,1,5.406731433540699,3,MNQ_v5
2026-05-14 02:34:00+02:00,2026-05-14 02:55:00+02:00,Long,Canal Exit,16.26,1.0,winner,29668.5,29677.0,77.75,5.25,25.0,0.06752411575562701,0.3215434083601286,3,1,2,0.0033705782226941036,0.06235569711984091,-10.46097775791387,32.35574358011082,11.74497369498325,0,2.199750027873961,3,MNQ_v5
2026-05-14 07:35:00+02:00,2026-05-14 07:42:00+02:00,Short,Stop Loss,-224.22,3.0,loser,29562.5,29599.5,37.0,51.5,16.25,1.3918918918918919,0.4391891891891892,1,0,7,0.002536997885835095,0.004228329809725158,-14.87470756833161,-12.882357202103154,-9.343705427061122,1,1.8448776249060757,15,MNQ_v5
2026-05-14 13:39:00+02:00,2026-05-14 15:17:00+02:00,Short,Canal Exit,225.52,2.0,winner,29549.75,29493.0,44.25,25.5,101.5,0.576271186440678,2.2937853107344632,14,1,13,0.016074586079408457,0.03722535723652484,13.435517605407071,-0.22086776162612784,-8.53145790035236,1,4.006486652091553,2,MNQ_v5
2026-05-14 15:38:00+02:00,2026-05-14 15:59:00+02:00,Long,Canal Exit,-67.24,1.0,loser,29626.25,29593.0,178.0,100.25,58.5,0.5632022471910112,0.32865168539325845,3,1,15,0.15442386397198432,0.5164339057423737,-36.40335199483694,13.91597238946812,-6.756044510249467,0,7.0015501366360695,3,MNQ_v5
2026-05-14 19:50:00+02:00,2026-05-14 21:56:00+02:00,Long,Auto-Close (loss),-118.24,1.0,loser,29745.25,29686.5,150.0,105.5,3.5,0.7033333333333334,0.023333333333333334,18,3,19,0.06471621519402257,0.17733923903816576,-30.072697475596698,14.98320828949334,3.95889167575531,0,16.75106295896694,2,MNQ_v5
2026-05-15 00:00:00+02:00,2026-05-15 00:00:00+02:00,Long,End of Data,-0.74,1.0,loser,29714.0,29714.0,77.25,0.0,0.0,0.0,0.0,0,1,0,0.06310156828431043,0.09675573803594266,-36.013005971404354,7.165015890372325,-1.6133855590060537,0,12.269040289909753,-1,MNQ_v5
