entry_time,exit_time,side,status,pnl,size,kind,entry_price,exit_price,risk_dist_points,mae_pts,mfe_pts,mae_r,mfe_r,bars_in_trade,bars_since_setup,hour,candle_pct,two_bar_body_pct,last_hw_value,osc_sig,mfi,canal_green,canal_width,shadow_hw_bars,preset
2025-01-06 01:10:00+01:00,2025-01-06 01:52:00+01:00,Short,Stop Loss,-249.92,8.0,loser,2652.3,2655.3,3.0,3.699999999999818,1.2000000000002728,1.2333333333332728,0.40000000000009095,6,0,1,0.03770312558911134,0.07540625117822268,29.268727382923974,-28.014237564422814,-12.661135965973884,1,1.4397532055691045,3,MGC_v3
2025-01-06 09:55:00+01:00,2025-01-06 12:36:00+01:00,Long,Canal Exit,494.27999999999724,3.0,winner,2643.9,2660.5,7.5,1.2000000000002728,19.699999999999818,0.1600000000000364,2.6266666666666425,23,0,9,0.08699270017777457,0.09077499148984798,14.95033375808232,20.277146364124214,-9.28147958191528,1,2.262258742033737,4,MGC_v3
2025-01-06 18:12:00+01:00,2025-01-06 18:54:00+01:00,Short,Canal Exit,118.07999999999272,8.0,winner,2649.7000000000003,2648.1000000000004,3.199999999999818,0.3999999999996362,4.300000000000182,0.12499999999989342,1.3437500000001332,6,3,18,0.04151413367552417,0.07170623089406691,39.245965707165915,-11.61173138147921,-6.181005229907067,1,2.9818362622972927,3,MGC_v3
2025-01-06 20:32:00+01:00,2025-01-06 21:35:00+01:00,Long,Stop Loss,-273.59999999997274,15.0,loser,2645.5,2643.8,1.699999999999818,1.900000000000091,1.099999999999909,1.1176470588237024,0.6470588235294275,9,1,20,0.011340011340018216,0.030240030240037116,-28.069023406145796,6.0518473053312505,-2.617636447414391,0,1.8162684217641072,2,MGC_v3
2025-01-07 15:59:00+01:00,2025-01-07 20:39:00+01:00,Short,Canal Exit,-67.23999999999909,1.0,loser,2657.9,2664.5,20.59999999999991,12.400000000000091,4.200000000000273,0.6019417475728226,0.20388349514564522,40,0,15,0.5041574175100677,0.5982166371947812,13.015045678761348,-26.941307978147847,20.599747636982237,0,3.9011622278940195,2,MGC_v3
2025-01-08 03:58:00+01:00,2025-01-08 04:12:00+01:00,Long,Canal Exit,-64.67999999998091,7.0,loser,2662.4,2661.600000000001,3.299999999999727,1.599999999999909,0.599999999999909,0.48484848484849735,0.18181818181816928,2,1,3,0.026292067307685477,0.037560096153829076,-17.33864786320759,27.429256301485005,-5.742627155275942,1,0.020734689100208925,1,MGC_v3
2025-01-08 04:33:00+01:00,2025-01-08 05:57:00+01:00,Short,Canal Exit,10.560000000010914,6.0,winner,2660.3,2660.0,4.199999999999818,1.699999999999818,2.100000000000364,0.404761904761879,0.5000000000001082,12,0,4,0.011276923655216597,0.03758974551740575,20.725882084717444,-34.01976809892193,-8.414492842344035,1,0.21692437978526868,1,MGC_v3
2025-01-08 10:02:00+01:00,2025-01-08 12:22:00+01:00,Long,Stop Loss,-251.20000000000454,5.0,loser,2667.8,2662.9,4.900000000000091,5.700000000000273,1.599999999999909,1.1632653061224831,0.32653061224487334,20,0,10,0.05997451083290965,0.10870380088462744,12.260228113564274,16.730099165407882,9.316147766602054,0,1.2988948808124405,3,MGC_v3
2025-01-08 17:44:00+01:00,2025-01-08 18:26:00+01:00,Long,Stop Loss,-222.7199999999918,3.0,loser,2685.5,2678.2000000000003,7.299999999999727,9.699999999999818,1.5,1.328767123287696,0.2054794520548022,6,4,17,0.10053993669707012,0.17501396388009002,19.251951486986453,22.057364390253127,10.567080418776053,0,2.58920317897082,3,MGC_v3
2025-01-08 20:11:00+01:00,2025-01-08 21:00:00+01:00,Long,Canal Exit,23.279999999989087,3.0,winner,2675.1000000000004,2676.0,7.0,1.800000000000182,2.4999999999995453,0.25714285714288315,0.3571428571427922,7,1,20,0.026167246084251732,0.1794325445777796,-19.10048753275187,18.63845768196189,-6.423163231837323,0,0.4101249562463636,3,MGC_v3
2025-01-09 10:37:00+01:00,2025-01-09 12:22:00+01:00,Long,Canal Exit,362.3199999999809,7.0,winner,2682.1000000000004,2687.4,3.700000000000273,1.9000000000005457,7.399999999999636,0.5135135135136232,1.9999999999997542,15,1,10,0.07084001342232173,0.07829685694047067,-13.335724572797526,4.192071271493036,11.480643571423409,0,1.202476399303123,3,MGC_v3
2025-01-10 16:55:00+01:00,2025-01-10 18:26:00+01:00,Short,Canal Exit,-63.23999999999818,1.0,loser,2719.2000000000003,2725.4,15.900000000000091,9.599999999999909,3.900000000000091,0.6037735849056513,0.24528301886792886,13,0,16,0.24271844660195513,0.3273021476905173,32.22239945703696,-25.865007563895936,8.608597089726015,1,0.4983377313810706,2,MGC_v3
2025-01-13 08:17:00+01:00,2025-01-13 09:27:00+01:00,Short,Canal Exit,34.55999999998909,6.0,winner,2713.3,2712.6000000000004,4.199999999999818,1.5,5.900000000000091,0.3571428571428726,1.4047619047619873,10,0,8,0.01474219585005846,0.07371097925034258,38.07872028771864,-33.79778013495109,3.662310570059499,1,1.1401158610970015,3,MGC_v3
2025-01-13 16:20:00+01:00,2025-01-13 20:46:00+01:00,Short,Canal Exit,245.28000000000546,3.0,winner,2685.3,2677.0,7.599999999999909,3.599999999999909,10.300000000000182,0.4736842105263095,1.355263157894777,38,0,16,0.22343872193051054,0.30164227460618587,22.538255465701518,-3.2556801206384307,-13.888394866530655,1,5.888699803490454,6,MGC_v3
2025-01-14 05:22:00+01:00,2025-01-14 05:43:00+01:00,Short,Stop Loss,-245.16000000003274,9.0,loser,2684.5,2687.1000000000004,2.600000000000364,3.5,0.3000000000001819,1.3461538461536577,0.1153846153846692,3,0,5,0.011175265412560323,0.05960141553363247,33.2590023558907,-34.40844176774658,2.3791033757415634,0,0.3538295627140542,1,MGC_v3
2025-01-14 12:36:00+01:00,2025-01-14 13:04:00+01:00,Long,Canal Exit,96.83999999998363,9.0,winner,2680.1000000000004,2681.3,2.800000000000182,0.5000000000004547,3.0999999999994543,0.17857142857157937,1.1071428571425903,4,0,12,0.018656020297750087,0.0895488974292038,-18.14938181437018,9.834543547935969,-3.9128478464539755,1,0.007926940999823273,4,MGC_v3
2025-01-14 15:59:00+01:00,2025-01-14 16:20:00+01:00,Long,Canal Exit,39.52000000000728,2.0,winner,2682.5,2684.6000000000004,10.899999999999636,1.699999999999818,3.699999999999818,0.1559633027522821,0.3394495412843983,3,0,15,0.17148182665423706,0.27958993476234856,-17.1085205318618,30.284996650027708,-0.6261362458718012,0,1.057073148098425,3,MGC_v3
2025-01-14 18:12:00+01:00,2025-01-14 19:22:00+01:00,Short,Canal Exit,-4.96,4.0,loser,2682.2000000000003,2682.2000000000003,5.799999999999727,3.699999999999818,2.400000000000091,0.6379310344827572,0.413793103448311,10,3,18,0.0,0.0745656550592797,11.985306907338654,-30.444804023940073,3.694767047849554,0,1.6659054405836287,2,MGC_v3
2025-01-15 02:27:00+01:00,2025-01-15 02:41:00+01:00,Long,Stop Loss,-273.59999999997274,15.0,loser,2689.8,2688.1000000000004,1.699999999999818,2.0,0.5,1.17647058823542,0.294117647058855,2,1,2,0.011153245594457845,0.03717748531487639,-37.86719908387644,5.128014085844665,9.945317542689606,0,1.6897486890775326,2,MGC_v3
2025-01-15 15:38:00+01:00,2025-01-15 16:06:00+01:00,Short,Canal Exit,34.760000000003636,1.0,winner,2703.1000000000004,2699.5,16.0,4.499999999999545,5.200000000000273,0.2812499999999716,0.32500000000001705,4,0,15,0.07398912359883097,0.47722984721246314,30.59067249716963,-30.62611414586435,1.3797047353171705,1,0.4712102157582194,1,MGC_v3
2025-01-15 20:32:00+01:00,2025-01-15 21:56:00+01:00,Long,Auto-Close (profit),8.800000000009096,5.0,winner,2719.4,2719.7000000000003,4.900000000000091,2.0,1.0,0.40816326530611485,0.20408163265305743,12,0,20,0.040450099286603994,0.047804662793269906,14.953653546781725,19.563722634009324,18.713613612698936,0,2.1262655443288168,1,MGC_v3
2025-01-16 17:02:00+01:00,2025-01-16 21:56:00+01:00,Long,Auto-Close (loss),-108.48000000000364,2.0,loser,2752.3,2747.0,8.900000000000091,6.100000000000364,5.599999999999909,0.6853932584270002,0.6292134831460507,42,0,17,0.02543327398902075,0.19619954220105496,11.928744414433266,26.581485581213855,6.970176862633113,0,1.7038984572673144,2,MGC_v3
2025-01-17 02:13:00+01:00,2025-01-17 02:55:00+01:00,Short,Canal Exit,-83.16000000001637,9.0,loser,2745.8,2746.6000000000004,2.800000000000182,1.2999999999997272,3.100000000000364,0.4642857142855867,1.1071428571429152,6,0,2,0.0,0.04006118435428323,29.824746595383726,-16.017287144570453,-6.939876374770179,1,1.3142347628991047,4,MGC_v3
2025-01-17 14:49:00+01:00,2025-01-17 15:45:00+01:00,Short,Stop Loss,-234.71999999999454,3.0,loser,2736.8,2744.5,7.699999999999818,8.099999999999909,3.100000000000364,1.051948051948065,0.40259740259745935,8,4,14,0.06942414498683266,0.07673194972228348,-10.238279913552839,-20.662280326039323,2.7374102227137627,0,3.262120737850637,2,MGC_v3
2025-01-20 02:48:00+01:00,2025-01-20 12:22:00+01:00,Long,Canal Exit,375.04,4.0,winner,2737.3,2746.8,5.5,0.8000000000001819,17.299999999999727,0.14545454545457853,3.1454545454544958,82,0,2,0.018266174697694808,0.0621049939721557,-10.964768749478603,20.466152300096425,-12.244171557733333,1,1.407606423328616,3,MGC_v3
2025-01-20 14:28:00+01:00,2025-01-20 14:56:00+01:00,Short,Canal Exit,314.27999999999724,3.0,winner,2742.7000000000003,2732.1000000000004,8.0,0.0,20.100000000000364,0.0,2.5125000000000455,4,5,14,0.21876253327013528,0.2698071243665035,23.989671947683735,-1.352983552753832,-9.612174418275682,1,0.11300594566364452,4,MGC_v3
2025-01-21 01:45:00+01:00,2025-01-21 02:27:00+01:00,Short,Stop Loss,-237.72000000000546,3.0,loser,2728.5,2736.3000000000006,7.800000000000182,7.800000000000182,5.900000000000091,1.0,0.7564102564102504,6,0,1,0.15759574857981243,0.1832508704416346,35.82018700232965,-34.399193501763115,13.484791840928125,0,1.4706171260177143,2,MGC_v3
2025-01-21 05:22:00+01:00,2025-01-21 07:35:00+01:00,Long,Stop Loss,-251.1999999999818,5.0,loser,2746.0,2741.1000000000004,4.899999999999636,5.599999999999909,0.8000000000001819,1.1428571428572092,0.16326530612249823,19,0,5,0.0582665695557141,0.07647487254187578,-16.919980163963192,29.35328844348484,25.47128993736954,0,1.7595655396116854,2,MGC_v3
2025-01-21 15:03:00+01:00,2025-01-21 15:24:00+01:00,Short,Stop Loss,-265.4399999999836,6.0,loser,2738.6000000000004,2742.9,4.299999999999727,5.599999999999454,1.300000000000182,1.3023255813953045,0.3023255813954103,3,0,15,0.0073030015336402855,0.040166508434980056,30.002284848583773,-9.879242510514931,10.19452239985485,1,0.7491334789374378,1,MGC_v3
2025-01-22 03:58:00+01:00,2025-01-22 07:21:00+01:00,Long,Stop Loss,-247.44,6.0,loser,2764.7000000000003,2760.7000000000003,4.0,4.200000000000273,7.599999999999909,1.0500000000000682,1.8999999999999773,29,0,3,0.028936231779206685,0.05063840561363226,-13.908780985933735,16.992713746589736,13.686621358662126,0,1.461639199757883,3,MGC_v3
2025-01-22 18:05:00+01:00,2025-01-22 18:54:00+01:00,Short,Canal Exit,8.800000000009096,5.0,winner,2768.1000000000004,2767.8,5.199999999999818,2.5999999999994543,0.5000000000004547,0.49999999999991257,0.09615384615393698,7,0,18,0.025288103753486973,0.054188793757450955,21.157235039854953,-27.964195539832453,-2.034785020254128,1,1.4897463493307441,2,MGC_v3
2025-01-22 19:29:00+01:00,2025-01-22 21:56:00+01:00,Long,Auto-Close (loss),-180.96000000000365,4.0,loser,2771.1000000000004,2766.7000000000003,5.5,4.900000000000546,0.0,0.8909090909091901,0.0,21,0,19,0.021652051531879365,0.05773880408501711,-28.684428935515676,32.57834247966549,6.603761389352675,0,1.8822396410714646,2,MGC_v3
2025-01-23 02:41:00+01:00,2025-01-23 04:05:00+01:00,Short,Canal Exit,33.799999999986355,5.0,winner,2762.0,2761.2000000000003,4.5,1.900000000000091,1.599999999999909,0.4222222222222424,0.35555555555553536,12,0,2,0.08327299058653807,0.09775524981898165,34.06582688029523,-21.827224809784013,-0.37413926273835474,1,1.1363752131019282,3,MGC_v3
2025-01-23 13:11:00+01:00,2025-01-23 13:39:00+01:00,Short,Canal Exit,119.28000000001092,3.0,winner,2755.1000000000004,2751.0,6.799999999999727,0.8999999999996362,7.000000000000455,0.1323529411764224,1.0294117647059906,4,0,13,0.06896301404668037,0.1342963957751179,25.366021326627703,-28.50177782417704,-4.611517511475524,1,2.498498444575489,4,MGC_v3
2025-01-23 20:18:00+01:00,2025-01-23 20:53:00+01:00,Long,Stop Loss,-260.67999999999364,7.0,loser,2765.8,2762.2000000000003,3.599999999999909,4.100000000000364,0.6999999999998181,1.1388888888890187,0.19444444444439882,5,2,20,0.06869621809241777,0.08677417022200054,-20.881204619220405,12.608531333812538,14.697351018280603,0,3.3149603913389,2,MGC_v3
2025-01-24 16:13:00+01:00,2025-01-24 16:34:00+01:00,Long,Canal Exit,-2.48,2.0,loser,2792.3,2792.3,12.0,1.6000000000003638,2.5,0.13333333333336364,0.20833333333333334,3,0,16,0.0608817104179448,0.24352684167174665,-36.91801901807848,34.830340255173255,7.411840932706639,0,2.738263369782544,3,MGC_v3
2025-01-24 20:11:00+01:00,2025-01-24 21:56:00+01:00,Short,Auto-Close (profit),100.55999999998363,6.0,winner,2779.5,2777.7000000000003,4.100000000000364,3.5,2.099999999999909,0.8536585365852901,0.5121951219511519,15,2,20,0.0035977693829792783,0.014391077531917113,18.697829485973156,-12.242436053573083,-13.36889001679216,1,1.5745487103613414,2,MGC_v3
2025-01-27 20:46:00+01:00,2025-01-27 21:35:00+01:00,Short,Stop Loss,-239.68000000001274,7.0,loser,2739.9,2743.2000000000003,3.300000000000182,4.0,0.0,1.2121212121211453,0.0,7,1,20,0.06569582831489204,0.09854374247234637,39.250060184169186,-11.631060578103506,-5.332962882796255,1,4.620912460222826,1,MGC_v3
2025-01-28 11:54:00+01:00,2025-01-28 12:43:00+01:00,Short,Canal Exit,-173.16000000001637,9.0,loser,2747.0,2748.8,2.700000000000273,2.300000000000182,1.199999999999818,0.8518518518518331,0.4444444444443322,7,1,11,0.04004368401892643,0.10192937750272031,13.10427664381659,-24.563161092594065,3.1820741565598256,1,0.0048455762980665895,1,MGC_v3
2025-01-28 13:32:00+01:00,2025-01-28 14:35:00+01:00,Long,Canal Exit,384.84000000000816,9.0,winner,2748.0,2752.4,2.799999999999727,1.599999999999909,6.5,0.5714285714285946,2.3214285714287977,9,0,13,0.00363901018922522,0.0363901018922853,-20.836465856913527,19.65767043631933,8.167311532576415,0,1.55899982765186,2,MGC_v3
2025-01-30 03:58:00+01:00,2025-01-30 08:03:00+01:00,Long,Canal Exit,1049.8799999999765,13.0,winner,2796.6000000000004,2804.8,1.900000000000091,1.0000000000004547,8.899999999999636,0.5263157894738983,4.684210526315374,35,2,3,0.014303082314241973,0.021454623471371087,-23.861983870221497,17.281250878220817,0.44337036225582266,0,6.549310871771013,3,MGC_v3
2025-01-31 10:51:00+01:00,2025-01-31 11:40:00+01:00,Short,Canal Exit,152.32000000001273,7.0,winner,2846.2000000000003,2843.9,3.299999999999727,0.599999999999909,4.100000000000364,0.18181818181816928,1.2424242424244554,7,0,10,0.01405382615417367,0.03162110884688676,37.96044671390615,-22.148560307793566,0.02730863408395976,1,0.6981197077193428,3,MGC_v3
2025-01-31 13:04:00+01:00,2025-01-31 13:18:00+01:00,Long,Canal Exit,94.56000000001637,6.0,winner,2844.9,2846.6000000000004,4.199999999999818,0.0,3.099999999999909,0.0,0.7380952380952484,2,0,13,0.010545186122541458,0.0667861787760586,-20.593394008196004,28.926673947571842,-1.962059715779003,0,0.07543805161549244,2,MGC_v3
2025-02-03 05:43:00+01:00,2025-02-03 07:21:00+01:00,Short,Stop Loss,-212.96000000001092,4.0,loser,2811.5,2816.7000000000003,5.200000000000273,6.0,1.0,1.1538461538460933,0.19230769230768222,14,0,5,0.021340921216429273,0.064022763649304,30.5207523114087,-11.417300458237607,-16.05940180182062,1,7.118347952157819,1,MGC_v3
2025-02-03 17:30:00+01:00,2025-02-03 21:14:00+01:00,Long,Canal Exit,-49.23999999999727,1.0,loser,2862.5,2857.7000000000003,16.399999999999636,11.099999999999909,1.199999999999818,0.6768292682926924,0.0731707317073076,32,1,17,0.09781659388646924,0.12227074235807861,15.748443417593865,16.777278307562256,1.5029149577728744,0,4.69078014508159,2,MGC_v3
2025-02-04 10:02:00+01:00,2025-02-04 10:51:00+01:00,Short,Stop Loss,-251.20000000000454,5.0,loser,2843.2000000000003,2848.1000000000004,4.900000000000091,4.999999999999545,2.0000000000004547,1.0204081632651945,0.40816326530620767,7,0,10,0.024620146314005987,0.07386043894203394,22.796256902461153,-11.799819405580475,-8.284980335380009,1,2.623582735545824,1,MGC_v3
2025-02-04 21:42:00+01:00,2025-02-04 21:56:00+01:00,Long,Auto-Close (loss),-64.67999999998091,7.0,loser,2875.0,2874.2000000000003,3.5,1.5,0.1999999999998181,0.42857142857142855,0.05714285714280517,2,1,21,0.02782608695652807,0.09043478260869249,-15.661360386333836,22.172985535251026,12.121548696126556,0,1.8217882238077436,3,MGC_v3
2025-02-05 00:14:00+01:00,2025-02-05 01:24:00+01:00,Short,Canal Exit,-169.68000000001274,7.0,loser,2871.8,2874.100000000001,3.5,3.199999999999818,0.6000000000003638,0.9142857142856623,0.17142857142867537,10,0,0,0.031339229751362774,0.034821366390417156,11.278310277139182,-28.12366908681438,-4.571268285545128,0,0.14036159237730317,2,MGC_v3
2025-02-05 08:24:00+01:00,2025-02-05 09:41:00+01:00,Long,Canal Exit,358.8000000000091,5.0,winner,2887.3,2894.6000000000004,5.199999999999818,1.5,8.399999999999636,0.28846153846154854,1.6153846153846019,11,0,8,0.04502476361999729,0.13161084750459537,-41.77882412137325,9.092663570289767,12.991059123803637,0,2.558599559870345,4,MGC_v3
2025-02-05 14:21:00+01:00,2025-02-05 14:35:00+01:00,Short,Canal Exit,44.280000000010915,3.0,winner,2889.1000000000004,2887.5,7.399999999999636,1.2999999999997272,5.200000000000273,0.17567567567564743,0.7027027027027741,2,0,14,0.0623031393859585,0.28036412723683685,23.832787180799208,-24.479132701344934,-7.813354733723026,0,0.09805949159090233,2,MGC_v3
2025-02-05 18:54:00+01:00,2025-02-05 20:46:00+01:00,Long,Stop Loss,-210.4800000000018,2.0,loser,2894.7000000000003,2884.3,10.400000000000091,11.500000000000455,0.09999999999990905,1.1057692307692648,0.009615384615375786,16,1,18,0.04145507306455999,0.062182609596839994,-20.62194472347248,1.1472654111315244,1.0100898604950928,0,1.4173228358304186,1,MGC_v3
2025-02-06 02:41:00+01:00,2025-02-06 03:44:00+01:00,Long,Canal Exit,4.559999999989087,6.0,winner,2888.8,2889.0,4.300000000000182,1.400000000000091,4.0,0.32558139534884456,0.9302325581394956,9,0,2,0.0,0.03807809471060333,-11.919694083235939,29.920759216898627,11.6160029530494,0,0.10494991601899528,3,MGC_v3
2025-02-07 00:21:00+01:00,2025-02-07 01:59:00+01:00,Long,Canal Exit,217.60000000001818,10.0,winner,2881.8,2884.1000000000004,2.400000000000091,1.300000000000182,2.899999999999636,0.5416666666667219,1.2083333333331359,14,0,0,0.03817058782706516,0.05552085502117995,-23.46704078445595,7.5247524614242,6.187182855477405,0,1.1615663462152952,3,MGC_v3
2025-02-07 20:32:00+01:00,2025-02-07 21:56:00+01:00,Short,Auto-Close (loss),-132.95999999999273,4.0,loser,2883.8,2887.0,6.199999999999818,4.199999999999818,0.40000000000009095,0.6774193548387002,0.06451612903227463,12,0,20,0.010402940564523446,0.07628823080655257,17.1381308379153,-15.346328821793188,-22.29704362330167,1,3.618374372486869,2,MGC_v3
2025-02-10 15:38:00+01:00,2025-02-10 15:59:00+01:00,Long,Canal Exit,39.519999999998184,2.0,winner,2931.3,2933.4,10.199999999999818,2.5,2.5,0.24509803921569065,0.24509803921569065,3,0,15,0.03411455668133592,0.08187493603520932,-27.683411092206136,33.954267460414286,-5.351436830400573,0,2.1767669817963906,2,MGC_v3
2025-02-11 10:37:00+01:00,2025-02-11 14:07:00+01:00,Short,Canal Exit,397.52,2.0,winner,2931.1000000000004,2911.1000000000004,10.199999999999818,3.4999999999995453,21.400000000000546,0.3431372549019223,2.0980392156863656,30,1,10,0.15011429156289757,0.19446624134283436,16.487464638618164,-9.83766928990697,-19.486481400616242,1,0.9472646394242474,3,MGC_v3
2025-02-12 04:40:00+01:00,2025-02-12 05:29:00+01:00,Short,Canal Exit,-0.48000000000181897,2.0,loser,2913.9,2913.8,12.0,3.199999999999818,1.800000000000182,0.2666666666666515,0.15000000000001515,7,5,4,0.10981845636431647,0.12354576340985995,-17.758176597263542,-22.34053968820395,-9.761733633035893,0,2.7359731565229595,3,MGC_v3
2025-02-12 13:04:00+01:00,2025-02-12 13:53:00+01:00,Short,Stop Loss,-232.95999999999273,4.0,loser,2906.3,2912.0,5.699999999999818,6.199999999999818,1.0,1.0877192982456168,0.17543859649123367,7,0,13,0.037848811203244986,0.05505281629563049,21.351289909826626,-14.896941691055652,-21.3597547569786,1,1.6281892318320388,2,MGC_v3
2025-02-12 14:14:00+01:00,2025-02-12 15:10:00+01:00,Short,Stop Loss,-145.24000000000092,1.0,loser,2898.2000000000003,2912.6000000000004,14.400000000000091,17.899999999999636,11.800000000000182,1.2430555555555225,0.8194444444444519,8,0,14,0.25188047753778836,0.40024843006003413,34.69493186489484,-25.68968984765398,-15.588505072929348,1,2.4372738413603656,3,MGC_v3
2025-02-12 17:16:00+01:00,2025-02-12 17:44:00+01:00,Short,Stop Loss,-216.9599999999891,4.0,loser,2919.6000000000004,2924.9,5.299999999999727,6.299999999999727,1.5000000000004547,1.1886792452830286,0.28301886792462866,4,2,17,0.013700506918759108,0.06850253459377997,26.554336778857497,-17.907453312606975,6.090905244813612,0,0.5839015084575294,2,MGC_v3
2025-02-12 21:14:00+01:00,2025-02-12 21:56:00+01:00,Long,Auto-Close (profit),88.80000000000454,5.0,winner,2922.7000000000003,2924.6000000000004,4.5,0.1000000000003638,3.4999999999995453,0.022222222222303065,0.7777777777776768,6,0,21,0.03763643206623701,0.08895883942929173,-41.19583974604066,15.06960409927144,1.4780277256369971,0,4.240709175876873,4,MGC_v3
2025-02-13 12:15:00+01:00,2025-02-13 12:57:00+01:00,Short,Stop Loss,-263.15999999997547,9.0,loser,2943.6000000000004,2946.4,2.799999999999727,3.0999999999994543,1.9000000000005457,1.1071428571427702,0.6785714285716896,6,0,12,0.0237804049463335,0.03397200706619292,25.26641860842906,-14.118883796654096,-6.899073461671582,1,1.9098182303414433,2,MGC_v3
2025-02-13 13:11:00+01:00,2025-02-13 13:32:00+01:00,Long,Canal Exit,71.04000000000364,4.0,winner,2947.0,2948.9,5.399999999999636,2.400000000000091,2.199999999999818,0.4444444444444912,0.40740740740740117,3,0,13,0.0339328130302002,0.12215812690871763,19.98140694923152,31.567428689644736,5.282687300729971,0,0.044324786463221244,1,MGC_v3
2025-02-13 14:07:00+01:00,2025-02-13 17:58:00+01:00,Short,Canal Exit,8.28000000000273,3.0,winner,2942.9,2942.5,6.599999999999909,6.0,10.200000000000273,0.9090909090909216,1.545454545454608,33,0,14,0.02718407013490713,0.18349247341058447,23.388570968806782,-28.076377229513987,2.957608270462889,0,0.2736785857123323,2,MGC_v3
2025-02-14 04:40:00+01:00,2025-02-14 05:43:00+01:00,Short,Canal Exit,-104.96,4.0,loser,2953.2000000000003,2955.7000000000003,6.099999999999909,3.399999999999636,1.400000000000091,0.5573770491802765,0.2295081967213298,9,0,4,0.08465393471488555,0.13206013815520914,27.532519547149924,-30.369422876756147,3.4322594065156777,0,0.11360621951007488,2,MGC_v3
2025-02-17 00:28:00+01:00,2025-02-17 02:27:00+01:00,Short,Stop Loss,-137.24000000000365,1.0,loser,2890.5,2904.1000000000004,13.600000000000364,15.5,0.1999999999998181,1.1397058823529107,0.014705882352927408,17,1,0,0.06573257221934237,0.41515308770110554,10.522169123996854,-20.859689915079464,-6.064246248514531,1,2.548279487788932,2,MGC_v3
2025-02-17 14:07:00+01:00,2025-02-17 14:21:00+01:00,Short,Canal Exit,-96.2000000000091,5.0,loser,2909.0,2910.8,4.800000000000182,2.400000000000091,1.400000000000091,0.5,0.29166666666667457,2,0,14,0.048126503953251666,0.06875214850464077,27.882893129516887,-17.816452129620306,-9.826893562577332,1,0.18315581098249822,2,MGC_v3
2025-02-17 15:31:00+01:00,2025-02-17 20:25:00+01:00,Long,Auto-Close (loss),-71.2000000000091,5.0,loser,2912.6000000000004,2911.3,4.600000000000364,3.600000000000364,5.199999999999818,0.7826086956521912,1.1304347826085668,39,0,15,0.09613403831627161,0.10643411385016513,10.92942678744151,16.59268183114687,-4.963194262152065,1,0.885359195919591,4,MGC_v3
2025-02-18 00:49:00+01:00,2025-02-18 01:10:00+01:00,Long,Canal Exit,-2.640000000010005,11.0,loser,2911.7000000000003,2911.8,2.300000000000182,0.20000000000027285,0.6999999999998181,0.08695652173924219,0.30434782608685335,3,1,0,0.003434419754779306,0.0377786173026036,-32.82371821884743,21.282713628967095,-1.520481727860745,1,0.24554476398134284,3,MGC_v3
2025-02-18 01:59:00+01:00,2025-02-18 02:27:00+01:00,Short,Canal Exit,374.07999999997816,8.0,winner,2910.5,2905.7000000000003,2.900000000000091,0.3000000000001819,5.900000000000091,0.10344827586212844,2.034482758620657,4,0,1,0.03435835767050335,0.03779419343755056,37.5475869159446,-25.961318569973066,1.2302887934196618,1,0.7779494968963263,2,MGC_v3
2025-02-18 12:43:00+01:00,2025-02-18 21:56:00+01:00,Long,Auto-Close (profit),1283.800000000009,5.0,winner,2925.5,2951.3,5.0,0.40000000000009095,31.0,0.0800000000000182,6.2,79,1,12,0.03418219107844813,0.04101862929413153,11.11277166194257,12.792183202319684,-2.13145537840541,1,0.5888489194394424,3,MGC_v3
2025-02-19 02:34:00+01:00,2025-02-19 02:55:00+01:00,Long,Canal Exit,71.28,3.0,winner,2954.9,2957.4,7.400000000000091,1.099999999999909,4.099999999999909,0.14864864864863453,0.554054054054035,3,0,2,0.12859995262107624,0.1793630918136039,-36.72714514623401,30.39191207728266,-13.538411923442316,0,1.3994665765203536,3,MGC_v3
2025-02-19 05:50:00+01:00,2025-02-19 09:34:00+01:00,Long,Canal Exit,1648.6399999999492,14.0,winner,2945.1000000000004,2957.0,1.800000000000182,0.5000000000004547,12.299999999999727,0.27777777777800233,6.833333333332491,32,3,5,0.03395470442429799,0.04753658619402027,-13.964130234334796,3.727671374437258,-6.432421266455584,1,0.8433468068724324,4,MGC_v3
2025-02-20 00:56:00+01:00,2025-02-20 02:55:00+01:00,Long,Canal Exit,28.800000000013643,5.0,winner,2953.0,2953.7000000000003,4.399999999999636,1.800000000000182,6.699999999999818,0.4090909090909843,1.5227272727273573,17,4,0,0.08804605485946188,0.09820521503554475,-16.251643132805626,14.393997743040476,18.660499133182768,0,1.5476018321314768,4,MGC_v3
2025-02-20 14:42:00+01:00,2025-02-20 15:10:00+01:00,Short,Canal Exit,58.76,1.0,winner,2951.7000000000003,2945.7000000000003,13.5,2.699999999999818,12.200000000000273,0.19999999999998652,0.9037037037037239,4,0,14,0.2845817664396819,0.43703628417522417,17.010402553293027,-5.511830124055016,-10.556738821259508,1,0.6226519331657983,4,MGC_v3
2025-02-20 18:05:00+01:00,2025-02-20 18:40:00+01:00,Short,Stop Loss,-226.1999999999818,5.0,loser,2958.6000000000004,2963.0,4.399999999999636,5.199999999999818,2.600000000000364,1.1818181818182383,0.5909090909092225,5,0,18,0.03041979314540969,0.0675995403231258,28.356023746708814,-19.280955931239422,-13.270523818471139,1,5.301557603933361,2,MGC_v3
2025-02-21 02:06:00+01:00,2025-02-21 02:41:00+01:00,Long,Stop Loss,-252.7199999999918,3.0,loser,2961.0,2952.7000000000003,8.299999999999727,8.400000000000091,3.699999999999818,1.0120481927711287,0.4457831325301132,5,0,2,0.0742992232353873,0.20263424518742135,-35.50580368133666,32.87511200001526,12.573418264245737,0,1.6778265696793824,2,MGC_v3
2025-02-21 08:38:00+01:00,2025-02-21 09:20:00+01:00,Short,Canal Exit,754.3200000000064,7.0,winner,2944.9,2934.0,3.5,1.699999999999818,14.800000000000182,0.48571428571423375,4.22857142857148,6,0,8,0.023769907297355362,0.030561309382309627,35.7780014262941,-25.59337224706189,-5.711355019985449,1,2.885574520791124,1,MGC_v3
2025-02-21 10:30:00+01:00,2025-02-21 10:58:00+01:00,Long,Canal Exit,35.52000000000182,2.0,winner,2942.5,2944.4,12.5,2.199999999999818,2.900000000000091,0.17599999999998545,0.23200000000000728,4,0,10,0.11894647408666101,0.14953271028037693,12.180873577876449,16.960774170044594,-6.5012833925382125,1,0.7490125642143539,4,MGC_v3
2025-02-21 17:16:00+01:00,2025-02-21 17:37:00+01:00,Long,Canal Exit,111.52000000000545,2.0,winner,2946.0,2951.7000000000003,11.099999999999909,0.1999999999998181,7.800000000000182,0.018018018018001777,0.7027027027027248,3,0,17,0.030549898167009197,0.14935505770536628,-31.984433937588904,28.044170459894683,1.9815938099248782,0,0.8695862937938728,3,MGC_v3
2025-02-21 19:15:00+01:00,2025-02-21 19:29:00+01:00,Short,Stop Loss,-241.44000000000545,6.0,loser,2952.2000000000003,2956.1000000000004,3.900000000000091,4.099999999999909,0.900000000000091,1.0512820512820034,0.2307692307692487,2,0,19,0.020323826299043557,0.0406476525980717,32.81919769017975,-27.09289385031917,6.503029474351576,1,0.624456879666468,1,MGC_v3
2025-02-21 19:50:00+01:00,2025-02-21 20:46:00+01:00,Long,Stop Loss,-240.72000000000273,3.0,loser,2959.1000000000004,2951.2000000000003,7.900000000000091,11.100000000000364,0.1999999999998181,1.4050632911392704,0.025316455696179217,8,0,19,0.05069108850664053,0.09800277111284145,-21.958810418509756,30.712794056032152,12.381287238837112,0,0.4158487240292743,2,MGC_v3
2025-02-24 00:56:00+01:00,2025-02-24 02:20:00+01:00,Short,Canal Exit,533.800000000009,5.0,winner,2950.2000000000003,2939.4,5.199999999999818,1.7999999999997272,13.400000000000091,0.3461538461538058,2.5769230769231846,12,0,0,0.020337604230234015,0.07457121551082208,34.3353521773567,-30.711068698233305,-7.322417190631138,1,1.791929138931664,1,MGC_v3
2025-02-25 02:06:00+01:00,2025-02-25 02:34:00+01:00,Long,Stop Loss,-267.6800000000191,7.0,loser,2967.7000000000003,2964.0,3.700000000000273,5.000000000000455,0.29999999999972715,1.3513513513513746,0.08108108108100136,4,0,2,0.09097954645010677,0.09434915928158935,-32.87977452019317,17.763753234185316,4.971226300416022,0,1.5604377456929797,1,MGC_v3
2025-02-25 04:12:00+01:00,2025-02-25 04:54:00+01:00,Short,Canal Exit,251.04000000000363,4.0,winner,2962.8,2956.4,5.699999999999818,0.1999999999998181,8.600000000000364,0.035087719298214824,1.5087719298246733,6,1,4,0.06412852706897651,0.06750371270418339,-15.503341009185949,-18.49582006090136,-4.5812402919806114,0,0.04231052447721595,6,MGC_v3
2025-02-25 20:11:00+01:00,2025-02-25 20:46:00+01:00,Short,Stop Loss,-224.96,4.0,loser,2920.4,2925.9,5.5,5.599999999999909,2.599999999999909,1.0181818181818016,0.4727272727272562,5,3,20,0.0034241884673301276,0.051362827009983056,14.278087662372716,-21.322752014140796,-8.463823123234056,1,6.607990870065805,2,MGC_v3
2025-02-26 03:58:00+01:00,2025-02-26 05:15:00+01:00,Long,Stop Loss,-252.95999999999273,4.0,loser,2934.3,2928.1000000000004,6.199999999999818,8.0,0.599999999999909,1.2903225806451992,0.09677419354837527,11,0,3,0.03407967828783696,0.10564700269229148,16.936602231805217,22.094523948021113,-1.7157631597607121,0,2.9139176844691974,2,MGC_v3
2025-02-26 10:30:00+01:00,2025-02-26 11:26:00+01:00,Short,Canal Exit,15.04,4.0,winner,2927.2000000000003,2926.7000000000003,5.400000000000091,2.699999999999818,2.600000000000364,0.49999999999995787,0.48148148148154074,8,0,10,0.05807597704291722,0.07857338070513244,30.88787750673719,-23.307632615604213,-9.553738209624463,1,2.7082606775720706,2,MGC_v3
2025-02-27 08:03:00+01:00,2025-02-27 10:02:00+01:00,Short,Canal Exit,368.2800000000027,3.0,winner,2902.4,2890.0,8.400000000000091,6.199999999999818,12.800000000000182,0.7380952380952085,1.523809523809529,17,0,8,0.12748070562292646,0.15848952590958892,28.216028988080073,-33.622015907793156,-14.629785657554844,1,4.582442071940932,1,MGC_v3
2025-02-27 10:30:00+01:00,2025-02-27 14:49:00+01:00,Long,Canal Exit,1.520000000005457,2.0,winner,2901.0,2901.2000000000003,11.5,7.0,7.300000000000182,0.6086956521739131,0.6347826086956679,37,0,10,0.1034126163391934,0.2757669769045157,-19.37917252220923,33.537789011154445,-6.830447803312739,1,1.9382117915029085,1,MGC_v3
2025-02-27 15:38:00+01:00,2025-02-27 15:59:00+01:00,Short,Canal Exit,25.52000000000182,2.0,winner,2894.7000000000003,2893.3,11.400000000000091,0.8999999999996362,15.700000000000273,0.07894736842102008,1.3771929824561533,3,0,15,0.13472898745984355,0.2763671537637752,28.750329433389975,-21.591435246833278,-7.889704005983904,1,2.0283965564594837,3,MGC_v3
2025-02-28 12:15:00+01:00,2025-02-28 12:57:00+01:00,Short,Stop Loss,-235.4400000000109,6.0,loser,2872.8,2876.6000000000004,3.800000000000182,4.599999999999909,0.8000000000001819,1.2105263157893917,0.21052631578951148,6,3,12,0.07658033973822814,0.10790866054023632,26.908451650627434,-9.295749409538889,-0.31193176677388407,1,0.5646080591723148,3,MGC_v3
2025-03-03 02:48:00+01:00,2025-03-03 04:05:00+01:00,Long,Stop Loss,-255.72000000000273,3.0,loser,2883.7000000000003,2875.3000000000006,8.400000000000091,9.800000000000182,0.6999999999998181,1.1666666666666756,0.08333333333331078,11,4,2,0.06241980788569294,0.0901619447237892,19.58282985268088,20.238980585378197,2.0473026938370977,0,2.31219883770882,1,MGC_v3
2025-03-03 05:36:00+01:00,2025-03-03 06:25:00+01:00,Long,Canal Exit,-120.72000000000273,3.0,loser,2876.7000000000003,2872.8000000000006,7.599999999999909,4.500000000000455,1.3999999999996362,0.5921052631579616,0.1842105263157438,7,2,5,0.05214308061320263,0.11471477734903629,-17.29984180184853,20.449300586268535,-6.969977622930449,1,0.23915563374612248,3,MGC_v3
2025-03-03 08:17:00+01:00,2025-03-03 09:41:00+01:00,Short,Stop Loss,-235.43999999998363,6.0,loser,2872.7000000000003,2876.5,3.799999999999727,4.699999999999818,3.900000000000091,1.2368421052631988,1.0263157894737818,12,0,8,0.006962091412253912,0.06613986841645965,23.8704740695701,-14.643756940103588,-0.057792282106504445,1,1.9812192926283387,3,MGC_v3
2025-03-03 14:14:00+01:00,2025-03-03 15:31:00+01:00,Short,Stop Loss,-260.9600000000036,4.0,loser,2882.3,2888.7000000000003,6.400000000000091,7.199999999999818,2.600000000000364,1.1249999999999556,0.40625000000005107,11,0,14,0.07979738403357481,0.12836970474965698,22.650936696342868,-25.218004470320018,-0.19298099879516428,0,1.590261330354224,2,MGC_v3
2025-03-03 21:49:00+01:00,2025-03-03 21:56:00+01:00,Long,Auto-Close (profit),33.52000000000364,2.0,winner,2899.5,2901.3,12.0,0.5,2.599999999999909,0.041666666666666664,0.2166666666666591,1,1,21,0.07932402138300335,0.17589239524055558,17.119144130422605,31.052377949689287,-9.544563863033176,0,0.7722290083056578,3,MGC_v3
2025-03-04 00:21:00+01:00,2025-03-04 00:56:00+01:00,Short,Canal Exit,117.32000000001273,7.0,winner,2903.3,2901.5,3.400000000000091,0.6999999999998181,2.400000000000091,0.20588235294111745,0.7058823529411843,5,0,0,0.003444356421999416,0.020666138532012157,42.65157247186441,-26.232574756221197,3.7811929056646334,1,1.914273774400499,3,MGC_v3
2025-03-04 12:08:00+01:00,2025-03-04 14:35:00+01:00,Long,Canal Exit,371.03999999998547,4.0,winner,2927.6000000000004,2937.0,5.800000000000182,1.300000000000182,12.199999999999818,0.2241379310345071,2.1034482758619717,21,0,12,0.04440497335700667,0.09905724825796185,-38.86832986486809,28.645170979446185,21.919448024892,0,7.214521508044527,2,MGC_v3
2025-03-04 15:03:00+01:00,2025-03-04 20:18:00+01:00,Short,Canal Exit,287.0400000000073,4.0,winner,2931.7000000000003,2924.4,6.5,0.09999999999990905,20.800000000000182,0.015384615384601393,3.200000000000028,45,0,15,0.04775386294641645,0.08527475526145241,-10.820992631994216,-19.894135590928485,11.26594809658086,0,2.3054707448427507,3,MGC_v3
2025-03-05 04:26:00+01:00,2025-03-05 07:14:00+01:00,Long,Canal Exit,302.28000000000816,3.0,winner,2920.5,2930.7000000000003,7.699999999999818,1.900000000000091,12.0,0.2467532467532644,1.5584415584415952,24,0,4,0.01712035610340695,0.030816640986120056,-20.668324805968627,31.252903961225044,-5.771029879623564,1,1.2448967546797576,3,MGC_v3
2025-03-05 14:28:00+01:00,2025-03-05 14:56:00+01:00,Short,Canal Exit,95.52000000000182,2.0,winner,2918.9,2914.0,11.200000000000273,2.900000000000091,15.5,0.25892857142857323,1.3839285714285376,4,3,14,0.2158347322621442,0.22268662852442858,-10.607799427133033,-14.54361445151893,-9.581133952174557,0,1.1868200010339933,4,MGC_v3
2025-03-06 01:10:00+01:00,2025-03-06 01:24:00+01:00,Long,Stop Loss,-272.3999999999909,10.0,loser,2928.9,2926.3,2.599999999999909,2.900000000000091,0.0,1.1153846153846894,0.0,2,0,1,0.05121376626037079,0.06828502168049438,-36.3529006906048,22.75605268385727,-6.9544126867403095,0,0.8459732197197809,1,MGC_v3
2025-03-06 02:20:00+01:00,2025-03-06 02:55:00+01:00,Long,Canal Exit,310.5600000000109,6.0,winner,2927.9,2933.2000000000003,4.0,0.20000000000027285,7.299999999999727,0.05000000000006821,1.8249999999999318,5,0,2,0.023907920352480374,0.030738754738909992,-30.6817323694394,32.73445085185997,-14.35156544677817,0,0.24536568229814293,5,MGC_v3
2025-03-06 13:04:00+01:00,2025-03-06 14:14:00+01:00,Short,Stop Loss,-253.68,7.0,loser,2912.4,2915.9,3.5,4.799999999999727,6.099999999999909,1.3714285714284935,1.742857142857117,10,0,13,0.02060156571899152,0.04463672572447902,28.362176302851406,-3.9204461974093325,-7.4178743426014195,1,6.5786279448966525,2,MGC_v3
2025-03-06 17:16:00+01:00,2025-03-06 21:56:00+01:00,Long,Auto-Close (loss),-178.48000000000363,2.0,loser,2926.2000000000003,2917.4,9.700000000000273,9.300000000000182,3.599999999999909,0.95876288659793,0.3711340206185369,40,0,17,0.11277424646298022,0.18112227462236782,19.86864968959226,24.061104830827812,19.529817805392362,0,2.2306485209273887,3,MGC_v3
2025-03-07 00:56:00+01:00,2025-03-07 01:59:00+01:00,Short,Canal Exit,334.32000000000636,7.0,winner,2917.2000000000003,2912.3,3.599999999999909,0.0,12.000000000000455,0.0,3.333333333333544,9,0,0,0.0034279446044276638,0.03770739064857959,11.36259385247469,-29.905657156458922,-6.455653784599069,1,1.517938502674042,3,MGC_v3
2025-03-07 02:41:00+01:00,2025-03-07 10:02:00+01:00,Long,Canal Exit,265.5200000000018,2.0,winner,2915.7000000000003,2929.1000000000004,10.599999999999909,6.500000000000455,15.599999999999909,0.6132075471698595,1.4716981132075513,63,0,2,0.054875330109404576,0.19892307164659354,-17.032247073322406,18.168134350324028,-1.879911090528735,1,0.45916070644125284,3,MGC_v3
2025-03-07 14:14:00+01:00,2025-03-07 14:35:00+01:00,Short,Stop Loss,-176.48000000000545,2.0,loser,2921.9,2930.6000000000004,8.700000000000273,12.0,5.700000000000273,1.379310344827543,0.6551724137931143,3,0,14,0.12320750196789448,0.1779663917314014,38.85737916799494,-28.78708978472431,-0.8964137313309607,0,0.6004367756286229,2,MGC_v3
2025-03-07 20:04:00+01:00,2025-03-07 20:18:00+01:00,Short,Stop Loss,-251.20000000000454,5.0,loser,2913.3,2918.2000000000003,4.900000000000091,5.0,0.0,1.0204081632652873,0.0,2,0,20,0.05148800329523221,0.058353070401272536,21.635732026759264,-2.578150823973914,-15.193432766486769,1,1.8553406391583849,2,MGC_v3
2025-03-07 20:53:00+01:00,2025-03-07 21:35:00+01:00,Short,Stop Loss,-251.20000000000454,5.0,loser,2913.5,2918.4,4.900000000000091,4.900000000000091,0.6999999999998181,1.0,0.14285714285710308,6,0,20,0.01716148961729878,0.06178136262228186,11.387250615908165,-24.66709141057958,-8.17659202512016,1,3.1383170094222805,1,MGC_v3
2025-03-10 14:24:00+01:00,2025-03-10 15:06:00+01:00,Short,Stop Loss,-176.48000000000545,2.0,loser,2906.4,2915.1000000000004,8.700000000000273,9.099999999999909,3.0,1.0459770114942095,0.34482758620688575,6,0,15,0.13418662262593212,0.20300027525461364,20.48984179037446,-24.095894658171694,-13.278667984234096,1,3.106717026100341,2,MGC_v3
2025-03-10 16:51:00+01:00,2025-03-10 17:05:00+01:00,Short,Canal Exit,-42.71999999999181,3.0,loser,2910.6000000000004,2911.9,7.099999999999909,3.0999999999994543,0.5000000000004547,0.4366197183097879,0.07042253521133256,2,0,17,0.017178588607160036,0.027485741771446685,11.228705285448463,-8.130181048021532,-5.955392556446242,1,0.49177138734557957,2,MGC_v3
2025-03-11 14:24:00+01:00,2025-03-11 15:48:00+01:00,Long,Canal Exit,159.03999999999635,4.0,winner,2918.2000000000003,2922.3,6.200000000000273,2.0000000000004547,11.099999999999909,0.3225806451613495,1.7903225806450678,12,0,15,0.03426769926667124,0.14735110684667696,-29.11157317701323,1.8066829512125473,4.067007269131115,0,3.0878979577119026,3,MGC_v3
2025-03-11 16:51:00+01:00,2025-03-11 20:14:00+01:00,Long,Canal Exit,127.03999999998909,4.0,winner,2923.6000000000004,2926.9,6.400000000000091,3.800000000000182,3.399999999999636,0.59375000000002,0.5312499999999356,29,1,17,0.01710220276371597,0.03762484608017202,-11.804842895779,2.1564421150464854,14.763530398629339,0,0.7310330895370498,1,MGC_v3
2025-03-12 14:17:00+01:00,2025-03-12 15:13:00+01:00,Short,Canal Exit,-134.47999999999817,2.0,loser,2916.1000000000004,2922.7000000000003,11.399999999999636,8.299999999999727,4.900000000000546,0.7280701754385958,0.42982456140357034,8,0,15,0.13374026953808482,0.22975892459105718,17.626999593117688,-32.57300553175375,7.9372043806890975,1,1.7855246508179334,1,MGC_v3
2025-03-13 00:24:00+01:00,2025-03-13 01:20:00+01:00,Short,Stop Loss,-246.67999999997454,7.0,loser,2943.1000000000004,2946.5,3.399999999999636,3.699999999999818,4.547473508864641e-13,1.08823529411771,1.3374922084897435e-13,8,0,1,0.0135911114131389,0.057762223505836464,24.763900342731077,-31.209469667943765,-8.787372352897822,1,0.9828239743064842,1,MGC_v3
2025-03-13 14:31:00+01:00,2025-03-13 15:06:00+01:00,Long,Canal Exit,69.51999999999818,2.0,winner,2959.7000000000003,2963.3,11.900000000000091,2.100000000000364,4.299999999999727,0.17647058823532333,0.36134453781510034,5,0,15,0.17231476163124335,0.2567827820387171,-10.947720970428339,31.46241603459506,-0.06768684805106062,0,1.5209866713275915,2,MGC_v3
2025-03-14 03:47:00+01:00,2025-03-14 04:50:00+01:00,Short,Stop Loss,-259.4399999999891,6.0,loser,2998.6000000000004,3002.8000000000006,4.199999999999818,4.499999999999545,1.800000000000182,1.0714285714285097,0.42857142857149044,9,0,4,0.04335356499700467,0.07003268191824064,21.834990103448277,-32.8310732453039,6.195298993329831,0,0.3363292485892089,2,MGC_v3
2025-03-14 18:43:00+01:00,2025-03-14 19:53:00+01:00,Short,Canal Exit,382.08000000000726,8.0,winner,2998.6000000000004,2993.7000000000003,3.099999999999909,1.3999999999996362,5.400000000000546,0.45161290322570236,1.741935483871195,10,1,19,0.0033348896151507053,0.06669779230307477,22.566431747528895,-13.726800676728121,-2.179873600534198,1,2.4902581733122133,4,MGC_v3
2025-03-17 00:52:00+01:00,2025-03-17 01:13:00+01:00,Short,Canal Exit,83.79999999998635,5.0,winner,2997.5,2995.7000000000003,4.900000000000091,1.099999999999909,3.0,0.22448979591834461,0.6122448979591724,3,0,1,0.06005004170142391,0.07339449541283796,34.52946746117258,-26.90692678166481,2.8250294413847046,1,1.1619078889707453,3,MGC_v3
2025-03-17 06:56:00+01:00,2025-03-17 10:26:00+01:00,Long,Canal Exit,432.3199999999809,7.0,winner,2994.6000000000004,3000.9,3.400000000000091,3.100000000000364,6.599999999999454,0.9117647058824355,1.9411764705880228,30,0,7,0.01001803245843124,0.04007212983369459,-36.149996256111145,31.67831022607829,-4.4448575753810164,1,0.958905627772765,1,MGC_v3
2025-03-17 17:05:00+01:00,2025-03-17 17:47:00+01:00,Short,Canal Exit,33.80000000000909,5.0,winner,3003.8,3003.0,4.400000000000091,1.0,3.400000000000091,0.22727272727272257,0.7727272727272774,6,4,18,0.03994939742993118,0.11651907583728792,17.62516098917359,-0.8876850786730186,10.682871195844967,0,0.8659331957887844,6,MGC_v3
2025-03-18 12:04:00+01:00,2025-03-18 13:21:00+01:00,Long,Canal Exit,369.32000000000636,7.0,winner,3031.5,3036.9,3.699999999999818,0.5,9.0,0.13513513513514178,2.432432432432552,11,3,13,0.003298697014676202,0.046181758205496824,-15.375288533385177,2.1215700985249386,7.360346209875236,0,1.8373446131090532,5,MGC_v3
2025-03-18 20:14:00+01:00,2025-03-18 20:56:00+01:00,Long,Auto-Close (loss),-88.95999999999636,4.0,loser,3044.8,3042.7000000000003,5.400000000000091,2.5,0.1999999999998181,0.46296296296295514,0.03703703703700273,6,5,21,0.032842879663688915,0.045980031529167464,11.852425501429835,15.760876259838998,7.556473055538241,1,1.6073607322778116,3,MGC_v3
2025-03-18 23:49:00+01:00,2025-03-19 00:17:00+01:00,Long,Stop Loss,-275.8399999999854,16.0,loser,3040.8,3039.2000000000003,1.599999999999909,2.200000000000273,0.8999999999996362,1.3750000000002487,0.5624999999998046,4,0,0,0.009865824782957836,0.032886082609839516,-31.92952336589614,9.13305226512393,3.5309819525940127,0,0.9079100019080215,3,MGC_v3
2025-03-20 14:10:00+01:00,2025-03-20 15:34:00+01:00,Short,Canal Exit,-78.48000000000364,2.0,loser,3040.0,3043.8,11.100000000000364,5.300000000000182,2.400000000000091,0.4774774774774782,0.2162162162162173,12,0,15,0.0723684210526256,0.21710526315789175,33.94359356400946,-32.8612480019306,-8.146422360970632,1,5.613611747473442,3,MGC_v3
2025-03-20 23:49:00+01:00,2025-03-21 01:13:00+01:00,Long,Stop Loss,-252.4000000000091,10.0,loser,3053.1000000000004,3050.7000000000003,2.400000000000091,2.600000000000364,1.8999999999996362,1.0833333333334438,0.7916666666664851,12,0,0,0.058956470472625436,0.06878254888473712,-30.63331768032697,9.938748078055925,7.0834447242039005,0,2.152063132699368,3,MGC_v3
2025-03-21 11:08:00+01:00,2025-03-21 11:57:00+01:00,Long,Canal Exit,-126.20000000000455,5.0,loser,3039.3,3036.9,4.800000000000182,3.300000000000182,1.0,0.6875000000000119,0.20833333333332543,7,0,12,0.00987069390977288,0.09212647649128836,-27.926203964259212,30.603364249639448,-0.8031227392203547,0,0.362043753530088,2,MGC_v3
2025-03-21 17:47:00+01:00,2025-03-21 18:08:00+01:00,Short,Stop Loss,-255.63999999997998,11.0,loser,3021.2000000000003,3023.4,2.199999999999818,2.299999999999727,0.8000000000001819,1.0454545454545079,0.3636363636364764,3,2,18,0.05295908910366441,0.06619886137958428,23.947010007305458,-1.508745274853311,-14.738303526435237,1,5.737257260827391,2,MGC_v3
2025-03-24 01:27:00+01:00,2025-03-24 03:54:00+01:00,Short,Canal Exit,460.3200000000191,7.0,winner,3028.1000000000004,3021.4,3.599999999999909,1.7999999999997272,8.800000000000182,0.49999999999993683,2.4444444444445566,21,0,2,0.006604801690838244,0.03962881014498441,25.561371072471935,-32.58193243275478,3.18725342523735,0,1.385300814983566,4,MGC_v3
2025-03-24 11:15:00+01:00,2025-03-24 12:11:00+01:00,Long,Canal Exit,-63.72,3.0,loser,3034.7000000000003,3032.7000000000003,7.5,3.100000000000364,3.699999999999818,0.41333333333338185,0.4933333333333091,8,0,12,0.0626091541173637,0.1416944014235105,-45.2486951736118,31.32953131854843,6.621567271015062,0,2.343489975513876,2,MGC_v3
2025-03-24 16:58:00+01:00,2025-03-24 19:04:00+01:00,Long,Stop Loss,-210.4800000000018,2.0,loser,3020.2000000000003,3009.8,10.400000000000091,11.600000000000364,0.599999999999909,1.1153846153846405,0.057692307692298446,18,1,17,0.029799351036343166,0.029799351036343166,-42.86338445832669,32.62072774564081,-16.484710359491626,1,3.189269386939486,1,MGC_v3
2025-03-25 01:13:00+01:00,2025-03-25 02:30:00+01:00,Long,Canal Exit,281.4,15.0,winner,3015.3,3017.3,1.699999999999818,0.8000000000001819,4.099999999999909,0.470588235294275,2.4117647058825575,11,0,2,0.013265678373615766,0.03979703512086238,-27.235082173221926,23.805175997937276,7.681309542244205,0,1.3001331420909992,2,MGC_v3
2025-03-25 16:02:00+01:00,2025-03-25 16:23:00+01:00,Short,Canal Exit,33.519999999994546,2.0,winner,3029.9,3028.1000000000004,12.400000000000091,0.5,5.099999999999909,0.040322580645161,0.4112903225806348,3,1,17,0.08251097395953662,0.08911185187629354,-11.836964890636498,-16.64650556146263,11.349847136322701,0,1.5865800590190702,3,MGC_v3
2025-03-25 17:26:00+01:00,2025-03-25 18:15:00+01:00,Long,Stop Loss,-249.92,8.0,loser,3028.9,3025.9,3.0,3.200000000000273,2.799999999999727,1.0666666666667577,0.9333333333332424,7,0,18,0.003301528607742383,0.04291987190068101,15.200394916884061,18.351428020884136,3.766871129560056,0,3.161324373489151,4,MGC_v3
2025-03-25 19:18:00+01:00,2025-03-25 20:56:00+01:00,Short,Auto-Close (loss),-21.720000000010913,3.0,loser,3025.0,3025.6000000000004,6.800000000000182,1.400000000000091,1.900000000000091,0.20588235294118434,0.27941176470588824,14,5,20,0.03305785123966942,0.10578512396693615,19.208485536762105,-19.476387164389863,-14.626873593923715,1,0.011018794029951096,3,MGC_v3
2025-03-25 21:59:00+01:00,2025-03-25 23:07:00+01:00,Short,Stop Loss,-286.71999999989816,28.0,loser,3026.1000000000004,3027.0,0.8999999999996362,1.4999999999995453,0.8000000000001819,1.666666666666835,0.8888888888894503,2,0,22,0.0033045834572522077,0.006609166914504415,33.082279254528665,-28.326482600793362,1.705657254309466,1,1.421794961967862,1,MGC_v3
2025-03-26 17:40:00+01:00,2025-03-26 19:04:00+01:00,Short,Stop Loss,-260.67999999999364,7.0,loser,3022.3,3025.9,3.599999999999909,3.799999999999727,1.300000000000182,1.0555555555555065,0.3611111111111708,12,0,18,0.019852430268335674,0.0794097210733427,27.89239120694684,-1.9389164266746146,-17.896369116885747,1,2.923676766060453,4,MGC_v3
2025-03-27 07:52:00+01:00,2025-03-27 08:41:00+01:00,Long,Canal Exit,334.32000000000636,7.0,winner,3037.7000000000003,3042.600000000001,3.599999999999909,0.5000000000004547,7.099999999999909,0.1388888888890187,1.9722222222222467,7,0,8,0.023043750205741783,0.07571517924744797,-26.578976311826473,9.935887169415832,6.967215067190969,0,3.4639574114626157,3,MGC_v3
2025-03-27 17:05:00+01:00,2025-03-27 18:08:00+01:00,Short,Canal Exit,14.280000000010915,3.0,winner,3064.1000000000004,3063.5,7.299999999999727,3.899999999999636,2.800000000000182,0.5342465753424359,0.3835616438356557,9,0,18,0.01305440422962994,0.03263601057408227,17.343620703432062,-27.72598583193642,5.723378404948664,1,1.2663485088060042,1,MGC_v3
2025-03-27 18:50:00+01:00,2025-03-27 19:53:00+01:00,Long,Canal Exit,79.04000000001456,4.0,winner,3066.0,3068.1000000000004,6.299999999999727,0.0,4.0,0.0,0.6349206349206624,9,0,19,0.04566210045662397,0.09458577951728933,-15.095728588556714,32.98342613275126,15.278487113704259,0,3.6792783480459548,3,MGC_v3
2025-03-28 14:52:00+01:00,2025-03-28 15:27:00+01:00,Long,Stop Loss,-140.23999999999637,1.0,loser,3119.0,3105.1000000000004,13.899999999999636,15.5,3.400000000000091,1.115107913669094,0.24460431654677553,5,0,15,0.10259698621352414,0.2661109329913492,-35.665482863501346,33.742626232965584,2.0418962629043262,0,1.4455359835901618,2,MGC_v3
2025-03-28 18:22:00+01:00,2025-03-28 18:50:00+01:00,Short,Canal Exit,131.28,3.0,winner,3114.4,3109.9,7.099999999999909,1.199999999999818,5.400000000000091,0.1690140845070188,0.7605633802817127,4,1,19,0.10595941433341018,0.12522476239402888,24.14629090902477,-11.30446364831153,0.40822422200955516,0,0.4034027048965072,4,MGC_v3
2025-03-31 15:24:00+02:00,2025-03-31 15:45:00+02:00,Short,Canal Exit,139.5199999999982,2.0,winner,3147.8,3140.7000000000003,12.800000000000182,0.3999999999996362,16.300000000000182,0.031249999999971134,1.2734374999999962,3,1,15,0.2096702458860127,0.23826164305229047,-15.821100844577419,-18.246592044536605,16.26588462504813,0,0.5352801862063643,3,MGC_v3
2025-03-31 16:41:00+02:00,2025-03-31 17:02:00+02:00,Long,Canal Exit,0.759999999998181,1.0,winner,3154.8,3155.0,23.40000000000009,1.300000000000182,2.599999999999909,0.055555555555563116,0.11111111111110679,3,0,16,0.04437682261950332,0.1965259287435106,14.924807826441002,30.936372618543807,1.9710868258201828,0,0.6939336512941736,3,MGC_v3
2025-04-01 10:51:00+02:00,2025-04-01 12:15:00+02:00,Short,Stop Loss,-213.72,3.0,loser,3157.0,3164.0,7.0,8.300000000000182,0.0,1.1857142857143117,0.0,12,0,10,0.031675641431738996,0.10136205258157342,35.24759120887831,-34.0510758592256,-19.350773802027966,1,4.460990364600548,1,MGC_v3
2025-04-01 12:50:00+02:00,2025-04-01 13:46:00+02:00,Short,Canal Exit,29.279999999997273,3.0,winner,3161.9,3160.8000000000006,7.0,3.5,4.200000000000273,0.5,0.600000000000039,8,0,12,0.006325310730883902,0.06957841803978045,36.401549489583346,-28.641798857355646,-7.8067890182395745,1,3.0472136844418856,3,MGC_v3
2025-04-01 14:28:00+02:00,2025-04-01 15:10:00+02:00,Long,Canal Exit,99.03999999999637,4.0,winner,3162.2000000000003,3164.8,5.900000000000091,0.8000000000001819,5.699999999999818,0.13559322033901178,0.9661016949152085,6,0,14,0.05692239580039789,0.12016950224527803,-15.696799757581267,32.30607987526078,-3.193029891940685,0,1.0331299673098329,1,MGC_v3
2025-04-01 16:27:00+02:00,2025-04-01 18:05:00+02:00,Short,Canal Exit,327.52,2.0,winner,3156.5,3140.0,11.100000000000364,8.099999999999909,18.90000000000009,0.7297297297296976,1.7027027027026551,14,2,16,0.09187391097735122,0.10771424045620437,22.898926625685597,-26.980389018517215,6.196512342739574,0,2.0950926999366857,1,MGC_v3
2025-04-02 01:38:00+02:00,2025-04-02 02:20:00+02:00,Long,Canal Exit,510.8399999999754,9.0,winner,3145.7000000000003,3151.5,2.700000000000273,1.400000000000091,6.599999999999909,0.5185185185184998,2.4444444444441635,6,0,1,0.054042025622272255,0.07947356709158535,-16.211316752938785,3.647959179119873,1.7366360766146784,0,1.4835894113484756,3,MGC_v3
2025-04-02 21:00:00+02:00,2025-04-02 21:56:00+02:00,Long,Auto-Close (loss),-141.1999999999909,5.0,loser,3165.8,3163.1000000000004,4.5,3.700000000000273,1.7999999999997272,0.8222222222222828,0.39999999999993935,8,0,21,0.08844525870238745,0.10739781413860923,-23.500997117937658,7.0479619167486955,3.1151932866164684,0,3.6280498831101795,2,MGC_v3
2025-04-03 10:44:00+02:00,2025-04-03 12:15:00+02:00,Short,Canal Exit,808.800000000009,5.0,winner,3151.3,3135.0,4.800000000000182,1.2999999999997272,21.40000000000009,0.2708333333332662,4.458333333333183,13,0,10,0.02538634849109025,0.06981245835051623,39.01160276705555,-17.677583046760127,-8.344022236097164,1,7.125678655606862,1,MGC_v3
2025-04-03 19:36:00+02:00,2025-04-03 21:07:00+02:00,Long,Canal Exit,74.27999999999727,3.0,winner,3128.3,3130.9,7.900000000000091,4.600000000000364,5.099999999999909,0.5822784810126975,0.6455696202531456,13,4,19,0.08630885784612322,0.1630278425982279,-22.733521600759495,8.163866538065072,3.641170097421674,0,6.735541336902315,3,MGC_v3
2025-04-07 16:27:00+02:00,2025-04-07 16:48:00+02:00,Short,Canal Exit,85.75999999999819,1.0,winner,3024.4,3015.7000000000003,32.20000000000027,3.599999999999909,12.200000000000273,0.11180124223602107,0.378881987577645,3,0,16,0.19177357492394284,0.7274170083322312,25.834496336479866,-7.243514447235011,-2.3127665473939487,1,1.8524648744296428,3,MGC_v3
2025-04-08 00:49:00+02:00,2025-04-08 01:24:00+02:00,Long,Stop Loss,-264.96,4.0,loser,3003.1000000000004,2996.6000000000004,6.5,7.000000000000455,1.699999999999818,1.0769230769231468,0.2615384615384336,5,0,0,0.0599380640005237,0.06659784888946572,-30.089508733863315,19.288945603449847,13.89226489122492,0,0.29746788925149303,1,MGC_v3
2025-04-08 02:13:00+02:00,2025-04-08 03:44:00+02:00,Long,Canal Exit,407.2799999999945,3.0,winner,2999.6000000000004,3013.3000000000006,6.600000000000364,3.600000000000364,17.399999999999636,0.5454545454545705,2.636363636363436,13,0,2,0.060008001066814975,0.2166955594079362,-42.469535902218,30.60679706221249,2.4091006237951675,0,4.99452272616054,2,MGC_v3
2025-04-08 15:24:00+02:00,2025-04-08 17:16:00+02:00,Long,Canal Exit,-67.23999999999909,1.0,loser,3030.3,3023.7000000000003,14.0,13.300000000000182,3.5,0.950000000000013,0.25,16,0,15,0.0363000363000333,0.0528000528000498,-26.40534371700427,25.55584636484476,9.649644011784623,0,3.1685491814678244,1,MGC_v3
2025-04-08 21:07:00+02:00,2025-04-08 21:56:00+02:00,Short,Auto-Close (loss),-44.47999999999818,2.0,loser,2996.9,2999.0,10.5,4.0,6.200000000000273,0.38095238095238093,0.5904761904762165,7,0,21,0.09009309619939998,0.15349194167305913,17.1392884546153,-27.772084330544374,-14.74820357411175,1,7.668731098366152,2,MGC_v3
2025-04-09 01:17:00+02:00,2025-04-09 02:20:00+02:00,Short,Canal Exit,-52.48,2.0,loser,2995.0,2997.5,10.700000000000273,5.5,12.0,0.5140186915887719,1.1214953271027752,9,1,1,0.0333889816360601,0.2136894824707877,15.052175599232779,-4.200355499673266,3.768799439692438,1,1.4383129287616612,3,MGC_v3
2025-04-09 17:16:00+02:00,2025-04-09 19:29:00+02:00,Long,Stop Loss,-201.24,1.0,loser,3100.9,3080.9,20.0,28.5,16.0,1.425,0.8,19,0,17,0.23541552452514375,0.4256828662646417,-37.6021079818716,17.124139775664013,-0.5446648838009679,0,4.832004110567141,3,MGC_v3
2025-04-09 21:00:00+02:00,2025-04-09 21:28:00+02:00,Long,Canal Exit,151.7600000000018,1.0,winner,3095.5,3110.8,31.899999999999636,0.0,19.5,0.0,0.6112852664576872,4,1,21,0.3811985139719006,0.4199644645453077,15.129865778801468,18.68924425702226,-6.9002262639577525,0,1.7038073301819168,4,MGC_v3
2025-04-10 01:31:00+02:00,2025-04-10 02:41:00+02:00,Long,Canal Exit,97.75999999999637,1.0,winner,3099.1000000000004,3109.0,13.300000000000182,2.9000000000005457,17.899999999999636,0.21804511278199293,1.3458646616540897,10,3,1,0.009680229744110458,0.1355232164176638,-16.082971388930858,9.085698430570716,16.941166431950144,0,0.7218291718036198,2,MGC_v3
2025-04-10 13:04:00+02:00,2025-04-10 13:25:00+02:00,Short,Stop Loss,-204.48000000000727,2.0,loser,3130.0,3140.1000000000004,10.100000000000364,10.699999999999818,0.5,1.0594059405940033,0.049504950495047724,3,0,13,0.03194888178913738,0.19808306709264595,39.33161706024151,-30.28067993474282,3.6903068202770157,1,4.985119173185012,2,MGC_v3
2025-04-10 16:06:00+02:00,2025-04-10 16:27:00+02:00,Long,Canal Exit,15.75999999999818,1.0,winner,3161.7000000000003,3163.4,28.300000000000182,2.900000000000091,5.799999999999727,0.10247349823321811,0.20494699646642014,3,1,16,0.189771325552709,0.8444823987095493,-20.6052536515921,19.400354449443178,9.905310810420355,0,1.7300406597887559,3,MGC_v3
2025-04-10 19:22:00+02:00,2025-04-10 21:28:00+02:00,Long,Canal Exit,261.51999999999634,2.0,winner,3179.6000000000004,3192.8,11.700000000000273,4.400000000000546,14.499999999999545,0.3760683760684139,1.2393162393161716,18,0,19,0.056610894452123764,0.15096238520567767,-23.397839594613632,7.086553770345393,14.793719119777103,0,12.048936786954073,3,MGC_v3
2025-04-11 15:59:00+02:00,2025-04-11 17:09:00+02:00,Short,Canal Exit,-91.24,1.0,loser,3244.1000000000004,3253.1000000000004,18.0,11.899999999999636,4.700000000000273,0.6611111111110909,0.2611111111111263,10,0,15,0.1202182423476493,0.19419869917697302,13.041973222006234,-28.917068422193736,0.28072991795180824,1,3.503252880455875,1,MGC_v3
2025-04-11 17:51:00+02:00,2025-04-11 18:40:00+02:00,Long,Canal Exit,-66.24,1.0,loser,3257.4,3250.9,13.900000000000091,10.599999999999909,5.5,0.7625899280575424,0.3956834532374075,7,5,17,0.036839196905515834,0.1013077914901511,13.676897629635416,16.70270993773729,4.699217017370776,1,3.304229559083069,3,MGC_v3
2025-04-14 00:07:00+02:00,2025-04-14 00:21:00+02:00,Short,Canal Exit,45.75999999999818,1.0,winner,3240.4,3235.7000000000003,16.700000000000273,0.0,11.300000000000182,0.0,0.6766467065868261,2,1,0,0.277743488458215,0.7529934575978162,33.11250433884722,-14.049626819710992,-4.585491867188063,0,0.6792742226016344,2,MGC_v3
2025-04-14 01:45:00+02:00,2025-04-14 02:06:00+02:00,Long,Canal Exit,15.519999999992724,2.0,winner,3239.1000000000004,3240.0,10.100000000000364,2.300000000000182,2.899999999999636,0.22772277227723753,0.28712871287124075,3,0,1,0.06792010126269081,0.06792010126269081,-12.489912526959042,14.276438790233918,-9.693208780467298,0,0.5405306070197184,3,MGC_v3
2025-04-14 12:01:00+02:00,2025-04-14 12:29:00+02:00,Short,Canal Exit,297.52,2.0,winner,3237.6000000000004,3222.6000000000004,10.0,0.0999999999994543,16.000000000000455,0.009999999999945431,1.6000000000000454,4,0,12,0.021620953792941464,0.05868544600940653,-16.256470584424697,-19.760368893366987,-7.517098038202171,1,0.524350071869776,4,MGC_v3
2025-04-14 14:28:00+02:00,2025-04-14 15:03:00+02:00,Short,Canal Exit,89.7599999999991,1.0,winner,3227.9,3218.8,16.5,0.5,13.200000000000273,0.030303030303030304,0.8000000000000166,5,0,14,0.0402738622633826,0.4027386226339105,14.397547535544671,-29.648169434483492,5.9989569374868,1,5.17356009744708,2,MGC_v3
2025-04-14 21:42:00+02:00,2025-04-14 21:56:00+02:00,Long,Auto-Close (loss),-16.479999999996362,2.0,loser,3228.8,3228.1000000000004,12.199999999999818,1.7000000000002728,0.0,0.1393442622951064,0.0,2,1,21,0.05884539147671243,0.11459365708623244,16.308386690349202,19.55570830658014,11.2113466664564,0,0.39329991210706794,2,MGC_v3
2025-04-15 17:02:00+02:00,2025-04-15 17:51:00+02:00,Short,Canal Exit,-70.48000000000182,2.0,loser,3234.4,3237.8,9.0,6.5,0.0,0.7222222222222222,0.0,7,0,17,0.052559980212707705,0.12985406876081554,36.91169829086387,-31.33628993721367,3.6907385781097304,1,2.193470277466986,2,MGC_v3
2025-04-16 12:36:00+02:00,2025-04-16 13:04:00+02:00,Long,Stop Loss,-259.4399999999891,6.0,loser,3319.8,3315.6000000000004,4.199999999999818,6.600000000000364,3.0,1.5714285714287262,0.7142857142857452,4,0,12,0.006024459304771917,0.021085607566715407,-31.976868023713223,13.688783519960252,6.9237978074171,0,5.360315856813941,2,MGC_v3
2025-04-16 15:24:00+02:00,2025-04-16 15:38:00+02:00,Short,Canal Exit,113.52000000000363,2.0,winner,3320.7000000000003,3314.9,9.0,1.7999999999997272,8.100000000000364,0.19999999999996967,0.9000000000000404,2,0,15,0.0632396783810615,0.150570662812044,22.49926060193593,-24.3415493444651,0.8572807813553069,1,0.29544183274538227,2,MGC_v3
2025-04-17 11:54:00+02:00,2025-04-17 12:22:00+02:00,Short,Stop Loss,-224.96,4.0,loser,3335.3,3340.8,5.5,11.699999999999818,0.40000000000009095,2.127272727272694,0.07272727272728927,4,0,11,0.002998231043681499,0.005996462087362998,29.931059586100133,-25.381331472398518,-10.827772599662243,1,5.256867618577417,2,MGC_v3
2025-04-17 15:03:00+02:00,2025-04-17 15:17:00+02:00,Long,Stop Loss,-231.71999999999727,3.0,loser,3342.9,3335.3000000000006,7.599999999999909,7.599999999999909,0.09999999999990905,1.0,0.013157894736830296,2,0,15,0.04786263423972925,0.09273385383947796,-26.506182455006332,11.262036259537087,5.8404012540315575,0,2.3695154771794478,2,MGC_v3
2025-04-17 15:38:00+02:00,2025-04-17 15:45:00+02:00,Long,Stop Loss,-202.48,2.0,loser,3342.7000000000003,3332.7000000000003,10.0,10.300000000000182,0.1999999999998181,1.0300000000000182,0.01999999999998181,1,0,15,0.026924342597290703,0.19744517904686198,-15.159499447514763,1.7579707700690026,1.9769631697525027,0,2.5172733629578943,1,MGC_v3
2025-04-17 21:42:00+02:00,2025-04-17 21:56:00+02:00,Long,Auto-Close (profit),25.52000000000182,2.0,winner,3333.2000000000003,3334.6000000000004,9.5,1.400000000000091,1.9999999999995453,0.14736842105264114,0.21052631578942582,2,0,21,0.027001080043190816,0.09900396015839814,-15.960144499533584,31.8177716479193,12.181943710314957,0,5.702616778681659,2,MGC_v3
2025-04-21 13:39:00+02:00,2025-04-21 14:35:00+02:00,Long,Canal Exit,11.759999999997271,1.0,winner,3413.6000000000004,3414.9,15.700000000000273,3.300000000000182,5.799999999999727,0.2101910828025557,0.3694267515923329,8,0,13,0.09960159362550067,0.14647293180220297,-19.373441541652966,33.972458642291656,9.70803282328102,0,1.614450774177385,2,MGC_v3
2025-04-21 21:28:00+02:00,2025-04-21 21:49:00+02:00,Short,Canal Exit,23.520000000003638,2.0,winner,3432.1000000000004,3430.8,9.699999999999818,1.3999999999996362,4.000000000000455,0.1443298969071817,0.41237113402067316,3,0,21,0.08741004049998544,0.20104309314996913,36.47609176509499,-27.220130504328715,0.5219131160234411,1,2.804371759713831,3,MGC_v3
2025-04-22 00:00:00+02:00,2025-04-22 00:28:00+02:00,Long,Canal Exit,9.75999999999909,1.0,winner,3441.1000000000004,3442.2000000000003,13.100000000000364,2.0000000000004547,6.899999999999636,0.15267175572522132,0.526717557251866,4,3,0,0.17145680160414084,0.18598703902822036,18.306236806535345,19.42580250279947,8.70383817921062,1,0.8285264031283077,4,MGC_v3
2025-04-22 12:50:00+02:00,2025-04-22 15:31:00+02:00,Short,Canal Exit,253.76,1.0,winner,3465.6000000000004,3440.1000000000004,14.899999999999636,10.999999999999545,34.30000000000018,0.7382550335570345,2.3020134228188605,23,0,12,0.03751154201291918,0.1298476454293629,28.182178732848293,-32.50890494028282,-13.706100026110729,1,6.832074338742132,2,MGC_v3
2025-04-22 16:34:00+02:00,2025-04-22 17:58:00+02:00,Long,Stop Loss,-287.24000000000365,1.0,loser,3448.1000000000004,3419.5,28.600000000000364,32.000000000000455,1.0999999999994543,1.1188811188811205,0.03846153846151889,12,0,16,0.03770192279806798,0.194309909805408,-24.947882168710343,27.630384547345805,-14.274797256298802,1,1.9358988562898958,1,MGC_v3
2025-04-23 19:08:00+02:00,2025-04-23 20:18:00+02:00,Short,Canal Exit,92.76000000000091,1.0,winner,3301.4,3292.0,17.800000000000182,1.0,12.400000000000091,0.0561797752808983,0.6966292134831441,10,0,19,0.32410492518325007,0.4089174289695281,34.65219037190904,-13.109168261331087,-7.924656918669262,1,15.27553993019319,4,MGC_v3
2025-04-23 21:07:00+02:00,2025-04-23 21:28:00+02:00,Long,Canal Exit,53.52000000000364,2.0,winner,3302.4,3305.2000000000003,11.699999999999818,0.7000000000002728,7.099999999999909,0.05982905982908408,0.6068376068376085,3,0,21,0.11809593023256089,0.1968265503875969,-11.397317233869604,34.704571748307615,3.720139948762467,0,0.8204408496694668,1,MGC_v3
2025-04-24 00:07:00+02:00,2025-04-24 00:28:00+02:00,Long,Canal Exit,8.76,1.0,winner,3322.7000000000003,3323.7000000000003,25.90000000000009,5.000000000000455,1.8999999999996362,0.19305019305020993,0.07335907335905906,3,0,0,0.07824961627591745,0.6831793421012977,-21.12642686379764,33.73018524778816,7.963311917325788,0,0.40820561459077,3,MGC_v3
2025-04-24 08:10:00+02:00,2025-04-24 08:59:00+02:00,Short,Stop Loss,-147.2399999999991,1.0,loser,3330.8,3345.4,14.599999999999909,17.199999999999818,6.0,1.1780821917808169,0.4109589041095916,7,0,8,0.16212321364235727,0.19214603098353655,20.436656868349463,-22.386322843300714,-16.337584465024758,1,4.147920099358089,1,MGC_v3
2025-04-24 10:23:00+02:00,2025-04-24 10:44:00+02:00,Short,Stop Loss,-225.71999999998908,3.0,loser,3343.6000000000004,3351.0,7.399999999999636,8.899999999999636,1.6000000000003638,1.2027027027027126,0.216216216216276,3,0,10,0.1555209953343647,0.32599593252780346,10.293297631629041,-3.0685597104219458,-6.276437808147634,1,3.446867106124955,1,MGC_v3
2025-04-24 15:17:00+02:00,2025-04-24 21:28:00+02:00,Short,Canal Exit,-84.24000000000181,1.0,loser,3342.8,3351.1000000000004,13.900000000000091,9.099999999999909,25.90000000000009,0.6546762589927949,1.86330935251798,53,3,15,0.053847074308967985,0.20342228072275284,14.436246615427656,-27.715112520945723,1.8990070526023104,0,4.387544233625704,1,MGC_v3
2025-04-24 21:35:00+02:00,2025-04-24 21:56:00+02:00,Long,Auto-Close (profit),26.28,3.0,winner,3352.7000000000003,3353.7000000000003,7.700000000000273,1.300000000000182,6.399999999999636,0.16883116883118648,0.8311688311687545,3,2,21,0.053688072299929224,0.1580815462164741,-34.839020731666636,32.34210480685594,8.339180875375483,0,1.9841921180686768,3,MGC_v3
2025-04-25 05:08:00+02:00,2025-04-25 05:29:00+02:00,Long,Canal Exit,-148.95999999999637,4.0,loser,3360.7000000000003,3357.1000000000004,5.900000000000091,5.400000000000091,5.099999999999909,0.9152542372881369,0.8644067796609882,3,0,5,0.0,0.07141369357574585,-23.140497757103457,21.295726196393208,4.691810835630163,0,0.5507381367924609,2,MGC_v3
2025-04-25 13:11:00+02:00,2025-04-25 14:14:00+02:00,Short,Canal Exit,59.519999999998184,2.0,winner,3306.5,3303.4,10.600000000000364,4.099999999999909,8.699999999999818,0.38679245283016683,0.8207547169810867,9,0,13,0.13609556933313172,0.2026311810071017,39.03109458723122,-28.663462367452848,-2.4959748406206073,1,1.5723803474447777,2,MGC_v3
2025-04-25 17:09:00+02:00,2025-04-25 18:54:00+02:00,Short,Stop Loss,-156.24,1.0,loser,3283.3,3298.8,15.5,16.09999999999991,3.600000000000364,1.038709677419349,0.2322580645161525,15,0,17,0.0791886212042734,0.15228581000822342,35.281496084891835,-31.614090063114638,-14.513074704486849,1,3.7259582750293703,2,MGC_v3
2025-04-28 15:24:00+02:00,2025-04-28 15:38:00+02:00,Long,Stop Loss,-192.48,2.0,loser,3310.4,3300.9,9.5,10.599999999999909,2.199999999999818,1.115789473684201,0.2315789473684019,2,0,15,0.030207829869502174,0.09666505558240146,-18.09604440835795,30.936825603507565,11.674148013252724,0,2.6258441056324955,1,MGC_v3
2025-04-28 16:13:00+02:00,2025-04-28 16:41:00+02:00,Long,Canal Exit,250.76000000000272,1.0,winner,3318.5,3343.7000000000003,21.59999999999991,0.599999999999909,26.5,0.027777777777773686,1.226851851851857,4,0,16,0.3103811963236457,0.31640801566973026,-26.250216735838354,29.291054147294247,0.8098513131481283,0,5.239194381882953,4,MGC_v3
2025-04-29 02:27:00+02:00,2025-04-29 05:43:00+02:00,Short,Canal Exit,638.2800000000027,3.0,winner,3343.3,3321.9,7.699999999999818,7.599999999999909,24.5,0.9870129870129986,3.181818181818257,28,0,2,0.0029910567403572457,0.14057966679630088,11.136205752063265,-21.67181723569874,-14.479416203121247,1,1.2266474681546242,4,MGC_v3
2025-04-29 12:43:00+02:00,2025-04-29 13:25:00+02:00,Long,Canal Exit,17.279999999994544,3.0,winner,3323.3,3324.0,7.699999999999818,3.300000000000182,2.699999999999818,0.4285714285714623,0.35064935064933533,6,0,12,0.03309962988596768,0.09328077513316173,-15.999613982156792,14.440854564202017,-6.019621959404427,0,1.8394567583609387,2,MGC_v3
2025-04-29 15:10:00+02:00,2025-04-29 15:45:00+02:00,Long,Stop Loss,-166.24,1.0,loser,3326.0,3309.5,16.5,16.90000000000009,5.800000000000182,1.0242424242424297,0.35151515151516255,5,0,15,0.06614552014431202,0.13529765484064943,-24.767935938101694,30.99959494173379,-2.8671764739138355,1,2.030560804412744,1,MGC_v3
2025-04-29 15:52:00+02:00,2025-04-29 16:41:00+02:00,Short,Canal Exit,-52.23999999999909,1.0,loser,3317.3,3322.4,14.599999999999909,11.299999999999727,7.600000000000364,0.7739726027397121,0.5205479452055076,7,0,15,0.10852199077564174,0.3436529707895002,21.476322924263577,-23.567831706906894,2.153755980996581,1,3.221191020066726,2,MGC_v3
2025-04-29 17:37:00+02:00,2025-04-29 17:51:00+02:00,Short,Canal Exit,-124.47999999999818,2.0,loser,3316.8,3322.9,11.900000000000091,8.599999999999909,1.0,0.722689075630239,0.0840336134453775,2,0,17,0.11758321273515546,0.1839122045344746,-14.918915845051394,-23.012028744579496,-0.634594022054688,0,0.20496624901170435,1,MGC_v3
2025-04-29 17:58:00+02:00,2025-04-29 18:19:00+02:00,Long,Canal Exit,49.519999999998184,2.0,winner,3326.7000000000003,3329.3,11.0,3.300000000000182,4.299999999999727,0.30000000000001653,0.3909090909090661,3,0,17,0.10821534854359904,0.1382751675834884,-19.203891851533605,19.544019095601445,3.4224913025639454,0,1.2796241440282756,2,MGC_v3
2025-04-30 08:17:00+02:00,2025-04-30 09:20:00+02:00,Short,Canal Exit,-159.72000000000818,3.0,loser,3316.0,3321.2000000000003,8.200000000000273,6.099999999999909,3.800000000000182,0.7439024390243544,0.4634146341463482,9,1,8,0.0844390832328161,0.09047044632086852,-12.533434299658314,-15.17120195620146,-3.386217787038089,1,1.8535788830331512,3,MGC_v3
2025-04-30 17:58:00+02:00,2025-04-30 21:56:00+02:00,Long,Auto-Close (loss),-124.24000000000181,1.0,loser,3319.2000000000003,3306.9,17.300000000000182,16.500000000000455,5.799999999999727,0.9537572254335422,0.3352601156069171,34,5,17,0.03916606411182596,0.16570257893468307,-11.384948036830277,6.680709984423244,6.438096159640038,0,3.9198912779311286,3,MGC_v3
2025-05-01 10:23:00+02:00,2025-05-01 11:05:00+02:00,Long,Stop Loss,-248.96000000001456,4.0,loser,3242.6000000000004,3236.5,6.100000000000364,7.100000000000364,1.7999999999997272,1.1639344262294984,0.2950819672130524,6,0,10,0.033923394806633846,0.12027385431444185,10.358073937758824,29.207179629591387,14.05305673056776,0,0.1908456526853115,1,MGC_v3
2025-05-02 08:10:00+02:00,2025-05-02 08:45:00+02:00,Long,Stop Loss,-255.71999999998908,3.0,loser,3265.5,3257.1000000000004,8.399999999999636,11.400000000000091,5.900000000000091,1.3571428571429267,0.7023809523809936,5,3,8,0.08880722707089546,0.16536518144235465,-14.66613209924629,10.902647424928567,2.5751864382490437,0,2.991062876284559,3,MGC_v3
2025-05-02 19:22:00+02:00,2025-05-02 20:39:00+02:00,Long,Canal Exit,-184.47999999999817,2.0,loser,3242.4,3233.3,13.0,10.900000000000091,2.400000000000091,0.8384615384615455,0.18461538461539162,11,0,19,0.009252405625454206,0.12953367875647107,-24.79472263900252,29.401892762971652,-5.719441183178833,1,0.726928994942682,1,MGC_v3
2025-05-05 01:24:00+02:00,2025-05-05 03:58:00+02:00,Long,Canal Exit,788.2800000000027,3.0,winner,3250.3,3276.7000000000003,6.900000000000091,2.200000000000273,29.59999999999991,0.31884057971018026,4.289855072463698,22,0,1,0.030766390794695873,0.0707626988278061,-10.537631558873041,23.08044546245005,18.423177133230823,0,1.957212447708116,3,MGC_v3
2025-05-05 17:37:00+02:00,2025-05-05 18:05:00+02:00,Long,Stop Loss,-234.71999999999454,3.0,loser,3325.0,3317.3000000000006,7.699999999999818,11.099999999999909,1.800000000000182,1.441558441558464,0.2337662337662629,4,0,17,0.0,0.16240601503759672,-29.027135791810604,17.89653165155841,8.904900690155646,0,3.138693359325771,2,MGC_v3
2025-05-05 18:12:00+02:00,2025-05-05 20:18:00+02:00,Short,Stop Loss,-176.48000000000545,2.0,loser,3318.4,3327.1000000000004,8.700000000000273,9.199999999999818,2.5,1.057471264367762,0.28735632183907145,18,1,18,0.07533751205400192,0.21395853423337644,22.63797390525721,-32.26368087569826,3.146935143685641,0,0.6542437450716534,1,MGC_v3
2025-05-06 00:42:00+02:00,2025-05-06 02:20:00+02:00,Long,Stop Loss,-260.67999999999364,7.0,loser,3339.9,3336.3,3.599999999999909,7.700000000000273,4.099999999999909,2.1388888888890185,1.1388888888888924,14,0,0,0.044911524297134645,0.1017994550734943,-35.95964980066293,4.3215712763211,20.192528699809365,0,5.825358047007285,3,MGC_v3
2025-05-06 11:54:00+02:00,2025-05-06 15:10:00+02:00,Long,Canal Exit,303.5200000000036,2.0,winner,3389.5,3404.8,10.199999999999818,8.900000000000091,16.5,0.8725490196078676,1.6176470588235583,28,1,11,0.05605546540787995,0.09735949255052904,-20.16925677044578,34.70429975551538,12.900194040846193,0,3.540656966226379,2,MGC_v3
2025-05-07 00:14:00+02:00,2025-05-07 07:07:00+02:00,Short,Canal Exit,205.75999999999817,1.0,winner,3413.5,3392.8,34.600000000000364,6.099999999999909,46.30000000000018,0.1763005780346776,1.3381502890173322,59,0,0,0.17577266735022704,0.37205214589130853,38.45812761805716,-27.28554226315414,8.37427160895012,0,2.441280486569667,2,MGC_v3
2025-05-07 16:13:00+02:00,2025-05-07 18:05:00+02:00,Short,Canal Exit,-52.23999999999909,1.0,loser,3388.8,3393.9,17.90000000000009,9.199999999999818,5.300000000000182,0.5139664804469146,0.296089385474869,16,0,16,0.1268885741265264,0.3127950897072683,27.928229330891583,-31.00195583804768,1.2930343827157302,1,0.07679921398175793,2,MGC_v3
2025-05-07 21:07:00+02:00,2025-05-07 21:56:00+02:00,Short,Auto-Close (profit),35.76000000000273,1.0,winner,3382.7000000000003,3379.0,23.90000000000009,0.9999999999995453,11.700000000000273,0.04184100418408123,0.48953974895398444,7,4,21,0.1478109202707896,0.27788453010908715,-12.476892704849714,-14.708284004205751,-4.399388629982885,0,5.315309604642607,3,MGC_v3
2025-05-08 05:22:00+02:00,2025-05-08 16:06:00+02:00,Short,Canal Exit,371.7600000000018,1.0,winner,3404.8,3367.5,17.300000000000182,3.199999999999818,79.0,0.18497109826588348,4.566473988439259,92,1,5,0.15859962406013967,0.18503289473683407,-10.191560698627681,-10.888164720597683,12.62183497807124,0,8.33851415726076,3,MGC_v3
2025-05-08 16:20:00+02:00,2025-05-08 21:56:00+02:00,Short,Auto-Close (profit),470.7599999999982,1.0,winner,3358.5,3311.3,17.300000000000182,9.699999999999818,65.09999999999991,0.5606936416184807,3.763005780346776,48,1,16,0.13994342712519928,0.27690933452433314,-10.268715710585878,-11.881135955537008,3.5809719987248188,0,3.643936716810458,2,MGC_v3
2025-05-09 08:38:00+02:00,2025-05-09 13:46:00+02:00,Long,Canal Exit,161.51999999999637,2.0,winner,3327.8,3336.0,10.099999999999909,3.300000000000182,15.099999999999909,0.3267326732673477,1.4950495049504995,44,0,8,0.06009976561091411,0.07211971873309966,12.941808080890667,17.0972072040108,7.407346533957228,0,4.4988696607852035,5,MGC_v3
2025-05-09 15:59:00+02:00,2025-05-09 16:27:00+02:00,Short,Stop Loss,-138.2399999999982,1.0,loser,3331.6000000000004,3345.3,13.699999999999818,15.299999999999727,7.000000000000455,1.1167883211678782,0.5109489051095291,4,0,15,0.13507023652299194,0.2611357906111123,20.601628863012323,-27.23103410991679,5.477616046302449,0,0.8126891058791443,2,MGC_v3
2025-05-09 16:34:00+02:00,2025-05-09 17:23:00+02:00,Long,Canal Exit,41.76000000000182,1.0,winner,3339.9,3344.2000000000003,15.400000000000091,1.7000000000002728,8.699999999999818,0.11038961038962745,0.5649350649350497,7,0,16,0.06287613401598578,0.1317404712715977,-31.03490878234245,31.00054438154101,0.1767307091156937,0,3.3088572609622133,1,MGC_v3
2025-05-12 02:41:00+02:00,2025-05-12 07:07:00+02:00,Short,Canal Exit,-0.239999999996362,1.0,loser,3280.6000000000004,3280.5,15.299999999999727,8.299999999999727,18.300000000000182,0.5424836601307108,1.1960784313725823,38,0,2,0.021337560202410316,0.25605072242882676,10.677233757923798,-26.960969100998334,-8.232096794579334,1,16.786400211660293,1,MGC_v3
2025-05-12 16:34:00+02:00,2025-05-12 18:12:00+02:00,Long,Stop Loss,-139.24000000000183,1.0,loser,3249.3,3235.5,13.800000000000182,14.200000000000273,0.6999999999998181,1.028985507246383,0.050724637681145573,14,0,16,0.11387067983874288,0.2000430862031962,-10.408223840865872,13.24957876674114,6.515069397902769,0,2.157425000459625,1,MGC_v3
2025-05-13 01:17:00+02:00,2025-05-13 03:30:00+02:00,Long,Stop Loss,-252.95999999999273,4.0,loser,3239.5,3233.3,6.199999999999818,10.099999999999909,8.300000000000182,1.6290322580645493,1.3387096774194234,19,0,1,0.02469516900756851,0.07408550702269148,-13.93605328502684,25.636867135105774,5.697866143619761,0,3.5932460588692265,4,MGC_v3
2025-05-13 13:53:00+02:00,2025-05-13 14:14:00+02:00,Short,Canal Exit,187.52,2.0,winner,3253.2000000000003,3243.7000000000003,10.299999999999727,0.6999999999998181,11.000000000000455,0.06796116504852782,1.067961165048616,3,0,13,0.12295585884667405,0.16291651297184873,28.915029123565787,-26.40632803830909,-0.8647892623860358,1,1.6746717216237812,3,MGC_v3
2025-05-13 20:32:00+02:00,2025-05-13 21:56:00+02:00,Long,Auto-Close (loss),-6.719999999997271,3.0,loser,3254.2000000000003,3254.1000000000004,7.800000000000182,3.5000000000004547,1.699999999999818,0.44871794871799653,0.21794871794868956,12,2,20,0.024583615020580395,0.05838608567388717,12.44557030017693,14.73932187555522,8.919250745886663,0,0.6977566219748041,2,MGC_v3
2025-05-14 00:28:00+02:00,2025-05-14 00:56:00+02:00,Short,Stop Loss,-216.96000000000728,4.0,loser,3254.4,3259.7000000000003,5.300000000000182,5.900000000000091,0.7000000000002728,1.1132075471697902,0.13207547169816017,4,2,0,0.018436578171088652,0.02765486725662599,-11.672155372693322,-13.385956689025583,9.004717430397388,0,0.9386273706359134,1,MGC_v3
2025-05-14 08:52:00+02:00,2025-05-14 09:34:00+02:00,Short,Stop Loss,-237.7199999999918,3.0,loser,3232.2000000000003,3240.0,7.799999999999727,8.499999999999545,4.800000000000182,1.0897435897435697,0.6153846153846603,6,1,8,0.08044056679662039,0.12684858610235641,-15.661521570228238,-17.957770963444716,-0.8564552039069838,1,3.201420180216701,3,MGC_v3
2025-05-15 00:42:00+02:00,2025-05-15 01:10:00+02:00,Short,Stop Loss,-273.59999999997274,15.0,loser,3185.3,3187.0,1.699999999999818,2.599999999999909,2.100000000000364,1.5294117647059926,1.235294117647405,4,5,0,0.05964901265187238,0.10360091671114752,27.774965958569624,-3.1043045464370236,-2.75282420288857,1,1.0893423088527925,2,MGC_v3
2025-05-16 12:15:00+02:00,2025-05-16 12:57:00+02:00,Short,Canal Exit,525.5200000000018,2.0,winner,3205.8,3179.4,10.300000000000182,1.3999999999996362,34.100000000000364,0.13592233009704965,3.310679611650462,6,0,12,0.05302888514566779,0.17468338636221564,28.44576586901639,-31.608958439671696,-9.474959144101247,1,3.6870868214009533,6,MGC_v3
2025-05-16 14:42:00+02:00,2025-05-16 21:56:00+02:00,Long,Auto-Close (profit),117.76000000000091,1.0,winner,3182.5,3194.4,26.09999999999991,14.0,15.5,0.536398467432952,0.5938697318007684,62,1,14,0.12568735271013354,0.20424194815396698,-24.68277262340719,34.32051026624136,-16.31240919176185,1,6.598368351286808,1,MGC_v3
2025-05-20 04:05:00+02:00,2025-05-20 04:47:00+02:00,Short,Canal Exit,56.76000000000182,1.0,winner,3218.7000000000003,3212.9,17.09999999999991,0.9999999999995453,9.200000000000273,0.05847953216371641,0.5380116959064516,6,0,4,0.1988380402025691,0.239227017118721,16.566076891094255,-33.87359128434304,5.935370272676032,1,3.9926509588885892,2,MGC_v3
2025-05-20 15:38:00+02:00,2025-05-20 16:13:00+02:00,Long,Canal Exit,817.52,2.0,winner,3244.2000000000003,3285.2000000000003,9.099999999999909,0.1000000000003638,41.499999999999545,0.010989010989051076,4.560439560439556,5,1,15,0.018494544109498915,0.1448739288576621,-32.92163688402021,14.308544426572995,3.774949223065602,0,4.49998147817314,5,MGC_v3
2025-05-20 19:01:00+02:00,2025-05-20 21:56:00+02:00,Long,Auto-Close (profit),527.0400000000072,4.0,winner,3283.4,3296.7000000000003,5.400000000000091,0.599999999999909,14.599999999999909,0.1111111111110924,2.703703703703641,25,2,19,0.05786684534324453,0.05786684534324453,-22.163819924709227,20.16850382106219,20.470953921232088,0,8.981505351985106,3,MGC_v3
2025-05-21 00:07:00+02:00,2025-05-21 03:23:00+02:00,Long,Stop Loss,-137.2399999999991,1.0,loser,3304.9,3291.3,13.599999999999909,18.200000000000273,11.799999999999727,1.338235294117676,0.8676470588235151,28,0,0,0.24206481285364156,0.3661230294411301,-35.91852022487731,21.276916794660536,9.513294981634488,0,3.142848036104624,2,MGC_v3
2025-05-21 18:26:00+02:00,2025-05-21 18:47:00+02:00,Short,Canal Exit,59.27999999999727,3.0,winner,3310.0,3307.9,7.200000000000273,1.5,4.300000000000182,0.20833333333332543,0.5972222222222249,3,1,18,0.09365558912386433,0.15709969788520461,12.77037041590524,-15.394414106251933,3.43588036978863,1,1.033852904163723,3,MGC_v3
2025-05-22 00:21:00+02:00,2025-05-22 01:59:00+02:00,Long,Canal Exit,175.04,4.0,winner,3320.7000000000003,3325.2000000000003,5.200000000000273,3.700000000000273,5.099999999999909,0.7115384615384767,0.9807692307691618,14,0,0,0.00602282651247683,0.05721685186858466,-14.488749652294725,27.470254861956498,3.3029721319908516,0,2.8475576943737906,1,MGC_v3
2025-05-22 02:48:00+02:00,2025-05-22 03:30:00+02:00,Long,Canal Exit,401.28,3.0,winner,3326.4,3339.9,8.0,5.099999999999909,15.0,0.6374999999999886,1.875,6,0,2,0.05411255411255958,0.09920634920635467,-10.114933589896452,9.696532277556695,4.8407435023750995,0,0.41353305314623867,1,MGC_v3
2025-05-22 15:38:00+02:00,2025-05-22 16:06:00+02:00,Short,Canal Exit,827.0400000000072,4.0,winner,3310.6000000000004,3289.8,5.5,0.0,32.80000000000018,0.0,5.963636363636397,4,5,15,0.06947381139369684,0.1902978312088361,28.99649462823953,-6.435622411374364,-0.5772305994559929,1,3.0116060272048344,4,MGC_v3
2025-05-22 22:59:00+02:00,2025-05-23 02:48:00+02:00,Long,Stop Loss,-228.95999999999637,4.0,loser,3294.9,3289.3,5.599999999999909,9.300000000000182,14.099999999999909,1.660714285714345,2.5178571428571677,25,3,22,0.00606998694953634,0.03338492822241536,19.505953598682446,19.85442411890353,-5.1804666956134025,1,2.0776393680989713,3,MGC_v3
2025-05-23 10:51:00+02:00,2025-05-23 13:32:00+02:00,Long,Canal Exit,-31.2,5.0,loser,3326.5,3326.0,4.5,3.699999999999818,7.800000000000182,0.8222222222221818,1.7333333333333738,23,0,10,0.07214790320156593,0.11423418006914722,-29.425083106917874,6.267809920703673,6.8876229662303885,0,7.4488726470808615,4,MGC_v3
2025-05-23 15:31:00+02:00,2025-05-23 15:52:00+02:00,Short,Canal Exit,29.759999999999092,1.0,winner,3342.9,3339.8,22.700000000000273,6.699999999999818,3.599999999999909,0.29515418502201485,0.15859030837003815,3,0,15,0.24529600047862088,0.3320470250381378,27.25305136235004,-22.10330648419484,17.15120914479266,1,0.4730948661226648,2,MGC_v3
2025-05-26 13:25:00+02:00,2025-05-26 13:46:00+02:00,Short,Stop Loss,-246.68000000000637,7.0,loser,3329.8,3333.2000000000003,3.400000000000091,4.699999999999818,0.40000000000009095,1.3823529411763802,0.11764705882355302,3,0,13,0.04504775061565259,0.04504775061565259,23.797892887393292,-1.4328571944390234,-3.5180750355568535,1,2.732004052197226,3,MGC_v3
2025-05-26 14:28:00+02:00,2025-05-26 14:56:00+02:00,Short,Stop Loss,-240.96000000000365,4.0,loser,3329.2000000000003,3335.1000000000004,5.900000000000091,6.699999999999818,0.1000000000003638,1.1355932203389347,0.01694915254243428,4,1,14,0.009011173855572726,0.14718250630781077,24.410219704923357,-13.541399583223777,-8.895670201565547,1,1.565600263322267,1,MGC_v3
2025-05-26 18:12:00+02:00,2025-05-26 20:25:00+02:00,Long,Auto-Close (profit),348.84,9.0,winner,3338.4,3342.4,2.799999999999727,0.09999999999990905,5.299999999999727,0.035714285714256715,1.8928571428572298,19,2,18,0.01797268152408067,0.050922597651564164,-12.199785713847806,2.1357740499705593,9.79095419390146,0,1.4027968492819127,5,MGC_v3
2025-05-27 00:21:00+02:00,2025-05-27 00:42:00+02:00,Long,Canal Exit,11.040000000003637,4.0,winner,3346.8,3347.2000000000003,5.900000000000091,1.1000000000003638,2.099999999999909,0.18644067796616048,0.35593220338980963,3,4,0,0.06573443289112803,0.08664993426556983,16.12673695698149,16.394057555366963,16.174482442405765,1,1.1833737342176391,3,MGC_v3
2025-05-27 15:59:00+02:00,2025-05-27 18:26:00+02:00,Short,Canal Exit,-63.24000000000273,1.0,loser,3289.9,3296.1000000000004,13.900000000000091,12.5,1.900000000000091,0.8992805755395624,0.13669064748202003,21,0,15,0.13374266695036602,0.20973281862670876,17.264796601328136,-19.667335997844727,-0.5153323092515208,1,3.6623427393933525,1,MGC_v3
2025-05-27 21:00:00+02:00,2025-05-27 21:56:00+02:00,Long,Auto-Close (loss),-16.20000000001364,5.0,loser,3303.2000000000003,3303.0,5.099999999999909,0.6000000000003638,3.699999999999818,0.11764705882360284,0.7254901960784086,8,0,21,0.03935577621699344,0.06054734802614269,-16.78141025608297,25.05857233387627,8.859033630975746,0,0.2073527357133571,2,MGC_v3
2025-05-28 00:56:00+02:00,2025-05-28 01:03:00+02:00,Long,Stop Loss,-240.96000000000365,4.0,loser,3303.3,3297.4,5.900000000000091,8.300000000000182,0.599999999999909,1.4067796610169583,0.10169491525422031,1,5,0,0.012109103018182913,0.012109103018182913,12.362535225959448,12.490977787372117,4.476884833784048,1,0.602540633366516,6,MGC_v3
2025-05-28 15:24:00+02:00,2025-05-28 21:56:00+02:00,Short,Auto-Close (profit),217.52,2.0,winner,3333.3,3322.3,9.599999999999909,2.199999999999818,19.300000000000182,0.2291666666666499,2.0104166666667047,56,0,15,0.02700027000268911,0.08400084000839189,25.327915652199678,-26.302785335668176,-11.369625033228889,1,1.606953850942773,1,MGC_v3
2025-05-29 08:03:00+02:00,2025-05-29 09:27:00+02:00,Long,Canal Exit,428.7999999999909,5.0,winner,3294.2000000000003,3302.9,4.700000000000273,2.300000000000182,13.499999999999545,0.4893617021276699,2.8723404255316516,12,1,8,0.1699957501062584,0.3824904377390676,-10.82783039166058,8.584947758845464,8.145913362449125,0,3.9305700582099234,2,MGC_v3
2025-05-29 12:01:00+02:00,2025-05-29 13:25:00+02:00,Long,Canal Exit,327.52,2.0,winner,3310.8,3327.3,10.599999999999909,0.1000000000003638,18.699999999999818,0.009433962264185344,1.7641509433962244,12,0,12,0.11175546695663503,0.1480004832669006,-23.793354613409583,32.57193048736508,6.930080494597424,0,2.319247807933607,4,MGC_v3
2025-05-29 17:02:00+02:00,2025-05-29 19:01:00+02:00,Long,Canal Exit,121.51999999999636,2.0,winner,3340.6000000000004,3346.8,12.0,2.0000000000004547,15.499999999999545,0.16666666666670457,1.2916666666666288,17,0,17,0.11375202059509451,0.13769981440459525,-26.65821506682603,24.640243800615778,4.567749369723666,0,8.01471193303405,2,MGC_v3
2025-05-29 20:53:00+02:00,2025-05-29 21:14:00+02:00,Long,Stop Loss,-265.92000000002184,8.0,loser,3345.1000000000004,3341.9,3.200000000000273,4.200000000000273,0.5999999999994543,1.3124999999999734,0.18749999999981348,3,0,20,0.01195778900481573,0.02391557800963146,-35.15864688158511,18.08363195268213,12.271190328295662,0,3.5653219481373526,1,MGC_v3
2025-05-30 00:49:00+02:00,2025-05-30 03:16:00+02:00,Short,Stop Loss,-228.72,3.0,loser,3338.4,3345.9,7.5,8.599999999999909,5.400000000000091,1.1466666666666545,0.7200000000000121,21,2,0,0.0718907260963363,0.11083153606518908,-13.502789588645449,-16.330838622377684,-3.693960759317035,1,0.46645169414478005,1,MGC_v3
2025-05-30 08:24:00+02:00,2025-05-30 10:16:00+02:00,Short,Canal Exit,-82.48,2.0,loser,3317.2000000000003,3321.2000000000003,11.599999999999909,8.799999999999727,5.700000000000273,0.7586206896551548,0.49137931034485494,16,1,8,0.0271313155673487,0.06330640299047116,39.825472277035246,-32.32500591066146,0.5488563463995633,1,3.8608575181424385,1,MGC_v3
2025-05-30 14:14:00+02:00,2025-05-30 14:56:00+02:00,Long,Canal Exit,29.759999999999092,1.0,winner,3326.1000000000004,3329.2000000000003,19.5,5.600000000000364,4.599999999999454,0.2871794871795058,0.23589743589740791,6,1,14,0.02104566910195944,0.3848350921499709,-12.032917323092168,28.91687216846811,-1.7961089608412721,0,0.12703972992585477,2,MGC_v3
2025-05-30 15:31:00+02:00,2025-05-30 15:45:00+02:00,Short,Canal Exit,259.51999999999816,2.0,winner,3322.0,3308.9,11.100000000000364,2.300000000000182,13.800000000000182,0.2072072072072168,1.2432432432432188,2,0,15,0.09933774834437635,0.22877784467188167,19.374476283616264,-30.73636258342645,8.629636979482617,1,0.17991578684905107,1,MGC_v3
2025-05-30 18:40:00+02:00,2025-05-30 18:54:00+02:00,Short,Stop Loss,-210.72000000000273,3.0,loser,3310.3,3317.2000000000003,6.900000000000091,8.599999999999909,0.40000000000009095,1.2463768115941734,0.05797101449276604,2,0,18,0.02718786816905087,0.15708546053228628,-17.76102010388672,-20.33697218363386,-12.44732065265921,1,5.402185644828023,1,MGC_v3
2025-06-02 00:07:00+02:00,2025-06-02 01:10:00+02:00,Long,Canal Exit,36.76000000000182,1.0,winner,3332.0,3335.8,19.399999999999636,8.400000000000091,7.800000000000182,0.43298969072166227,0.40206185567012,9,1,0,0.10804321728691203,0.30312124849939703,-11.800696095589956,11.30025891798311,3.779865712977471,1,0.9200138644173421,3,MGC_v3
2025-06-02 12:01:00+02:00,2025-06-02 13:39:00+02:00,Long,Canal Exit,766.0799999999855,8.0,winner,3371.6000000000004,3381.3,2.900000000000091,2.800000000000182,13.799999999999727,0.9655172413793428,4.758620689654929,14,2,12,0.011863803535416152,0.014829754419266818,-30.424140310214664,4.281003221359811,3.3066588289659746,0,10.014881559307469,1,MGC_v3
2025-06-02 14:56:00+02:00,2025-06-02 15:24:00+02:00,Short,Canal Exit,61.519999999996365,2.0,winner,3380.0,3376.8,9.100000000000364,2.300000000000182,5.599999999999909,0.2527472527472626,0.6153846153845808,4,0,14,0.02071005917159225,0.14792899408284024,27.387603387111053,-29.176178362956772,18.49997799775822,1,2.4303765621698403,2,MGC_v3
2025-06-02 19:08:00+02:00,2025-06-02 21:35:00+02:00,Long,Canal Exit,219.04000000001454,4.0,winner,3400.0,3405.6000000000004,5.799999999999727,4.300000000000182,5.800000000000182,0.7413793103448938,1.0000000000000784,21,5,19,0.017647058823526737,0.0647058823529492,-16.424022661879334,18.225936354246937,18.091821659927497,0,4.524941628234046,2,MGC_v3
2025-06-03 00:07:00+02:00,2025-06-03 01:17:00+02:00,Long,Canal Exit,167.03999999998908,4.0,winner,3410.6000000000004,3414.9,6.5,0.4000000000005457,5.899999999999636,0.06153846153854549,0.9076923076922517,10,1,0,0.05864070837975723,0.13487362927343896,14.070086606457522,15.78338845879576,9.26376696263024,0,0.4733517242148082,3,MGC_v3
2025-06-03 05:29:00+02:00,2025-06-03 10:09:00+02:00,Short,Canal Exit,65.28000000000546,3.0,winner,3390.1000000000004,3387.8000000000006,8.599999999999909,2.5999999999994543,14.400000000000546,0.3023255813952886,1.674418604651244,40,4,5,0.06489484086015966,0.11209108875846249,-15.401815816676553,-17.051649140836425,-17.588350013317932,0,0.23844406871376123,3,MGC_v3
2025-06-03 14:07:00+02:00,2025-06-03 14:35:00+02:00,Short,Stop Loss,-204.71999999999454,3.0,loser,3378.3,3385.0,6.699999999999818,8.399999999999636,6.400000000000091,1.2537313432835617,0.9552238805970544,4,0,14,0.06808157949264962,0.28712666133855114,33.8652191556597,-13.82760727276677,-5.2208557799170645,1,1.5253262758369601,2,MGC_v3
2025-06-03 14:49:00+02:00,2025-06-03 15:45:00+02:00,Long,Stop Loss,-214.47999999999817,2.0,loser,3382.4,3371.8,10.599999999999909,17.09999999999991,4.599999999999909,1.6132075471698166,0.4339622641509385,8,0,14,0.0620860927152291,0.07982497634814978,-28.559867734961596,26.384635044219742,-3.1462991084465926,1,0.12900908803203492,1,MGC_v3
2025-06-03 21:07:00+02:00,2025-06-03 21:56:00+02:00,Long,Auto-Close (loss),-151.44000000000545,6.0,loser,3378.8,3376.4,4.300000000000182,3.700000000000273,0.3999999999996362,0.8604651162790968,0.09302325581386495,7,0,21,0.011838522552388153,0.026636675742869983,-17.9090045357828,34.46920999463196,2.311779841594331,0,0.38423799026077177,1,MGC_v3
2025-06-04 02:06:00+02:00,2025-06-04 03:16:00+02:00,Short,Stop Loss,-188.48000000000363,2.0,loser,3376.8,3386.1000000000004,9.300000000000182,10.5,7.100000000000364,1.129032258064494,0.763440860215078,10,0,2,0.0918028903103503,0.20433546552949805,13.211129625600535,-12.819499018980522,1.7295613588443544,0,0.9453699777768634,2,MGC_v3
2025-06-04 09:55:00+02:00,2025-06-04 10:58:00+02:00,Short,Canal Exit,-156.48000000000545,2.0,loser,3378.4,3386.1000000000004,10.800000000000182,9.400000000000091,3.200000000000273,0.8703703703703641,0.2962962962963166,9,0,9,0.07399952640303102,0.16279895808666825,30.81596612071334,-32.27159805712236,4.245332120336822,1,4.638074549041448,2,MGC_v3
2025-06-05 16:48:00+02:00,2025-06-05 17:23:00+02:00,Short,Canal Exit,57.76000000000091,1.0,winner,3391.4,3385.5,21.300000000000182,5.0,8.0,0.2347417840375567,0.3755868544600907,5,0,16,0.03833225216723852,0.4481924868785699,24.554576352379566,-12.089608560502366,-17.41521369693519,1,1.3092049124943514,3,MGC_v3
2025-06-06 05:08:00+02:00,2025-06-06 05:22:00+02:00,Short,Stop Loss,-236.96000000000728,4.0,loser,3383.8,3389.6000000000004,5.800000000000182,6.199999999999818,0.1000000000003638,1.0689655172413144,0.01724137931040701,2,0,5,0.03546308883503216,0.044328861043783474,-19.31621240980808,-22.513012211855894,10.921113904844173,0,1.349332535695794,1,MGC_v3
2025-06-06 05:29:00+02:00,2025-06-06 05:50:00+02:00,Long,Canal Exit,43.52000000000364,2.0,winner,3391.5,3393.8,9.899999999999636,0.6999999999998181,3.0,0.07070707070705493,0.30303030303031414,3,1,5,0.06486805248414619,0.12089046144772089,-18.303377561772486,33.38736668090719,9.300792662954851,0,0.717413353036136,3,MGC_v3
2025-06-09 00:49:00+02:00,2025-06-09 02:41:00+02:00,Short,Canal Exit,335.28000000000543,3.0,winner,3331.7000000000003,3320.4,7.799999999999727,7.699999999999818,14.100000000000364,0.9871794871794984,1.8076923076924176,16,0,0,0.05102500225111123,0.08103970945764243,15.77202367260368,-24.980448134348876,-12.441998691865368,1,4.270346399916889,1,MGC_v3
2025-06-09 04:40:00+02:00,2025-06-09 08:59:00+02:00,Long,Canal Exit,339.51999999999816,2.0,winner,3325.7000000000003,3342.8,12.700000000000273,2.100000000000364,20.299999999999727,0.16535433070868652,1.5984251968503378,37,0,4,0.09622034458910358,0.1112547734311519,-27.93812456891113,33.89435870040097,-10.425469241368067,1,0.905274395363449,4,MGC_v3
2025-06-09 14:56:00+02:00,2025-06-09 15:38:00+02:00,Short,Canal Exit,107.04000000000728,4.0,winner,3337.8,3335.0,5.599999999999909,1.2999999999997272,6.400000000000091,0.2321428571428122,1.1428571428571777,6,0,14,0.0659116783510042,0.0988675175265063,28.03516229778767,-1.538981900533262,-1.5326608454774757,1,2.350277223495141,4,MGC_v3
2025-06-10 20:04:00+02:00,2025-06-10 21:14:00+02:00,Short,Stop Loss,-241.92000000000726,8.0,loser,3344.2000000000003,3347.1000000000004,2.900000000000091,5.299999999999727,4.300000000000182,1.8275862068964004,1.4827586206896715,10,1,20,0.011961007116801954,0.05681478380479909,32.940652729925446,-6.512551633516184,-12.878865530363376,1,4.469061457721182,3,MGC_v3
2025-06-11 18:19:00+02:00,2025-06-11 20:11:00+02:00,Short,Stop Loss,-254.47999999999817,2.0,loser,3351.1000000000004,3363.7000000000003,12.599999999999909,13.599999999999454,11.800000000000182,1.0793650793650438,0.9365079365079577,16,2,18,0.02387275819880582,0.03580913729819516,-19.884688135006158,-21.203273224859785,-12.34013891448919,0,3.9150307559211797,3,MGC_v3
2025-06-12 02:13:00+02:00,2025-06-12 08:24:00+02:00,Long,Canal Exit,69.51999999999818,2.0,winner,3387.2000000000003,3390.8,9.400000000000091,4.700000000000273,11.299999999999727,0.5000000000000242,1.2021276595744275,53,0,2,0.07085498346715978,0.07380727444495587,-22.22126312113184,19.634955200859718,4.821848516710783,0,6.979828241993346,2,MGC_v3
2025-06-12 17:30:00+02:00,2025-06-12 21:56:00+02:00,Long,Auto-Close (loss),-16.480000000005457,2.0,loser,3409.2000000000003,3408.5,11.200000000000273,10.500000000000455,3.199999999999818,0.9375000000000178,0.2857142857142625,38,0,17,0.002933239469667636,0.026399155227022065,-29.256477241813187,27.325027316408082,8.10604416098747,0,5.758592081810093,2,MGC_v3
2025-06-13 17:58:00+02:00,2025-06-13 18:05:00+02:00,Long,Stop Loss,-237.72000000000546,3.0,loser,3448.2000000000003,3440.4,7.800000000000182,9.000000000000455,0.09999999999990905,1.1538461538461853,0.012820512820500861,1,0,17,0.0696015312336766,0.10150223304912709,-19.152554576891653,17.297614934127118,3.7536898083018473,0,6.9382370149824055,1,MGC_v3
2025-06-13 21:42:00+02:00,2025-06-13 21:56:00+02:00,Short,Auto-Close (profit),2.2799999999945433,3.0,winner,3452.4,3452.2000000000003,7.200000000000273,2.0,1.0,0.27777777777776724,0.13888888888888362,2,1,21,0.03475842891900759,0.06951685783802836,25.753271816573495,-30.666294305448428,10.80336900994025,0,0.3111632273430587,3,MGC_v3
2025-06-16 01:52:00+02:00,2025-06-16 02:27:00+02:00,Short,Stop Loss,-204.72000000000818,3.0,loser,3464.0,3470.7000000000003,6.700000000000273,7.5,6.900000000000091,1.1194029850745812,1.0298507462686284,5,1,1,0.03175519630484726,0.07217090069284064,13.48910151670264,-5.870405763504692,-6.503231974650641,0,2.00384849202419,2,MGC_v3
2025-06-16 13:46:00+02:00,2025-06-16 14:21:00+02:00,Short,Canal Exit,-0.7199999999890858,3.0,loser,3434.1000000000004,3434.0,8.399999999999636,3.199999999999818,2.600000000000364,0.3809523809523758,0.3095238095238662,5,0,13,0.008735913339744966,0.13103870009609506,44.69678011922181,-33.13715262520986,-2.132076233871987,1,0.8917938754229908,1,MGC_v3
2025-06-16 18:26:00+02:00,2025-06-16 20:11:00+02:00,Short,Canal Exit,254.27999999999727,3.0,winner,3417.9,3409.3000000000006,7.599999999999909,2.0,9.200000000000273,0.26315789473684525,1.210526315789524,15,0,18,0.04096082389771763,0.04388659703326604,35.43051567206682,-27.023828813124318,-1.1860271892834888,1,5.507716581524619,1,MGC_v3
2025-06-17 04:19:00+02:00,2025-06-17 04:54:00+02:00,Long,Stop Loss,-243.72,3.0,loser,3416.6000000000004,3408.6000000000004,8.0,9.500000000000455,3.299999999999727,1.1875000000000568,0.4124999999999659,5,0,4,0.011707545513085844,0.07902593221331947,-35.39563978406467,16.541256400060377,4.972306486914562,0,4.858919317186519,3,MGC_v3
2025-06-17 20:39:00+02:00,2025-06-17 21:07:00+02:00,Short,Canal Exit,306.32,7.0,winner,3407.6000000000004,3403.100000000001,3.599999999999909,0.49999999999954525,6.500000000000455,0.13888888888876608,1.8055555555557274,4,1,20,0.035215400868654566,0.04988848456392396,22.103488384636687,-11.261319355758744,7.04955220814526,1,1.654303261538189,4,MGC_v3
2025-06-18 01:31:00+02:00,2025-06-18 04:19:00+02:00,Short,Canal Exit,416.28,3.0,winner,3407.1000000000004,3393.1000000000004,6.799999999999727,0.7999999999997272,15.500000000000455,0.11764705882349401,2.279411764706041,24,3,1,0.02348037920812955,0.032285521411168125,-11.545816337795738,-14.887964250802254,-3.5900923219325422,0,2.1542932986994856,3,MGC_v3
2025-06-19 01:10:00+02:00,2025-06-19 02:20:00+02:00,Short,Stop Loss,-207.72000000000546,3.0,loser,3389.9,3396.7000000000003,6.800000000000182,7.299999999999727,2.200000000000273,1.073529411764637,0.3235294117647374,10,0,1,0.05309891147230677,0.06784860910350532,40.69243337945275,-23.733624495033453,-22.040008310368712,1,7.4140899596322924,3,MGC_v3
2025-06-20 01:24:00+02:00,2025-06-20 01:52:00+02:00,Long,Canal Exit,-0.9600000000036379,4.0,loser,3384.8,3384.9,6.400000000000091,3.300000000000182,1.599999999999909,0.5156250000000211,0.24999999999998224,4,1,1,0.023635074450476457,0.07385960765775068,-24.189196147335956,32.648454669625636,-3.19559215135223,0,0.2568076281413596,1,MGC_v3
2025-06-20 12:50:00+02:00,2025-06-20 15:24:00+02:00,Short,Stop Loss,-265.92000000002184,8.0,loser,3371.4,3374.6000000000004,3.200000000000273,6.400000000000091,14.099999999999909,1.999999999999858,4.406249999999596,22,1,12,0.038559648810575047,0.07415317078958296,-12.360350079872315,-12.421276777987552,6.52888966205648,0,1.018731680734163,5,MGC_v3
2025-06-23 05:43:00+02:00,2025-06-23 07:14:00+02:00,Short,Canal Exit,637.6,10.0,winner,3379.1000000000004,3372.6,2.599999999999909,1.2999999999997272,7.700000000000273,0.49999999999991257,2.96153846153867,13,0,5,0.02663431091119206,0.05030925394336577,18.43544146300473,-4.471051436966636,-13.635564650765861,1,4.560318944709252,1,MGC_v3
2025-06-23 19:01:00+02:00,2025-06-23 19:15:00+02:00,Long,Stop Loss,-176.48000000000545,2.0,loser,3404.6000000000004,3395.9,8.700000000000273,10.700000000000273,0.3999999999996362,1.2298850574712572,0.045977011494209616,2,1,19,0.04699524173177198,0.16448334606120862,-13.802391002039393,4.356504334063401,9.583549045068885,0,4.916493883767544,2,MGC_v3
2025-06-24 19:57:00+02:00,2025-06-24 20:25:00+02:00,Short,Canal Exit,23.799999999995453,5.0,winner,3331.0,3330.4,4.800000000000182,2.300000000000182,1.199999999999818,0.4791666666666864,0.24999999999995262,4,0,19,0.042029420594418825,0.08405884118883765,17.21333612660941,-22.77104400379327,9.038212145894947,1,0.40932874182362866,2,MGC_v3
2025-06-24 21:28:00+02:00,2025-06-24 21:56:00+02:00,Long,Auto-Close (profit),47.040000000007275,4.0,winner,3336.3,3337.6000000000004,6.5,0.40000000000009095,2.899999999999636,0.06153846153847553,0.44615384615379017,4,1,21,0.14686928633516444,0.15885861583191505,-12.29518675190746,16.217667365038295,4.321907067814395,0,2.6879359236490927,3,MGC_v3
2025-06-25 00:21:00+02:00,2025-06-25 02:06:00+02:00,Short,Stop Loss,-239.6799999999809,7.0,loser,3336.7000000000003,3340.0,3.299999999999727,3.799999999999727,3.100000000000364,1.151515151515164,0.9393939393941273,15,0,0,0.02996973057212216,0.0749243264303054,17.076074787837907,-5.400928879287697,2.7592079897244575,0,1.219564817567516,1,MGC_v3
2025-06-25 13:39:00+02:00,2025-06-25 15:10:00+02:00,Short,Canal Exit,458.79999999998637,5.0,winner,3339.0,3329.7,4.700000000000273,4.300000000000182,11.699999999999818,0.9148936170212622,2.4893617021274763,13,0,13,0.01796945193171336,0.0419287211739933,16.41739212922354,-23.850849484854045,-2.4108659002724266,1,2.1778056077546353,3,MGC_v3
2025-06-25 21:21:00+02:00,2025-06-25 21:56:00+02:00,Long,Auto-Close (profit),52.56,6.0,winner,3347.3,3348.3000000000006,4.0,0.900000000000091,3.0,0.22500000000002274,0.75,5,5,21,0.06871209631643957,0.07767454366206684,13.533264931149457,16.093998725484447,11.791367582932349,1,1.0097781797885546,4,MGC_v3
2025-06-26 00:56:00+02:00,2025-06-26 02:34:00+02:00,Long,Canal Exit,-1.4400000000054565,6.0,loser,3348.2000000000003,3348.3000000000006,3.900000000000091,2.700000000000273,6.099999999999909,0.6923076923077461,1.5641025641025044,14,0,0,0.053760229376970524,0.0716803058359607,-31.296940851893503,14.26852410950563,5.609380132601207,0,1.4300470191074055,4,MGC_v3
2025-06-26 12:36:00+02:00,2025-06-26 13:32:00+02:00,Long,Stop Loss,-269.3599999999618,14.0,loser,3353.0,3351.2000000000003,1.7999999999997272,4.0,4.5,2.222222222222559,2.500000000000379,8,0,12,0.029824038174768867,0.035788845809730775,-20.83731112245922,8.89714763548504,11.417245043565027,0,3.097516177529542,4,MGC_v3
2025-06-26 21:49:00+02:00,2025-06-26 21:56:00+02:00,Long,Auto-Close (profit),147.5999999999909,10.0,winner,3343.4,3345.0,2.400000000000091,0.0,2.699999999999818,0.0,1.1249999999998817,1,0,21,0.0029909672788152493,0.032900640066994946,-29.336842301416098,5.057050876181613,11.818250670883199,0,4.333990082648597,2,MGC_v3
2025-06-27 08:03:00+02:00,2025-06-27 13:39:00+02:00,Short,Canal Exit,329.27999999999724,3.0,winner,3305.2000000000003,3294.1000000000004,7.900000000000091,4.099999999999909,15.200000000000273,0.5189873417721345,1.9240506329114049,48,0,8,0.18455766670701818,0.22691516398403894,33.54610255967955,-4.352140529344913,-13.948763895699477,1,7.285490970489263,2,MGC_v3
2025-06-27 21:00:00+02:00,2025-06-27 21:14:00+02:00,Long,Stop Loss,-241.1999999999909,5.0,loser,3286.8,3282.1,4.699999999999818,6.700000000000273,0.0,1.4255319148937302,0.0,2,0,21,0.03346720214189817,0.03955214798588846,-25.162240479162325,32.058195222066146,1.9217455900650022,0,2.309464947433298,1,MGC_v3
2025-06-30 02:41:00+02:00,2025-06-30 03:16:00+02:00,Short,Stop Loss,-216.9599999999891,4.0,loser,3276.6000000000004,3281.9,5.299999999999727,8.199999999999818,6.900000000000546,1.5471698113208001,1.3018867924530002,5,0,2,0.05493499359090909,0.13733748397727966,25.6036387947215,-6.598950256251243,-11.326886381937959,1,2.5157899796822676,2,MGC_v3
2025-06-30 20:04:00+02:00,2025-06-30 21:56:00+02:00,Long,Auto-Close (profit),419.0399999999964,4.0,winner,3309.9,3320.5,6.199999999999818,0.8000000000001819,11.900000000000091,0.12903225806454927,1.9193548387097483,16,0,20,0.12084957249463729,0.13293452974410377,-36.798052712839294,5.22602990952346,15.28665905413472,0,2.515215560963952,4,MGC_v3
2025-07-01 04:19:00+02:00,2025-07-01 05:22:00+02:00,Short,Stop Loss,-222.72000000000546,3.0,loser,3325.8,3333.1000000000004,7.300000000000182,8.199999999999818,0.40000000000009095,1.123287671232824,0.0547945205479563,9,0,4,0.045101930362619516,0.06614949786516983,44.53006906517881,-34.829336530892476,7.351433081770883,0,1.7474530646422863,1,MGC_v3
2025-07-01 22:59:00+02:00,2025-07-02 00:21:00+02:00,Short,Stop Loss,-272.3999999999909,10.0,loser,3349.7000000000003,3352.3,2.599999999999909,4.199999999999818,4.200000000000273,1.6153846153846019,1.6153846153847768,4,0,22,0.02089739379646753,0.04478012956384154,40.831548650335954,-4.86548032646237,1.4829001324355544,1,1.4848203064020709,3,MGC_v3
2025-07-02 20:11:00+02:00,2025-07-02 21:56:00+02:00,Long,Auto-Close (profit),376.56000000000546,6.0,winner,3362.3,3368.7000000000003,4.300000000000182,0.5,8.199999999999818,0.11627906976743695,1.9069767441859236,15,0,20,0.04758647354490568,0.08327632870358495,-15.35696885530248,24.97849955810713,9.061993590073513,0,0.8375778204890594,3,MGC_v3
2025-07-03 05:15:00+02:00,2025-07-03 06:46:00+02:00,Short,Stop Loss,-251.1999999999818,5.0,loser,3357.6000000000004,3362.5,4.899999999999636,5.399999999999636,2.200000000000273,1.1020408163265383,0.44897959183682373,13,0,5,0.07445794615201334,0.07445794615201334,36.468273565588134,-10.247465127474774,-3.445374906955594,1,4.7893452555917975,3,MGC_v3
2025-07-03 21:35:00+02:00,2025-07-03 21:56:00+02:00,Long,Auto-Close (loss),-42.399999999972714,10.0,loser,3338.9,3338.6,2.599999999999909,0.900000000000091,0.1999999999998181,0.3461538461538932,0.07692307692300965,3,0,21,0.008984995058258166,0.014974991763754528,-22.25565582262678,22.13090921377575,-0.12766617194424015,0,0.9335048110551725,2,MGC_v3
2025-07-04 08:17:00+02:00,2025-07-04 09:06:00+02:00,Long,Stop Loss,-236.96000000000728,4.0,loser,3353.8,3348.0,5.800000000000182,6.700000000000273,1.2999999999997272,1.1551724137931143,0.2241379310344287,7,0,8,0.026835231677489302,0.10734092670999788,-28.88847970473406,31.78791297170077,15.559044138479493,0,2.9760529436998695,2,MGC_v3
2025-07-04 15:59:00+02:00,2025-07-04 16:41:00+02:00,Short,Canal Exit,47.039999999989085,4.0,winner,3342.4,3341.1000000000004,5.800000000000182,2.0,1.7000000000002728,0.34482758620688575,0.2931034482758999,6,0,15,0.0718046912398304,0.11369076112971897,37.119559260774174,-7.39301581040379,1.7510152089565891,1,1.3063217292865374,3,MGC_v3
2025-07-08 05:01:00+02:00,2025-07-08 05:57:00+02:00,Short,Canal Exit,91.03999999998545,4.0,winner,3342.5,3340.1000000000004,5.800000000000182,1.300000000000182,2.800000000000182,0.2241379310345071,0.4827586206896714,8,0,5,0.0867614061331366,0.13462976813762154,21.346246393913553,-6.9581665877145475,-9.86454678600684,1,2.213541443442409,3,MGC_v3
2025-07-08 10:02:00+02:00,2025-07-08 15:45:00+02:00,Short,Canal Exit,265.5200000000018,2.0,winner,3338.1000000000004,3324.7000000000003,11.599999999999909,1.4999999999995453,14.400000000000546,0.12931034482754802,1.2413793103448845,49,5,10,0.10185434828195952,0.20370869656391905,-13.935346071021218,-15.358659884174088,5.260024151470456,0,3.0061096395756977,3,MGC_v3
2025-07-08 19:50:00+02:00,2025-07-08 21:28:00+02:00,Short,Canal Exit,73.79999999999545,5.0,winner,3315.0,3313.4,4.600000000000364,2.099999999999909,6.300000000000182,0.4565217391303789,1.3695652173912356,14,0,19,0.012066365007544221,0.015082956259426848,36.84997632976729,-4.014650327204791,-5.8212216306557085,1,9.30608779168415,1,MGC_v3
2025-07-09 01:10:00+02:00,2025-07-09 01:24:00+02:00,Long,Canal Exit,-162.4,10.0,loser,3310.8,3309.3,2.5,1.800000000000182,1.599999999999909,0.7200000000000728,0.6399999999999636,2,2,1,0.018122508155139657,0.04228585236198338,-32.59793639156568,6.454299621668823,-6.170139016074655,0,0.15528846153483755,2,MGC_v3
2025-07-09 01:59:00+02:00,2025-07-09 03:44:00+02:00,Long,Canal Exit,-148.48000000000363,2.0,loser,3316.1000000000004,3308.8,11.0,8.100000000000364,0.1999999999998181,0.7363636363636694,0.018181818181801646,15,0,1,0.1960133892222792,0.22918488585989294,-28.809441791717465,12.39767002544287,-5.563463967097452,0,0.3948926824459704,3,MGC_v3
2025-07-09 03:58:00+02:00,2025-07-09 09:06:00+02:00,Short,Canal Exit,415.04,4.0,winner,3310.4,3299.9,5.900000000000091,1.5,17.59999999999991,0.2542372881355893,2.983050847457566,44,2,3,0.00906234896084241,0.06041565973899061,10.18950112906147,-26.322708677959348,-2.0657679174862635,0,2.084001654797248,2,MGC_v3
2025-07-09 10:09:00+02:00,2025-07-09 10:37:00+02:00,Short,Canal Exit,83.27999999998909,3.0,winner,3297.0,3294.1000000000004,7.600000000000364,0.599999999999909,7.0,0.07894736842103689,0.9210526315789033,4,0,10,0.033363663936909586,0.06672732787381917,16.393829701764293,-30.869292638920967,-8.476753797588374,1,1.8993327936932474,2,MGC_v3
2025-07-09 18:19:00+02:00,2025-07-09 21:56:00+02:00,Long,Auto-Close (profit),175.04,4.0,winner,3320.0,3324.5,5.699999999999818,3.400000000000091,5.699999999999818,0.5964912280702104,1.0,31,0,18,0.012048192771087077,0.024096385542174154,19.73525974981154,22.877396260676033,8.916527972627648,0,3.9432661480177558,3,MGC_v3
2025-07-10 08:45:00+02:00,2025-07-10 09:06:00+02:00,Short,Stop Loss,-259.4399999999891,6.0,loser,3332.7000000000003,3336.9,4.199999999999818,5.199999999999818,0.5000000000004547,1.2380952380952484,0.11904761904773248,3,0,8,0.01800342064992076,0.054010261949775915,16.06063690722046,-14.402933825467688,9.714771394472498,1,1.1388328902885405,2,MGC_v3
2025-07-10 18:26:00+02:00,2025-07-10 19:29:00+02:00,Short,Canal Exit,-72.95999999999272,4.0,loser,3324.6000000000004,3326.3,6.0,3.0999999999994543,4.000000000000455,0.5166666666665757,0.6666666666667425,9,0,18,0.07218913553510471,0.09023641941887747,38.27731558689753,-30.27898509971216,0.8719501939562846,1,2.131188888222823,3,MGC_v3
2025-07-11 11:54:00+02:00,2025-07-11 12:15:00+02:00,Long,Canal Exit,37.52,2.0,winner,3351.2000000000003,3353.2000000000003,9.099999999999909,0.5000000000004547,2.899999999999636,0.054945054945105466,0.3186813186812819,3,0,11,0.07758414896156329,0.1402482692766716,-43.25398223252081,34.55649781251456,0.014771219665595936,0,1.1216037500726088,3,MGC_v3
2025-07-11 14:07:00+02:00,2025-07-11 14:28:00+02:00,Short,Stop Loss,-241.20000000001363,5.0,loser,3357.5,3362.2,4.700000000000273,5.800000000000182,1.900000000000091,1.2340425531914565,0.40425531914893204,3,0,14,0.07148175725986869,0.10126582278481285,29.755546888025236,-11.735717345156232,11.17075944868225,1,0.17493240985095326,3,MGC_v3
2025-07-11 19:50:00+02:00,2025-07-11 21:00:00+02:00,Long,Canal Exit,316.56000000000546,6.0,winner,3367.3,3372.7000000000003,4.099999999999909,0.1000000000003638,6.699999999999818,0.024390243902528298,1.6341463414634065,10,0,19,0.014848691830249755,0.03266712202654676,-17.144132852954684,34.80498079822367,8.488435940168875,0,3.6256288737477007,2,MGC_v3
2025-07-11 21:49:00+02:00,2025-07-11 21:56:00+02:00,Short,Auto-Close (profit),-12.4,10.0,loser,3371.7000000000003,3371.7,2.5,0.3999999999996362,1.2000000000002728,0.15999999999985448,0.4800000000001091,1,0,21,0.011863451671266453,0.023726903342532905,18.77082486224314,-8.653222764257507,0.7621637044844831,1,2.0009204795132973,3,MGC_v3
2025-07-14 00:07:00+02:00,2025-07-14 00:28:00+02:00,Long,Canal Exit,4.75999999999909,1.0,winner,3383.7000000000003,3384.3,15.5,2.600000000000364,3.799999999999727,0.16774193548389443,0.24516129032256304,3,1,0,0.12412447912048405,0.2659810266867496,10.37055341749816,13.53183818511744,11.194635718096473,1,0.9849030547229631,3,MGC_v3
2025-07-14 10:23:00+02:00,2025-07-14 10:58:00+02:00,Short,Canal Exit,53.28000000000273,3.0,winner,3377.9,3376.0,8.5,1.599999999999909,2.5,0.18823529411763637,0.29411764705882354,5,0,10,0.05328754551643705,0.13321886379109935,-12.024748873848186,-20.528527312740053,7.9683334512252415,0,0.810868977597238,3,MGC_v3
2025-07-14 13:46:00+02:00,2025-07-14 21:56:00+02:00,Short,Auto-Close (profit),725.2800000000054,3.0,winner,3377.6000000000004,3353.3000000000006,6.599999999999909,0.9999999999995453,29.200000000000273,0.1515151515150847,4.424242424242527,70,3,13,0.10954523922312509,0.11250592136428772,-19.0390753347887,-21.11436625124661,-1.383626985613708,0,2.0612458627201704,4,MGC_v3
2025-07-15 04:19:00+02:00,2025-07-15 05:22:00+02:00,Long,Canal Exit,208.79999999998637,5.0,winner,3359.1000000000004,3363.4,4.600000000000364,2.800000000000182,5.699999999999818,0.6086956521739044,1.2391304347824712,9,0,4,0.005953975767326749,0.03870084248757649,-14.239768163212807,32.37984987296795,16.478081086842536,0,0.6390238386866258,1,MGC_v3
2025-07-15 11:54:00+02:00,2025-07-15 12:22:00+02:00,Long,Canal Exit,13.800000000004548,5.0,winner,3372.0,3372.4,4.599999999999909,0.599999999999909,3.5,0.13043478260867847,0.7608695652174063,4,0,11,0.02669039145907743,0.05041518386714925,-17.05824024356101,19.498473168500187,1.3359316329887363,0,0.4187074593764919,4,MGC_v3
2025-07-16 01:10:00+02:00,2025-07-16 01:24:00+02:00,Long,Canal Exit,3.040000000010914,4.0,winner,3334.9,3335.1000000000004,5.900000000000091,0.40000000000009095,1.5,0.06779661016950589,0.2542372881355893,2,0,1,0.047977450598216106,0.05097604126060206,-12.073037793273148,25.375556570170687,-1.9362242269663654,1,0.3213549082138343,2,MGC_v3
2025-07-16 04:05:00+02:00,2025-07-16 05:29:00+02:00,Short,Stop Loss,-210.72000000000273,3.0,loser,3334.3,3341.2000000000003,6.900000000000091,7.099999999999909,2.900000000000091,1.02898550724635,0.4202898550724714,12,4,4,0.04198782353116505,0.11096781933238814,19.439476300436624,-31.404076878010816,9.591620402828717,0,1.5188389933928192,2,MGC_v3
2025-07-16 08:03:00+02:00,2025-07-16 11:54:00+02:00,Long,Canal Exit,-14.479999999998181,2.0,loser,3347.7000000000003,3347.1000000000004,8.800000000000182,5.600000000000364,2.099999999999909,0.6363636363636646,0.23863636363634838,33,0,8,0.09558801565253214,0.11052364309824113,-17.417513191202946,20.387716906843583,12.819972805649263,0,1.1596730687315357,3,MGC_v3
2025-07-16 12:01:00+02:00,2025-07-16 15:24:00+02:00,Short,Canal Exit,316.56000000000546,6.0,winner,3345.9,3340.5,4.0,2.599999999999909,8.200000000000273,0.6499999999999773,2.050000000000068,29,0,12,0.029887324785558445,0.06874084700678985,14.647893378352258,-0.5397287859040425,-10.073375020635618,0,0.20734912116222404,3,MGC_v3
2025-07-17 00:56:00+02:00,2025-07-17 02:06:00+02:00,Short,Canal Exit,382.08000000000726,8.0,winner,3355.3,3350.4,3.099999999999909,0.5,6.300000000000182,0.1612903225806499,2.032258064516247,10,0,0,0.002980359431358263,0.011921437725405945,29.498914278087476,-30.117007268563817,-9.607790943642273,1,1.8611222889066994,1,MGC_v3
2025-07-17 15:52:00+02:00,2025-07-17 21:56:00+02:00,Long,Auto-Close (profit),411.51999999999634,2.0,winner,3324.6000000000004,3345.3,10.400000000000091,1.300000000000182,21.999999999999545,0.1250000000000164,2.1153846153845532,52,0,15,0.036094567767545514,0.1112915839499434,10.367201494980847,11.168263719508676,-12.23110162671976,1,1.602217859313896,5,MGC_v3
2025-07-18 01:45:00+02:00,2025-07-18 04:19:00+02:00,Short,Stop Loss,-241.44000000000545,6.0,loser,3346.2000000000003,3350.1000000000004,3.900000000000091,3.9999999999995453,5.700000000000273,1.0256410256408852,1.4615384615384974,22,0,1,0.017930787161567263,0.035861574323134526,34.7656486300978,-32.1271905726107,8.089917964256049,0,0.3668346725662559,2,MGC_v3
2025-07-18 19:08:00+02:00,2025-07-18 20:11:00+02:00,Short,Canal Exit,75.04,4.0,winner,3358.6000000000004,3356.6000000000004,5.899999999999636,1.199999999999818,2.5000000000004547,0.2033898305084563,0.4237288135594252,9,0,19,0.03275174179717469,0.0357291728696562,12.235632924566353,-26.21612499979372,3.9125156939812853,1,0.37883541916653485,3,MGC_v3
2025-07-21 00:07:00+02:00,2025-07-21 02:27:00+02:00,Short,Stop Loss,-246.20000000000908,5.0,loser,3352.9,3357.7,4.800000000000182,5.400000000000091,2.099999999999909,1.1249999999999762,0.4374999999999645,20,0,0,0.08350979748873295,0.09543976855855582,19.30816118181759,-16.61279874089214,-7.312405260238026,1,1.0928594782817527,3,MGC_v3
2025-07-21 10:30:00+02:00,2025-07-21 11:40:00+02:00,Long,Stop Loss,-247.44,6.0,loser,3374.4,3370.4,4.0,4.200000000000273,0.0,1.0500000000000682,0.0,10,0,10,0.03556187766714891,0.056306306306309006,-30.1235481351309,23.277081629189922,22.280110345656155,0,4.793936045921328,2,MGC_v3
2025-07-21 22:59:00+02:00,2025-07-22 00:00:00+02:00,Short,Stop Loss,-266.8799999999891,12.0,loser,3410.4,3412.5,2.099999999999909,2.599999999999909,0.0,1.2380952380952484,0.0,1,5,22,0.002932207365702236,0.01759324419422675,22.773180420238816,-5.591737799452158,9.565699280805315,0,0.1618186427067485,1,MGC_v3
2025-07-22 01:38:00+02:00,2025-07-22 01:59:00+02:00,Short,Canal Exit,38.28000000000273,3.0,winner,3409.3,3407.9,7.199999999999818,2.399999999999636,2.600000000000364,0.33333333333329124,0.3611111111111708,3,0,1,0.0557299152318551,0.17305605256209886,21.837904341298888,-11.23706175655368,10.200435620120427,0,0.09534277097827726,3,MGC_v3
2025-07-22 13:18:00+02:00,2025-07-22 14:28:00+02:00,Long,Canal Exit,1504.36000000002,11.0,winner,3397.0,3410.8,2.299999999999727,1.099999999999909,16.699999999999818,0.47826086956523456,7.260869565218173,10,2,13,0.029437739181630854,0.038269060936125456,-20.1006452658957,4.133194680522946,3.343626573218819,1,0.3248506981117316,10,MGC_v3
2025-07-22 22:59:00+02:00,2025-07-23 01:31:00+02:00,Long,Stop Loss,-260.67999999999364,7.0,loser,3444.2000000000003,3440.600000000001,3.599999999999909,4.200000000000273,2.9999999999995453,1.166666666666772,0.8333333333332281,14,0,22,0.0,0.03484118227745987,-21.71163581374649,29.16199354663379,2.338668654745254,0,0.7949210446240613,1,MGC_v3
2025-07-23 01:38:00+02:00,2025-07-23 01:52:00+02:00,Short,Canal Exit,51.04000000000364,4.0,winner,3440.9,3439.5,6.400000000000091,0.29999999999972715,3.099999999999909,0.0468749999999567,0.4843749999999789,2,1,1,0.0,0.031968380365599375,10.095150923964773,-34.9082240055337,-3.2458119844423194,0,0.2450109948131285,2,MGC_v3
2025-07-23 16:48:00+02:00,2025-07-23 17:51:00+02:00,Long,Stop Loss,-184.47999999999817,2.0,loser,3423.5,3414.4,9.099999999999909,12.599999999999909,2.300000000000182,1.3846153846153884,0.2527472527472753,9,2,16,0.01460493646852636,0.07010369504892919,-19.811535114704146,3.6808542756390903,-8.930039185924072,1,3.7229113892844907,1,MGC_v3
2025-07-24 01:31:00+02:00,2025-07-24 01:59:00+02:00,Long,Canal Exit,19.320000000006367,7.0,winner,3398.3,3398.7000000000003,3.699999999999818,2.300000000000182,1.599999999999909,0.6216216216217013,0.4324324324324291,4,1,1,0.014713238972427389,0.01765588676691019,-24.79422566612352,32.779671259743765,-13.740692555925477,1,0.30195153544900677,1,MGC_v3
2025-07-24 13:39:00+02:00,2025-07-24 15:03:00+02:00,Short,Canal Exit,168.8,5.0,winner,3366.3,3362.8,5.0,3.699999999999818,11.100000000000364,0.7399999999999636,2.2200000000000726,12,2,13,0.08614799631641969,0.15447226925704238,-15.443290131384765,-18.526590709314767,-3.4640078916973933,1,2.271744389469859,1,MGC_v3
2025-07-25 12:29:00+02:00,2025-07-25 16:48:00+02:00,Short,Canal Exit,495.04,4.0,winner,3345.6000000000004,3333.1000000000004,5.799999999999727,3.0999999999994543,14.200000000000273,0.5344827586206207,2.448275862069128,37,0,12,0.04184600669536379,0.08668101386896494,-10.398248136086611,-10.658332864677416,-22.54159249139999,1,1.9011610208608545,4,MGC_v3
2025-07-28 08:52:00+02:00,2025-07-28 09:34:00+02:00,Long,Stop Loss,-256.2,5.0,loser,3340.4,3335.4,5.0,6.0,1.5,1.2,0.3,6,0,8,0.06586037600288207,0.07783498982158914,-40.22648646339687,1.9134864832426146,6.160495002640253,0,2.8107551781549773,2,MGC_v3
2025-07-28 17:23:00+02:00,2025-07-28 21:56:00+02:00,Long,Auto-Close (profit),79.51999999999818,2.0,winner,3312.4,3316.5,12.400000000000091,4.599999999999909,5.699999999999818,0.3709677419354738,0.45967741935482065,39,0,17,0.08151189469871611,0.13283419876826744,-18.688044144368938,9.5178607118405,-18.616232878951585,1,2.3692471710646714,3,MGC_v3
2025-07-29 01:52:00+02:00,2025-07-29 02:20:00+02:00,Long,Canal Exit,5805.36000000001,11.0,winner,3310.4,3363.3,2.299999999999727,0.599999999999909,60.0,0.2608695652173827,26.086956521742223,4,0,1,0.033228612856449645,0.06041565973899061,-17.031225315835933,10.862968676723037,5.525305639231817,0,1.6226654655756647,4,MGC_v3
2025-07-29 14:49:00+02:00,2025-07-29 15:31:00+02:00,Long,Stop Loss,-184.47999999999817,2.0,loser,3378.3,3369.2000000000003,9.099999999999909,9.300000000000182,1.199999999999818,1.021978021978052,0.1318681318681132,6,4,14,0.04144096143030788,0.13024302163810467,15.879632690817923,20.217886075314773,-3.2378769147867588,1,2.9576062280930273,2,MGC_v3
2025-07-29 16:06:00+02:00,2025-07-29 16:20:00+02:00,Short,Stop Loss,-261.2000000000182,5.0,loser,3371.5,3376.6,5.100000000000364,6.0,0.900000000000091,1.1764705882352102,0.17647058823529937,2,3,16,0.053388699391967435,0.1334717484799051,-13.204177199699018,-14.236551821840305,-10.492904712433155,0,2.9471390231410624,1,MGC_v3
2025-07-29 19:08:00+02:00,2025-07-29 20:04:00+02:00,Long,Canal Exit,167.03999999998908,4.0,winner,3379.6000000000004,3383.9,6.400000000000091,1.2000000000002728,4.999999999999545,0.18750000000003997,0.7812499999999178,8,0,19,0.02958930050893597,0.044383950763403957,17.185316844050732,17.50103715140436,3.577137576458578,0,1.4032319621928764,3,MGC_v3
2025-07-29 21:00:00+02:00,2025-07-29 21:07:00+02:00,Short,Canal Exit,-7.4399999999999995,6.0,loser,3382.0,3382.0,4.300000000000182,0.6999999999998181,1.099999999999909,0.1627906976743694,0.25581395348834013,1,0,21,0.017740981667649588,0.035481963335299176,27.57708156076591,-32.147423834953955,2.1980608803544657,1,0.2891061252939835,1,MGC_v3
2025-07-30 01:38:00+02:00,2025-07-30 01:52:00+02:00,Short,Canal Exit,-98.88000000003274,12.0,loser,3383.0,3383.7000000000003,2.100000000000364,1.0,0.8000000000001819,0.4761904761903937,0.3809523809524016,2,0,1,0.017735737511082147,0.035471475022164294,27.147000345846507,-15.758161723933053,6.73893384892933,0,0.02359722856181179,2,MGC_v3
2025-07-30 05:50:00+02:00,2025-07-30 06:18:00+02:00,Long,Canal Exit,-1.919999999970896,8.0,loser,3383.5,3383.6000000000004,2.899999999999636,2.400000000000091,0.6999999999998181,0.8275862068966869,0.24137931034479515,4,0,5,0.008866558297626184,0.02659967489286511,-23.658770026389053,19.867826053732166,0.26914140663437963,0,0.31677240385397454,1,MGC_v3
2025-07-30 07:56:00+02:00,2025-07-30 08:10:00+02:00,Short,Canal Exit,47.040000000007275,4.0,winner,3379.6000000000004,3378.3,6.299999999999727,1.2999999999997272,1.6000000000003638,0.20634920634917198,0.25396825396832273,2,3,7,0.03550716061073124,0.03846609066162214,10.664270699203104,-30.264640827558065,-5.048790526987945,0,0.9604241835304492,1,MGC_v3
2025-07-30 14:35:00+02:00,2025-07-30 15:10:00+02:00,Short,Canal Exit,479.27999999999724,3.0,winner,3379.7000000000003,3363.6000000000004,6.699999999999818,1.199999999999818,18.600000000000364,0.179104477611918,2.7761194029852043,5,0,14,0.04142379501138078,0.18640707755125388,20.41633990216716,-13.979334197678213,-14.67913965270659,1,0.37972388372963906,5,MGC_v3
2025-07-30 17:16:00+02:00,2025-07-30 21:00:00+02:00,Short,Canal Exit,139.75999999999908,1.0,winner,3345.7000000000003,3331.6000000000004,14.599999999999909,12.899999999999636,18.200000000000273,0.883561643835597,1.24657534246578,32,0,17,0.2480796245927663,0.27497982484981537,-17.628843394513765,-31.896116946584527,-21.6456746237557,1,3.8512722132618364,3,MGC_v3
2025-07-31 18:05:00+02:00,2025-07-31 21:56:00+02:00,Short,Auto-Close (loss),-18.72,3.0,loser,3343.7000000000003,3344.2000000000003,8.299999999999727,7.799999999999727,1.800000000000182,0.9397590361445763,0.2168674698795471,33,0,18,0.011962795705359061,0.11065586027454073,18.98451503221768,-31.762733682925493,-27.98053825749103,1,0.45272593979552767,2,MGC_v3
2025-08-01 00:21:00+02:00,2025-08-01 00:35:00+02:00,Long,Canal Exit,-6.2,5.0,loser,3344.9,3344.9,4.900000000000091,0.8000000000001819,0.6999999999998181,0.16326530612248308,0.14285714285710308,2,0,0,0.02690663398009181,0.06577177195133704,-16.066624335850708,29.008581067018454,-9.28202758224867,0,0.3007026013528957,2,MGC_v3
2025-08-01 01:17:00+02:00,2025-08-01 02:13:00+02:00,Short,Canal Exit,178.80000000001365,5.0,winner,3342.2000000000003,3338.5,4.599999999999909,2.199999999999818,4.700000000000273,0.4782608695651873,1.0217391304348622,8,0,1,0.017952247022916316,0.09574531745556275,37.72920688210075,-34.07839442470092,-9.357612384932477,1,1.4252760122208201,1,MGC_v3
2025-08-01 16:34:00+02:00,2025-08-01 21:28:00+02:00,Short,Stop Loss,-222.48,2.0,loser,3397.7000000000003,3408.7000000000003,11.0,12.699999999999818,5.600000000000364,1.154545454545438,0.5090909090909421,42,1,16,0.04120434411513939,0.07357918591988699,29.746098288152,-10.797567548680073,17.66429825004375,0,7.939847375411773,4,MGC_v3
2025-08-04 01:45:00+02:00,2025-08-04 02:27:00+02:00,Long,Stop Loss,-228.95999999999637,4.0,loser,3412.7000000000003,3407.1000000000004,5.599999999999909,6.100000000000364,2.699999999999818,1.089285714285797,0.4821428571428325,6,0,1,0.055674392709574125,0.08204647346674854,-30.94053424226061,20.428389641782935,18.371728721977753,0,4.91289228743517,2,MGC_v3
2025-08-04 12:15:00+02:00,2025-08-04 12:57:00+02:00,Short,Canal Exit,-150.71999999998908,3.0,loser,3408.1000000000004,3413.0,6.699999999999818,5.199999999999818,2.300000000000182,0.7761194029850685,0.3432835820895887,6,2,12,0.09682814471406889,0.10269651712098984,-17.456970362995136,-22.15833168187308,-8.564787956951381,0,0.838027359136504,2,MGC_v3
2025-08-04 13:04:00+02:00,2025-08-04 13:25:00+02:00,Long,Canal Exit,111.52000000000545,2.0,winner,3415.5,3421.2000000000003,9.799999999999727,0.3000000000001819,6.199999999999818,0.030612244897978598,0.6326530612244888,3,0,13,0.0761235543844213,0.15810276679842164,-16.989080198054417,34.50323849063593,-3.7353633207830867,0,0.7586883169333305,3,MGC_v3
2025-08-04 16:55:00+02:00,2025-08-04 21:56:00+02:00,Short,Auto-Close (loss),-44.47999999999818,2.0,loser,3428.4,3430.5,11.200000000000273,3.900000000000091,4.300000000000182,0.34821428571428537,0.38392857142857834,43,0,16,0.061253062653130005,0.16042468790104847,-10.738844840472984,-24.781641783445583,6.533663265536214,0,3.242381671534531,2,MGC_v3
2025-08-05 04:26:00+02:00,2025-08-05 11:05:00+02:00,Short,Canal Exit,391.04000000000366,4.0,winner,3429.6000000000004,3419.7000000000003,6.5,3.299999999999727,11.300000000000182,0.5076923076922657,1.7384615384615665,57,1,4,0.03498950314906324,0.12829484487987203,13.859813952012981,-25.190193973893166,6.466218552193311,0,1.0931905962188466,3,MGC_v3
2025-08-06 12:57:00+02:00,2025-08-06 13:18:00+02:00,Short,Stop Loss,-246.20000000000908,5.0,loser,3416.0,3420.8,4.800000000000182,5.5,0.6999999999998181,1.14583333333329,0.1458333333332899,3,0,12,0.035128805620603575,0.06733021077282574,33.96014029864465,-12.384568352272321,-12.727738758386245,1,2.4094718251108134,1,MGC_v3
2025-08-06 14:00:00+02:00,2025-08-06 14:49:00+02:00,Short,Stop Loss,-241.44000000000545,6.0,loser,3418.2000000000003,3422.1000000000004,3.900000000000091,5.399999999999636,3.900000000000091,1.3846153846152591,1.0,7,0,14,0.04388274530454626,0.06436135977999585,34.99681124242913,-22.421152548278922,-4.87412751233304,1,4.155786945996624,3,MGC_v3
2025-08-07 01:31:00+02:00,2025-08-07 01:45:00+02:00,Short,Stop Loss,-276.12,13.0,loser,3433.5,3435.5,2.0,2.5,0.8000000000001819,1.25,0.40000000000009095,2,0,1,0.008737439930105778,0.06698703946410899,16.570463449601412,-12.83536350440104,-4.251645575491456,1,0.8161797971206397,1,MGC_v3
2025-08-07 05:50:00+02:00,2025-08-07 07:00:00+02:00,Long,Canal Exit,143.8,5.0,winner,3443.5,3446.5,4.799999999999727,0.40000000000009095,4.0,0.08333333333335702,0.8333333333333807,10,0,5,0.052272397270224535,0.10744881661101417,-23.153054375931365,27.423738959542543,15.310525297579892,0,2.9626314722218012,3,MGC_v3
2025-08-07 15:59:00+02:00,2025-08-07 16:13:00+02:00,Short,Canal Exit,42.75999999999636,1.0,winner,3450.5,3446.1000000000004,14.600000000000364,3.199999999999818,15.0,0.2191780821917629,1.027397260273947,2,1,15,0.11882335893348528,0.2695261556296242,34.86441370335535,-18.067572276398103,5.206861731548592,1,0.2577931005289429,2,MGC_v3
2025-08-07 20:25:00+02:00,2025-08-07 20:46:00+02:00,Short,Canal Exit,38.800000000004545,5.0,winner,3453.1000000000004,3452.2,5.199999999999818,2.4999999999995453,1.6000000000003638,0.4807692307691601,0.3076923076923884,3,0,20,0.011583794271816368,0.06081491992703263,29.954222418054865,-27.27195450679221,2.713183928946704,1,0.8551121140317264,3,MGC_v3
2025-08-08 17:23:00+02:00,2025-08-08 19:57:00+02:00,Long,Stop Loss,-136.24,1.0,loser,3494.3,3480.8,13.5,41.40000000000009,1.099999999999909,3.0666666666666735,0.08148148148147474,22,3,17,0.00858541052571851,0.12878115788569955,15.662567876390368,18.349050883889902,4.63162845379504,1,0.19893597533791763,2,MGC_v3
2025-08-08 20:04:00+02:00,2025-08-08 20:32:00+02:00,Short,Canal Exit,48.76,1.0,winner,3460.1000000000004,3455.1000000000004,33.29999999999973,7.299999999999727,7.800000000000182,0.21921921921921284,0.2342342342342416,4,1,20,0.06647206728128456,0.9739602901650188,17.32434043531893,-26.42236204266169,-3.1612176800347727,0,6.670936180951685,2,MGC_v3
2025-08-11 00:28:00+02:00,2025-08-11 02:34:00+02:00,Short,Canal Exit,347.2799999999945,3.0,winner,3458.5,3446.8000000000006,8.100000000000364,3.300000000000182,12.199999999999818,0.40740740740741155,1.5061728395060827,18,5,0,0.049154257626133235,0.06361139222205632,29.79749406000968,-7.7157864425347515,-7.882086005811712,1,9.628130188116302,3,MGC_v3
2025-08-11 05:36:00+02:00,2025-08-11 08:59:00+02:00,Short,Canal Exit,655.04,4.0,winner,3437.6000000000004,3421.1000000000004,6.399999999999636,5.299999999999727,17.300000000000182,0.8281250000000044,2.703125000000182,29,0,5,0.023272050267633872,0.13090528275541075,12.935585450188062,-20.13012498249151,-16.29783623499833,1,5.340272244578955,2,MGC_v3
2025-08-11 14:56:00+02:00,2025-08-11 18:26:00+02:00,Long,Canal Exit,-114.47999999999818,2.0,loser,3409.5,3403.9,12.799999999999727,10.599999999999909,9.199999999999818,0.8281250000000105,0.7187500000000011,30,0,14,0.03812875788239278,0.09678838539375809,-25.896668266935023,29.65880561230116,-11.313557044285524,1,0.9891144712728419,1,MGC_v3
2025-08-11 18:33:00+02:00,2025-08-11 19:36:00+02:00,Short,Canal Exit,-66.47999999999637,2.0,loser,3402.7000000000003,3405.9,9.099999999999909,6.199999999999818,3.400000000000091,0.6813186813186681,0.37362637362638734,9,0,18,0.03526611220502169,0.14106444882006,-15.504231929817735,-29.288905439041287,3.1170189701394717,1,0.6416262736474891,2,MGC_v3
2025-08-12 14:14:00+02:00,2025-08-12 14:28:00+02:00,Short,Stop Loss,-261.72000000001094,3.0,loser,3388.5,3397.1000000000004,8.600000000000364,15.5,2.0,1.8023255813952725,0.2325581395348739,2,0,14,0.13870444149328076,0.1741183414490214,38.68537295353272,-11.17392312312942,-11.024051928798386,1,1.5854374910777551,2,MGC_v3
2025-08-12 20:11:00+02:00,2025-08-12 21:07:00+02:00,Long,Stop Loss,-235.43999999998363,6.0,loser,3401.0,3397.2000000000003,3.799999999999727,5.300000000000182,0.1999999999998181,1.3947368421054112,0.052631578947324335,8,0,20,0.014701558365186709,0.017641870038221378,-29.55025150399078,25.89573957390914,17.90491951370806,0,2.0554969911054286,1,MGC_v3
2025-08-12 21:35:00+02:00,2025-08-12 21:56:00+02:00,Long,Auto-Close (loss),-55.44000000001091,6.0,loser,3399.6000000000004,3398.8000000000006,4.0,1.6000000000003638,0.29999999999972715,0.40000000000009095,0.07499999999993179,3,1,21,0.014707612660312978,0.07353806330156488,-19.115632541246967,17.768658325402427,-3.6850260644257005,0,1.6718523823092255,2,MGC_v3
2025-08-13 01:45:00+02:00,2025-08-13 02:27:00+02:00,Short,Canal Exit,802.8799999999645,13.0,winner,3401.9,3395.6000000000004,2.0,0.5,8.599999999999909,0.25,4.2999999999999545,6,1,1,0.008818601369814726,0.017637202739629453,31.452825775975022,-11.15690240834535,12.282455158870743,0,0.2539974141664061,6,MGC_v3
2025-08-13 05:43:00+02:00,2025-08-13 06:04:00+02:00,Short,Canal Exit,11.040000000003637,4.0,winner,3399.3,3398.9,5.900000000000091,1.199999999999818,1.800000000000182,0.20338983050844062,0.305084745762738,3,3,5,0.047068514105842646,0.08531168181684731,-11.329325832099752,-13.034644033849979,4.954785490527641,0,0.8209004985137653,3,MGC_v3
2025-08-13 13:11:00+02:00,2025-08-13 15:59:00+02:00,Short,Stop Loss,-216.9599999999891,4.0,loser,3412.6000000000004,3417.9,5.299999999999727,6.899999999999636,8.700000000000273,1.3018867924528286,1.6415094339624001,24,0,13,0.0,0.0849791947488745,20.676915549792902,-31.04668231463966,11.333701123395537,0,1.353682468327861,2,MGC_v3
2025-08-14 01:03:00+02:00,2025-08-14 01:24:00+02:00,Long,Canal Exit,54.32000000000637,7.0,winner,3409.5,3410.4,3.599999999999909,1.0,1.800000000000182,0.2777777777777848,0.5000000000000632,3,0,1,0.014664906877841324,0.05279366476023411,-12.023766549674463,24.690576059723593,16.555916216354547,0,0.3283075576682677,2,MGC_v3
2025-08-14 12:43:00+02:00,2025-08-14 15:03:00+02:00,Short,Canal Exit,-96.71999999999727,3.0,loser,3400.9,3404.0,7.0,6.599999999999909,10.900000000000091,0.9428571428571298,1.55714285714287,20,0,12,0.061748360728039894,0.16760269340468165,11.620136924932602,-24.06242349370009,-11.366848984868586,1,4.028051146362486,2,MGC_v3
2025-08-14 15:10:00+02:00,2025-08-14 15:59:00+02:00,Long,Stop Loss,-143.24000000000274,1.0,loser,3404.1000000000004,3389.9,14.200000000000273,17.900000000000546,0.5999999999994543,1.2605633802817044,0.04225352112672132,7,0,15,0.005875268059099853,0.10869245909344079,-11.242700900966927,23.334448876050637,3.732158769630094,0,2.1823820291692755,1,MGC_v3
2025-08-14 18:05:00+02:00,2025-08-14 21:56:00+02:00,Short,Auto-Close (loss),-46.47999999999636,2.0,loser,3383.2000000000003,3385.4,11.400000000000091,4.699999999999818,7.600000000000364,0.4122807017543667,0.6666666666666933,33,0,18,0.1300543863797615,0.1359659493970179,36.02969212548392,-6.73841828208945,-12.153098089959503,1,3.2835958337136617,3,MGC_v3
2025-08-15 12:08:00+02:00,2025-08-15 13:04:00+02:00,Short,Canal Exit,118.8,5.0,winner,3386.7000000000003,3384.2,4.599999999999909,1.199999999999818,4.500000000000455,0.26086956521735694,0.9782608695653356,8,0,12,0.0029527268432370463,0.06495999055126873,19.729020794515623,-29.14539046123916,-0.3157358944695815,1,0.8431813064898961,3,MGC_v3
2025-08-15 15:17:00+02:00,2025-08-15 15:52:00+02:00,Short,Canal Exit,113.28000000000273,3.0,winner,3386.3,3382.4,7.099999999999909,0.8999999999996362,7.0,0.1267605633802321,0.9859154929577592,5,0,15,0.0,0.05610843693707264,28.61016309729331,-19.42715341059179,-5.798272940700765,1,1.1008268028981547,2,MGC_v3
2025-08-18 05:22:00+02:00,2025-08-18 11:12:00+02:00,Long,Canal Exit,100.56000000001092,6.0,winner,3391.5,3393.3000000000006,4.099999999999909,2.0,12.300000000000182,0.4878048780487913,3.000000000000111,50,0,5,0.0029485478401860255,0.07961079168508974,-28.846138619852216,28.117378425499346,20.68382463216613,0,2.9936272725208255,3,MGC_v3
2025-08-18 12:29:00+02:00,2025-08-18 14:00:00+02:00,Short,Canal Exit,96.32,7.0,winner,3393.8,3392.3,3.699999999999818,2.0,3.5,0.5405405405405671,0.9459459459459925,13,0,12,0.011786198361707707,0.020625847132988488,-11.31753448898884,-22.548066233962967,3.842518479477397,1,0.8801918545186709,2,MGC_v3
2025-08-19 04:54:00+02:00,2025-08-19 05:15:00+02:00,Long,Canal Exit,74.27999999999727,3.0,winner,3381.6000000000004,3384.2000000000003,7.800000000000182,1.1000000000003638,3.0999999999994543,0.14102564102568438,0.3974358974358182,3,2,4,0.07097232079489268,0.13898746155666764,19.68532263538976,24.7897014178193,-1.4912496403538114,1,1.2165052017007838,3,MGC_v3
2025-08-19 08:24:00+02:00,2025-08-19 09:06:00+02:00,Short,Stop Loss,-232.96000000001092,4.0,loser,3379.5,3385.2000000000003,5.700000000000273,6.099999999999909,1.199999999999818,1.070175438596424,0.2105263157894317,6,0,8,0.035508211273851696,0.03846722888000376,-12.646332147858674,-16.488816239256202,5.263227052324058,0,1.1574593789919163,3,MGC_v3
2025-08-20 07:56:00+02:00,2025-08-20 09:27:00+02:00,Long,Canal Exit,17.280000000008187,3.0,winner,3366.5,3367.2000000000003,6.699999999999818,2.400000000000091,3.599999999999909,0.3582089552239039,0.5373134328358219,13,2,7,0.07129065795336673,0.09802465468588095,-16.94312181384894,34.929719035327636,15.901250191442546,0,0.15518236000389152,3,MGC_v3
2025-08-20 18:05:00+02:00,2025-08-20 21:35:00+02:00,Long,Canal Exit,178.80000000001365,5.0,winner,3387.4,3391.1,4.799999999999727,0.7000000000002728,5.400000000000091,0.14583333333339846,1.1250000000000828,30,1,18,0.008856350002957486,0.07970715002657709,-23.513060882615516,16.7157440530782,4.962972985155895,0,4.800019981593323,2,MGC_v3
2025-08-21 01:03:00+02:00,2025-08-21 06:39:00+02:00,Short,Canal Exit,544.559999999989,6.0,winner,3390.5,3381.3000000000006,4.200000000000273,1.300000000000182,9.599999999999909,0.30952380952383274,2.2857142857141155,48,0,1,0.035393009880543225,0.053089514820814844,14.027534786082354,-17.452239586732034,7.422802100428906,0,0.6619929123289694,3,MGC_v3
2025-08-21 08:17:00+02:00,2025-08-21 09:34:00+02:00,Short,Stop Loss,-266.1999999999909,5.0,loser,3377.7000000000003,3382.9,5.199999999999818,5.299999999999727,1.2000000000002728,1.0192307692307525,0.23076923076929132,11,0,8,0.08585724013382157,0.08881783462119194,18.302270320052962,-25.24040133603019,-10.119283797657888,1,0.7888590992733953,2,MGC_v3
2025-08-21 15:52:00+02:00,2025-08-21 16:34:00+02:00,Short,Stop Loss,-258.72,3.0,loser,3382.7000000000003,3391.2000000000003,8.5,9.299999999999727,1.5000000000004547,1.0941176470587914,0.17647058823534761,6,1,15,0.06503680491914204,0.2926656221361527,36.977529637376904,-0.1854724046151457,3.934284935353702,1,2.0276859791129027,2,MGC_v3
2025-08-21 17:37:00+02:00,2025-08-21 21:56:00+02:00,Long,Auto-Close (loss),-120.48000000000182,2.0,loser,3389.3,3383.4,9.099999999999909,8.300000000000182,0.8999999999996362,0.9120879120879412,0.09890109890105991,37,0,17,0.035405540967169406,0.08261292892338187,-35.060207524130206,31.77317021094636,11.586085470755574,0,3.776443449186445,2,MGC_v3
2025-08-22 00:28:00+02:00,2025-08-22 01:10:00+02:00,Long,Stop Loss,-263.1600000000164,9.0,loser,3384.8,3382.0,2.800000000000182,3.400000000000091,0.09999999999990905,1.2142857142856678,0.035714285714250914,6,0,0,0.008863152918937068,0.029543843063105646,-39.821478505959085,28.23721721049526,5.505950541741837,1,0.39990600892542716,2,MGC_v3
2025-08-22 13:11:00+02:00,2025-08-22 13:46:00+02:00,Short,Canal Exit,-7.4399999999999995,6.0,loser,3370.1000000000004,3370.1000000000004,3.799999999999727,2.699999999999818,1.0000000000004547,0.7105263157894768,0.26315789473698065,5,5,13,0.059345420017210174,0.0682472330197971,11.313093783415201,-14.70668754326225,-2.3005562253159,0,0.040779245701742184,2,MGC_v3
2025-08-22 19:01:00+02:00,2025-08-22 21:56:00+02:00,Long,Auto-Close (profit),11.040000000003637,4.0,winner,3417.2000000000003,3417.6000000000004,5.599999999999909,2.700000000000273,3.4999999999995453,0.4821428571429137,0.624999999999929,25,0,19,0.02926372468687815,0.08193842912326413,-10.912500586617433,3.9234818618186784,31.259850998634967,0,13.39656771672253,6,MGC_v3
2025-08-25 17:44:00+02:00,2025-08-25 18:12:00+02:00,Short,Canal Exit,26.32,7.0,winner,3418.4,3417.9,3.300000000000182,0.7999999999997272,1.2000000000002728,0.24242424242414637,0.36363636363642626,4,0,17,0.032178797098054907,0.038029487479527904,28.145534118461182,-32.43288991792566,11.425743031253331,1,0.042296517573959136,1,MGC_v3
2025-08-25 19:01:00+02:00,2025-08-25 19:29:00+02:00,Long,Stop Loss,-262.4,10.0,loser,3418.7000000000003,3416.2,2.5,3.200000000000273,0.6999999999998181,1.280000000000109,0.27999999999992725,4,0,19,0.008775265451771935,0.02047561938746785,13.795050120959623,17.28265710184443,16.457728712566976,0,2.237005238504935,1,MGC_v3
2025-08-26 05:36:00+02:00,2025-08-26 07:21:00+02:00,Long,Canal Exit,102.08000000000727,8.0,winner,3420.8,3422.2000000000003,2.900000000000091,0.7000000000002728,5.699999999999818,0.2413793103449141,1.965517241379186,15,0,5,0.0,0.01753975678203663,-39.20189270258406,7.1257397655879195,12.56993025438846,0,7.189910163706372,2,MGC_v3
2025-08-26 13:04:00+02:00,2025-08-26 13:25:00+02:00,Long,Canal Exit,49.519999999998184,2.0,winner,3422.7000000000003,3425.3,10.0,0.5000000000004547,3.099999999999909,0.05000000000004547,0.3099999999999909,3,0,13,0.10225845093055191,0.15192684138252893,-25.98065821811069,34.847108762559515,-10.793668217758885,0,1.764501787178233,3,MGC_v3
2025-08-26 16:20:00+02:00,2025-08-26 17:02:00+02:00,Long,Canal Exit,175.04,4.0,winner,3423.0,3427.5,6.099999999999909,2.099999999999909,6.300000000000182,0.34426229508195744,1.0327868852459468,6,0,16,0.008764241893081563,0.07887817703769422,-11.069176665880416,2.74834152316791,9.266525503639706,0,1.276983440292497,6,MGC_v3
2025-08-27 01:10:00+02:00,2025-08-27 02:55:00+02:00,Long,Stop Loss,-260.67999999999364,7.0,loser,3441.4,3437.8,3.599999999999909,4.200000000000273,2.099999999999909,1.166666666666772,0.5833333333333228,15,0,1,0.02905794153542163,0.02905794153542163,14.976557705716742,17.902273038035496,14.222838887075756,0,2.0838971662033146,2,MGC_v3
2025-08-27 08:03:00+02:00,2025-08-27 08:59:00+02:00,Long,Stop Loss,-247.44,6.0,loser,3428.4,3424.4,4.0,4.0,3.299999999999727,1.0,0.8249999999999318,8,0,8,0.023334500058341555,0.04083537510209109,13.411766612372585,14.03645711334702,-21.073654476771516,1,2.4717875324149645,4,MGC_v3
2025-08-27 20:39:00+02:00,2025-08-27 21:56:00+02:00,Long,Auto-Close (profit),16.56000000000546,6.0,winner,3448.8,3449.2000000000003,3.900000000000091,1.800000000000182,1.0,0.4615384615384974,0.25641025641025045,11,0,20,0.011598237067968305,0.014497796334957087,-15.620465371527239,22.935175035274113,20.806546832002148,0,3.9520340604995,2,MGC_v3
2025-08-28 05:50:00+02:00,2025-08-28 08:03:00+02:00,Short,Stop Loss,-267.6799999999873,7.0,loser,3444.8,3448.5,3.699999999999818,4.299999999999727,1.6000000000003638,1.1621621621621456,0.432432432432552,19,0,5,0.00580585229912543,0.058058522991188306,38.72884585800509,-30.612430962032573,-10.921810722632582,1,1.8487059074177523,2,MGC_v3
2025-08-28 08:10:00+02:00,2025-08-28 11:47:00+02:00,Long,Canal Exit,388.80000000000456,5.0,winner,3447.7000000000003,3455.6,4.599999999999909,0.900000000000091,9.999999999999545,0.1956521739130671,2.173913043478205,31,1,8,0.052208718856054236,0.09861646895031734,-16.98126489544816,34.58758039875882,5.787969088577505,1,1.3054693927242624,1,MGC_v3
2025-08-28 13:18:00+02:00,2025-08-28 14:14:00+02:00,Long,Canal Exit,428.80000000001365,5.0,winner,3457.9,3466.6,5.099999999999909,0.40000000000009095,9.0,0.07843137254903884,1.7647058823529727,8,2,13,0.09543364469765413,0.14170450273287516,14.055950636245147,20.58774118141231,13.177875081829404,0,0.8049980299811068,3,MGC_v3
2025-08-29 08:03:00+02:00,2025-08-29 08:38:00+02:00,Long,Stop Loss,-267.6799999999873,7.0,loser,3470.8,3467.100000000001,3.699999999999818,4.200000000000273,0.7999999999997272,1.1351351351352648,0.2162162162161531,5,2,8,0.028811801313818136,0.06050478275901547,-26.188468359606176,34.561234812783084,-11.358432348528368,1,1.7417269420711818,1,MGC_v3
2025-08-29 08:45:00+02:00,2025-08-29 09:34:00+02:00,Short,Canal Exit,-1.4400000000054565,6.0,loser,3468.4,3468.3000000000006,3.900000000000091,3.400000000000091,2.300000000000182,0.8717948717948748,0.5897435897436226,7,1,8,0.0057663475954409195,0.031714911774879166,30.548101017911247,-30.99283125238289,-4.259986130342045,1,1.0354248525918592,1,MGC_v3
2025-09-01 18:19:00+02:00,2025-09-01 19:29:00+02:00,Long,Canal Exit,177.83999999999182,9.0,winner,3545.2000000000003,3547.3,2.700000000000273,0.3000000000001819,2.699999999999818,0.11111111111116725,0.9999999999998316,10,0,18,0.01128286133362395,0.02538643800066671,-24.258985218866066,14.308575760029516,9.114750724952874,0,1.845504685639753,5,MGC_v3
2025-09-01 20:25:00+02:00,2025-09-02 00:00:00+02:00,Short,Stop Loss,-266.8799999999891,12.0,loser,3545.7000000000003,3547.8000000000006,2.099999999999909,2.299999999999727,4.547473508864641e-13,1.0952380952380127,2.165463575649923e-13,1,0,20,0.011281270271035083,0.016921905406546214,15.942780099022151,-32.43263767628751,-0.30888571547169474,0,0.13825949231977575,1,MGC_v3
2025-09-02 00:07:00+02:00,2025-09-02 00:49:00+02:00,Long,Canal Exit,-206.2,5.0,loser,3550.7000000000003,3546.7,5.099999999999909,4.200000000000273,1.4999999999995453,0.8235294117647741,0.2941176470587396,6,1,0,0.01408173036302701,0.11828653504942176,-19.85040418311075,15.311847842845438,-0.42092041664517266,1,0.31184461747943715,3,MGC_v3
2025-09-02 01:24:00+02:00,2025-09-02 01:52:00+02:00,Long,Canal Exit,106.56000000000546,6.0,winner,3549.8,3551.7000000000003,4.199999999999818,0.3000000000001819,3.5,0.07142857142861783,0.8333333333333695,4,0,1,0.04507296185700346,0.13240182545495008,-40.18069922533369,24.84525733981646,10.458164994757608,0,1.0970623027542388,2,MGC_v3
2025-09-02 13:18:00+02:00,2025-09-02 13:53:00+02:00,Short,Stop Loss,-216.7200000000109,3.0,loser,3549.5,3556.6000000000004,7.100000000000364,7.599999999999909,3.099999999999909,1.0704225352112,0.436619718309824,5,1,13,0.04789406958726069,0.12677841949569083,34.59857721747712,-20.127361549572328,4.571089630115554,1,4.221782901476217,2,MGC_v3
2025-09-02 14:21:00+02:00,2025-09-02 14:42:00+02:00,Short,Canal Exit,42.76000000000091,1.0,winner,3547.2000000000003,3542.8,17.0,7.299999999999727,8.700000000000273,0.4294117647058663,0.511764705882369,3,0,14,0.05638249887235003,0.31574199368516787,39.90307489854298,-17.823403164707372,9.527551309037813,1,2.4881266176025747,3,MGC_v3
2025-09-02 16:06:00+02:00,2025-09-02 16:27:00+02:00,Long,Canal Exit,16.76000000000182,1.0,winner,3558.4,3560.2000000000003,16.40000000000009,1.400000000000091,9.199999999999818,0.08536585365854166,0.5609756097560834,3,4,16,0.1995278776978392,0.2276303956834507,12.010609416291455,14.584941957237419,4.900102514799093,1,2.980254924190376,3,MGC_v3
2025-09-03 02:06:00+02:00,2025-09-03 03:23:00+02:00,Long,Canal Exit,286.56000000000546,6.0,winner,3597.3,3602.2000000000003,4.099999999999909,0.3000000000001819,19.59999999999991,0.07317073170736306,4.780487804878133,11,1,2,0.03057848942263263,0.047257665471333296,-29.61712662955643,8.699706424136117,2.823168861698977,0,1.7820748436752183,3,MGC_v3
2025-09-03 14:56:00+02:00,2025-09-03 15:52:00+02:00,Long,Canal Exit,2.759999999996362,1.0,winner,3620.6000000000004,3621.0,13.5,7.400000000000546,7.099999999999454,0.5481481481481886,0.5259259259258855,8,0,14,0.14638457714190264,0.20438601336794002,-14.991238414174356,32.81821414965992,11.103572973909637,0,1.5586714483279138,2,MGC_v3
2025-09-04 15:59:00+02:00,2025-09-04 17:02:00+02:00,Short,Canal Exit,-93.23999999999818,1.0,loser,3598.7000000000003,3607.9,19.09999999999991,10.599999999999909,5.900000000000091,0.5549738219895267,0.30890052356021563,9,0,15,0.166726873593242,0.17784199849946067,33.750378871191714,-29.284459530483083,2.094496917988836,0,0.0675730415068756,1,MGC_v3
2025-09-05 05:08:00+02:00,2025-09-05 06:18:00+02:00,Long,Canal Exit,176.28,3.0,winner,3612.0,3618.0,7.099999999999909,0.8000000000001819,6.5,0.11267605633805523,0.9154929577464906,10,0,5,0.06367663344408034,0.08028792912514095,-23.906062430516357,27.847506825842466,13.398814125519806,0,3.061606356985976,6,MGC_v3
2025-09-05 17:30:00+02:00,2025-09-05 21:56:00+02:00,Long,Auto-Close (profit),9.760000000003638,1.0,winner,3645.5,3646.6000000000004,19.09999999999991,1.199999999999818,10.0,0.06282722513088083,0.5235602094240862,38,0,17,0.03291729529556489,0.04388972706075735,12.897563979679985,13.710646032202334,8.642216465465273,0,7.972561674043391,4,MGC_v3
2025-09-08 05:15:00+02:00,2025-09-08 05:50:00+02:00,Short,Canal Exit,238.55999999999455,6.0,winner,3631.0,3626.9,3.900000000000091,0.0,5.0,0.0,1.2820512820512522,5,1,5,0.04406499586890413,0.12668686312310407,10.713474932143955,-10.944940630155017,-4.484526700964838,1,1.8267556089012942,5,MGC_v3
2025-09-09 00:07:00+02:00,2025-09-09 00:42:00+02:00,Short,Canal Exit,159.32000000000636,7.0,winner,3675.6000000000004,3673.2000000000003,3.299999999999727,1.3999999999996362,4.800000000000182,0.4242424242423491,1.45454545454563,5,0,0,0.032647730982704126,0.06529546196539589,35.13128620167066,-9.553705612106132,1.88743068742003,1,1.0505974520992822,5,MGC_v3
2025-09-09 08:03:00+02:00,2025-09-09 08:24:00+02:00,Short,Canal Exit,6.760000000001819,1.0,winner,3679.7000000000003,3678.9,19.0,7.699999999999818,2.900000000000091,0.4052631578947273,0.1526315789473732,3,0,8,0.3505720575046904,0.4484061200641357,30.66263883428234,-29.27934815680207,2.2955858675662286,1,0.7672858940295555,3,MGC_v3
2025-09-09 14:14:00+02:00,2025-09-09 14:35:00+02:00,Long,Stop Loss,-216.9599999999891,4.0,loser,3690.5,3685.2000000000003,5.299999999999727,6.199999999999818,0.09999999999990905,1.169811320754743,0.018867924528285698,3,1,14,0.08941877794337304,0.16257959626066928,-23.107047547289863,15.368994490669735,5.59137602053661,0,1.8624046835957415,1,MGC_v3
2025-09-09 16:27:00+02:00,2025-09-09 17:09:00+02:00,Short,Canal Exit,101.76000000000182,1.0,winner,3681.7000000000003,3671.4,33.59999999999991,7.799999999999727,15.700000000000273,0.23214285714284966,0.46726190476191415,6,0,16,0.29334274927343845,0.3802591194285249,25.804105388517296,-29.15934199608366,0.8813368747744164,0,1.2932936290271755,1,MGC_v3
2025-09-09 19:29:00+02:00,2025-09-09 21:35:00+02:00,Short,Canal Exit,407.0400000000073,4.0,winner,3682.2000000000003,3671.9,6.400000000000091,2.299999999999727,12.600000000000364,0.35937499999995226,1.9687500000000289,18,0,19,0.0027157677475397606,0.08147303242626691,-19.737875963572236,-24.914249544090485,-21.340023825334317,1,2.383038871445933,3,MGC_v3
2025-09-10 10:44:00+02:00,2025-09-10 12:29:00+02:00,Long,Canal Exit,586.5600000000054,6.0,winner,3685.0,3694.9,4.299999999999727,1.800000000000182,10.699999999999818,0.41860465116285955,2.4883720930233713,15,1,10,0.013568521031207599,0.09497964721845319,-10.159935360299192,11.86230059117239,19.544556738925017,0,2.1902626384789983,3,MGC_v3
2025-09-10 15:31:00+02:00,2025-09-10 16:06:00+02:00,Long,Canal Exit,-0.24000000000090949,1.0,loser,3692.8,3692.9,13.900000000000091,6.700000000000273,0.8999999999996362,0.4820143884892251,0.06474820143882233,5,1,15,0.1218587521663778,0.1868500866551151,-20.95636900027885,34.785941353608095,-3.928608243589686,0,0.9818308599269585,1,MGC_v3
2025-09-10 20:53:00+02:00,2025-09-10 21:35:00+02:00,Short,Canal Exit,423.79999999999546,5.0,winner,3685.0,3676.4,4.700000000000273,1.0,10.5,0.21276595744679616,2.2340425531913595,6,0,20,0.0027137042062390514,0.03527815468113235,34.042818923173854,-34.071406566966786,-1.1074467535105683,1,1.876434965503904,1,MGC_v3
2025-09-11 15:31:00+02:00,2025-09-11 16:27:00+02:00,Short,Canal Exit,-152.2399999999991,1.0,loser,3656.6000000000004,3671.7000000000003,25.399999999999636,19.699999999999818,0.3000000000001819,0.7755905511811063,0.011811023622054575,8,0,15,0.1367390472023191,0.2734780944046382,41.64921850310792,-28.12549798852175,11.340777814058928,1,3.267383040317327,1,MGC_v3
2025-09-11 19:29:00+02:00,2025-09-11 20:25:00+02:00,Long,Stop Loss,-236.19999999999544,5.0,loser,3674.5,3669.9,4.599999999999909,5.199999999999818,0.8000000000001819,1.1304347826086785,0.17391304347830386,8,0,19,0.024493128316780268,0.03537896312422716,-18.92790097773937,15.202364636643432,2.812571162517,0,3.1742933204868677,2,MGC_v3
2025-09-11 21:07:00+02:00,2025-09-11 21:42:00+02:00,Long,Canal Exit,148.55999999999455,6.0,winner,3673.2000000000003,3675.8000000000006,4.0,0.40000000000009095,3.4999999999995453,0.10000000000002274,0.8749999999998863,5,3,21,0.010889687465972204,0.0735053903952907,-29.3472785657472,32.38003413530038,-0.09451369035810728,0,1.0949036810743564,2,MGC_v3
2025-09-12 13:25:00+02:00,2025-09-12 14:07:00+02:00,Short,Canal Exit,184.56000000001637,6.0,winner,3686.6000000000004,3683.4,3.899999999999636,0.5999999999994543,4.800000000000182,0.1538461538460283,1.2307692307693923,6,0,13,0.027125264471328594,0.0651006347311911,13.425514330820915,-18.889647949722406,0.06253845532061178,1,2.3799604227715463,3,MGC_v3
2025-09-12 15:38:00+02:00,2025-09-12 20:04:00+02:00,Long,Canal Exit,-32.23999999999909,1.0,loser,3689.2000000000003,3686.1000000000004,13.900000000000091,10.000000000000455,3.4999999999995453,0.7194244604316827,0.25179856115104476,38,4,15,0.06505475441829221,0.08673967255771883,14.491422391185562,14.61425678013623,5.461325603027632,1,4.692368908064054,4,MGC_v3
2025-09-15 00:14:00+02:00,2025-09-15 03:16:00+02:00,Short,Canal Exit,320.28000000000543,3.0,winner,3677.7000000000003,3666.9,7.0,2.699999999999818,14.900000000000091,0.38571428571425975,2.1285714285714414,26,0,0,0.10332544797020371,0.12779726459472696,17.843611964962935,-5.5960146766905225,-19.25494062820504,1,0.2942999640827111,3,MGC_v3
2025-09-15 13:18:00+02:00,2025-09-15 13:39:00+02:00,Long,Canal Exit,23.519999999994543,2.0,winner,3681.6000000000004,3682.9,8.700000000000273,1.6000000000003638,1.5999999999994543,0.18390804597704755,0.183908045976943,3,1,13,0.035310734463269426,0.08691873098652265,-41.65811954254822,25.412722639833724,6.385737961054026,0,0.7039741801900163,3,MGC_v3
2025-09-15 14:42:00+02:00,2025-09-15 15:03:00+02:00,Long,Canal Exit,21.51999999999636,2.0,winner,3684.3,3685.5,10.599999999999909,0.40000000000009095,4.199999999999818,0.037735849056612675,0.3962264150943259,3,0,14,0.0868550335206219,0.16285318785115216,-47.630180058057135,28.925663848346773,-2.6406318059746936,0,1.706951307603049,3,MGC_v3
2025-09-16 00:07:00+02:00,2025-09-16 02:20:00+02:00,Short,Stop Loss,-231.2,5.0,loser,3717.2000000000003,3721.7,4.5,4.799999999999727,1.800000000000182,1.066666666666606,0.40000000000004043,19,0,0,0.05649413537071893,0.06994511998279253,17.240423502830822,-32.63630604407214,-4.912718313523773,0,0.917916279052406,1,MGC_v3
2025-09-16 05:15:00+02:00,2025-09-16 06:04:00+02:00,Long,Canal Exit,14.279999999997273,3.0,winner,3718.8,3719.4,7.300000000000182,1.300000000000182,1.3999999999996362,0.1780821917808424,0.1917808219177536,7,0,5,0.026890394750994945,0.0941163816284823,-21.50954453492615,30.983410126040106,-1.633160326230147,0,1.1361763589720795,3,MGC_v3
2025-09-16 08:17:00+02:00,2025-09-16 08:45:00+02:00,Long,Canal Exit,77.28000000000819,3.0,winner,3723.9,3726.6000000000004,6.699999999999818,2.099999999999909,6.699999999999818,0.31343283582089043,1.0,4,0,8,0.05370713499288381,0.10472891323612585,-29.1731265151481,32.37830693614114,8.803645740831259,0,0.2640354844097601,1,MGC_v3
2025-09-16 10:09:00+02:00,2025-09-16 14:56:00+02:00,Long,Stop Loss,-198.48000000000363,2.0,loser,3733.8,3724.0,9.800000000000182,11.0,3.699999999999818,1.122448979591816,0.3775510204081377,41,0,10,0.21425893191922438,0.24639777170711533,-39.24081575517225,2.571817327703794,10.262044273571782,0,2.4128311173781185,3,MGC_v3
2025-09-16 19:36:00+02:00,2025-09-16 21:56:00+02:00,Short,Auto-Close (loss),-151.20000000000454,5.0,loser,3723.7000000000003,3726.6,4.799999999999727,3.899999999999636,1.2000000000002728,0.8124999999999704,0.25000000000007105,20,0,19,0.02148400784166775,0.02148400784166775,23.569783434019282,-31.636282141965918,-16.44194322101243,1,2.479754312201294,1,MGC_v3
2025-09-17 12:08:00+02:00,2025-09-17 14:14:00+02:00,Short,Stop Loss,-260.9600000000036,4.0,loser,3700.7000000000003,3707.1000000000004,6.400000000000091,6.699999999999818,5.400000000000091,1.0468749999999567,0.8437500000000022,18,0,12,0.00810657443185687,0.12700299943253487,30.951890710912252,-23.444186771262196,-15.051852653117816,1,4.236435380650619,1,MGC_v3
2025-09-17 19:43:00+02:00,2025-09-17 19:57:00+02:00,Long,Stop Loss,-240.71999999998908,3.0,loser,3721.5,3713.6000000000004,7.899999999999636,35.19999999999982,12.5,4.455696202531827,1.582278481012731,2,0,19,0.056428859330912504,0.06449012494960732,-33.47972140857367,33.7875152114284,4.095748131171895,0,3.9421090499899947,2,MGC_v3
2025-09-17 20:32:00+02:00,2025-09-17 21:00:00+02:00,Short,Canal Exit,98.76,1.0,winner,3705.7000000000003,3695.7000000000003,38.29999999999973,3.899999999999636,25.90000000000009,0.1018276762402001,0.6762402088772917,4,0,20,0.31033273065817524,0.3831934587257542,32.907682765897526,-12.876077285050526,-12.227487961532763,1,0.6949873578805636,4,MGC_v3
2025-09-18 00:49:00+02:00,2025-09-18 01:03:00+02:00,Short,Stop Loss,-245.16000000003274,9.0,loser,3696.0,3698.6000000000004,2.600000000000364,3.0,1.099999999999909,1.1538461538459923,0.4230769230768289,2,2,0,0.002705627705625245,0.018939393939389017,31.384848993279633,-2.0921235789230677,-17.075308729551892,1,7.035179647478799,2,MGC_v3
2025-09-18 01:59:00+02:00,2025-09-18 02:41:00+02:00,Short,Canal Exit,155.04,4.0,winner,3700.5,3696.5,5.200000000000273,0.40000000000009095,8.5,0.07692307692309037,1.6346153846152989,6,1,1,0.06485610052695827,0.09458181326848952,45.44989060235248,-11.563236742284479,0.9196481967426692,1,5.34020314306872,6,MGC_v3
2025-09-18 04:05:00+02:00,2025-09-18 04:54:00+02:00,Long,Canal Exit,45.52000000000182,2.0,winner,3697.9,3700.3,11.400000000000091,3.0,2.699999999999818,0.26315789473684,0.23684210526314006,7,0,4,0.14602882717218127,0.17847967765489503,-36.4627370888849,31.696831192423215,-7.732261467880937,0,3.2919325159246,3,MGC_v3
2025-09-18 14:07:00+02:00,2025-09-18 14:49:00+02:00,Long,Stop Loss,-265.91999999998546,8.0,loser,3701.3,3698.1000000000004,3.199999999999818,3.600000000000364,5.099999999999909,1.1250000000001776,1.5937500000000622,6,5,14,0.0,0.010807013751927457,-15.65022958352631,8.78650718676288,16.170444626541414,0,3.509181324572637,3,MGC_v3
2025-09-18 21:49:00+02:00,2025-09-18 21:56:00+02:00,Long,Auto-Close (profit),23.799999999995453,5.0,winner,3678.8,3679.4,5.199999999999818,0.5,1.3999999999996362,0.09615384615384952,0.2692307692307087,1,4,21,0.04892899858650054,0.07067522018049116,18.23371243550229,21.033920437584307,3.0899218646651816,1,1.7178110784489036,3,MGC_v3
2025-09-19 00:00:00+02:00,2025-09-19 00:28:00+02:00,Short,Canal Exit,34.56000000001637,6.0,winner,3676.2000000000003,3675.5,4.099999999999909,0.29999999999972715,1.7000000000002728,0.07317073170725215,0.41463414634153917,4,0,0,0.05168380392797157,0.06256460475490255,-17.555109301955206,-19.35321626750041,-1.7609660551861979,1,0.010352932197747577,4,MGC_v3
2025-09-19 19:08:00+02:00,2025-09-19 21:56:00+02:00,Long,Auto-Close (profit),658.800000000009,5.0,winner,3704.5,3717.8,4.799999999999727,0.09999999999990905,14.400000000000091,0.02083333333331557,3.0000000000001896,24,0,19,0.0026994196247782172,0.0431907139964883,-25.716642391117364,29.29661422201429,12.18945389856743,0,5.241189474596467,3,MGC_v3
2025-09-22 05:15:00+02:00,2025-09-22 05:50:00+02:00,Long,Canal Exit,195.04,4.0,winner,3726.1000000000004,3731.1000000000004,5.800000000000182,0.1000000000003638,6.899999999999636,0.01724137931040701,1.189655172413693,5,0,5,0.021470169882711877,0.037572797294748835,-16.107503202271072,29.88431744134611,2.587068276982045,0,1.2669464858008723,3,MGC_v3
2025-09-23 04:12:00+02:00,2025-09-23 04:47:00+02:00,Short,Canal Exit,43.76,1.0,winner,3779.3,3774.8,15.900000000000091,1.5,4.800000000000182,0.0943396226415089,0.3018867924528399,5,0,4,0.013229963220702247,0.17992749980154332,15.694393953926378,-34.392070477438075,5.981692279037813,1,0.016884751503312145,2,MGC_v3
2025-09-23 13:25:00+02:00,2025-09-23 14:07:00+02:00,Long,Stop Loss,-231.71999999999727,3.0,loser,3820.4,3812.8000000000006,7.599999999999909,7.700000000000273,0.40000000000009095,1.0131578947368902,0.05263157894738102,6,0,13,0.028792796565802244,0.11778871322374619,-20.33145020036613,25.07974313727666,23.23082463533786,0,8.362162311563225,2,MGC_v3
2025-09-23 16:06:00+02:00,2025-09-23 20:46:00+02:00,Short,Canal Exit,155.51999999999273,2.0,winner,3811.0,3803.1000000000004,10.800000000000182,8.0,14.300000000000182,0.7407407407407283,1.3240740740740686,40,1,16,0.07609551298871926,0.28339018630281243,-15.721872645855704,-23.929889239151134,-0.9182709777518383,0,3.24671233781919,3,MGC_v3
2025-09-25 11:54:00+02:00,2025-09-25 12:57:00+02:00,Long,Stop Loss,-219.72000000000818,3.0,loser,3787.2000000000003,3780.0,7.200000000000273,9.800000000000182,4.499999999999545,1.3611111111110847,0.6249999999999132,9,1,11,0.03696662441909831,0.0448880439374688,-15.069963463767149,27.13486297618138,12.649040451449501,0,3.815755229971728,1,MGC_v3
2025-09-25 17:16:00+02:00,2025-09-25 20:46:00+02:00,Long,Canal Exit,427.52,2.0,winner,3765.4,3786.9,12.0,5.900000000000091,23.90000000000009,0.49166666666667425,1.9916666666666742,30,1,17,0.061082487916283186,0.23370691028840834,-26.875905752157244,33.670846641144394,-8.896756213347969,1,4.288626448374089,1,MGC_v3
2025-09-26 02:48:00+02:00,2025-09-26 03:16:00+02:00,Long,Canal Exit,-154.47999999999817,2.0,loser,3777.5,3769.9,9.099999999999909,8.800000000000182,5.900000000000091,0.9670329670329967,0.6483516483516648,4,2,2,0.08206485771012334,0.10324288550628963,-17.376448791144522,8.335991089239737,-2.5437955620378134,1,0.8138720338083658,3,MGC_v3
2025-09-26 08:10:00+02:00,2025-09-26 08:59:00+02:00,Long,Stop Loss,-210.4800000000018,2.0,loser,3781.2000000000003,3770.8,10.400000000000091,12.600000000000364,3.199999999999818,1.2115384615384859,0.3076923076922875,7,0,8,0.0872738813075142,0.1957050671744444,-10.280079602210318,11.754089649174404,4.962382456640013,0,1.2075408968976262,3,MGC_v3
2025-09-26 18:47:00+02:00,2025-09-26 21:28:00+02:00,Long,Stop Loss,-246.68000000000637,7.0,loser,3804.2000000000003,3800.8,3.400000000000091,5.100000000000364,9.099999999999909,1.5000000000000668,2.676470588235196,23,0,18,0.0814888807108029,0.1577204142789668,-28.544016132712173,3.2206918266235762,13.013339903503498,0,7.779512440639337,8,MGC_v3
2025-09-29 01:59:00+02:00,2025-09-29 02:06:00+02:00,Short,Stop Loss,-252.4000000000091,10.0,loser,3799.4,3801.8,2.400000000000091,3.699999999999818,0.20000000000027285,1.5416666666665324,0.08333333333344387,1,3,1,0.09211980839079854,0.18687161130704608,12.692591757395174,-0.4253866867897367,-3.7354232785130024,1,2.224796128797607,1,MGC_v3
2025-09-29 10:37:00+02:00,2025-09-29 13:04:00+02:00,Long,Canal Exit,67.52,2.0,winner,3844.7000000000003,3848.2000000000003,10.400000000000091,8.200000000000273,4.799999999999727,0.7884615384615578,0.46153846153843125,21,1,10,0.002600983171636514,0.0936353941789973,19.386247831117494,20.89551561497326,5.8363492843959985,0,3.184387319920461,3,MGC_v3
2025-09-29 15:59:00+02:00,2025-09-29 17:23:00+02:00,Long,Canal Exit,18.76,1.0,winner,3856.3,3858.3,17.90000000000009,10.700000000000273,5.899999999999636,0.5977653631285038,0.32960893854746404,12,3,15,0.09594689209865086,0.1270648030495694,12.619663042643472,12.983012620113934,6.3335818198961435,1,3.7621461180460756,2,MGC_v3
2025-09-30 01:52:00+02:00,2025-09-30 02:55:00+02:00,Long,Canal Exit,299.27999999999724,3.0,winner,3861.4,3871.5,7.099999999999909,2.0,11.0,0.28169014084507404,1.5492957746479072,9,0,1,0.05697415445176031,0.09323043455742383,-19.522688612902947,11.235177697503033,2.0345089928282407,0,1.1208879774994784,3,MGC_v3
2025-09-30 13:18:00+02:00,2025-09-30 13:32:00+02:00,Short,Stop Loss,-264.96,4.0,loser,3835.9,3842.4,6.5,8.900000000000091,0.5,1.3692307692307832,0.07692307692307693,2,0,13,0.033890351677577146,0.033890351677577146,38.277530317033225,-25.618514004312075,-24.03009024436986,1,17.605460112208675,1,MGC_v3
2025-10-01 17:23:00+02:00,2025-10-01 21:07:00+02:00,Short,Canal Exit,-53.24000000000273,1.0,loser,3886.5,3891.7000000000003,19.800000000000182,12.400000000000091,5.199999999999818,0.6262626262626251,0.26262626262625105,32,2,17,0.05403319181782861,0.23414383121059845,11.12881056346179,-20.68968654536996,-13.304724993707202,1,0.5539743148519847,2,MGC_v3
2025-10-01 21:35:00+02:00,2025-10-01 21:56:00+02:00,Long,Auto-Close (profit),35.04,4.0,winner,3893.2000000000003,3894.2000000000003,6.5,0.6000000000003638,4.499999999999545,0.09230769230774828,0.6923076923076223,3,3,21,0.043665878968453156,0.05650878454741134,14.12131251680163,16.245216527516362,4.92367552208894,1,2.7283097641220593,2,MGC_v3
2025-10-02 01:38:00+02:00,2025-10-02 02:27:00+02:00,Short,Canal Exit,67.04000000000728,4.0,winner,3886.2000000000003,3884.4,6.199999999999818,4.499999999999545,4.200000000000273,0.7258064516128512,0.6774193548387736,7,0,1,0.005146415521596235,0.07976944058464218,19.755391025529708,-12.253877582999783,2.635814939183244,1,1.0828394984682745,2,MGC_v3
2025-10-02 10:23:00+02:00,2025-10-02 10:58:00+02:00,Long,Canal Exit,139.5199999999982,2.0,winner,3894.7000000000003,3901.8,9.0,0.7000000000002728,8.899999999999636,0.07777777777780809,0.9888888888888485,5,0,10,0.007702775566788897,0.07702775566795902,-24.316416585522827,26.16445014928948,4.499754773507318,0,1.8968550643903654,5,MGC_v3
2025-10-02 19:36:00+02:00,2025-10-02 20:32:00+02:00,Short,Stop Loss,-220.96000000000365,4.0,loser,3866.7000000000003,3872.1000000000004,5.400000000000091,5.599999999999909,2.0000000000004547,1.0370370370370028,0.37037037037044834,8,0,19,0.08275790725942724,0.1551710761114246,40.16833046218042,-5.522948183193984,-15.02968233168097,1,16.155282718692433,2,MGC_v3
2025-10-03 00:00:00+02:00,2025-10-03 00:07:00+02:00,Long,Stop Loss,-226.20000000000454,5.0,loser,3881.9,3877.5,4.400000000000091,5.599999999999909,0.599999999999909,1.2727272727272259,0.13636363636361287,1,0,0,0.04636904608568438,0.048945104201553125,-24.331821475293403,20.679001368378096,18.5465769235795,0,3.959999209032503,1,MGC_v3
2025-10-03 11:54:00+02:00,2025-10-03 13:32:00+02:00,Long,Stop Loss,-243.72,3.0,loser,3888.2000000000003,3880.2000000000003,8.0,11.000000000000455,3.299999999999727,1.3750000000000568,0.4124999999999659,14,1,11,0.0668689882207682,0.14402551309088807,-25.00704857839913,34.03872004061368,9.984802253572335,0,3.3336332110684452,3,MGC_v3
2025-10-03 19:29:00+02:00,2025-10-03 19:50:00+02:00,Long,Stop Loss,-231.2,5.0,loser,3909.8,3905.3,4.5,5.900000000000091,1.3999999999996362,1.3111111111111313,0.3111111111110303,3,2,19,0.012788377922144356,0.05115351168857742,-33.14626704989708,23.04251665896807,-1.4424408302709808,0,3.098726700325642,1,MGC_v3
2025-10-06 08:52:00+02:00,2025-10-06 10:09:00+02:00,Long,Canal Exit,269.51999999999816,2.0,winner,3958.2000000000003,3971.8,11.200000000000273,4.700000000000273,15.399999999999636,0.4196428571428713,1.374999999999934,11,0,8,0.06821282401090946,0.15663685513616843,-20.313260731610004,22.34070412521031,13.943431179329139,0,7.037562209561656,3,MGC_v3
2025-10-06 12:36:00+02:00,2025-10-06 13:46:00+02:00,Long,Stop Loss,-238.48000000000363,2.0,loser,3967.8,3956.0,11.800000000000182,13.100000000000364,3.099999999999909,1.1101694915254374,0.2627118644067679,10,0,12,0.03780432481475881,0.10585210948132007,-25.745486517829047,31.10590916723496,6.692528685638043,0,2.7922876742122753,1,MGC_v3
2025-10-06 19:01:00+02:00,2025-10-06 21:56:00+02:00,Long,Auto-Close (profit),5.520000000001819,2.0,winner,3982.9,3983.3,10.099999999999909,7.800000000000182,6.799999999999727,0.7722772277227973,0.6732673267326523,25,0,19,0.08536493509754428,0.13055813603154165,-22.77200621172392,33.76135795557946,4.912264442358827,0,5.599980189804228,2,MGC_v3
2025-10-07 00:07:00+02:00,2025-10-07 00:28:00+02:00,Long,Canal Exit,17.52,2.0,winner,3993.0,3994.0,12.5,1.0,6.0,0.08,0.48,3,0,0,0.19784623090408443,0.21537690959178335,-20.86349758874767,25.248984312919752,10.141608242744862,0,1.4886323353839543,3,MGC_v3
2025-10-08 15:31:00+02:00,2025-10-08 15:59:00+02:00,Short,Canal Exit,-126.24,1.0,loser,4050.7000000000003,4063.2000000000003,20.90000000000009,14.899999999999636,1.7000000000002728,0.7129186602870609,0.081339712918673,4,0,15,0.1357790011602933,0.2913076752166337,33.12826285215314,-29.513635286504442,-4.426769830949285,1,2.537816810273398,2,MGC_v3
2025-10-09 13:39:00+02:00,2025-10-09 15:10:00+02:00,Long,Canal Exit,91.51999999999636,2.0,winner,4064.1000000000004,4068.8,11.600000000000364,7.800000000000182,13.699999999999818,0.6724137931034428,1.181034482758568,13,1,13,0.08119878939986042,0.14763416254520179,-36.78734191184755,21.525272074256943,16.138353658942723,0,1.6541523044934365,3,MGC_v3
2025-10-10 01:38:00+02:00,2025-10-10 02:48:00+02:00,Long,Canal Exit,30.759999999998183,1.0,winner,4003.8,4007.0,14.5,2.300000000000182,5.899999999999636,0.15862068965518497,0.4068965517241128,10,3,1,0.08991458114791857,0.22728408012389137,13.527007855207884,31.83705604235452,13.284386153202666,1,3.1410540058568586,3,MGC_v3
2025-10-10 14:21:00+02:00,2025-10-10 14:42:00+02:00,Long,Stop Loss,-210.4799999999927,2.0,loser,4009.0,3998.6000000000004,10.399999999999636,13.300000000000182,1.0,1.2788461538462161,0.09615384615384952,3,0,14,0.07732601646295607,0.0873035669743078,-27.312947782469152,17.449011999554855,0.18620822410276078,0,8.840925296135538,1,MGC_v3
2025-10-10 15:59:00+02:00,2025-10-10 16:34:00+02:00,Short,Canal Exit,-106.24,1.0,loser,3991.7000000000003,4002.2000000000003,23.40000000000009,13.099999999999909,2.600000000000364,0.5598290598290537,0.11111111111112623,5,0,15,0.04509356915600326,0.26805621664955465,32.57123284204937,-28.77262705753611,-4.588160230389896,1,1.1944693940895377,2,MGC_v3
2025-10-10 20:04:00+02:00,2025-10-10 20:25:00+02:00,Long,Canal Exit,81.75999999999728,1.0,winner,4007.7000000000003,4016.0,19.09999999999991,1.800000000000182,16.399999999999636,0.09424083769634505,0.8586387434554824,3,3,20,0.11976944382063846,0.15470219826831758,17.072989730285435,18.369125244832688,5.049538802858832,1,3.6421463137767205,3,MGC_v3
2025-10-13 02:41:00+02:00,2025-10-13 07:42:00+02:00,Long,Canal Exit,273.76,1.0,winner,4065.9,4093.4,23.90000000000009,12.599999999999909,30.499999999999545,0.5271966527196594,1.276150627615039,43,0,2,0.059027521581939815,0.3394082490961456,-21.344095723300835,34.90513743633901,7.888132918501128,0,12.973092145256487,1,MGC_v3
2025-10-14 01:31:00+02:00,2025-10-14 03:09:00+02:00,Long,Canal Exit,91.76000000000182,1.0,winner,4149.1,4158.400000000001,23.5,12.100000000000364,11.299999999999272,0.5148936170212921,0.4808510638297563,14,4,1,0.33019208985082854,0.39526644332507155,19.788147435849176,24.21986597299317,15.796059257143288,1,2.5858055754652014,3,MGC_v3
2025-10-14 13:25:00+02:00,2025-10-14 14:21:00+02:00,Long,Stop Loss,-256.48000000001457,2.0,loser,4149.400000000001,4136.7,12.700000000000728,17.300000000000182,3.5999999999994543,1.3622047244093851,0.2834645669290746,8,1,13,0.1566491540945679,0.34944811298018996,-17.668989457019887,0.3941973866056694,-2.950568155704289,0,3.0220854087365296,1,MGC_v3
2025-10-14 15:45:00+02:00,2025-10-14 15:59:00+02:00,Long,Canal Exit,62.75999999999636,1.0,winner,4134.400000000001,4140.8,20.700000000000728,5.0000000000009095,13.299999999999272,0.2415458937198422,0.6425120772946282,2,0,15,0.18624226006193711,0.45472136222912857,10.254511430496283,22.34551179116673,-3.1231518476643485,1,0.055459995826822706,2,MGC_v3
2025-10-15 04:40:00+02:00,2025-10-15 05:15:00+02:00,Short,Stop Loss,-234.47999999998908,2.0,loser,4192.1,4203.7,11.599999999999454,12.199999999999818,5.300000000000182,1.0517241379310682,0.4568965517241751,5,0,4,0.05963598196607905,0.10734476753894229,17.350089834766436,-25.696702779616672,8.71222195812809,0,4.007080234525347,1,MGC_v3
2025-10-15 14:14:00+02:00,2025-10-15 15:10:00+02:00,Short,Canal Exit,-157.24000000000365,1.0,loser,4197.0,4212.6,23.0,17.399999999999636,5.800000000000182,0.756521739130419,0.2521739130434862,8,1,14,0.3240409816535707,0.45746962115796563,-13.736038055720286,-21.788446721211113,-7.813766300557073,0,0.04309399423800642,3,MGC_v3
2025-10-16 10:37:00+02:00,2025-10-16 11:33:00+02:00,Short,Canal Exit,429.83999999996723,9.0,winner,4247.5,4242.6,2.800000000000182,2.199999999999818,10.100000000000364,0.7857142857141697,3.607142857142753,8,1,10,0.07062978222483814,0.1059446733372572,24.674949462403518,-4.377945126597359,-1.2035713866883981,1,3.603809002408525,2,MGC_v3
2025-10-16 14:21:00+02:00,2025-10-16 14:35:00+02:00,Short,Stop Loss,-212.48,2.0,loser,4253.7,4264.2,10.5,12.600000000000364,0.0,1.2000000000000346,0.0,2,1,14,0.07993041352235808,0.1434045654371574,-17.350624220490364,-17.51845792941119,8.147327205432513,0,4.138296210419867,1,MGC_v3
2025-10-17 17:58:00+02:00,2025-10-17 21:56:00+02:00,Short,Auto-Close (profit),146.75999999999271,1.0,winner,4255.7,4240.900000000001,24.200000000000728,2.5,59.0,0.10330578512396384,2.4380165289255467,34,0,17,0.08694221867142464,0.15508611979228715,13.302962368321456,-10.179618665579923,-13.112676415779964,1,13.091843214804612,5,MGC_v3
2025-10-20 02:48:00+02:00,2025-10-20 03:51:00+02:00,Long,Canal Exit,168.76,1.0,winner,4257.3,4274.3,28.5,16.800000000000182,23.5,0.5894736842105327,0.8245614035087719,9,0,2,0.0493270382636968,0.32649801517394933,-28.74658410865738,33.35511036442391,-0.3053227081460321,0,11.984582543227589,1,MGC_v3
2025-10-20 10:44:00+02:00,2025-10-20 11:54:00+02:00,Short,Canal Exit,-73.23999999999818,1.0,loser,4266.900000000001,4274.1,13.799999999999272,11.399999999999636,3.0000000000009095,0.8260869565217563,0.21739130434790346,10,0,10,0.12421195715859716,0.21795683048583708,12.912260487316852,-19.977130201507677,-5.569973345165676,1,8.922054305272468,3,MGC_v3
2025-10-20 12:36:00+02:00,2025-10-20 13:46:00+02:00,Long,Canal Exit,84.76000000000364,1.0,winner,4273.8,4282.400000000001,14.399999999999636,8.300000000000182,9.300000000000182,0.576388888888916,0.6458333333333622,10,0,12,0.17548785624034816,0.2667415414853207,-10.857170129197053,12.624169841311396,5.899924544101886,0,3.7303129880347115,3,MGC_v3
2025-10-21 00:14:00+02:00,2025-10-21 03:30:00+02:00,Long,Stop Loss,-241.24,1.0,loser,4387.8,4363.8,24.0,30.5,5.699999999999818,1.2708333333333333,0.2374999999999924,28,0,0,0.24613701627239576,0.4466931036054597,19.62541813180335,20.82781924303954,8.924560016276114,0,5.512692383521426,2,MGC_v3
2025-10-21 05:22:00+02:00,2025-10-21 07:07:00+02:00,Long,Stop Loss,-139.24000000000183,1.0,loser,4364.8,4351.0,13.800000000000182,15.400000000000546,2.5999999999994543,1.1159420289855322,0.18840579710140726,15,0,5,0.15350073313782575,0.1672470674486845,-29.37054194848583,25.461309344563062,-10.611733785219796,1,1.0031221371427819,3,MGC_v3
2025-10-21 12:50:00+02:00,2025-10-21 14:35:00+02:00,Short,Canal Exit,338.76,1.0,winner,4271.0,4237.0,18.600000000000364,15.800000000000182,44.600000000000364,0.849462365591391,2.397849462365564,15,5,12,0.035120580660266916,0.08428939358462782,11.314858601232832,-3.186859923868834,-19.74495510482175,1,9.988163914627876,2,MGC_v3
2025-10-22 12:43:00+02:00,2025-10-22 16:55:00+02:00,Short,Canal Exit,339.76000000000363,1.0,winner,4074.1000000000004,4040.0,32.19999999999982,26.899999999999636,48.900000000000546,0.835403726708068,1.5186335403726963,36,0,12,0.16199896909746714,0.935175867062662,19.604954195282197,-9.221101234246605,-22.30216274052904,1,16.219967193678713,3,MGC_v3
2025-10-23 03:58:00+02:00,2025-10-23 05:15:00+02:00,Short,Stop Loss,-171.24,1.0,loser,4092.1000000000004,4109.1,17.0,19.399999999999636,4.400000000000546,1.141176470588214,0.2588235294117968,11,0,3,0.004887466093199533,0.14173651670291984,23.20414322069718,-29.37921139809705,-17.09560852083296,1,3.3907941016786936,3,MGC_v3
2025-10-23 19:08:00+02:00,2025-10-23 19:22:00+02:00,Long,Stop Loss,-138.2399999999982,1.0,loser,4155.1,4141.400000000001,13.699999999999818,14.5,0.0999999999994543,1.0583941605839557,0.007299270072952966,2,0,19,0.11792736636905357,0.16124762340258303,-17.803137064129064,8.568164586294053,-1.5768275122164979,0,9.349242394620887,2,MGC_v3
2025-10-24 05:22:00+02:00,2025-10-24 05:57:00+02:00,Long,Canal Exit,26.28,3.0,winner,4129.8,4130.8,7.899999999999636,2.199999999999818,7.599999999999454,0.2784810126582177,0.9620253164556715,5,0,5,0.04116422102764826,0.14286406121360928,-13.236300203345646,18.86367265882243,-8.38375680764962,0,3.951149733948114,2,MGC_v3
2025-10-24 17:23:00+02:00,2025-10-24 21:56:00+02:00,Long,Auto-Close (loss),-217.24000000000365,1.0,loser,4141.400000000001,4119.8,27.900000000000546,24.400000000000546,14.199999999999818,0.8745519713261674,0.508960573476686,39,0,17,0.024146423914618246,0.19800067609986524,-17.11504788553276,17.650887385041393,11.796312155044895,0,11.805758778282325,3,MGC_v3
2025-10-28 00:10:00+01:00,2025-10-28 00:17:00+01:00,Short,Stop Loss,-226.47999999999635,2.0,loser,3998.1000000000004,4009.3,11.199999999999818,11.799999999999727,0.0,1.0535714285714213,0.0,1,0,1,0.0425201970936263,0.13756534353818065,17.650130414502776,-31.445060441563434,-15.484697022113412,1,2.821669767528874,1,MGC_v3
2025-10-28 13:07:00+01:00,2025-10-28 13:56:00+01:00,Short,Canal Exit,79.03999999999637,4.0,winner,3939.8,3937.7000000000003,6.0,4.5,20.300000000000182,0.75,3.3833333333333635,7,2,14,0.03553479872074956,0.06853139753287661,30.25077056057715,-7.076504082827901,-1.5030308654643734,1,8.923086290339597,1,MGC_v3
2025-10-29 07:03:00+01:00,2025-10-29 15:55:00+01:00,Long,Canal Exit,419.7599999999991,1.0,winner,3982.2000000000003,4024.3,18.40000000000009,2.5000000000004547,64.59999999999991,0.13586956521741533,3.510869565217369,76,3,8,0.17829340565516322,0.22098337602329687,10.725204036096216,12.673711894205278,0.24008828540594465,1,5.3714152810489395,6,MGC_v3
2025-10-30 01:34:00+01:00,2025-10-30 02:02:00+01:00,Short,Stop Loss,-177.24000000000365,1.0,loser,3959.5,3977.1000000000004,17.600000000000364,18.09999999999991,10.699999999999818,1.0284090909090644,0.6079545454545225,4,1,2,0.2298269983583763,0.23235256976890561,30.36889997522005,-11.605322231759928,7.5966190772050926,1,10.815842831778355,3,MGC_v3
2025-10-30 17:54:00+01:00,2025-10-30 20:21:00+01:00,Long,Canal Exit,371.51999999999634,2.0,winner,4015.1000000000004,4033.8,10.700000000000273,7.300000000000182,23.599999999999454,0.6822429906542052,2.205607476635407,21,0,18,0.04234016587382178,0.0821897337550678,-22.616891958656055,31.30440687742456,6.9618784734866,0,6.781942990330208,1,MGC_v3
2025-10-30 21:59:00+01:00,2025-10-31 02:51:00+01:00,Long,Stop Loss,-196.47999999999635,2.0,loser,4038.8,4029.1000000000004,9.699999999999818,13.300000000000182,20.899999999999636,1.3711340206186011,2.154639175257735,34,0,22,0.01733188075666715,0.06437555709617618,-33.06198812900036,32.575593928902364,16.96400187989406,0,4.881931585588063,1,MGC_v3
2025-10-31 07:45:00+01:00,2025-10-31 07:59:00+01:00,Short,Stop Loss,-213.72,3.0,loser,4020.4,4027.4,7.0,8.799999999999727,1.800000000000182,1.2571428571428183,0.25714285714288315,2,0,8,0.04725897920605141,0.09949258780220874,23.585377893063345,-11.645965504654535,5.627929848220019,1,7.135788066188979,1,MGC_v3
2025-10-31 20:14:00+01:00,2025-10-31 20:56:00+01:00,Short,Auto-Close (loss),-80.2400000000009,1.0,loser,4004.9,4012.8,16.800000000000182,9.799999999999727,1.400000000000091,0.5833333333333107,0.08333333333333784,6,1,21,0.23221553596843186,0.29463906714274335,-13.437251942395594,-14.57160188080878,-19.90188089667771,1,6.89203834997079,1,MGC_v3
2025-11-03 00:00:00+01:00,2025-11-03 00:35:00+01:00,Short,Canal Exit,73.76,1.0,winner,4002.1000000000004,3994.6000000000004,17.0,7.599999999999454,8.800000000000182,0.44705882352937965,0.5176470588235401,5,0,0,0.02248819369831066,0.04497638739660996,35.87843643271378,-23.33271353176201,1.7617734804408614,1,1.0266270955544314,1,MGC_v3
2025-11-03 15:52:00+01:00,2025-11-03 16:48:00+01:00,Long,Canal Exit,-136.24,1.0,loser,4034.7000000000003,4021.2000000000003,22.40000000000009,18.40000000000009,8.699999999999818,0.8214285714285722,0.38839285714284744,8,0,15,0.0371774853148933,0.3445113639180135,-14.907270845059132,25.406259745156063,3.85827962835567,0,4.330222879119901,3,MGC_v3
2025-11-03 17:02:00+01:00,2025-11-03 21:56:00+01:00,Short,Auto-Close (loss),-71.24,1.0,loser,4015.7000000000003,4022.7000000000003,27.799999999999727,11.799999999999727,9.500000000000455,0.4244604316546706,0.34172661870505566,42,1,17,0.16684513285355662,0.19672784321539322,-17.662711044674438,-22.774996501742486,-1.7089973090046555,0,7.357675021081377,2,MGC_v3
2025-11-04 01:31:00+01:00,2025-11-04 02:20:00+01:00,Short,Canal Exit,32.76000000000091,1.0,winner,3994.6000000000004,3991.2000000000003,16.0,9.799999999999727,7.100000000000364,0.612499999999983,0.44375000000002274,7,0,1,0.24032443799128594,0.33795624092523774,12.70396646588949,-12.696010074319625,-13.418427253162525,1,0.9688131062821412,3,MGC_v3
2025-11-04 05:43:00+01:00,2025-11-04 06:18:00+01:00,Short,Canal Exit,9.760000000003638,1.0,winner,3995.1000000000004,3994.0,14.099999999999909,6.099999999999454,4.800000000000182,0.4326241134751414,0.3404255319149087,5,3,5,0.07258892142875249,0.14267477660134348,-11.123464241603827,-15.888773350588176,-2.17742528560762,0,0.37279452684379066,3,MGC_v3
2025-11-04 13:53:00+01:00,2025-11-04 19:15:00+01:00,Short,Canal Exit,328.76,1.0,winner,3994.6000000000004,3961.6000000000004,16.199999999999818,12.099999999999454,57.70000000000027,0.7469135802468883,3.561728395061785,46,3,13,0.05257097081059202,0.1802433284934616,-18.63805899052722,-19.026376142036185,-7.320029607931465,0,4.795597672818985,1,MGC_v3
2025-11-05 01:38:00+01:00,2025-11-05 01:59:00+01:00,Short,Stop Loss,-248.48000000000363,2.0,loser,3939.0,3951.3,12.300000000000182,14.199999999999818,3.400000000000091,1.1544715447154152,0.27642276422764556,3,1,1,0.04061944656003831,0.19040365575019041,21.178666492412916,-22.80724319302309,3.8709890649814596,1,2.717597712249699,2,MGC_v3
2025-11-05 02:06:00+01:00,2025-11-05 03:58:00+01:00,Long,Canal Exit,78.76,1.0,winner,3952.6000000000004,3960.6000000000004,17.300000000000182,10.100000000000364,10.399999999999636,0.583815028901749,0.6011560693641345,16,0,2,0.06071952638769648,0.17709861863077467,-21.13161737278974,31.279378065957435,0.15238471022422856,1,0.7403125705732236,3,MGC_v3
2025-11-05 15:52:00+01:00,2025-11-05 16:06:00+01:00,Short,Canal Exit,-0.24000000000090949,1.0,loser,3982.2000000000003,3982.1000000000004,13.5,5.099999999999909,8.900000000000091,0.37777777777777105,0.659259259259266,2,0,15,0.01255587363768771,0.10295816382904838,28.320987086458363,-31.30901969153163,7.433794793480116,1,1.8207600799032662,2,MGC_v3
2025-11-05 19:57:00+01:00,2025-11-05 21:07:00+01:00,Long,Canal Exit,127.04000000000728,4.0,winner,3994.4,3997.7000000000003,6.299999999999727,5.800000000000182,6.0,0.9206349206349894,0.9523809523809936,10,0,19,0.06509112757860779,0.08511916683355789,-24.36747816669855,2.315886154851503,3.184778483911093,0,2.486545613392991,2,MGC_v3
2025-11-06 11:54:00+01:00,2025-11-06 13:39:00+01:00,Long,Canal Exit,28.559999999994545,6.0,winner,4017.8,4018.4,4.300000000000182,2.100000000000364,11.099999999999909,0.48837209302331974,2.581395348837079,15,0,11,0.007466772860774103,0.03235601573000602,-36.011658740888144,26.325544342340777,10.157711347413738,0,7.5614296557623675,3,MGC_v3
2025-11-06 18:19:00+01:00,2025-11-06 18:47:00+01:00,Short,Stop Loss,-172.2399999999991,1.0,loser,3976.9,3994.0,17.09999999999991,18.09999999999991,3.700000000000273,1.058479532163743,0.21637426900586507,4,1,18,0.16847293117754578,0.4048379390982789,18.612239360073737,-9.299389390334682,-13.91885959311631,1,5.895161173454653,2,MGC_v3
2025-11-06 20:39:00+01:00,2025-11-06 21:42:00+01:00,Short,Canal Exit,291.03999999998547,4.0,winner,3998.0,3990.6000000000004,5.800000000000182,0.0,8.900000000000091,0.0,1.5344827586206573,9,0,20,0.035017508754379464,0.04252126063031061,28.32055359610142,-5.630504984365505,0.9715120989893947,1,5.598513183337673,3,MGC_v3
2025-11-07 13:25:00+01:00,2025-11-07 13:46:00+01:00,Short,Canal Exit,43.76,1.0,winner,4006.3,4001.8,13.699999999999818,0.1999999999998181,7.600000000000364,0.014598540145972318,0.5547445255474792,3,0,13,0.07488206075431195,0.14227591543318818,36.20732665496294,-16.619464220587687,-2.3160332479368306,1,0.7538798554669484,3,MGC_v3
2025-11-07 15:31:00+01:00,2025-11-07 17:02:00+01:00,Short,Canal Exit,-100.2400000000009,1.0,loser,3994.5,4004.4,20.600000000000364,12.199999999999818,3.400000000000091,0.5922330097087186,0.1650485436893219,13,0,15,0.24784078107397903,0.488171235448742,34.33747241946664,-5.706010842438696,-6.1831337503998665,1,4.95478539800024,3,MGC_v3
2025-11-10 14:49:00+01:00,2025-11-10 15:03:00+01:00,Short,Canal Exit,35.75999999999818,1.0,winner,4101.1,4097.400000000001,14.0,1.3999999999996362,7.300000000000182,0.09999999999997401,0.5214285714285845,2,0,14,0.09265806734776699,0.1072882885079524,28.336690267458803,-33.84830061089625,21.05577245309113,1,0.5031132670756051,2,MGC_v3
2025-11-11 15:17:00+01:00,2025-11-11 15:31:00+01:00,Short,Canal Exit,51.76000000000182,1.0,winner,4139.0,4133.7,14.5,1.800000000000182,9.899999999999636,0.1241379310344953,0.6827586206896301,2,0,15,0.11355399855037009,0.17395506160907992,42.11893570593567,-34.94424868088389,4.08669561642122,1,1.097440702975291,2,MGC_v3
2025-11-11 19:15:00+01:00,2025-11-11 20:11:00+01:00,Short,Stop Loss,-226.1999999999818,5.0,loser,4119.400000000001,4123.8,4.399999999999636,5.399999999999636,7.100000000000364,1.2272727272727462,1.6136363636365798,8,4,19,0.10438413361167337,0.2500364130698469,12.971772491675734,-1.1983337179969618,-17.48850136873686,1,4.854115392481617,4,MGC_v3
2025-11-12 15:38:00+01:00,2025-11-12 16:34:00+01:00,Long,Canal Exit,789.5200000000073,2.0,winner,4142.3,4181.900000000001,12.300000000000182,4.699999999999818,45.099999999999454,0.3821138211381909,3.666666666666568,8,4,15,0.03379764864931428,0.057938826255957934,16.717807123104343,17.332403366994015,1.0653822962098247,1,1.9533955229981075,8,MGC_v3
2025-11-13 07:56:00+01:00,2025-11-13 09:27:00+01:00,Long,Canal Exit,507.52,2.0,winner,4215.7,4241.2,9.0,3.300000000000182,28.5,0.3666666666666869,3.1666666666666665,13,1,7,0.009488341200762524,0.1162321797091953,12.577371641274583,29.686234991175752,7.897114409696111,0,5.698865795731763,2,MGC_v3
2025-11-13 12:50:00+01:00,2025-11-13 14:00:00+01:00,Long,Canal Exit,-88.48000000000364,2.0,loser,4235.6,4231.3,11.699999999999818,4.800000000000182,14.399999999999636,0.41025641025643217,1.2307692307692188,10,0,12,0.06138445556710651,0.0802719803569871,-19.617910246562705,32.44792538304785,-0.17333473176283434,0,6.694604797072316,4,MGC_v3
2025-11-14 02:48:00+01:00,2025-11-14 03:58:00+01:00,Long,Canal Exit,134.76000000000363,1.0,winner,4194.2,4207.8,18.199999999999818,3.0999999999994543,19.0,0.17032967032964205,1.0439560439560545,10,0,2,0.12874922512039572,0.26226694006008294,-21.998555824233435,25.24948713910762,2.169129261884643,0,6.449085491402002,3,MGC_v3
2025-11-14 10:02:00+01:00,2025-11-14 12:01:00+01:00,Short,Canal Exit,223.52000000000365,2.0,winner,4178.5,4167.2,12.100000000000364,5.100000000000364,15.699999999999818,0.42148760330580254,1.2975206611569707,17,0,10,0.03589804953930836,0.04307765944717439,44.36263879128085,-23.489188508574944,-7.504082612850806,1,7.778353438065096,1,MGC_v3
2025-11-17 02:34:00+01:00,2025-11-17 03:16:00+01:00,Long,Canal Exit,-127.23999999999909,1.0,loser,4102.0,4089.4,19.59999999999991,17.5,0.6000000000003638,0.892857142857147,0.030612244897977887,6,0,2,0.051194539249155624,0.19015114578256062,12.503799968833874,31.771408719283006,-3.751729487926492,0,0.6598930065420063,1,MGC_v3
2025-11-17 16:13:00+01:00,2025-11-17 16:27:00+01:00,Short,Canal Exit,-100.2400000000009,1.0,loser,4063.9,4073.8,19.90000000000009,13.599999999999909,1.300000000000182,0.683417085427128,0.06532663316583799,2,0,16,0.08612416644110336,0.24114766603508275,25.78952958748512,-24.01458396674293,-7.536793407263799,1,2.342905699512812,2,MGC_v3
2025-11-17 16:55:00+01:00,2025-11-17 17:30:00+01:00,Short,Canal Exit,-72.24000000000363,1.0,loser,4064.0,4071.1000000000004,19.800000000000182,10.699999999999818,10.800000000000182,0.5404040404040262,0.5454545454545496,5,0,16,0.13779527559054894,0.24606299212598426,15.035067684735726,-8.005574199135166,-9.976638734633458,1,0.8431151206204959,3,MGC_v3
2025-11-18 00:28:00+01:00,2025-11-18 01:31:00+01:00,Short,Canal Exit,183.51999999999455,2.0,winner,4045.9,4036.6000000000004,10.300000000000182,1.5,19.09999999999991,0.14563106796116249,1.8543689320387933,9,1,0,0.09639388022442698,0.1334684495415134,28.873087058766497,-11.383845969302225,-7.966371521361516,1,12.330934401075865,3,MGC_v3
2025-11-18 02:48:00+01:00,2025-11-18 04:05:00+01:00,Short,Canal Exit,106.76000000000182,1.0,winner,4023.8,4013.0,20.59999999999991,12.099999999999909,13.400000000000091,0.5873786407766972,0.6504854368932111,11,0,2,0.16153884387892042,0.34544460460261667,21.09015268291153,-31.766143065479177,-9.647572374880072,1,1.4045625968465174,2,MGC_v3
2025-11-18 14:07:00+01:00,2025-11-18 14:56:00+01:00,Long,Canal Exit,283.76,1.0,winner,4041.7000000000003,4070.2000000000003,13.599999999999909,1.400000000000091,29.299999999999727,0.10294117647059561,2.154411764705877,7,0,14,0.012371031991488729,0.23504960783828588,-29.705501993702335,10.02417832912083,-0.4436614948751526,0,8.112489638850093,7,MGC_v3
2025-11-18 16:06:00+01:00,2025-11-18 17:09:00+01:00,Short,Canal Exit,-1.24,1.0,loser,4054.2000000000003,4054.2000000000003,28.40000000000009,18.699999999999818,14.200000000000273,0.6584507042253436,0.500000000000008,9,0,16,0.10112969266440638,0.340387746041147,42.53484582140747,-32.81733810629848,6.333973487828087,0,0.33058787423578906,2,MGC_v3
2025-11-18 17:37:00+01:00,2025-11-18 19:01:00+01:00,Long,Canal Exit,83.76,1.0,winner,4062.7000000000003,4071.2000000000003,22.800000000000182,3.5000000000004547,13.599999999999909,0.15350877192984327,0.5964912280701667,12,0,17,0.046766928397362253,0.1624535407487609,-25.79424789994365,32.018380165601044,1.8324365135226557,0,7.573147704801158,1,MGC_v3
2025-11-19 00:00:00+01:00,2025-11-19 00:49:00+01:00,Long,Canal Exit,233.79999999998637,5.0,winner,4069.6000000000004,4074.4,4.800000000000182,2.4000000000005457,5.299999999999727,0.5000000000000947,1.104166666666568,7,0,0,0.049144879103597404,0.05897385492431912,-28.608776651540403,18.970996546007303,2.0887050576919237,0,3.6398213137517814,2,MGC_v3
2025-11-19 01:52:00+01:00,2025-11-19 02:13:00+01:00,Short,Canal Exit,5.520000000001819,2.0,winner,4067.8,4067.4,10.300000000000182,2.199999999999818,7.100000000000364,0.2135922330096873,0.6893203883495377,3,0,1,0.03687496927085894,0.18437484635429469,26.893926440041167,-31.059057534828863,1.5966886999761514,1,3.0142358038183374,3,MGC_v3
2025-11-20 02:06:00+01:00,2025-11-20 08:17:00+01:00,Short,Canal Exit,360.7600000000027,1.0,winner,4096.400000000001,4060.2000000000003,13.5,2.5999999999994543,61.400000000000546,0.19259259259255218,4.548148148148188,53,0,2,0.2416756176154806,0.3954691924616915,-19.29139236980027,-21.13262489547941,10.454923380317785,0,3.4530481756100926,4,MGC_v3
2025-11-20 08:24:00+01:00,2025-11-20 09:06:00+01:00,Short,Canal Exit,451.52000000000544,2.0,winner,4065.7000000000003,4043.0,11.099999999999909,0.9999999999995453,24.600000000000364,0.09009009009004985,2.2162162162162673,6,1,8,0.1352780578990088,0.36156135474826656,12.984422658253045,-8.365682270283418,-1.4949437715504899,1,1.907822055744873,3,MGC_v3
2025-11-20 13:04:00+01:00,2025-11-20 13:18:00+01:00,Long,Canal Exit,31.759999999997273,1.0,winner,4068.7000000000003,4072.0,19.09999999999991,1.900000000000091,9.599999999999909,0.09947643979058116,0.5026178010471181,2,0,13,0.12534716248432937,0.20399636247449376,18.440560420554355,26.914888565457996,3.0300259580843503,0,0.13554004115030693,2,MGC_v3
2025-11-20 15:03:00+01:00,2025-11-20 15:45:00+01:00,Short,Stop Loss,-204.23999999999728,1.0,loser,4076.2000000000003,4096.5,20.299999999999727,30.499999999999545,3.0000000000004547,1.50246305418719,0.14778325123155148,6,1,15,0.06133163240272803,0.15946224424709288,-11.63331494823812,-16.477919299833967,4.714213967297434,0,3.1017338145502436,1,MGC_v3
2025-11-20 15:52:00+01:00,2025-11-20 16:55:00+01:00,Long,Stop Loss,-206.24,1.0,loser,4092.0,4071.5,20.5,24.59999999999991,6.399999999999636,1.1999999999999955,0.31219512195120175,9,1,15,0.28103616813294235,0.6500488758553363,-14.712963040828763,30.994323855152153,5.339121603467808,0,2.2404981776417117,1,MGC_v3
2025-11-20 19:01:00+01:00,2025-11-20 20:32:00+01:00,Long,Canal Exit,156.75999999999726,1.0,winner,4066.7000000000003,4082.5,24.09999999999991,11.200000000000273,20.499999999999545,0.4647302904564446,0.8506224066389885,13,2,19,0.039343939803769865,0.16721174416602474,18.035148920959067,31.631880423228207,-7.253316103857787,1,4.34973385932517,2,MGC_v3
2025-11-21 00:14:00+01:00,2025-11-21 01:17:00+01:00,Long,Stop Loss,-194.47999999999817,2.0,loser,4081.2000000000003,4071.6000000000004,9.599999999999909,9.900000000000091,8.099999999999909,1.0312500000000193,0.8437499999999986,9,3,0,0.04410467509556459,0.24012545329805407,-16.458750171601274,15.314012172453028,-2.821355850418672,0,2.414851794840615,2,MGC_v3
2025-11-21 01:31:00+01:00,2025-11-21 04:12:00+01:00,Short,Canal Exit,196.75999999999726,1.0,winner,4072.5,4052.7000000000003,16.90000000000009,7.199999999999818,23.699999999999818,0.42603550295856685,1.402366863905307,23,0,1,0.01964395334561527,0.03437691835483231,18.87995699213417,-31.820038976907945,-10.529554809517936,0,4.170512781557591,1,MGC_v3
2025-11-21 16:55:00+01:00,2025-11-21 18:40:00+01:00,Long,Canal Exit,126.75999999999728,1.0,winner,4069.6000000000004,4082.4,16.5,7.900000000000546,31.5,0.47878787878791185,1.9090909090909092,15,0,16,0.07863180656575137,0.1449773933556034,-22.068983998498794,9.952456578144414,16.801394036912285,0,9.870863701584312,2,MGC_v3
2025-11-21 19:15:00+01:00,2025-11-21 21:56:00+01:00,Short,Auto-Close (profit),183.76,1.0,winner,4083.0,4064.5,18.199999999999818,8.900000000000091,29.5,0.4890109890109989,1.620879120879137,23,0,19,0.05633112907176542,0.08817046289492797,19.355889318467966,-17.923584784932054,12.23667449574882,0,3.4667398840647365,2,MGC_v3
2025-11-24 04:26:00+01:00,2025-11-24 06:18:00+01:00,Long,Stop Loss,-230.4800000000018,2.0,loser,4048.6000000000004,4037.2000000000003,11.400000000000091,12.900000000000546,9.999999999999545,1.1315789473684599,0.8771929824560935,16,0,4,0.14572938793657292,0.15066936718865556,-14.72021268775499,15.399764952229077,-1.2495590305227708,1,3.1408857028036437,3,MGC_v3
2025-11-24 12:22:00+01:00,2025-11-24 13:53:00+01:00,Long,Canal Exit,459.0400000000146,4.0,winner,4066.5,4078.1000000000004,6.5,4.0,15.0,0.6153846153846154,2.3076923076923075,13,0,12,0.014754703061598649,0.10082380425427048,-29.36474197106481,24.702649958012334,4.446166442565065,0,5.64282361826281,2,MGC_v3
2025-11-24 19:29:00+01:00,2025-11-24 20:46:00+01:00,Long,Canal Exit,421.51999999999634,2.0,winner,4097.5,4118.7,11.199999999999818,0.0,28.600000000000364,0.0,2.5535714285715025,11,1,19,0.0927394752898153,0.1317876754118387,-29.88294331755298,16.24068377797054,12.796712498523496,0,5.083596629729982,3,MGC_v3
2025-11-25 12:36:00+01:00,2025-11-25 13:11:00+01:00,Short,Stop Loss,-264.96,4.0,loser,4165.400000000001,4171.900000000001,6.5,7.399999999999636,1.300000000000182,1.1384615384614825,0.200000000000028,5,4,12,0.00960291928747649,0.021606568396805727,23.21430074353353,-8.927580756766954,-6.656694868678931,1,1.471064670027772,1,MGC_v3
2025-11-25 15:31:00+01:00,2025-11-25 15:52:00+01:00,Short,Canal Exit,24.76000000000364,1.0,winner,4162.3,4159.7,23.399999999999636,1.699999999999818,18.400000000000546,0.07264957264956601,0.7863247863248218,3,0,15,0.15135862383778637,0.3531701222881536,37.44412736552164,-31.973635948565068,-4.39726144177591,1,0.001000323563857819,3,MGC_v3
2025-11-25 21:07:00+01:00,2025-11-25 21:56:00+01:00,Long,Auto-Close (loss),-108.47999999998545,2.0,loser,4171.7,4166.400000000001,9.199999999999818,6.800000000000182,1.4000000000005457,0.7391304347826431,0.15217391304354058,7,0,21,0.011985521490040034,0.06232471174821689,-27.739843099424526,34.198384713094605,-0.025145491069149272,0,5.361012131992538,1,MGC_v3
2025-11-26 12:15:00+01:00,2025-11-26 12:43:00+01:00,Long,Canal Exit,98.28000000001637,3.0,winner,4198.0,4201.400000000001,7.5,1.5,9.800000000000182,0.2,1.3066666666666908,4,0,12,0.0809909480705011,0.11434016198190047,-16.575668408101514,18.703184028773208,-4.186066695938524,0,2.027844550291775,4,MGC_v3
2025-11-26 19:15:00+01:00,2025-11-26 19:29:00+01:00,Long,Stop Loss,-256.96000000000726,4.0,loser,4205.400000000001,4199.1,6.300000000000182,8.100000000000364,0.0,1.2857142857143062,0.0,2,0,19,0.014267370523621151,0.05706948209444134,15.571309261599163,30.307945268655523,9.533284587930927,0,1.0873633706341934,1,MGC_v3
2025-11-27 00:07:00+01:00,2025-11-27 00:28:00+01:00,Long,Stop Loss,-267.68000000005094,7.0,loser,4198.900000000001,4195.2,3.7000000000007276,3.800000000000182,1.0999999999994543,1.0270270270268742,0.29729729729709137,3,1,0,0.016671032889583645,0.05953940317704422,-20.89943051807207,2.7122864775065905,-4.876877338378316,1,0.804191367356907,2,MGC_v3
2025-11-27 00:35:00+01:00,2025-11-27 02:20:00+01:00,Short,Canal Exit,498.8000000000182,5.0,winner,4195.900000000001,4185.8,5.099999999999454,3.899999999999636,14.00000000000091,0.7647058823529517,2.7450980392161584,15,0,0,0.014299673490775624,0.04766557830262876,15.549275615175043,-24.005734233861894,-8.389488609061168,1,1.0525359296752868,1,MGC_v3
2025-11-27 17:02:00+01:00,2025-11-27 17:23:00+01:00,Short,Canal Exit,14.27999999998363,3.0,winner,4187.2,4186.6,6.700000000000728,1.300000000000182,3.800000000000182,0.19402985074627474,0.5671641791044432,3,0,17,0.06925869316012002,0.10030569354221959,31.479796201776733,-27.0875116134136,-1.9628791332747313,1,0.992932489623854,3,MGC_v3
2025-12-01 13:39:00+01:00,2025-12-01 13:53:00+01:00,Long,Stop Loss,-266.64000000002,11.0,loser,4284.3,4282.0,2.300000000000182,5.699999999999818,2.300000000000182,2.4782608695649424,1.0,2,2,13,0.1377121116635071,0.2310762551641957,-27.927512354783193,1.0574042193149609,-2.221332916544361,0,3.91548612474071,1,MGC_v3
2025-12-01 14:14:00+01:00,2025-12-01 14:56:00+01:00,Long,Stop Loss,-232.48,2.0,loser,4290.0,4278.5,11.5,14.0,9.5,1.2173913043478262,0.8260869565217391,6,2,14,0.027972027972023732,0.03496503496503497,-19.537101549753395,26.551994776536286,-2.734300669786566,0,2.3076841189267725,4,MGC_v3
2025-12-01 15:31:00+01:00,2025-12-01 21:35:00+01:00,Short,Canal Exit,-140.23999999999637,1.0,loser,4259.8,4273.7,39.80000000000018,20.099999999999454,7.5,0.5050251256281247,0.18844221105527553,52,3,15,0.4742006666979628,0.5000234752805125,-17.14742481407202,-23.297708310310938,-6.512682910315293,0,7.946207889306606,2,MGC_v3
2025-12-02 04:40:00+01:00,2025-12-02 07:00:00+01:00,Short,Stop Loss,-204.71999999999454,3.0,loser,4250.8,4257.5,6.699999999999818,7.399999999999636,6.600000000000364,1.1044776119402742,0.9850746268657526,20,0,4,0.0752799473040326,0.08939493742354808,28.559233875297533,-24.352951967545614,0.42741761406481943,1,6.53222074565565,3,MGC_v3
2025-12-02 09:55:00+01:00,2025-12-02 10:37:00+01:00,Short,Canal Exit,530.2800000000054,3.0,winner,4241.1,4223.3,7.800000000000182,3.2999999999992724,30.100000000000364,0.42307692307681993,3.8589743589743155,6,0,9,0.04715757704369149,0.10374666949613415,26.453104914168946,-23.211672194926923,-9.112523633453891,1,1.969365730528807,2,MGC_v3
2025-12-02 18:12:00+01:00,2025-12-02 21:49:00+01:00,Long,Canal Exit,199.75999999999453,1.0,winner,4220.6,4240.7,27.199999999999818,6.600000000000364,23.399999999999636,0.2426470588235444,0.8602941176470512,31,3,18,0.05686395299247845,0.10898924323556754,16.79965101196614,18.32332833535802,-7.814381407082019,1,10.406395902771692,6,MGC_v3
2025-12-03 05:36:00+01:00,2025-12-03 06:25:00+01:00,Long,Stop Loss,-207.72000000000546,3.0,loser,4255.1,4248.3,6.800000000000182,9.200000000000728,0.5999999999994543,1.3529411764706591,0.08823529411756445,7,0,5,0.01880096824986914,0.03055157340603468,-30.45832579715446,32.82310347905891,1.7292658711555262,0,4.503079542346313,1,MGC_v3
2025-12-03 08:24:00+01:00,2025-12-03 13:32:00+01:00,Short,Stop Loss,-190.4800000000109,2.0,loser,4234.0,4243.400000000001,9.400000000000546,10.0,9.0,1.0638297872339808,0.9574468085105827,44,0,8,0.028341993386863912,0.0779404818138704,10.05685892813173,-30.835762707415206,-11.040531927940663,1,1.5246530805288785,1,MGC_v3
2025-12-03 21:49:00+01:00,2025-12-03 21:56:00+01:00,Short,Auto-Close (profit),2.2799999999945433,3.0,winner,4237.5,4237.3,7.100000000000364,1.199999999999818,2.699999999999818,0.16901408450700797,0.3802816901408,1,0,21,0.040117994100290696,0.11327433628319013,34.14558398161017,-22.78627068954618,-0.5686300655363041,1,4.706676621812221,1,MGC_v3
2025-12-04 08:10:00+01:00,2025-12-04 11:40:00+01:00,Long,Canal Exit,90.75999999999819,1.0,winner,4221.900000000001,4231.1,18.600000000000364,9.800000000000182,10.49999999999909,0.526881720430107,0.5645161290321982,30,1,8,0.0947440725739596,0.13974750704660335,17.30964849222578,18.49607014328607,-7.520914409273165,1,5.063081515687372,2,MGC_v3
2025-12-04 22:59:00+01:00,2025-12-05 00:56:00+01:00,Short,Canal Exit,182.0799999999709,8.0,winner,4238.0,4235.6,3.0,2.300000000000182,4.199999999999818,0.7666666666667273,1.3999999999999393,9,0,22,0.03539405379896178,0.05899008966493629,22.75259620987468,-1.6008012631149384,-8.804453714204573,1,1.4755803437183204,3,MGC_v3
2025-12-05 12:36:00+01:00,2025-12-05 12:50:00+01:00,Short,Canal Exit,18.8,5.0,winner,4253.5,4253.0,4.5,0.8000000000001819,2.100000000000364,0.1777777777778182,0.4666666666667475,2,2,12,0.03996708592923047,0.04702010109321735,17.328708452392497,-6.952655194524898,-5.105741071025345,0,0.8803386460131151,2,MGC_v3
2025-12-05 20:18:00+01:00,2025-12-05 21:56:00+01:00,Short,Auto-Close (profit),39.75999999999454,1.0,winner,4235.5,4231.400000000001,15.0,4.899999999999636,6.5,0.3266666666666424,0.43333333333333335,14,3,20,0.04249793412820639,0.047219926809113445,-16.776470434184688,-17.761217489631363,-21.726263942647403,1,0.5132731153516943,1,MGC_v3
2025-12-08 05:50:00+01:00,2025-12-08 06:11:00+01:00,Short,Canal Exit,19.03999999997817,4.0,winner,4236.7,4236.1,5.300000000000182,1.5,1.199999999999818,0.2830188679245186,0.22641509433958054,3,0,5,0.05664786272335888,0.061368517950321555,16.80660427540561,-13.882753395445047,4.037131698178571,1,0.026205929581919918,2,MGC_v3
2025-12-08 14:14:00+01:00,2025-12-08 14:42:00+01:00,Short,Canal Exit,155.04,4.0,winner,4239.0,4235.0,6.300000000000182,0.5,9.100000000000364,0.07936507936507707,1.4444444444444604,4,0,14,0.02594951639538485,0.030667610285470426,27.135156566853063,-6.28460203554291,5.297131449106241,1,1.1825689785619034,4,MGC_v3
2025-12-08 19:15:00+01:00,2025-12-08 20:39:00+01:00,Short,Canal Exit,59.280000000010915,3.0,winner,4216.6,4214.5,8.5,5.799999999999272,3.5,0.682352941176385,0.4117647058823529,12,5,19,0.047431579945928,0.12095052886210345,18.96141562346675,-15.739057917110337,-8.000482411565141,1,3.7163574585829338,2,MGC_v3
2025-12-09 18:19:00+01:00,2025-12-09 18:33:00+01:00,Short,Canal Exit,17.759999999996364,1.0,winner,4237.7,4235.8,13.900000000000546,0.8000000000001819,4.199999999999818,0.0575539568345432,0.30215827338127,2,0,18,0.021237935672665496,0.14866554970857263,13.660230909779756,-30.514974183685187,13.581195837174272,1,0.32366300555986527,2,MGC_v3
2025-12-09 19:50:00+01:00,2025-12-09 21:14:00+01:00,Long,Canal Exit,77.28000000002183,3.0,winner,4238.2,4240.900000000001,8.099999999999454,2.5999999999994543,6.800000000000182,0.3209876543209419,0.8395061728395852,12,0,19,0.06370629040630027,0.08022273606718976,13.269182047181596,16.792647854008877,8.039071675714649,0,3.752158745286579,3,MGC_v3
2025-12-10 13:46:00+01:00,2025-12-10 14:42:00+01:00,Short,Stop Loss,-224.96,4.0,loser,4224.900000000001,4230.400000000001,5.5,6.199999999999818,4.100000000000364,1.1272727272726941,0.7454545454546117,8,0,13,0.011834599635494332,0.04497147861489138,35.71193636543832,-22.084446346317243,-2.8967583617111643,1,3.364130286996442,2,MGC_v3
2025-12-10 15:38:00+01:00,2025-12-10 15:45:00+01:00,Short,Canal Exit,-80.47999999999273,2.0,loser,4226.1,4230.0,9.399999999999636,4.399999999999636,0.9000000000005457,0.46808510638295814,0.09574468085112559,1,0,15,0.09228366579116787,0.151439861811139,28.15426185748617,-33.49195266759405,7.122092500184761,1,0.05380819536912895,1,MGC_v3
2025-12-10 17:30:00+01:00,2025-12-10 17:44:00+01:00,Long,Canal Exit,57.52,2.0,winner,4229.0,4232.0,10.899999999999636,1.0,4.399999999999636,0.0917431192660581,0.4036697247706223,2,1,17,0.00945850082761022,0.10640813431069024,-13.883594160662568,34.82746640652978,-6.903460075144997,1,0.573675460749655,2,MGC_v3
2025-12-10 19:15:00+01:00,2025-12-10 19:36:00+01:00,Short,Canal Exit,71.28,3.0,winner,4225.0,4222.5,6.800000000000182,0.8000000000001819,5.100000000000364,0.11764705882355302,0.7500000000000334,3,3,19,0.0426035502958623,0.05207100591715545,-10.10316780950009,-17.10939403419539,-5.232161772005703,0,2.219539776089732,3,MGC_v3
2025-12-10 20:04:00+01:00,2025-12-10 20:39:00+01:00,Long,Stop Loss,-340.24000000000547,1.0,loser,4244.900000000001,4211.0,33.900000000000546,36.900000000000546,4.099999999999454,1.0884955752212375,0.12094395280234184,5,0,20,0.33923060613912315,0.5300478220923719,-29.168412410900444,16.555082416361792,8.273067505538268,0,2.6261631057423074,2,MGC_v3
2025-12-11 00:42:00+01:00,2025-12-11 03:37:00+01:00,Long,Stop Loss,-246.71999999998363,3.0,loser,4259.2,4251.1,8.099999999999454,9.199999999999818,18.5,1.1358024691358566,2.2839506172841046,25,0,0,0.04460931630352264,0.054000751314783824,-29.615824062790548,14.775930906602747,12.164248573883047,0,8.686106037246645,4,MGC_v3
2025-12-11 10:51:00+01:00,2025-12-11 11:40:00+01:00,Long,Canal Exit,-108.72,3.0,loser,4246.2,4242.7,8.599999999999454,7.199999999999818,7.600000000000364,0.8372093023256134,0.8837209302326565,7,0,10,0.00942018746174334,0.08478168715558297,-32.46025123749337,29.861152237789394,8.81202629909464,0,0.6659045743654133,2,MGC_v3
2025-12-11 13:53:00+01:00,2025-12-11 14:14:00+01:00,Long,Stop Loss,-246.47999999999635,2.0,loser,4247.8,4235.6,12.199999999999818,15.800000000000182,2.0999999999994543,1.295081967213149,0.17213114754094144,3,4,13,0.07062479401101746,0.08945807241395974,18.947597516873387,20.210446584206025,3.246981883973926,1,3.8062378977447224,1,MGC_v3
2025-12-11 14:21:00+01:00,2025-12-11 14:28:00+01:00,Short,Canal Exit,19.519999999989086,2.0,winner,4238.7,4237.6,11.300000000000182,5.100000000000364,2.699999999999818,0.4513274336283435,0.2389380530973252,1,0,14,0.07313563120766872,0.14391204850542513,11.407105112399746,-34.77289031580932,-6.834824805261517,0,0.2505889573640161,1,MGC_v3
2025-12-11 20:32:00+01:00,2025-12-11 21:56:00+01:00,Long,Auto-Close (loss),-15.240000000005457,1.0,loser,4306.1,4304.7,13.699999999999818,13.100000000000364,1.0,0.956204379562083,0.07299270072992797,12,0,20,0.06734632265856681,0.06734632265856681,-30.708717184220998,27.02541411731906,6.804243550587342,0,15.601401601115867,2,MGC_v3
2025-12-12 14:07:00+01:00,2025-12-12 16:13:00+01:00,Long,Stop Loss,-156.24,1.0,loser,4371.7,4356.2,15.5,21.0,15.800000000000182,1.3548387096774193,1.0193548387096891,18,0,14,0.07548550906970244,0.23103140654666066,-24.007372416554723,15.056637967837032,10.997694699180851,0,12.361771910513198,3,MGC_v3
2025-12-12 16:20:00+01:00,2025-12-12 16:55:00+01:00,Short,Canal Exit,296.7600000000018,1.0,winner,4343.6,4313.8,44.0,10.399999999999636,35.20000000000073,0.2363636363636281,0.8000000000000166,5,0,16,0.3407311907173605,0.8978727322957705,29.32535064904407,-22.207159371014225,-4.713679134131574,0,1.9326467934206448,3,MGC_v3
2025-12-12 19:50:00+01:00,2025-12-12 21:56:00+01:00,Short,Auto-Close (loss),-68.48000000000364,2.0,loser,4326.6,4329.900000000001,9.599999999999454,8.099999999999454,7.5,0.8437499999999911,0.7812500000000444,18,0,19,0.06009337586096158,0.17565756020894843,38.35360552200801,-21.005638550079958,-7.730862087926492,1,19.500648714472845,2,MGC_v3
2025-12-15 04:47:00+01:00,2025-12-15 07:14:00+01:00,Long,Canal Exit,572.2799999999945,3.0,winner,4359.3,4378.5,7.600000000000364,3.0,19.399999999999636,0.3947368421052443,2.5526315789471985,21,0,4,0.006881838827338837,0.009175785103125403,-11.43718587753316,27.43566542743982,17.539987592363424,0,4.704508440996506,1,MGC_v3
2025-12-15 12:50:00+01:00,2025-12-15 13:11:00+01:00,Long,Canal Exit,44.27999999998363,3.0,winner,4376.400000000001,4378.0,6.900000000000546,0.2000000000007276,3.5999999999994543,0.02898550724647997,0.5217391304346622,3,1,12,0.02056484782011782,0.04569966182248174,19.836961265162465,20.519283640559788,1.361932251552392,0,0.8332252617074118,3,MGC_v3
2025-12-15 14:07:00+01:00,2025-12-15 15:31:00+01:00,Short,Canal Exit,44.760000000003636,1.0,winner,4369.400000000001,4364.8,13.199999999999818,9.199999999999818,16.600000000000364,0.6969696969696928,1.2575757575758024,12,0,14,0.011443218748569598,0.24030759371996158,30.96220593334622,-32.20290789039937,-6.2804847301069415,1,1.6389188877401466,2,MGC_v3
2025-12-15 20:18:00+01:00,2025-12-15 21:56:00+01:00,Short,Auto-Close (profit),191.28,3.0,winner,4340.3,4333.8,7.0,3.0,12.400000000000546,0.42857142857142855,1.7714285714286493,14,0,20,0.018431905628647372,0.05068774047878551,37.72596616954171,-1.0599956083689346,-11.389425920747993,1,11.974551365536172,3,MGC_v3
2025-12-15 22:59:00+01:00,2025-12-16 01:03:00+01:00,Long,Canal Exit,98.80000000001819,5.0,winner,4334.5,4336.6,4.5,2.699999999999818,4.800000000000182,0.5999999999999596,1.066666666666707,10,0,22,0.009228284692574374,0.06921213519437075,-13.402832763209366,16.615898361291062,3.960732831897282,0,1.9597342208071495,3,MGC_v3
2025-12-16 01:59:00+01:00,2025-12-16 02:27:00+01:00,Short,Stop Loss,-246.47999999999635,2.0,loser,4329.900000000001,4342.1,12.199999999999818,13.599999999999454,3.4000000000005457,1.1147540983606277,0.2786885245902128,4,1,1,0.09007136423475244,0.1709046398300318,35.63665686349897,-28.285487226791098,1.8999973797911351,1,1.451959060608715,2,MGC_v3
2025-12-16 08:03:00+01:00,2025-12-16 10:02:00+01:00,Short,Canal Exit,95.04,4.0,winner,4312.2,4309.7,6.200000000000728,3.199999999999818,11.599999999999454,0.5161290322579746,1.8709677419351762,17,0,8,0.0092760076063178,0.10203608366958017,35.953699144140415,-20.06390839820754,-5.7753796550593135,1,6.3907793612306705,3,MGC_v3
2025-12-16 10:44:00+01:00,2025-12-16 11:40:00+01:00,Short,Canal Exit,-126.72000000001091,3.0,loser,4305.2,4309.3,8.100000000000364,6.300000000000182,3.5,0.7777777777777654,0.43209876543207937,8,0,10,0.08594258106475468,0.09755644337080317,30.80655281918875,-26.998715747306466,-4.709583799283848,1,1.3631894088030094,2,MGC_v3
2025-12-16 13:04:00+01:00,2025-12-16 19:57:00+01:00,Long,Canal Exit,218.76,1.0,winner,4314.7,4336.7,13.5,0.1999999999998181,53.0,0.01481481481480134,3.925925925925926,59,0,13,0.20627158319233402,0.2155422161447904,15.133279863120917,22.25479686564619,-3.8277799423840575,1,1.606688112477059,4,MGC_v3
2025-12-17 17:51:00+01:00,2025-12-17 18:54:00+01:00,Long,Canal Exit,97.75999999999637,1.0,winner,4366.1,4376.0,15.400000000000546,5.900000000000546,10.599999999999454,0.38311688311690495,0.6883116883116285,9,0,17,0.006871120679787039,0.09619568951695605,-25.884037394578016,33.013719257005036,7.771854343777454,0,8.57178036408368,1,MGC_v3
2025-12-17 19:43:00+01:00,2025-12-17 21:07:00+01:00,Short,Canal Exit,-77.24000000000363,1.0,loser,4364.2,4371.8,14.5,9.5,3.5999999999994543,0.6551724137931034,0.24827586206892788,12,0,19,0.020622336281555298,0.23371981119105034,26.969202541410255,-33.384256137541215,0.4728905179401835,1,2.213922202847243,1,MGC_v3
2025-12-17 21:14:00+01:00,2025-12-17 21:56:00+01:00,Long,Auto-Close (loss),-7.240000000003638,1.0,loser,4373.900000000001,4373.3,13.400000000000546,3.300000000000182,4.9999999999990905,0.24626865671642145,0.3731343283581259,6,0,21,0.048012071606562894,0.13031848007498614,-20.414813943831263,31.684255720253034,5.158339260556694,0,2.0021544273895415,2,MGC_v3
2025-12-18 01:52:00+01:00,2025-12-18 06:18:00+01:00,Short,Canal Exit,29.280000000010915,3.0,winner,4367.400000000001,4366.3,7.699999999999818,2.199999999999818,12.200000000000728,0.2857142857142688,1.5844155844157164,38,0,1,0.025186609882297345,0.08700828868432645,-15.931428734467287,-31.059339018577184,-4.7091249893047005,0,1.0146738175135397,5,MGC_v3
2025-12-18 07:56:00+01:00,2025-12-18 08:17:00+01:00,Short,Canal Exit,16.559999999978174,6.0,winner,4362.8,4362.400000000001,4.0,2.0,2.800000000000182,0.5,0.7000000000000455,3,3,7,0.006876317960946683,0.03208948381774424,19.23456295215155,-21.53763997537995,-0.10007151817147104,0,0.6258442591242783,3,MGC_v3
2025-12-18 12:57:00+01:00,2025-12-18 14:00:00+01:00,Short,Canal Exit,388.7999999999818,5.0,winner,4356.3,4348.400000000001,4.600000000000364,0.5,8.900000000000546,0.10869565217390445,1.9347826086956177,9,0,12,0.04131946835617799,0.04820604641554447,23.997068224925076,-21.466842990432298,-4.377350165448071,1,2.557766659765548,2,MGC_v3
2025-12-18 14:35:00+01:00,2025-12-18 14:56:00+01:00,Long,Canal Exit,27.759999999996364,1.0,winner,4369.400000000001,4372.3,22.800000000000182,4.400000000000546,6.4999999999990905,0.19298245614037327,0.2850877192982034,3,0,14,0.185380143726815,0.400512656199936,-22.270422879572997,27.004519770142668,0.5100119917309897,0,0.5842666243897838,3,MGC_v3
2025-12-19 01:10:00+01:00,2025-12-19 01:38:00+01:00,Short,Canal Exit,71.28,3.0,winner,4361.400000000001,4358.900000000001,6.899999999999636,2.199999999999818,3.100000000000364,0.31884057971013535,0.449275362318917,4,0,1,0.061906727197705506,0.12152061264731927,12.270313342589446,-15.148435857206916,-0.4307315995185945,1,1.2045964794015163,2,MGC_v3
2025-12-19 11:54:00+01:00,2025-12-19 13:04:00+01:00,Long,Stop Loss,-225.71999999998908,3.0,loser,4358.5,4351.1,7.399999999999636,8.699999999999818,1.0,1.175675675675709,0.13513513513514178,10,1,11,0.006883101984631912,0.027532407938527646,-24.265955456663484,21.284841351877894,6.936834808565941,0,1.151286616051948,2,MGC_v3
2025-12-19 15:38:00+01:00,2025-12-19 15:45:00+01:00,Long,Stop Loss,-218.48000000000363,2.0,loser,4366.3,4355.5,10.800000000000182,15.699999999999818,0.5,1.4537037037036624,0.04629629629629552,1,0,15,0.05496644756431178,0.10993289512860274,-15.604551220545334,13.6719779974881,7.119240854536322,0,0.727066853116412,2,MGC_v3
2025-12-19 15:59:00+01:00,2025-12-19 16:48:00+01:00,Long,Canal Exit,54.760000000003636,1.0,winner,4372.2,4377.8,21.699999999999818,4.399999999999636,7.199999999999818,0.20276497695851028,0.3317972350230359,7,0,15,0.20355884909198202,0.33392799963405984,13.337109721079196,16.922229349012582,10.4761503980936,1,0.0925213145565067,3,MGC_v3
2025-12-22 20:39:00+01:00,2025-12-22 21:56:00+01:00,Long,Auto-Close (profit),280.5600000000109,6.0,winner,4467.7,4472.5,3.899999999999636,0.6999999999998181,6.199999999999818,0.1794871794871496,1.5897435897436913,11,2,20,0.004476576314430649,0.011191440786086802,-18.927253523137693,5.6432659254979765,5.237605817276565,0,3.9335794687722228,5,MGC_v3
2025-12-23 10:02:00+01:00,2025-12-23 10:44:00+01:00,Short,Canal Exit,39.52000000000728,2.0,winner,4514.1,4512.0,10.5,2.699999999999818,3.800000000000182,0.2571428571428398,0.3619047619047792,6,1,10,0.1329168605037549,0.1373474225205427,24.64227206271996,-11.36707375180706,9.22905347584943,1,1.1994878382411116,3,MGC_v3
2025-12-24 15:24:00+01:00,2025-12-24 16:27:00+01:00,Short,Canal Exit,151.7600000000018,1.0,winner,4508.900000000001,4493.6,15.599999999999454,9.299999999999272,21.400000000000546,0.5961538461538204,1.3717948717949549,9,0,15,0.10867395595379242,0.13085231431170677,28.54324891809664,-20.862879530750444,-10.597207580447876,1,0.5859923666539544,2,MGC_v3
2025-12-26 13:32:00+01:00,2025-12-26 14:07:00+01:00,Long,Canal Exit,13.520000000003638,2.0,winner,4543.2,4544.0,12.099999999999454,10.0,2.4000000000005457,0.8264462809917729,0.19834710743807057,5,1,13,0.004402183483003568,0.07923930269414431,-20.360056947389744,33.609308300025,-4.013206586205139,1,1.4906105883583223,1,MGC_v3
2025-12-26 21:28:00+01:00,2025-12-26 21:56:00+01:00,Short,Auto-Close (loss),-82.48,2.0,loser,4556.5,4560.5,11.300000000000182,6.600000000000364,0.6999999999998181,0.5840707964601998,0.061946902654850165,4,1,21,0.06584000877866784,0.1887413584988558,19.518993155941224,-10.65813625928832,-5.270223741506982,1,1.9869996364541294,2,MGC_v3
2025-12-29 00:28:00+01:00,2025-12-29 01:31:00+01:00,Short,Canal Exit,413.76,1.0,winner,4561.5,4520.0,19.800000000000182,0.8999999999996362,71.5,0.045454545454526665,3.611111111111078,9,1,0,0.015345829222839375,0.037268442398329896,-10.933305487948576,-11.494938058918015,-0.5185320780818501,1,0.44166398885317903,1,MGC_v3
2025-12-29 18:12:00+01:00,2025-12-29 21:56:00+01:00,Short,Auto-Close (loss),-52.24000000000364,1.0,loser,4349.2,4354.3,16.600000000000364,13.100000000000364,16.5,0.7891566265060287,0.993975903614436,32,0,18,0.025292007725546174,0.2437229835371897,14.934678190408206,-12.790923174886746,-12.824673374676768,1,32.347809438828335,4,MGC_v3
2025-12-30 00:07:00+01:00,2025-12-30 00:14:00+01:00,Long,Stop Loss,-248.48000000000363,2.0,loser,4357.900000000001,4345.6,12.300000000000182,19.400000000000546,0.2999999999992724,1.5772357723577446,0.02439024390237951,1,0,0,0.02524151540880617,0.22717363867919288,-28.7891949100963,32.87823604052858,-1.7786599663867038,0,2.5180946858545212,1,MGC_v3
2025-12-30 00:42:00+01:00,2025-12-30 01:10:00+01:00,Long,Canal Exit,76.76000000000182,1.0,winner,4355.2,4363.0,16.799999999999272,1.699999999999818,10.100000000000364,0.10119047619046975,0.6011904761905239,4,2,0,0.1492468772961058,0.17909625275533114,-13.321213091830934,5.26897273868671,-1.2351125822688331,0,1.6300159968595835,4,MGC_v3
2025-12-30 05:29:00+01:00,2025-12-30 09:27:00+01:00,Long,Stop Loss,-240.71999999998908,3.0,loser,4378.5,4370.6,7.899999999999636,12.5,20.0,1.582278481012731,2.5316455696203697,34,0,5,0.015987210231810395,0.08907159986295846,-24.597032230728637,31.032728706141622,8.633751569050322,0,4.645803585926842,2,MGC_v3
2025-12-30 13:11:00+01:00,2025-12-30 14:28:00+01:00,Long,Stop Loss,-163.2399999999982,1.0,loser,4412.7,4396.5,16.199999999999818,20.800000000000182,7.800000000000182,1.2839506172839763,0.4814814814814981,11,0,13,0.18356108504995705,0.25607904457588737,-26.72549211696905,26.23626320960386,19.31608720054977,0,2.9432684061703185,2,MGC_v3
2025-12-30 14:35:00+01:00,2025-12-30 20:53:00+01:00,Short,Canal Exit,296.7600000000018,1.0,winner,4393.8,4364.0,26.800000000000182,14.0,41.30000000000018,0.5223880597014889,1.5410447761193993,54,0,14,0.1320041877190628,0.36870135190495285,22.701642690613788,-33.06446978803468,7.431402292508993,0,5.008091747038634,2,MGC_v3
2025-12-31 03:58:00+01:00,2025-12-31 04:19:00+01:00,Short,Canal Exit,72.76000000000546,1.0,winner,4363.6,4356.2,21.5,8.099999999999454,11.100000000000364,0.37674418604648624,0.5162790697674587,3,2,3,0.06416720139334911,0.16270968924741872,-15.759072478495291,-24.563548468335895,2.9244291176990473,0,6.945232134778053,2,MGC_v3
2025-12-31 13:32:00+01:00,2025-12-31 14:14:00+01:00,Long,Canal Exit,55.51999999999273,2.0,winner,4326.8,4329.7,12.300000000000182,6.600000000000364,6.199999999999818,0.5365853658536802,0.5040650406503843,6,0,13,0.10400295830636959,0.26116298419155454,-30.036721611180848,2.4250681986073843,-4.539752231585416,0,0.9660516094372724,3,MGC_v3
2025-12-31 16:20:00+01:00,2025-12-31 21:35:00+01:00,Short,Canal Exit,177.75999999999635,1.0,winner,4349.3,4331.400000000001,18.600000000000364,6.599999999999454,32.5,0.35483870967738307,1.747311827956955,45,2,16,0.04828363184881162,0.06437817579840852,19.030966329260014,-30.374269447818598,13.746526447388632,0,5.493475029737965,1,MGC_v3
2026-01-02 14:07:00+01:00,2026-01-02 14:21:00+01:00,Long,Stop Loss,-145.24000000000547,1.0,loser,4411.6,4397.2,14.400000000000546,24.100000000000364,3.399999999999636,1.673611111111073,0.2361111111110769,2,0,14,0.08386979780580123,0.10200380814219125,-21.185085477899516,33.92359252683899,2.8566669810480434,0,3.6803973393325577,1,MGC_v3
2026-01-05 18:33:00+01:00,2026-01-05 21:56:00+01:00,Long,Auto-Close (loss),-12.48,2.0,loser,4455.5,4455.0,12.399999999999636,9.899999999999636,5.199999999999818,0.7983870967741876,0.41935483870967505,29,0,18,0.0022444170126891213,0.0830434294691913,-12.933012072168399,19.401520965757662,17.815190796754656,0,7.881242115334317,1,MGC_v3
2026-01-06 00:42:00+01:00,2026-01-06 01:03:00+01:00,Short,Canal Exit,26.76000000000182,1.0,winner,4452.0,4449.2,19.400000000000546,0.1999999999998181,5.5,0.010309278350505798,0.28350515463916726,3,1,0,0.06064690026953769,0.13252470799639793,31.170451470161147,-31.859618393954698,6.045041362382927,0,0.42954859276687785,3,MGC_v3
2026-01-06 21:07:00+01:00,2026-01-06 21:56:00+01:00,Long,Auto-Close (profit),227.27999999999454,3.0,winner,4496.6,4504.3,8.5,2.5,10.699999999999818,0.29411764705882354,1.2588235294117434,7,0,21,0.0733887826357733,0.10897122270158865,-25.779550575200176,19.96090899150862,0.17023436093619465,0,4.120474602572358,3,MGC_v3
2026-01-07 04:54:00+01:00,2026-01-07 06:25:00+01:00,Short,Canal Exit,353.27999999998906,3.0,winner,4484.8,4472.900000000001,6.699999999999818,1.0,14.600000000000364,0.14925373134328762,2.1791044776120536,13,0,4,0.04905458437388107,0.07804138423118087,13.948257696618452,-13.797133817952844,-5.329826989814249,1,6.98215727506431,4,MGC_v3
2026-01-07 17:16:00+01:00,2026-01-07 21:56:00+01:00,Long,Auto-Close (loss),-80.23999999999636,1.0,loser,4470.5,4462.6,37.599999999999454,15.699999999999818,7.800000000000182,0.41755319148936293,0.20744680851064615,40,1,17,0.30197964433508556,0.30421653058942766,16.586874069328225,21.569610873453836,-1.518878243362731,1,7.26313937958912,4,MGC_v3
2026-01-08 05:22:00+01:00,2026-01-08 06:53:00+01:00,Short,Canal Exit,237.52,2.0,winner,4445.400000000001,4433.400000000001,10.0,1.7999999999992724,21.700000000000728,0.17999999999992725,2.1700000000000728,13,4,5,0.02699419624782309,0.0652359742655452,-16.52733895742219,-17.18678657753103,-18.928983240625133,1,1.398647929487197,4,MGC_v3
2026-01-08 08:52:00+01:00,2026-01-08 09:48:00+01:00,Short,Canal Exit,75.51999999999272,2.0,winner,4439.3,4435.400000000001,8.800000000000182,2.0999999999994543,11.800000000000182,0.2386363636362967,1.340909090909084,8,0,8,0.04730475525421494,0.0991147252945407,22.56232420562879,-32.05165670886447,-9.190852497517891,1,5.857114922840992,1,MGC_v3
2026-01-08 12:15:00+01:00,2026-01-08 12:36:00+01:00,Short,Canal Exit,51.04000000002183,4.0,winner,4436.6,4435.2,6.5,0.3999999999996362,3.5,0.06153846153840557,0.5384615384615384,3,0,12,0.004507956543315322,0.06761934814950434,28.00306410388216,-22.81209286033387,-3.3227697885246554,1,1.0828287870135682,3,MGC_v3
2026-01-09 12:36:00+01:00,2026-01-09 12:43:00+01:00,Short,Canal Exit,-120.95999999998544,4.0,loser,4478.3,4481.2,5.399999999999636,3.5,1.1000000000003638,0.6481481481481918,0.2037037037037848,1,0,12,0.020096911774549187,0.033494852957575205,23.484966066436044,-24.05374101595511,-8.2818147736115,1,0.04784512561673182,1,MGC_v3
2026-01-09 12:57:00+01:00,2026-01-09 13:25:00+01:00,Long,Stop Loss,-210.4800000000109,2.0,loser,4486.1,4475.7,10.400000000000546,10.5,3.5,1.0096153846153317,0.33653846153844386,4,2,12,0.06910233833397302,0.10476806134505978,-18.667513632377805,29.145621956556262,-5.536481376953323,1,0.5934958037087199,2,MGC_v3
2026-01-09 14:28:00+01:00,2026-01-09 15:17:00+01:00,Long,Canal Exit,83.76,1.0,winner,4496.3,4504.8,29.5,8.5,9.800000000000182,0.288135593220339,0.3322033898305146,7,0,14,0.32248737851122034,0.45148232991569226,15.663164280928665,27.717143309302514,3.6016021122769972,0,0.3164794137919671,2,MGC_v3
2026-01-12 04:19:00+01:00,2026-01-12 08:24:00+01:00,Long,Canal Exit,3.76,1.0,winner,4591.2,4591.7,18.0,16.599999999999454,7.400000000000546,0.9222222222221919,0.4111111111111414,35,4,4,0.021780798048440495,0.04356159609688099,12.669567781344128,13.50799726153023,3.1773812738658362,0,5.721277723112507,1,MGC_v3
2026-01-12 11:54:00+01:00,2026-01-12 12:22:00+01:00,Long,Stop Loss,-225.72000000001637,3.0,loser,4603.400000000001,4596.0,7.400000000000546,9.700000000000728,0.9999999999990905,1.3108108108108125,0.13513513513500228,4,0,11,0.017378459399578182,0.049963070773779865,-37.59571576501789,27.10888747639005,10.320706759179203,0,4.377280994873217,1,MGC_v3
2026-01-13 01:17:00+01:00,2026-01-13 06:25:00+01:00,Short,Canal Exit,3.76,1.0,winner,4599.7,4599.2,17.200000000000728,11.600000000000364,15.699999999999818,0.6744186046511554,0.9127906976743694,44,0,1,0.047829206252577736,0.06739569971953507,32.533199682098015,-0.22368946468313666,-14.139081800800488,1,6.037209055162748,4,MGC_v3
2026-01-13 10:30:00+01:00,2026-01-13 11:12:00+01:00,Short,Canal Exit,158.28000000001637,3.0,winner,4597.6,4592.2,7.899999999999636,3.399999999999636,8.300000000000182,0.4303797468354168,1.0506329113924764,6,0,10,0.00435009570210149,0.06525143553158169,13.58504742632679,-28.05973904193042,-2.4234170211477233,1,4.7710852338823315,2,MGC_v3
2026-01-13 16:20:00+01:00,2026-01-13 17:30:00+01:00,Short,Canal Exit,36.75999999999272,1.0,winner,4615.7,4611.900000000001,28.400000000000546,13.699999999999818,14.099999999999454,0.4823943661971674,0.49647887323940787,10,0,16,0.0021665186212354312,0.3574755725025654,33.853030036022396,-28.101389581763268,12.928649552132299,0,2.124505272946408,1,MGC_v3
2026-01-13 17:51:00+01:00,2026-01-13 18:54:00+01:00,Long,Stop Loss,-205.24000000000547,1.0,loser,4621.900000000001,4601.5,20.400000000000546,26.900000000000546,2.9999999999990905,1.3186274509803837,0.14705882352936325,9,0,17,0.023799736039279398,0.11250784309482721,-32.25867829735852,32.064706523563494,2.770958197529565,0,11.589704066102058,2,MGC_v3
2026-01-13 21:21:00+01:00,2026-01-13 21:56:00+01:00,Short,Auto-Close (profit),55.51999999999273,2.0,winner,4596.8,4593.900000000001,10.199999999999818,1.5,20.199999999999818,0.14705882352941438,1.9803921568627625,5,0,21,0.1109467455621183,0.1327010093978301,23.91931464888701,-16.570135289947462,-13.520692961721085,1,5.0229027677542035,2,MGC_v3
2026-01-14 08:17:00+01:00,2026-01-14 09:06:00+01:00,Long,Stop Loss,-240.4799999999927,2.0,loser,4645.0,4633.1,11.899999999999636,12.899999999999636,2.199999999999818,1.0840336134453807,0.1848739495798223,7,3,8,0.04951560818084353,0.11840688912809472,16.53120098684728,18.338889187854708,7.464500830956382,0,0.4121867815774749,3,MGC_v3
2026-01-14 13:11:00+01:00,2026-01-14 13:53:00+01:00,Long,Canal Exit,69.52000000000727,2.0,winner,4643.3,4646.900000000001,9.399999999999636,1.800000000000182,6.699999999999818,0.19148936170215441,0.7127659574468167,6,0,13,0.019382766566873478,0.05384101824131739,-21.75953417184951,29.47823412370729,7.906230384395156,0,1.0781038617187733,2,MGC_v3
2026-01-14 14:14:00+01:00,2026-01-14 14:28:00+01:00,Short,Canal Exit,35.51999999999273,2.0,winner,4639.8,4637.900000000001,10.300000000000182,4.0,8.199999999999818,0.38834951456309996,0.7961165048543372,2,0,14,0.03663951032371693,0.08405534721323411,-16.662614783010753,-23.98409162354337,3.64741340128233,0,0.0020276017457945272,2,MGC_v3
2026-01-14 15:31:00+01:00,2026-01-14 15:52:00+01:00,Short,Canal Exit,191.51999999999637,2.0,winner,4634.6,4624.900000000001,12.199999999999818,0.0999999999994543,20.800000000000182,0.008196721311430804,1.7049180327869256,3,0,15,0.13161869416992736,0.20066456652136694,28.674018672845627,-10.295318704827832,-6.41934955910329,0,0.009025963745443732,3,MGC_v3
2026-01-14 21:07:00+01:00,2026-01-14 21:21:00+01:00,Short,Canal Exit,31.51999999999636,2.0,winner,4642.7,4641.0,9.0,2.600000000000364,4.0,0.28888888888892933,0.4444444444444444,2,1,21,0.14862041484480232,0.3790897538070402,12.37932793366069,-9.339812224014501,4.689189795752306,1,0.25803133573754167,2,MGC_v3
2026-01-15 02:13:00+01:00,2026-01-15 03:16:00+01:00,Short,Canal Exit,-58.23999999999818,1.0,loser,4608.0,4613.7,15.100000000000364,10.600000000000364,20.600000000000364,0.7019867549668946,1.3642384105960177,9,0,2,0.26258680555556346,0.4275173611111269,-10.88807595798234,-14.04226575612611,-10.338604558967637,1,3.6995713260730554,4,MGC_v3
2026-01-15 10:30:00+01:00,2026-01-15 11:12:00+01:00,Long,Canal Exit,303.0400000000291,4.0,winner,4610.7,4618.400000000001,6.0,0.0,8.199999999999818,0.0,1.3666666666666363,6,2,10,0.03903962521960184,0.06506604203266315,-19.334561010075035,24.662520768444313,7.378023110519992,0,2.0214987724230014,3,MGC_v3
2026-01-15 15:59:00+01:00,2026-01-15 19:57:00+01:00,Long,Canal Exit,94.75999999999455,1.0,winner,4614.900000000001,4624.5,30.5,9.100000000000364,15.099999999999454,0.29836065573771686,0.4950819672130969,34,4,15,0.0021668941905645584,0.03033651866780528,18.86554174027573,19.461832352661787,-9.295193202944795,1,12.435422917184042,4,MGC_v3
2026-01-16 13:25:00+01:00,2026-01-16 13:46:00+01:00,Short,Canal Exit,129.5200000000073,2.0,winner,4608.900000000001,4602.3,11.699999999999818,0.9999999999990905,7.5000000000009095,0.08547008547000906,0.6410256410257287,3,0,13,0.021697151164052162,0.1735772093124173,47.66991225750905,-33.180690501186575,4.031630672000252,1,1.3044978819925745,3,MGC_v3
2026-01-19 13:11:00+01:00,2026-01-19 14:14:00+01:00,Long,Canal Exit,1.519999999996362,2.0,winner,4675.900000000001,4676.1,11.400000000000546,3.100000000000364,2.9999999999990905,0.2719298245614224,0.2631578947367497,9,0,13,0.14542654889966153,0.17750593468635498,-18.12518625274197,17.822361052520872,-6.286217543047044,0,0.5519682779940922,3,MGC_v3
2026-01-19 14:42:00+01:00,2026-01-19 15:10:00+01:00,Short,Canal Exit,127.04000000000728,4.0,winner,4672.8,4669.5,6.199999999999818,0.5999999999994543,6.300000000000182,0.09677419354830193,1.0161290322581236,4,0,14,0.021400445129258688,0.06420133538777606,-11.311535649690422,-20.807301403229218,6.362728868426285,1,1.2853066866919107,4,MGC_v3
2026-01-19 16:41:00+01:00,2026-01-19 17:02:00+01:00,Long,Canal Exit,-0.7200000000163707,3.0,loser,4676.6,4676.7,7.199999999999818,0.4000000000005457,4.799999999999272,0.05555555555563275,0.6666666666665825,3,5,16,0.017106444853102296,0.09836205790532361,-10.59320644661155,25.239111232176445,-1.4979716286465774,1,0.8043746301209467,3,MGC_v3
2026-01-19 18:12:00+01:00,2026-01-19 18:33:00+01:00,Short,Canal Exit,-116.96000000000727,4.0,loser,4675.3,4678.1,6.199999999999818,3.699999999999818,0.9000000000005457,0.5967741935483752,0.14516129032267291,3,0,18,0.010694500887643574,0.05561140461575436,12.040308635149893,-17.2306631287424,1.0565529016579887,1,0.2790307378563739,2,MGC_v3
2026-01-20 02:13:00+01:00,2026-01-20 04:40:00+01:00,Long,Canal Exit,133.52000000000365,2.0,winner,4675.0,4681.8,9.0,5.0,8.5,0.5555555555555556,0.9444444444444444,21,2,2,0.0042780748663062695,0.02780748663100048,-13.905072644944852,27.662983381807834,-2.988665112549144,1,2.4151321181925596,1,MGC_v3
2026-01-20 20:11:00+01:00,2026-01-20 21:14:00+01:00,Long,Stop Loss,-186.47999999999635,2.0,loser,4766.6,4757.400000000001,9.199999999999818,10.100000000000364,5.5,1.097826086956583,0.5978260869565336,9,0,20,0.050350354550424734,0.09230898334243581,-28.784419880760076,16.878924997058284,11.292084917183603,0,4.912118871541679,2,MGC_v3
2026-01-21 12:22:00+01:00,2026-01-21 12:43:00+01:00,Long,Stop Loss,-190.4799999999927,2.0,loser,4870.8,4861.400000000001,9.399999999999636,13.5,0.0999999999994543,1.436170212766013,0.010638297872282784,3,0,12,0.036954915003699226,0.1375544058471037,10.252921258217171,27.43742732935033,11.861129396478411,0,0.5005976463326078,1,MGC_v3
2026-01-21 15:17:00+01:00,2026-01-21 15:45:00+01:00,Short,Canal Exit,47.760000000005455,1.0,winner,4856.6,4851.7,27.800000000000182,18.199999999999818,7.100000000000364,0.6546762589927949,0.2553956834532488,4,0,15,0.053535395132404635,0.3315076390890821,29.292725340889554,-18.164210326145934,-3.918275303799973,0,0.2451450929402199,1,MGC_v3
2026-01-21 17:44:00+01:00,2026-01-21 18:33:00+01:00,Short,Canal Exit,154.76000000000363,1.0,winner,4833.3,4817.7,25.0,6.699999999999818,28.800000000000182,0.26799999999999274,1.1520000000000072,7,0,17,0.16551838288539922,0.2482775743280988,24.46639016941879,-17.229342820845417,-5.370692285305178,1,2.4158661095298157,7,MGC_v3
2026-01-21 20:32:00+01:00,2026-01-21 20:53:00+01:00,Short,Canal Exit,58.76,1.0,winner,4789.3,4783.3,68.10000000000036,0.1999999999998181,32.600000000000364,0.0029368575624055364,0.47870778267254316,3,0,20,0.34869396362724864,1.3801599398659588,39.421119701114165,-17.608770450119476,-10.390481467996722,1,11.353434699525678,3,MGC_v3
2026-01-22 00:07:00+01:00,2026-01-22 00:56:00+01:00,Short,Canal Exit,292.75999999999635,1.0,winner,4815.7,4786.3,27.300000000000182,1.1000000000003638,36.599999999999454,0.04029304029305335,1.3406593406593117,7,0,0,0.09344435907552381,0.6291920177751974,36.119258332938614,-30.739159278798166,-1.3432149667866553,1,13.922620525798266,3,MGC_v3
2026-01-23 02:06:00+01:00,2026-01-23 08:59:00+01:00,Short,Canal Exit,28.76,1.0,winner,4948.8,4945.8,21.300000000000182,20.199999999999818,9.199999999999818,0.9483568075117205,0.43192488262909573,59,0,2,0.12730358874879127,0.5940834141610197,12.951660455189549,-1.282245621958995,9.51338194453148,0,5.070830436508913,3,MGC_v3
2026-01-23 19:01:00+01:00,2026-01-23 20:53:00+01:00,Short,Stop Loss,-236.47999999999635,2.0,loser,4977.400000000001,4989.1,11.699999999999818,14.199999999999818,18.100000000000364,1.213675213675217,1.5470085470086021,16,1,19,0.08839956603848668,0.22300799614257172,22.253727716596195,-22.18096841740381,11.533456599668629,0,9.907905318264966,1,MGC_v3
2026-01-26 00:07:00+01:00,2026-01-26 00:28:00+01:00,Long,Canal Exit,-1.24,1.0,loser,5021.8,5021.8,41.0,10.699999999999818,9.199999999999818,0.26097560975609313,0.2243902439024346,3,3,0,0.12147038910351594,0.270819228165207,18.253828236766196,21.317152766343,12.036107865892053,1,7.849568054542033,3,MGC_v3
2026-01-26 17:30:00+01:00,2026-01-26 17:58:00+01:00,Short,Canal Exit,-199.24000000000183,1.0,loser,5072.3,5092.1,30.600000000000364,22.399999999999636,10.400000000000546,0.7320261437908291,0.3398692810457654,4,1,17,0.011828953334768336,0.43175679671942974,33.07290686646106,-16.67382408256387,-0.4542689725668779,1,1.5218332338808978,2,MGC_v3
2026-01-27 19:36:00+01:00,2026-01-27 21:21:00+01:00,Long,Canal Exit,1031.5199999999963,2.0,winner,5086.3,5138.0,12.599999999999454,7.800000000000182,64.89999999999964,0.6190476190476603,5.150793650793845,15,0,19,0.04718557694197425,0.14745492794367399,-10.697750765900091,30.729712498402,6.749975086222138,0,5.262576451958012,3,MGC_v3
2026-01-28 01:31:00+01:00,2026-01-28 02:55:00+01:00,Long,Canal Exit,737.52,2.0,winner,5165.5,5202.5,11.5,2.199999999999818,55.5,0.19130434782607114,4.826086956521739,12,1,1,0.05033394637499495,0.1161552608653567,-17.038650699565512,4.6117567688980685,26.750976901102582,0,22.628954906547733,4,MGC_v3
2026-01-28 10:16:00+01:00,2026-01-28 16:06:00+01:00,Short,Canal Exit,136.75999999999271,1.0,winner,5266.5,5252.700000000001,40.30000000000018,25.800000000000182,37.80000000000018,0.6401985111662547,0.937965260545906,50,0,10,0.16329630684516022,0.4063419728472524,-16.439181457924825,-34.73360097910405,9.39446512355636,0,9.97126653464693,2,MGC_v3
2026-01-28 16:20:00+01:00,2026-01-28 16:34:00+01:00,Short,Canal Exit,-151.24,1.0,loser,5259.400000000001,5274.400000000001,33.0,19.899999999999636,7.800000000000182,0.603030303030292,0.23636363636364188,2,1,16,0.14450317526713038,0.15020724797504728,31.658648492297246,-8.640494442599245,6.821879961157521,1,3.7017054179777915,2,MGC_v3
2026-01-28 20:32:00+01:00,2026-01-28 21:07:00+01:00,Long,Canal Exit,214.76000000000363,1.0,winner,5301.3,5322.900000000001,37.69999999999982,11.400000000000546,34.5,0.3023872679045252,0.9151193633952299,5,0,20,0.3282213796616027,0.44706015505632063,-32.68583731115824,26.801759510787043,7.2838365586468585,0,10.140241454044371,5,MGC_v3
2026-01-29 08:17:00+01:00,2026-01-29 14:35:00+01:00,Short,Canal Exit,310.76000000000727,1.0,winner,5582.700000000001,5551.5,43.29999999999927,4.299999999999272,81.70000000000073,0.09930715935333359,1.8868360277136744,54,0,8,0.012538735737184841,0.2848084260304089,-17.87365816447995,-29.015665063702613,-3.2047708856462322,0,9.43675754162905,2,MGC_v3
2026-01-30 05:50:00+01:00,2026-01-30 06:11:00+01:00,Short,Stop Loss,-226.24,1.0,loser,5237.6,5260.1,22.5,30.399999999999636,7.200000000000728,1.351111111111095,0.3200000000000323,3,0,5,0.001909271422032301,0.06491522834887249,31.46640357989353,-13.42090864106733,-14.663172273241083,1,59.141374535689465,1,MGC_v3
2026-01-30 16:55:00+01:00,2026-01-30 18:05:00+01:00,Short,Canal Exit,1107.7599999999964,1.0,winner,5073.1,4962.200000000001,69.19999999999982,0.3999999999996362,137.60000000000036,0.005780346820804007,1.988439306358392,10,1,16,0.05322189588221654,0.3922650844651307,20.9597985641764,-5.376626522943897,-0.4965831150626855,1,10.733716805829317,6,MGC_v3
2026-01-30 21:35:00+01:00,2026-01-30 21:56:00+01:00,Short,Auto-Close (profit),129.75999999999453,1.0,winner,4883.5,4870.400000000001,89.0,18.899999999999636,55.399999999999636,0.21235955056179368,0.6224719101123555,3,1,21,0.4300194532609809,0.769939592505364,-17.82189072583244,-19.08850090141322,-9.647053677268863,1,39.96891703746769,3,MGC_v3
2026-02-02 03:58:00+01:00,2026-02-02 07:21:00+01:00,Short,Canal Exit,2489.7599999999948,1.0,winner,4728.0,4478.900000000001,69.0,24.899999999999636,273.8000000000002,0.36086956521738606,3.968115942028988,29,0,3,0.040186125211498225,0.5372250423011767,25.21237317116645,-33.9299167707531,-6.644937222457874,1,37.46326592828518,2,MGC_v3
2026-02-02 14:21:00+01:00,2026-02-02 21:56:00+01:00,Short,Auto-Close (profit),849.7599999999945,1.0,winner,4762.7,4677.6,74.80000000000018,54.900000000000546,144.19999999999982,0.7339572192513424,1.9278074866310089,64,0,14,0.14907510445756322,1.009931341465983,32.378230859445566,-15.203609480593052,5.3454053842683305,0,28.724941155358465,3,MGC_v3
2026-02-03 00:07:00+01:00,2026-02-03 00:28:00+01:00,Long,Canal Exit,208.76,1.0,winner,4741.1,4762.1,74.60000000000036,3.2000000000007276,47.899999999999636,0.04289544235925887,0.6420911528150054,3,0,0,0.3121638438337133,1.1727236295374568,-12.218816635422037,19.649778032029992,-2.214992198573344,0,0.018203569792603957,3,MGC_v3
2026-02-03 10:51:00+01:00,2026-02-03 12:22:00+01:00,Long,Stop Loss,-305.24000000000547,1.0,loser,4938.700000000001,4908.3,30.400000000000546,34.100000000000364,14.49999999999909,1.1217105263157814,0.47697368421048786,13,0,10,0.14781217729362348,0.17615971814444728,-20.311837091681646,33.33363514285661,9.522614681469653,0,32.299232667712204,1,MGC_v3
2026-02-03 16:48:00+01:00,2026-02-03 17:37:00+01:00,Long,Canal Exit,508.76,1.0,winner,4956.0,5007.0,39.29999999999927,7.0,62.30000000000018,0.17811704834605926,1.5852417302799322,7,1,16,0.23405972558515667,0.31275221953188054,-17.876578082181982,3.9457920624995904,1.7060178498975005,0,2.9297194334885717,7,MGC_v3
2026-02-04 13:25:00+01:00,2026-02-04 15:31:00+01:00,Long,Stop Loss,-475.23999999999637,1.0,loser,5076.0,5028.6,47.399999999999636,50.0,11.300000000000182,1.0548523206751135,0.2383966244725795,18,2,13,0.09850275807722615,0.1182033096926714,12.023190161040127,14.430920290947181,-6.87596316588152,1,11.5250658955556,3,MGC_v3
2026-02-05 08:38:00+01:00,2026-02-05 09:13:00+01:00,Short,Stop Loss,-305.23999999999637,1.0,loser,4929.200000000001,4959.6,30.399999999999636,33.19999999999891,4.0000000000009095,1.0921052631578718,0.13157894736845255,5,0,8,0.12172360626470827,0.4219751683843257,20.86365108326246,-10.578226762310727,2.4594902137495565,1,9.816912147582116,2,MGC_v3
2026-02-05 15:45:00+01:00,2026-02-05 16:41:00+01:00,Long,Stop Loss,-614.2400000000018,1.0,loser,4888.1,4826.8,61.30000000000018,67.90000000000055,1.5,1.1076672104404623,0.024469820554649194,8,0,15,0.13911335692805346,0.679200507354592,-20.336893295864364,33.36660523740715,-10.891463803937231,1,4.668313462203514,2,MGC_v3
2026-02-05 19:08:00+01:00,2026-02-05 19:50:00+01:00,Short,Canal Exit,66.75999999999273,1.0,winner,4883.2,4876.400000000001,47.50000000000091,15.300000000000182,10.399999999999636,0.3221052631578924,0.2189473684210408,6,1,19,0.12287024901703801,0.20478374836173002,17.01913891761719,-12.73800687223483,-3.1872888961141697,1,0.6901265609158145,2,MGC_v3
2026-02-06 20:18:00+01:00,2026-02-06 21:56:00+01:00,Short,Auto-Close (profit),107.52,2.0,winner,4982.5,4977.0,9.600000000000364,4.300000000000182,22.300000000000182,0.44791666666666863,2.3229166666665977,14,0,20,0.0381334671349651,0.11640742599095379,25.454102065171746,-19.7948311981527,6.387415706556796,0,4.818301350705951,4,MGC_v3
2026-02-09 03:58:00+01:00,2026-02-09 05:01:00+01:00,Long,Canal Exit,48.76,1.0,winner,5035.700000000001,5040.700000000001,46.5,4.200000000000728,15.899999999999636,0.09032258064517694,0.3419354838709599,9,4,3,0.2184403360009532,0.2740433306193632,17.04078211794635,20.165925483091968,2.4152263131911496,0,1.2867485990973364,4,MGC_v3
2026-02-09 08:03:00+01:00,2026-02-09 11:19:00+01:00,Short,Canal Exit,207.76000000000545,1.0,winner,5042.200000000001,5021.3,25.399999999999636,19.99999999999909,50.50000000000091,0.7874015748031251,1.988188976378017,28,0,8,0.07536392844393681,0.2836063623021733,12.26338427213745,-8.035679932161305,5.931523913666219,0,4.082504572965263,3,MGC_v3
2026-02-09 12:29:00+01:00,2026-02-09 12:43:00+01:00,Long,Canal Exit,21.759999999992726,1.0,winner,5026.700000000001,5029.0,24.100000000000364,1.5000000000009095,7.799999999999272,0.062240663900451736,0.3236514522821226,2,0,12,0.06366005530466944,0.18501203572919156,-26.805092048071113,34.088950802979895,-3.9121076216920714,0,3.384619390944863,2,MGC_v3
2026-02-09 14:35:00+01:00,2026-02-09 15:17:00+01:00,Short,Canal Exit,-187.24000000000365,1.0,loser,5021.0,5039.6,26.100000000000364,21.0,4.399999999999636,0.8045977011494141,0.16858237547891092,6,2,14,0.16530571599283372,0.18522206731727112,23.800106957542937,-34.73579844507567,2.830561243414975,0,0.6404463224262145,2,MGC_v3
2026-02-09 19:43:00+01:00,2026-02-09 21:07:00+01:00,Long,Canal Exit,231.7600000000018,1.0,winner,5079.6,5102.900000000001,15.0,1.5,25.599999999999454,0.1,1.7066666666666304,12,0,19,0.009843294747617921,0.061028427435238286,-33.0040130495734,21.36077862208742,9.784238602623606,0,17.959637661824672,5,MGC_v3
2026-02-10 05:50:00+01:00,2026-02-10 06:11:00+01:00,Long,Canal Exit,-86.24,1.0,loser,5054.3,5045.8,13.099999999999454,10.100000000000364,3.399999999999636,0.7709923664122736,0.2595419847328075,3,0,5,0.007914053380282853,0.1563025542607213,16.160553616950867,26.95350868310673,-0.11090935279676728,0,0.8653347628060146,2,MGC_v3
2026-02-10 17:58:00+01:00,2026-02-10 18:12:00+01:00,Long,Canal Exit,72.75999999999637,1.0,winner,5048.700000000001,5056.1,21.400000000000546,5.100000000000364,8.599999999999454,0.23831775700935673,0.4018691588784689,2,0,17,0.05744052924514501,0.13864955335036744,-12.096201161909043,25.264074539755196,-1.938205569037116,0,0.974911702936879,1,MGC_v3
2026-02-11 08:45:00+01:00,2026-02-11 09:13:00+01:00,Short,Canal Exit,13.76,1.0,winner,5077.200000000001,5075.700000000001,16.199999999999818,6.799999999999272,3.3000000000010914,0.4197530864197129,0.20370370370377336,4,0,8,0.01772630583787414,0.1457496257779986,14.186755675499127,-18.62845485607182,-1.3901647246057975,1,0.4632253591407789,2,MGC_v3
2026-02-11 16:27:00+01:00,2026-02-11 18:05:00+01:00,Short,Stop Loss,-321.24,1.0,loser,5075.400000000001,5107.400000000001,32.0,32.399999999999636,13.400000000000546,1.0124999999999886,0.41875000000001705,14,0,16,0.09457382669344826,0.464987981242847,17.71804831506743,-19.352212376456624,-2.0543413394160823,1,5.041582399080653,2,MGC_v3
2026-02-11 19:08:00+01:00,2026-02-11 19:36:00+01:00,Short,Canal Exit,154.76000000000363,1.0,winner,5097.700000000001,5082.1,25.699999999999818,12.299999999999272,15.600000000000364,0.47859922178985836,0.6070038910506022,4,0,19,0.21970692665319297,0.3589854247994051,17.28004828228184,-22.168754490895704,-0.1906902531627864,1,5.837444982531451,1,MGC_v3
2026-02-12 15:24:00+01:00,2026-02-12 15:52:00+01:00,Short,Canal Exit,163.76,1.0,winner,5081.900000000001,5065.400000000001,24.800000000000182,12.99999999999909,20.50000000000091,0.5241935483870562,0.826612903225837,4,0,15,0.053129734941670004,0.09445286211852047,34.89183215032048,-28.049890229423156,-4.638159374402886,1,4.664380479234751,2,MGC_v3
2026-02-13 00:49:00+01:00,2026-02-13 01:03:00+01:00,Short,Stop Loss,-203.24000000000729,1.0,loser,4932.0,4952.200000000001,20.200000000000728,27.199999999999818,1.5,1.346534653465289,0.07425742574257159,2,1,0,0.006082725060830938,0.04055150040551501,24.072673849485888,-11.793073003781123,-10.228368646566873,1,6.016326038337866,1,MGC_v3
2026-02-13 04:54:00+01:00,2026-02-13 05:50:00+01:00,Long,Stop Loss,-178.47999999998544,2.0,loser,5000.5,4991.700000000001,8.799999999999272,8.800000000000182,15.800000000000182,1.0000000000001033,1.7954545454547146,8,0,4,0.023997600239972366,0.08999100089991001,-13.517950727934721,5.667026306655551,9.061966310864285,0,14.764433897418712,4,MGC_v3
2026-02-13 17:23:00+01:00,2026-02-13 21:56:00+01:00,Long,Auto-Close (profit),32.75999999999636,1.0,winner,5050.6,5054.0,55.30000000000018,23.0,18.799999999999272,0.41591320072332594,0.33996383363470545,39,0,17,0.4652912525244525,0.5682493169128564,-33.98848295644443,31.246502130183924,4.816729293682556,0,10.820484907666469,2,MGC_v3
2026-02-16 00:14:00+01:00,2026-02-16 04:33:00+01:00,Short,Canal Exit,356.7600000000018,1.0,winner,5046.3,5010.5,32.80000000000018,5.699999999999818,40.400000000000546,0.17378048780487154,1.2317073170731805,37,0,0,0.15060539405109413,0.31508233755425846,20.423042467825738,-21.54101898759274,-3.953119583969135,0,3.8079027728472283,1,MGC_v3
2026-02-16 08:03:00+01:00,2026-02-16 08:38:00+01:00,Short,Stop Loss,-224.96,4.0,loser,5016.700000000001,5022.200000000001,5.5,6.9999999999990905,3.8000000000010914,1.2727272727271073,0.6909090909092893,5,1,8,0.08770705842485371,0.13754061434807016,26.671368395489235,-0.07936728545981886,-4.360960452968376,1,10.45358164982099,2,MGC_v3
2026-02-17 04:19:00+01:00,2026-02-17 06:32:00+01:00,Short,Canal Exit,718.76,1.0,winner,4973.6,4901.6,17.300000000000182,5.799999999999272,99.60000000000036,0.33526011560689084,5.7572254335259725,19,0,4,0.09852018658516237,0.1628599002734328,-14.60379836517096,-29.117329938334052,-5.7702040068625395,1,9.140938421098326,3,MGC_v3
2026-02-17 12:15:00+01:00,2026-02-17 13:32:00+01:00,Long,Canal Exit,119.75999999999455,1.0,winner,4948.200000000001,4960.3,21.900000000000546,7.700000000000728,15.699999999998909,0.3515981735160062,0.7168949771688821,11,0,12,0.06062810719049352,0.18592619538417643,-38.40322671412589,30.6360205197509,3.295095690382651,0,8.048479810555364,2,MGC_v3
2026-02-17 21:00:00+01:00,2026-02-17 21:14:00+01:00,Short,Canal Exit,20.760000000007278,1.0,winner,4895.900000000001,4893.7,35.19999999999982,3.4999999999990905,4.200000000000728,0.09943181818179286,0.11931818181820311,2,3,21,0.05514818521621617,0.10825384505402853,-19.11412003911888,-20.926926860817183,-8.289455092952034,0,7.285889096103347,1,MGC_v3
2026-02-19 02:41:00+01:00,2026-02-19 06:18:00+01:00,Long,Canal Exit,373.5200000000036,2.0,winner,4988.5,5007.3,11.0,3.699999999999818,23.5,0.3363636363636198,2.1363636363636362,31,0,2,0.01804149543950358,0.09421669840633093,-25.864015761663737,21.01373717209451,1.1111522264982212,1,2.0838446962061425,3,MGC_v3
2026-02-19 15:10:00+01:00,2026-02-19 15:45:00+01:00,Short,Stop Loss,-192.23999999999455,1.0,loser,4999.900000000001,5019.0,19.099999999999454,19.799999999999272,17.800000000000182,1.0366492146596773,0.9319371727749053,5,1,15,0.024000480009596557,0.19800396007919435,39.41238759353618,-10.940920864780693,-9.331638802729863,1,5.383859204754117,3,MGC_v3
2026-02-20 19:22:00+01:00,2026-02-20 19:57:00+01:00,Short,Stop Loss,-149.24000000000183,1.0,loser,5082.8,5097.6,14.800000000000182,15.899999999999636,4.300000000000182,1.0743243243242866,0.2905405405405493,5,0,19,0.07869678130164476,0.15345872353821086,32.202508398134,-22.436711144192405,1.468939707626646,0,2.1090193905329215,1,MGC_v3
2026-02-23 07:56:00+01:00,2026-02-23 08:24:00+01:00,Short,Canal Exit,100.75999999999819,1.0,winner,5166.0,5155.8,17.600000000000364,10.100000000000364,19.899999999999636,0.5738636363636451,1.1306818181817742,4,1,7,0.03871467286101432,0.14905149051490163,28.05942235071263,-31.167741092048203,-13.075086401561155,0,2.2952772772732715,1,MGC_v3
2026-02-23 12:15:00+01:00,2026-02-23 13:39:00+01:00,Short,Stop Loss,-154.24000000000183,1.0,loser,5169.5,5184.8,15.300000000000182,16.100000000000364,3.699999999999818,1.0522875816993578,0.24183006535946236,12,1,12,0.09285230679950057,0.19150788277395564,22.63205064573953,-14.422883798186607,2.9342101485687566,1,5.176873911124858,3,MGC_v3
2026-02-24 00:07:00+01:00,2026-02-24 00:56:00+01:00,Long,Stop Loss,-217.24000000000365,1.0,loser,5262.400000000001,5240.8,21.600000000000364,26.100000000000364,6.399999999999636,1.20833333333333,0.29629629629627446,7,1,0,0.026603830951650125,0.28314077227120016,-10.877065721119905,13.665116853473425,19.016064019683448,0,3.248151611389403,2,MGC_v3
2026-02-24 01:03:00+01:00,2026-02-24 08:38:00+01:00,Short,Canal Exit,477.75999999999635,1.0,winner,5247.0,5199.1,22.400000000000546,10.800000000000182,83.10000000000036,0.48214285714285354,3.709821428571354,65,0,1,0.14484467314656688,0.46502763483896603,27.2359825663803,-27.363561937306326,14.098786349800468,0,4.24391400539389,1,MGC_v3
2026-02-24 17:51:00+01:00,2026-02-24 18:05:00+01:00,Short,Stop Loss,-152.24000000000365,1.0,loser,5158.3,5173.400000000001,15.100000000000364,16.800000000000182,1.5,1.112582781456939,0.09933774834436847,2,3,17,0.05234282612488258,0.1861078262218243,32.29599594756008,-12.6276281616332,0.9002652704789356,1,2.4183284767204896,1,MGC_v3
2026-02-24 21:21:00+01:00,2026-02-24 21:56:00+01:00,Long,Auto-Close (loss),-41.24,1.0,loser,5185.700000000001,5181.700000000001,21.800000000000182,9.700000000000728,5.799999999999272,0.4449541284403966,0.266055045871524,5,1,21,0.19476637676686764,0.4165300730855903,-16.949379911118893,10.759294815332261,1.0103836539337891,0,4.305282980591073,3,MGC_v3
2026-02-25 05:22:00+01:00,2026-02-25 06:53:00+01:00,Long,Canal Exit,367.52,2.0,winner,5202.700000000001,5221.200000000001,12.800000000000182,4.300000000001091,27.099999999999454,0.3359375000000805,2.117187499999927,13,3,5,0.0019220789205499898,0.06919484114016672,-10.222000830579216,15.224235284335471,5.581438601862864,0,8.578534316877267,3,MGC_v3
2026-02-25 14:42:00+01:00,2026-02-25 15:38:00+01:00,Short,Canal Exit,922.3199999999491,7.0,winner,5206.5,5193.200000000002,3.5,3.399999999999636,29.399999999999636,0.9714285714284675,8.399999999999896,8,0,14,0.07682704311917794,0.1555747623163249,25.837270896004803,-6.843163280938263,-1.5646903239023415,1,5.847218284965493,1,MGC_v3
2026-02-26 01:03:00+01:00,2026-02-26 01:24:00+01:00,Short,Stop Loss,-185.24000000000547,1.0,loser,5177.5,5195.900000000001,18.400000000000546,20.899999999999636,1.8999999999996362,1.1358695652173378,0.10326086956519456,3,0,1,0.0019314340898187116,0.14099468855625655,11.054407167887756,-21.32642645484393,-18.626108204882815,1,7.3154666800091945,1,MGC_v3
2026-02-26 04:54:00+01:00,2026-02-26 06:04:00+01:00,Long,Canal Exit,14.759999999994543,1.0,winner,5209.400000000001,5211.0,20.400000000000546,3.7000000000007276,5.799999999999272,0.18137254901963865,0.2843137254901528,10,5,4,0.06910584712249884,0.1650861903482062,-13.305551089715742,9.783712736953241,10.30660555757129,1,1.5010106969966728,3,MGC_v3
2026-02-26 14:42:00+01:00,2026-02-26 15:24:00+01:00,Short,Canal Exit,220.75999999999817,1.0,winner,5183.900000000001,5161.700000000001,20.300000000000182,4.799999999999272,28.800000000000182,0.2364532019704054,1.4187192118226564,6,1,14,0.05401338760393106,0.12731727078069338,-14.956993647958017,-17.949007462245216,-7.473668542093743,0,0.21355570036030258,2,MGC_v3
2026-02-26 16:41:00+01:00,2026-02-26 17:30:00+01:00,Long,Canal Exit,-1.24,1.0,loser,5199.6,5199.6,54.5,10.200000000000728,10.699999999999818,0.18715596330276565,0.19633027522935445,7,0,16,0.31925532733287876,0.6346642049388413,-13.072632600991751,19.83542686553346,-1.604028929151042,0,2.5926344135568797,3,MGC_v3
2026-02-27 01:45:00+01:00,2026-02-27 02:55:00+01:00,Short,Stop Loss,-202.24000000000365,1.0,loser,5191.5,5211.6,20.100000000000364,22.300000000000182,8.800000000000182,1.109452736318397,0.43781094527363296,10,0,1,0.001926225561020202,0.013483578927088858,17.174287706919667,-29.59731334563104,-13.90152136508325,0,0.7791225142154872,2,MGC_v3
2026-03-02 19:01:00+01:00,2026-03-02 19:57:00+01:00,Short,Stop Loss,-253.2399999999982,1.0,loser,5309.6,5334.8,25.199999999999818,26.399999999999636,6.600000000000364,1.0476190476190408,0.26190476190477824,8,0,19,0.20528853397618718,0.23730601175228744,26.900822714801315,-19.00811444966374,-14.829331398156825,1,23.674710570638126,2,MGC_v3
2026-03-03 00:14:00+01:00,2026-03-03 01:59:00+01:00,Long,Canal Exit,283.76,1.0,winner,5349.0,5377.5,14.099999999999454,6.300000000000182,30.600000000000364,0.44680851063832805,2.1702127659575567,15,0,0,0.0803888577304203,0.08599738268835976,-30.650115515087577,16.151957261401986,8.700089233570186,0,11.41289827093351,2,MGC_v3
2026-03-03 14:42:00+01:00,2026-03-03 17:02:00+01:00,Short,Canal Exit,244.75999999999453,1.0,winner,5149.3,5124.700000000001,87.60000000000036,36.69999999999982,144.30000000000018,0.4189497716894939,1.6472602739725979,20,1,14,0.38840230710970425,0.7806886372905196,-13.88411944471762,-18.062493485739544,-5.708794217216385,1,14.688235959109079,2,MGC_v3
2026-03-05 14:00:00+01:00,2026-03-05 14:21:00+01:00,Short,Canal Exit,442.76000000000545,1.0,winner,5164.900000000001,5120.5,17.800000000000182,5.599999999999454,79.30000000000018,0.31460674157299984,4.455056179775245,3,0,14,0.16263625626828296,0.1761892776239688,25.40335272641989,-31.85931613223485,-6.976683457151613,0,0.3385951739237498,3,MGC_v3
2026-03-05 21:21:00+01:00,2026-03-05 21:56:00+01:00,Long,Auto-Close (loss),-62.239999999994545,1.0,loser,5092.5,5086.400000000001,29.099999999999454,10.100000000000364,3.5,0.3470790378007063,0.12027491408934933,5,0,21,0.06872852233676977,0.2336769759450279,-21.68019776444956,30.421402869817715,-1.9409694607070989,1,4.844460661546691,1,MGC_v3
2026-03-06 05:50:00+01:00,2026-03-06 05:57:00+01:00,Long,Stop Loss,-257.9200000000291,8.0,loser,5139.1,5136.0,3.100000000000364,4.300000000000182,0.1999999999998181,1.3870967741934443,0.06451612903219181,1,5,5,0.05837598023000135,0.0719970422836648,-20.21272506170827,0.8063297477823967,18.145983463449816,0,10.061378793183394,1,MGC_v3
2026-03-06 12:50:00+01:00,2026-03-06 14:28:00+01:00,Short,Stop Loss,-346.24,1.0,loser,5075.0,5109.5,34.5,59.30000000000018,1.800000000000182,1.7188405797101503,0.05217391304348353,14,0,12,0.37635467980296283,0.4689655172413829,21.528185640978112,-27.029467289832315,-24.614222559748757,1,8.548195279006904,1,MGC_v3
2026-03-06 19:08:00+01:00,2026-03-06 20:18:00+01:00,Long,Canal Exit,221.7600000000018,1.0,winner,5154.5,5176.8,16.299999999999272,2.5,29.800000000000182,0.15337423312884121,1.8282208588957982,10,4,19,0.00970026190707149,0.10088272383353997,-24.029418392829847,2.525158017992272,10.000132034887267,0,8.852918530006718,6,MGC_v3
2026-03-08 23:35:00+01:00,2026-03-09 05:53:00+01:00,Short,Canal Exit,303.76,1.0,winner,5126.6,5096.1,83.10000000000036,19.399999999999636,105.80000000000018,0.23345367027676958,1.2731648616125117,54,2,0,0.6417508680216837,0.6554051418093757,-14.244460332371307,-20.418209026176388,-8.527708884023985,0,14.49433498417784,2,MGC_v3
2026-03-09 13:07:00+01:00,2026-03-09 13:28:00+01:00,Long,Canal Exit,118.76,1.0,winner,5105.200000000001,5117.200000000001,19.100000000000364,2.9000000000005457,15.199999999998909,0.15183246073300996,0.795811518324535,3,0,14,0.04309331661834636,0.18216720206848278,-10.210155998298209,29.822181703601856,5.859185024877656,0,3.017825017843279,3,MGC_v3
2026-03-09 18:01:00+01:00,2026-03-09 19:32:00+01:00,Short,Stop Loss,-214.47999999998908,2.0,loser,5109.200000000001,5119.8,10.599999999999454,16.899999999999636,11.50000000000091,1.5943396226415572,1.0849056603775002,13,0,19,0.07437563610741764,0.07633288968919881,25.090213161548235,-12.531943571437719,0.845034935220292,1,4.015902963335975,3,MGC_v3
2026-03-10 01:27:00+01:00,2026-03-10 02:16:00+01:00,Short,Stop Loss,-299.2400000000018,1.0,loser,5136.3,5166.1,29.800000000000182,35.19999999999982,2.699999999999818,1.181208053691262,0.09060402684563093,7,0,2,0.09734633880419756,0.13433794754978556,-15.357772097594042,-34.63609761096727,-9.242786531746347,0,8.212823021691293,1,MGC_v3
2026-03-10 04:08:00+01:00,2026-03-10 04:29:00+01:00,Short,Canal Exit,42.760000000005455,1.0,winner,5174.700000000001,5170.3,19.799999999999272,4.299999999999272,6.600000000000364,0.2171717171716884,0.33333333333336396,3,0,5,0.10821883394207131,0.21450518870659874,14.467992920093161,-31.892362122294642,8.390611348163473,0,2.416895823276718,1,MGC_v3
2026-03-11 07:38:00+01:00,2026-03-11 08:41:00+01:00,Short,Canal Exit,33.76,1.0,winner,5202.700000000001,5199.200000000001,15.799999999999272,7.099999999999454,10.50000000000091,0.44936708860758107,0.6645569620254046,9,0,8,0.12685720875699857,0.21527283910278755,27.57371634603422,-17.206273093745246,-11.177277337984231,1,2.3363375491735496,2,MGC_v3
2026-03-11 11:36:00+01:00,2026-03-11 13:28:00+01:00,Short,Stop Loss,-194.23999999999273,1.0,loser,5185.700000000001,5205.0,19.299999999999272,22.799999999999272,2.7000000000007276,1.1813471502590742,0.13989637305703778,16,1,12,0.06942167884760715,0.28154347532638535,11.596935579463821,-25.551237171015114,-8.10615000419342,1,3.16904911081474,2,MGC_v3
2026-03-11 13:35:00+01:00,2026-03-11 14:31:00+01:00,Short,Canal Exit,76.75999999999273,1.0,winner,5185.5,5177.700000000001,23.100000000000364,5.600000000000364,16.5,0.24242424242425437,0.7142857142857031,8,0,14,0.06749590203451933,0.23527142994889247,27.076546759980605,-10.72341574059805,-2.3155399996798236,1,3.333287411276615,3,MGC_v3
2026-03-12 03:40:00+01:00,2026-03-12 04:29:00+01:00,Short,Canal Exit,29.76000000000364,1.0,winner,5158.1,5155.0,22.699999999999818,2.399999999999636,7.5,0.10572687224668086,0.33039647577092773,7,1,4,0.14734107520209871,0.34702700606811876,31.46023621750705,-32.92785361070441,8.459258360790859,1,5.576561090074392,2,MGC_v3
2026-03-12 14:31:00+01:00,2026-03-12 14:45:00+01:00,Short,Canal Exit,69.76000000000364,1.0,winner,5170.400000000001,5163.3,22.300000000000182,3.399999999999636,12.100000000000364,0.15246636771298694,0.5426008968609984,2,0,15,0.054154417453198635,0.061890762803665636,41.9101502288682,-28.604857586131608,-8.283503852922891,1,1.4111540106241591,2,MGC_v3
2026-03-13 06:56:00+01:00,2026-03-13 07:03:00+01:00,Short,Canal Exit,-78.72,3.0,loser,5106.6,5109.1,8.300000000000182,4.699999999999818,0.0,0.5662650602409295,0.0,1,1,7,0.10966200603141744,0.1782007598010489,22.141338767700926,-27.45074956077826,-22.007215518402912,0,0.20005982956536172,1,MGC_v3
2026-03-13 14:31:00+01:00,2026-03-13 20:56:00+01:00,Short,Auto-Close (profit),879.7600000000036,1.0,winner,5110.1,5022.0,18.399999999999636,13.099999999999454,95.80000000000018,0.7119565217391148,5.206521739130547,55,0,15,0.0430519950685861,0.156552709340326,24.676055521290714,-32.120926847654765,-0.4864963026869461,0,2.038033920674934,1,MGC_v3
2026-03-15 23:28:00+01:00,2026-03-16 01:20:00+01:00,Short,Canal Exit,-64.24000000000181,1.0,loser,5018.900000000001,5025.200000000001,16.399999999999636,13.799999999999272,48.50000000000091,0.8414634146341207,2.9573170731708527,16,1,0,0.04781924326046816,0.17334475681921974,13.658626669394252,-6.419951879972255,-20.777410200098036,1,4.7356249082695285,2,MGC_v3
2026-03-17 04:22:00+01:00,2026-03-17 06:56:00+01:00,Long,Stop Loss,-244.48000000000727,2.0,loser,5036.200000000001,5024.1,12.100000000000364,13.00000000000091,13.199999999998909,1.074380165289299,1.0909090909089678,22,0,5,0.07545371510266037,0.19657678408323015,-13.21374774966818,19.78357690453581,2.188269199042459,0,0.7090031591560546,2,MGC_v3
2026-03-17 19:32:00+01:00,2026-03-17 20:56:00+01:00,Short,Auto-Close (profit),44.280000000010915,3.0,winner,5006.6,5005.0,7.300000000000182,5.5,6.200000000000728,0.7534246575342278,0.8493150684932292,12,4,20,0.0339551791635187,0.15379698797588637,19.327507782822302,-15.101917902771604,-4.154606036787115,1,2.5014605650285375,2,MGC_v3
2026-03-17 23:28:00+01:00,2026-03-18 00:38:00+01:00,Short,Canal Exit,-96.48000000001456,2.0,loser,5001.5,5006.200000000001,11.400000000000546,6.600000000000364,4.800000000000182,0.5789473684210569,0.4210526315789432,10,0,0,0.09997000899730081,0.09997000899730081,17.161084058447585,-19.56678446662356,-9.220591566461442,0,0.5523899256368168,2,MGC_v3
2026-03-18 00:45:00+01:00,2026-03-18 00:59:00+01:00,Long,Canal Exit,516.32,7.0,winner,5006.0,5013.5,3.699999999999818,1.1000000000003638,10.399999999999636,0.2972972972974102,2.8108108108108505,2,0,1,0.00599280862964806,0.01198561725929612,11.290242797368848,16.97763184259501,-9.22941002497228,1,0.23262127503221564,1,MGC_v3
2026-03-18 11:57:00+01:00,2026-03-18 19:25:00+01:00,Short,Canal Exit,771.7600000000018,1.0,winner,4963.5,4886.2,36.5,14.0,127.0,0.3835616438356164,3.4794520547945207,64,4,12,0.1752795406467174,0.34048554447465773,-13.90050990475854,-17.542210948133757,-28.68097609696533,0,11.153932428220287,2,MGC_v3
2026-03-19 04:50:00+01:00,2026-03-19 13:42:00+01:00,Short,Canal Exit,3138.76,1.0,winner,4852.8,4538.8,14.399999999999636,2.800000000000182,319.40000000000055,0.194444444444462,22.180555555556154,76,0,5,0.08448730629738406,0.09891196834815515,20.256276412229816,-34.88445844393007,4.804245208789622,0,4.514776569614696,1,MGC_v3
2026-03-19 18:29:00+01:00,2026-03-19 19:39:00+01:00,Long,Canal Exit,87.75999999999637,1.0,winner,4604.1,4613.0,27.400000000000546,5.800000000000182,29.5,0.21167883211679075,1.076642335766402,10,0,19,0.019547794357195458,0.05647140592079786,-11.045304300397396,21.030471737284024,4.116964533635032,0,3.7931390243393253,2,MGC_v3
2026-03-20 14:10:00+01:00,2026-03-20 15:13:00+01:00,Short,Canal Exit,825.7599999999982,1.0,winner,4658.5,4575.8,38.400000000000546,12.300000000000182,95.60000000000036,0.32031250000000017,2.4895833333333073,9,2,15,0.152409573897185,0.28549962434260345,-12.546013585701795,-17.349003729961197,-5.71370288023674,1,1.504459977892111,3,MGC_v3
2026-03-20 18:22:00+01:00,2026-03-20 19:53:00+01:00,Short,Canal Exit,759.7599999999945,1.0,winner,4577.2,4501.1,38.70000000000073,3.9000000000005457,99.19999999999982,0.10077519379846182,2.5633074935399986,13,1,19,0.017477934108192386,0.15730140697371162,13.0546628978654,-11.063454104123023,-15.412599576616945,1,23.817414020992146,3,MGC_v3
2026-03-23 20:07:00+01:00,2026-03-23 20:56:00+01:00,Short,Auto-Close (profit),119.76000000000364,1.0,winner,4412.3,4400.2,57.600000000000364,17.699999999999818,25.400000000000546,0.3072916666666616,0.4409722222222289,7,0,21,0.49407338576253157,0.8725607959567573,35.90564011933729,-27.703035820161897,1.2093717759192741,1,26.808823839244724,3,MGC_v3
2026-03-24 16:58:00+01:00,2026-03-24 17:47:00+01:00,Short,Canal Exit,-159.23999999999273,1.0,loser,4407.900000000001,4423.7,26.899999999999636,20.899999999999636,5.100000000000364,0.7769516728624505,0.1895910780669306,7,1,17,0.07940289026520567,0.39474579731846343,21.85825195011635,-14.871067244431028,4.237199119493253,1,8.205821520514291,2,MGC_v3
2026-03-25 00:10:00+01:00,2026-03-25 07:45:00+01:00,Long,Canal Exit,475.7599999999982,1.0,winner,4500.900000000001,4548.6,42.80000000000018,7.5000000000009095,100.69999999999982,0.1752336448598336,2.3528037383177427,65,0,1,0.3976982381301437,0.4399120175964848,-13.42905547737804,32.5108475703846,19.547400688758437,0,7.85382196255523,4,MGC_v3
2026-03-25 13:21:00+01:00,2026-03-25 13:35:00+01:00,Short,Canal Exit,27.76000000000546,1.0,winner,4551.1,4548.2,34.69999999999982,2.399999999999636,31.100000000000364,0.06916426512967287,0.8962536023054907,2,0,14,0.29223704159432384,0.5581068313154981,39.98456281683218,-29.035642099595897,-4.167855718768925,1,4.8343556038289535,2,MGC_v3
2026-03-25 17:05:00+01:00,2026-03-25 17:54:00+01:00,Short,Canal Exit,10.75999999999818,1.0,winner,4555.8,4554.6,22.100000000000364,3.699999999999818,12.5,0.16742081447962703,0.5656108597284975,7,4,18,0.0351200667281148,0.1185302252074199,27.21092005197767,-1.515932828699908,-8.208692790796125,1,0.7258556572360249,2,MGC_v3
2026-03-25 18:57:00+01:00,2026-03-25 19:25:00+01:00,Short,Canal Exit,-69.24000000000181,1.0,loser,4546.2,4553.0,20.700000000000728,12.100000000000364,2.399999999999636,0.5845410628019294,0.1159420289854856,4,1,19,0.021996392591614976,0.2683559896177187,33.71831815552582,-18.731326091169862,-9.236674323332123,1,0.9381117175926192,3,MGC_v3
2026-03-26 12:46:00+01:00,2026-03-26 14:17:00+01:00,Short,Canal Exit,-255.24000000000547,1.0,loser,4421.7,4447.1,31.800000000000182,29.600000000000364,8.5,0.9308176100628992,0.2672955974842752,13,0,13,0.3935138069068581,0.5156387814641674,24.370339230950382,-21.758562549336848,-14.211043829440666,1,9.022551278672836,3,MGC_v3
2026-03-26 14:24:00+01:00,2026-03-26 14:38:00+01:00,Long,Canal Exit,79.76000000000364,1.0,winner,4442.5,4450.6,25.099999999999454,16.600000000000364,15.5,0.6613545816733356,0.6175298804781011,2,1,15,0.10129431626336523,0.3444006752954459,-16.6327778568999,29.42434312131877,-5.817253025025428,1,1.2940887469158042,1,MGC_v3
2026-03-26 16:23:00+01:00,2026-03-26 20:56:00+01:00,Short,Auto-Close (profit),896.7599999999927,1.0,winner,4451.2,4361.400000000001,25.900000000000546,0.0,95.5,0.0,3.6872586872586095,39,0,17,0.049424874191225245,0.17972681524083392,-14.584334602078613,-14.688022409121709,-7.633104676074092,0,1.7899118325767631,5,MGC_v3
2026-03-27 01:06:00+01:00,2026-03-27 01:20:00+01:00,Long,Stop Loss,-188.24000000000729,1.0,loser,4402.400000000001,4383.7,18.700000000000728,25.300000000000182,0.0,1.3529411764705452,0.0,2,0,2,0.009085953116494315,0.10675994911867909,-25.855087658519658,27.268437113424802,13.120806915957825,0,1.9275657737016445,1,MGC_v3
2026-03-27 11:29:00+01:00,2026-03-27 13:49:00+01:00,Short,Stop Loss,-145.24000000000547,1.0,loser,4419.0,4433.400000000001,14.400000000000546,19.199999999999818,20.0,1.3333333333332702,1.3888888888888362,20,0,12,0.14709210228558497,0.22629554197782306,-16.779334514614185,-20.172216347857383,-24.62548359785201,1,2.541106213999228,4,MGC_v3
2026-03-27 14:24:00+01:00,2026-03-27 14:59:00+01:00,Short,Stop Loss,-236.24,1.0,loser,4415.900000000001,4439.400000000001,23.5,37.899999999999636,7.700000000000728,1.612765957446793,0.32765957446811605,5,0,15,0.17663443465658604,0.2853325482914098,34.45014150893231,-26.78369196751715,-2.6457967041063823,1,10.834470361312924,2,MGC_v3
2026-03-27 15:06:00+01:00,2026-03-27 20:35:00+01:00,Long,Canal Exit,512.7600000000054,1.0,winner,4451.7,4503.1,43.599999999999454,4.800000000000182,100.80000000000018,0.1100917431192716,2.3119266055046204,47,0,16,0.03818765864725426,0.7412898443291123,-23.26962753411238,27.87538097741833,9.79498258596259,1,2.746775974501361,2,MGC_v3
2026-03-30 00:14:00+02:00,2026-03-30 00:28:00+02:00,Long,Canal Exit,15.75999999999818,1.0,winner,4531.5,4533.2,44.5,4.699999999999818,7.5,0.1056179775280858,0.16853932584269662,2,0,0,0.3883923645592048,0.7392695575416529,-27.403129797135616,21.816016103020452,19.207993621886313,0,2.344056122301481,2,MGC_v3
2026-03-30 01:24:00+02:00,2026-03-30 05:15:00+02:00,Short,Stop Loss,-400.24000000000547,1.0,loser,4499.2,4539.1,39.900000000000546,40.19999999999982,53.80000000000018,1.0075187969924628,1.3483709273182818,33,1,1,0.055565433854907545,0.21337126600283282,-17.72533213020506,-19.41703560271416,8.948657291197128,0,4.665209012471678,4,MGC_v3
2026-03-30 19:01:00+02:00,2026-03-30 19:43:00+02:00,Short,Canal Exit,160.75999999999817,1.0,winner,4563.3,4547.1,24.100000000000364,2.199999999999818,19.0,0.09128630705393298,0.7883817427385773,6,2,19,0.14463217408453213,0.2103740713956885,14.063361817409675,-5.145120115405696,-11.558372796568609,1,2.9841222443283186,3,MGC_v3
2026-03-31 00:14:00+02:00,2026-03-31 01:59:00+02:00,Short,Stop Loss,-182.24000000000365,1.0,loser,4535.0,4553.1,18.100000000000364,21.199999999999818,14.800000000000182,1.1712707182320106,0.8176795580110433,15,1,0,0.09922822491730982,0.26901874310914703,33.04161365987194,-3.3100384922304364,-8.202367089814825,1,8.13295339848446,2,MGC_v3
2026-03-31 02:20:00+02:00,2026-03-31 02:34:00+02:00,Short,Stop Loss,-258.2399999999982,1.0,loser,4530.900000000001,4556.6,25.699999999999818,29.099999999999454,2.100000000000364,1.1322957198443449,0.08171206225682408,2,0,2,0.15890882606104348,0.6378423712728075,29.715915634356506,-15.778578561982538,1.357414617710397,1,4.2438679069928185,1,MGC_v3
2026-03-31 10:02:00+02:00,2026-03-31 12:36:00+02:00,Long,Stop Loss,-286.24,1.0,loser,4600.5,4572.0,28.5,38.100000000000364,5.0,1.3368421052631707,0.17543859649122806,22,0,10,0.16519943484404662,0.2369307683947318,-21.246730010799027,33.34220336007963,3.2827021064004454,1,2.7385881263435294,1,MGC_v3
2026-03-31 13:18:00+02:00,2026-03-31 13:39:00+02:00,Long,Canal Exit,156.75999999999271,1.0,winner,4606.400000000001,4622.2,47.5,7.200000000000728,17.49999999999909,0.15157894736843638,0.3684210526315598,3,0,13,0.27570336922542155,0.6925147620701554,-20.225143138560174,34.33609493148589,4.93753571297438,0,3.859145376174638,3,MGC_v3
2026-03-31 18:26:00+02:00,2026-03-31 19:50:00+02:00,Long,Canal Exit,715.5199999999927,2.0,winner,4649.3,4685.2,12.300000000000182,3.699999999999818,49.30000000000018,0.30081300813006207,4.008130081300768,12,1,18,0.027961198459987135,0.07743101111996135,-22.41118202147739,11.795733687906509,9.636603199223217,0,9.761764524590035,3,MGC_v3
2026-04-01 00:35:00+02:00,2026-04-01 01:52:00+02:00,Long,Canal Exit,82.75999999999637,1.0,winner,4719.1,4727.5,30.800000000000182,30.0,9.699999999999818,0.9740259740259682,0.3149350649350572,11,2,0,0.38354771036851015,0.38566675849210075,-14.180923657337146,8.532650056549196,4.338027177730528,0,8.761743984872737,1,MGC_v3
2026-04-01 05:08:00+02:00,2026-04-01 05:57:00+02:00,Long,Stop Loss,-226.47999999999635,2.0,loser,4715.7,4704.5,11.199999999999818,12.899999999999636,4.699999999999818,1.1517857142857004,0.4196428571428477,7,0,5,0.048773246813838496,0.09330534173080637,-29.97164965616241,20.001257348846767,9.736569629344062,0,9.848285635562206,2,MGC_v3
2026-04-01 10:16:00+02:00,2026-04-01 13:53:00+02:00,Long,Canal Exit,228.76,1.0,winner,4757.5,4780.5,22.0,17.300000000000182,33.80000000000018,0.7863636363636446,1.5363636363636446,31,0,10,0.1723594324750356,0.18917498686284812,-23.80077135261213,5.517286961764723,8.824315557370346,0,5.788552797373995,3,MGC_v3
2026-04-02 02:48:00+02:00,2026-04-02 08:52:00+02:00,Short,Canal Exit,3833.5200000000036,2.0,winner,4813.8,4622.0,10.699999999999818,1.5,233.5,0.14018691588785284,21.82242990654243,52,3,2,0.03946985749303328,0.14126054260667625,24.897479056942466,-0.43751277917330444,9.084795764465934,0,2.4892806826646847,6,MGC_v3
2026-04-02 12:43:00+02:00,2026-04-02 13:39:00+02:00,Long,Stop Loss,-258.2400000000073,1.0,loser,4654.900000000001,4629.2,25.700000000000728,33.20000000000073,1.7999999999992724,1.2918287937743107,0.07003891050580628,8,0,12,0.04296547723903844,0.27497905432984987,-13.447478932226984,18.82069786010348,8.7059937719231,0,5.4695391371242295,2,MGC_v3
2026-04-02 13:46:00+02:00,2026-04-02 15:45:00+02:00,Short,Stop Loss,-285.23999999999637,1.0,loser,4629.400000000001,4657.8,28.399999999999636,35.899999999999636,24.00000000000091,1.2640845070422568,0.8450704225352541,17,1,13,0.09288460707649528,0.47522357108912605,25.85625912983183,-32.45061642944894,-7.728958404045881,0,5.290476698492057,1,MGC_v3
2026-04-02 17:44:00+02:00,2026-04-02 18:05:00+02:00,Short,Canal Exit,48.76,1.0,winner,4682.400000000001,4677.400000000001,44.19999999999982,11.99999999999909,9.400000000000546,0.2714932126696638,0.21266968325793179,3,1,17,0.16871689731762657,0.3630616777720827,-13.043368249251275,-16.567355304357505,10.77088010221268,0,7.433519116326352,3,MGC_v3
2026-04-06 17:09:00+02:00,2026-04-06 19:08:00+02:00,Short,Canal Exit,40.75999999999818,1.0,winner,4683.7,4679.5,40.30000000000018,14.300000000000182,13.599999999999454,0.35483870967742226,0.3374689826302579,17,0,17,0.2412622499306143,0.44195828084633554,25.341640550358214,-34.998635178792455,4.051869260413599,1,7.342547804011701,1,MGC_v3
2026-04-06 20:39:00+02:00,2026-04-06 21:56:00+02:00,Short,Auto-Close (loss),-42.24000000000364,1.0,loser,4678.5,4682.6,15.699999999999818,8.100000000000364,5.899999999999636,0.5159235668790101,0.37579617834393025,11,0,20,0.03419899540451777,0.25008015389547544,20.479055429709106,-14.298465610348492,0.4852296516554489,1,4.813422635894312,2,MGC_v3
2026-04-07 02:27:00+02:00,2026-04-07 02:55:00+02:00,Long,Stop Loss,-222.48,2.0,loser,4686.6,4675.6,11.0,33.600000000000364,3.0999999999994543,3.0545454545454875,0.28181818181813223,4,0,2,0.010668715059958178,0.03413988819187393,-28.18979061832615,30.720237197099767,-5.251053098033376,0,0.8250636459360976,1,MGC_v3
2026-04-07 21:21:00+02:00,2026-04-07 21:56:00+02:00,Long,Auto-Close (profit),122.75999999999637,1.0,winner,4714.6,4727.0,31.400000000000546,6.600000000000364,30.899999999999636,0.2101910828025557,0.9840764331209905,5,1,21,0.2757391931446994,1.0308403682178648,-37.135693922485515,19.35981259522292,10.07097131205096,0,9.349305157298659,2,MGC_v3
2026-04-08 03:58:00+02:00,2026-04-08 07:49:00+02:00,Long,Canal Exit,167.75999999999635,1.0,winner,4845.900000000001,4862.8,28.900000000000546,26.400000000000546,26.199999999999818,0.913494809688583,0.9065743944636444,33,2,3,0.16302441238984783,0.26620442023152846,-17.160487075765925,26.003959130310264,4.990129335245217,0,31.45207283142372,2,MGC_v3
2026-04-08 19:15:00+02:00,2026-04-08 20:46:00+02:00,Short,Canal Exit,883.5200000000036,2.0,winner,4778.8,4734.5,12.899999999999636,1.300000000000182,51.0,0.10077519379846656,3.9534883720931346,13,0,19,0.16531346781618056,0.19460952540385185,33.55395683181037,-12.888498076713022,-11.877536604756546,1,12.105132842078092,4,MGC_v3
2026-04-09 07:56:00+02:00,2026-04-09 08:03:00+02:00,Short,Canal Exit,-54.72000000002183,3.0,loser,4742.2,4743.900000000001,7.900000000000546,7.600000000000364,0.0999999999994543,0.9620253164556758,0.012658227848031316,1,0,7,0.20876386487283616,0.4238539074690957,17.563317708259277,-10.773431157099395,-3.9742078633832407,1,0.8440909733308217,1,MGC_v3
2026-04-09 12:22:00+02:00,2026-04-09 13:18:00+02:00,Long,Canal Exit,58.76,1.0,winner,4762.1,4768.1,14.300000000000182,1.1000000000003638,9.299999999999272,0.07692307692310138,0.6503496503495912,8,0,12,0.10499569517649775,0.22469078767770137,-13.526764898932289,21.635719920247006,3.729301170946087,0,2.6016292931089993,4,MGC_v3
2026-04-09 15:10:00+02:00,2026-04-09 16:06:00+02:00,Long,Canal Exit,182.76000000000545,1.0,winner,4781.7,4800.1,22.099999999999454,6.399999999999636,21.0,0.2895927601809862,0.9502262443439149,8,0,15,0.14430014430013668,0.29069159503941355,-43.80593487286214,34.24203774976461,10.438666858122186,0,5.750857197510413,2,MGC_v3
2026-04-13 10:37:00+02:00,2026-04-13 14:21:00+02:00,Short,Canal Exit,136.7600000000018,1.0,winner,4745.8,4732.0,16.800000000000182,7.0,20.300000000000182,0.41666666666666213,1.208333333333331,32,0,10,0.14117746217707908,0.19385561970584134,21.049962157532786,-34.106420920222455,10.607977988498483,0,2.1529891412665165,2,MGC_v3
2026-04-13 16:13:00+02:00,2026-04-13 16:55:00+02:00,Short,Canal Exit,51.75999999999272,1.0,winner,4742.2,4736.900000000001,26.300000000000182,4.800000000000182,10.399999999999636,0.1825095057034277,0.3954372623573979,6,0,16,0.1265235544683902,0.16658934671672526,37.499620333072144,-30.24289324468817,10.604192216211178,1,2.444892512867227,2,MGC_v3
2026-04-13 18:05:00+02:00,2026-04-13 18:33:00+02:00,Long,Canal Exit,176.7600000000018,1.0,winner,4740.7,4758.5,18.299999999999272,0.8999999999996362,21.300000000000182,0.049180327868834535,1.1639344262295643,4,1,18,0.14765751893180332,0.17297023646296578,18.47747890406918,20.305019606006468,-0.284235124253604,0,1.0084591580089182,4,MGC_v3
2026-04-14 14:14:00+02:00,2026-04-14 14:28:00+02:00,Short,Canal Exit,-89.23999999999272,1.0,loser,4788.900000000001,4797.7,16.899999999999636,9.699999999999818,4.600000000000364,0.5739644970414217,0.2721893491124534,2,0,14,0.056380379627904695,0.19419908538495653,35.319092126038925,-31.34254481517884,-8.85790235176154,1,0.017786377671654918,2,MGC_v3
2026-04-14 15:10:00+02:00,2026-04-14 21:56:00+02:00,Long,Auto-Close (profit),621.7600000000018,1.0,winner,4806.3,4868.6,22.5,3.699999999999818,63.69999999999982,0.16444444444443637,2.831111111111103,58,0,15,0.156045190687223,0.1872542288246676,13.040190236930798,32.49721924540508,-6.479892744340411,1,1.5500330764461978,2,MGC_v3
2026-04-15 02:13:00+02:00,2026-04-15 03:09:00+02:00,Short,Stop Loss,-238.48000000000363,2.0,loser,4857.2,4869.0,11.800000000000182,20.100000000000364,5.899999999999636,1.7033898305084791,0.4999999999999615,8,0,2,0.008235197232966241,0.10499876472040383,16.940061182133412,-27.91897687570632,-2.9066402922322525,0,1.096363660715724,3,MGC_v3
2026-04-15 19:36:00+02:00,2026-04-15 21:56:00+02:00,Short,Auto-Close (loss),-35.24000000000546,1.0,loser,4815.2,4818.6,19.600000000000364,11.100000000000364,3.199999999999818,0.5663265306122529,0.16326530612243667,20,0,19,0.16821731184582914,0.1744475826549374,-12.624479366498996,-15.600406255569334,-13.260252824802901,1,0.34202794126940717,3,MGC_v3
2026-04-16 10:02:00+02:00,2026-04-16 11:19:00+02:00,Short,Canal Exit,-54.24000000000182,1.0,loser,4831.3,4836.6,21.699999999999818,8.099999999999454,3.9000000000005457,0.3732718894008996,0.1797235023041741,11,0,10,0.16351706580008768,0.29391675118497745,12.424550301265342,-33.162906915260905,-15.89515196722868,1,0.30951650603310554,2,MGC_v3
2026-04-16 14:14:00+02:00,2026-04-16 15:10:00+02:00,Short,Canal Exit,-114.48000000000728,2.0,loser,4836.0,4841.6,9.100000000000364,8.800000000000182,3.199999999999818,0.9670329670329484,0.3516483516483176,8,0,14,0.024813895781633954,0.10752688172042636,25.83337324878363,-5.309579058616344,0.49218895995389855,1,4.292585444052747,2,MGC_v3
2026-04-16 18:33:00+02:00,2026-04-16 19:43:00+02:00,Short,Canal Exit,75.75999999999819,1.0,winner,4817.1,4809.400000000001,14.399999999999636,0.3999999999996362,15.200000000000728,0.027777777777753216,1.0555555555556329,10,0,18,0.024911253658836605,0.04151875609804842,13.154132633015156,-33.717682094441045,-5.452566994535994,1,4.794776581355109,1,MGC_v3
2026-04-17 17:58:00+02:00,2026-04-17 19:22:00+02:00,Long,Stop Loss,-248.47999999998544,2.0,loser,4889.2,4876.900000000001,12.299999999999272,13.699999999999818,6.699999999999818,1.1138211382114331,0.5447154471544889,12,1,17,0.057269082876547944,0.13703673402601282,-23.327232799215714,5.190547774222174,12.582283487139764,0,22.234684072182063,3,MGC_v3
2026-04-17 21:07:00+02:00,2026-04-17 21:56:00+02:00,Short,Auto-Close (profit),12.759999999996362,1.0,winner,4876.8,4875.400000000001,13.699999999999818,5.800000000000182,3.5,0.42335766423359555,0.25547445255474793,7,0,21,0.03485892388451071,0.06561679790025873,27.113485370366156,-31.835851408133784,-8.588464840316634,0,0.8443210122441087,1,MGC_v3
2026-04-20 11:54:00+02:00,2026-04-20 12:29:00+02:00,Long,Canal Exit,107.52,2.0,winner,4811.900000000001,4817.400000000001,8.800000000000182,2.100000000000364,9.299999999999272,0.23863636363640003,1.0568181818180773,5,2,11,0.06026725409922372,0.09351815291257093,-27.071994087252378,20.115523454067663,-0.7534006076802171,0,0.705274363846911,2,MGC_v3
2026-04-20 18:26:00+02:00,2026-04-20 19:08:00+02:00,Long,Canal Exit,137.52,2.0,winner,4821.7,4828.7,9.299999999999272,3.199999999999818,9.199999999999818,0.3440860215053837,0.9892473118280148,6,0,18,0.06429267685669897,0.14102909762115587,-26.826744669599023,5.647415036277553,0.2857748107940267,0,6.317665499922441,6,MGC_v3
2026-04-21 10:09:00+02:00,2026-04-21 10:37:00+02:00,Short,Stop Loss,-152.23999999999455,1.0,loser,4796.400000000001,4811.5,15.099999999999454,15.599999999999454,0.4000000000005457,1.0331125827814582,0.026490066225202658,4,0,10,0.05003752814612097,0.17930114252356694,21.708896569590664,-21.33826109777212,-6.940472649393492,1,7.17783666453397,1,MGC_v3
2026-04-21 12:50:00+02:00,2026-04-21 13:04:00+02:00,Long,Stop Loss,-184.48000000000727,2.0,loser,4808.6,4799.5,9.100000000000364,14.100000000000364,1.0,1.5494505494505275,0.1098901098901055,2,0,12,0.05614939899348516,0.07070665058439993,-15.73765438202231,33.847993197560115,11.69735178720591,0,0.6636305781048577,1,MGC_v3
2026-04-21 13:18:00+02:00,2026-04-21 13:25:00+02:00,Short,Canal Exit,-162.48,2.0,loser,4800.7,4808.7,9.0,8.800000000000182,2.5,0.977777777777798,0.2777777777777778,1,0,13,0.010415147790947155,0.0187472660236973,31.055588672830417,-11.700479794132608,9.01746791646141,0,0.05958628006010258,1,MGC_v3
2026-04-22 13:39:00+02:00,2026-04-22 14:14:00+02:00,Short,Canal Exit,1.519999999996362,2.0,winner,4767.5,4767.3,12.400000000000546,8.800000000000182,1.8999999999996362,0.7096774193548221,0.15322580645157682,5,0,13,0.13633980073413737,0.22443628736234542,13.137609504210937,-28.910860726100978,-7.8372502742639,1,2.7408387450177543,3,MGC_v3
2026-04-22 16:41:00+02:00,2026-04-22 17:16:00+02:00,Short,Canal Exit,23.76,1.0,winner,4752.6,4750.1,27.0,5.699999999999818,4.900000000000546,0.21111111111110437,0.1814814814815017,5,2,16,0.11783024028951423,0.13887135462692954,-18.31607641340588,-18.85119325515994,-4.4011265935245705,0,1.6433483567798248,1,MGC_v3
2026-04-23 03:58:00+02:00,2026-04-23 04:19:00+02:00,Short,Canal Exit,43.76,1.0,winner,4736.6,4732.1,34.899999999999636,1.7999999999992724,15.600000000000364,0.05157593123207138,0.4469914040114764,3,4,3,0.09922729383945905,0.3251277287505729,-12.77240874281249,-20.230425057234395,-8.1283559616223,0,7.0093297566781985,3,MGC_v3
2026-04-23 08:24:00+02:00,2026-04-23 08:45:00+02:00,Short,Stop Loss,-248.96000000001456,4.0,loser,4728.0,4734.1,6.100000000000364,8.199999999999818,2.300000000000182,1.3442622950818572,0.3770491803278762,3,2,8,0.01903553299491616,0.04653130287647669,30.00555871252749,-10.398807695399402,-0.16381625351636586,1,7.745473719247457,2,MGC_v3
2026-04-23 16:48:00+02:00,2026-04-23 17:51:00+02:00,Long,Stop Loss,-168.2399999999982,1.0,loser,4752.5,4735.8,16.699999999999818,19.300000000000182,5.800000000000182,1.1556886227545144,0.34730538922157156,9,0,16,0.1367701209889532,0.15360336664913588,14.186895403552183,16.057790176581054,13.990471631365992,0,9.21047560367515,2,MGC_v3
2026-04-23 19:15:00+02:00,2026-04-23 19:36:00+02:00,Short,Canal Exit,293.76,1.0,winner,4726.3,4696.8,28.0,8.899999999999636,34.100000000000364,0.31785714285712985,1.2178571428571558,3,0,19,0.13541247910626994,0.24120347840804932,40.837837498235274,-30.990944372647082,-1.690333713781095,1,0.5584660759832332,2,MGC_v3
2026-04-23 21:07:00+02:00,2026-04-23 21:56:00+02:00,Short,Auto-Close (loss),-2.2399999999945432,1.0,loser,4712.6,4712.7,24.199999999999818,6.699999999999818,7.100000000000364,0.276859504132226,0.29338842975208335,7,0,21,0.04243941773118873,0.09336671900862677,33.479165720331736,-34.67247393660982,-10.967753348454883,1,3.383817186077067,1,MGC_v3
2026-04-24 17:30:00+02:00,2026-04-24 21:56:00+02:00,Short,Auto-Close (profit),27.759999999996364,1.0,winner,4734.7,4731.8,22.900000000000546,15.900000000000546,5.399999999999636,0.6943231441048108,0.23580786026198722,38,0,17,0.08448264937588443,0.17530149745496404,-14.16100763915349,-16.013880473621505,6.249281991464933,0,3.700426042856634,2,MGC_v3
2026-04-27 10:23:00+02:00,2026-04-27 11:47:00+02:00,Short,Canal Exit,224.28000000001092,3.0,winner,4725.6,4718.0,8.300000000000182,4.799999999999272,10.800000000000182,0.5783132530119478,1.3012048192771017,12,1,10,0.01058066700524801,0.04443880142204934,-15.713178493582733,-16.21939172288004,-7.97358128155864,1,0.13648329953866778,2,MGC_v3
2026-04-27 19:08:00+02:00,2026-04-27 19:29:00+02:00,Short,Stop Loss,-240.95999999998546,4.0,loser,4688.3,4694.2,5.899999999999636,7.199999999999818,5.699999999999818,1.220338983050892,0.966101694915283,3,0,19,0.014930785145997869,0.13011112770088012,30.71324541840366,-17.819272232862296,-2.851646641050034,1,6.950582476600175,2,MGC_v3
2026-04-27 22:59:00+02:00,2026-04-28 00:56:00+02:00,Long,Canal Exit,340.55999999995635,6.0,winner,4697.900000000001,4703.7,4.300000000000182,1.0000000000009095,8.49999999999909,0.2325581395350854,1.9767441860462165,9,2,22,0.01490027459077073,0.0766299836097057,10.53568050417817,27.246867222763093,7.031296668559873,0,0.10769878722567228,3,MGC_v3
2026-04-28 09:55:00+02:00,2026-04-28 13:53:00+02:00,Short,Canal Exit,615.7599999999982,1.0,winner,4637.1,4575.400000000001,15.599999999999454,12.299999999999272,69.0,0.7884615384615195,4.423076923077078,34,1,9,0.06253908692932299,0.08194776907979712,14.00906947398839,-32.56548394587642,-14.810699912473154,1,7.644464468241495,1,MGC_v3
2026-04-28 15:59:00+02:00,2026-04-28 19:36:00+02:00,Short,Stop Loss,-322.24000000000365,1.0,loser,4581.7,4613.8,32.100000000000364,34.100000000000364,12.5,1.062305295950155,0.3894080996884691,31,1,15,0.22917257786411158,0.4387017919113073,13.625314593167765,-5.6048953682552565,-11.183480663679557,1,7.497450760294669,3,MGC_v3
2026-04-29 18:33:00+02:00,2026-04-29 19:29:00+02:00,Short,Canal Exit,58.76,1.0,winner,4564.1,4558.1,14.300000000000182,4.399999999999636,7.400000000000546,0.30769230769227834,0.517482517482549,8,0,18,0.09421353607500432,0.24101137135468306,24.175998963483455,-0.7153353725714666,-1.2283709680291408,1,13.628996088818894,4,MGC_v3
2026-04-30 00:56:00+02:00,2026-04-30 01:59:00+02:00,Long,Canal Exit,179.5199999999891,2.0,winner,4563.900000000001,4573.0,13.0,2.4000000000005457,17.599999999999454,0.1846153846154266,1.353846153846112,9,0,0,0.03724884419027188,0.04601327811740757,18.181109225877336,18.181369516268624,16.126903212067475,1,0.9856600316488766,3,MGC_v3
2026-04-30 19:22:00+02:00,2026-04-30 21:56:00+02:00,Long,Auto-Close (loss),-22.23999999999454,1.0,loser,4632.2,4630.1,13.599999999999454,4.599999999999454,8.600000000000364,0.3382352941176205,0.6323529411765227,22,0,19,0.004317602866884377,0.07771685160397768,11.386116135966311,33.574051967247776,-0.21212953402741733,1,4.806140797398257,1,MGC_v3
2026-05-01 01:52:00+02:00,2026-05-01 02:13:00+02:00,Short,Canal Exit,38.28000000001637,3.0,winner,4639.900000000001,4638.5,7.0,3.699999999999818,7.100000000000364,0.5285714285714026,1.0142857142857662,3,0,1,0.08620875449901938,0.09051919222396643,24.0481290253854,-8.946048031863615,-2.124203268744394,0,0.33260810517276695,3,MGC_v3
2026-05-04 01:03:00+02:00,2026-05-04 02:27:00+02:00,Short,Canal Exit,61.76000000000182,1.0,winner,4626.8,4620.5,26.300000000000182,3.5,14.400000000000546,0.13307984790874433,0.5475285171102832,12,0,1,0.012967925996357186,0.09293680297396197,22.63250004799464,-25.2243750789105,-6.841466497282505,1,7.596285829682529,2,MGC_v3
2026-05-04 11:54:00+02:00,2026-05-04 12:22:00+02:00,Short,Canal Exit,639.5199999999891,2.0,winner,4585.0,4552.900000000001,10.699999999999818,0.3000000000001819,49.19999999999982,0.02803738317758757,4.598130841121557,4,1,11,0.11995637949836424,0.15049073064339447,12.790312036713306,-23.48364620200643,-11.93803600036634,1,5.910583538443461,4,MGC_v3
2026-05-04 17:02:00+02:00,2026-05-04 17:23:00+02:00,Short,Canal Exit,199.76000000000363,1.0,winner,4568.1,4548.0,26.699999999999818,3.0999999999994543,43.5,0.11610486891383803,1.6292134831460785,3,0,17,0.14229110571134607,0.30209496289486176,33.41399598954293,-31.987935369928678,1.6952759489980167,1,4.309620847909173,3,MGC_v3
2026-05-05 00:42:00+02:00,2026-05-05 01:17:00+02:00,Short,Canal Exit,-78.72,3.0,loser,4527.900000000001,4530.400000000001,8.099999999999454,3.199999999999818,3.100000000000364,0.39506172839506587,0.38271604938278675,5,0,0,0.04196205746594549,0.07067293888998914,42.8069906023992,-15.764424034682152,-0.9640512464446488,1,2.1601439285332162,3,MGC_v3
2026-05-05 09:55:00+02:00,2026-05-05 10:51:00+02:00,Short,Stop Loss,-252.48,2.0,loser,4555.900000000001,4568.400000000001,12.5,13.299999999999272,0.4000000000005457,1.0639999999999419,0.03200000000004365,8,0,9,0.01316973594678229,0.03511929585810607,26.58165175647324,-33.70130327637611,8.286231491168312,0,0.6117277204775746,1,MGC_v3
2026-05-06 15:31:00+02:00,2026-05-06 16:13:00+02:00,Long,Canal Exit,172.76000000000545,1.0,winner,4707.0,4724.400000000001,27.800000000000182,3.399999999999636,21.800000000000182,0.1223021582733674,0.784172661870505,6,2,15,0.28680688336520077,0.3207988102825463,13.620630113672483,20.496023050829645,-5.349060836874469,0,0.8867469105589407,6,MGC_v3
2026-05-07 15:31:00+02:00,2026-05-07 15:45:00+02:00,Long,Canal Exit,-139.24000000000183,1.0,loser,4762.400000000001,4748.6,21.800000000000182,15.200000000000728,2.5999999999994543,0.6972477064220459,0.11926605504584553,2,0,15,0.11758777087181789,0.20787838064838582,-17.952153789809362,19.13957653507117,7.534037218400043,0,1.1837546633832972,2,MGC_v3
2026-05-07 17:30:00+02:00,2026-05-07 21:56:00+02:00,Short,Auto-Close (profit),410.7599999999982,1.0,winner,4754.0,4712.8,21.400000000000546,2.0,57.100000000000364,0.09345794392523127,2.6682242990653697,38,0,17,0.07572570466975943,0.34917963819941866,28.702460733899485,-34.47503133280275,3.1978611830715296,0,2.1922135960066953,1,MGC_v3
2026-05-08 05:29:00+02:00,2026-05-08 08:24:00+02:00,Long,Canal Exit,20.759999999998183,1.0,winner,4737.0,4739.2,22.0,20.100000000000364,6.600000000000364,0.9136363636363801,0.30000000000001653,25,0,5,0.177327422419245,0.22799240025330952,-36.626448808645605,32.07706880029506,12.772684796426892,0,5.087999392701022,1,MGC_v3
2026-05-08 20:46:00+02:00,2026-05-08 21:56:00+02:00,Short,Auto-Close (loss),-36.9599999999709,4.0,loser,4732.900000000001,4733.7,5.699999999999818,3.4999999999990905,3.7000000000007276,0.6140350877191583,0.6491228070176922,10,0,20,0.014790086416377435,0.061273215153530715,36.16935022418117,-26.848542134395515,11.60040204527537,1,4.419438620645451,2,MGC_v3
2026-05-11 01:24:00+02:00,2026-05-11 01:45:00+02:00,Long,Canal Exit,20.280000000005458,3.0,winner,4705.1,4705.900000000001,8.300000000000182,2.4000000000005457,2.199999999999818,0.2891566265060835,0.2650602409638277,3,0,1,0.02125353339992774,0.07226201355974657,15.408568041847689,24.057359353390538,-5.238219023249558,1,0.5449214603613655,3,MGC_v3
2026-05-11 03:58:00+02:00,2026-05-11 05:36:00+02:00,Short,Canal Exit,54.760000000003636,1.0,winner,4697.6,4692.0,16.899999999999636,11.399999999999636,14.700000000000728,0.6745562130177445,0.8698224852071623,14,3,3,0.13198228882835336,0.2575783378746671,32.609331437989596,-32.573930712608735,2.9337588534988965,1,5.389660774104414,1,MGC_v3
2026-05-11 09:55:00+02:00,2026-05-11 11:19:00+02:00,Short,Canal Exit,78.76,1.0,winner,4675.400000000001,4667.400000000001,13.399999999999636,12.199999999999818,8.400000000000546,0.910447761194041,0.6268656716418488,12,1,9,0.04491594302092578,0.06202677845746986,-15.420923955419346,-29.711903402762328,-2.853665236358226,1,3.2806054730081087,2,MGC_v3
2026-05-11 21:21:00+02:00,2026-05-11 21:42:00+02:00,Short,Stop Loss,-216.9599999999709,4.0,loser,4733.400000000001,4738.7,5.299999999999272,5.599999999999454,1.800000000000182,1.0566037735849478,0.33962264150951493,3,0,21,0.008450585203036839,0.010563231503781637,23.784340703162748,-27.901487394977806,-7.215212922941598,1,2.6904652910689038,1,MGC_v3
2026-05-12 15:10:00+02:00,2026-05-12 15:52:00+02:00,Short,Canal Exit,6.760000000001819,1.0,winner,4688.400000000001,4687.6,31.399999999999636,21.099999999999454,4.100000000000364,0.671974522292984,0.1305732484076564,6,0,15,0.3242044194181539,0.5353638768023283,19.838605683682573,-16.87482443471844,4.661117899477001,1,0.28042385093067423,2,MGC_v3
2026-05-13 16:34:00+02:00,2026-05-13 21:56:00+02:00,Long,Auto-Close (profit),12.760000000005457,1.0,winner,4694.7,4696.1,18.699999999999818,10.399999999999636,23.199999999999818,0.5561497326203068,1.2406417112299488,46,1,16,0.002130061558767425,0.08733252390992938,-29.05986149948341,30.211103343134347,-5.362488835849939,1,1.7187914093283325,2,MGC_v3
2026-05-14 05:01:00+02:00,2026-05-14 05:22:00+02:00,Short,Canal Exit,-88.23999999999818,1.0,loser,4689.3,4698.0,17.399999999999636,10.199999999999818,1.800000000000182,0.586206896551726,0.10344827586208158,3,0,5,0.09596315015034226,0.14287846800161683,25.538163236633658,-25.249169127911912,-3.0481989931285027,0,0.7116845727559848,3,MGC_v3
2026-05-14 10:44:00+02:00,2026-05-14 13:04:00+02:00,Short,Canal Exit,-26.24,1.0,loser,4701.2,4703.7,24.700000000000728,10.600000000000364,6.599999999999454,0.4291497975708523,0.26720647773276357,20,0,10,0.040415213137082996,0.2531268612269324,22.01125164861533,-10.249607112863279,-1.1659830204934962,0,1.4430995479924604,3,MGC_v3
2026-05-14 13:46:00+02:00,2026-05-14 14:14:00+02:00,Long,Canal Exit,41.75999999999272,1.0,winner,4708.900000000001,4713.2,13.300000000000182,10.200000000000728,6.099999999999454,0.766917293233127,0.45864661654130606,4,0,13,0.13591284588756689,0.1741383337934511,-13.043530093149261,19.908041061043402,-3.8038071286366004,0,0.5967326688078174,2,MGC_v3
2026-05-14 15:17:00+02:00,2026-05-14 15:45:00+02:00,Short,Canal Exit,102.75999999999637,1.0,winner,4701.0,4690.6,16.0,2.699999999999818,29.699999999999818,0.16874999999998863,1.8562499999999886,4,0,15,0.14465007445224806,0.14677728142947535,-17.90119881570054,-19.36664545934193,5.233943017275651,1,0.8057894206867786,4,MGC_v3
2026-05-14 17:23:00+02:00,2026-05-14 17:37:00+02:00,Long,Canal Exit,-37.24000000000364,1.0,loser,4691.900000000001,4688.3,20.700000000000728,5.0000000000009095,3.399999999999636,0.2415458937198422,0.16425120772944526,2,5,17,0.021313327223512864,0.059677316225839896,-22.78804887982613,8.036883651365311,-4.212734002090221,1,0.011203715537703829,2,MGC_v3
2026-05-14 17:58:00+02:00,2026-05-14 21:56:00+02:00,Short,Auto-Close (profit),509.51999999998907,2.0,winner,4685.2,4659.6,10.5,4.699999999999818,27.199999999999818,0.4476190476190303,2.5904761904761733,34,0,17,0.14513788098694147,0.18355673183642884,13.99640712676943,-21.418946817507706,-7.736332473624953,1,1.767544368700328,2,MGC_v3
