Date,Open,High,Low,Close,Volume
2026-01-15 00:00:00+01:00,2661.9,2661.9,2656.4,2658.5,316
2026-01-15 00:10:00+01:00,2658.6,2659.4,2655.8,2655.8,223
2026-01-15 00:20:00+01:00,2655.8,2658.3,2654.3,2658.3,346
2026-01-15 00:30:00+01:00,2658.5,2659.6,2657.8,2659.5,155
2026-01-15 00:40:00+01:00,2659.3,2659.3,2657.6,2658.7,107
2026-01-15 00:50:00+01:00,2659.0,2659.9,2658.9,2659.4,152
2026-01-15 01:00:00+01:00,2659.5,2661.4,2659.2,2659.6,354
2026-01-15 01:40:00+01:00,2658.9,2660.2,2658.9,2659.5,86
2026-01-15 01:50:00+01:00,2659.4,2660.0,2658.6,2660.0,112
2026-01-15 02:00:00+01:00,2660.0,2663.0,2660.0,2661.0,247
2026-01-15 02:10:00+01:00,2661.2,2661.5,2659.8,2660.0,137
2026-01-15 02:20:00+01:00,2660.0,2661.1,2660.0,2660.4,83
2026-01-15 02:30:00+01:00,2660.1,2660.2,2656.9,2660.1,222
2026-01-15 02:40:00+01:00,2660.0,2662.1,2659.8,2661.7,192
2026-01-15 02:50:00+01:00,2662.0,2663.7,2661.7,2663.5,329
2026-01-15 03:00:00+01:00,2663.6,2663.6,2662.3,2663.3,86
2026-01-15 03:10:00+01:00,2663.0,2663.9,2662.6,2662.6,33
2026-01-15 03:20:00+01:00,2662.3,2662.6,2661.6,2661.8,68
2026-01-15 03:50:00+01:00,2661.5,2662.1,2661.3,2661.8,76
2026-01-15 04:00:00+01:00,2661.9,2663.1,2661.9,2662.8,81
2026-01-15 04:20:00+01:00,2663.1,2663.1,2661.8,2661.8,97
2026-01-15 04:30:00+01:00,2661.7,2663.0,2660.5,2662.0,96
2026-01-15 05:10:00+01:00,2664.1,2664.9,2663.8,2664.6,115
2026-01-15 05:20:00+01:00,2664.6,2666.1,2664.4,2665.6,121
2026-01-15 06:00:00+01:00,2664.6,2666.0,2664.3,2666.0,60
2026-01-15 06:10:00+01:00,2666.1,2667.9,2666.0,2667.8,142
2026-01-15 06:20:00+01:00,2667.7,2667.8,2667.0,2667.6,70
2026-01-15 06:30:00+01:00,2667.6,2669.5,2667.1,2667.5,373
2026-01-15 06:40:00+01:00,2667.7,2668.9,2667.2,2668.8,74
2026-01-15 06:50:00+01:00,2668.5,2668.5,2666.2,2666.3,118
2026-01-15 07:00:00+01:00,2666.1,2667.4,2665.5,2666.8,80
2026-01-15 07:10:00+01:00,2666.6,2672.4,2666.6,2669.9,475
2026-01-15 07:20:00+01:00,2669.2,2670.2,2668.0,2668.1,210
2026-01-15 07:30:00+01:00,2668.2,2668.6,2666.9,2667.9,118
2026-01-15 08:00:00+01:00,2668.1,2669.4,2667.2,2667.5,127
2026-01-15 08:10:00+01:00,2667.9,2667.9,2666.0,2666.3,101
2026-01-15 08:30:00+01:00,2666.9,2667.5,2666.1,2666.2,74
2026-01-15 08:40:00+01:00,2666.5,2668.0,2666.3,2667.3,92
2026-01-15 09:00:00+01:00,2667.9,2668.4,2666.1,2668.0,125
2026-01-15 09:10:00+01:00,2668.2,2669.5,2667.2,2669.3,156
2026-01-15 09:20:00+01:00,2669.6,2670.9,2667.9,2667.9,118
2026-01-15 09:30:00+01:00,2668.0,2668.8,2667.9,2668.3,75
2026-01-15 09:40:00+01:00,2668.4,2669.7,2668.1,2668.3,75
2026-01-15 09:50:00+01:00,2668.3,2671.6,2668.3,2671.3,270
2026-01-15 10:00:00+01:00,2671.5,2671.7,2670.2,2670.4,89
2026-01-15 10:10:00+01:00,2670.8,2673.8,2670.7,2673.2,439
2026-01-15 10:20:00+01:00,2673.2,2673.3,2671.3,2671.8,200
2026-01-15 10:30:00+01:00,2671.8,2672.8,2671.0,2672.1,196
2026-01-15 10:40:00+01:00,2671.9,2671.9,2669.8,2670.1,193
2026-01-15 10:50:00+01:00,2670.5,2671.5,2670.3,2670.3,94
2026-01-15 11:00:00+01:00,2670.4,2670.8,2669.6,2670.2,167
2026-01-15 11:20:00+01:00,2671.0,2672.7,2670.8,2672.6,297
2026-01-15 11:30:00+01:00,2672.5,2673.3,2672.1,2672.7,90
2026-01-15 11:40:00+01:00,2672.7,2676.0,2672.7,2673.0,470
2026-01-15 11:50:00+01:00,2673.2,2673.7,2672.5,2672.5,87
2026-01-15 12:00:00+01:00,2672.5,2672.6,2670.6,2670.6,155
2026-01-15 12:10:00+01:00,2670.6,2673.1,2670.2,2673.1,117
2026-01-15 12:20:00+01:00,2673.2,2674.3,2672.6,2674.0,152
2026-01-15 12:30:00+01:00,2673.8,2674.4,2671.1,2671.1,169
2026-01-15 12:40:00+01:00,2671.1,2671.4,2669.2,2669.6,450
2026-01-15 12:50:00+01:00,2669.7,2669.8,2665.9,2666.7,505
2026-01-15 13:00:00+01:00,2666.6,2668.0,2666.0,2667.4,155
2026-01-15 13:10:00+01:00,2667.3,2668.9,2666.7,2668.1,232
2026-01-15 13:20:00+01:00,2667.9,2669.3,2667.1,2669.3,182
2026-01-15 13:30:00+01:00,2669.4,2670.7,2668.9,2670.6,196
2026-01-15 13:40:00+01:00,2670.4,2671.7,2669.0,2671.1,317
2026-01-15 13:50:00+01:00,2671.1,2673.0,2671.0,2673.0,285
2026-01-15 14:00:00+01:00,2672.9,2675.0,2672.2,2673.1,388
2026-01-15 14:10:00+01:00,2673.2,2673.9,2672.0,2673.2,210
2026-01-15 14:20:00+01:00,2672.6,2672.8,2671.3,2672.2,204
2026-01-15 14:30:00+01:00,2671.3,2673.2,2667.4,2667.4,517
2026-01-15 14:40:00+01:00,2667.5,2668.8,2666.5,2667.8,1074
2026-01-15 14:50:00+01:00,2667.6,2668.7,2665.7,2668.5,428
2026-01-15 15:00:00+01:00,2668.3,2672.3,2667.7,2671.3,740
2026-01-15 15:10:00+01:00,2671.5,2672.6,2670.5,2670.7,673
2026-01-15 15:20:00+01:00,2670.7,2674.8,2670.2,2674.6,1123
2026-01-15 15:30:00+01:00,2674.6,2681.4,2671.7,2678.8,8358
2026-01-15 15:40:00+01:00,2678.7,2681.9,2671.2,2679.3,5522
2026-01-15 15:50:00+01:00,2679.5,2682.1,2674.9,2676.5,3326
2026-01-15 16:00:00+01:00,2676.5,2685.6,2676.5,2685.3,2855
2026-01-15 16:10:00+01:00,2685.3,2687.6,2681.3,2686.3,2743
2026-01-15 16:20:00+01:00,2686.5,2689.0,2684.9,2688.7,3415
2026-01-15 16:30:00+01:00,2688.8,2692.5,2687.5,2692.2,3036
2026-01-15 16:40:00+01:00,2692.3,2693.4,2688.1,2690.6,3828
2026-01-15 16:50:00+01:00,2690.6,2700.2,2690.0,2698.6,4435
2026-01-15 17:00:00+01:00,2698.6,2703.8,2697.9,2701.6,3975
2026-01-15 17:10:00+01:00,2701.7,2703.2,2699.2,2702.6,1842
2026-01-15 17:20:00+01:00,2702.4,2705.1,2699.6,2700.5,2314
2026-01-15 17:30:00+01:00,2700.4,2704.3,2700.3,2702.9,1180
2026-01-15 17:40:00+01:00,2703.0,2703.2,2698.4,2700.2,1743
2026-01-15 17:50:00+01:00,2700.1,2700.3,2697.0,2697.6,1386
2026-01-15 18:00:00+01:00,2697.6,2700.1,2697.3,2699.5,992
2026-01-15 18:10:00+01:00,2699.6,2700.5,2696.6,2698.9,1066
2026-01-15 18:20:00+01:00,2698.8,2700.0,2697.1,2697.5,875
2026-01-15 18:30:00+01:00,2697.5,2700.2,2696.6,2698.0,748
2026-01-15 18:40:00+01:00,2698.0,2701.5,2697.6,2699.6,990
2026-01-15 18:50:00+01:00,2699.6,2699.9,2694.2,2694.8,1348
2026-01-15 19:00:00+01:00,2694.8,2699.2,2694.6,2699.0,1078
2026-01-15 19:10:00+01:00,2698.9,2699.6,2697.7,2697.9,443
2026-01-15 19:20:00+01:00,2697.9,2699.6,2697.7,2699.4,392
2026-01-15 19:30:00+01:00,2699.4,2702.1,2698.7,2698.7,879
2026-01-15 19:40:00+01:00,2698.8,2702.1,2698.4,2698.9,726
2026-01-15 19:50:00+01:00,2698.8,2700.6,2697.3,2700.3,786
2026-01-15 20:00:00+01:00,2700.4,2701.4,2697.8,2700.8,697
2026-01-15 20:10:00+01:00,2700.8,2704.1,2699.7,2703.2,1010
2026-01-15 20:20:00+01:00,2703.1,2704.0,2699.3,2700.6,1028
2026-01-15 20:30:00+01:00,2700.6,2700.7,2695.3,2697.7,1399
2026-01-15 20:40:00+01:00,2697.6,2700.1,2696.6,2699.8,579
2026-01-15 20:50:00+01:00,2699.9,2701.6,2696.5,2698.9,824
2026-01-15 21:00:00+01:00,2698.9,2699.0,2694.9,2698.1,763
2026-01-15 21:10:00+01:00,2697.5,2698.2,2691.6,2692.0,1138
2026-01-15 21:20:00+01:00,2691.9,2693.4,2689.6,2691.4,1529
2026-01-15 21:30:00+01:00,2691.2,2695.2,2690.4,2694.1,923
2026-01-15 21:40:00+01:00,2694.0,2695.8,2690.2,2690.2,1235
2026-01-15 21:50:00+01:00,2690.1,2692.4,2687.6,2689.0,2832
2026-01-15 22:00:00+01:00,2689.3,2690.6,2688.7,2689.5,724
2026-01-15 22:10:00+01:00,2689.6,2690.2,2688.6,2689.0,203
2026-01-15 22:20:00+01:00,2689.1,2689.6,2689.0,2689.0,88
2026-01-15 22:30:00+01:00,2689.1,2690.0,2688.7,2689.6,123
2026-01-15 22:40:00+01:00,2689.6,2690.0,2689.3,2689.3,129
2026-01-15 22:50:00+01:00,2689.4,2690.2,2689.2,2689.4,114
2026-01-16 00:10:00+01:00,2690.3,2692.1,2690.3,2692.0,137
2026-01-16 00:20:00+01:00,2691.9,2692.5,2691.4,2692.2,73
2026-01-16 00:30:00+01:00,2692.5,2692.6,2691.2,2691.5,86
2026-01-16 00:50:00+01:00,2691.9,2692.4,2691.7,2691.8,79
2026-01-16 01:00:00+01:00,2691.7,2692.5,2690.1,2690.3,160
2026-01-16 01:10:00+01:00,2690.5,2691.5,2690.4,2691.4,55
2026-01-16 01:20:00+01:00,2691.4,2691.6,2691.1,2691.6,66
2026-01-16 01:30:00+01:00,2691.7,2691.9,2691.0,2691.3,68
2026-01-16 01:40:00+01:00,2691.5,2692.3,2691.4,2691.4,83
2026-01-16 01:50:00+01:00,2691.4,2692.7,2691.4,2692.4,83
2026-01-16 02:00:00+01:00,2692.3,2693.9,2692.0,2693.6,146
2026-01-16 02:10:00+01:00,2693.7,2693.9,2691.9,2692.4,104
2026-01-16 02:20:00+01:00,2692.4,2692.4,2691.3,2692.3,73
2026-01-16 03:00:00+01:00,2694.1,2694.6,2693.3,2694.5,79
2026-01-16 03:20:00+01:00,2694.7,2696.6,2694.7,2696.4,98
2026-01-16 03:30:00+01:00,2696.5,2697.2,2696.0,2696.8,147
2026-01-16 03:40:00+01:00,2696.9,2697.0,2695.1,2695.9,222
2026-01-16 03:50:00+01:00,2696.0,2696.1,2695.3,2695.7,54
2026-01-16 04:20:00+01:00,2697.3,2698.1,2696.5,2696.6,100
2026-01-16 04:40:00+01:00,2697.4,2697.7,2697.0,2697.5,56
2026-01-16 04:50:00+01:00,2697.6,2697.8,2697.1,2697.1,74
2026-01-16 05:50:00+01:00,2699.0,2699.8,2699.0,2699.6,68
2026-01-16 06:00:00+01:00,2699.7,2699.7,2698.9,2698.9,76
2026-01-16 06:10:00+01:00,2698.9,2698.9,2697.8,2697.9,109
2026-01-16 07:10:00+01:00,2697.3,2697.4,2696.5,2696.8,61
2026-01-16 07:20:00+01:00,2696.8,2696.9,2696.4,2696.6,86
2026-01-16 08:10:00+01:00,2698.0,2698.2,2697.7,2697.8,58
2026-01-16 08:40:00+01:00,2698.2,2699.7,2698.2,2699.7,93
2026-01-16 08:50:00+01:00,2699.3,2699.6,2698.3,2698.4,87
2026-01-16 09:00:00+01:00,2698.5,2699.3,2698.0,2698.6,108
2026-01-16 09:10:00+01:00,2698.9,2699.6,2698.5,2699.2,69
2026-01-16 09:20:00+01:00,2699.3,2700.9,2698.8,2700.4,188
2026-01-16 09:30:00+01:00,2700.3,2700.7,2697.0,2697.0,147
2026-01-16 10:00:00+01:00,2697.7,2699.7,2697.6,2699.4,87
2026-01-16 10:10:00+01:00,2699.4,2699.8,2697.3,2697.6,97
2026-01-16 10:30:00+01:00,2699.5,2699.5,2697.9,2698.3,97
2026-01-16 11:10:00+01:00,2699.0,2700.1,2698.7,2699.1,82
2026-01-16 11:30:00+01:00,2699.4,2700.3,2699.1,2699.5,102
2026-01-16 11:40:00+01:00,2699.7,2699.8,2698.6,2698.6,131
2026-01-16 11:50:00+01:00,2698.7,2699.0,2697.6,2698.5,76
2026-01-16 12:00:00+01:00,2698.4,2699.0,2697.9,2698.9,52
2026-01-16 12:10:00+01:00,2698.9,2699.8,2698.7,2699.2,67
2026-01-16 12:50:00+01:00,2697.0,2697.4,2694.3,2694.8,239
2026-01-16 13:00:00+01:00,2694.6,2696.6,2694.3,2695.9,163
2026-01-16 13:10:00+01:00,2695.7,2698.9,2694.8,2697.8,427
2026-01-16 13:20:00+01:00,2697.0,2697.5,2693.9,2694.9,127
2026-01-16 13:30:00+01:00,2694.8,2695.1,2693.4,2694.6,108
2026-01-16 13:40:00+01:00,2694.6,2695.9,2694.1,2694.4,194
2026-01-16 13:50:00+01:00,2694.3,2694.3,2691.1,2693.1,248
2026-01-16 14:00:00+01:00,2692.9,2693.0,2691.3,2691.3,213
2026-01-16 14:10:00+01:00,2691.4,2692.6,2690.8,2692.2,185
2026-01-16 14:20:00+01:00,2692.1,2692.1,2690.4,2692.0,333
2026-01-16 14:30:00+01:00,2692.0,2692.6,2689.1,2689.4,476
2026-01-16 14:40:00+01:00,2689.2,2692.1,2688.5,2691.6,330
2026-01-16 14:50:00+01:00,2691.5,2693.1,2689.9,2689.9,839
2026-01-16 15:00:00+01:00,2690.1,2692.2,2690.1,2690.9,271
2026-01-16 15:10:00+01:00,2691.0,2692.3,2689.7,2691.9,426
2026-01-16 15:20:00+01:00,2691.7,2693.9,2689.5,2691.8,2328
2026-01-16 15:30:00+01:00,2691.8,2694.1,2681.0,2681.9,7251
2026-01-16 15:40:00+01:00,2681.9,2695.6,2681.4,2693.2,6069
2026-01-16 15:50:00+01:00,2693.1,2695.0,2688.3,2688.3,3288
2026-01-16 16:00:00+01:00,2688.4,2698.4,2686.2,2697.9,4431
2026-01-16 16:10:00+01:00,2697.9,2699.6,2693.6,2693.7,2675
2026-01-16 16:20:00+01:00,2693.8,2696.2,2689.9,2690.7,2919
2026-01-16 16:30:00+01:00,2690.6,2692.4,2681.9,2684.2,4363
2026-01-16 16:40:00+01:00,2684.1,2688.2,2679.9,2688.0,3261
2026-01-16 16:50:00+01:00,2687.9,2690.9,2685.3,2690.4,2684
2026-01-16 17:00:00+01:00,2690.4,2694.5,2689.8,2693.5,1944
2026-01-16 17:10:00+01:00,2693.7,2695.8,2692.1,2695.5,1325
2026-01-16 17:20:00+01:00,2695.5,2698.4,2694.8,2697.9,1209
2026-01-16 17:30:00+01:00,2698.4,2701.9,2697.6,2701.9,1583
2026-01-16 17:40:00+01:00,2701.8,2703.7,2700.5,2702.2,1682
2026-01-16 17:50:00+01:00,2702.4,2703.5,2698.0,2699.9,1756
2026-01-16 18:00:00+01:00,2699.8,2700.5,2697.1,2698.2,1114
2026-01-16 18:10:00+01:00,2697.9,2700.0,2697.3,2698.5,892
2026-01-16 18:20:00+01:00,2698.4,2700.2,2697.1,2698.9,636
2026-01-16 18:30:00+01:00,2698.6,2700.5,2698.3,2699.9,606
2026-01-16 18:40:00+01:00,2699.8,2700.6,2698.0,2699.1,687
2026-01-16 18:50:00+01:00,2699.0,2700.2,2697.2,2698.5,659
2026-01-16 19:00:00+01:00,2698.4,2703.5,2697.7,2702.2,1547
2026-01-16 19:10:00+01:00,2702.1,2703.4,2700.4,2702.5,901
2026-01-16 19:20:00+01:00,2702.4,2704.9,2701.2,2704.6,1056
2026-01-16 19:30:00+01:00,2704.4,2705.6,2703.8,2704.0,638
2026-01-16 19:40:00+01:00,2703.9,2703.9,2701.1,2701.7,790
2026-01-16 19:50:00+01:00,2701.6,2702.3,2700.7,2701.4,548
2026-01-16 20:00:00+01:00,2701.3,2704.9,2699.4,2701.4,1064
2026-01-16 20:10:00+01:00,2701.3,2701.4,2697.5,2697.7,1034
2026-01-16 20:20:00+01:00,2697.8,2698.8,2694.2,2695.0,1342
2026-01-16 20:30:00+01:00,2694.5,2697.6,2693.8,2696.6,1124
2026-01-16 20:40:00+01:00,2696.5,2698.3,2696.3,2697.5,613
2026-01-16 20:50:00+01:00,2697.4,2698.1,2695.4,2695.7,424
2026-01-16 21:00:00+01:00,2695.5,2696.1,2693.0,2695.5,853
2026-01-16 21:10:00+01:00,2695.5,2695.5,2692.8,2695.1,365
2026-01-16 21:20:00+01:00,2695.0,2695.2,2692.7,2693.7,566
2026-01-16 21:30:00+01:00,2693.7,2693.7,2690.4,2691.9,1176
2026-01-16 21:40:00+01:00,2691.9,2693.2,2690.3,2690.6,508
2026-01-16 21:50:00+01:00,2690.7,2693.0,2690.4,2691.1,2210
2026-01-16 22:00:00+01:00,2691.2,2693.1,2690.9,2691.5,708
2026-01-16 22:10:00+01:00,2691.4,2692.4,2690.7,2691.7,280
2026-01-16 22:20:00+01:00,2691.6,2692.6,2691.5,2692.2,141
2026-01-16 22:40:00+01:00,2691.9,2692.7,2691.5,2692.6,122
2026-01-16 22:50:00+01:00,2692.6,2693.1,2692.1,2692.4,310
2026-01-19 00:00:00+01:00,2679.1,2679.1,2661.2,2671.3,1280
2026-01-19 00:10:00+01:00,2671.0,2672.2,2666.3,2669.1,775
2026-01-19 00:20:00+01:00,2669.8,2672.5,2667.2,2671.8,497
2026-01-19 00:30:00+01:00,2671.8,2673.9,2671.1,2672.3,355
2026-01-19 00:40:00+01:00,2672.6,2673.0,2669.0,2669.2,609
2026-01-19 00:50:00+01:00,2669.1,2672.9,2668.1,2671.9,591
2026-01-19 01:00:00+01:00,2671.9,2672.2,2667.3,2668.9,682
2026-01-19 01:10:00+01:00,2668.9,2669.4,2661.8,2665.6,849
2026-01-19 01:20:00+01:00,2665.9,2667.3,2664.2,2666.1,460
2026-01-19 01:30:00+01:00,2665.8,2669.0,2665.1,2667.3,455
2026-01-19 01:40:00+01:00,2667.1,2668.3,2667.1,2668.3,185
2026-01-19 01:50:00+01:00,2668.3,2668.6,2666.5,2667.2,276
2026-01-19 02:00:00+01:00,2667.3,2667.4,2664.9,2666.6,308
2026-01-19 02:10:00+01:00,2666.7,2668.9,2666.7,2668.3,272
2026-01-19 02:20:00+01:00,2668.2,2668.5,2666.9,2667.4,198
2026-01-19 02:30:00+01:00,2667.5,2668.2,2667.1,2667.5,185
2026-01-19 02:40:00+01:00,2667.7,2667.7,2665.5,2666.1,257
2026-01-19 02:50:00+01:00,2666.0,2666.0,2664.2,2664.9,252
2026-01-19 03:00:00+01:00,2665.0,2667.6,2665.0,2666.0,322
2026-01-19 03:10:00+01:00,2666.2,2667.1,2665.8,2666.7,111
2026-01-19 03:20:00+01:00,2666.7,2667.0,2666.2,2666.5,73
2026-01-19 03:30:00+01:00,2666.4,2666.8,2665.5,2666.2,83
2026-01-19 03:50:00+01:00,2666.0,2666.7,2665.8,2666.6,71
2026-01-19 04:00:00+01:00,2666.5,2666.7,2666.1,2666.2,67
2026-01-19 04:10:00+01:00,2666.1,2666.7,2665.8,2666.5,108
2026-01-19 04:20:00+01:00,2666.5,2667.0,2664.7,2664.7,349
2026-01-19 04:30:00+01:00,2664.7,2666.5,2664.7,2666.5,197
2026-01-19 04:50:00+01:00,2665.9,2666.7,2665.4,2666.6,57
2026-01-19 05:10:00+01:00,2665.3,2665.7,2665.0,2665.3,159
2026-01-19 06:00:00+01:00,2664.7,2664.8,2663.3,2663.8,103
2026-01-19 06:20:00+01:00,2664.4,2666.5,2664.3,2666.4,147
2026-01-19 06:50:00+01:00,2666.0,2666.2,2665.0,2665.5,69
2026-01-19 07:00:00+01:00,2665.3,2666.7,2665.2,2666.7,90
2026-01-19 07:10:00+01:00,2666.8,2666.9,2665.8,2666.0,39
2026-01-19 07:20:00+01:00,2665.9,2666.4,2665.0,2665.4,81
2026-01-19 07:30:00+01:00,2665.3,2666.0,2665.2,2665.6,127
2026-01-19 07:40:00+01:00,2665.9,2666.8,2665.5,2666.5,128
2026-01-19 07:50:00+01:00,2666.6,2666.6,2664.3,2664.6,93
2026-01-19 08:00:00+01:00,2664.5,2664.9,2661.2,2661.2,441
2026-01-19 08:10:00+01:00,2661.4,2662.8,2660.2,2662.3,373
2026-01-19 08:20:00+01:00,2662.3,2663.3,2661.7,2661.8,116
2026-01-19 08:30:00+01:00,2661.6,2662.4,2660.5,2661.3,217
2026-01-19 08:40:00+01:00,2661.1,2662.3,2659.9,2661.9,266
2026-01-19 08:50:00+01:00,2662.1,2662.4,2660.4,2661.8,226
2026-01-19 09:00:00+01:00,2662.0,2665.1,2661.9,2663.4,284
2026-01-19 09:10:00+01:00,2663.6,2668.2,2663.6,2667.9,328
2026-01-19 09:20:00+01:00,2667.7,2670.1,2666.4,2667.3,472
2026-01-19 09:30:00+01:00,2667.1,2669.4,2666.9,2669.3,138
2026-01-19 09:40:00+01:00,2669.0,2669.0,2665.9,2666.5,121
2026-01-19 09:50:00+01:00,2666.6,2667.3,2665.9,2667.0,86
2026-01-19 10:00:00+01:00,2667.2,2667.7,2665.0,2665.4,128
2026-01-19 10:10:00+01:00,2665.5,2670.6,2663.0,2663.5,581
2026-01-19 10:20:00+01:00,2663.7,2664.2,2657.9,2659.5,659
2026-01-19 10:30:00+01:00,2659.7,2660.3,2656.9,2657.2,331
2026-01-19 10:40:00+01:00,2657.0,2657.9,2655.0,2657.9,432
2026-01-19 10:50:00+01:00,2658.1,2658.8,2656.7,2657.2,176
2026-01-19 11:00:00+01:00,2657.1,2657.8,2655.1,2657.4,221
2026-01-19 11:10:00+01:00,2657.6,2659.5,2657.5,2657.7,187
2026-01-19 11:20:00+01:00,2657.8,2658.6,2656.9,2657.1,136
2026-01-19 11:30:00+01:00,2657.0,2657.3,2654.1,2654.4,243
2026-01-19 11:40:00+01:00,2654.4,2654.4,2651.3,2652.2,330
2026-01-19 11:50:00+01:00,2651.9,2653.2,2651.7,2652.3,166
2026-01-19 12:00:00+01:00,2652.5,2653.4,2651.6,2651.8,201
2026-01-19 12:10:00+01:00,2651.7,2652.7,2650.9,2652.0,255
2026-01-19 12:20:00+01:00,2651.9,2654.2,2651.8,2653.4,174
2026-01-19 12:30:00+01:00,2653.4,2653.5,2652.1,2652.7,110
2026-01-19 12:40:00+01:00,2652.9,2653.5,2651.6,2653.3,88
2026-01-19 13:00:00+01:00,2653.4,2654.4,2652.5,2654.4,381
2026-01-19 13:10:00+01:00,2654.5,2655.9,2653.8,2655.5,211
2026-01-19 13:20:00+01:00,2655.6,2656.0,2655.0,2655.7,152
2026-01-19 13:40:00+01:00,2657.6,2660.5,2657.5,2659.5,277
2026-01-19 13:50:00+01:00,2659.4,2659.5,2657.8,2658.2,130
2026-01-19 14:00:00+01:00,2658.3,2659.2,2657.7,2659.0,155
2026-01-19 14:10:00+01:00,2659.2,2659.3,2656.4,2656.5,225
2026-01-19 14:20:00+01:00,2656.4,2657.5,2654.8,2657.0,330
2026-01-19 14:30:00+01:00,2656.8,2659.1,2656.3,2659.0,192
2026-01-19 14:40:00+01:00,2659.0,2659.2,2656.6,2656.6,154
2026-01-19 14:50:00+01:00,2656.9,2657.3,2655.4,2655.6,129
2026-01-19 15:00:00+01:00,2655.3,2656.7,2653.3,2654.0,377
2026-01-19 15:10:00+01:00,2653.8,2653.8,2650.7,2651.1,359
2026-01-19 15:20:00+01:00,2650.9,2652.8,2649.6,2651.1,644
2026-01-19 15:30:00+01:00,2650.9,2651.7,2648.5,2649.4,566
2026-01-19 15:40:00+01:00,2649.2,2652.0,2648.7,2651.7,339
2026-01-19 15:50:00+01:00,2651.7,2654.3,2651.3,2654.2,413
2026-01-19 16:00:00+01:00,2654.0,2656.7,2653.9,2656.0,466
2026-01-19 16:10:00+01:00,2656.2,2658.2,2655.7,2656.1,722
2026-01-19 16:20:00+01:00,2655.8,2658.1,2655.0,2657.1,405
2026-01-19 16:30:00+01:00,2656.9,2657.4,2654.0,2656.4,485
2026-01-19 16:40:00+01:00,2656.1,2659.9,2656.1,2659.4,417
2026-01-19 16:50:00+01:00,2659.2,2659.5,2656.1,2658.9,345
2026-01-19 17:00:00+01:00,2659.0,2659.7,2657.8,2659.3,236
2026-01-19 17:10:00+01:00,2659.1,2661.6,2659.1,2659.8,470
2026-01-19 17:20:00+01:00,2660.0,2660.4,2655.9,2656.7,484
2026-01-19 17:30:00+01:00,2657.0,2660.2,2656.9,2658.7,386
2026-01-19 17:50:00+01:00,2658.6,2659.8,2658.4,2659.4,90
2026-01-19 18:00:00+01:00,2659.4,2660.9,2658.1,2660.6,203
2026-01-19 18:10:00+01:00,2660.5,2660.8,2659.8,2660.2,106
2026-01-19 18:20:00+01:00,2659.9,2663.3,2659.9,2663.2,183
2026-01-19 18:30:00+01:00,2663.3,2663.6,2661.9,2662.7,211
2026-01-19 18:40:00+01:00,2662.6,2664.7,2662.6,2663.1,216
2026-01-19 18:50:00+01:00,2663.0,2664.3,2663.0,2664.0,112
2026-01-20 00:00:00+01:00,2664.0,2665.9,2663.3,2663.6,291
2026-01-20 00:10:00+01:00,2663.9,2664.9,2662.7,2664.5,125
2026-01-20 00:30:00+01:00,2664.4,2664.7,2663.7,2664.2,59
2026-01-20 00:50:00+01:00,2663.7,2663.7,2661.4,2662.2,153
2026-01-20 01:00:00+01:00,2662.3,2662.5,2658.8,2658.8,252
2026-01-20 01:10:00+01:00,2658.8,2660.1,2657.1,2658.1,232
2026-01-20 01:20:00+01:00,2657.8,2658.3,2655.6,2656.1,210
2026-01-20 01:30:00+01:00,2656.1,2659.7,2655.8,2659.2,199
2026-01-20 01:40:00+01:00,2659.6,2661.5,2659.3,2661.3,174
2026-01-20 01:50:00+01:00,2661.4,2661.6,2659.4,2659.4,218
2026-01-20 02:00:00+01:00,2659.7,2663.0,2659.6,2661.2,383
2026-01-20 02:10:00+01:00,2661.2,2661.8,2659.0,2660.6,197
2026-01-20 02:20:00+01:00,2661.0,2664.0,2660.9,2663.7,215
2026-01-20 02:30:00+01:00,2663.6,2664.0,2662.5,2663.3,96
2026-01-20 02:40:00+01:00,2663.1,2663.3,2662.3,2662.8,111
2026-01-20 02:50:00+01:00,2662.7,2663.0,2661.8,2662.1,95
2026-01-20 03:00:00+01:00,2662.4,2662.7,2660.8,2661.3,103
2026-01-20 03:10:00+01:00,2661.4,2662.3,2660.0,2660.0,126
2026-01-20 03:20:00+01:00,2659.8,2660.2,2657.9,2659.6,184
2026-01-20 03:30:00+01:00,2660.0,2661.9,2659.9,2661.6,148
2026-01-20 03:40:00+01:00,2662.0,2663.2,2661.9,2662.6,80
2026-01-20 04:10:00+01:00,2661.1,2661.7,2661.0,2661.4,49
2026-01-20 04:30:00+01:00,2660.8,2661.1,2660.2,2660.3,58
2026-01-20 04:50:00+01:00,2661.3,2661.5,2660.2,2661.0,48
2026-01-20 05:10:00+01:00,2659.3,2659.9,2658.6,2659.9,48
2026-01-20 05:20:00+01:00,2659.7,2659.7,2658.8,2658.9,25
2026-01-20 05:40:00+01:00,2660.2,2660.2,2658.6,2659.5,50
2026-01-20 06:00:00+01:00,2657.6,2659.2,2656.9,2658.3,132
2026-01-20 06:10:00+01:00,2658.2,2658.6,2656.6,2657.8,88
2026-01-20 06:20:00+01:00,2658.2,2660.9,2657.8,2660.2,140
2026-01-20 06:30:00+01:00,2660.3,2660.5,2659.0,2659.0,68
2026-01-20 06:50:00+01:00,2659.7,2660.5,2659.1,2659.5,90
2026-01-20 07:00:00+01:00,2659.3,2659.6,2656.4,2656.8,169
2026-01-20 07:10:00+01:00,2656.5,2657.0,2653.4,2653.6,322
2026-01-20 07:20:00+01:00,2653.5,2653.9,2651.3,2652.2,300
2026-01-20 07:30:00+01:00,2651.9,2652.8,2648.7,2649.7,683
2026-01-20 07:40:00+01:00,2649.5,2651.9,2649.2,2650.7,333
2026-01-20 07:50:00+01:00,2650.7,2653.5,2650.1,2653.1,147
2026-01-20 08:00:00+01:00,2653.5,2653.9,2650.9,2652.9,234
2026-01-20 08:10:00+01:00,2652.3,2653.1,2648.9,2649.5,312
2026-01-20 08:20:00+01:00,2649.5,2651.6,2648.1,2650.8,352
2026-01-20 08:30:00+01:00,2650.4,2651.2,2649.1,2649.4,169
2026-01-20 08:40:00+01:00,2649.8,2650.3,2647.7,2649.7,259
2026-01-20 08:50:00+01:00,2649.7,2650.9,2648.8,2649.7,132
2026-01-20 09:00:00+01:00,2650.2,2650.8,2646.8,2648.4,438
2026-01-20 09:10:00+01:00,2648.7,2649.8,2644.0,2644.6,297
2026-01-20 09:20:00+01:00,2644.4,2646.0,2642.8,2645.6,315
2026-01-20 09:30:00+01:00,2645.3,2645.3,2637.2,2638.8,914
2026-01-20 09:40:00+01:00,2639.1,2642.5,2636.7,2641.1,477
2026-01-20 09:50:00+01:00,2641.4,2641.6,2636.8,2637.1,231
2026-01-20 10:00:00+01:00,2637.1,2639.1,2635.8,2637.3,459
2026-01-20 10:10:00+01:00,2637.6,2638.4,2635.3,2636.5,302
2026-01-20 10:20:00+01:00,2637.0,2639.2,2636.0,2638.3,345
2026-01-20 10:30:00+01:00,2638.8,2639.2,2634.2,2635.4,674
2026-01-20 10:40:00+01:00,2635.4,2636.0,2632.0,2632.2,741
2026-01-20 10:50:00+01:00,2631.9,2633.6,2631.6,2633.3,304
2026-01-20 11:00:00+01:00,2633.2,2634.0,2631.0,2632.6,233
2026-01-20 11:10:00+01:00,2633.1,2638.2,2633.1,2637.2,312
2026-01-20 11:20:00+01:00,2636.9,2641.0,2636.9,2640.3,383
2026-01-20 11:30:00+01:00,2640.4,2641.0,2638.5,2639.0,390
2026-01-20 11:40:00+01:00,2638.8,2640.8,2637.8,2640.4,186
2026-01-20 11:50:00+01:00,2639.9,2640.7,2639.6,2640.4,114
2026-01-20 12:00:00+01:00,2640.2,2642.6,2640.2,2641.5,324
2026-01-20 12:10:00+01:00,2641.4,2643.4,2641.3,2641.9,268
2026-01-20 12:20:00+01:00,2641.8,2646.4,2641.1,2644.2,362
2026-01-20 12:30:00+01:00,2644.4,2644.8,2641.8,2643.3,170
2026-01-20 12:40:00+01:00,2643.1,2644.2,2641.9,2643.1,187
2026-01-20 12:50:00+01:00,2643.5,2646.9,2643.4,2645.3,199
2026-01-20 13:00:00+01:00,2645.2,2647.6,2644.5,2647.6,294
2026-01-20 13:10:00+01:00,2647.4,2650.7,2647.3,2647.3,613
2026-01-20 13:20:00+01:00,2647.3,2649.3,2646.5,2648.5,286
2026-01-20 13:30:00+01:00,2648.4,2650.1,2647.9,2650.1,304
2026-01-20 13:40:00+01:00,2650.0,2653.8,2649.9,2653.1,611
2026-01-20 13:50:00+01:00,2653.0,2653.5,2650.0,2650.6,328
2026-01-20 14:00:00+01:00,2650.8,2652.5,2650.1,2650.1,273
2026-01-20 14:10:00+01:00,2650.4,2650.7,2648.4,2649.5,479
2026-01-20 14:20:00+01:00,2649.4,2650.9,2645.7,2645.7,529
2026-01-20 14:30:00+01:00,2646.0,2646.2,2637.6,2640.1,2925
2026-01-20 14:40:00+01:00,2640.4,2642.7,2639.0,2641.5,498
2026-01-20 14:50:00+01:00,2641.5,2641.6,2638.8,2638.9,410
2026-01-20 15:00:00+01:00,2638.6,2642.1,2638.1,2639.3,441
2026-01-20 15:10:00+01:00,2639.5,2639.7,2637.8,2638.5,409
2026-01-20 15:20:00+01:00,2638.5,2644.1,2637.3,2644.1,1178
2026-01-20 15:30:00+01:00,2643.9,2665.6,2643.2,2664.9,9504
2026-01-20 15:40:00+01:00,2665.0,2665.6,2654.9,2657.7,5216
2026-01-20 15:50:00+01:00,2657.6,2663.2,2656.2,2660.1,3346
2026-01-20 16:00:00+01:00,2659.8,2661.4,2652.4,2652.5,3790
2026-01-20 16:10:00+01:00,2652.7,2660.9,2650.4,2654.8,3053
2026-01-20 16:20:00+01:00,2655.0,2672.9,2654.4,2671.0,4726
2026-01-20 16:30:00+01:00,2670.7,2677.3,2669.4,2673.2,3809
2026-01-20 16:40:00+01:00,2673.2,2675.6,2671.2,2671.8,2908
2026-01-20 16:50:00+01:00,2671.8,2675.5,2670.0,2675.3,2151
2026-01-20 17:00:00+01:00,2675.3,2675.9,2668.1,2674.6,1827
2026-01-20 17:10:00+01:00,2674.8,2679.4,2674.7,2675.3,2263
2026-01-20 17:20:00+01:00,2675.3,2679.8,2672.7,2678.8,1806
2026-01-20 17:30:00+01:00,2678.3,2680.6,2677.6,2680.3,1629
2026-01-20 17:40:00+01:00,2680.4,2680.7,2674.2,2677.3,1504
2026-01-20 17:50:00+01:00,2677.0,2681.9,2673.7,2679.9,1847
2026-01-20 18:00:00+01:00,2679.4,2683.4,2678.3,2680.0,1552
2026-01-20 18:10:00+01:00,2679.8,2683.6,2678.1,2681.0,1390
2026-01-20 18:20:00+01:00,2680.9,2681.5,2675.5,2677.8,1628
2026-01-20 18:30:00+01:00,2677.7,2677.7,2668.9,2671.7,2515
2026-01-20 18:40:00+01:00,2671.6,2675.6,2667.3,2668.0,1941
2026-01-20 18:50:00+01:00,2667.9,2671.6,2667.4,2668.7,2140
2026-01-20 19:00:00+01:00,2668.6,2673.7,2667.9,2672.1,2045
2026-01-20 19:10:00+01:00,2672.2,2675.7,2671.7,2673.8,1515
2026-01-20 19:20:00+01:00,2673.9,2674.0,2669.4,2670.6,1199
2026-01-20 19:30:00+01:00,2670.4,2671.6,2663.8,2664.6,1741
2026-01-20 19:40:00+01:00,2664.8,2665.1,2659.9,2659.9,1650
2026-01-20 19:50:00+01:00,2659.7,2662.1,2655.4,2659.8,2030
2026-01-20 20:00:00+01:00,2659.6,2666.0,2659.6,2663.9,1854
2026-01-20 20:10:00+01:00,2663.8,2665.3,2660.4,2662.1,1156
2026-01-20 20:20:00+01:00,2662.3,2663.7,2658.4,2660.3,1100
2026-01-20 20:30:00+01:00,2660.1,2660.6,2650.8,2654.8,2527
2026-01-20 20:40:00+01:00,2654.7,2657.3,2653.8,2655.5,1332
2026-01-20 20:50:00+01:00,2655.6,2658.6,2653.7,2657.5,1426
2026-01-20 21:00:00+01:00,2657.2,2658.9,2653.8,2657.9,1015
2026-01-20 21:10:00+01:00,2658.0,2661.3,2654.5,2660.1,1907
2026-01-20 21:20:00+01:00,2660.0,2661.0,2656.6,2659.5,1250
2026-01-20 21:30:00+01:00,2659.7,2660.2,2656.5,2656.8,1225
2026-01-20 21:40:00+01:00,2656.8,2658.7,2655.0,2656.7,887
2026-01-20 21:50:00+01:00,2656.7,2660.2,2655.5,2659.4,2565
2026-01-20 22:00:00+01:00,2659.4,2663.3,2658.4,2662.9,1064
2026-01-20 22:10:00+01:00,2662.6,2664.1,2662.6,2663.7,340
2026-01-20 22:20:00+01:00,2663.6,2664.6,2662.7,2664.6,210
2026-01-20 22:30:00+01:00,2664.4,2664.4,2662.1,2663.0,208
2026-01-20 22:40:00+01:00,2663.0,2664.0,2662.4,2663.9,147
2026-01-20 22:50:00+01:00,2663.8,2664.7,2663.2,2664.5,147
2026-01-21 00:00:00+01:00,2663.4,2665.8,2663.1,2664.1,302
2026-01-21 00:10:00+01:00,2664.1,2664.4,2662.4,2662.8,153
2026-01-21 00:30:00+01:00,2662.5,2664.3,2662.5,2663.1,124
2026-01-21 00:40:00+01:00,2663.6,2663.6,2659.7,2661.0,328
2026-01-21 00:50:00+01:00,2660.8,2661.0,2659.3,2659.9,378
2026-01-21 01:00:00+01:00,2660.4,2662.5,2660.4,2662.4,219
2026-01-21 01:10:00+01:00,2662.7,2663.6,2662.2,2663.2,195
2026-01-21 01:30:00+01:00,2662.5,2665.0,2662.4,2665.0,211
2026-01-21 01:40:00+01:00,2665.1,2665.5,2663.8,2664.3,102
2026-01-21 01:50:00+01:00,2664.5,2665.0,2664.1,2664.3,51
2026-01-21 02:00:00+01:00,2664.4,2665.4,2663.9,2665.2,164
2026-01-21 02:10:00+01:00,2665.1,2667.2,2665.1,2667.2,278
2026-01-21 02:20:00+01:00,2667.1,2668.1,2666.9,2667.6,153
2026-01-21 02:30:00+01:00,2667.6,2668.3,2666.7,2667.7,162
2026-01-21 02:40:00+01:00,2668.0,2670.3,2667.9,2670.0,336
2026-01-21 02:50:00+01:00,2670.0,2670.7,2669.8,2670.2,145
2026-01-21 03:00:00+01:00,2670.3,2670.5,2669.3,2669.6,123
2026-01-21 03:10:00+01:00,2669.3,2669.6,2668.3,2669.1,115
2026-01-21 03:20:00+01:00,2669.1,2669.5,2667.0,2667.4,220
2026-01-21 03:30:00+01:00,2667.3,2667.3,2665.8,2666.4,234
2026-01-21 03:50:00+01:00,2667.7,2668.3,2667.4,2667.4,103
2026-01-21 04:00:00+01:00,2667.5,2669.0,2667.5,2668.2,101
2026-01-21 04:10:00+01:00,2668.4,2671.0,2667.7,2670.6,220
2026-01-21 04:20:00+01:00,2670.6,2671.7,2670.2,2671.6,141
2026-01-21 04:30:00+01:00,2671.8,2672.5,2671.0,2671.0,148
2026-01-21 04:40:00+01:00,2671.3,2671.6,2669.0,2669.9,167
2026-01-21 04:50:00+01:00,2669.9,2669.9,2668.6,2668.9,100
2026-01-21 05:00:00+01:00,2668.9,2670.4,2668.6,2669.6,147
2026-01-21 05:30:00+01:00,2670.9,2671.1,2670.1,2670.8,85
2026-01-21 06:00:00+01:00,2670.3,2671.1,2668.5,2671.1,327
2026-01-21 06:10:00+01:00,2671.0,2672.1,2671.0,2671.1,92
2026-01-21 06:20:00+01:00,2671.0,2672.2,2670.7,2671.5,144
2026-01-21 06:30:00+01:00,2671.7,2672.5,2671.6,2672.5,68
2026-01-21 06:40:00+01:00,2672.3,2672.8,2671.7,2672.0,65
2026-01-21 07:00:00+01:00,2671.6,2671.7,2670.4,2670.9,87
2026-01-21 07:10:00+01:00,2670.6,2671.6,2670.6,2671.4,70
2026-01-21 07:30:00+01:00,2671.4,2672.8,2671.1,2671.9,219
2026-01-21 08:00:00+01:00,2669.4,2672.8,2669.2,2672.3,250
2026-01-21 08:10:00+01:00,2672.1,2675.2,2672.1,2674.9,322
2026-01-21 08:20:00+01:00,2674.7,2675.3,2674.3,2675.0,142
2026-01-21 08:30:00+01:00,2675.0,2675.3,2673.3,2673.5,159
2026-01-21 08:40:00+01:00,2673.4,2673.5,2671.7,2671.7,123
2026-01-21 09:00:00+01:00,2670.7,2671.9,2669.9,2671.0,141
2026-01-21 09:10:00+01:00,2670.6,2672.0,2669.9,2671.3,86
2026-01-21 09:20:00+01:00,2671.0,2671.8,2669.0,2670.7,132
2026-01-21 09:30:00+01:00,2670.4,2670.5,2668.9,2670.1,67
2026-01-21 09:40:00+01:00,2670.3,2670.4,2669.5,2670.4,60
2026-01-21 10:00:00+01:00,2668.4,2670.4,2668.3,2668.9,87
2026-01-21 10:10:00+01:00,2669.7,2670.6,2669.4,2669.6,69
2026-01-21 10:20:00+01:00,2669.5,2669.9,2667.8,2668.3,99
2026-01-21 10:30:00+01:00,2668.3,2668.5,2666.2,2666.7,146
2026-01-21 10:40:00+01:00,2667.0,2667.1,2663.6,2664.9,263
2026-01-21 10:50:00+01:00,2664.7,2665.1,2661.6,2661.9,521
2026-01-21 11:00:00+01:00,2661.9,2665.3,2661.3,2663.6,253
2026-01-21 11:10:00+01:00,2663.7,2665.8,2663.0,2664.8,203
2026-01-21 11:20:00+01:00,2665.8,2666.4,2663.1,2666.4,163
2026-01-21 11:30:00+01:00,2666.7,2666.8,2665.5,2666.6,179
2026-01-21 11:40:00+01:00,2666.6,2667.2,2666.2,2666.6,85
2026-01-21 11:50:00+01:00,2666.6,2666.6,2664.0,2664.1,113
2026-01-21 12:00:00+01:00,2664.1,2665.2,2663.3,2665.1,124
2026-01-21 12:10:00+01:00,2664.9,2665.0,2663.2,2663.7,89
2026-01-21 12:20:00+01:00,2663.9,2664.9,2662.7,2662.9,194
2026-01-21 12:30:00+01:00,2663.0,2663.5,2660.3,2660.5,179
2026-01-21 12:40:00+01:00,2660.5,2660.7,2657.3,2657.8,393
2026-01-21 12:50:00+01:00,2658.0,2658.0,2652.2,2652.6,642
2026-01-21 13:00:00+01:00,2652.5,2657.2,2651.0,2656.8,738
2026-01-21 13:10:00+01:00,2656.7,2657.7,2655.5,2657.3,276
2026-01-21 13:20:00+01:00,2657.3,2660.8,2656.9,2659.3,379
2026-01-21 13:30:00+01:00,2659.7,2659.7,2655.9,2656.5,388
2026-01-21 13:40:00+01:00,2656.5,2658.8,2655.9,2658.6,296
2026-01-21 13:50:00+01:00,2658.7,2660.8,2658.7,2660.4,236
2026-01-21 14:00:00+01:00,2660.6,2661.2,2658.6,2661.1,349
2026-01-21 14:10:00+01:00,2661.0,2662.5,2660.2,2660.2,378
2026-01-21 14:20:00+01:00,2660.2,2660.4,2657.8,2658.7,377
2026-01-21 14:30:00+01:00,2658.3,2659.0,2656.4,2659.0,386
2026-01-21 14:40:00+01:00,2659.0,2660.0,2656.0,2658.1,453
2026-01-21 14:50:00+01:00,2658.1,2663.1,2657.6,2660.8,1153
2026-01-21 15:00:00+01:00,2660.6,2669.4,2658.0,2666.0,3338
2026-01-21 15:10:00+01:00,2665.9,2678.8,2664.4,2675.6,4657
2026-01-21 15:20:00+01:00,2675.7,2686.6,2672.1,2678.7,4291
2026-01-21 15:30:00+01:00,2678.9,2687.9,2674.8,2686.7,7372
2026-01-21 15:40:00+01:00,2686.7,2690.0,2680.1,2689.7,5239
2026-01-21 15:50:00+01:00,2689.6,2693.8,2684.1,2691.9,3603
2026-01-21 16:00:00+01:00,2691.6,2695.7,2691.1,2692.2,2522
2026-01-21 16:10:00+01:00,2692.8,2700.0,2691.5,2696.9,2769
2026-01-21 16:20:00+01:00,2696.9,2697.1,2687.5,2691.5,3524
2026-01-21 16:30:00+01:00,2691.5,2698.4,2690.8,2697.6,2311
2026-01-21 16:40:00+01:00,2697.7,2701.3,2696.9,2699.1,1933
2026-01-21 16:50:00+01:00,2699.3,2701.8,2698.1,2699.4,1401
2026-01-21 17:00:00+01:00,2699.3,2700.4,2694.2,2695.3,1743
2026-01-21 17:10:00+01:00,2695.3,2697.4,2692.7,2693.5,1584
2026-01-21 17:20:00+01:00,2693.5,2694.5,2689.2,2692.7,1630
2026-01-21 17:30:00+01:00,2692.6,2693.3,2684.0,2684.9,2079
2026-01-21 17:40:00+01:00,2684.9,2685.8,2679.8,2683.5,2678
2026-01-21 17:50:00+01:00,2683.6,2684.7,2673.7,2674.9,2661
2026-01-21 18:00:00+01:00,2674.8,2677.0,2667.5,2668.7,2141
2026-01-21 18:10:00+01:00,2668.6,2670.9,2661.4,2668.4,3000
2026-01-21 18:20:00+01:00,2668.2,2672.4,2666.5,2670.6,2274
2026-01-21 18:30:00+01:00,2670.8,2670.8,2662.9,2667.9,2340
2026-01-21 18:40:00+01:00,2667.8,2670.5,2663.1,2665.8,1464
2026-01-21 18:50:00+01:00,2665.7,2677.1,2664.6,2674.7,1751
2026-01-21 19:00:00+01:00,2674.7,2675.8,2665.2,2667.4,1877
2026-01-21 19:10:00+01:00,2667.8,2672.7,2667.8,2670.1,1100
2026-01-21 19:20:00+01:00,2670.0,2675.2,2667.7,2674.3,1326
2026-01-21 19:30:00+01:00,2674.4,2676.8,2671.6,2674.1,1524
2026-01-21 19:40:00+01:00,2674.1,2678.9,2671.7,2678.6,1264
2026-01-21 19:50:00+01:00,2678.5,2680.3,2676.0,2678.3,944
2026-01-21 20:00:00+01:00,2678.6,2679.0,2672.2,2674.4,927
2026-01-21 20:10:00+01:00,2674.7,2678.0,2673.6,2677.5,760
2026-01-21 20:20:00+01:00,2677.6,2703.7,2676.6,2700.3,6543
2026-01-21 20:30:00+01:00,2700.7,2713.5,2698.8,2710.7,7643
2026-01-21 20:40:00+01:00,2710.8,2719.1,2708.2,2717.3,4605
2026-01-21 20:50:00+01:00,2717.5,2719.0,2709.4,2713.4,4175
2026-01-21 21:00:00+01:00,2713.4,2714.3,2706.7,2708.3,2738
2026-01-21 21:10:00+01:00,2708.0,2708.8,2703.3,2706.6,2323
2026-01-21 21:20:00+01:00,2706.6,2707.4,2701.6,2701.9,1792
2026-01-21 21:30:00+01:00,2701.7,2709.2,2701.0,2707.4,3264
2026-01-21 21:40:00+01:00,2707.6,2709.6,2706.0,2707.7,2234
2026-01-21 21:50:00+01:00,2707.6,2712.1,2706.4,2710.6,3164
2026-01-21 22:00:00+01:00,2710.8,2712.5,2710.5,2711.3,863
2026-01-21 22:10:00+01:00,2711.1,2713.9,2710.4,2713.2,401
2026-01-21 22:20:00+01:00,2713.2,2713.8,2712.0,2712.2,106
2026-01-21 22:30:00+01:00,2712.4,2712.8,2711.2,2711.6,230
2026-01-21 22:40:00+01:00,2711.6,2712.2,2711.2,2711.3,184
2026-01-21 22:50:00+01:00,2711.2,2712.2,2709.9,2711.9,375
2026-01-22 00:00:00+01:00,2712.0,2716.0,2712.0,2715.6,342
2026-01-22 00:10:00+01:00,2715.4,2715.4,2713.1,2713.5,91
2026-01-22 00:20:00+01:00,2713.5,2715.8,2713.3,2715.3,133
2026-01-22 00:30:00+01:00,2715.0,2715.0,2712.3,2713.0,120
2026-01-22 00:40:00+01:00,2712.9,2714.9,2712.6,2713.9,124
2026-01-22 00:50:00+01:00,2713.8,2714.5,2713.5,2713.7,76
2026-01-22 01:00:00+01:00,2713.8,2714.6,2712.5,2714.6,164
2026-01-22 01:10:00+01:00,2714.6,2716.4,2714.1,2715.4,205
2026-01-22 01:20:00+01:00,2715.4,2716.1,2714.5,2714.7,138
2026-01-22 01:30:00+01:00,2715.1,2715.3,2712.8,2713.2,138
2026-01-22 02:10:00+01:00,2714.2,2715.5,2713.6,2714.9,132
2026-01-22 02:20:00+01:00,2714.9,2716.5,2714.9,2716.4,155
2026-01-22 02:30:00+01:00,2716.3,2716.3,2714.2,2714.3,224
2026-01-22 02:40:00+01:00,2714.3,2715.1,2714.1,2714.3,96
2026-01-22 02:50:00+01:00,2714.4,2715.2,2714.2,2715.0,108
2026-01-22 03:00:00+01:00,2715.4,2717.6,2715.1,2717.3,174
2026-01-22 03:10:00+01:00,2717.3,2717.5,2716.9,2717.2,101
2026-01-22 03:20:00+01:00,2717.1,2718.4,2717.1,2717.9,137
2026-01-22 03:30:00+01:00,2717.7,2717.8,2716.8,2717.1,105
2026-01-22 03:40:00+01:00,2717.1,2717.6,2717.0,2717.2,58
2026-01-22 03:50:00+01:00,2717.2,2717.5,2716.9,2717.2,68
2026-01-22 04:00:00+01:00,2717.6,2718.9,2717.5,2718.6,113
2026-01-22 04:20:00+01:00,2718.4,2719.5,2718.4,2719.1,86
2026-01-22 04:30:00+01:00,2719.0,2719.0,2717.6,2717.9,67
2026-01-22 07:10:00+01:00,2713.6,2713.6,2711.3,2712.1,224
2026-01-22 07:20:00+01:00,2712.3,2712.4,2710.3,2710.7,177
2026-01-22 07:30:00+01:00,2710.5,2713.3,2710.5,2712.7,145
2026-01-22 07:50:00+01:00,2713.4,2714.2,2712.3,2713.0,152
2026-01-22 08:00:00+01:00,2713.1,2714.4,2711.5,2711.8,209
2026-01-22 08:10:00+01:00,2711.8,2711.9,2710.5,2711.2,149
2026-01-22 08:20:00+01:00,2711.3,2712.7,2710.8,2712.7,113
2026-01-22 08:30:00+01:00,2712.8,2714.9,2712.8,2714.7,169
2026-01-22 08:40:00+01:00,2714.6,2717.1,2713.5,2714.5,276
2026-01-22 08:50:00+01:00,2714.5,2714.9,2713.4,2714.9,100
2026-01-22 09:00:00+01:00,2714.6,2718.6,2714.1,2717.8,335
2026-01-22 09:10:00+01:00,2717.9,2721.0,2717.8,2717.9,521
2026-01-22 09:20:00+01:00,2718.1,2724.2,2718.1,2721.3,469
2026-01-22 09:30:00+01:00,2721.4,2723.1,2720.1,2723.1,458
2026-01-22 09:40:00+01:00,2723.5,2724.2,2721.2,2722.8,153
2026-01-22 09:50:00+01:00,2723.0,2725.6,2723.0,2725.0,249
2026-01-22 10:00:00+01:00,2724.8,2728.2,2723.9,2727.4,275
2026-01-22 10:10:00+01:00,2727.5,2729.0,2727.2,2728.5,169
2026-01-22 10:20:00+01:00,2728.8,2728.8,2725.9,2726.5,200
2026-01-22 10:30:00+01:00,2726.6,2727.4,2725.9,2727.0,115
2026-01-22 10:40:00+01:00,2727.1,2728.5,2727.1,2728.2,133
2026-01-22 10:50:00+01:00,2728.2,2728.9,2727.8,2728.8,61
2026-01-22 11:00:00+01:00,2728.8,2728.9,2727.0,2728.1,147
2026-01-22 11:10:00+01:00,2728.0,2728.1,2724.4,2724.6,214
2026-01-22 11:20:00+01:00,2724.5,2727.2,2724.4,2725.5,489
2026-01-22 11:30:00+01:00,2725.7,2728.4,2725.7,2727.6,218
2026-01-22 11:40:00+01:00,2727.1,2727.5,2726.6,2727.1,84
2026-01-22 11:50:00+01:00,2727.0,2729.2,2727.0,2728.5,175
2026-01-22 12:00:00+01:00,2728.2,2729.9,2728.2,2729.2,205
2026-01-22 12:10:00+01:00,2729.1,2729.2,2724.4,2728.0,291
2026-01-22 12:20:00+01:00,2728.1,2728.8,2725.0,2725.5,147
2026-01-22 12:30:00+01:00,2725.4,2727.7,2723.2,2723.4,967
2026-01-22 12:40:00+01:00,2723.4,2723.4,2721.2,2721.9,217
2026-01-22 12:50:00+01:00,2722.3,2723.3,2721.7,2722.6,288
2026-01-22 13:00:00+01:00,2722.4,2722.8,2720.8,2722.5,209
2026-01-22 13:10:00+01:00,2722.6,2723.8,2721.5,2723.6,137
2026-01-22 13:20:00+01:00,2723.5,2724.5,2723.1,2723.5,144
2026-01-22 13:30:00+01:00,2722.9,2725.1,2722.0,2723.7,218
2026-01-22 13:40:00+01:00,2723.7,2724.2,2722.3,2722.3,122
2026-01-22 13:50:00+01:00,2722.4,2723.2,2721.1,2723.1,206
2026-01-22 14:00:00+01:00,2723.2,2724.4,2721.5,2722.1,262
2026-01-22 14:10:00+01:00,2722.2,2723.4,2720.7,2722.6,245
2026-01-22 14:20:00+01:00,2722.4,2725.0,2721.9,2724.4,284
2026-01-22 14:30:00+01:00,2724.5,2727.9,2721.6,2726.7,834
2026-01-22 14:40:00+01:00,2726.4,2728.5,2724.4,2727.2,398
2026-01-22 14:50:00+01:00,2727.0,2729.7,2726.1,2729.2,467
2026-01-22 15:00:00+01:00,2729.3,2730.0,2727.5,2728.7,621
2026-01-22 15:10:00+01:00,2728.9,2731.2,2728.1,2730.5,526
2026-01-22 15:20:00+01:00,2730.6,2731.6,2729.2,2731.6,912
2026-01-22 15:30:00+01:00,2731.4,2741.4,2729.8,2741.1,7264
2026-01-22 15:40:00+01:00,2741.1,2742.4,2727.5,2728.0,5670
2026-01-22 15:50:00+01:00,2728.0,2739.5,2727.0,2736.0,4613
2026-01-22 16:00:00+01:00,2736.4,2736.8,2729.3,2733.4,3376
2026-01-22 16:10:00+01:00,2733.3,2738.6,2730.0,2736.9,3126
2026-01-22 16:20:00+01:00,2736.9,2741.6,2734.7,2740.4,3573
2026-01-22 16:30:00+01:00,2740.5,2746.9,2738.9,2746.2,4194
2026-01-22 16:40:00+01:00,2746.4,2748.5,2744.1,2747.8,2176
2026-01-22 16:50:00+01:00,2747.6,2748.8,2744.7,2745.9,2034
2026-01-22 17:00:00+01:00,2745.9,2748.7,2745.7,2747.3,1295
2026-01-22 17:10:00+01:00,2747.4,2748.1,2743.3,2746.0,1399
2026-01-22 17:20:00+01:00,2746.0,2747.5,2744.3,2745.1,1108
2026-01-22 17:30:00+01:00,2745.2,2746.3,2741.8,2744.7,1456
2026-01-22 17:40:00+01:00,2744.6,2746.7,2743.9,2745.8,787
2026-01-22 17:50:00+01:00,2745.6,2746.1,2739.6,2741.8,1396
2026-01-22 18:00:00+01:00,2741.7,2743.3,2739.9,2743.3,1608
2026-01-22 18:10:00+01:00,2743.4,2743.9,2741.8,2742.3,1063
2026-01-22 18:20:00+01:00,2742.3,2743.7,2740.6,2743.7,869
2026-01-22 18:30:00+01:00,2743.8,2747.8,2743.7,2746.1,1249
2026-01-22 18:40:00+01:00,2746.1,2748.3,2745.9,2747.2,643
2026-01-22 18:50:00+01:00,2747.2,2749.0,2745.9,2746.3,817
2026-01-22 19:00:00+01:00,2746.2,2746.9,2742.9,2742.9,1558
2026-01-22 19:10:00+01:00,2743.0,2743.3,2740.3,2742.7,862
2026-01-22 19:20:00+01:00,2742.7,2744.1,2740.1,2741.0,528
2026-01-22 19:30:00+01:00,2740.9,2743.3,2740.5,2743.0,544
2026-01-22 19:40:00+01:00,2742.8,2743.0,2739.4,2740.7,639
2026-01-22 19:50:00+01:00,2740.8,2741.8,2738.9,2740.4,535
2026-01-22 20:00:00+01:00,2740.3,2742.4,2739.3,2741.5,733
2026-01-22 20:10:00+01:00,2741.4,2742.4,2738.1,2739.3,593
2026-01-22 20:20:00+01:00,2739.4,2740.7,2738.3,2738.8,496
2026-01-22 20:30:00+01:00,2738.6,2739.0,2736.2,2736.5,674
2026-01-22 20:40:00+01:00,2736.4,2737.6,2735.4,2736.2,693
2026-01-22 20:50:00+01:00,2736.5,2737.5,2732.3,2732.7,1070
2026-01-22 21:00:00+01:00,2732.2,2734.7,2731.1,2733.1,1286
2026-01-22 21:10:00+01:00,2733.2,2736.7,2732.9,2735.4,847
2026-01-22 21:20:00+01:00,2735.4,2735.9,2732.6,2732.7,669
2026-01-22 21:30:00+01:00,2732.5,2732.6,2729.2,2729.6,1282
2026-01-22 21:40:00+01:00,2729.4,2731.4,2728.2,2729.1,1543
2026-01-22 21:50:00+01:00,2729.2,2732.3,2727.7,2731.2,2899
2026-01-22 22:00:00+01:00,2731.2,2732.0,2729.8,2730.5,1049
2026-01-22 22:10:00+01:00,2730.4,2731.3,2730.1,2731.1,165
2026-01-22 22:20:00+01:00,2731.1,2731.5,2730.6,2731.3,107
2026-01-22 22:30:00+01:00,2731.1,2732.0,2730.7,2730.7,143
2026-01-22 22:40:00+01:00,2730.7,2731.2,2729.8,2729.8,72
2026-01-22 22:50:00+01:00,2730.0,2730.5,2727.3,2729.1,258
2026-01-23 00:00:00+01:00,2728.6,2730.4,2726.1,2729.9,282
2026-01-23 00:10:00+01:00,2730.1,2730.6,2729.1,2729.3,127
2026-01-23 00:20:00+01:00,2729.1,2731.6,2729.0,2730.4,131
2026-01-23 00:30:00+01:00,2730.1,2731.3,2729.9,2731.0,129
2026-01-23 00:50:00+01:00,2729.5,2730.3,2728.5,2730.3,108
2026-01-23 01:00:00+01:00,2730.1,2731.7,2729.0,2731.5,181
2026-01-23 01:10:00+01:00,2731.6,2732.2,2730.4,2732.0,169
2026-01-23 01:20:00+01:00,2732.0,2732.7,2731.8,2732.3,195
2026-01-23 01:30:00+01:00,2732.3,2733.3,2732.0,2733.1,117
2026-01-23 01:40:00+01:00,2733.0,2733.8,2733.0,2733.3,109
2026-01-23 02:00:00+01:00,2733.3,2735.1,2733.1,2735.0,300
2026-01-23 02:10:00+01:00,2734.8,2736.2,2734.7,2735.5,201
2026-01-23 02:20:00+01:00,2735.6,2736.0,2733.4,2734.2,322
2026-01-23 02:30:00+01:00,2734.1,2735.5,2733.9,2735.5,177
2026-01-23 02:40:00+01:00,2735.2,2735.9,2734.7,2735.9,66
2026-01-23 02:50:00+01:00,2736.0,2736.8,2735.7,2736.6,110
2026-01-23 03:00:00+01:00,2736.9,2736.9,2735.4,2735.6,85
2026-01-23 03:20:00+01:00,2735.1,2735.5,2733.8,2734.4,74
2026-01-23 03:30:00+01:00,2734.2,2734.2,2732.9,2733.4,104
2026-01-23 03:40:00+01:00,2733.3,2733.4,2732.6,2733.2,100
2026-01-23 04:00:00+01:00,2732.8,2734.6,2732.8,2734.5,76
2026-01-23 04:10:00+01:00,2734.5,2735.7,2733.9,2735.5,88
2026-01-23 04:20:00+01:00,2735.7,2736.1,2735.3,2735.3,97
2026-01-23 04:30:00+01:00,2735.5,2735.7,2734.2,2734.8,83
2026-01-23 05:10:00+01:00,2734.9,2735.3,2734.6,2734.7,61
2026-01-23 05:50:00+01:00,2734.3,2735.5,2734.2,2735.0,43
2026-01-23 06:10:00+01:00,2735.2,2735.9,2735.1,2735.7,36
2026-01-23 06:50:00+01:00,2735.5,2736.6,2735.5,2736.6,117
2026-01-23 07:00:00+01:00,2736.5,2737.2,2735.8,2735.8,75
2026-01-23 07:10:00+01:00,2735.9,2736.8,2735.4,2736.7,69
2026-01-23 07:30:00+01:00,2735.9,2736.5,2734.3,2734.7,146
2026-01-23 08:10:00+01:00,2734.4,2736.1,2734.0,2736.1,129
2026-01-23 08:40:00+01:00,2734.6,2735.5,2733.5,2734.9,211
2026-01-23 08:50:00+01:00,2734.9,2735.2,2734.4,2735.0,82
2026-01-23 09:00:00+01:00,2734.7,2735.5,2732.6,2735.5,185
2026-01-23 09:10:00+01:00,2735.4,2735.7,2732.9,2734.0,128
2026-01-23 09:20:00+01:00,2734.1,2734.4,2730.9,2731.5,161
2026-01-23 09:30:00+01:00,2732.1,2732.6,2729.6,2731.5,165
2026-01-23 09:40:00+01:00,2731.3,2732.2,2729.9,2730.1,194
2026-01-23 09:50:00+01:00,2730.0,2730.6,2727.5,2729.0,242
2026-01-23 10:00:00+01:00,2729.2,2731.4,2728.6,2731.2,216
2026-01-23 10:10:00+01:00,2731.3,2731.4,2729.3,2729.9,151
2026-01-23 10:20:00+01:00,2730.1,2730.9,2729.2,2729.5,94
2026-01-23 10:30:00+01:00,2729.7,2729.7,2726.7,2727.3,247
2026-01-23 10:40:00+01:00,2727.4,2727.4,2724.5,2726.1,344
2026-01-23 10:50:00+01:00,2726.3,2728.4,2725.4,2728.3,275
2026-01-23 11:00:00+01:00,2727.6,2727.7,2725.8,2726.6,102
2026-01-23 11:10:00+01:00,2726.7,2727.1,2724.2,2726.2,234
2026-01-23 11:20:00+01:00,2726.4,2727.0,2725.8,2726.2,99
2026-01-23 11:30:00+01:00,2726.2,2726.3,2724.7,2725.4,82
2026-01-23 11:40:00+01:00,2725.4,2726.0,2724.5,2724.6,175
2026-01-23 11:50:00+01:00,2724.7,2726.6,2724.7,2726.1,163
2026-01-23 12:00:00+01:00,2726.8,2729.8,2725.7,2726.0,806
2026-01-23 12:10:00+01:00,2725.9,2728.5,2725.5,2727.8,160
2026-01-23 12:20:00+01:00,2727.8,2728.1,2726.8,2728.0,159
2026-01-23 12:30:00+01:00,2727.9,2729.1,2727.4,2727.9,125
2026-01-23 12:50:00+01:00,2726.3,2726.3,2724.6,2724.9,121
2026-01-23 13:00:00+01:00,2725.2,2726.0,2724.2,2725.8,176
2026-01-23 13:10:00+01:00,2726.0,2727.9,2725.0,2725.5,200
2026-01-23 13:20:00+01:00,2725.4,2726.8,2725.4,2726.3,79
2026-01-23 13:30:00+01:00,2726.4,2727.1,2723.9,2726.6,158
2026-01-23 13:40:00+01:00,2726.5,2729.2,2726.5,2729.1,180
2026-01-23 13:50:00+01:00,2729.2,2730.2,2728.1,2728.3,194
2026-01-23 14:00:00+01:00,2728.5,2728.5,2725.0,2725.2,287
2026-01-23 14:10:00+01:00,2725.2,2726.0,2724.4,2724.9,277
2026-01-23 14:20:00+01:00,2725.1,2725.1,2721.0,2721.2,412
2026-01-23 14:30:00+01:00,2721.3,2722.2,2719.5,2722.2,609
2026-01-23 14:40:00+01:00,2722.3,2723.9,2721.2,2722.2,349
2026-01-23 14:50:00+01:00,2722.2,2722.2,2719.4,2720.0,311
2026-01-23 15:00:00+01:00,2720.2,2721.3,2718.6,2721.1,367
2026-01-23 15:10:00+01:00,2721.1,2721.5,2718.8,2721.2,270
2026-01-23 15:20:00+01:00,2721.1,2722.5,2719.9,2722.5,631
2026-01-23 15:30:00+01:00,2722.3,2722.4,2709.9,2712.4,6711
2026-01-23 15:40:00+01:00,2712.5,2716.9,2708.5,2708.7,3657
2026-01-23 15:50:00+01:00,2708.5,2714.6,2707.3,2712.8,3076
2026-01-23 16:00:00+01:00,2713.4,2715.7,2702.1,2703.3,4547
2026-01-23 16:10:00+01:00,2703.2,2704.3,2696.9,2697.2,3911
2026-01-23 16:20:00+01:00,2697.6,2707.7,2697.5,2703.4,3861
2026-01-23 16:30:00+01:00,2703.3,2706.1,2700.8,2702.3,1462
2026-01-23 16:40:00+01:00,2702.4,2705.1,2700.8,2704.5,1179
2026-01-23 16:50:00+01:00,2704.5,2704.9,2702.1,2702.7,828
2026-01-23 17:00:00+01:00,2702.8,2705.4,2701.9,2703.4,1097
2026-01-23 17:10:00+01:00,2703.6,2706.2,2702.8,2705.3,720
2026-01-23 17:20:00+01:00,2705.1,2705.1,2698.8,2699.3,1303
2026-01-23 17:30:00+01:00,2699.4,2699.9,2695.3,2698.8,2512
2026-01-23 17:40:00+01:00,2698.7,2699.7,2696.8,2697.9,1188
2026-01-23 17:50:00+01:00,2697.6,2698.7,2692.4,2693.5,1856
2026-01-23 18:00:00+01:00,2693.2,2695.1,2691.0,2693.0,1606
2026-01-23 18:10:00+01:00,2693.0,2695.9,2692.4,2694.3,803
2026-01-23 18:20:00+01:00,2694.2,2696.3,2692.9,2695.8,683
2026-01-23 18:30:00+01:00,2695.8,2696.7,2689.5,2690.5,1690
2026-01-23 18:40:00+01:00,2690.6,2690.8,2683.9,2686.4,3574
2026-01-23 18:50:00+01:00,2686.3,2686.4,2677.3,2679.0,2547
2026-01-23 19:00:00+01:00,2679.1,2686.0,2678.6,2685.3,2158
2026-01-23 19:10:00+01:00,2685.4,2685.8,2681.2,2681.3,1110
2026-01-23 19:20:00+01:00,2681.5,2682.6,2679.4,2681.3,930
2026-01-23 19:30:00+01:00,2681.2,2682.5,2678.0,2681.2,1092
2026-01-23 19:40:00+01:00,2680.7,2680.8,2676.9,2678.3,1083
2026-01-23 19:50:00+01:00,2678.1,2681.9,2677.0,2681.5,728
2026-01-23 20:00:00+01:00,2681.5,2684.8,2680.4,2684.4,1280
2026-01-23 20:10:00+01:00,2684.4,2686.2,2682.7,2685.8,793
2026-01-23 20:20:00+01:00,2685.8,2688.7,2685.4,2686.0,1053
2026-01-23 20:30:00+01:00,2685.9,2687.3,2681.9,2682.5,1087
2026-01-23 20:40:00+01:00,2682.5,2683.7,2680.8,2681.2,831
2026-01-23 20:50:00+01:00,2681.2,2683.2,2680.8,2682.2,551
2026-01-23 21:00:00+01:00,2682.0,2682.2,2678.4,2679.2,1361
2026-01-23 21:10:00+01:00,2679.2,2681.9,2677.5,2679.8,707
2026-01-23 21:20:00+01:00,2679.7,2680.7,2678.3,2679.7,413
2026-01-23 21:30:00+01:00,2679.0,2680.8,2676.1,2680.7,1914
2026-01-23 21:40:00+01:00,2680.7,2682.7,2679.3,2681.4,1545
2026-01-23 21:50:00+01:00,2681.2,2684.3,2679.0,2679.9,2532
2026-01-23 22:00:00+01:00,2679.8,2679.8,2672.4,2672.6,1564
2026-01-23 22:10:00+01:00,2672.8,2674.1,2671.1,2672.3,635
2026-01-23 22:30:00+01:00,2670.6,2673.3,2670.1,2672.8,310
2026-01-23 22:40:00+01:00,2672.7,2672.7,2671.0,2671.3,215
2026-01-23 22:50:00+01:00,2671.3,2672.8,2670.0,2671.2,481
2026-01-26 00:00:00+01:00,2664.6,2665.9,2643.5,2653.6,1608
2026-01-26 00:10:00+01:00,2653.8,2659.0,2653.3,2659.0,593
2026-01-26 00:20:00+01:00,2659.1,2663.1,2658.5,2662.5,771
2026-01-26 00:30:00+01:00,2662.6,2663.5,2658.9,2659.1,394
2026-01-26 00:40:00+01:00,2659.3,2662.3,2658.8,2661.5,398
2026-01-26 00:50:00+01:00,2661.2,2665.2,2660.1,2663.9,397
2026-01-26 01:00:00+01:00,2664.0,2667.3,2663.2,2667.2,529
2026-01-26 01:10:00+01:00,2667.1,2668.0,2664.5,2664.8,501
2026-01-26 01:20:00+01:00,2664.7,2667.0,2664.5,2666.3,397
2026-01-26 01:30:00+01:00,2666.1,2666.7,2662.9,2663.0,419
2026-01-26 01:40:00+01:00,2663.1,2663.7,2661.9,2662.7,238
2026-01-26 01:50:00+01:00,2662.7,2663.5,2660.8,2662.2,221
2026-01-26 02:00:00+01:00,2662.2,2666.8,2661.7,2665.0,483
2026-01-26 02:10:00+01:00,2665.0,2666.6,2664.7,2666.2,252
2026-01-26 02:20:00+01:00,2666.1,2669.4,2666.1,2668.0,332
2026-01-26 02:30:00+01:00,2668.3,2668.9,2666.9,2668.1,248
2026-01-26 02:40:00+01:00,2667.7,2669.4,2667.7,2669.1,206
2026-01-26 02:50:00+01:00,2669.0,2670.6,2667.8,2669.0,272
2026-01-26 03:00:00+01:00,2669.1,2669.4,2668.0,2668.1,116
2026-01-26 03:10:00+01:00,2668.3,2669.8,2668.2,2668.6,127
2026-01-26 03:20:00+01:00,2668.3,2669.2,2667.3,2668.6,168
2026-01-26 03:30:00+01:00,2668.5,2668.6,2665.0,2665.5,267
2026-01-26 03:40:00+01:00,2665.6,2665.9,2662.6,2664.1,257
2026-01-26 03:50:00+01:00,2664.0,2665.6,2664.0,2665.2,227
2026-01-26 04:00:00+01:00,2665.3,2668.7,2665.3,2668.5,294
2026-01-26 04:10:00+01:00,2668.5,2668.7,2667.1,2667.6,99
2026-01-26 04:20:00+01:00,2667.8,2668.0,2666.5,2666.9,135
2026-01-26 04:30:00+01:00,2666.6,2667.1,2664.5,2665.0,187
2026-01-26 04:40:00+01:00,2665.2,2666.0,2664.8,2665.8,61
2026-01-26 04:50:00+01:00,2665.9,2666.5,2665.4,2666.0,92
2026-01-26 06:20:00+01:00,2667.4,2668.8,2667.0,2668.2,100
2026-01-26 06:30:00+01:00,2668.3,2669.3,2667.8,2668.3,89
2026-01-26 06:50:00+01:00,2669.0,2669.8,2668.9,2669.5,79
2026-01-26 07:00:00+01:00,2669.6,2670.6,2669.3,2669.7,165
2026-01-26 07:10:00+01:00,2669.9,2671.9,2669.7,2671.0,109
2026-01-26 07:20:00+01:00,2671.2,2671.2,2670.1,2670.8,116
2026-01-26 07:50:00+01:00,2670.9,2672.5,2670.5,2670.8,166
2026-01-26 08:00:00+01:00,2670.8,2671.9,2670.5,2671.0,114
2026-01-26 08:30:00+01:00,2672.7,2672.9,2671.3,2672.6,82
2026-01-26 08:40:00+01:00,2672.7,2673.7,2672.5,2673.1,137
2026-01-26 08:50:00+01:00,2673.0,2676.6,2673.0,2674.7,322
2026-01-26 09:00:00+01:00,2674.9,2676.6,2674.1,2674.4,170
2026-01-26 09:10:00+01:00,2674.1,2675.6,2673.3,2674.5,99
2026-01-26 09:20:00+01:00,2674.5,2676.7,2673.9,2675.2,146
2026-01-26 09:30:00+01:00,2675.4,2677.6,2675.4,2676.7,155
2026-01-26 09:40:00+01:00,2676.3,2676.9,2675.5,2676.1,66
2026-01-26 10:00:00+01:00,2676.3,2678.5,2676.1,2678.1,133
2026-01-26 10:10:00+01:00,2677.7,2678.0,2676.4,2677.5,104
2026-01-26 10:20:00+01:00,2677.4,2677.7,2676.5,2677.7,95
2026-01-26 10:30:00+01:00,2677.9,2677.9,2671.8,2671.9,255
2026-01-26 10:40:00+01:00,2672.1,2673.3,2670.0,2670.0,194
2026-01-26 10:50:00+01:00,2669.7,2672.4,2668.5,2671.8,339
2026-01-26 11:00:00+01:00,2671.6,2672.1,2669.2,2669.6,216
2026-01-26 11:10:00+01:00,2669.7,2671.8,2669.6,2671.6,140
2026-01-26 11:20:00+01:00,2671.7,2674.1,2671.0,2673.3,143
2026-01-26 11:30:00+01:00,2673.2,2673.9,2672.0,2673.9,131
2026-01-26 11:40:00+01:00,2674.0,2674.3,2672.9,2673.5,158
2026-01-26 12:00:00+01:00,2672.4,2673.5,2672.3,2672.3,119
2026-01-26 12:10:00+01:00,2672.4,2672.9,2671.8,2672.9,59
2026-01-26 12:20:00+01:00,2672.7,2673.2,2671.7,2672.4,137
2026-01-26 12:30:00+01:00,2672.6,2672.8,2672.0,2672.6,78
2026-01-26 12:40:00+01:00,2672.5,2672.6,2671.0,2671.3,103
2026-01-26 12:50:00+01:00,2671.4,2672.6,2671.4,2671.9,92
2026-01-26 13:00:00+01:00,2671.9,2676.3,2671.9,2675.6,353
2026-01-26 13:10:00+01:00,2675.6,2677.1,2675.5,2676.6,458
2026-01-26 13:20:00+01:00,2676.7,2676.8,2675.2,2676.0,116
2026-01-26 13:30:00+01:00,2675.7,2676.4,2675.3,2675.8,126
2026-01-26 13:40:00+01:00,2675.7,2675.8,2674.2,2674.5,170
2026-01-26 13:50:00+01:00,2674.5,2676.4,2674.5,2675.8,136
2026-01-26 14:00:00+01:00,2675.9,2678.4,2675.3,2677.6,379
2026-01-26 14:10:00+01:00,2677.6,2680.6,2677.6,2680.0,357
2026-01-26 14:20:00+01:00,2680.5,2680.5,2676.7,2676.8,347
2026-01-26 14:30:00+01:00,2676.8,2677.7,2674.5,2677.0,280
2026-01-26 14:40:00+01:00,2677.1,2680.6,2675.9,2680.3,498
2026-01-26 14:50:00+01:00,2680.3,2683.1,2679.8,2682.8,751
2026-01-26 15:00:00+01:00,2682.8,2683.6,2680.9,2682.3,649
2026-01-26 15:10:00+01:00,2682.3,2682.4,2680.7,2680.8,676
2026-01-26 15:20:00+01:00,2680.8,2682.0,2679.6,2682.0,710
2026-01-26 15:30:00+01:00,2682.1,2685.6,2674.6,2681.8,6093
2026-01-26 15:40:00+01:00,2681.6,2695.8,2681.3,2694.9,4748
2026-01-26 15:50:00+01:00,2695.0,2697.9,2687.8,2689.2,3465
2026-01-26 16:00:00+01:00,2688.7,2689.5,2683.3,2683.9,2540
2026-01-26 16:10:00+01:00,2683.8,2688.4,2682.1,2688.1,2502
2026-01-26 16:20:00+01:00,2688.4,2688.6,2677.0,2677.9,2578
2026-01-26 16:30:00+01:00,2677.8,2681.9,2675.4,2676.2,2357
2026-01-26 16:40:00+01:00,2676.3,2677.3,2668.2,2674.8,4105
2026-01-26 16:50:00+01:00,2674.9,2677.2,2671.8,2672.6,2023
2026-01-26 17:00:00+01:00,2672.6,2673.7,2670.5,2671.5,1436
2026-01-26 17:10:00+01:00,2671.4,2672.3,2665.8,2668.1,2917
2026-01-26 17:20:00+01:00,2667.7,2671.2,2666.2,2670.1,1668
2026-01-26 17:30:00+01:00,2670.4,2672.6,2666.7,2670.7,1828
2026-01-26 17:40:00+01:00,2670.5,2670.9,2667.6,2669.4,987
2026-01-26 17:50:00+01:00,2669.2,2671.8,2668.3,2668.8,815
2026-01-26 18:00:00+01:00,2668.4,2672.4,2667.6,2670.2,945
2026-01-26 18:10:00+01:00,2670.4,2672.9,2668.6,2672.0,532
2026-01-26 18:20:00+01:00,2671.6,2675.8,2671.2,2675.2,1056
2026-01-26 18:30:00+01:00,2675.3,2677.9,2675.2,2675.7,944
2026-01-26 18:40:00+01:00,2675.7,2676.4,2673.3,2674.5,800
2026-01-26 18:50:00+01:00,2674.7,2675.9,2672.8,2672.8,814
2026-01-26 19:00:00+01:00,2672.7,2673.2,2670.5,2671.0,867
2026-01-26 19:10:00+01:00,2671.4,2674.8,2670.0,2674.1,761
2026-01-26 19:20:00+01:00,2674.2,2676.0,2673.3,2674.7,719
2026-01-26 19:30:00+01:00,2674.5,2675.8,2672.1,2672.3,586
2026-01-26 19:40:00+01:00,2672.3,2674.3,2671.7,2673.9,913
2026-01-26 19:50:00+01:00,2673.7,2674.5,2672.1,2673.2,297
2026-01-26 20:00:00+01:00,2673.2,2674.4,2672.2,2673.6,370
2026-01-26 20:10:00+01:00,2673.6,2675.0,2672.2,2672.7,473
2026-01-26 20:20:00+01:00,2672.7,2674.2,2672.0,2674.0,247
2026-01-26 20:30:00+01:00,2673.8,2675.5,2671.9,2672.6,539
2026-01-26 20:40:00+01:00,2672.3,2672.8,2670.0,2670.3,582
2026-01-26 20:50:00+01:00,2670.3,2670.7,2668.8,2670.0,868
2026-01-26 21:00:00+01:00,2669.9,2673.2,2668.1,2672.5,801
2026-01-26 21:10:00+01:00,2672.7,2673.7,2671.0,2672.4,511
2026-01-26 21:20:00+01:00,2672.2,2673.4,2671.2,2672.6,452
2026-01-26 21:30:00+01:00,2672.9,2674.7,2672.8,2672.8,461
2026-01-26 21:40:00+01:00,2672.7,2673.7,2670.5,2672.1,971
2026-01-26 21:50:00+01:00,2672.0,2673.0,2669.8,2670.8,1748
2026-01-26 22:00:00+01:00,2670.9,2671.2,2669.6,2670.6,654
2026-01-26 22:10:00+01:00,2670.5,2672.3,2670.1,2671.7,210
2026-01-26 22:20:00+01:00,2671.6,2672.3,2671.3,2672.2,170
2026-01-26 22:30:00+01:00,2672.2,2672.3,2670.8,2670.9,154
2026-01-26 22:40:00+01:00,2670.9,2671.6,2670.7,2670.9,98
2026-01-26 22:50:00+01:00,2671.0,2671.5,2669.4,2670.7,215
2026-01-27 00:00:00+01:00,2670.5,2670.7,2666.6,2668.3,307
2026-01-27 00:10:00+01:00,2668.4,2669.9,2668.2,2669.3,125
2026-01-27 00:20:00+01:00,2669.4,2670.6,2667.9,2667.9,176
2026-01-27 00:40:00+01:00,2669.1,2670.3,2669.1,2670.2,132
2026-01-27 00:50:00+01:00,2670.1,2670.4,2669.3,2669.6,70
2026-01-27 01:00:00+01:00,2669.6,2669.7,2668.1,2668.7,189
2026-01-27 01:10:00+01:00,2668.9,2670.3,2668.7,2670.3,95
2026-01-27 01:30:00+01:00,2669.5,2670.1,2669.2,2669.6,35
2026-01-27 01:40:00+01:00,2669.6,2670.4,2669.2,2669.8,86
2026-01-27 02:10:00+01:00,2669.8,2671.2,2669.3,2671.0,97
2026-01-27 02:30:00+01:00,2671.2,2672.1,2670.9,2671.8,102
2026-01-27 02:40:00+01:00,2672.0,2673.3,2671.8,2673.3,181
2026-01-27 03:00:00+01:00,2672.8,2675.7,2672.7,2675.3,223
2026-01-27 03:10:00+01:00,2675.3,2675.7,2675.2,2675.4,82
2026-01-27 03:20:00+01:00,2675.4,2675.9,2675.2,2675.3,118
2026-01-27 03:30:00+01:00,2675.6,2676.2,2674.9,2675.9,72
2026-01-27 04:00:00+01:00,2676.8,2678.1,2676.6,2677.6,138
2026-01-27 04:20:00+01:00,2677.2,2677.6,2677.0,2677.3,58
2026-01-27 04:30:00+01:00,2677.4,2678.4,2676.8,2678.3,145
2026-01-27 04:40:00+01:00,2678.4,2678.8,2677.2,2678.2,111
2026-01-27 05:00:00+01:00,2678.6,2680.5,2678.3,2680.5,149
2026-01-27 05:10:00+01:00,2680.6,2682.1,2680.4,2680.6,371
2026-01-27 05:20:00+01:00,2680.5,2680.9,2679.6,2679.8,68
2026-01-27 05:30:00+01:00,2680.1,2680.1,2679.4,2679.9,42
2026-01-27 05:40:00+01:00,2679.9,2680.4,2679.7,2680.1,73
2026-01-27 06:00:00+01:00,2680.0,2680.1,2678.5,2678.7,112
2026-01-27 06:40:00+01:00,2679.8,2681.2,2679.8,2681.1,64
2026-01-27 06:50:00+01:00,2681.5,2681.9,2681.3,2681.7,63
2026-01-27 07:20:00+01:00,2681.7,2681.8,2681.0,2681.1,63
2026-01-27 08:00:00+01:00,2681.0,2681.5,2680.7,2681.3,90
2026-01-27 08:10:00+01:00,2681.1,2681.8,2680.9,2681.5,104
2026-01-27 08:30:00+01:00,2680.5,2682.5,2680.1,2682.3,132
2026-01-27 08:40:00+01:00,2682.2,2682.8,2680.2,2680.5,90
2026-01-27 08:50:00+01:00,2680.5,2681.4,2679.7,2681.2,89
2026-01-27 09:00:00+01:00,2681.1,2682.2,2680.2,2680.5,111
2026-01-27 09:10:00+01:00,2680.7,2681.4,2679.6,2679.8,98
2026-01-27 09:20:00+01:00,2680.1,2680.3,2677.5,2678.5,282
2026-01-27 09:30:00+01:00,2678.4,2679.2,2677.1,2677.6,108
2026-01-27 09:40:00+01:00,2677.9,2679.2,2677.5,2678.8,103
2026-01-27 09:50:00+01:00,2678.8,2680.1,2678.3,2678.6,104
2026-01-27 10:00:00+01:00,2679.0,2680.1,2678.7,2679.0,71
2026-01-27 10:10:00+01:00,2679.1,2680.0,2678.4,2678.4,69
2026-01-27 10:20:00+01:00,2678.4,2679.7,2678.2,2678.7,106
2026-01-27 10:30:00+01:00,2678.4,2680.9,2677.9,2680.5,238
2026-01-27 11:00:00+01:00,2679.8,2681.7,2679.7,2681.4,62
2026-01-27 11:50:00+01:00,2680.0,2680.8,2679.1,2679.6,79
2026-01-27 12:00:00+01:00,2679.5,2679.7,2677.7,2678.0,143
2026-01-27 12:10:00+01:00,2678.2,2678.4,2677.5,2677.8,88
2026-01-27 12:20:00+01:00,2677.9,2679.4,2677.8,2678.4,96
2026-01-27 12:30:00+01:00,2678.5,2680.0,2678.5,2678.5,82
2026-01-27 12:40:00+01:00,2678.6,2678.6,2678.0,2678.3,69
2026-01-27 12:50:00+01:00,2678.4,2678.8,2675.4,2677.5,199
2026-01-27 13:00:00+01:00,2677.7,2677.9,2675.8,2676.3,172
2026-01-27 13:10:00+01:00,2676.5,2677.0,2675.0,2676.1,190
2026-01-27 13:20:00+01:00,2675.7,2676.6,2673.7,2673.8,186
2026-01-27 13:30:00+01:00,2674.1,2676.4,2673.3,2676.0,215
2026-01-27 13:40:00+01:00,2676.2,2676.7,2675.0,2675.0,96
2026-01-27 13:50:00+01:00,2675.2,2675.6,2673.5,2673.8,119
2026-01-27 14:00:00+01:00,2673.8,2674.7,2672.5,2672.6,204
2026-01-27 14:10:00+01:00,2672.7,2675.0,2672.2,2673.8,179
2026-01-27 14:20:00+01:00,2673.6,2674.2,2672.4,2672.9,147
2026-01-27 14:30:00+01:00,2672.8,2676.4,2672.3,2674.9,639
2026-01-27 14:40:00+01:00,2675.1,2675.4,2671.9,2672.2,318
2026-01-27 14:50:00+01:00,2672.2,2672.2,2668.5,2670.4,908
2026-01-27 15:00:00+01:00,2670.5,2671.8,2669.3,2671.7,312
2026-01-27 15:10:00+01:00,2671.7,2672.0,2670.2,2670.6,257
2026-01-27 15:20:00+01:00,2670.6,2671.6,2669.4,2671.2,582
2026-01-27 15:30:00+01:00,2671.2,2674.9,2660.9,2661.0,6946
2026-01-27 15:40:00+01:00,2661.1,2669.3,2660.7,2664.3,2966
2026-01-27 15:50:00+01:00,2664.6,2667.2,2659.3,2659.5,2730
2026-01-27 16:00:00+01:00,2660.0,2666.0,2657.3,2666.0,2692
2026-01-27 16:10:00+01:00,2665.9,2672.5,2665.8,2672.2,2440
2026-01-27 16:20:00+01:00,2672.2,2676.0,2668.6,2668.7,2582
2026-01-27 16:30:00+01:00,2668.6,2669.8,2663.7,2664.7,2488
2026-01-27 16:40:00+01:00,2664.5,2668.2,2663.4,2665.5,1736
2026-01-27 16:50:00+01:00,2665.5,2668.8,2664.3,2667.8,987
2026-01-27 17:00:00+01:00,2667.5,2669.1,2663.7,2667.3,970
2026-01-27 17:10:00+01:00,2667.9,2673.0,2667.4,2672.7,871
2026-01-27 17:20:00+01:00,2672.7,2674.8,2671.1,2673.1,1192
2026-01-27 17:30:00+01:00,2673.2,2674.6,2671.6,2674.1,714
2026-01-27 17:40:00+01:00,2674.2,2675.7,2672.4,2673.7,731
2026-01-27 17:50:00+01:00,2673.2,2673.5,2668.9,2669.9,1059
2026-01-27 18:00:00+01:00,2669.8,2671.4,2668.9,2669.4,651
2026-01-27 18:10:00+01:00,2669.3,2669.6,2663.0,2663.3,1103
2026-01-27 18:20:00+01:00,2663.1,2667.5,2662.9,2666.4,944
2026-01-27 18:30:00+01:00,2666.5,2667.4,2663.8,2665.4,628
2026-01-27 18:40:00+01:00,2665.2,2666.8,2663.6,2665.8,522
2026-01-27 18:50:00+01:00,2665.8,2667.9,2663.8,2664.7,514
2026-01-27 19:00:00+01:00,2664.8,2665.6,2660.5,2661.4,894
2026-01-27 19:10:00+01:00,2661.2,2664.2,2660.0,2663.9,881
2026-01-27 19:20:00+01:00,2663.9,2668.5,2663.7,2668.1,785
2026-01-27 19:30:00+01:00,2667.8,2670.2,2667.3,2668.4,744
2026-01-27 19:40:00+01:00,2668.6,2670.2,2668.2,2668.8,375
2026-01-27 19:50:00+01:00,2668.6,2670.7,2668.6,2669.6,863
2026-01-27 20:00:00+01:00,2669.6,2671.3,2668.1,2671.1,496
2026-01-27 20:10:00+01:00,2671.0,2673.5,2670.6,2673.0,631
2026-01-27 20:20:00+01:00,2673.1,2675.5,2673.0,2675.1,561
2026-01-27 20:30:00+01:00,2675.0,2675.7,2674.2,2674.7,445
2026-01-27 20:40:00+01:00,2674.8,2675.1,2672.8,2674.9,545
2026-01-27 20:50:00+01:00,2674.7,2674.8,2673.2,2674.7,255
2026-01-27 21:00:00+01:00,2674.5,2677.9,2673.2,2677.2,892
2026-01-27 21:10:00+01:00,2677.3,2679.5,2677.0,2677.7,815
2026-01-27 21:20:00+01:00,2677.5,2679.2,2676.0,2676.5,515
2026-01-27 21:30:00+01:00,2676.1,2676.4,2674.4,2675.4,673
2026-01-27 21:40:00+01:00,2675.4,2677.6,2674.5,2676.9,764
2026-01-27 21:50:00+01:00,2677.0,2678.1,2675.2,2677.9,1633
2026-01-27 22:00:00+01:00,2677.9,2678.3,2675.3,2675.7,716
2026-01-27 22:10:00+01:00,2675.6,2678.0,2674.9,2678.0,502
2026-01-27 22:20:00+01:00,2677.8,2678.2,2676.6,2677.7,173
2026-01-27 22:30:00+01:00,2677.7,2679.2,2677.7,2679.2,167
2026-01-27 22:40:00+01:00,2679.1,2679.7,2678.8,2679.2,141
2026-01-27 22:50:00+01:00,2679.4,2679.8,2678.6,2679.4,164
2026-01-28 00:00:00+01:00,2679.5,2679.9,2677.8,2678.4,155
2026-01-28 00:30:00+01:00,2679.4,2679.9,2678.9,2679.1,66
2026-01-28 00:40:00+01:00,2679.4,2679.4,2678.8,2679.2,59
2026-01-28 00:50:00+01:00,2679.2,2679.2,2677.7,2678.2,76
2026-01-28 01:00:00+01:00,2678.1,2678.9,2677.8,2678.5,128
2026-01-28 01:10:00+01:00,2678.8,2680.7,2678.8,2680.1,190
2026-01-28 01:20:00+01:00,2680.1,2680.4,2679.2,2679.8,127
2026-01-28 01:30:00+01:00,2679.6,2682.6,2679.1,2682.4,356
2026-01-28 01:40:00+01:00,2682.3,2683.3,2681.0,2681.6,208
2026-01-28 01:50:00+01:00,2681.6,2682.1,2680.1,2682.0,135
2026-01-28 02:00:00+01:00,2681.9,2682.9,2681.6,2682.7,146
2026-01-28 02:10:00+01:00,2682.7,2682.8,2681.5,2681.5,99
2026-01-28 02:20:00+01:00,2681.3,2682.3,2681.1,2682.1,73
2026-01-28 02:50:00+01:00,2681.5,2681.5,2680.1,2680.3,118
2026-01-28 03:00:00+01:00,2680.2,2681.4,2679.7,2681.4,61
2026-01-28 03:10:00+01:00,2681.3,2681.4,2680.0,2680.7,63
2026-01-28 04:10:00+01:00,2682.4,2683.1,2682.2,2683.1,79
2026-01-28 04:20:00+01:00,2682.8,2683.3,2682.4,2682.5,79
2026-01-28 04:40:00+01:00,2683.3,2683.5,2682.4,2682.6,83
2026-01-28 05:30:00+01:00,2683.2,2683.5,2682.8,2683.1,54
2026-01-28 06:40:00+01:00,2685.3,2686.4,2685.3,2686.3,150
2026-01-28 06:50:00+01:00,2686.4,2686.5,2685.4,2685.5,68
2026-01-28 07:00:00+01:00,2685.5,2690.7,2683.5,2683.7,1056
2026-01-28 07:10:00+01:00,2683.9,2686.9,2683.8,2686.8,155
2026-01-28 07:20:00+01:00,2686.8,2687.4,2686.2,2687.0,103
2026-01-28 07:30:00+01:00,2687.3,2688.9,2685.0,2685.6,358
2026-01-28 07:40:00+01:00,2685.4,2686.3,2685.4,2686.1,118
2026-01-28 07:50:00+01:00,2686.2,2687.2,2686.1,2686.4,105
2026-01-28 08:00:00+01:00,2686.4,2687.0,2685.5,2686.8,138
2026-01-28 08:10:00+01:00,2686.5,2687.3,2685.8,2686.7,80
2026-01-28 08:30:00+01:00,2686.7,2686.7,2685.6,2686.4,80
2026-01-28 08:40:00+01:00,2686.2,2688.0,2686.1,2688.0,148
2026-01-28 08:50:00+01:00,2687.8,2688.6,2687.2,2688.6,123
2026-01-28 09:00:00+01:00,2688.2,2688.5,2687.3,2688.0,204
2026-01-28 09:10:00+01:00,2687.9,2689.2,2686.0,2686.3,217
2026-01-28 09:20:00+01:00,2686.2,2687.5,2685.2,2687.5,189
2026-01-28 09:30:00+01:00,2686.9,2687.5,2686.1,2686.2,100
2026-01-28 09:40:00+01:00,2685.8,2685.8,2681.2,2682.8,324
2026-01-28 09:50:00+01:00,2683.0,2683.9,2681.6,2682.7,176
2026-01-28 10:00:00+01:00,2682.9,2684.9,2682.2,2684.9,186
2026-01-28 10:20:00+01:00,2684.6,2685.3,2684.0,2684.8,125
2026-01-28 10:30:00+01:00,2685.0,2688.4,2684.9,2688.1,348
2026-01-28 10:40:00+01:00,2688.2,2688.4,2686.8,2687.5,242
2026-01-28 10:50:00+01:00,2687.4,2690.3,2687.4,2689.9,257
2026-01-28 11:00:00+01:00,2690.1,2690.9,2688.6,2690.6,130
2026-01-28 11:10:00+01:00,2690.5,2690.7,2688.9,2689.6,198
2026-01-28 11:30:00+01:00,2690.9,2691.9,2690.4,2691.9,192
2026-01-28 11:40:00+01:00,2691.7,2693.5,2691.6,2692.2,217
2026-01-28 11:50:00+01:00,2692.5,2692.7,2691.9,2692.5,102
2026-01-28 12:00:00+01:00,2692.5,2693.2,2690.4,2691.9,188
2026-01-28 12:10:00+01:00,2692.2,2692.4,2690.5,2690.6,106
2026-01-28 12:20:00+01:00,2690.5,2691.1,2689.3,2691.0,178
2026-01-28 12:30:00+01:00,2691.2,2692.4,2691.0,2691.9,94
2026-01-28 12:40:00+01:00,2692.2,2693.2,2691.4,2692.3,153
2026-01-28 12:50:00+01:00,2692.5,2693.4,2691.8,2691.9,99
2026-01-28 13:00:00+01:00,2691.9,2692.6,2691.1,2692.4,91
2026-01-28 13:10:00+01:00,2692.4,2693.0,2686.0,2686.8,1035
2026-01-28 13:20:00+01:00,2687.2,2688.7,2685.5,2686.6,213
2026-01-28 13:30:00+01:00,2686.9,2687.5,2685.5,2687.1,191
2026-01-28 13:40:00+01:00,2687.2,2689.0,2686.9,2687.9,299
2026-01-28 13:50:00+01:00,2687.9,2690.3,2687.1,2688.9,192
2026-01-28 14:00:00+01:00,2689.5,2691.5,2689.5,2690.1,207
2026-01-28 14:10:00+01:00,2690.0,2690.8,2687.4,2690.1,269
2026-01-28 14:20:00+01:00,2690.2,2690.2,2688.2,2688.5,183
2026-01-28 14:30:00+01:00,2688.5,2689.6,2688.0,2688.4,245
2026-01-28 14:40:00+01:00,2688.3,2688.3,2685.9,2686.6,243
2026-01-28 14:50:00+01:00,2686.7,2687.5,2684.5,2686.2,279
2026-01-28 15:00:00+01:00,2686.1,2686.9,2684.5,2685.7,275
2026-01-28 15:10:00+01:00,2685.5,2688.3,2685.3,2688.3,277
2026-01-28 15:20:00+01:00,2688.3,2690.5,2686.8,2690.3,678
2026-01-28 15:30:00+01:00,2690.3,2697.6,2681.9,2685.3,6358
2026-01-28 15:40:00+01:00,2685.3,2689.0,2682.0,2682.9,2893
2026-01-28 15:50:00+01:00,2682.8,2684.4,2675.1,2675.4,2916
2026-01-28 16:00:00+01:00,2675.5,2677.6,2668.1,2668.5,4001
2026-01-28 16:10:00+01:00,2668.7,2669.1,2659.4,2661.1,4946
2026-01-28 16:20:00+01:00,2661.0,2668.6,2660.3,2667.4,2898
2026-01-28 16:30:00+01:00,2667.4,2673.0,2667.4,2672.4,2346
2026-01-28 16:40:00+01:00,2672.3,2673.1,2666.8,2667.1,1827
2026-01-28 16:50:00+01:00,2667.2,2670.6,2665.4,2665.9,1210
2026-01-28 17:00:00+01:00,2665.9,2669.5,2664.0,2664.4,1346
2026-01-28 17:10:00+01:00,2664.4,2665.8,2661.9,2661.9,1372
2026-01-28 17:20:00+01:00,2661.9,2666.8,2661.1,2666.0,1342
2026-01-28 17:30:00+01:00,2666.0,2666.1,2661.5,2662.1,934
2026-01-28 17:40:00+01:00,2661.7,2665.0,2658.8,2664.4,1331
2026-01-28 17:50:00+01:00,2664.3,2667.6,2661.8,2665.7,1057
2026-01-28 18:00:00+01:00,2665.9,2667.9,2665.5,2667.3,797
2026-01-28 18:10:00+01:00,2667.3,2669.1,2666.3,2667.6,697
2026-01-28 18:20:00+01:00,2667.4,2668.5,2662.8,2663.3,764
2026-01-28 18:30:00+01:00,2663.3,2664.0,2660.3,2662.4,948
2026-01-28 18:40:00+01:00,2662.3,2666.0,2661.0,2665.8,668
2026-01-28 18:50:00+01:00,2665.7,2669.0,2663.8,2663.9,1047
2026-01-28 19:00:00+01:00,2663.9,2667.3,2663.6,2666.1,780
2026-01-28 19:10:00+01:00,2665.9,2668.2,2665.2,2668.1,466
2026-01-28 19:20:00+01:00,2668.3,2669.2,2667.0,2669.0,439
2026-01-28 19:30:00+01:00,2669.0,2670.5,2666.6,2669.0,984
2026-01-28 19:40:00+01:00,2669.1,2670.8,2668.5,2668.5,306
2026-01-28 19:50:00+01:00,2668.4,2668.8,2665.0,2667.0,740
2026-01-28 20:00:00+01:00,2665.8,2670.4,2661.4,2667.3,2186
2026-01-28 20:10:00+01:00,2667.1,2671.7,2666.5,2670.1,1067
2026-01-28 20:20:00+01:00,2670.2,2672.2,2660.6,2661.1,1217
2026-01-28 20:30:00+01:00,2660.9,2679.5,2655.5,2665.2,8983
2026-01-28 20:40:00+01:00,2665.2,2672.8,2661.7,2671.7,3129
2026-01-28 20:50:00+01:00,2671.6,2675.7,2666.5,2667.1,2646
2026-01-28 21:00:00+01:00,2666.9,2672.0,2665.9,2671.5,1617
2026-01-28 21:10:00+01:00,2671.8,2672.7,2666.7,2668.8,1519
2026-01-28 21:20:00+01:00,2669.0,2670.1,2664.8,2665.2,842
2026-01-28 21:30:00+01:00,2665.0,2666.7,2663.7,2664.9,1004
2026-01-28 21:40:00+01:00,2665.1,2665.1,2658.7,2659.0,998
2026-01-28 21:50:00+01:00,2659.0,2664.3,2658.1,2663.0,2114
2026-01-28 22:00:00+01:00,2663.1,2669.5,2660.7,2666.4,2325
2026-01-28 22:10:00+01:00,2666.1,2666.6,2662.9,2665.2,289
2026-01-28 22:20:00+01:00,2665.1,2668.0,2665.0,2667.1,219
2026-01-28 22:30:00+01:00,2667.2,2667.6,2664.4,2664.5,269
2026-01-28 22:40:00+01:00,2664.3,2664.4,2662.7,2663.7,170
2026-01-28 22:50:00+01:00,2663.9,2665.4,2662.6,2663.8,231
2026-01-29 00:00:00+01:00,2664.0,2664.7,2660.9,2663.0,271
2026-01-29 00:10:00+01:00,2663.3,2665.0,2661.1,2664.7,198
2026-01-29 00:20:00+01:00,2664.7,2666.0,2662.8,2663.6,158
2026-01-29 00:40:00+01:00,2662.0,2663.4,2660.0,2662.0,267
2026-01-29 00:50:00+01:00,2662.6,2662.9,2655.8,2656.7,659
2026-01-29 01:00:00+01:00,2657.2,2658.2,2650.9,2654.1,884
2026-01-29 01:10:00+01:00,2653.7,2656.0,2650.9,2652.3,289
2026-01-29 01:20:00+01:00,2651.8,2655.8,2651.8,2655.4,185
2026-01-29 01:30:00+01:00,2655.3,2655.3,2651.4,2652.8,197
2026-01-29 01:50:00+01:00,2651.8,2654.3,2651.8,2654.3,87
2026-01-29 02:00:00+01:00,2654.4,2654.8,2652.5,2652.7,127
2026-01-29 02:10:00+01:00,2652.4,2654.5,2651.4,2651.6,110
2026-01-29 02:20:00+01:00,2652.1,2652.3,2649.5,2651.6,383
2026-01-29 02:30:00+01:00,2651.6,2652.8,2651.3,2651.9,213
2026-01-29 02:40:00+01:00,2652.0,2652.8,2650.9,2651.6,119
2026-01-29 03:00:00+01:00,2652.2,2654.2,2651.9,2652.7,129
2026-01-29 03:10:00+01:00,2653.4,2654.4,2652.8,2653.6,120
2026-01-29 03:20:00+01:00,2653.6,2657.6,2653.1,2657.0,233
2026-01-29 03:30:00+01:00,2657.2,2657.4,2656.0,2656.6,111
2026-01-29 03:40:00+01:00,2656.3,2656.4,2654.3,2654.3,81
2026-01-29 03:50:00+01:00,2654.4,2656.9,2654.4,2655.2,175
2026-01-29 04:00:00+01:00,2655.3,2656.6,2655.3,2655.8,66
2026-01-29 04:10:00+01:00,2655.5,2657.5,2655.4,2657.5,81
2026-01-29 04:20:00+01:00,2657.6,2657.9,2656.4,2656.6,63
2026-01-29 04:30:00+01:00,2656.8,2657.5,2656.7,2656.7,63
2026-01-29 04:40:00+01:00,2657.0,2658.9,2657.0,2657.0,103
2026-01-29 04:50:00+01:00,2657.3,2657.4,2656.1,2656.8,65
2026-01-29 05:10:00+01:00,2656.1,2657.8,2656.0,2657.8,48
2026-01-29 05:30:00+01:00,2658.0,2659.3,2658.0,2658.8,71
2026-01-29 05:50:00+01:00,2659.0,2659.4,2658.8,2659.1,93
2026-01-29 06:20:00+01:00,2659.4,2659.8,2658.4,2659.5,89
2026-01-29 06:50:00+01:00,2661.0,2661.5,2659.6,2660.3,75
2026-01-29 07:00:00+01:00,2660.3,2662.4,2660.2,2662.1,99
2026-01-29 07:10:00+01:00,2662.5,2663.4,2662.0,2662.3,152
2026-01-29 07:30:00+01:00,2661.1,2661.9,2660.4,2661.2,85
2026-01-29 08:00:00+01:00,2660.1,2660.9,2659.7,2660.0,57
2026-01-29 08:20:00+01:00,2658.8,2660.3,2658.3,2660.3,86
2026-01-29 08:30:00+01:00,2660.3,2663.3,2660.0,2663.3,131
2026-01-29 08:40:00+01:00,2663.2,2664.3,2662.7,2663.9,136
2026-01-29 08:50:00+01:00,2664.0,2664.9,2663.7,2664.1,124
2026-01-29 09:00:00+01:00,2664.1,2664.4,2661.0,2662.7,332
2026-01-29 09:10:00+01:00,2662.8,2667.9,2662.8,2667.4,341
2026-01-29 09:20:00+01:00,2667.4,2668.4,2666.1,2667.8,197
2026-01-29 09:30:00+01:00,2667.8,2668.2,2665.9,2666.1,121
2026-01-29 09:40:00+01:00,2666.5,2666.9,2665.4,2666.3,94
2026-01-29 09:50:00+01:00,2665.4,2666.2,2664.6,2665.5,113
2026-01-29 10:00:00+01:00,2665.7,2667.5,2665.6,2667.0,83
2026-01-29 10:20:00+01:00,2669.2,2671.3,2669.0,2669.5,280
2026-01-29 10:30:00+01:00,2669.8,2672.8,2669.6,2672.5,126
2026-01-29 10:40:00+01:00,2672.5,2672.8,2670.8,2670.8,132
2026-01-29 10:50:00+01:00,2670.7,2671.1,2666.1,2666.1,312
2026-01-29 11:00:00+01:00,2666.0,2669.4,2665.8,2669.4,317
2026-01-29 11:10:00+01:00,2669.5,2669.7,2666.7,2668.3,200
2026-01-29 11:40:00+01:00,2669.4,2669.9,2668.3,2668.6,83
2026-01-29 11:50:00+01:00,2669.0,2669.3,2663.8,2664.2,260
2026-01-29 12:00:00+01:00,2664.5,2667.6,2663.3,2667.0,375
2026-01-29 12:20:00+01:00,2669.3,2672.6,2669.3,2671.9,222
2026-01-29 12:30:00+01:00,2671.9,2675.8,2671.1,2672.3,472
2026-01-29 12:40:00+01:00,2672.3,2674.1,2672.1,2672.9,191
2026-01-29 12:50:00+01:00,2673.1,2675.0,2672.3,2673.4,143
2026-01-29 13:00:00+01:00,2673.0,2674.0,2671.8,2673.6,161
2026-01-29 13:10:00+01:00,2673.5,2674.6,2672.7,2674.2,89
2026-01-29 13:20:00+01:00,2674.3,2674.6,2673.0,2674.0,97
2026-01-29 13:30:00+01:00,2673.8,2674.0,2668.7,2668.7,175
2026-01-29 13:40:00+01:00,2668.8,2671.5,2668.2,2671.5,193
2026-01-29 13:50:00+01:00,2671.7,2671.8,2669.0,2671.7,492
2026-01-29 14:00:00+01:00,2671.7,2671.7,2669.5,2670.8,224
2026-01-29 14:10:00+01:00,2670.0,2670.8,2667.0,2667.0,257
2026-01-29 14:20:00+01:00,2666.8,2671.1,2666.7,2670.3,252
2026-01-29 14:30:00+01:00,2669.4,2671.2,2668.9,2670.4,196
2026-01-29 14:40:00+01:00,2670.6,2673.8,2669.9,2672.9,278
2026-01-29 14:50:00+01:00,2673.0,2673.2,2671.6,2673.2,192
2026-01-29 15:00:00+01:00,2673.1,2673.1,2668.4,2669.4,329
2026-01-29 15:10:00+01:00,2669.4,2669.7,2667.9,2668.1,257
2026-01-29 15:20:00+01:00,2668.1,2670.6,2666.3,2670.6,691
2026-01-29 15:30:00+01:00,2670.5,2679.8,2661.6,2678.5,8588
2026-01-29 15:40:00+01:00,2678.7,2680.8,2661.2,2672.3,6845
2026-01-29 15:50:00+01:00,2672.4,2673.0,2659.4,2660.1,3413
2026-01-29 16:00:00+01:00,2660.2,2660.6,2652.9,2653.3,4234
2026-01-29 16:10:00+01:00,2653.3,2654.7,2645.5,2649.9,4284
2026-01-29 16:20:00+01:00,2649.6,2657.5,2647.2,2647.2,3287
2026-01-29 16:30:00+01:00,2647.4,2650.7,2637.9,2640.0,3863
2026-01-29 16:40:00+01:00,2640.5,2640.5,2632.0,2634.1,3500
2026-01-29 16:50:00+01:00,2634.1,2636.6,2625.8,2634.1,3279
2026-01-29 17:00:00+01:00,2634.2,2634.7,2623.5,2627.6,2466
2026-01-29 17:10:00+01:00,2627.8,2645.8,2625.7,2644.9,3824
2026-01-29 17:20:00+01:00,2645.0,2648.8,2637.0,2638.3,2565
2026-01-29 17:30:00+01:00,2638.3,2643.2,2638.1,2641.1,1470
2026-01-29 17:40:00+01:00,2641.0,2649.5,2640.1,2647.5,1907
2026-01-29 17:50:00+01:00,2648.1,2649.9,2645.3,2647.6,1124
2026-01-29 18:00:00+01:00,2647.7,2655.3,2647.2,2652.7,1819
2026-01-29 18:10:00+01:00,2652.6,2658.8,2652.6,2658.8,1193
2026-01-29 18:20:00+01:00,2658.8,2660.7,2655.5,2656.4,1430
2026-01-29 18:30:00+01:00,2656.3,2659.0,2654.1,2656.5,1125
2026-01-29 18:40:00+01:00,2656.4,2657.2,2650.6,2651.8,1552
2026-01-29 18:50:00+01:00,2651.9,2653.2,2644.7,2645.8,1841
2026-01-29 19:00:00+01:00,2646.0,2651.4,2641.6,2649.6,2165
2026-01-29 19:10:00+01:00,2649.6,2654.7,2649.0,2651.9,1190
2026-01-29 19:20:00+01:00,2652.2,2654.7,2650.8,2654.2,921
2026-01-29 19:30:00+01:00,2654.2,2654.2,2647.5,2654.0,1556
2026-01-29 19:40:00+01:00,2654.1,2656.7,2651.5,2652.8,1443
2026-01-29 19:50:00+01:00,2652.8,2655.1,2647.6,2647.6,739
2026-01-29 20:00:00+01:00,2647.7,2654.8,2646.1,2654.5,1307
2026-01-29 20:10:00+01:00,2654.7,2657.6,2653.5,2655.8,990
2026-01-29 20:20:00+01:00,2655.6,2660.7,2655.4,2660.3,778
2026-01-29 20:30:00+01:00,2660.5,2660.7,2651.3,2657.1,2558
2026-01-29 20:40:00+01:00,2657.3,2658.9,2654.9,2655.3,608
2026-01-29 20:50:00+01:00,2655.2,2656.5,2649.0,2649.3,917
2026-01-29 21:00:00+01:00,2649.5,2656.4,2649.3,2655.8,1004
2026-01-29 21:10:00+01:00,2656.0,2657.2,2652.6,2654.4,565
2026-01-29 21:20:00+01:00,2654.4,2655.4,2651.3,2651.5,551
2026-01-29 21:30:00+01:00,2651.6,2656.3,2651.6,2656.1,1093
2026-01-29 21:40:00+01:00,2656.0,2658.9,2655.4,2657.6,1062
2026-01-29 21:50:00+01:00,2657.8,2664.9,2657.8,2663.6,3150
2026-01-29 22:00:00+01:00,2663.4,2665.9,2663.0,2665.1,1067
2026-01-29 22:10:00+01:00,2665.3,2665.3,2662.2,2663.2,652
2026-01-29 22:20:00+01:00,2663.2,2663.2,2661.1,2662.3,160
2026-01-29 22:30:00+01:00,2662.5,2663.5,2658.3,2659.0,456
2026-01-29 22:40:00+01:00,2659.3,2660.1,2658.1,2658.1,170
2026-01-29 22:50:00+01:00,2658.1,2658.8,2657.1,2657.7,160
2026-01-30 00:00:00+01:00,2657.8,2659.1,2653.6,2653.6,815
2026-01-30 00:10:00+01:00,2653.6,2654.9,2650.5,2652.8,440
2026-01-30 00:20:00+01:00,2652.9,2656.3,2646.7,2654.5,777
2026-01-30 00:30:00+01:00,2654.9,2658.0,2654.3,2657.2,384
2026-01-30 00:40:00+01:00,2657.1,2658.3,2656.4,2657.7,115
2026-01-30 00:50:00+01:00,2657.8,2657.8,2656.0,2656.0,84
2026-01-30 01:00:00+01:00,2656.0,2656.7,2653.9,2655.0,222
2026-01-30 01:10:00+01:00,2654.8,2655.3,2653.0,2654.4,168
2026-01-30 01:20:00+01:00,2654.6,2655.0,2651.7,2653.1,278
2026-01-30 01:30:00+01:00,2653.1,2657.9,2652.5,2654.0,603
2026-01-30 01:40:00+01:00,2654.7,2654.9,2651.0,2652.6,236
2026-01-30 01:50:00+01:00,2652.1,2653.3,2651.4,2652.2,124
2026-01-30 02:00:00+01:00,2652.4,2652.5,2650.1,2651.7,218
2026-01-30 02:10:00+01:00,2651.4,2651.7,2648.2,2648.5,285
2026-01-30 02:20:00+01:00,2648.9,2649.1,2645.5,2646.2,336
2026-01-30 02:30:00+01:00,2645.9,2646.1,2640.3,2640.6,407
2026-01-30 02:40:00+01:00,2640.5,2640.5,2636.3,2638.1,634
2026-01-30 02:50:00+01:00,2638.2,2641.0,2638.2,2639.6,316
2026-01-30 03:00:00+01:00,2639.7,2640.2,2637.9,2638.4,299
2026-01-30 03:10:00+01:00,2638.2,2639.5,2635.8,2635.8,372
2026-01-30 03:20:00+01:00,2635.9,2636.5,2633.4,2634.8,655
2026-01-30 03:30:00+01:00,2634.8,2638.2,2633.5,2637.2,304
2026-01-30 03:40:00+01:00,2637.2,2639.0,2636.5,2638.1,261
2026-01-30 03:50:00+01:00,2638.4,2642.1,2638.4,2641.9,348
2026-01-30 04:00:00+01:00,2642.3,2646.4,2642.0,2646.0,416
2026-01-30 04:10:00+01:00,2646.0,2646.3,2643.9,2645.0,306
2026-01-30 04:20:00+01:00,2644.5,2645.4,2642.7,2643.7,129
2026-01-30 04:30:00+01:00,2643.9,2646.4,2643.8,2645.4,185
2026-01-30 04:40:00+01:00,2645.2,2646.1,2644.1,2645.3,150
2026-01-30 04:50:00+01:00,2645.3,2645.6,2643.0,2643.5,142
2026-01-30 05:00:00+01:00,2642.9,2644.4,2642.7,2644.3,68
2026-01-30 05:10:00+01:00,2644.8,2646.4,2644.7,2645.9,130
2026-01-30 05:20:00+01:00,2645.7,2645.9,2643.2,2644.6,76
2026-01-30 05:40:00+01:00,2645.3,2645.3,2644.1,2644.2,48
2026-01-30 05:50:00+01:00,2644.0,2644.0,2641.8,2642.4,138
2026-01-30 06:00:00+01:00,2642.5,2643.9,2642.5,2643.3,100
2026-01-30 06:10:00+01:00,2642.9,2643.0,2640.2,2641.3,219
2026-01-30 06:20:00+01:00,2641.6,2642.8,2641.0,2642.5,75
2026-01-30 06:30:00+01:00,2642.3,2642.5,2640.4,2641.0,115
2026-01-30 06:40:00+01:00,2641.0,2641.5,2639.7,2640.4,122
2026-01-30 06:50:00+01:00,2639.9,2640.7,2638.5,2638.5,75
2026-01-30 07:00:00+01:00,2638.6,2639.2,2636.8,2638.5,161
2026-01-30 07:10:00+01:00,2638.0,2639.0,2636.3,2636.6,180
2026-01-30 07:20:00+01:00,2636.2,2637.8,2633.6,2634.8,314
2026-01-30 07:30:00+01:00,2635.0,2636.5,2633.6,2635.4,183
2026-01-30 07:40:00+01:00,2635.4,2635.4,2632.0,2632.0,175
2026-01-30 07:50:00+01:00,2631.8,2633.3,2627.0,2627.6,763
2026-01-30 08:00:00+01:00,2627.6,2631.3,2627.1,2631.0,484
2026-01-30 08:10:00+01:00,2631.0,2632.6,2629.7,2630.7,188
2026-01-30 08:20:00+01:00,2630.4,2630.6,2628.1,2628.4,450
2026-01-30 08:30:00+01:00,2628.4,2630.4,2627.0,2627.7,343
2026-01-30 08:40:00+01:00,2627.6,2628.4,2625.7,2627.7,321
2026-01-30 08:50:00+01:00,2628.0,2628.3,2621.2,2621.9,536
2026-01-30 09:00:00+01:00,2621.7,2625.6,2620.5,2621.9,493
2026-01-30 09:10:00+01:00,2621.8,2628.8,2621.7,2625.5,405
2026-01-30 09:20:00+01:00,2625.3,2629.9,2625.3,2627.3,272
2026-01-30 09:30:00+01:00,2627.3,2627.6,2622.2,2627.4,325
2026-01-30 09:40:00+01:00,2627.3,2631.8,2626.7,2631.5,368
2026-01-30 09:50:00+01:00,2631.8,2636.5,2630.6,2635.9,403
2026-01-30 10:00:00+01:00,2635.8,2637.7,2632.1,2632.4,363
2026-01-30 10:10:00+01:00,2632.2,2632.2,2626.6,2629.8,449
2026-01-30 10:20:00+01:00,2629.5,2631.0,2627.5,2627.5,173
2026-01-30 10:30:00+01:00,2628.4,2628.4,2625.2,2625.4,254
2026-01-30 10:40:00+01:00,2625.0,2626.0,2621.3,2621.4,296
2026-01-30 10:50:00+01:00,2621.3,2625.1,2618.5,2623.9,568
2026-01-30 11:00:00+01:00,2623.6,2626.4,2623.3,2623.8,181
2026-01-30 11:10:00+01:00,2624.3,2626.7,2623.4,2625.2,228
2026-01-30 11:20:00+01:00,2625.8,2627.8,2625.8,2626.2,227
2026-01-30 11:30:00+01:00,2626.1,2630.8,2626.1,2630.3,300
2026-01-30 11:40:00+01:00,2630.7,2631.4,2628.5,2628.9,313
2026-01-30 11:50:00+01:00,2629.2,2631.8,2628.7,2629.5,156
2026-01-30 12:00:00+01:00,2629.6,2634.1,2629.3,2632.0,500
2026-01-30 12:10:00+01:00,2632.4,2635.5,2632.0,2634.2,457
2026-01-30 12:20:00+01:00,2633.8,2637.0,2633.6,2634.7,282
2026-01-30 12:30:00+01:00,2635.3,2639.2,2635.0,2639.1,306
2026-01-30 12:40:00+01:00,2639.1,2640.3,2635.4,2636.3,458
2026-01-30 12:50:00+01:00,2636.1,2644.8,2636.1,2644.3,985
2026-01-30 13:00:00+01:00,2644.2,2648.2,2642.2,2642.2,634
2026-01-30 13:10:00+01:00,2642.3,2644.9,2641.0,2644.7,331
2026-01-30 13:20:00+01:00,2644.6,2645.7,2642.4,2643.0,352
2026-01-30 13:30:00+01:00,2643.4,2645.5,2642.8,2642.8,170
2026-01-30 13:40:00+01:00,2642.7,2643.6,2641.2,2642.7,357
2026-01-30 13:50:00+01:00,2642.4,2642.9,2637.9,2641.1,475
2026-01-30 14:00:00+01:00,2640.9,2642.3,2639.2,2639.8,255
2026-01-30 14:10:00+01:00,2639.8,2642.5,2639.5,2640.3,230
2026-01-30 14:20:00+01:00,2640.4,2640.4,2634.6,2636.5,614
2026-01-30 14:30:00+01:00,2636.0,2636.0,2625.0,2633.6,1263
2026-01-30 14:40:00+01:00,2633.9,2637.2,2633.2,2633.8,739
2026-01-30 14:50:00+01:00,2633.7,2634.3,2631.5,2633.8,514
2026-01-30 15:00:00+01:00,2633.7,2636.3,2632.8,2634.7,747
2026-01-30 15:10:00+01:00,2635.0,2638.3,2633.9,2636.9,612
2026-01-30 15:20:00+01:00,2637.0,2639.4,2634.5,2638.9,1045
2026-01-30 15:30:00+01:00,2639.0,2658.8,2636.9,2655.5,8748
2026-01-30 15:40:00+01:00,2655.3,2657.9,2647.7,2650.5,4334
2026-01-30 15:50:00+01:00,2650.4,2654.1,2630.8,2632.5,4523
2026-01-30 16:00:00+01:00,2632.5,2641.9,2628.2,2638.8,4898
2026-01-30 16:10:00+01:00,2638.8,2639.3,2632.6,2635.4,2495
2026-01-30 16:20:00+01:00,2635.2,2637.2,2623.2,2624.2,3240
2026-01-30 16:30:00+01:00,2623.9,2634.3,2622.7,2633.8,3767
2026-01-30 16:40:00+01:00,2634.0,2641.6,2634.0,2636.4,2935
2026-01-30 16:50:00+01:00,2636.3,2638.4,2629.0,2629.3,2124
2026-01-30 17:00:00+01:00,2629.3,2630.3,2623.9,2624.4,1959
2026-01-30 17:10:00+01:00,2624.6,2625.7,2619.1,2619.8,2102
2026-01-30 17:20:00+01:00,2619.9,2620.6,2615.4,2617.6,2823
2026-01-30 17:30:00+01:00,2617.7,2622.4,2616.6,2619.0,1803
2026-01-30 17:40:00+01:00,2618.5,2624.9,2618.5,2619.7,1259
2026-01-30 17:50:00+01:00,2619.3,2620.7,2615.5,2618.6,1286
2026-01-30 18:00:00+01:00,2618.5,2622.0,2610.7,2613.0,2695
2026-01-30 18:10:00+01:00,2613.1,2617.1,2612.2,2615.1,1640
2026-01-30 18:20:00+01:00,2615.5,2624.9,2613.6,2623.8,1989
2026-01-30 18:30:00+01:00,2623.5,2626.0,2614.8,2616.5,1923
2026-01-30 18:40:00+01:00,2616.3,2624.9,2615.3,2622.0,1486
2026-01-30 18:50:00+01:00,2621.7,2624.4,2617.3,2617.5,1218
2026-01-30 19:00:00+01:00,2617.4,2621.5,2616.6,2618.3,1020
2026-01-30 19:10:00+01:00,2618.5,2618.5,2611.1,2611.7,1515
2026-01-30 19:20:00+01:00,2611.8,2620.9,2607.5,2619.8,3732
2026-01-30 19:30:00+01:00,2619.7,2620.7,2610.7,2613.6,2306
2026-01-30 19:40:00+01:00,2613.8,2619.8,2612.4,2619.2,1530
2026-01-30 19:50:00+01:00,2619.3,2631.6,2619.2,2627.9,2403
2026-01-30 20:00:00+01:00,2628.1,2636.7,2628.1,2633.0,2476
2026-01-30 20:10:00+01:00,2633.2,2634.8,2628.5,2633.7,1407
2026-01-30 20:20:00+01:00,2633.3,2639.3,2629.2,2629.6,1733
2026-01-30 20:30:00+01:00,2629.6,2634.1,2622.6,2630.8,3644
2026-01-30 20:40:00+01:00,2631.0,2634.1,2628.5,2628.6,1156
2026-01-30 20:50:00+01:00,2629.0,2635.8,2623.7,2624.1,1397
2026-01-30 21:00:00+01:00,2624.1,2627.4,2621.9,2624.1,1377
2026-01-30 21:10:00+01:00,2623.9,2623.9,2618.5,2619.5,1508
2026-01-30 21:20:00+01:00,2619.2,2622.2,2616.9,2618.5,1461
2026-01-30 21:30:00+01:00,2618.3,2622.4,2617.8,2620.4,1179
2026-01-30 21:40:00+01:00,2620.3,2626.3,2619.5,2625.4,1742
2026-01-30 21:50:00+01:00,2625.6,2628.8,2622.5,2625.0,5816
2026-01-30 22:00:00+01:00,2625.1,2627.4,2621.5,2621.8,1082
2026-01-30 22:10:00+01:00,2622.1,2625.7,2622.1,2625.2,299
2026-01-30 22:20:00+01:00,2625.3,2627.6,2624.6,2625.6,254
2026-01-30 22:30:00+01:00,2625.9,2625.9,2622.6,2623.3,242
2026-01-30 22:40:00+01:00,2622.9,2623.8,2622.6,2623.2,167
2026-01-30 22:50:00+01:00,2623.2,2627.3,2623.0,2625.8,322
2026-02-02 00:00:00+01:00,2615.0,2618.8,2605.9,2608.6,1376
2026-02-02 00:10:00+01:00,2608.0,2611.2,2605.4,2608.6,652
2026-02-02 00:20:00+01:00,2608.8,2610.4,2606.4,2609.8,569
2026-02-02 00:30:00+01:00,2609.7,2619.1,2608.9,2618.9,896
2026-02-02 00:40:00+01:00,2619.1,2624.0,2618.2,2623.6,805
2026-02-02 00:50:00+01:00,2623.2,2625.1,2622.0,2623.5,594
2026-02-02 01:00:00+01:00,2623.6,2624.6,2619.4,2622.7,688
2026-02-02 01:10:00+01:00,2622.6,2627.6,2621.3,2625.2,699
2026-02-02 01:20:00+01:00,2625.5,2628.4,2624.7,2625.3,407
2026-02-02 01:30:00+01:00,2624.9,2628.7,2623.5,2628.0,461
2026-02-02 01:40:00+01:00,2628.1,2628.5,2626.1,2626.6,287
2026-02-02 01:50:00+01:00,2626.6,2627.6,2624.8,2624.9,230
2026-02-02 02:00:00+01:00,2625.4,2628.5,2620.3,2620.3,684
2026-02-02 02:10:00+01:00,2620.4,2620.6,2613.7,2616.8,919
2026-02-02 02:20:00+01:00,2616.7,2619.9,2615.5,2617.3,453
2026-02-02 02:30:00+01:00,2617.8,2617.8,2610.5,2614.3,917
2026-02-02 02:40:00+01:00,2614.1,2614.5,2606.0,2607.5,864
2026-02-02 02:50:00+01:00,2607.2,2610.0,2603.7,2604.5,1013
2026-02-02 03:00:00+01:00,2604.6,2607.2,2602.7,2606.1,659
2026-02-02 03:10:00+01:00,2605.8,2606.6,2600.8,2602.4,842
2026-02-02 03:20:00+01:00,2602.8,2604.8,2602.0,2603.5,478
2026-02-02 03:30:00+01:00,2603.2,2605.9,2600.8,2604.9,384
2026-02-02 03:40:00+01:00,2605.0,2605.9,2601.3,2601.5,324
2026-02-02 03:50:00+01:00,2601.4,2601.4,2598.2,2599.1,655
2026-02-02 04:00:00+01:00,2599.1,2601.0,2598.5,2600.1,277
2026-02-02 04:10:00+01:00,2600.4,2600.9,2593.4,2595.9,756
2026-02-02 04:20:00+01:00,2596.0,2598.4,2594.3,2595.3,348
2026-02-02 04:30:00+01:00,2595.5,2596.3,2590.4,2591.1,786
2026-02-02 04:40:00+01:00,2590.8,2592.3,2587.3,2591.9,743
2026-02-02 04:50:00+01:00,2591.7,2591.7,2586.1,2587.5,627
2026-02-02 05:00:00+01:00,2587.9,2588.5,2579.5,2582.4,1016
2026-02-02 05:10:00+01:00,2582.6,2586.9,2579.3,2586.3,861
2026-02-02 05:20:00+01:00,2586.8,2589.6,2586.2,2587.8,445
2026-02-02 05:30:00+01:00,2588.0,2589.7,2587.3,2589.4,328
2026-02-02 05:40:00+01:00,2589.4,2592.9,2589.2,2591.3,438
2026-02-02 05:50:00+01:00,2591.2,2591.5,2589.9,2590.6,190
2026-02-02 06:00:00+01:00,2590.3,2590.9,2589.2,2589.6,244
2026-02-02 06:10:00+01:00,2589.5,2590.1,2587.8,2588.4,217
2026-02-02 06:20:00+01:00,2588.4,2589.4,2586.2,2586.8,210
2026-02-02 06:30:00+01:00,2587.0,2587.0,2584.6,2586.1,338
2026-02-02 06:40:00+01:00,2585.6,2586.9,2582.4,2584.6,390
2026-02-02 06:50:00+01:00,2584.7,2586.7,2582.9,2584.4,411
2026-02-02 07:00:00+01:00,2584.2,2586.6,2582.6,2583.3,264
2026-02-02 07:10:00+01:00,2583.3,2583.8,2580.3,2583.3,525
2026-02-02 07:20:00+01:00,2583.4,2583.4,2578.1,2581.5,607
2026-02-02 07:30:00+01:00,2581.6,2582.4,2575.7,2577.3,563
2026-02-02 07:40:00+01:00,2577.6,2582.5,2577.4,2578.9,420
2026-02-02 07:50:00+01:00,2579.0,2581.9,2577.8,2581.0,333
2026-02-02 08:00:00+01:00,2581.3,2585.8,2580.5,2585.6,572
2026-02-02 08:10:00+01:00,2585.8,2586.1,2581.9,2585.1,460
2026-02-02 08:20:00+01:00,2585.0,2587.6,2585.0,2587.5,310
2026-02-02 08:30:00+01:00,2587.4,2590.4,2586.7,2590.0,391
2026-02-02 08:40:00+01:00,2589.7,2590.5,2588.0,2589.5,255
2026-02-02 08:50:00+01:00,2589.8,2592.1,2588.8,2592.0,296
2026-02-02 09:00:00+01:00,2592.0,2595.9,2591.3,2595.1,483
2026-02-02 09:10:00+01:00,2595.1,2598.1,2594.7,2597.7,305
2026-02-02 09:20:00+01:00,2597.5,2598.3,2594.7,2595.5,306
2026-02-02 09:30:00+01:00,2595.7,2599.9,2595.3,2599.1,265
2026-02-02 09:40:00+01:00,2599.4,2600.3,2597.8,2600.1,206
2026-02-02 09:50:00+01:00,2599.9,2602.0,2599.3,2601.2,243
2026-02-02 10:00:00+01:00,2600.2,2600.5,2593.2,2594.1,505
2026-02-02 10:10:00+01:00,2595.0,2598.0,2594.2,2598.0,142
2026-02-02 10:20:00+01:00,2598.5,2602.7,2598.0,2600.7,378
2026-02-02 10:30:00+01:00,2600.3,2602.9,2599.7,2600.9,187
2026-02-02 10:40:00+01:00,2600.9,2601.4,2599.2,2600.3,149
2026-02-02 10:50:00+01:00,2600.5,2601.0,2598.8,2599.9,200
2026-02-02 11:00:00+01:00,2599.9,2602.0,2599.8,2601.2,186
2026-02-02 11:10:00+01:00,2601.6,2603.1,2600.0,2602.8,230
2026-02-02 11:20:00+01:00,2602.6,2603.7,2601.2,2603.1,202
2026-02-02 11:30:00+01:00,2602.8,2604.2,2599.8,2601.0,223
2026-02-02 11:40:00+01:00,2601.3,2601.6,2599.6,2601.0,170
2026-02-02 11:50:00+01:00,2600.8,2602.7,2600.7,2602.3,152
2026-02-02 12:00:00+01:00,2602.6,2605.3,2602.0,2604.5,205
2026-02-02 12:10:00+01:00,2604.5,2607.2,2603.9,2606.7,247
2026-02-02 12:20:00+01:00,2606.8,2609.2,2606.8,2609.2,232
2026-02-02 12:30:00+01:00,2609.0,2611.3,2608.7,2610.9,245
2026-02-02 12:40:00+01:00,2610.8,2612.6,2610.0,2611.2,344
2026-02-02 13:00:00+01:00,2609.7,2612.5,2609.6,2611.3,230
2026-02-02 13:10:00+01:00,2611.7,2613.4,2611.1,2612.6,211
2026-02-02 13:20:00+01:00,2612.5,2612.9,2610.6,2611.8,306
2026-02-02 13:30:00+01:00,2611.4,2613.8,2611.4,2613.3,282
2026-02-02 13:40:00+01:00,2613.2,2616.4,2613.2,2615.0,323
2026-02-02 13:50:00+01:00,2614.7,2615.1,2612.6,2613.2,292
2026-02-02 14:00:00+01:00,2613.0,2613.4,2609.5,2612.6,432
2026-02-02 14:10:00+01:00,2612.8,2615.6,2612.5,2613.0,313
2026-02-02 14:20:00+01:00,2612.8,2615.9,2612.8,2614.3,324
2026-02-02 14:30:00+01:00,2614.6,2616.5,2612.8,2616.5,375
2026-02-02 14:40:00+01:00,2616.5,2618.8,2615.5,2618.8,343
2026-02-02 14:50:00+01:00,2618.9,2620.9,2617.4,2619.6,373
2026-02-02 15:00:00+01:00,2619.1,2621.0,2618.2,2619.7,670
2026-02-02 15:10:00+01:00,2619.6,2624.6,2618.8,2622.9,942
2026-02-02 15:20:00+01:00,2622.8,2622.9,2612.9,2612.9,1119
2026-02-02 15:30:00+01:00,2612.9,2637.3,2611.6,2636.0,9946
2026-02-02 15:40:00+01:00,2635.9,2641.5,2628.9,2636.6,5509
2026-02-02 15:50:00+01:00,2636.9,2639.7,2626.8,2629.4,4632
2026-02-02 16:00:00+01:00,2628.4,2644.7,2625.1,2644.5,5456
2026-02-02 16:10:00+01:00,2644.4,2653.3,2643.9,2652.8,3933
2026-02-02 16:20:00+01:00,2652.7,2655.7,2649.0,2651.4,2762
2026-02-02 16:30:00+01:00,2651.4,2660.3,2649.4,2659.4,2790
2026-02-02 16:40:00+01:00,2659.6,2661.2,2654.6,2655.1,2258
2026-02-02 16:50:00+01:00,2655.1,2658.6,2653.9,2656.3,1490
2026-02-02 17:00:00+01:00,2656.1,2656.5,2650.2,2654.7,1709
2026-02-02 17:10:00+01:00,2655.2,2656.3,2652.8,2654.6,1345
2026-02-02 17:20:00+01:00,2654.4,2657.8,2653.8,2656.4,902
2026-02-02 17:30:00+01:00,2656.4,2656.4,2649.2,2649.8,1360
2026-02-02 17:40:00+01:00,2650.2,2651.5,2647.1,2649.4,949
2026-02-02 17:50:00+01:00,2649.6,2653.8,2647.3,2653.5,1040
2026-02-02 18:00:00+01:00,2653.3,2659.3,2652.5,2658.6,1521
2026-02-02 18:10:00+01:00,2658.6,2663.2,2658.6,2662.6,1295
2026-02-02 18:20:00+01:00,2662.5,2662.7,2657.9,2660.5,1122
2026-02-02 18:30:00+01:00,2660.8,2661.4,2659.4,2660.2,650
2026-02-02 18:40:00+01:00,2660.0,2661.7,2659.2,2661.5,448
2026-02-02 18:50:00+01:00,2661.6,2663.2,2660.7,2661.9,978
2026-02-02 19:00:00+01:00,2662.1,2662.6,2659.1,2660.2,767
2026-02-02 19:10:00+01:00,2660.2,2660.2,2657.8,2658.2,681
2026-02-02 19:20:00+01:00,2658.0,2658.1,2654.6,2656.1,843
2026-02-02 19:30:00+01:00,2656.2,2661.0,2655.7,2659.3,1230
2026-02-02 19:40:00+01:00,2659.7,2666.0,2659.5,2665.5,1133
2026-02-02 19:50:00+01:00,2665.4,2666.4,2662.0,2662.1,880
2026-02-02 20:00:00+01:00,2662.0,2666.0,2661.6,2664.0,1184
2026-02-02 20:10:00+01:00,2664.0,2664.3,2661.4,2661.8,440
2026-02-02 20:20:00+01:00,2661.2,2663.3,2660.6,2662.8,583
2026-02-02 20:30:00+01:00,2662.6,2662.6,2657.8,2659.9,1079
2026-02-02 20:40:00+01:00,2660.0,2664.2,2660.0,2661.8,728
2026-02-02 20:50:00+01:00,2662.1,2665.8,2654.4,2656.2,2051
2026-02-02 21:00:00+01:00,2656.2,2660.6,2651.4,2658.8,3242
2026-02-02 21:10:00+01:00,2658.9,2659.0,2650.9,2651.7,1016
2026-02-02 21:20:00+01:00,2651.8,2654.4,2651.0,2651.7,887
2026-02-02 21:30:00+01:00,2651.4,2651.9,2647.2,2647.4,1034
2026-02-02 21:40:00+01:00,2647.6,2648.8,2645.6,2646.1,1043
2026-02-02 21:50:00+01:00,2645.9,2651.0,2645.8,2650.2,2933
2026-02-02 22:00:00+01:00,2650.4,2651.1,2648.0,2649.9,856
2026-02-02 22:10:00+01:00,2650.0,2650.2,2646.3,2647.2,389
2026-02-02 22:20:00+01:00,2647.5,2648.2,2646.1,2646.2,260
2026-02-02 22:30:00+01:00,2646.3,2646.6,2644.8,2644.8,440
2026-02-02 22:40:00+01:00,2644.7,2645.1,2643.7,2644.6,273
2026-02-02 22:50:00+01:00,2644.5,2645.0,2642.6,2644.1,362
2026-02-03 00:00:00+01:00,2646.6,2651.6,2644.5,2650.8,524
2026-02-03 00:10:00+01:00,2650.9,2651.3,2649.1,2649.6,169
2026-02-03 00:20:00+01:00,2649.2,2650.6,2648.9,2650.4,162
2026-02-03 00:30:00+01:00,2650.0,2653.3,2649.8,2653.0,245
2026-02-03 00:40:00+01:00,2653.0,2653.4,2651.5,2652.2,266
2026-02-03 00:50:00+01:00,2652.2,2652.5,2651.0,2651.6,166
2026-02-03 01:00:00+01:00,2651.5,2651.7,2649.7,2650.0,446
2026-02-03 01:10:00+01:00,2650.0,2651.0,2647.6,2650.6,272
2026-02-03 01:20:00+01:00,2650.9,2655.3,2650.8,2654.5,432
2026-02-03 01:30:00+01:00,2654.4,2654.5,2653.5,2654.0,102
2026-02-03 01:40:00+01:00,2653.8,2653.8,2652.2,2652.9,129
2026-02-03 01:50:00+01:00,2653.3,2653.4,2652.0,2653.1,106
2026-02-03 02:00:00+01:00,2653.0,2653.5,2651.9,2652.4,289
2026-02-03 02:10:00+01:00,2652.7,2653.9,2652.6,2653.0,178
2026-02-03 02:20:00+01:00,2653.2,2653.8,2652.1,2652.5,103
2026-02-03 02:30:00+01:00,2652.2,2652.9,2650.5,2650.5,143
2026-02-03 02:40:00+01:00,2650.5,2651.7,2650.0,2651.0,136
2026-02-03 02:50:00+01:00,2651.1,2652.2,2650.9,2651.7,122
2026-02-03 03:10:00+01:00,2649.5,2650.0,2648.1,2649.9,306
2026-02-03 03:20:00+01:00,2650.0,2650.3,2648.1,2648.1,182
2026-02-03 03:30:00+01:00,2648.0,2648.2,2647.0,2647.9,154
2026-02-03 03:40:00+01:00,2647.5,2647.9,2646.2,2646.6,149
2026-02-03 03:50:00+01:00,2646.7,2648.5,2646.5,2648.2,137
2026-02-03 04:00:00+01:00,2648.1,2649.7,2648.0,2648.9,111
2026-02-03 04:10:00+01:00,2649.1,2649.4,2647.2,2647.7,76
2026-02-03 04:30:00+01:00,2648.6,2649.4,2648.0,2649.4,97
2026-02-03 04:40:00+01:00,2649.2,2650.9,2649.0,2650.5,226
2026-02-03 04:50:00+01:00,2650.5,2650.6,2650.0,2650.1,76
2026-02-03 05:10:00+01:00,2652.4,2652.4,2650.9,2651.2,73
2026-02-03 05:20:00+01:00,2651.5,2651.5,2650.3,2651.0,76
2026-02-03 05:30:00+01:00,2651.2,2653.1,2651.2,2652.9,90
2026-02-03 05:50:00+01:00,2653.8,2654.2,2653.0,2653.4,86
2026-02-03 06:00:00+01:00,2653.5,2653.5,2651.2,2651.3,91
2026-02-03 06:10:00+01:00,2651.0,2651.4,2650.3,2650.4,94
2026-02-03 06:20:00+01:00,2650.2,2651.8,2650.1,2651.3,100
2026-02-03 06:30:00+01:00,2651.1,2652.7,2650.9,2652.3,57
2026-02-03 06:40:00+01:00,2652.2,2653.4,2651.6,2653.4,126
2026-02-03 06:50:00+01:00,2653.4,2653.4,2652.6,2653.0,87
2026-02-03 07:00:00+01:00,2653.2,2653.3,2652.1,2653.0,60
2026-02-03 07:10:00+01:00,2653.0,2654.5,2653.0,2654.4,75
2026-02-03 07:30:00+01:00,2653.3,2654.9,2652.8,2654.0,148
2026-02-03 08:00:00+01:00,2652.5,2653.0,2651.2,2651.9,162
2026-02-03 08:10:00+01:00,2651.7,2653.6,2650.8,2650.8,162
2026-02-03 08:20:00+01:00,2651.1,2653.2,2651.1,2652.2,94
2026-02-03 08:30:00+01:00,2652.5,2653.3,2651.7,2653.3,56
2026-02-03 08:40:00+01:00,2653.5,2655.1,2653.4,2654.8,185
2026-02-03 09:00:00+01:00,2653.0,2661.0,2652.7,2660.8,489
2026-02-03 09:10:00+01:00,2660.8,2662.7,2658.3,2659.8,279
2026-02-03 09:20:00+01:00,2659.8,2661.1,2657.7,2657.7,224
2026-02-03 09:30:00+01:00,2657.8,2658.3,2653.9,2654.8,250
2026-02-03 09:40:00+01:00,2654.5,2654.6,2652.6,2653.2,99
2026-02-03 09:50:00+01:00,2653.2,2653.2,2651.1,2651.8,180
2026-02-03 10:00:00+01:00,2651.4,2653.3,2650.5,2651.4,188
2026-02-03 10:10:00+01:00,2650.9,2652.2,2650.7,2651.3,104
2026-02-03 10:20:00+01:00,2651.2,2652.4,2650.4,2651.5,120
2026-02-03 10:30:00+01:00,2651.8,2652.1,2650.2,2650.4,155
2026-02-03 10:40:00+01:00,2650.6,2652.0,2650.1,2651.6,85
2026-02-03 10:50:00+01:00,2651.4,2651.8,2650.6,2651.8,57
2026-02-03 11:10:00+01:00,2654.8,2655.8,2654.1,2654.7,192
2026-02-03 11:20:00+01:00,2654.6,2656.2,2654.6,2656.1,104
2026-02-03 11:30:00+01:00,2656.0,2656.0,2654.0,2654.1,119
2026-02-03 11:40:00+01:00,2654.1,2654.8,2653.5,2653.7,73
2026-02-03 11:50:00+01:00,2654.0,2654.2,2653.5,2653.8,58
2026-02-03 12:00:00+01:00,2653.7,2654.2,2652.1,2652.8,93
2026-02-03 12:10:00+01:00,2652.6,2654.4,2652.1,2652.5,91
2026-02-03 12:20:00+01:00,2652.7,2653.6,2651.5,2652.0,77
2026-02-03 12:40:00+01:00,2651.9,2653.3,2651.8,2652.1,62
2026-02-03 12:50:00+01:00,2651.7,2653.5,2650.6,2653.0,110
2026-02-03 13:00:00+01:00,2653.0,2655.6,2651.6,2655.6,140
2026-02-03 13:10:00+01:00,2655.5,2657.5,2655.5,2657.2,161
2026-02-03 13:20:00+01:00,2657.2,2660.3,2657.0,2660.2,222
2026-02-03 13:30:00+01:00,2660.3,2661.6,2659.4,2661.3,217
2026-02-03 13:40:00+01:00,2661.6,2661.6,2659.5,2659.9,157
2026-02-03 13:50:00+01:00,2659.8,2660.2,2658.9,2659.4,152
2026-02-03 14:00:00+01:00,2659.7,2659.7,2657.3,2658.3,201
2026-02-03 14:10:00+01:00,2658.1,2661.2,2657.6,2659.0,241
2026-02-03 14:20:00+01:00,2658.8,2659.7,2656.6,2658.7,234
2026-02-03 14:30:00+01:00,2658.5,2659.6,2658.3,2658.9,179
2026-02-03 14:40:00+01:00,2658.9,2659.5,2657.3,2658.7,273
2026-02-03 14:50:00+01:00,2658.3,2660.4,2657.4,2660.1,365
2026-02-03 15:00:00+01:00,2660.1,2661.9,2658.6,2658.7,463
2026-02-03 15:10:00+01:00,2658.8,2659.7,2656.0,2657.5,603
2026-02-03 15:20:00+01:00,2658.0,2659.1,2655.7,2658.7,887
2026-02-03 15:30:00+01:00,2658.8,2672.3,2657.5,2663.4,9238
2026-02-03 15:40:00+01:00,2663.3,2678.5,2663.3,2677.8,6795
2026-02-03 15:50:00+01:00,2677.7,2678.9,2656.8,2657.6,5066
2026-02-03 16:00:00+01:00,2657.7,2669.0,2656.5,2663.1,4585
2026-02-03 16:10:00+01:00,2663.2,2665.4,2654.4,2664.4,4011
2026-02-03 16:20:00+01:00,2664.7,2671.1,2661.2,2668.0,3852
2026-02-03 16:30:00+01:00,2667.8,2672.4,2663.4,2668.2,2806
2026-02-03 16:40:00+01:00,2668.3,2670.1,2661.1,2669.7,2377
2026-02-03 16:50:00+01:00,2669.5,2676.9,2668.0,2672.8,2894
2026-02-03 17:00:00+01:00,2673.0,2673.0,2664.9,2665.3,1682
2026-02-03 17:10:00+01:00,2665.1,2665.3,2659.5,2661.6,1909
2026-02-03 17:20:00+01:00,2661.5,2663.2,2652.4,2652.5,2296
2026-02-03 17:30:00+01:00,2652.5,2654.0,2647.3,2649.6,2732
2026-02-03 17:40:00+01:00,2649.4,2650.4,2645.4,2648.6,1618
2026-02-03 17:50:00+01:00,2648.6,2650.9,2645.4,2649.2,1797
2026-02-03 18:00:00+01:00,2649.2,2650.2,2645.2,2646.1,1009
2026-02-03 18:10:00+01:00,2646.1,2646.5,2636.0,2639.0,4093
2026-02-03 18:20:00+01:00,2638.8,2641.1,2633.1,2633.3,1527
2026-02-03 18:30:00+01:00,2633.2,2637.1,2631.9,2633.4,1675
2026-02-03 18:40:00+01:00,2633.0,2633.9,2629.9,2632.9,1486
2026-02-03 18:50:00+01:00,2632.8,2637.5,2631.3,2632.6,1506
2026-02-03 19:00:00+01:00,2632.6,2635.0,2631.0,2632.7,1698
2026-02-03 19:10:00+01:00,2632.6,2633.1,2623.1,2626.9,2375
2026-02-03 19:20:00+01:00,2626.7,2627.9,2622.0,2623.0,1607
2026-02-03 19:30:00+01:00,2622.8,2624.8,2620.6,2623.8,1499
2026-02-03 19:40:00+01:00,2623.8,2624.2,2619.3,2621.3,1024
2026-02-03 19:50:00+01:00,2621.1,2624.4,2616.6,2616.8,1742
2026-02-03 20:00:00+01:00,2616.6,2620.5,2613.1,2613.9,2394
2026-02-03 20:10:00+01:00,2613.8,2630.0,2613.6,2629.3,3782
2026-02-03 20:20:00+01:00,2629.2,2631.7,2621.2,2622.7,3807
2026-02-03 20:30:00+01:00,2622.3,2629.9,2619.9,2628.7,3298
2026-02-03 20:40:00+01:00,2628.6,2631.8,2625.4,2625.9,1757
2026-02-03 20:50:00+01:00,2625.8,2634.5,2624.2,2632.8,2686
2026-02-03 21:00:00+01:00,2632.4,2634.5,2630.9,2633.6,1498
2026-02-03 21:10:00+01:00,2633.4,2639.5,2633.1,2636.9,1509
2026-02-03 21:20:00+01:00,2636.9,2638.3,2634.2,2636.8,1290
2026-02-03 21:30:00+01:00,2636.5,2645.3,2636.5,2644.9,2822
2026-02-03 21:40:00+01:00,2644.7,2647.9,2642.3,2647.9,1646
2026-02-03 21:50:00+01:00,2648.0,2657.8,2647.8,2656.0,3797
2026-02-03 22:00:00+01:00,2656.2,2659.3,2655.4,2657.6,1192
2026-02-03 22:10:00+01:00,2657.8,2659.5,2657.8,2658.0,424
2026-02-03 22:20:00+01:00,2658.3,2658.9,2657.1,2658.4,358
2026-02-03 22:30:00+01:00,2658.3,2658.3,2655.7,2656.9,229
2026-02-03 22:40:00+01:00,2657.0,2658.3,2656.5,2657.4,298
2026-02-03 22:50:00+01:00,2656.7,2656.9,2654.3,2656.4,227
2026-02-04 00:00:00+01:00,2656.8,2658.2,2654.7,2656.3,430
2026-02-04 00:10:00+01:00,2656.6,2659.9,2656.4,2657.5,203
2026-02-04 00:20:00+01:00,2657.7,2657.7,2654.0,2654.8,186
2026-02-04 00:30:00+01:00,2655.0,2655.6,2653.4,2654.7,219
2026-02-04 00:40:00+01:00,2654.8,2655.3,2653.8,2654.8,128
2026-02-04 00:50:00+01:00,2654.9,2656.9,2654.5,2656.2,175
2026-02-04 01:00:00+01:00,2656.5,2656.7,2653.7,2655.3,269
2026-02-04 01:10:00+01:00,2655.3,2657.0,2654.4,2656.9,228
2026-02-04 01:30:00+01:00,2656.2,2657.9,2656.0,2657.1,108
2026-02-04 01:40:00+01:00,2656.6,2657.0,2654.9,2655.4,79
2026-02-04 01:50:00+01:00,2655.3,2655.7,2654.0,2654.7,97
2026-02-04 02:00:00+01:00,2655.0,2659.3,2655.0,2656.9,265
2026-02-04 02:10:00+01:00,2657.4,2658.8,2657.3,2658.6,113
2026-02-04 02:20:00+01:00,2658.0,2659.0,2657.5,2657.9,191
2026-02-04 02:30:00+01:00,2657.9,2658.4,2655.5,2655.5,161
2026-02-04 02:50:00+01:00,2655.4,2657.8,2655.4,2657.8,80
2026-02-04 03:00:00+01:00,2657.9,2662.3,2657.8,2662.0,386
2026-02-04 03:10:00+01:00,2661.9,2662.0,2658.8,2658.8,204
2026-02-04 03:20:00+01:00,2659.0,2659.1,2657.2,2658.1,183
2026-02-04 03:50:00+01:00,2657.6,2658.2,2656.4,2658.0,76
2026-02-04 04:00:00+01:00,2658.2,2658.4,2656.8,2657.9,71
2026-02-04 04:10:00+01:00,2658.0,2659.3,2657.0,2658.3,274
2026-02-04 04:20:00+01:00,2658.5,2659.9,2657.7,2659.0,73
2026-02-04 04:30:00+01:00,2659.1,2661.3,2659.1,2661.0,131
2026-02-04 04:40:00+01:00,2660.9,2661.3,2658.0,2658.4,136
2026-02-04 05:00:00+01:00,2659.6,2661.0,2659.5,2660.4,86
2026-02-04 06:40:00+01:00,2658.1,2658.8,2658.1,2658.8,26
2026-02-04 07:00:00+01:00,2659.3,2660.8,2659.0,2659.9,81
2026-02-04 07:10:00+01:00,2660.2,2661.9,2659.5,2659.5,123
2026-02-04 07:30:00+01:00,2660.0,2662.1,2659.7,2661.2,69
2026-02-04 07:40:00+01:00,2661.6,2663.7,2661.3,2663.3,164
2026-02-04 07:50:00+01:00,2663.3,2663.3,2661.2,2661.8,114
2026-02-04 08:00:00+01:00,2661.9,2663.2,2661.3,2662.7,106
2026-02-04 08:20:00+01:00,2662.9,2663.7,2662.5,2663.5,65
2026-02-04 08:30:00+01:00,2663.8,2664.7,2663.5,2663.8,118
2026-02-04 08:50:00+01:00,2663.5,2664.7,2663.5,2663.7,68
2026-02-04 09:00:00+01:00,2663.7,2665.8,2662.5,2664.5,245
2026-02-04 09:10:00+01:00,2665.2,2666.9,2664.8,2665.4,137
2026-02-04 09:20:00+01:00,2664.4,2664.5,2658.9,2659.5,269
2026-02-04 09:30:00+01:00,2659.5,2661.7,2658.9,2660.6,185
2026-02-04 09:40:00+01:00,2660.2,2662.7,2660.2,2661.4,133
2026-02-04 09:50:00+01:00,2661.4,2661.4,2658.6,2660.4,146
2026-02-04 10:00:00+01:00,2660.3,2664.5,2660.2,2662.4,224
2026-02-04 10:10:00+01:00,2662.6,2663.1,2659.1,2660.3,120
2026-02-04 10:20:00+01:00,2660.4,2660.6,2658.3,2660.2,154
2026-02-04 10:30:00+01:00,2660.0,2661.5,2658.0,2659.7,150
2026-02-04 10:40:00+01:00,2659.4,2660.6,2657.5,2659.3,79
2026-02-04 10:50:00+01:00,2659.3,2662.8,2659.0,2662.2,82
2026-02-04 11:00:00+01:00,2662.0,2667.3,2661.2,2667.1,324
2026-02-04 11:10:00+01:00,2666.5,2666.9,2663.3,2665.2,195
2026-02-04 11:20:00+01:00,2665.1,2666.2,2664.1,2666.2,161
2026-02-04 11:30:00+01:00,2666.1,2668.5,2665.8,2667.3,186
2026-02-04 11:40:00+01:00,2667.0,2667.3,2666.1,2666.5,91
2026-02-04 11:50:00+01:00,2666.8,2668.9,2666.8,2668.4,166
2026-02-04 12:00:00+01:00,2668.6,2670.3,2667.5,2667.5,303
2026-02-04 12:10:00+01:00,2667.1,2667.1,2664.5,2667.0,225
2026-02-04 12:20:00+01:00,2667.3,2667.7,2666.5,2666.9,118
2026-02-04 12:30:00+01:00,2667.0,2670.3,2666.6,2668.4,207
2026-02-04 12:40:00+01:00,2668.2,2669.0,2667.4,2668.5,190
2026-02-04 12:50:00+01:00,2668.4,2670.5,2668.1,2669.9,311
2026-02-04 13:00:00+01:00,2670.0,2671.5,2668.0,2668.6,332
2026-02-04 13:10:00+01:00,2668.5,2670.8,2667.9,2669.9,170
2026-02-04 13:20:00+01:00,2670.3,2670.6,2668.5,2668.5,110
2026-02-04 13:30:00+01:00,2668.6,2669.9,2667.8,2668.2,162
2026-02-04 13:40:00+01:00,2668.5,2669.5,2666.9,2668.3,326
2026-02-04 13:50:00+01:00,2668.3,2669.1,2667.0,2667.4,130
2026-02-04 14:00:00+01:00,2667.0,2667.3,2663.9,2664.9,451
2026-02-04 14:10:00+01:00,2665.0,2669.2,2664.6,2668.7,349
2026-02-04 14:20:00+01:00,2668.5,2669.6,2666.4,2668.1,238
2026-02-04 14:30:00+01:00,2667.5,2673.6,2666.0,2669.3,698
2026-02-04 14:40:00+01:00,2669.3,2671.4,2667.6,2667.6,436
2026-02-04 14:50:00+01:00,2667.5,2669.3,2665.8,2667.1,389
2026-02-04 15:00:00+01:00,2666.7,2668.3,2664.8,2667.8,579
2026-02-04 15:10:00+01:00,2667.9,2669.4,2667.9,2669.4,277
2026-02-04 15:20:00+01:00,2669.3,2670.9,2666.6,2669.8,746
2026-02-04 15:30:00+01:00,2669.9,2674.6,2660.4,2665.1,8406
2026-02-04 15:40:00+01:00,2665.0,2670.0,2661.3,2667.2,3463
2026-02-04 15:50:00+01:00,2667.1,2667.4,2647.8,2649.9,5121
2026-02-04 16:00:00+01:00,2649.5,2660.6,2643.4,2659.0,5127
2026-02-04 16:10:00+01:00,2659.2,2663.0,2655.1,2658.0,3417
2026-02-04 16:20:00+01:00,2658.4,2663.4,2652.7,2652.9,3254
2026-02-04 16:30:00+01:00,2652.9,2653.8,2634.1,2643.6,6886
2026-02-04 16:40:00+01:00,2643.8,2657.2,2643.2,2646.0,4109
2026-02-04 16:50:00+01:00,2645.9,2649.0,2636.7,2640.5,3090
2026-02-04 17:00:00+01:00,2640.6,2643.8,2627.4,2628.4,3538
2026-02-04 17:10:00+01:00,2628.2,2636.6,2626.5,2628.2,2617
2026-02-04 17:20:00+01:00,2628.2,2637.7,2624.3,2637.3,2881
2026-02-04 17:30:00+01:00,2637.4,2638.0,2630.5,2631.4,1955
2026-02-04 17:40:00+01:00,2631.2,2632.2,2615.1,2618.4,2482
2026-02-04 17:50:00+01:00,2618.2,2630.4,2615.8,2628.8,3161
2026-02-04 18:00:00+01:00,2628.3,2631.3,2625.2,2625.3,2271
2026-02-04 18:10:00+01:00,2625.5,2629.7,2622.0,2622.0,2257
2026-02-04 18:20:00+01:00,2621.9,2623.1,2607.8,2609.8,5146
2026-02-04 18:30:00+01:00,2609.9,2615.1,2603.9,2604.0,4588
2026-02-04 18:40:00+01:00,2604.2,2609.1,2601.9,2603.7,3174
2026-02-04 18:50:00+01:00,2603.5,2610.6,2600.7,2607.7,2929
2026-02-04 19:00:00+01:00,2607.6,2611.5,2602.6,2603.7,2907
2026-02-04 19:10:00+01:00,2603.9,2606.8,2598.6,2599.9,2515
2026-02-04 19:20:00+01:00,2600.0,2614.1,2599.4,2613.2,2313
2026-02-04 19:30:00+01:00,2613.1,2613.2,2603.4,2606.3,2411
2026-02-04 19:40:00+01:00,2606.2,2611.9,2605.2,2605.4,2274
2026-02-04 19:50:00+01:00,2605.2,2614.2,2601.6,2608.4,2288
2026-02-04 20:00:00+01:00,2608.7,2610.2,2602.4,2609.1,3319
2026-02-04 20:10:00+01:00,2609.2,2612.5,2606.9,2610.1,1412
2026-02-04 20:20:00+01:00,2610.1,2615.2,2608.6,2614.9,1679
2026-02-04 20:30:00+01:00,2615.1,2623.7,2615.1,2620.6,2248
2026-02-04 20:40:00+01:00,2620.8,2636.3,2620.3,2629.6,5115
2026-02-04 20:50:00+01:00,2629.5,2642.1,2629.2,2641.0,2983
2026-02-04 21:00:00+01:00,2641.0,2642.4,2636.7,2639.6,1995
2026-02-04 21:10:00+01:00,2639.9,2640.0,2632.6,2634.9,1929
2026-02-04 21:20:00+01:00,2634.8,2635.4,2631.4,2631.7,1489
2026-02-04 21:30:00+01:00,2631.5,2639.1,2631.5,2638.4,1865
2026-02-04 21:40:00+01:00,2638.8,2641.2,2636.3,2639.1,1003
2026-02-04 21:50:00+01:00,2639.2,2640.3,2630.3,2632.4,2180
2026-02-04 22:00:00+01:00,2632.4,2644.4,2632.2,2633.9,1479
2026-02-04 22:10:00+01:00,2635.1,2640.3,2633.2,2638.1,486
2026-02-04 22:20:00+01:00,2638.5,2641.8,2637.6,2640.9,383
2026-02-04 22:30:00+01:00,2641.1,2641.7,2636.4,2640.8,726
2026-02-04 22:40:00+01:00,2640.6,2640.8,2636.6,2636.8,294
2026-02-04 22:50:00+01:00,2636.9,2640.9,2635.5,2638.4,490
2026-02-05 00:00:00+01:00,2638.0,2640.2,2634.9,2639.8,203
2026-02-05 00:10:00+01:00,2640.3,2641.1,2639.1,2639.5,246
2026-02-05 00:20:00+01:00,2639.6,2641.0,2638.6,2641.0,208
2026-02-05 00:30:00+01:00,2641.0,2642.5,2639.2,2639.6,214
2026-02-05 00:40:00+01:00,2639.4,2640.8,2639.2,2640.1,286
2026-02-05 00:50:00+01:00,2640.3,2641.5,2637.5,2638.9,277
2026-02-05 01:00:00+01:00,2639.3,2640.0,2637.0,2639.7,360
2026-02-05 01:10:00+01:00,2639.6,2641.8,2639.4,2641.7,163
2026-02-05 01:20:00+01:00,2641.8,2643.7,2641.4,2643.2,258
2026-02-05 01:30:00+01:00,2643.3,2643.5,2641.9,2642.3,123
2026-02-05 01:40:00+01:00,2643.0,2643.3,2642.1,2642.5,115
2026-02-05 01:50:00+01:00,2642.6,2642.6,2639.8,2640.8,245
2026-02-05 02:00:00+01:00,2641.2,2642.8,2640.2,2642.6,276
2026-02-05 02:10:00+01:00,2642.6,2643.8,2642.2,2643.2,314
2026-02-05 02:20:00+01:00,2643.0,2643.6,2641.0,2643.0,167
2026-02-05 02:30:00+01:00,2643.2,2646.8,2642.9,2646.2,348
2026-02-05 02:40:00+01:00,2646.3,2648.1,2645.2,2646.0,270
2026-02-05 02:50:00+01:00,2645.7,2647.7,2645.7,2647.0,159
2026-02-05 03:00:00+01:00,2647.0,2647.4,2642.4,2643.0,415
2026-02-05 03:10:00+01:00,2642.8,2643.1,2632.1,2635.7,941
2026-02-05 03:20:00+01:00,2635.5,2640.2,2635.1,2639.3,407
2026-02-05 03:30:00+01:00,2639.2,2641.8,2638.0,2641.1,498
2026-02-05 03:40:00+01:00,2641.1,2642.3,2636.8,2637.0,419
2026-02-05 03:50:00+01:00,2637.1,2637.8,2630.9,2631.6,659
2026-02-05 04:00:00+01:00,2631.8,2635.4,2630.6,2635.2,605
2026-02-05 04:10:00+01:00,2635.0,2636.5,2633.8,2636.0,522
2026-02-05 04:20:00+01:00,2636.0,2637.4,2634.6,2635.8,439
2026-02-05 04:30:00+01:00,2635.8,2636.0,2631.9,2632.8,357
2026-02-05 04:40:00+01:00,2633.1,2634.2,2630.8,2631.4,184
2026-02-05 04:50:00+01:00,2631.5,2631.5,2627.5,2628.5,559
2026-02-05 05:00:00+01:00,2628.7,2630.3,2628.0,2629.9,195
2026-02-05 05:10:00+01:00,2630.0,2631.2,2629.5,2630.0,222
2026-02-05 05:20:00+01:00,2630.3,2631.3,2629.3,2631.0,184
2026-02-05 05:30:00+01:00,2631.6,2631.7,2630.0,2631.3,137
2026-02-05 05:40:00+01:00,2631.8,2635.2,2631.8,2634.1,283
2026-02-05 05:50:00+01:00,2634.6,2635.6,2633.9,2634.5,131
2026-02-05 06:00:00+01:00,2634.4,2634.9,2632.4,2632.7,211
2026-02-05 06:10:00+01:00,2632.8,2634.1,2629.7,2630.3,217
2026-02-05 06:20:00+01:00,2630.3,2632.6,2629.3,2632.5,150
2026-02-05 06:30:00+01:00,2631.9,2633.5,2631.0,2632.8,166
2026-02-05 06:40:00+01:00,2632.9,2634.1,2630.8,2630.9,145
2026-02-05 06:50:00+01:00,2631.1,2631.9,2630.1,2630.7,119
2026-02-05 07:00:00+01:00,2630.7,2633.5,2630.6,2632.7,133
2026-02-05 07:10:00+01:00,2632.8,2635.5,2632.8,2633.9,163
2026-02-05 07:20:00+01:00,2634.0,2634.2,2632.2,2633.5,126
2026-02-05 07:30:00+01:00,2633.3,2635.6,2632.8,2635.4,111
2026-02-05 07:40:00+01:00,2636.1,2637.4,2635.5,2636.7,275
2026-02-05 08:00:00+01:00,2637.5,2638.7,2636.8,2638.1,369
2026-02-05 08:10:00+01:00,2638.3,2638.3,2636.8,2637.2,130
2026-02-05 08:20:00+01:00,2637.3,2639.2,2636.6,2639.0,135
2026-02-05 08:30:00+01:00,2638.8,2639.9,2637.6,2637.9,132
2026-02-05 08:40:00+01:00,2637.6,2638.0,2636.6,2637.7,136
2026-02-05 08:50:00+01:00,2637.3,2638.9,2635.1,2635.2,162
2026-02-05 09:00:00+01:00,2635.1,2640.6,2635.0,2639.8,391
2026-02-05 09:10:00+01:00,2639.7,2641.6,2638.1,2641.3,189
2026-02-05 09:20:00+01:00,2641.1,2641.2,2635.6,2636.4,185
2026-02-05 09:30:00+01:00,2637.1,2639.1,2635.0,2636.7,221
2026-02-05 09:40:00+01:00,2636.7,2638.3,2635.4,2635.7,157
2026-02-05 09:50:00+01:00,2635.4,2635.4,2631.4,2632.2,333
2026-02-05 10:00:00+01:00,2632.1,2632.9,2627.7,2630.3,346
2026-02-05 10:10:00+01:00,2630.9,2631.3,2628.6,2630.6,148
2026-02-05 10:20:00+01:00,2630.9,2637.2,2630.9,2637.0,184
2026-02-05 10:30:00+01:00,2637.1,2639.4,2634.4,2635.0,135
2026-02-05 10:40:00+01:00,2635.3,2635.3,2631.2,2631.9,117
2026-02-05 10:50:00+01:00,2632.3,2634.8,2631.8,2634.4,121
2026-02-05 11:00:00+01:00,2634.4,2634.8,2633.1,2634.8,98
2026-02-05 11:10:00+01:00,2635.8,2639.3,2635.8,2639.0,133
2026-02-05 11:20:00+01:00,2639.0,2641.0,2638.5,2640.5,110
2026-02-05 11:30:00+01:00,2640.6,2640.9,2636.2,2636.3,152
2026-02-05 11:40:00+01:00,2636.3,2638.8,2635.9,2638.5,99
2026-02-05 11:50:00+01:00,2638.2,2639.0,2636.8,2637.6,104
2026-02-05 12:00:00+01:00,2637.6,2637.8,2634.9,2637.5,187
2026-02-05 12:10:00+01:00,2637.4,2639.2,2636.2,2638.9,259
2026-02-05 12:20:00+01:00,2638.6,2641.2,2637.6,2638.8,213
2026-02-05 12:30:00+01:00,2637.9,2638.5,2635.8,2637.1,153
2026-02-05 12:40:00+01:00,2637.3,2640.1,2636.6,2640.1,350
2026-02-05 12:50:00+01:00,2640.1,2640.6,2639.0,2639.6,163
2026-02-05 13:00:00+01:00,2639.5,2642.5,2638.1,2638.5,413
2026-02-05 13:10:00+01:00,2638.5,2639.8,2635.2,2635.2,386
2026-02-05 13:20:00+01:00,2635.2,2635.2,2625.9,2628.3,897
2026-02-05 13:30:00+01:00,2628.3,2628.7,2620.2,2622.5,1320
2026-02-05 13:40:00+01:00,2622.4,2622.5,2615.1,2615.7,1574
2026-02-05 13:50:00+01:00,2616.0,2620.9,2615.0,2619.5,999
2026-02-05 14:00:00+01:00,2619.6,2623.5,2618.1,2623.1,748
2026-02-05 14:10:00+01:00,2622.9,2622.9,2616.7,2616.9,519
2026-02-05 14:20:00+01:00,2616.7,2620.0,2616.1,2617.6,441
2026-02-05 14:30:00+01:00,2617.8,2622.5,2615.2,2617.8,981
2026-02-05 14:40:00+01:00,2617.9,2620.9,2617.1,2618.1,498
2026-02-05 14:50:00+01:00,2617.8,2620.2,2614.9,2615.8,730
2026-02-05 15:00:00+01:00,2615.9,2620.8,2612.6,2616.7,1874
2026-02-05 15:10:00+01:00,2616.5,2617.3,2612.8,2614.3,876
2026-02-05 15:20:00+01:00,2614.2,2617.1,2611.5,2612.0,1863
2026-02-05 15:30:00+01:00,2611.9,2630.5,2611.6,2626.5,11525
2026-02-05 15:40:00+01:00,2626.6,2640.5,2622.6,2637.0,7757
2026-02-05 15:50:00+01:00,2636.8,2643.8,2631.5,2637.5,6272
2026-02-05 16:00:00+01:00,2637.3,2642.8,2619.7,2622.1,6429
2026-02-05 16:10:00+01:00,2622.1,2624.5,2606.7,2615.4,6358
2026-02-05 16:20:00+01:00,2615.1,2617.5,2601.6,2602.2,5462
2026-02-05 16:30:00+01:00,2602.1,2608.5,2595.5,2607.6,7034
2026-02-05 16:40:00+01:00,2607.3,2612.0,2600.8,2602.1,4508
2026-02-05 16:50:00+01:00,2602.3,2610.3,2602.0,2608.7,3670
2026-02-05 17:00:00+01:00,2608.6,2610.7,2598.6,2599.3,3210
2026-02-05 17:10:00+01:00,2599.1,2606.6,2593.2,2605.9,3993
2026-02-05 17:20:00+01:00,2605.8,2614.9,2605.1,2613.7,3928
2026-02-05 17:30:00+01:00,2613.9,2616.9,2610.1,2614.2,3123
2026-02-05 17:40:00+01:00,2614.5,2617.2,2609.1,2614.2,2404
2026-02-05 17:50:00+01:00,2614.3,2620.6,2614.3,2618.7,2978
2026-02-05 18:00:00+01:00,2618.4,2619.5,2610.0,2612.3,2098
2026-02-05 18:10:00+01:00,2611.8,2612.5,2606.8,2607.2,1561
2026-02-05 18:20:00+01:00,2607.1,2618.8,2603.0,2618.1,2768
2026-02-05 18:30:00+01:00,2618.3,2619.5,2611.9,2613.9,1919
2026-02-05 18:40:00+01:00,2613.5,2620.3,2611.5,2611.7,2074
2026-02-05 18:50:00+01:00,2611.8,2613.9,2606.4,2607.3,2277
2026-02-05 19:00:00+01:00,2607.2,2610.3,2603.6,2604.9,1697
2026-02-05 19:10:00+01:00,2604.6,2607.0,2599.7,2601.4,2124
2026-02-05 19:20:00+01:00,2601.3,2602.1,2596.2,2598.1,1562
2026-02-05 19:30:00+01:00,2597.9,2601.1,2593.1,2593.8,1776
2026-02-05 19:40:00+01:00,2593.3,2596.5,2591.4,2592.4,1696
2026-02-05 19:50:00+01:00,2592.0,2595.1,2588.2,2592.2,1865
2026-02-05 20:00:00+01:00,2592.0,2600.5,2591.3,2600.2,2145
2026-02-05 20:10:00+01:00,2600.3,2606.0,2599.9,2606.0,1947
2026-02-05 20:20:00+01:00,2606.1,2607.2,2602.5,2603.5,1540
2026-02-05 20:30:00+01:00,2603.2,2603.2,2595.7,2596.5,1982
2026-02-05 20:40:00+01:00,2596.6,2597.0,2591.6,2593.0,1178
2026-02-05 20:50:00+01:00,2593.3,2594.2,2589.4,2593.2,1538
2026-02-05 21:00:00+01:00,2593.0,2602.5,2590.9,2601.1,2191
2026-02-05 21:10:00+01:00,2600.9,2602.0,2590.1,2590.2,2363
2026-02-05 21:20:00+01:00,2590.2,2591.1,2583.8,2584.5,2297
2026-02-05 21:30:00+01:00,2584.4,2586.7,2579.2,2581.3,1927
2026-02-05 21:40:00+01:00,2581.2,2584.3,2580.3,2581.5,2186
2026-02-05 21:50:00+01:00,2581.4,2587.8,2577.3,2585.5,4749
2026-02-05 22:00:00+01:00,2585.5,2589.7,2582.2,2588.1,1356
2026-02-05 22:10:00+01:00,2588.3,2592.0,2585.3,2585.6,455
2026-02-05 22:20:00+01:00,2585.7,2590.8,2585.7,2588.1,396
2026-02-05 22:30:00+01:00,2588.5,2589.6,2584.9,2587.6,364
2026-02-05 22:40:00+01:00,2587.6,2589.2,2586.7,2587.1,271
2026-02-05 22:50:00+01:00,2587.7,2589.1,2586.9,2587.9,309
2026-02-06 00:00:00+01:00,2586.8,2586.8,2580.6,2583.6,471
2026-02-06 00:10:00+01:00,2583.3,2585.1,2582.0,2582.3,318
2026-02-06 00:20:00+01:00,2581.9,2583.7,2579.3,2583.7,423
2026-02-06 00:30:00+01:00,2583.6,2584.1,2579.9,2580.8,358
2026-02-06 00:40:00+01:00,2580.9,2582.0,2579.5,2581.5,619
2026-02-06 00:50:00+01:00,2581.1,2582.8,2577.5,2578.9,859
2026-02-06 01:00:00+01:00,2578.8,2579.1,2567.9,2568.9,1615
2026-02-06 01:10:00+01:00,2569.2,2573.0,2566.7,2571.1,1213
2026-02-06 01:20:00+01:00,2570.9,2578.4,2570.6,2576.6,938
2026-02-06 01:30:00+01:00,2576.5,2580.6,2574.1,2579.8,567
2026-02-06 01:40:00+01:00,2580.0,2581.9,2577.5,2579.0,695
2026-02-06 01:50:00+01:00,2578.8,2583.0,2576.7,2582.8,523
2026-02-06 02:00:00+01:00,2583.2,2587.5,2583.1,2585.0,875
2026-02-06 02:10:00+01:00,2585.1,2585.4,2579.9,2580.1,513
2026-02-06 02:20:00+01:00,2580.1,2585.1,2579.2,2584.5,679
2026-02-06 02:30:00+01:00,2584.9,2590.1,2584.7,2589.9,644
2026-02-06 02:40:00+01:00,2589.9,2593.4,2589.6,2592.6,719
2026-02-06 02:50:00+01:00,2592.4,2595.9,2592.4,2595.7,319
2026-02-06 03:00:00+01:00,2596.0,2598.2,2595.2,2598.1,591
2026-02-06 03:10:00+01:00,2598.1,2598.8,2596.6,2597.5,456
2026-02-06 03:20:00+01:00,2597.3,2598.8,2595.8,2598.6,356
2026-02-06 03:30:00+01:00,2598.6,2599.2,2596.5,2598.1,349
2026-02-06 03:40:00+01:00,2598.0,2598.8,2594.3,2596.3,562
2026-02-06 03:50:00+01:00,2596.5,2598.2,2596.0,2596.5,121
2026-02-06 04:00:00+01:00,2596.0,2597.6,2595.2,2596.2,197
2026-02-06 04:10:00+01:00,2596.2,2596.2,2592.9,2593.4,233
2026-02-06 04:20:00+01:00,2593.7,2595.4,2592.1,2594.7,206
2026-02-06 04:30:00+01:00,2594.2,2596.8,2592.5,2592.5,575
2026-02-06 04:40:00+01:00,2592.5,2593.0,2590.8,2592.8,389
2026-02-06 04:50:00+01:00,2592.9,2594.1,2591.5,2593.2,223
2026-02-06 05:00:00+01:00,2593.0,2593.4,2591.4,2592.1,119
2026-02-06 05:10:00+01:00,2592.0,2593.8,2591.1,2591.8,134
2026-02-06 05:20:00+01:00,2591.6,2591.7,2589.8,2590.8,139
2026-02-06 05:30:00+01:00,2591.0,2591.2,2588.0,2588.6,318
2026-02-06 05:40:00+01:00,2588.4,2589.8,2587.4,2588.6,220
2026-02-06 05:50:00+01:00,2588.4,2589.4,2587.0,2589.2,187
2026-02-06 06:00:00+01:00,2589.2,2590.2,2587.7,2588.7,218
2026-02-06 06:10:00+01:00,2588.7,2591.9,2588.1,2590.3,156
2026-02-06 06:20:00+01:00,2590.4,2593.3,2590.1,2593.0,297
2026-02-06 06:30:00+01:00,2593.1,2597.3,2593.0,2596.8,308
2026-02-06 06:40:00+01:00,2596.7,2597.3,2595.9,2597.0,158
2026-02-06 06:50:00+01:00,2596.9,2601.8,2596.9,2600.9,417
2026-02-06 07:00:00+01:00,2600.8,2603.1,2599.8,2600.9,247
2026-02-06 07:10:00+01:00,2600.4,2601.8,2599.1,2599.6,130
2026-02-06 07:20:00+01:00,2599.7,2600.6,2597.8,2598.8,162
2026-02-06 07:30:00+01:00,2598.6,2600.9,2597.2,2597.8,287
2026-02-06 07:40:00+01:00,2597.6,2598.0,2596.5,2597.4,130
2026-02-06 07:50:00+01:00,2597.2,2597.7,2595.8,2596.2,143
2026-02-06 08:00:00+01:00,2596.5,2596.9,2594.7,2595.4,376
2026-02-06 08:10:00+01:00,2595.2,2597.0,2594.2,2595.3,167
2026-02-06 08:20:00+01:00,2595.5,2598.6,2595.4,2598.3,300
2026-02-06 08:30:00+01:00,2598.3,2601.0,2597.8,2600.7,535
2026-02-06 08:40:00+01:00,2600.2,2600.6,2598.0,2599.0,175
2026-02-06 08:50:00+01:00,2598.9,2599.4,2597.1,2599.3,152
2026-02-06 09:00:00+01:00,2599.1,2599.6,2594.6,2599.0,404
2026-02-06 09:10:00+01:00,2599.0,2601.5,2596.7,2597.1,339
2026-02-06 09:20:00+01:00,2596.9,2600.9,2596.3,2596.4,253
2026-02-06 09:30:00+01:00,2596.0,2598.5,2595.8,2598.0,262
2026-02-06 09:40:00+01:00,2597.7,2600.6,2595.2,2598.7,500
2026-02-06 09:50:00+01:00,2598.9,2603.8,2598.6,2602.3,269
2026-02-06 10:00:00+01:00,2602.1,2602.9,2599.7,2602.7,291
2026-02-06 10:10:00+01:00,2602.4,2608.9,2601.5,2605.8,679
2026-02-06 10:20:00+01:00,2606.0,2608.5,2604.3,2608.2,579
2026-02-06 10:30:00+01:00,2608.1,2612.2,2607.9,2611.2,524
2026-02-06 10:40:00+01:00,2611.1,2611.7,2608.7,2609.9,427
2026-02-06 10:50:00+01:00,2609.6,2610.4,2608.7,2609.8,208
2026-02-06 11:00:00+01:00,2609.9,2610.0,2608.3,2609.1,202
2026-02-06 11:10:00+01:00,2609.0,2609.2,2607.1,2608.3,154
2026-02-06 11:20:00+01:00,2608.8,2610.7,2607.4,2608.4,179
2026-02-06 11:30:00+01:00,2608.2,2611.1,2607.7,2611.1,115
2026-02-06 11:40:00+01:00,2611.3,2613.1,2611.1,2612.8,202
2026-02-06 11:50:00+01:00,2613.1,2615.8,2612.6,2613.7,258
2026-02-06 12:00:00+01:00,2613.8,2616.9,2613.8,2615.1,347
2026-02-06 12:10:00+01:00,2615.3,2617.4,2615.1,2616.2,229
2026-02-06 12:20:00+01:00,2616.3,2618.0,2615.9,2616.6,241
2026-02-06 12:30:00+01:00,2616.7,2621.6,2616.2,2620.4,898
2026-02-06 12:40:00+01:00,2620.3,2621.7,2618.8,2620.5,319
2026-02-06 12:50:00+01:00,2620.7,2622.1,2619.7,2621.3,298
2026-02-06 13:00:00+01:00,2621.1,2621.9,2618.5,2618.7,331
2026-02-06 13:10:00+01:00,2618.7,2618.7,2614.5,2617.7,622
2026-02-06 13:20:00+01:00,2617.8,2620.0,2617.8,2618.6,285
2026-02-06 13:30:00+01:00,2618.8,2620.8,2616.5,2618.2,306
2026-02-06 13:40:00+01:00,2618.0,2621.4,2617.8,2618.8,294
2026-02-06 13:50:00+01:00,2618.6,2618.7,2613.7,2617.6,487
2026-02-06 14:00:00+01:00,2617.7,2619.8,2616.8,2618.4,325
2026-02-06 14:10:00+01:00,2618.4,2622.8,2617.3,2622.4,368
2026-02-06 14:20:00+01:00,2622.8,2624.7,2621.6,2622.4,514
2026-02-06 14:30:00+01:00,2622.5,2624.7,2618.0,2623.0,666
2026-02-06 14:40:00+01:00,2622.5,2624.1,2620.4,2622.7,428
2026-02-06 14:50:00+01:00,2622.4,2623.0,2620.3,2622.2,564
2026-02-06 15:00:00+01:00,2622.0,2624.4,2621.4,2623.4,494
2026-02-06 15:10:00+01:00,2623.3,2625.6,2622.0,2625.4,575
2026-02-06 15:20:00+01:00,2625.4,2625.6,2621.4,2624.1,1225
2026-02-06 15:30:00+01:00,2624.2,2645.8,2622.5,2641.5,10019
2026-02-06 15:40:00+01:00,2641.2,2647.5,2636.7,2645.8,6227
2026-02-06 15:50:00+01:00,2645.6,2652.3,2638.0,2639.9,5412
2026-02-06 16:00:00+01:00,2640.4,2648.1,2637.0,2638.9,5060
2026-02-06 16:10:00+01:00,2639.0,2648.7,2636.5,2643.4,4620
2026-02-06 16:20:00+01:00,2643.5,2648.2,2638.7,2644.7,3513
2026-02-06 16:30:00+01:00,2645.0,2651.7,2641.8,2651.0,3072
2026-02-06 16:40:00+01:00,2651.0,2653.8,2647.2,2647.5,2667
2026-02-06 16:50:00+01:00,2647.7,2652.2,2642.9,2652.2,3112
2026-02-06 17:00:00+01:00,2652.4,2658.7,2650.6,2658.4,2615
2026-02-06 17:10:00+01:00,2658.4,2660.6,2656.4,2658.8,1789
2026-02-06 17:20:00+01:00,2658.7,2659.4,2655.9,2658.9,1358
2026-02-06 17:30:00+01:00,2658.8,2664.4,2658.7,2663.4,1721
2026-02-06 17:40:00+01:00,2663.5,2665.6,2662.6,2665.2,1292
2026-02-06 17:50:00+01:00,2665.2,2667.5,2663.5,2667.3,1099
2026-02-06 18:00:00+01:00,2667.3,2672.6,2665.3,2672.1,2175
2026-02-06 18:10:00+01:00,2671.9,2673.1,2665.3,2666.5,1876
2026-02-06 18:20:00+01:00,2666.6,2669.8,2665.1,2669.2,1122
2026-02-06 18:30:00+01:00,2669.3,2670.1,2663.8,2664.8,1237
2026-02-06 18:40:00+01:00,2665.1,2668.6,2664.9,2668.4,748
2026-02-06 18:50:00+01:00,2668.3,2671.4,2668.2,2669.1,915
2026-02-06 19:00:00+01:00,2669.1,2670.5,2668.5,2669.1,652
2026-02-06 19:10:00+01:00,2669.0,2670.4,2665.8,2669.3,948
2026-02-06 19:20:00+01:00,2669.1,2670.2,2665.9,2668.7,744
2026-02-06 19:30:00+01:00,2668.9,2672.3,2668.4,2672.0,893
2026-02-06 19:40:00+01:00,2672.0,2674.1,2671.8,2673.8,1003
2026-02-06 19:50:00+01:00,2673.8,2674.3,2669.8,2670.4,1241
2026-02-06 20:00:00+01:00,2670.4,2671.3,2668.9,2669.9,741
2026-02-06 20:10:00+01:00,2669.6,2670.9,2668.6,2669.3,486
2026-02-06 20:20:00+01:00,2669.4,2672.3,2669.3,2671.6,498
2026-02-06 20:30:00+01:00,2671.4,2672.8,2670.3,2671.0,428
2026-02-06 20:40:00+01:00,2670.9,2675.3,2670.2,2675.0,777
2026-02-06 20:50:00+01:00,2674.9,2675.5,2672.7,2673.2,641
2026-02-06 21:00:00+01:00,2673.0,2676.6,2671.8,2675.7,1058
2026-02-06 21:10:00+01:00,2675.5,2675.5,2672.9,2674.3,562
2026-02-06 21:20:00+01:00,2674.2,2677.2,2674.2,2676.7,756
2026-02-06 21:30:00+01:00,2676.1,2676.8,2674.6,2676.7,1462
2026-02-06 21:40:00+01:00,2676.6,2680.7,2676.3,2679.7,1172
2026-02-06 21:50:00+01:00,2679.7,2684.2,2676.5,2676.9,3712
2026-02-06 22:00:00+01:00,2676.8,2677.9,2675.1,2675.7,1522
2026-02-06 22:10:00+01:00,2675.6,2675.6,2673.4,2674.1,530
2026-02-06 22:20:00+01:00,2673.8,2675.5,2672.6,2674.7,264
2026-02-06 22:30:00+01:00,2674.8,2675.4,2674.4,2674.5,136
2026-02-06 22:40:00+01:00,2674.2,2675.4,2673.9,2674.2,170
2026-02-06 22:50:00+01:00,2674.1,2675.7,2672.0,2674.3,522
2026-02-09 00:00:00+01:00,2676.2,2689.7,2676.2,2688.1,879
2026-02-09 00:10:00+01:00,2688.1,2688.5,2685.3,2687.7,581
2026-02-09 00:20:00+01:00,2687.5,2688.1,2684.7,2685.1,371
2026-02-09 00:30:00+01:00,2685.1,2689.0,2684.3,2687.4,897
2026-02-09 00:40:00+01:00,2687.3,2689.1,2686.3,2688.6,587
2026-02-09 00:50:00+01:00,2688.6,2689.9,2685.2,2686.2,366
2026-02-09 01:00:00+01:00,2685.9,2687.7,2685.1,2687.4,732
2026-02-09 01:10:00+01:00,2686.9,2686.9,2683.5,2684.7,469
2026-02-09 01:20:00+01:00,2684.8,2687.1,2683.1,2683.6,386
2026-02-09 01:30:00+01:00,2683.7,2687.5,2682.9,2685.5,360
2026-02-09 01:40:00+01:00,2685.4,2685.5,2683.4,2683.9,245
2026-02-09 01:50:00+01:00,2683.8,2685.3,2683.5,2685.0,168
2026-02-09 02:00:00+01:00,2685.1,2685.1,2683.3,2685.0,300
2026-02-09 02:10:00+01:00,2685.0,2685.5,2683.9,2685.2,223
2026-02-09 02:20:00+01:00,2685.2,2686.2,2683.7,2683.8,208
2026-02-09 02:30:00+01:00,2683.8,2684.8,2682.4,2682.8,306
2026-02-09 02:40:00+01:00,2683.0,2684.3,2682.1,2683.8,220
2026-02-09 02:50:00+01:00,2683.8,2684.4,2682.6,2683.7,416
2026-02-09 03:00:00+01:00,2683.7,2685.5,2682.2,2685.5,262
2026-02-09 03:10:00+01:00,2685.6,2686.3,2683.8,2684.4,148
2026-02-09 03:20:00+01:00,2684.4,2685.0,2682.2,2683.1,161
2026-02-09 03:30:00+01:00,2683.6,2686.2,2683.5,2686.0,146
2026-02-09 03:40:00+01:00,2686.0,2686.8,2685.0,2685.7,130
2026-02-09 03:50:00+01:00,2685.5,2685.6,2683.0,2683.3,161
2026-02-09 04:00:00+01:00,2683.6,2684.4,2683.0,2683.7,145
2026-02-09 04:10:00+01:00,2683.8,2683.8,2682.1,2682.5,101
2026-02-09 04:20:00+01:00,2682.6,2683.4,2682.1,2682.4,103
2026-02-09 04:30:00+01:00,2682.0,2683.2,2681.6,2682.3,172
2026-02-09 04:40:00+01:00,2681.9,2683.2,2681.9,2682.8,146
2026-02-09 04:50:00+01:00,2682.8,2683.4,2681.3,2681.3,117
2026-02-09 05:10:00+01:00,2682.4,2682.4,2681.9,2682.1,43
2026-02-09 05:20:00+01:00,2682.1,2682.6,2681.1,2682.4,115
2026-02-09 05:40:00+01:00,2681.5,2682.2,2681.4,2681.8,72
2026-02-09 05:50:00+01:00,2681.7,2681.7,2680.5,2681.3,107
2026-02-09 06:00:00+01:00,2681.3,2681.3,2680.2,2681.0,118
2026-02-09 06:10:00+01:00,2680.8,2682.3,2680.6,2681.9,109
2026-02-09 06:30:00+01:00,2681.9,2682.2,2681.2,2681.8,165
2026-02-09 06:40:00+01:00,2681.9,2681.9,2680.3,2680.8,103
2026-02-09 07:00:00+01:00,2681.3,2681.6,2676.4,2679.6,1191
2026-02-09 07:10:00+01:00,2679.6,2679.9,2676.3,2677.0,259
2026-02-09 07:20:00+01:00,2677.0,2679.1,2676.7,2678.5,231
2026-02-09 07:30:00+01:00,2678.6,2680.1,2678.2,2679.9,169
2026-02-09 07:40:00+01:00,2680.0,2680.0,2678.2,2679.2,114
2026-02-09 07:50:00+01:00,2678.3,2679.3,2677.3,2678.1,178
2026-02-09 08:00:00+01:00,2678.2,2678.6,2677.5,2678.0,225
2026-02-09 08:10:00+01:00,2678.0,2678.3,2676.5,2677.1,197
2026-02-09 08:20:00+01:00,2677.2,2677.7,2675.8,2676.2,168
2026-02-09 08:30:00+01:00,2675.9,2675.9,2673.5,2674.3,249
2026-02-09 08:50:00+01:00,2676.3,2677.6,2675.6,2676.0,135
2026-02-09 09:00:00+01:00,2675.9,2682.0,2675.6,2681.1,487
2026-02-09 09:10:00+01:00,2681.0,2681.9,2680.3,2681.4,341
2026-02-09 09:20:00+01:00,2681.5,2681.6,2678.9,2679.1,138
2026-02-09 09:30:00+01:00,2679.2,2680.5,2676.4,2680.5,287
2026-02-09 09:40:00+01:00,2680.4,2680.8,2679.2,2680.2,125
2026-02-09 09:50:00+01:00,2680.0,2680.0,2677.8,2678.0,67
2026-02-09 10:00:00+01:00,2678.1,2681.1,2677.6,2680.9,149
2026-02-09 10:10:00+01:00,2681.0,2681.2,2678.7,2679.8,104
2026-02-09 10:20:00+01:00,2680.3,2681.4,2678.9,2680.9,126
2026-02-09 10:30:00+01:00,2681.0,2681.8,2680.2,2680.4,165
2026-02-09 10:40:00+01:00,2680.4,2680.4,2678.1,2679.0,163
2026-02-09 10:50:00+01:00,2678.9,2680.0,2676.8,2677.8,295
2026-02-09 11:00:00+01:00,2677.8,2678.7,2676.5,2678.7,241
2026-02-09 11:10:00+01:00,2678.8,2679.0,2672.7,2673.0,365
2026-02-09 11:20:00+01:00,2673.2,2674.1,2670.3,2670.6,288
2026-02-09 11:30:00+01:00,2670.8,2671.3,2665.6,2667.1,524
2026-02-09 11:40:00+01:00,2667.0,2668.3,2665.3,2668.2,281
2026-02-09 11:50:00+01:00,2668.2,2672.8,2668.2,2671.4,528
2026-02-09 12:00:00+01:00,2671.5,2672.1,2669.1,2670.6,254
2026-02-09 12:10:00+01:00,2670.5,2671.9,2669.0,2669.1,205
2026-02-09 12:30:00+01:00,2672.4,2672.5,2669.9,2671.2,195
2026-02-09 12:40:00+01:00,2671.4,2671.4,2669.0,2670.3,171
2026-02-09 12:50:00+01:00,2670.4,2671.3,2669.1,2669.1,224
2026-02-09 13:00:00+01:00,2669.3,2672.5,2667.3,2672.3,329
2026-02-09 13:10:00+01:00,2672.6,2675.7,2672.5,2675.7,403
2026-02-09 13:20:00+01:00,2675.6,2676.6,2674.2,2675.2,188
2026-02-09 13:30:00+01:00,2675.0,2675.3,2673.2,2674.3,130
2026-02-09 13:40:00+01:00,2674.6,2674.7,2672.0,2672.9,388
2026-02-09 13:50:00+01:00,2673.0,2676.5,2673.0,2676.5,169
2026-02-09 14:00:00+01:00,2676.3,2679.2,2675.8,2678.7,351
2026-02-09 14:10:00+01:00,2679.0,2680.4,2677.8,2678.1,312
2026-02-09 14:20:00+01:00,2678.1,2680.4,2678.0,2678.7,252
2026-02-09 14:30:00+01:00,2678.8,2679.0,2676.2,2677.2,395
2026-02-09 14:40:00+01:00,2677.1,2679.0,2676.6,2677.2,335
2026-02-09 14:50:00+01:00,2676.8,2677.5,2675.2,2676.0,343
2026-02-09 15:00:00+01:00,2676.2,2676.6,2674.4,2675.2,306
2026-02-09 15:10:00+01:00,2675.5,2676.9,2671.8,2672.1,604
2026-02-09 15:20:00+01:00,2672.4,2675.3,2671.4,2675.1,723
2026-02-09 15:30:00+01:00,2675.0,2675.3,2659.8,2669.2,9488
2026-02-09 15:40:00+01:00,2669.4,2674.1,2662.4,2666.4,5859
2026-02-09 15:50:00+01:00,2666.6,2669.4,2661.7,2666.2,4616
2026-02-09 16:00:00+01:00,2666.2,2676.5,2665.1,2674.9,4669
2026-02-09 16:10:00+01:00,2675.1,2683.7,2674.3,2682.7,3617
2026-02-09 16:20:00+01:00,2682.6,2684.7,2678.7,2681.4,2461
2026-02-09 16:30:00+01:00,2681.2,2690.7,2681.1,2689.6,3157
2026-02-09 16:40:00+01:00,2689.6,2692.8,2688.5,2691.4,2010
2026-02-09 16:50:00+01:00,2691.3,2695.5,2689.6,2694.5,2330
2026-02-09 17:00:00+01:00,2694.4,2697.3,2694.3,2696.0,1605
2026-02-09 17:10:00+01:00,2695.9,2698.4,2695.6,2697.3,916
2026-02-09 17:20:00+01:00,2697.6,2699.9,2697.6,2699.3,935
2026-02-09 17:30:00+01:00,2699.3,2699.6,2696.7,2698.2,973
2026-02-09 17:40:00+01:00,2698.4,2701.0,2698.0,2700.2,905
2026-02-09 17:50:00+01:00,2700.1,2700.3,2698.7,2699.1,755
2026-02-09 18:00:00+01:00,2699.0,2703.1,2698.7,2702.0,1007
2026-02-09 18:10:00+01:00,2701.9,2703.7,2699.8,2700.5,829
2026-02-09 18:20:00+01:00,2700.3,2700.6,2698.7,2700.0,842
2026-02-09 18:30:00+01:00,2700.4,2703.5,2700.1,2700.1,788
2026-02-09 18:40:00+01:00,2700.0,2700.3,2697.4,2698.2,722
2026-02-09 18:50:00+01:00,2698.6,2698.6,2694.5,2695.1,711
2026-02-09 19:00:00+01:00,2695.1,2696.9,2693.1,2696.5,1042
2026-02-09 19:10:00+01:00,2696.3,2698.4,2695.4,2695.9,710
2026-02-09 19:20:00+01:00,2695.8,2696.4,2686.7,2694.1,2854
2026-02-09 19:30:00+01:00,2694.4,2697.5,2692.4,2696.7,1188
2026-02-09 19:40:00+01:00,2697.1,2698.3,2695.6,2696.4,631
2026-02-09 19:50:00+01:00,2696.5,2698.2,2695.3,2697.0,513
2026-02-09 20:00:00+01:00,2697.0,2698.1,2695.4,2696.1,695
2026-02-09 20:10:00+01:00,2696.0,2699.0,2695.6,2698.3,662
2026-02-09 20:20:00+01:00,2698.3,2701.3,2698.1,2701.0,743
2026-02-09 20:30:00+01:00,2701.0,2701.6,2700.0,2700.7,509
2026-02-09 20:40:00+01:00,2700.7,2701.8,2700.4,2701.7,341
2026-02-09 20:50:00+01:00,2701.7,2702.0,2700.8,2701.3,348
2026-02-09 21:00:00+01:00,2701.2,2702.0,2700.3,2700.9,431
2026-02-09 21:10:00+01:00,2701.1,2701.1,2697.1,2698.0,679
2026-02-09 21:20:00+01:00,2698.2,2699.1,2696.6,2696.9,564
2026-02-09 21:30:00+01:00,2696.5,2697.5,2694.3,2697.5,985
2026-02-09 21:40:00+01:00,2697.3,2698.2,2696.1,2696.8,480
2026-02-09 21:50:00+01:00,2696.7,2697.7,2694.2,2695.6,2481
2026-02-09 22:00:00+01:00,2695.7,2696.6,2694.3,2695.9,653
2026-02-09 22:10:00+01:00,2695.9,2696.8,2694.8,2695.2,304
2026-02-09 22:20:00+01:00,2694.9,2695.6,2694.6,2695.6,75
2026-02-09 22:30:00+01:00,2695.6,2696.5,2695.3,2695.9,124
2026-02-09 22:40:00+01:00,2695.9,2695.9,2695.2,2695.9,117
2026-02-09 22:50:00+01:00,2695.8,2696.2,2694.3,2694.5,221
2026-02-10 00:00:00+01:00,2694.4,2697.5,2693.3,2695.7,258
2026-02-10 00:10:00+01:00,2695.2,2695.4,2692.8,2693.8,251
2026-02-10 00:20:00+01:00,2693.9,2694.1,2691.3,2692.5,336
2026-02-10 00:30:00+01:00,2692.2,2693.1,2690.8,2692.8,239
2026-02-10 00:40:00+01:00,2692.9,2693.7,2691.4,2691.7,197
2026-02-10 00:50:00+01:00,2691.7,2692.3,2691.1,2691.9,105
2026-02-10 01:00:00+01:00,2691.8,2692.6,2691.1,2691.3,250
2026-02-10 01:10:00+01:00,2691.0,2692.4,2690.6,2692.1,176
2026-02-10 01:20:00+01:00,2692.1,2692.8,2691.3,2692.1,140
2026-02-10 01:30:00+01:00,2692.0,2692.3,2691.1,2691.6,110
2026-02-10 01:40:00+01:00,2691.6,2692.0,2691.3,2691.3,59
2026-02-10 01:50:00+01:00,2691.6,2694.8,2691.2,2694.1,213
2026-02-10 02:00:00+01:00,2694.1,2694.6,2693.3,2693.4,107
2026-02-10 02:10:00+01:00,2693.7,2693.9,2692.9,2693.4,103
2026-02-10 02:20:00+01:00,2693.5,2694.2,2693.1,2693.3,102
2026-02-10 02:30:00+01:00,2693.0,2695.9,2692.2,2695.5,255
2026-02-10 02:40:00+01:00,2695.8,2696.4,2694.1,2696.3,244
2026-02-10 02:50:00+01:00,2696.0,2696.2,2694.6,2695.7,154
2026-02-10 03:00:00+01:00,2695.8,2695.8,2693.9,2694.5,100
2026-02-10 03:10:00+01:00,2694.5,2696.3,2694.5,2695.2,99
2026-02-10 03:20:00+01:00,2695.4,2695.4,2694.0,2694.8,125
2026-02-10 03:30:00+01:00,2694.8,2695.0,2692.5,2693.5,181
2026-02-10 03:40:00+01:00,2693.5,2694.5,2693.5,2693.7,79
2026-02-10 03:50:00+01:00,2693.6,2694.7,2693.5,2693.8,72
2026-02-10 04:00:00+01:00,2693.7,2693.7,2691.8,2692.2,104
2026-02-10 04:10:00+01:00,2692.1,2692.3,2691.7,2692.1,80
2026-02-10 04:40:00+01:00,2693.7,2694.3,2693.3,2694.3,67
2026-02-10 04:50:00+01:00,2694.3,2694.3,2693.3,2693.3,67
2026-02-10 05:10:00+01:00,2694.7,2695.6,2694.6,2695.0,98
2026-02-10 05:20:00+01:00,2695.0,2695.3,2694.3,2694.5,61
2026-02-10 05:50:00+01:00,2695.6,2696.2,2695.5,2695.8,59
2026-02-10 06:00:00+01:00,2695.8,2696.4,2695.5,2695.6,71
2026-02-10 06:20:00+01:00,2694.9,2694.9,2693.3,2693.6,50
2026-02-10 06:30:00+01:00,2693.5,2696.5,2693.2,2695.9,83
2026-02-10 07:20:00+01:00,2693.4,2693.7,2692.7,2692.8,112
2026-02-10 07:30:00+01:00,2692.8,2693.7,2691.6,2692.0,123
2026-02-10 07:40:00+01:00,2692.1,2692.9,2691.5,2692.6,80
2026-02-10 08:00:00+01:00,2692.9,2695.4,2692.8,2694.7,143
2026-02-10 08:20:00+01:00,2696.0,2696.4,2695.0,2695.3,111
2026-02-10 09:00:00+01:00,2695.5,2696.0,2693.1,2695.5,209
2026-02-10 09:10:00+01:00,2696.0,2697.7,2695.6,2695.6,225
2026-02-10 09:20:00+01:00,2695.6,2697.5,2694.9,2695.9,133
2026-02-10 09:40:00+01:00,2697.9,2698.6,2696.2,2698.3,111
2026-02-10 09:50:00+01:00,2698.1,2699.2,2697.7,2699.1,153
2026-02-10 10:00:00+01:00,2699.0,2702.5,2698.9,2702.4,225
2026-02-10 10:10:00+01:00,2702.5,2704.5,2701.6,2703.7,249
2026-02-10 10:20:00+01:00,2703.5,2703.7,2702.4,2703.4,226
2026-02-10 10:30:00+01:00,2703.3,2703.8,2702.5,2703.4,131
2026-02-10 10:40:00+01:00,2703.2,2703.4,2700.8,2701.1,107
2026-02-10 10:50:00+01:00,2701.2,2701.2,2699.0,2700.3,241
2026-02-10 11:10:00+01:00,2700.7,2701.5,2699.9,2700.5,135
2026-02-10 11:20:00+01:00,2700.7,2701.6,2700.4,2700.7,100
2026-02-10 11:30:00+01:00,2700.6,2701.1,2699.4,2700.8,131
2026-02-10 11:40:00+01:00,2700.6,2700.6,2699.3,2699.9,80
2026-02-10 11:50:00+01:00,2700.5,2700.6,2699.3,2699.6,74
2026-02-10 12:00:00+01:00,2699.2,2699.3,2697.3,2697.4,150
2026-02-10 12:10:00+01:00,2697.4,2698.3,2697.2,2698.3,63
2026-02-10 12:20:00+01:00,2698.1,2700.1,2698.1,2699.1,179
2026-02-10 12:30:00+01:00,2699.3,2699.5,2698.5,2699.0,71
2026-02-10 12:40:00+01:00,2699.5,2700.0,2698.6,2699.3,98
2026-02-10 13:00:00+01:00,2699.7,2701.5,2699.7,2700.4,143
2026-02-10 13:10:00+01:00,2700.7,2702.4,2700.5,2702.1,109
2026-02-10 13:20:00+01:00,2701.9,2703.4,2701.8,2703.3,146
2026-02-10 13:30:00+01:00,2703.3,2704.2,2700.4,2701.1,254
2026-02-10 13:40:00+01:00,2701.3,2701.4,2695.7,2697.1,388
2026-02-10 13:50:00+01:00,2697.1,2697.2,2695.2,2695.5,222
2026-02-10 14:00:00+01:00,2695.7,2695.9,2692.0,2692.8,515
2026-02-10 14:10:00+01:00,2692.9,2696.0,2690.9,2695.3,498
2026-02-10 14:20:00+01:00,2695.4,2697.1,2694.5,2695.6,357
2026-02-10 14:30:00+01:00,2695.5,2697.5,2691.7,2692.5,731
2026-02-10 14:40:00+01:00,2692.7,2696.3,2692.3,2693.2,291
2026-02-10 14:50:00+01:00,2693.3,2696.4,2692.8,2695.7,370
2026-02-10 15:00:00+01:00,2695.6,2697.6,2695.6,2697.0,365
2026-02-10 15:10:00+01:00,2697.2,2699.0,2696.6,2697.6,348
2026-02-10 15:20:00+01:00,2697.6,2699.8,2696.4,2699.1,551
2026-02-10 15:30:00+01:00,2699.2,2705.4,2695.3,2698.7,7321
2026-02-10 15:40:00+01:00,2698.7,2698.8,2688.0,2691.3,5124
2026-02-10 15:50:00+01:00,2691.5,2700.7,2689.7,2697.6,5327
2026-02-10 16:00:00+01:00,2697.8,2702.2,2693.4,2698.9,3176
2026-02-10 16:10:00+01:00,2698.7,2699.9,2691.7,2698.6,3439
2026-02-10 16:20:00+01:00,2698.5,2702.6,2695.8,2701.9,2853
2026-02-10 16:30:00+01:00,2701.4,2707.1,2700.6,2705.0,3391
2026-02-10 16:40:00+01:00,2705.0,2708.2,2701.9,2703.7,2286
2026-02-10 16:50:00+01:00,2703.5,2704.0,2698.7,2701.7,1828
2026-02-10 17:00:00+01:00,2701.9,2704.3,2699.4,2699.7,2082
2026-02-10 17:10:00+01:00,2699.8,2708.8,2699.8,2706.3,2772
2026-02-10 17:20:00+01:00,2706.2,2708.0,2701.7,2706.8,2175
2026-02-10 17:30:00+01:00,2706.7,2707.8,2705.2,2706.1,1633
2026-02-10 17:40:00+01:00,2706.5,2708.1,2704.5,2704.7,1418
2026-02-10 17:50:00+01:00,2704.8,2708.1,2703.1,2706.0,1180
2026-02-10 18:00:00+01:00,2705.9,2708.2,2704.0,2707.4,878
2026-02-10 18:10:00+01:00,2707.3,2710.4,2707.3,2709.9,1051
2026-02-10 18:20:00+01:00,2709.8,2710.2,2706.9,2708.0,846
2026-02-10 18:30:00+01:00,2707.8,2708.7,2705.3,2707.5,751
2026-02-10 18:40:00+01:00,2707.5,2711.7,2707.4,2710.2,958
2026-02-10 18:50:00+01:00,2710.3,2711.9,2709.9,2710.5,481
2026-02-10 19:00:00+01:00,2710.6,2710.6,2707.4,2708.0,871
2026-02-10 19:10:00+01:00,2708.1,2708.1,2702.7,2703.8,1277
2026-02-10 19:20:00+01:00,2703.8,2704.3,2695.3,2695.5,1880
2026-02-10 19:30:00+01:00,2695.3,2697.8,2693.3,2696.7,2111
2026-02-10 19:40:00+01:00,2696.3,2697.1,2690.2,2690.3,1308
2026-02-10 19:50:00+01:00,2690.3,2693.1,2688.3,2691.5,2039
2026-02-10 20:00:00+01:00,2691.7,2694.3,2690.7,2691.4,1266
2026-02-10 20:10:00+01:00,2691.6,2693.1,2690.1,2690.8,760
2026-02-10 20:20:00+01:00,2690.8,2694.0,2690.7,2693.8,641
2026-02-10 20:30:00+01:00,2693.9,2697.2,2693.4,2696.3,931
2026-02-10 20:40:00+01:00,2696.2,2697.1,2694.0,2694.3,797
2026-02-10 20:50:00+01:00,2694.3,2694.3,2691.6,2694.1,1036
2026-02-10 21:00:00+01:00,2694.0,2696.8,2693.0,2695.6,729
2026-02-10 21:10:00+01:00,2695.4,2695.4,2692.5,2694.3,638
2026-02-10 21:20:00+01:00,2693.8,2695.8,2691.2,2691.8,600
2026-02-10 21:30:00+01:00,2691.7,2693.3,2690.9,2691.4,783
2026-02-10 21:40:00+01:00,2691.6,2692.9,2691.0,2692.2,692
2026-02-10 21:50:00+01:00,2692.0,2692.9,2685.1,2688.4,3670
2026-02-10 22:00:00+01:00,2688.3,2693.1,2687.3,2693.1,834
2026-02-10 22:10:00+01:00,2693.0,2693.7,2691.0,2691.2,375
2026-02-10 22:20:00+01:00,2691.3,2691.3,2689.4,2689.9,391
2026-02-10 22:30:00+01:00,2690.1,2690.8,2689.7,2690.1,135
2026-02-10 22:40:00+01:00,2690.4,2691.0,2689.8,2690.7,128
2026-02-10 22:50:00+01:00,2690.5,2692.4,2690.5,2692.1,144
2026-02-11 00:20:00+01:00,2692.8,2693.2,2692.1,2692.2,108
2026-02-11 00:30:00+01:00,2692.2,2693.0,2691.9,2692.8,125
2026-02-11 00:40:00+01:00,2693.0,2693.1,2692.4,2692.4,87
2026-02-11 00:50:00+01:00,2692.7,2693.1,2692.0,2692.9,156
2026-02-11 01:10:00+01:00,2693.4,2694.0,2693.2,2693.5,108
2026-02-11 01:20:00+01:00,2693.4,2693.8,2692.5,2693.6,77
2026-02-11 01:40:00+01:00,2694.6,2694.7,2693.8,2694.0,106
2026-02-11 02:10:00+01:00,2694.5,2694.7,2693.7,2694.1,81
2026-02-11 02:30:00+01:00,2693.5,2694.3,2693.3,2693.9,123
2026-02-11 02:40:00+01:00,2694.0,2695.8,2694.0,2695.6,125
2026-02-11 02:50:00+01:00,2695.8,2696.3,2695.5,2695.9,150
2026-02-11 03:00:00+01:00,2695.9,2696.5,2695.1,2695.2,196
2026-02-11 03:30:00+01:00,2695.4,2695.7,2695.0,2695.2,75
2026-02-11 04:00:00+01:00,2696.0,2696.4,2695.7,2695.8,111
2026-02-11 04:10:00+01:00,2695.9,2695.9,2694.6,2694.6,99
2026-02-11 04:20:00+01:00,2694.7,2696.0,2694.0,2695.9,69
2026-02-11 04:40:00+01:00,2695.7,2698.1,2695.5,2697.0,259
2026-02-11 04:50:00+01:00,2697.0,2698.1,2697.0,2698.1,47
2026-02-11 05:00:00+01:00,2698.1,2699.0,2698.1,2698.4,110
2026-02-11 05:30:00+01:00,2695.9,2695.9,2693.2,2693.2,101
2026-02-11 05:40:00+01:00,2693.2,2694.7,2693.2,2694.7,100
2026-02-11 06:00:00+01:00,2694.6,2695.3,2694.2,2695.3,80
2026-02-11 06:20:00+01:00,2695.2,2695.2,2694.1,2694.2,54
2026-02-11 06:30:00+01:00,2694.4,2694.6,2693.6,2694.4,72
2026-02-11 06:50:00+01:00,2693.4,2693.6,2693.0,2693.2,32
2026-02-11 07:00:00+01:00,2693.3,2695.4,2693.3,2695.3,106
2026-02-11 07:10:00+01:00,2694.9,2694.9,2692.8,2693.3,97
2026-02-11 07:20:00+01:00,2693.2,2694.2,2693.0,2693.7,60
2026-02-11 07:30:00+01:00,2693.8,2694.4,2693.2,2694.1,111
2026-02-11 07:40:00+01:00,2694.2,2694.9,2693.7,2694.3,71
2026-02-11 08:20:00+01:00,2693.3,2695.5,2693.3,2694.9,123
2026-02-11 08:40:00+01:00,2693.3,2695.3,2692.9,2694.9,81
2026-02-11 08:50:00+01:00,2694.9,2695.3,2693.5,2694.0,93
2026-02-11 09:00:00+01:00,2694.1,2695.8,2691.8,2692.0,134
2026-02-11 09:10:00+01:00,2692.1,2693.0,2690.8,2690.9,176
2026-02-11 09:20:00+01:00,2690.9,2694.0,2690.8,2693.1,114
2026-02-11 09:30:00+01:00,2693.3,2696.4,2693.3,2695.2,153
2026-02-11 09:40:00+01:00,2694.6,2695.6,2693.9,2695.0,65
2026-02-11 10:00:00+01:00,2695.8,2697.7,2695.0,2697.7,147
2026-02-11 10:10:00+01:00,2697.7,2698.1,2696.5,2697.2,107
2026-02-11 10:20:00+01:00,2697.5,2697.9,2696.4,2697.6,143
2026-02-11 10:30:00+01:00,2697.7,2697.7,2693.3,2693.9,178
2026-02-11 10:40:00+01:00,2693.9,2694.4,2692.3,2693.2,192
2026-02-11 10:50:00+01:00,2693.8,2694.5,2693.0,2693.4,191
2026-02-11 11:00:00+01:00,2693.3,2693.4,2687.8,2689.5,685
2026-02-11 11:10:00+01:00,2689.7,2691.7,2689.5,2689.8,181
2026-02-11 11:20:00+01:00,2689.6,2692.2,2689.2,2691.2,313
2026-02-11 11:30:00+01:00,2691.3,2691.4,2689.9,2690.8,115
2026-02-11 11:40:00+01:00,2690.9,2691.7,2689.8,2690.0,72
2026-02-11 11:50:00+01:00,2690.2,2692.0,2689.4,2692.0,93
2026-02-11 12:00:00+01:00,2692.4,2694.6,2692.3,2693.4,225
2026-02-11 12:10:00+01:00,2693.6,2694.8,2693.6,2694.7,124
2026-02-11 12:20:00+01:00,2694.5,2694.9,2693.7,2694.0,82
2026-02-11 12:30:00+01:00,2694.1,2694.1,2692.3,2692.6,164
2026-02-11 12:40:00+01:00,2692.4,2692.6,2690.2,2691.3,406
2026-02-11 12:50:00+01:00,2691.5,2691.9,2690.0,2690.0,156
2026-02-11 13:00:00+01:00,2690.0,2693.9,2689.9,2693.4,511
2026-02-11 13:10:00+01:00,2693.4,2694.3,2692.2,2693.1,181
2026-02-11 13:20:00+01:00,2693.2,2695.1,2693.1,2694.2,142
2026-02-11 13:30:00+01:00,2694.1,2694.4,2692.1,2692.9,136
2026-02-11 13:40:00+01:00,2693.0,2693.4,2692.0,2692.6,143
2026-02-11 14:00:00+01:00,2692.1,2693.2,2691.4,2692.3,186
2026-02-11 14:10:00+01:00,2692.2,2694.2,2691.8,2694.1,138
2026-02-11 14:20:00+01:00,2694.0,2695.6,2692.2,2694.9,671
2026-02-11 14:30:00+01:00,2696.0,2719.8,2686.0,2716.7,5130
2026-02-11 14:40:00+01:00,2716.6,2716.6,2709.5,2713.5,2101
2026-02-11 14:50:00+01:00,2713.4,2717.1,2709.4,2714.6,1286
2026-02-11 15:00:00+01:00,2714.7,2714.8,2712.4,2713.4,795
2026-02-11 15:10:00+01:00,2713.3,2713.9,2710.8,2711.6,694
2026-02-11 15:20:00+01:00,2711.5,2712.8,2710.4,2711.2,977
2026-02-11 15:30:00+01:00,2711.1,2716.0,2701.8,2703.8,9015
2026-02-11 15:40:00+01:00,2704.0,2707.3,2693.1,2693.3,5545
2026-02-11 15:50:00+01:00,2693.5,2693.5,2682.3,2685.2,7783
2026-02-11 16:00:00+01:00,2685.5,2686.6,2671.1,2672.5,6517
2026-02-11 16:10:00+01:00,2672.3,2673.0,2657.0,2657.7,8403
2026-02-11 16:20:00+01:00,2657.9,2658.3,2646.8,2651.6,7668
2026-02-11 16:30:00+01:00,2652.0,2656.8,2646.6,2653.0,5570
2026-02-11 16:40:00+01:00,2652.8,2657.8,2646.9,2647.2,4738
2026-02-11 16:50:00+01:00,2647.3,2659.5,2646.8,2658.4,4870
2026-02-11 17:00:00+01:00,2658.1,2660.9,2653.6,2653.8,3546
2026-02-11 17:10:00+01:00,2653.9,2662.9,2653.0,2661.0,3637
2026-02-11 17:20:00+01:00,2661.1,2670.1,2658.9,2659.1,4015
2026-02-11 17:30:00+01:00,2658.9,2663.8,2657.3,2663.0,2461
2026-02-11 17:40:00+01:00,2663.0,2672.9,2662.9,2667.7,2811
2026-02-11 17:50:00+01:00,2667.4,2671.4,2665.3,2665.8,2056
2026-02-11 18:00:00+01:00,2665.7,2666.1,2660.5,2665.6,2558
2026-02-11 18:10:00+01:00,2666.0,2666.4,2661.0,2663.4,1622
2026-02-11 18:20:00+01:00,2663.7,2671.2,2661.4,2669.6,1806
2026-02-11 18:30:00+01:00,2669.3,2670.6,2666.5,2668.5,1435
2026-02-11 18:40:00+01:00,2668.7,2672.0,2668.2,2669.9,844
2026-02-11 18:50:00+01:00,2669.8,2670.8,2660.8,2662.3,1364
2026-02-11 19:00:00+01:00,2661.9,2663.8,2657.7,2657.8,1425
2026-02-11 19:10:00+01:00,2657.5,2659.5,2653.6,2657.7,1872
2026-02-11 19:20:00+01:00,2657.7,2663.8,2656.5,2663.8,1161
2026-02-11 19:30:00+01:00,2663.6,2664.9,2660.1,2662.1,1287
2026-02-11 19:40:00+01:00,2661.8,2665.2,2660.2,2664.5,1240
2026-02-11 19:50:00+01:00,2664.6,2665.8,2659.4,2663.7,1756
2026-02-11 20:00:00+01:00,2663.5,2670.1,2662.7,2667.5,2275
2026-02-11 20:20:00+01:00,2671.1,2674.9,2671.1,2673.5,934
2026-02-11 20:30:00+01:00,2673.4,2677.0,2671.0,2674.8,1441
2026-02-11 20:40:00+01:00,2674.6,2677.3,2672.5,2676.4,1733
2026-02-11 20:50:00+01:00,2676.3,2677.0,2673.0,2674.8,886
2026-02-11 21:00:00+01:00,2674.7,2676.9,2673.6,2675.7,1077
2026-02-11 21:10:00+01:00,2675.6,2677.1,2673.2,2674.0,953
2026-02-11 21:20:00+01:00,2674.1,2676.4,2670.6,2670.9,1172
2026-02-11 21:30:00+01:00,2670.7,2672.7,2667.9,2672.7,1399
2026-02-11 21:40:00+01:00,2672.8,2674.6,2672.2,2673.5,563
2026-02-11 21:50:00+01:00,2673.6,2677.3,2672.8,2675.3,2314
2026-02-11 22:00:00+01:00,2675.3,2679.3,2674.8,2678.7,1146
2026-02-11 22:10:00+01:00,2678.7,2679.1,2676.8,2678.2,258
2026-02-11 22:20:00+01:00,2678.0,2679.1,2677.1,2679.0,145
2026-02-11 22:30:00+01:00,2679.1,2679.9,2679.0,2679.7,190
2026-02-11 22:40:00+01:00,2679.5,2680.4,2678.5,2679.3,243
2026-02-11 22:50:00+01:00,2679.1,2679.2,2677.9,2678.3,174
2026-02-12 00:00:00+01:00,2678.0,2682.2,2677.6,2678.3,405
2026-02-12 00:10:00+01:00,2678.4,2679.9,2677.1,2678.1,505
2026-02-12 00:20:00+01:00,2678.3,2679.4,2675.8,2676.2,230
2026-02-12 00:30:00+01:00,2676.1,2676.3,2673.0,2675.1,487
2026-02-12 00:40:00+01:00,2675.0,2676.6,2674.9,2675.7,295
2026-02-12 00:50:00+01:00,2675.4,2676.2,2674.7,2675.6,131
2026-02-12 01:00:00+01:00,2675.5,2677.2,2674.6,2674.9,218
2026-02-12 01:10:00+01:00,2674.8,2675.9,2674.4,2675.0,201
2026-02-12 01:20:00+01:00,2674.6,2675.0,2673.1,2674.7,260
2026-02-12 01:30:00+01:00,2675.0,2677.8,2675.0,2677.2,187
2026-02-12 01:40:00+01:00,2677.2,2678.5,2677.0,2677.5,122
2026-02-12 01:50:00+01:00,2677.6,2677.9,2677.1,2677.5,100
2026-02-12 02:00:00+01:00,2677.3,2678.6,2676.9,2678.6,174
2026-02-12 02:10:00+01:00,2678.8,2680.0,2677.5,2678.0,186
2026-02-12 02:30:00+01:00,2679.7,2682.6,2679.4,2682.1,268
2026-02-12 02:40:00+01:00,2681.9,2683.0,2680.5,2680.9,201
2026-02-12 02:50:00+01:00,2680.8,2682.0,2680.5,2681.7,121
2026-02-12 03:00:00+01:00,2681.8,2682.8,2680.5,2681.3,122
2026-02-12 03:10:00+01:00,2681.3,2681.4,2679.6,2679.7,67
2026-02-12 03:20:00+01:00,2679.8,2680.8,2679.6,2680.1,93
2026-02-12 03:30:00+01:00,2680.0,2680.7,2679.8,2680.4,83
2026-02-12 03:40:00+01:00,2680.6,2681.3,2679.8,2681.3,56
2026-02-12 03:50:00+01:00,2681.1,2683.0,2680.8,2682.5,134
2026-02-12 04:00:00+01:00,2682.7,2683.7,2682.2,2683.1,148
2026-02-12 04:10:00+01:00,2683.4,2683.7,2682.9,2682.9,57
2026-02-12 04:20:00+01:00,2682.8,2684.2,2682.7,2684.0,123
2026-02-12 04:40:00+01:00,2684.9,2685.4,2684.6,2684.7,63
2026-02-12 04:50:00+01:00,2684.6,2685.9,2684.6,2685.7,169
2026-02-12 05:00:00+01:00,2685.8,2686.2,2685.3,2685.9,84
2026-02-12 05:20:00+01:00,2686.8,2688.3,2686.5,2688.0,151
2026-02-12 05:40:00+01:00,2686.3,2687.0,2685.8,2686.5,68
2026-02-12 05:50:00+01:00,2686.9,2687.1,2686.6,2686.8,54
2026-02-12 06:10:00+01:00,2688.1,2688.8,2687.9,2688.4,86
2026-02-12 06:50:00+01:00,2688.2,2688.4,2687.4,2687.8,63
2026-02-12 07:00:00+01:00,2688.2,2688.2,2686.1,2686.5,88
2026-02-12 07:10:00+01:00,2686.7,2688.0,2686.6,2686.9,117
2026-02-12 07:30:00+01:00,2686.8,2687.3,2684.4,2685.0,206
2026-02-12 07:40:00+01:00,2684.9,2685.2,2684.1,2685.2,115
2026-02-12 07:50:00+01:00,2685.2,2686.0,2685.1,2685.6,78
2026-02-12 08:00:00+01:00,2685.9,2687.7,2685.7,2686.3,147
2026-02-12 08:10:00+01:00,2686.2,2687.3,2686.2,2687.0,79
2026-02-12 08:20:00+01:00,2687.1,2688.8,2686.4,2688.4,158
2026-02-12 08:30:00+01:00,2688.4,2689.1,2688.2,2688.6,103
2026-02-12 08:40:00+01:00,2688.4,2688.7,2687.4,2688.6,71
2026-02-12 09:00:00+01:00,2689.1,2690.0,2687.7,2689.1,263
2026-02-12 09:30:00+01:00,2686.4,2687.1,2685.8,2685.9,121
2026-02-12 09:40:00+01:00,2686.0,2687.0,2686.0,2686.7,50
2026-02-12 09:50:00+01:00,2686.8,2688.9,2686.2,2688.4,61
2026-02-12 10:00:00+01:00,2688.5,2689.3,2687.5,2689.3,93
2026-02-12 10:10:00+01:00,2689.3,2691.6,2689.3,2690.3,154
2026-02-12 10:20:00+01:00,2690.5,2690.8,2689.4,2689.7,102
2026-02-12 10:30:00+01:00,2689.7,2691.9,2689.0,2691.2,158
2026-02-12 10:50:00+01:00,2690.8,2690.9,2690.1,2690.6,121
2026-02-12 11:00:00+01:00,2690.5,2691.9,2690.1,2690.9,323
2026-02-12 11:10:00+01:00,2690.7,2690.7,2688.7,2689.3,94
2026-02-12 11:20:00+01:00,2689.0,2689.0,2687.8,2688.8,85
2026-02-12 11:30:00+01:00,2688.9,2689.8,2688.3,2689.0,68
2026-02-12 12:00:00+01:00,2689.3,2690.9,2688.8,2690.9,134
2026-02-12 12:20:00+01:00,2691.3,2692.9,2690.7,2692.6,163
2026-02-12 12:30:00+01:00,2692.4,2692.8,2691.5,2691.5,82
2026-02-12 12:40:00+01:00,2691.4,2691.8,2690.2,2691.8,113
2026-02-12 12:50:00+01:00,2692.1,2693.6,2691.9,2693.0,102
2026-02-12 13:00:00+01:00,2692.5,2692.9,2690.5,2691.2,172
2026-02-12 13:30:00+01:00,2691.8,2693.7,2691.6,2693.4,153
2026-02-12 13:40:00+01:00,2693.3,2694.9,2692.7,2693.6,221
2026-02-12 13:50:00+01:00,2693.7,2694.0,2692.2,2692.6,199
2026-02-12 14:00:00+01:00,2692.7,2692.9,2690.3,2691.6,212
2026-02-12 14:10:00+01:00,2691.8,2691.9,2689.9,2691.6,199
2026-02-12 14:20:00+01:00,2691.5,2694.0,2690.7,2693.7,229
2026-02-12 14:30:00+01:00,2693.8,2697.6,2692.9,2697.5,599
2026-02-12 14:40:00+01:00,2697.8,2699.7,2696.4,2696.9,658
2026-02-12 14:50:00+01:00,2696.8,2697.7,2695.7,2696.8,605
2026-02-12 15:00:00+01:00,2696.8,2697.3,2695.3,2697.3,500
2026-02-12 15:10:00+01:00,2697.4,2698.4,2695.9,2695.9,545
2026-02-12 15:20:00+01:00,2696.2,2697.0,2694.4,2696.1,936
2026-02-12 15:30:00+01:00,2696.2,2700.1,2687.3,2698.3,8376
2026-02-12 15:40:00+01:00,2698.3,2700.5,2676.7,2677.4,7031
2026-02-12 15:50:00+01:00,2677.7,2681.8,2671.6,2675.1,5914
2026-02-12 16:00:00+01:00,2674.9,2680.5,2672.0,2674.0,4609
2026-02-12 16:10:00+01:00,2674.2,2681.5,2672.4,2672.6,3557
2026-02-12 16:20:00+01:00,2672.5,2678.2,2669.0,2671.5,3591
2026-02-12 16:30:00+01:00,2671.5,2675.1,2661.6,2662.3,3280
2026-02-12 16:40:00+01:00,2662.6,2663.9,2658.3,2660.5,3569
2026-02-12 16:50:00+01:00,2660.5,2663.3,2653.6,2653.9,2834
2026-02-12 17:00:00+01:00,2654.0,2656.4,2643.3,2643.4,4023
2026-02-12 17:10:00+01:00,2643.8,2644.5,2631.4,2633.2,4747
2026-02-12 17:20:00+01:00,2633.4,2633.6,2618.1,2618.2,5065
2026-02-12 17:30:00+01:00,2618.1,2630.7,2617.2,2630.2,5952
2026-02-12 17:40:00+01:00,2630.3,2635.2,2623.6,2626.2,4201
2026-02-12 17:50:00+01:00,2626.4,2627.9,2619.7,2625.4,3453
2026-02-12 18:00:00+01:00,2625.0,2625.1,2615.3,2622.5,4195
2026-02-12 18:10:00+01:00,2622.1,2622.5,2615.4,2616.7,2351
2026-02-12 18:20:00+01:00,2616.6,2628.5,2616.6,2621.1,3932
2026-02-12 18:30:00+01:00,2620.9,2628.4,2617.9,2624.6,2774
2026-02-12 18:40:00+01:00,2624.7,2628.6,2621.4,2622.4,2001
2026-02-12 18:50:00+01:00,2622.4,2626.3,2612.0,2612.3,2521
2026-02-12 19:00:00+01:00,2612.1,2619.5,2608.9,2615.4,3997
2026-02-12 19:10:00+01:00,2615.5,2617.1,2611.4,2612.8,1615
2026-02-12 19:20:00+01:00,2612.8,2622.3,2612.1,2616.0,3454
2026-02-12 19:30:00+01:00,2616.0,2624.1,2613.8,2623.1,3484
2026-02-12 19:40:00+01:00,2623.3,2626.6,2620.7,2624.8,1867
2026-02-12 19:50:00+01:00,2624.7,2629.0,2621.0,2624.5,2700
2026-02-12 20:00:00+01:00,2624.8,2627.4,2622.5,2623.7,1752
2026-02-12 20:10:00+01:00,2623.5,2628.8,2619.8,2627.7,1935
2026-02-12 20:20:00+01:00,2628.0,2629.1,2621.5,2622.2,2055
2026-02-12 20:30:00+01:00,2622.2,2631.6,2622.0,2631.4,1783
2026-02-12 20:40:00+01:00,2631.3,2633.2,2628.3,2633.0,1869
2026-02-12 20:50:00+01:00,2632.8,2636.1,2629.5,2632.6,2306
2026-02-12 21:00:00+01:00,2632.7,2635.6,2630.1,2630.1,1104
2026-02-12 21:10:00+01:00,2630.3,2630.3,2626.1,2627.0,1455
2026-02-12 21:20:00+01:00,2626.8,2627.2,2623.0,2623.2,1437
2026-02-12 21:30:00+01:00,2623.2,2624.6,2621.2,2623.3,1277
2026-02-12 21:40:00+01:00,2623.3,2625.5,2618.3,2619.3,1370
2026-02-12 21:50:00+01:00,2619.1,2622.8,2615.7,2620.6,4294
2026-02-12 22:00:00+01:00,2620.6,2621.8,2617.5,2620.6,1337
2026-02-12 22:10:00+01:00,2620.2,2621.8,2619.0,2621.2,486
2026-02-12 22:20:00+01:00,2621.3,2622.0,2620.6,2622.0,169
2026-02-12 22:30:00+01:00,2622.0,2623.9,2622.0,2623.0,246
2026-02-12 22:40:00+01:00,2622.5,2622.6,2621.0,2621.9,169
2026-02-12 22:50:00+01:00,2621.8,2623.4,2619.5,2622.2,478
2026-02-13 00:00:00+01:00,2622.3,2623.2,2616.5,2621.6,311
2026-02-13 00:10:00+01:00,2621.6,2623.3,2621.3,2621.6,194
2026-02-13 00:20:00+01:00,2621.5,2623.8,2620.6,2623.8,205
2026-02-13 00:30:00+01:00,2623.5,2624.0,2617.5,2617.8,711
2026-02-13 00:40:00+01:00,2617.9,2620.4,2616.5,2620.4,297
2026-02-13 00:50:00+01:00,2620.6,2623.2,2620.6,2622.2,282
2026-02-13 01:00:00+01:00,2622.0,2625.9,2620.2,2625.5,662
2026-02-13 01:10:00+01:00,2625.7,2626.0,2622.9,2623.4,230
2026-02-13 01:20:00+01:00,2623.4,2624.3,2618.9,2620.0,462
2026-02-13 01:30:00+01:00,2620.0,2620.7,2618.1,2619.3,272
2026-02-13 01:40:00+01:00,2619.3,2620.1,2615.5,2616.1,537
2026-02-13 01:50:00+01:00,2616.4,2617.7,2615.7,2616.9,321
2026-02-13 02:00:00+01:00,2617.2,2623.9,2617.2,2622.9,519
2026-02-13 02:10:00+01:00,2622.9,2624.3,2622.5,2623.7,142
2026-02-13 02:20:00+01:00,2623.6,2624.6,2622.3,2623.5,448
2026-02-13 02:30:00+01:00,2623.1,2624.7,2622.1,2624.4,242
2026-02-13 02:40:00+01:00,2624.8,2625.6,2624.0,2624.8,176
2026-02-13 02:50:00+01:00,2624.9,2625.8,2620.9,2622.0,311
2026-02-13 03:00:00+01:00,2622.1,2625.4,2622.1,2625.1,233
2026-02-13 03:10:00+01:00,2624.8,2625.3,2622.8,2623.3,221
2026-02-13 03:20:00+01:00,2623.5,2624.2,2622.2,2623.9,196
2026-02-13 03:30:00+01:00,2624.0,2625.2,2623.9,2625.1,128
2026-02-13 03:40:00+01:00,2625.1,2625.1,2623.4,2624.1,196
2026-02-13 03:50:00+01:00,2623.9,2625.0,2623.9,2624.2,58
2026-02-13 04:00:00+01:00,2624.5,2625.7,2624.3,2624.6,99
2026-02-13 04:10:00+01:00,2624.4,2624.8,2622.9,2623.1,110
2026-02-13 04:20:00+01:00,2623.1,2623.1,2621.6,2622.2,187
2026-02-13 04:30:00+01:00,2622.2,2624.1,2622.0,2622.8,169
2026-02-13 04:40:00+01:00,2622.9,2623.1,2621.5,2622.1,151
2026-02-13 04:50:00+01:00,2621.9,2622.0,2619.8,2620.1,246
2026-02-13 05:00:00+01:00,2620.2,2620.6,2619.5,2619.8,91
2026-02-13 05:10:00+01:00,2619.7,2624.2,2619.7,2623.0,177
2026-02-13 05:20:00+01:00,2623.0,2623.6,2621.9,2623.6,99
2026-02-13 05:30:00+01:00,2623.5,2623.6,2620.5,2620.7,69
2026-02-13 05:40:00+01:00,2621.0,2621.5,2619.7,2620.3,96
2026-02-13 06:00:00+01:00,2619.4,2620.0,2618.0,2619.5,155
2026-02-13 06:10:00+01:00,2619.0,2619.1,2616.9,2617.3,153
2026-02-13 06:20:00+01:00,2617.0,2617.3,2612.4,2613.3,368
2026-02-13 06:30:00+01:00,2613.5,2615.0,2612.8,2613.7,208
2026-02-13 06:40:00+01:00,2613.7,2615.2,2612.7,2615.1,191
2026-02-13 06:50:00+01:00,2614.6,2615.7,2613.4,2614.2,196
2026-02-13 07:00:00+01:00,2614.2,2614.9,2612.8,2614.5,178
2026-02-13 07:10:00+01:00,2614.4,2615.0,2613.4,2614.4,80
2026-02-13 07:20:00+01:00,2614.4,2614.7,2609.7,2610.5,484
2026-02-13 07:30:00+01:00,2610.7,2610.8,2607.3,2609.1,573
2026-02-13 07:40:00+01:00,2609.0,2611.8,2609.0,2611.6,276
2026-02-13 07:50:00+01:00,2611.7,2614.5,2611.6,2613.8,255
2026-02-13 08:00:00+01:00,2614.0,2616.9,2614.0,2616.5,439
2026-02-13 08:10:00+01:00,2616.5,2618.4,2616.2,2617.6,303
2026-02-13 08:20:00+01:00,2617.9,2618.8,2616.5,2616.7,206
2026-02-13 08:30:00+01:00,2616.5,2616.9,2613.9,2614.1,323
2026-02-13 08:40:00+01:00,2613.9,2613.9,2611.2,2612.2,476
2026-02-13 08:50:00+01:00,2612.2,2615.6,2611.5,2615.1,234
2026-02-13 09:00:00+01:00,2615.2,2618.2,2613.2,2616.8,505
2026-02-13 09:10:00+01:00,2616.3,2616.9,2608.5,2609.5,471
2026-02-13 09:20:00+01:00,2609.4,2617.2,2608.9,2616.1,395
2026-02-13 09:30:00+01:00,2616.1,2617.6,2614.3,2614.6,279
2026-02-13 09:40:00+01:00,2614.4,2619.5,2614.0,2618.0,305
2026-02-13 09:50:00+01:00,2618.1,2618.9,2616.7,2617.1,187
2026-02-13 10:00:00+01:00,2617.3,2617.7,2612.9,2616.1,272
2026-02-13 10:10:00+01:00,2616.5,2620.4,2616.0,2620.3,275
2026-02-13 10:20:00+01:00,2620.3,2621.9,2619.4,2619.6,285
2026-02-13 10:30:00+01:00,2619.6,2619.9,2618.5,2618.9,185
2026-02-13 10:40:00+01:00,2618.9,2621.2,2618.5,2620.4,157
2026-02-13 10:50:00+01:00,2620.4,2620.5,2616.4,2616.8,199
2026-02-13 11:00:00+01:00,2616.3,2618.7,2616.2,2617.5,194
2026-02-13 11:10:00+01:00,2617.6,2621.2,2617.6,2621.2,135
2026-02-13 11:20:00+01:00,2621.2,2622.7,2621.1,2621.3,191
2026-02-13 11:30:00+01:00,2621.8,2621.9,2619.1,2619.3,110
2026-02-13 11:40:00+01:00,2619.2,2620.2,2617.3,2618.2,185
2026-02-13 11:50:00+01:00,2617.7,2618.1,2615.7,2616.0,194
2026-02-13 12:00:00+01:00,2616.3,2616.7,2613.1,2613.3,358
2026-02-13 12:10:00+01:00,2613.2,2615.7,2612.2,2615.7,330
2026-02-13 12:20:00+01:00,2615.7,2615.8,2612.5,2614.2,350
2026-02-13 12:30:00+01:00,2614.1,2617.5,2610.9,2615.4,535
2026-02-13 12:40:00+01:00,2615.6,2615.7,2612.1,2613.3,275
2026-02-13 12:50:00+01:00,2613.2,2616.8,2612.2,2616.8,206
2026-02-13 13:00:00+01:00,2616.6,2618.3,2614.4,2615.7,369
2026-02-13 13:10:00+01:00,2615.6,2616.9,2613.2,2615.9,324
2026-02-13 13:20:00+01:00,2615.9,2618.0,2615.7,2617.0,292
2026-02-13 13:30:00+01:00,2616.8,2618.6,2616.2,2616.7,262
2026-02-13 13:40:00+01:00,2616.6,2617.8,2615.9,2616.4,182
2026-02-13 13:50:00+01:00,2616.7,2621.7,2613.6,2617.9,1079
2026-02-13 14:00:00+01:00,2617.9,2620.4,2614.6,2614.8,589
2026-02-13 14:10:00+01:00,2614.2,2616.6,2612.8,2616.5,623
2026-02-13 14:20:00+01:00,2616.4,2623.4,2614.7,2622.7,1082
2026-02-13 14:30:00+01:00,2623.5,2639.8,2621.6,2631.3,4035
2026-02-13 14:40:00+01:00,2631.2,2633.0,2624.0,2632.7,1914
2026-02-13 14:50:00+01:00,2632.3,2633.6,2628.8,2629.8,1364
2026-02-13 15:00:00+01:00,2629.7,2633.6,2626.9,2627.2,1165
2026-02-13 15:10:00+01:00,2627.4,2629.4,2626.5,2627.4,973
2026-02-13 15:20:00+01:00,2627.3,2632.4,2627.1,2629.9,1120
2026-02-13 15:30:00+01:00,2629.9,2639.7,2621.1,2621.2,10302
2026-02-13 15:40:00+01:00,2621.3,2640.0,2608.6,2631.8,12093
2026-02-13 15:50:00+01:00,2632.0,2640.0,2624.7,2627.8,10257
2026-02-13 16:00:00+01:00,2627.6,2649.1,2627.3,2647.8,9141
2026-02-13 16:10:00+01:00,2647.9,2652.0,2639.8,2640.5,7399
2026-02-13 16:20:00+01:00,2640.5,2653.6,2637.6,2651.8,6401
2026-02-13 16:30:00+01:00,2651.7,2659.0,2651.0,2653.0,4327
2026-02-13 16:40:00+01:00,2652.9,2655.1,2647.6,2650.4,4569
2026-02-13 16:50:00+01:00,2650.7,2660.1,2650.4,2658.9,3417
2026-02-13 17:00:00+01:00,2659.0,2668.9,2657.9,2666.3,3739
2026-02-13 17:10:00+01:00,2666.6,2670.5,2661.1,2664.6,3155
2026-02-13 17:20:00+01:00,2664.9,2666.7,2658.5,2665.5,3017
2026-02-13 17:30:00+01:00,2665.3,2670.1,2660.8,2670.0,2327
2026-02-13 17:40:00+01:00,2670.0,2670.6,2665.4,2666.4,1556
2026-02-13 17:50:00+01:00,2666.8,2671.5,2666.3,2666.4,1480
2026-02-13 18:00:00+01:00,2666.4,2671.7,2665.8,2669.1,1317
2026-02-13 18:10:00+01:00,2669.2,2672.6,2668.1,2668.9,1689
2026-02-13 18:20:00+01:00,2669.4,2674.1,2668.8,2670.6,1673
2026-02-13 18:30:00+01:00,2670.5,2674.3,2670.5,2674.2,908
2026-02-13 18:40:00+01:00,2674.2,2675.8,2669.2,2671.3,1698
2026-02-13 18:50:00+01:00,2671.1,2671.3,2665.3,2667.0,1391
2026-02-13 19:00:00+01:00,2667.1,2668.7,2663.7,2666.0,1997
2026-02-13 19:10:00+01:00,2666.1,2672.6,2666.0,2669.1,1446
2026-02-13 19:20:00+01:00,2669.0,2672.7,2663.6,2666.4,1666
2026-02-13 19:30:00+01:00,2666.5,2670.5,2664.3,2668.7,1269
2026-02-13 19:40:00+01:00,2668.9,2669.1,2664.7,2665.4,755
2026-02-13 19:50:00+01:00,2665.1,2665.1,2660.7,2661.9,1212
2026-02-13 20:00:00+01:00,2661.8,2665.8,2660.8,2664.8,1074
2026-02-13 20:10:00+01:00,2664.7,2666.2,2661.4,2662.8,854
2026-02-13 20:20:00+01:00,2663.2,2664.8,2656.4,2657.6,1598
2026-02-13 20:30:00+01:00,2657.7,2662.8,2656.9,2658.7,1492
2026-02-13 20:40:00+01:00,2658.6,2660.4,2655.6,2658.7,1208
2026-02-13 20:50:00+01:00,2658.9,2659.2,2650.9,2652.1,1511
2026-02-13 21:00:00+01:00,2652.1,2659.0,2652.1,2657.5,1142
2026-02-13 21:10:00+01:00,2657.5,2657.5,2652.3,2655.1,1295
2026-02-13 21:20:00+01:00,2655.0,2655.2,2647.2,2648.5,1743
2026-02-13 21:30:00+01:00,2648.4,2649.9,2645.9,2646.6,1782
2026-02-13 21:40:00+01:00,2646.6,2652.6,2644.8,2651.7,1791
2026-02-13 21:50:00+01:00,2651.6,2654.1,2648.6,2653.3,2756
2026-02-13 22:00:00+01:00,2653.1,2654.3,2651.2,2651.8,1026
2026-02-13 22:10:00+01:00,2651.8,2653.1,2651.4,2652.3,254
2026-02-13 22:20:00+01:00,2652.2,2653.3,2651.3,2652.5,309
2026-02-13 22:30:00+01:00,2652.4,2653.2,2652.2,2652.5,396
2026-02-13 22:40:00+01:00,2652.7,2653.1,2651.9,2652.4,150
2026-02-13 22:50:00+01:00,2652.5,2653.3,2650.2,2651.2,515
2026-02-16 00:00:00+01:00,2650.1,2655.0,2647.2,2649.6,346
2026-02-16 00:10:00+01:00,2650.3,2654.3,2650.3,2654.1,341
2026-02-16 00:20:00+01:00,2653.8,2654.3,2652.7,2653.6,198
2026-02-16 00:30:00+01:00,2653.8,2654.3,2652.1,2652.4,155
2026-02-16 00:40:00+01:00,2652.8,2653.8,2651.4,2652.0,163
2026-02-16 00:50:00+01:00,2651.8,2653.8,2649.4,2653.6,222
2026-02-16 01:00:00+01:00,2653.5,2654.3,2650.9,2653.7,392
2026-02-16 01:10:00+01:00,2653.7,2654.5,2653.0,2653.1,194
2026-02-16 01:20:00+01:00,2653.0,2653.8,2652.5,2653.1,120
2026-02-16 01:30:00+01:00,2653.0,2653.6,2652.3,2652.3,92
2026-02-16 01:50:00+01:00,2652.8,2653.9,2652.4,2653.0,67
2026-02-16 02:00:00+01:00,2653.1,2654.4,2652.4,2653.8,120
2026-02-16 02:30:00+01:00,2653.8,2653.8,2652.6,2653.0,129
2026-02-16 03:00:00+01:00,2656.1,2656.8,2654.1,2654.1,108
2026-02-16 03:10:00+01:00,2654.0,2654.0,2652.8,2653.0,111
2026-02-16 04:00:00+01:00,2653.5,2653.8,2652.0,2652.6,100
2026-02-16 04:20:00+01:00,2653.4,2654.2,2652.1,2652.4,80
2026-02-16 04:30:00+01:00,2652.1,2652.4,2651.9,2652.3,42
2026-02-16 05:00:00+01:00,2653.6,2655.2,2653.5,2653.6,69
2026-02-16 05:30:00+01:00,2654.6,2654.9,2654.1,2654.1,55
2026-02-16 06:10:00+01:00,2653.2,2654.1,2653.1,2653.1,51
2026-02-16 07:40:00+01:00,2653.6,2655.3,2653.6,2655.1,35
2026-02-16 08:00:00+01:00,2654.8,2657.0,2654.8,2656.9,96
2026-02-16 08:20:00+01:00,2656.4,2657.7,2656.3,2656.9,107
2026-02-16 08:30:00+01:00,2657.1,2659.1,2656.7,2658.8,182
2026-02-16 08:40:00+01:00,2658.7,2659.1,2658.0,2658.4,76
2026-02-16 08:50:00+01:00,2658.4,2658.9,2657.7,2658.3,80
2026-02-16 09:00:00+01:00,2658.5,2660.5,2656.2,2660.5,154
2026-02-16 09:10:00+01:00,2660.1,2660.9,2659.1,2660.8,99
2026-02-16 09:20:00+01:00,2660.8,2661.9,2658.1,2658.9,182
2026-02-16 09:30:00+01:00,2658.5,2659.3,2656.7,2657.2,110
2026-02-16 09:50:00+01:00,2660.0,2661.2,2659.6,2660.9,83
2026-02-16 10:00:00+01:00,2661.0,2663.6,2660.4,2663.6,156
2026-02-16 10:10:00+01:00,2663.5,2663.7,2662.5,2663.0,64
2026-02-16 10:20:00+01:00,2663.0,2664.6,2662.6,2664.2,128
2026-02-16 10:40:00+01:00,2663.2,2663.2,2662.2,2662.6,59
2026-02-16 11:00:00+01:00,2662.5,2662.7,2660.6,2660.9,92
2026-02-16 11:10:00+01:00,2660.9,2661.5,2660.0,2660.8,92
2026-02-16 11:30:00+01:00,2660.6,2661.2,2659.4,2660.6,64
2026-02-16 11:40:00+01:00,2660.4,2662.4,2660.4,2661.3,167
2026-02-16 11:50:00+01:00,2661.4,2661.5,2658.7,2659.7,92
2026-02-16 12:00:00+01:00,2659.4,2659.5,2657.5,2657.5,93
2026-02-16 12:20:00+01:00,2658.1,2660.2,2657.9,2660.2,46
2026-02-16 13:00:00+01:00,2658.3,2658.4,2656.4,2657.8,82
2026-02-16 13:10:00+01:00,2657.5,2657.7,2656.5,2657.1,54
2026-02-16 13:20:00+01:00,2657.7,2660.9,2657.5,2660.5,104
2026-02-16 13:30:00+01:00,2660.4,2660.4,2658.2,2660.4,98
2026-02-16 13:40:00+01:00,2660.5,2660.5,2658.3,2659.7,41
2026-02-16 13:50:00+01:00,2659.6,2659.7,2658.3,2658.3,40
2026-02-16 14:00:00+01:00,2658.4,2658.5,2656.1,2656.2,116
2026-02-16 14:10:00+01:00,2656.1,2656.6,2654.9,2656.1,131
2026-02-16 14:20:00+01:00,2656.1,2656.3,2655.4,2655.8,82
2026-02-16 14:40:00+01:00,2656.2,2656.7,2654.9,2655.7,138
2026-02-16 14:50:00+01:00,2655.2,2656.0,2655.1,2655.1,78
2026-02-16 15:00:00+01:00,2655.1,2655.5,2653.9,2654.8,182
2026-02-16 15:10:00+01:00,2654.8,2654.8,2651.2,2652.1,545
2026-02-16 15:20:00+01:00,2652.3,2652.7,2649.7,2651.2,402
2026-02-16 15:30:00+01:00,2651.1,2652.4,2649.3,2650.2,722
2026-02-16 15:40:00+01:00,2650.0,2650.6,2647.5,2649.5,741
2026-02-16 15:50:00+01:00,2650.1,2654.4,2649.1,2652.8,623
2026-02-16 16:00:00+01:00,2652.8,2654.0,2651.9,2652.4,404
2026-02-16 16:10:00+01:00,2652.3,2652.3,2649.2,2650.2,483
2026-02-16 16:20:00+01:00,2650.3,2650.8,2647.5,2648.0,406
2026-02-16 16:30:00+01:00,2647.8,2648.6,2645.1,2645.3,544
2026-02-16 16:40:00+01:00,2645.4,2646.3,2643.1,2645.9,530
2026-02-16 16:50:00+01:00,2646.3,2647.4,2642.7,2643.1,524
2026-02-16 17:00:00+01:00,2643.4,2646.7,2642.1,2646.6,607
2026-02-16 17:10:00+01:00,2646.5,2649.6,2644.9,2645.0,865
2026-02-16 17:20:00+01:00,2645.0,2647.3,2644.0,2647.2,562
2026-02-16 17:30:00+01:00,2647.2,2648.2,2643.2,2643.2,624
2026-02-16 17:40:00+01:00,2643.3,2646.1,2642.7,2645.0,523
2026-02-16 17:50:00+01:00,2644.9,2645.5,2643.6,2644.1,205
2026-02-16 18:00:00+01:00,2644.1,2646.2,2643.5,2645.4,299
2026-02-16 18:10:00+01:00,2645.6,2646.6,2645.0,2645.6,193
2026-02-16 18:20:00+01:00,2645.4,2646.4,2645.0,2646.3,116
2026-02-16 18:30:00+01:00,2646.6,2647.4,2645.3,2646.1,279
2026-02-16 18:40:00+01:00,2646.3,2646.4,2645.0,2645.9,175
2026-02-16 18:50:00+01:00,2645.9,2646.2,2643.3,2644.6,266
2026-02-17 00:00:00+01:00,2644.2,2647.2,2643.6,2645.7,293
2026-02-17 00:10:00+01:00,2646.0,2648.7,2646.0,2647.2,297
2026-02-17 00:20:00+01:00,2647.5,2647.6,2646.3,2647.3,112
2026-02-17 00:30:00+01:00,2647.6,2648.9,2647.5,2648.0,109
2026-02-17 00:40:00+01:00,2648.2,2649.0,2648.1,2649.0,241
2026-02-17 00:50:00+01:00,2649.0,2649.5,2646.9,2647.1,242
2026-02-17 01:00:00+01:00,2647.1,2647.5,2644.4,2646.3,167
2026-02-17 01:20:00+01:00,2645.9,2648.2,2645.4,2646.9,115
2026-02-17 01:30:00+01:00,2646.5,2647.6,2646.5,2647.0,96
2026-02-17 01:40:00+01:00,2646.7,2646.7,2644.4,2644.6,79
2026-02-17 01:50:00+01:00,2645.0,2645.2,2642.7,2643.0,123
2026-02-17 02:00:00+01:00,2643.2,2647.0,2643.2,2647.0,198
2026-02-17 02:20:00+01:00,2647.7,2648.8,2644.2,2644.9,164
2026-02-17 02:30:00+01:00,2644.9,2646.7,2644.5,2645.5,87
2026-02-17 02:40:00+01:00,2645.4,2645.8,2642.8,2642.8,128
2026-02-17 02:50:00+01:00,2642.8,2643.1,2633.2,2635.2,1412
2026-02-17 03:00:00+01:00,2635.1,2636.0,2631.2,2634.4,497
2026-02-17 03:10:00+01:00,2634.6,2636.9,2633.6,2636.3,287
2026-02-17 03:20:00+01:00,2636.1,2638.0,2635.3,2637.2,198
2026-02-17 03:30:00+01:00,2637.8,2637.9,2636.6,2636.7,130
2026-02-17 03:40:00+01:00,2636.8,2638.3,2635.6,2636.1,185
2026-02-17 03:50:00+01:00,2636.0,2638.7,2636.0,2636.9,172
2026-02-17 04:00:00+01:00,2637.0,2637.3,2631.8,2634.3,399
2026-02-17 04:10:00+01:00,2634.0,2635.0,2632.4,2634.9,151
2026-02-17 04:20:00+01:00,2634.9,2636.5,2634.7,2634.7,109
2026-02-17 04:30:00+01:00,2634.5,2634.5,2630.1,2630.2,415
2026-02-17 04:40:00+01:00,2630.2,2633.1,2629.3,2631.6,210
2026-02-17 04:50:00+01:00,2631.8,2633.1,2631.8,2632.5,140
2026-02-17 05:10:00+01:00,2633.0,2633.1,2631.4,2632.7,71
2026-02-17 05:20:00+01:00,2633.0,2633.0,2632.1,2632.8,67
2026-02-17 06:10:00+01:00,2630.6,2631.1,2627.5,2627.5,201
2026-02-17 06:20:00+01:00,2627.8,2629.6,2625.2,2629.6,291
2026-02-17 06:30:00+01:00,2629.6,2629.7,2625.6,2627.9,177
2026-02-17 06:40:00+01:00,2627.7,2631.1,2627.4,2630.7,83
2026-02-17 06:50:00+01:00,2630.8,2630.8,2627.9,2628.3,126
2026-02-17 07:00:00+01:00,2628.7,2632.1,2628.7,2631.9,163
2026-02-17 07:10:00+01:00,2632.0,2632.9,2631.2,2631.9,165
2026-02-17 08:00:00+01:00,2633.3,2633.3,2631.4,2631.9,141
2026-02-17 08:10:00+01:00,2631.5,2631.9,2630.1,2630.3,121
2026-02-17 08:20:00+01:00,2630.3,2630.8,2627.5,2628.5,131
2026-02-17 08:30:00+01:00,2628.8,2632.0,2628.2,2632.0,153
2026-02-17 08:40:00+01:00,2631.9,2633.5,2631.4,2633.2,142
2026-02-17 08:50:00+01:00,2633.3,2636.7,2633.3,2636.2,241
2026-02-17 09:00:00+01:00,2636.3,2641.4,2635.9,2641.3,381
2026-02-17 09:10:00+01:00,2641.2,2645.8,2640.3,2640.9,482
2026-02-17 09:20:00+01:00,2640.8,2642.2,2639.7,2641.7,153
2026-02-17 09:30:00+01:00,2641.4,2642.3,2639.3,2639.3,174
2026-02-17 09:40:00+01:00,2639.1,2640.2,2637.4,2639.7,210
2026-02-17 09:50:00+01:00,2639.6,2640.8,2638.5,2640.0,211
2026-02-17 10:00:00+01:00,2640.0,2642.5,2639.5,2640.3,259
2026-02-17 10:10:00+01:00,2640.2,2642.5,2639.4,2642.4,142
2026-02-17 10:20:00+01:00,2642.8,2644.1,2641.7,2643.9,148
2026-02-17 10:30:00+01:00,2644.5,2648.7,2644.3,2648.5,225
2026-02-17 10:40:00+01:00,2648.2,2649.7,2647.8,2648.6,210
2026-02-17 10:50:00+01:00,2648.4,2648.8,2647.5,2647.9,124
2026-02-17 11:00:00+01:00,2647.9,2649.8,2647.9,2648.0,152
2026-02-17 11:10:00+01:00,2647.7,2647.7,2646.0,2647.3,121
2026-02-17 11:20:00+01:00,2647.7,2647.9,2646.7,2646.8,108
2026-02-17 11:30:00+01:00,2646.6,2646.9,2645.5,2645.6,117
2026-02-17 11:40:00+01:00,2645.5,2645.5,2642.5,2643.4,227
2026-02-17 11:50:00+01:00,2643.3,2643.3,2641.2,2641.7,136
2026-02-17 12:00:00+01:00,2641.7,2643.2,2640.3,2641.2,173
2026-02-17 12:10:00+01:00,2640.7,2643.1,2640.7,2642.5,97
2026-02-17 12:20:00+01:00,2642.1,2645.5,2641.3,2645.4,217
2026-02-17 12:30:00+01:00,2645.6,2646.8,2644.7,2646.8,185
2026-02-17 12:40:00+01:00,2646.5,2647.7,2646.0,2647.5,236
2026-02-17 12:50:00+01:00,2647.3,2649.7,2647.0,2648.2,272
2026-02-17 13:00:00+01:00,2647.9,2651.6,2647.2,2651.0,279
2026-02-17 13:10:00+01:00,2651.1,2651.4,2649.1,2649.1,270
2026-02-17 13:20:00+01:00,2649.1,2649.5,2646.2,2646.2,455
2026-02-17 13:30:00+01:00,2646.4,2647.3,2645.2,2646.6,333
2026-02-17 13:40:00+01:00,2646.8,2648.0,2645.3,2646.0,277
2026-02-17 13:50:00+01:00,2645.6,2647.3,2643.9,2646.2,330
2026-02-17 14:00:00+01:00,2646.1,2646.6,2641.0,2641.5,550
2026-02-17 14:10:00+01:00,2641.4,2642.3,2637.4,2641.4,829
2026-02-17 14:20:00+01:00,2641.1,2647.5,2641.0,2646.0,671
2026-02-17 14:30:00+01:00,2646.4,2646.4,2642.8,2644.2,365
2026-02-17 14:40:00+01:00,2644.3,2645.3,2642.9,2642.9,230
2026-02-17 14:50:00+01:00,2643.1,2654.8,2643.1,2643.8,3025
2026-02-17 15:00:00+01:00,2643.3,2649.6,2643.3,2648.7,654
2026-02-17 15:10:00+01:00,2648.9,2648.9,2646.0,2648.1,513
2026-02-17 15:20:00+01:00,2648.0,2649.2,2645.9,2647.1,810
2026-02-17 15:30:00+01:00,2647.4,2663.3,2644.6,2651.5,9093
2026-02-17 15:40:00+01:00,2651.4,2654.0,2637.0,2644.2,5999
2026-02-17 15:50:00+01:00,2643.9,2647.3,2626.0,2626.7,7167
2026-02-17 16:00:00+01:00,2626.4,2636.1,2625.8,2628.4,4226
2026-02-17 16:10:00+01:00,2628.7,2636.4,2624.6,2636.0,4251
2026-02-17 16:20:00+01:00,2636.1,2636.4,2619.8,2623.1,4181
2026-02-17 16:30:00+01:00,2622.9,2624.2,2613.8,2614.2,3646
2026-02-17 16:40:00+01:00,2614.0,2628.1,2613.8,2625.2,3200
2026-02-17 16:50:00+01:00,2625.3,2630.5,2621.4,2630.2,2546
2026-02-17 17:00:00+01:00,2630.1,2645.8,2630.0,2645.4,3184
2026-02-17 17:10:00+01:00,2645.2,2654.8,2644.9,2653.2,2714
2026-02-17 17:20:00+01:00,2652.8,2655.4,2647.3,2648.1,2082
2026-02-17 17:30:00+01:00,2647.8,2651.7,2643.1,2648.0,2293
2026-02-17 17:40:00+01:00,2647.6,2651.2,2644.8,2645.4,1025
2026-02-17 17:50:00+01:00,2646.2,2652.7,2646.0,2649.9,1208
2026-02-17 18:00:00+01:00,2649.8,2650.3,2645.8,2645.9,726
2026-02-17 18:10:00+01:00,2646.2,2646.7,2641.9,2644.7,1011
2026-02-17 18:20:00+01:00,2644.9,2647.9,2641.7,2647.8,864
2026-02-17 18:30:00+01:00,2647.8,2649.5,2643.4,2644.8,994
2026-02-17 18:40:00+01:00,2644.8,2644.8,2636.0,2640.5,1609
2026-02-17 18:50:00+01:00,2640.5,2645.0,2636.0,2644.2,1030
2026-02-17 19:00:00+01:00,2644.1,2644.9,2640.8,2642.2,963
2026-02-17 19:10:00+01:00,2642.3,2643.7,2638.4,2639.5,838
2026-02-17 19:20:00+01:00,2639.6,2651.9,2639.2,2651.8,1899
2026-02-17 19:30:00+01:00,2651.7,2656.1,2649.8,2656.1,1550
2026-02-17 19:40:00+01:00,2656.0,2661.5,2655.4,2661.3,1468
2026-02-17 19:50:00+01:00,2661.5,2666.2,2660.2,2662.4,2039
2026-02-17 20:00:00+01:00,2662.1,2664.1,2659.5,2660.3,1024
2026-02-17 20:10:00+01:00,2660.7,2663.9,2658.1,2661.8,927
2026-02-17 20:20:00+01:00,2662.1,2667.2,2660.3,2662.3,1268
2026-02-17 20:30:00+01:00,2662.5,2664.4,2660.8,2662.5,761
2026-02-17 20:40:00+01:00,2662.7,2663.8,2660.3,2661.7,630
2026-02-17 20:50:00+01:00,2662.0,2663.2,2658.5,2659.4,840
2026-02-17 21:00:00+01:00,2659.8,2662.1,2656.7,2657.2,809
2026-02-17 21:10:00+01:00,2657.4,2657.9,2654.9,2655.0,705
2026-02-17 21:20:00+01:00,2655.0,2655.6,2652.9,2654.3,696
2026-02-17 21:30:00+01:00,2654.2,2655.1,2651.2,2652.7,1223
2026-02-17 21:40:00+01:00,2652.6,2656.5,2652.0,2655.8,1017
2026-02-17 21:50:00+01:00,2655.7,2657.4,2651.6,2654.3,2252
2026-02-17 22:00:00+01:00,2654.4,2655.1,2651.3,2652.1,660
2026-02-17 22:10:00+01:00,2652.0,2653.9,2651.5,2653.6,378
2026-02-17 22:20:00+01:00,2653.4,2653.8,2652.2,2652.2,155
2026-02-17 22:30:00+01:00,2652.2,2652.8,2651.2,2652.3,177
2026-02-17 22:40:00+01:00,2652.5,2653.3,2652.2,2653.2,78
2026-02-17 22:50:00+01:00,2653.0,2653.0,2650.6,2652.2,379
2026-02-18 00:00:00+01:00,2652.9,2653.3,2649.1,2649.3,220
2026-02-18 00:10:00+01:00,2649.3,2651.5,2648.1,2650.7,193
2026-02-18 00:20:00+01:00,2650.7,2651.6,2650.0,2650.6,100
2026-02-18 00:30:00+01:00,2650.5,2651.2,2648.3,2648.7,212
2026-02-18 00:40:00+01:00,2648.6,2649.5,2646.7,2646.7,220
2026-02-18 00:50:00+01:00,2646.9,2647.9,2646.2,2646.3,177
2026-02-18 01:00:00+01:00,2646.3,2648.9,2646.1,2648.8,169
2026-02-18 01:10:00+01:00,2648.8,2650.7,2648.5,2649.6,248
2026-02-18 01:20:00+01:00,2650.0,2650.0,2646.9,2648.4,185
2026-02-18 01:30:00+01:00,2648.8,2649.0,2647.9,2648.5,207
2026-02-18 01:40:00+01:00,2648.8,2649.2,2646.3,2646.4,239
2026-02-18 01:50:00+01:00,2646.5,2646.9,2645.8,2646.6,265
2026-02-18 02:00:00+01:00,2646.9,2647.4,2645.5,2645.8,165
2026-02-18 02:10:00+01:00,2645.6,2646.7,2644.7,2646.7,274
2026-02-18 02:20:00+01:00,2646.8,2647.6,2645.9,2646.1,80
2026-02-18 02:30:00+01:00,2646.2,2646.2,2644.9,2646.0,102
2026-02-18 02:40:00+01:00,2646.1,2647.2,2645.9,2646.0,75
2026-02-18 02:50:00+01:00,2645.9,2647.8,2645.6,2647.5,175
2026-02-18 03:00:00+01:00,2647.5,2648.7,2647.2,2648.7,155
2026-02-18 03:10:00+01:00,2648.8,2649.4,2647.5,2647.5,124
2026-02-18 03:30:00+01:00,2646.8,2648.5,2646.8,2648.5,95
2026-02-18 03:40:00+01:00,2648.5,2648.9,2648.2,2648.4,175
2026-02-18 04:30:00+01:00,2647.6,2649.1,2647.5,2648.3,113
2026-02-18 04:40:00+01:00,2648.4,2649.6,2648.2,2649.6,65
2026-02-18 04:50:00+01:00,2649.6,2651.1,2649.4,2650.5,153
2026-02-18 05:00:00+01:00,2650.5,2651.8,2649.7,2651.3,129
2026-02-18 05:10:00+01:00,2651.3,2651.4,2650.0,2650.6,141
2026-02-18 05:20:00+01:00,2650.5,2651.3,2650.5,2651.1,76
2026-02-18 05:30:00+01:00,2651.2,2653.0,2651.1,2652.8,136
2026-02-18 05:40:00+01:00,2653.0,2653.3,2652.5,2653.3,120
2026-02-18 05:50:00+01:00,2653.3,2653.5,2652.6,2652.9,89
2026-02-18 06:10:00+01:00,2652.9,2653.7,2652.6,2653.3,71
2026-02-18 06:20:00+01:00,2653.2,2653.7,2653.1,2653.2,39
2026-02-18 06:50:00+01:00,2653.4,2653.4,2652.5,2653.1,84
2026-02-18 07:30:00+01:00,2653.5,2654.4,2652.2,2654.0,106
2026-02-18 07:40:00+01:00,2654.2,2655.2,2654.0,2655.2,111
2026-02-18 08:00:00+01:00,2653.6,2654.0,2652.5,2653.2,138
2026-02-18 08:20:00+01:00,2653.5,2653.7,2652.4,2653.7,77
2026-02-18 09:00:00+01:00,2655.1,2658.8,2654.9,2658.6,356
2026-02-18 09:10:00+01:00,2658.8,2661.8,2657.4,2660.8,250
2026-02-18 09:20:00+01:00,2660.8,2660.8,2658.6,2659.6,182
2026-02-18 09:30:00+01:00,2660.0,2661.0,2659.4,2660.7,134
2026-02-18 09:40:00+01:00,2660.6,2661.3,2659.5,2660.0,96
2026-02-18 09:50:00+01:00,2659.7,2661.7,2659.5,2661.1,96
2026-02-18 10:00:00+01:00,2661.1,2662.7,2661.1,2662.5,134
2026-02-18 10:10:00+01:00,2662.7,2663.1,2661.9,2662.0,101
2026-02-18 10:20:00+01:00,2661.9,2664.2,2661.6,2663.9,165
2026-02-18 10:30:00+01:00,2663.6,2666.4,2663.5,2665.8,266
2026-02-18 10:40:00+01:00,2665.8,2666.0,2664.7,2664.8,226
2026-02-18 10:50:00+01:00,2665.0,2665.0,2663.0,2663.2,148
2026-02-18 11:00:00+01:00,2663.1,2664.8,2662.8,2664.2,106
2026-02-18 11:10:00+01:00,2664.4,2665.7,2664.2,2664.8,100
2026-02-18 11:20:00+01:00,2664.7,2666.2,2664.7,2666.0,87
2026-02-18 11:30:00+01:00,2665.9,2665.9,2664.6,2665.0,105
2026-02-18 11:40:00+01:00,2665.1,2665.3,2664.4,2665.0,123
2026-02-18 11:50:00+01:00,2664.5,2664.5,2663.5,2664.5,175
2026-02-18 12:00:00+01:00,2664.6,2664.9,2662.1,2662.1,157
2026-02-18 12:10:00+01:00,2662.1,2662.3,2660.8,2660.8,146
2026-02-18 12:20:00+01:00,2661.1,2662.1,2660.1,2660.2,96
2026-02-18 12:30:00+01:00,2660.3,2660.5,2656.9,2657.7,218
2026-02-18 12:40:00+01:00,2657.5,2658.0,2656.1,2657.8,151
2026-02-18 12:50:00+01:00,2657.7,2657.7,2655.6,2656.1,139
2026-02-18 13:00:00+01:00,2656.2,2660.3,2655.8,2657.5,823
2026-02-18 13:10:00+01:00,2657.5,2659.0,2656.9,2658.4,230
2026-02-18 13:20:00+01:00,2658.2,2658.4,2653.4,2653.6,359
2026-02-18 13:30:00+01:00,2653.3,2653.7,2648.4,2651.5,698
2026-02-18 13:40:00+01:00,2651.5,2653.2,2650.8,2652.5,287
2026-02-18 13:50:00+01:00,2652.7,2653.5,2651.5,2652.5,169
2026-02-18 14:00:00+01:00,2652.7,2653.6,2651.2,2653.6,222
2026-02-18 14:10:00+01:00,2653.8,2655.8,2652.1,2652.1,429
2026-02-18 14:20:00+01:00,2652.1,2655.4,2651.5,2654.9,330
2026-02-18 14:30:00+01:00,2654.9,2657.4,2653.3,2654.2,474
2026-02-18 14:40:00+01:00,2654.1,2654.1,2650.2,2650.2,384
2026-02-18 14:50:00+01:00,2650.3,2652.0,2649.8,2652.0,333
2026-02-18 15:00:00+01:00,2652.0,2654.3,2650.5,2654.0,370
2026-02-18 15:10:00+01:00,2654.0,2654.7,2652.8,2653.8,250
2026-02-18 15:20:00+01:00,2653.9,2655.7,2651.8,2653.5,750
2026-02-18 15:30:00+01:00,2653.6,2665.6,2641.7,2664.9,10139
2026-02-18 15:40:00+01:00,2664.9,2676.6,2663.3,2668.7,7018
2026-02-18 15:50:00+01:00,2668.7,2682.3,2668.1,2681.0,4427
2026-02-18 16:00:00+01:00,2681.1,2689.1,2680.1,2688.2,4217
2026-02-18 16:10:00+01:00,2688.3,2691.4,2684.3,2687.4,3659
2026-02-18 16:20:00+01:00,2687.4,2691.3,2686.9,2691.0,1788
2026-02-18 16:30:00+01:00,2691.1,2692.3,2688.5,2691.8,1615
2026-02-18 16:40:00+01:00,2691.8,2692.8,2687.6,2687.7,1839
2026-02-18 16:50:00+01:00,2687.9,2688.5,2684.5,2687.5,1823
2026-02-18 17:00:00+01:00,2687.7,2688.0,2683.6,2684.7,1482
2026-02-18 17:10:00+01:00,2684.8,2685.3,2680.4,2680.8,1581
2026-02-18 17:20:00+01:00,2680.8,2683.2,2679.3,2682.9,1430
2026-02-18 17:30:00+01:00,2682.9,2684.7,2680.3,2683.0,1248
2026-02-18 17:40:00+01:00,2683.0,2683.8,2678.8,2678.9,1032
2026-02-18 17:50:00+01:00,2679.0,2681.2,2677.5,2677.8,1474
2026-02-18 18:00:00+01:00,2678.0,2683.2,2677.0,2680.1,1639
2026-02-18 18:10:00+01:00,2680.2,2681.3,2678.5,2681.1,686
2026-02-18 18:20:00+01:00,2681.1,2681.1,2678.5,2680.2,616
2026-02-18 18:30:00+01:00,2680.2,2683.0,2679.9,2680.7,813
2026-02-18 18:40:00+01:00,2680.5,2680.5,2677.4,2677.7,752
2026-02-18 18:50:00+01:00,2677.3,2680.2,2677.3,2679.8,731
2026-02-18 19:00:00+01:00,2679.6,2682.1,2679.3,2680.0,939
2026-02-18 19:10:00+01:00,2679.9,2682.0,2679.1,2679.3,577
2026-02-18 19:20:00+01:00,2679.5,2679.7,2670.6,2674.1,2044
2026-02-18 19:30:00+01:00,2674.3,2676.7,2672.0,2674.6,1202
2026-02-18 19:40:00+01:00,2674.9,2675.7,2669.5,2672.7,1872
2026-02-18 19:50:00+01:00,2672.9,2673.3,2668.8,2672.5,1564
2026-02-18 20:00:00+01:00,2672.1,2675.2,2669.4,2669.7,1438
2026-02-18 20:10:00+01:00,2669.7,2672.9,2665.4,2666.3,1390
2026-02-18 20:20:00+01:00,2666.5,2669.1,2664.9,2666.0,1745
2026-02-18 20:30:00+01:00,2665.9,2667.2,2658.2,2660.5,2071
2026-02-18 20:40:00+01:00,2660.4,2662.4,2657.9,2659.8,1503
2026-02-18 20:50:00+01:00,2659.7,2660.9,2653.1,2656.7,1646
2026-02-18 21:00:00+01:00,2656.6,2660.8,2654.8,2655.7,1672
2026-02-18 21:10:00+01:00,2655.8,2657.1,2651.2,2654.3,1479
2026-02-18 21:20:00+01:00,2654.4,2654.8,2651.4,2651.9,1186
2026-02-18 21:30:00+01:00,2651.8,2660.4,2651.3,2659.8,1544
2026-02-18 21:40:00+01:00,2659.8,2663.3,2658.6,2662.7,1305
2026-02-18 21:50:00+01:00,2662.6,2666.2,2661.6,2663.2,2551
2026-02-18 22:00:00+01:00,2663.2,2663.9,2660.4,2662.3,740
2026-02-18 22:10:00+01:00,2662.2,2662.9,2661.3,2662.6,234
2026-02-18 22:20:00+01:00,2662.5,2663.1,2661.9,2663.0,96
2026-02-18 22:30:00+01:00,2662.9,2663.4,2662.1,2663.2,125
2026-02-18 22:40:00+01:00,2662.9,2663.3,2662.4,2662.7,74
2026-02-18 22:50:00+01:00,2662.7,2663.0,2660.6,2662.8,257
2026-02-19 00:00:00+01:00,2662.1,2665.1,2660.6,2665.1,233
2026-02-19 00:10:00+01:00,2665.3,2666.1,2663.2,2663.3,183
2026-02-19 00:20:00+01:00,2663.3,2663.8,2662.7,2663.8,82
2026-02-19 00:30:00+01:00,2663.9,2664.8,2663.6,2663.6,106
2026-02-19 00:40:00+01:00,2663.6,2664.3,2663.2,2663.2,95
2026-02-19 00:50:00+01:00,2663.6,2663.7,2662.7,2662.8,84
2026-02-19 01:00:00+01:00,2663.1,2663.9,2662.7,2662.9,135
2026-02-19 01:10:00+01:00,2662.6,2663.1,2661.5,2662.5,156
2026-02-19 01:20:00+01:00,2662.5,2662.7,2660.2,2661.0,145
2026-02-19 01:30:00+01:00,2661.1,2661.7,2659.8,2660.7,154
2026-02-19 01:40:00+01:00,2660.7,2661.1,2659.9,2660.7,66
2026-02-19 02:00:00+01:00,2661.0,2664.5,2660.6,2664.4,215
2026-02-19 02:20:00+01:00,2664.9,2664.9,2662.0,2662.0,129
2026-02-19 02:30:00+01:00,2662.2,2663.0,2659.6,2660.1,150
2026-02-19 02:40:00+01:00,2660.1,2661.6,2660.1,2660.6,110
2026-02-19 02:50:00+01:00,2660.6,2661.6,2659.6,2661.6,145
2026-02-19 03:00:00+01:00,2661.4,2661.8,2660.1,2661.2,110
2026-02-19 03:10:00+01:00,2661.6,2662.0,2660.5,2660.5,132
2026-02-19 03:30:00+01:00,2661.9,2662.4,2661.5,2661.5,67
2026-02-19 04:40:00+01:00,2660.7,2660.8,2659.2,2659.5,138
2026-02-19 04:50:00+01:00,2659.3,2660.7,2658.6,2660.5,94
2026-02-19 05:30:00+01:00,2659.1,2659.8,2658.9,2659.6,59
2026-02-19 05:40:00+01:00,2659.4,2659.4,2657.9,2658.3,95
2026-02-19 05:50:00+01:00,2658.4,2658.4,2657.6,2657.7,60
2026-02-19 06:00:00+01:00,2657.6,2657.9,2656.0,2656.6,90
2026-02-19 06:30:00+01:00,2658.9,2660.1,2658.9,2659.6,94
2026-02-19 06:50:00+01:00,2660.5,2661.4,2660.4,2661.3,58
2026-02-19 07:30:00+01:00,2661.6,2663.2,2661.6,2661.9,180
2026-02-19 08:00:00+01:00,2663.4,2664.2,2661.6,2662.1,103
2026-02-19 08:10:00+01:00,2662.9,2663.7,2662.8,2663.6,67
2026-02-19 08:20:00+01:00,2663.5,2664.7,2663.2,2664.1,111
2026-02-19 08:30:00+01:00,2664.0,2664.6,2663.4,2663.8,152
2026-02-19 08:50:00+01:00,2663.3,2663.5,2661.0,2661.0,155
2026-02-19 09:00:00+01:00,2661.2,2662.5,2659.4,2662.5,134
2026-02-19 09:10:00+01:00,2662.3,2663.4,2660.8,2663.3,151
2026-02-19 09:20:00+01:00,2663.4,2663.6,2662.3,2663.1,106
2026-02-19 09:40:00+01:00,2660.7,2660.8,2658.4,2658.7,154
2026-02-19 09:50:00+01:00,2658.7,2659.0,2655.3,2656.2,273
2026-02-19 10:00:00+01:00,2656.7,2658.2,2655.4,2658.0,236
2026-02-19 10:10:00+01:00,2658.2,2658.9,2656.5,2657.2,182
2026-02-19 10:20:00+01:00,2657.5,2660.5,2656.6,2656.8,252
2026-02-19 10:30:00+01:00,2656.7,2657.1,2654.0,2656.0,309
2026-02-19 10:40:00+01:00,2656.1,2656.6,2651.7,2651.8,273
2026-02-19 10:50:00+01:00,2652.0,2654.7,2651.6,2654.3,323
2026-02-19 11:00:00+01:00,2654.0,2654.4,2648.7,2650.9,826
2026-02-19 11:10:00+01:00,2650.9,2651.6,2647.6,2651.1,370
2026-02-19 11:20:00+01:00,2650.9,2650.9,2648.1,2648.3,158
2026-02-19 11:30:00+01:00,2648.5,2649.7,2645.7,2648.5,372
2026-02-19 11:40:00+01:00,2648.3,2651.5,2648.2,2650.6,222
2026-02-19 11:50:00+01:00,2650.5,2650.7,2648.9,2649.8,140
2026-02-19 12:00:00+01:00,2649.7,2650.3,2648.2,2650.3,195
2026-02-19 12:10:00+01:00,2650.5,2651.3,2649.3,2649.4,154
2026-02-19 12:20:00+01:00,2650.2,2652.3,2650.1,2651.6,182
2026-02-19 12:30:00+01:00,2651.8,2652.6,2650.2,2650.9,135
2026-02-19 12:40:00+01:00,2650.9,2652.5,2650.9,2651.8,73
2026-02-19 12:50:00+01:00,2651.7,2652.3,2649.2,2651.7,141
2026-02-19 13:00:00+01:00,2651.8,2653.8,2648.5,2653.5,384
2026-02-19 13:10:00+01:00,2653.4,2656.0,2653.4,2655.0,344
2026-02-19 13:20:00+01:00,2655.1,2659.0,2655.1,2657.2,348
2026-02-19 13:30:00+01:00,2657.2,2657.3,2655.3,2656.7,198
2026-02-19 13:40:00+01:00,2657.1,2659.2,2656.5,2657.1,222
2026-02-19 13:50:00+01:00,2657.2,2657.3,2654.0,2654.8,252
2026-02-19 14:00:00+01:00,2654.9,2655.3,2652.3,2652.7,403
2026-02-19 14:10:00+01:00,2652.9,2654.5,2652.3,2653.3,215
2026-02-19 14:20:00+01:00,2653.8,2654.2,2650.5,2652.4,509
2026-02-19 14:30:00+01:00,2652.5,2655.7,2648.9,2653.6,800
2026-02-19 14:40:00+01:00,2653.5,2653.8,2651.2,2651.9,417
2026-02-19 14:50:00+01:00,2651.7,2653.8,2650.3,2650.4,485
2026-02-19 15:00:00+01:00,2650.6,2650.8,2648.3,2648.4,386
2026-02-19 15:10:00+01:00,2648.4,2650.6,2646.9,2650.2,599
2026-02-19 15:20:00+01:00,2650.0,2651.2,2648.4,2648.5,768
2026-02-19 15:30:00+01:00,2648.7,2651.1,2633.5,2644.4,10474
2026-02-19 15:40:00+01:00,2644.2,2653.0,2638.8,2647.5,6999
2026-02-19 15:50:00+01:00,2647.3,2658.8,2645.6,2653.7,4872
2026-02-19 16:00:00+01:00,2654.0,2660.0,2646.6,2647.3,5895
2026-02-19 16:10:00+01:00,2647.3,2655.6,2646.0,2652.9,4567
2026-02-19 16:20:00+01:00,2652.8,2655.9,2646.6,2648.4,3010
2026-02-19 16:30:00+01:00,2648.2,2663.9,2646.7,2658.2,3958
2026-02-19 16:40:00+01:00,2658.0,2662.6,2657.9,2659.8,2465
2026-02-19 16:50:00+01:00,2659.9,2660.7,2653.7,2659.4,2334
2026-02-19 17:00:00+01:00,2659.4,2661.8,2653.5,2659.2,2272
2026-02-19 17:10:00+01:00,2659.0,2665.3,2655.9,2664.2,2138
2026-02-19 17:20:00+01:00,2664.3,2665.6,2657.1,2657.6,2161
2026-02-19 17:30:00+01:00,2657.7,2665.6,2657.6,2664.3,1929
2026-02-19 17:40:00+01:00,2664.4,2665.1,2652.8,2655.0,2676
2026-02-19 17:50:00+01:00,2655.1,2659.7,2651.6,2656.0,1954
2026-02-19 18:00:00+01:00,2656.2,2657.1,2649.5,2649.9,1982
2026-02-19 18:10:00+01:00,2649.7,2658.1,2649.7,2657.8,1331
2026-02-19 18:20:00+01:00,2657.8,2661.0,2654.8,2656.4,1708
2026-02-19 18:30:00+01:00,2656.2,2658.4,2654.1,2656.6,1086
2026-02-19 18:40:00+01:00,2656.5,2659.5,2648.5,2649.6,2182
2026-02-19 18:50:00+01:00,2649.5,2653.6,2646.9,2650.2,1925
2026-02-19 19:00:00+01:00,2650.0,2650.7,2643.6,2649.0,2133
2026-02-19 19:10:00+01:00,2648.8,2651.7,2645.2,2645.7,1237
2026-02-19 19:20:00+01:00,2645.4,2649.1,2642.8,2646.4,1673
2026-02-19 19:30:00+01:00,2646.4,2649.5,2644.6,2647.6,1124
2026-02-19 19:40:00+01:00,2647.5,2652.3,2645.6,2651.7,1049
2026-02-19 19:50:00+01:00,2651.9,2654.1,2649.8,2653.2,1337
2026-02-19 20:00:00+01:00,2653.0,2658.3,2652.3,2658.1,1644
2026-02-19 20:10:00+01:00,2658.1,2659.4,2654.3,2659.2,2306
2026-02-19 20:20:00+01:00,2659.4,2659.5,2652.9,2654.8,1180
2026-02-19 20:30:00+01:00,2654.8,2656.1,2649.6,2649.8,1106
2026-02-19 20:40:00+01:00,2649.7,2653.3,2648.4,2652.9,1836
2026-02-19 20:50:00+01:00,2653.1,2655.2,2651.9,2653.9,1125
2026-02-19 21:00:00+01:00,2653.7,2660.5,2653.7,2658.9,1137
2026-02-19 21:10:00+01:00,2659.3,2663.6,2658.0,2663.6,1168
2026-02-19 21:20:00+01:00,2663.7,2665.5,2661.0,2661.6,1430
2026-02-19 21:30:00+01:00,2661.6,2665.2,2660.6,2664.0,1166
2026-02-19 21:40:00+01:00,2664.1,2667.3,2662.4,2666.4,1509
2026-02-19 21:50:00+01:00,2666.2,2669.5,2665.6,2669.2,2118
2026-02-19 22:00:00+01:00,2669.4,2670.2,2667.7,2670.0,787
2026-02-19 22:10:00+01:00,2670.0,2670.3,2669.3,2669.4,224
2026-02-19 22:20:00+01:00,2669.3,2671.3,2667.7,2670.2,700
2026-02-19 22:30:00+01:00,2669.9,2670.0,2668.6,2668.9,247
2026-02-19 22:40:00+01:00,2668.9,2668.9,2665.6,2666.5,282
2026-02-19 22:50:00+01:00,2666.7,2667.4,2666.2,2666.6,147
2026-02-20 00:00:00+01:00,2669.6,2669.7,2665.4,2667.7,180
2026-02-20 00:10:00+01:00,2667.6,2667.8,2666.1,2667.5,225
2026-02-20 00:20:00+01:00,2667.5,2668.9,2667.3,2668.0,79
2026-02-20 00:40:00+01:00,2668.9,2669.3,2668.2,2669.1,84
2026-02-20 00:50:00+01:00,2668.9,2669.0,2667.9,2668.5,68
2026-02-20 01:00:00+01:00,2668.5,2668.7,2666.1,2667.3,281
2026-02-20 01:10:00+01:00,2667.1,2668.7,2666.9,2667.0,141
2026-02-20 01:30:00+01:00,2668.2,2669.9,2668.2,2669.2,162
2026-02-20 01:40:00+01:00,2669.2,2670.8,2669.1,2670.3,78
2026-02-20 01:50:00+01:00,2670.4,2670.6,2670.0,2670.0,91
2026-02-20 02:00:00+01:00,2670.0,2671.5,2669.9,2670.3,151
2026-02-20 02:10:00+01:00,2670.4,2672.3,2669.8,2670.1,297
2026-02-20 02:20:00+01:00,2670.2,2670.6,2669.8,2670.6,110
2026-02-20 02:30:00+01:00,2670.3,2670.3,2669.1,2669.4,103
2026-02-20 02:50:00+01:00,2669.1,2669.8,2668.7,2669.2,152
2026-02-20 03:00:00+01:00,2669.3,2671.3,2669.2,2670.5,120
2026-02-20 03:10:00+01:00,2670.1,2670.2,2668.4,2668.8,161
2026-02-20 03:20:00+01:00,2668.8,2669.1,2668.2,2668.4,111
2026-02-20 03:30:00+01:00,2668.6,2669.6,2668.5,2669.6,93
2026-02-20 03:50:00+01:00,2668.5,2669.7,2668.3,2669.6,57
2026-02-20 04:00:00+01:00,2669.6,2670.7,2669.6,2670.0,141
2026-02-20 04:40:00+01:00,2669.8,2670.6,2669.6,2670.6,89
2026-02-20 04:50:00+01:00,2670.8,2671.2,2670.1,2670.2,95
2026-02-20 05:00:00+01:00,2670.2,2671.9,2669.7,2671.6,82
2026-02-20 05:10:00+01:00,2671.5,2672.7,2671.4,2671.5,118
2026-02-20 05:30:00+01:00,2671.7,2671.9,2671.4,2671.5,74
2026-02-20 05:40:00+01:00,2671.5,2672.2,2671.4,2671.7,92
2026-02-20 06:10:00+01:00,2672.6,2672.6,2671.4,2672.2,50
2026-02-20 06:30:00+01:00,2673.5,2674.8,2673.4,2673.5,111
2026-02-20 06:50:00+01:00,2673.9,2675.1,2673.9,2675.1,147
2026-02-20 07:10:00+01:00,2675.2,2675.9,2675.0,2675.6,79
2026-02-20 08:00:00+01:00,2674.3,2674.5,2673.6,2674.3,115
2026-02-20 08:30:00+01:00,2673.5,2673.7,2672.9,2672.9,98
2026-02-20 08:40:00+01:00,2673.0,2673.4,2672.1,2672.1,102
2026-02-20 08:50:00+01:00,2672.1,2672.5,2670.9,2671.9,133
2026-02-20 09:00:00+01:00,2672.2,2674.2,2672.0,2672.2,249
2026-02-20 09:10:00+01:00,2672.3,2674.0,2672.3,2673.9,93
2026-02-20 09:20:00+01:00,2673.9,2675.6,2671.3,2675.4,121
2026-02-20 09:30:00+01:00,2675.6,2675.8,2672.4,2674.4,127
2026-02-20 09:50:00+01:00,2675.1,2676.6,2675.1,2676.2,157
2026-02-20 10:00:00+01:00,2675.7,2677.9,2675.7,2677.4,164
2026-02-20 10:10:00+01:00,2677.4,2679.6,2677.0,2678.6,171
2026-02-20 10:20:00+01:00,2678.4,2678.5,2676.8,2677.1,104
2026-02-20 10:30:00+01:00,2676.9,2677.4,2674.6,2674.6,134
2026-02-20 10:40:00+01:00,2674.6,2675.2,2673.1,2673.1,336
2026-02-20 10:50:00+01:00,2673.3,2673.4,2671.7,2672.2,150
2026-02-20 11:00:00+01:00,2672.0,2673.3,2670.8,2673.1,137
2026-02-20 11:10:00+01:00,2673.1,2673.9,2672.5,2673.8,147
2026-02-20 11:20:00+01:00,2673.8,2674.1,2672.0,2672.7,105
2026-02-20 11:50:00+01:00,2671.5,2671.9,2668.7,2668.8,277
2026-02-20 12:00:00+01:00,2668.6,2668.6,2663.4,2666.0,595
2026-02-20 12:10:00+01:00,2666.1,2666.5,2664.7,2664.7,191
2026-02-20 12:20:00+01:00,2664.4,2666.1,2663.7,2665.3,180
2026-02-20 12:30:00+01:00,2665.2,2667.8,2665.2,2666.5,210
2026-02-20 12:40:00+01:00,2666.5,2666.5,2663.1,2663.4,160
2026-02-20 12:50:00+01:00,2663.4,2664.0,2661.5,2662.4,327
2026-02-20 13:00:00+01:00,2662.6,2663.0,2661.0,2662.4,291
2026-02-20 13:10:00+01:00,2662.1,2664.2,2661.1,2661.4,263
2026-02-20 13:20:00+01:00,2661.3,2661.5,2658.6,2659.2,385
2026-02-20 13:30:00+01:00,2659.0,2659.5,2657.3,2657.5,471
2026-02-20 13:40:00+01:00,2657.4,2657.9,2655.5,2656.1,472
2026-02-20 13:50:00+01:00,2656.0,2659.5,2656.0,2659.5,632
2026-02-20 14:00:00+01:00,2659.4,2660.9,2658.4,2660.2,659
2026-02-20 14:10:00+01:00,2660.4,2663.6,2660.2,2663.6,611
2026-02-20 14:20:00+01:00,2663.6,2665.4,2660.6,2665.1,637
2026-02-20 14:30:00+01:00,2664.8,2664.9,2652.0,2652.9,2242
2026-02-20 14:40:00+01:00,2652.9,2652.9,2645.7,2646.7,1376
2026-02-20 14:50:00+01:00,2646.7,2651.7,2646.7,2651.3,786
2026-02-20 15:00:00+01:00,2651.2,2651.6,2648.8,2648.8,608
2026-02-20 15:10:00+01:00,2648.8,2648.9,2641.7,2641.8,1116
2026-02-20 15:20:00+01:00,2641.8,2650.7,2641.2,2650.4,1769
2026-02-20 15:30:00+01:00,2650.2,2658.8,2648.5,2654.5,8284
2026-02-20 15:40:00+01:00,2655.0,2662.0,2650.9,2656.0,4367
2026-02-20 15:50:00+01:00,2655.7,2659.9,2653.4,2659.9,3132
2026-02-20 16:00:00+01:00,2659.9,2696.0,2658.4,2678.0,17851
2026-02-20 16:10:00+01:00,2678.2,2681.8,2655.6,2668.7,7316
2026-02-20 16:20:00+01:00,2668.8,2677.6,2667.0,2672.2,5314
2026-02-20 16:30:00+01:00,2672.4,2675.3,2663.2,2669.6,4218
2026-02-20 16:40:00+01:00,2669.7,2670.9,2660.4,2667.1,4403
2026-02-20 16:50:00+01:00,2667.1,2674.4,2662.1,2668.9,3260
2026-02-20 17:00:00+01:00,2669.0,2674.4,2665.9,2672.7,2665
2026-02-20 17:10:00+01:00,2672.9,2677.6,2663.7,2669.4,3283
2026-02-20 17:20:00+01:00,2669.4,2669.6,2659.2,2659.2,3143
2026-02-20 17:30:00+01:00,2659.1,2666.5,2657.2,2665.7,3032
2026-02-20 17:40:00+01:00,2666.1,2669.5,2664.4,2668.4,1960
2026-02-20 17:50:00+01:00,2668.3,2671.8,2666.9,2669.0,1614
2026-02-20 18:00:00+01:00,2669.2,2671.1,2660.5,2660.6,1882
2026-02-20 18:10:00+01:00,2660.8,2660.8,2646.2,2646.6,4065
2026-02-20 18:20:00+01:00,2646.3,2649.1,2643.5,2647.2,3027
2026-02-20 18:30:00+01:00,2646.8,2653.9,2646.2,2653.4,2649
2026-02-20 18:40:00+01:00,2653.3,2659.3,2649.6,2658.8,2259
2026-02-20 18:50:00+01:00,2658.9,2664.3,2655.0,2663.3,3379
2026-02-20 19:00:00+01:00,2663.2,2665.8,2660.6,2661.8,1741
2026-02-20 19:10:00+01:00,2661.7,2661.9,2656.6,2658.0,1111
2026-02-20 19:20:00+01:00,2658.1,2659.2,2651.1,2654.9,3550
2026-02-20 19:30:00+01:00,2655.1,2667.5,2651.6,2663.8,7414
2026-02-20 19:40:00+01:00,2663.8,2678.0,2663.5,2672.8,4004
2026-02-20 19:50:00+01:00,2672.9,2678.8,2668.8,2677.0,2306
2026-02-20 20:00:00+01:00,2677.1,2679.3,2672.8,2673.5,1560
2026-02-20 20:10:00+01:00,2673.7,2674.2,2666.3,2667.5,1334
2026-02-20 20:20:00+01:00,2668.0,2669.9,2663.1,2665.3,1496
2026-02-20 20:30:00+01:00,2665.2,2667.9,2664.3,2664.8,1052
2026-02-20 20:40:00+01:00,2664.7,2666.6,2658.1,2659.3,1341
2026-02-20 20:50:00+01:00,2659.5,2662.2,2656.1,2657.0,1307
2026-02-20 21:00:00+01:00,2657.0,2664.8,2656.6,2662.9,1641
2026-02-20 21:10:00+01:00,2662.9,2665.3,2660.9,2662.4,898
2026-02-20 21:20:00+01:00,2662.0,2664.6,2661.0,2663.2,653
2026-02-20 21:30:00+01:00,2663.1,2666.0,2662.8,2665.4,1545
2026-02-20 21:40:00+01:00,2665.5,2667.8,2664.4,2664.7,1025
2026-02-20 21:50:00+01:00,2664.9,2669.7,2663.4,2669.0,2125
2026-02-20 22:00:00+01:00,2669.0,2671.4,2667.9,2670.6,926
2026-02-20 22:10:00+01:00,2670.4,2671.4,2669.5,2669.8,303
2026-02-20 22:20:00+01:00,2670.0,2670.5,2668.9,2669.1,235
2026-02-20 22:30:00+01:00,2669.0,2669.8,2668.3,2669.3,194
2026-02-20 22:40:00+01:00,2669.3,2669.7,2668.8,2669.0,175
2026-02-20 22:50:00+01:00,2669.2,2670.0,2668.4,2668.9,233
2026-02-23 00:00:00+01:00,2664.6,2668.0,2660.2,2660.5,525
2026-02-23 00:10:00+01:00,2660.7,2664.0,2660.7,2661.9,263
2026-02-23 00:20:00+01:00,2661.6,2661.8,2657.0,2657.9,528
2026-02-23 00:30:00+01:00,2657.7,2659.5,2656.7,2656.7,402
2026-02-23 00:40:00+01:00,2656.7,2658.4,2655.3,2657.7,448
2026-02-23 00:50:00+01:00,2657.7,2660.0,2657.0,2659.6,238
2026-02-23 01:00:00+01:00,2659.1,2659.3,2656.0,2656.6,452
2026-02-23 01:10:00+01:00,2656.3,2656.7,2654.0,2654.1,365
2026-02-23 01:20:00+01:00,2654.2,2654.2,2650.0,2651.8,513
2026-02-23 01:30:00+01:00,2651.7,2652.4,2649.2,2650.4,415
2026-02-23 01:40:00+01:00,2650.4,2651.4,2648.6,2649.3,314
2026-02-23 01:50:00+01:00,2649.1,2650.3,2645.2,2645.7,478
2026-02-23 02:00:00+01:00,2645.9,2646.2,2642.8,2646.0,763
2026-02-23 02:10:00+01:00,2646.2,2647.5,2644.7,2647.2,300
2026-02-23 02:20:00+01:00,2647.3,2648.9,2646.1,2646.6,460
2026-02-23 02:30:00+01:00,2646.5,2647.0,2644.3,2645.6,312
2026-02-23 02:40:00+01:00,2646.0,2647.4,2644.3,2646.6,249
2026-02-23 02:50:00+01:00,2646.6,2646.6,2641.3,2641.3,620
2026-02-23 03:00:00+01:00,2641.2,2644.1,2640.3,2643.2,425
2026-02-23 03:10:00+01:00,2643.0,2643.3,2640.4,2641.5,422
2026-02-23 03:20:00+01:00,2641.6,2644.8,2641.6,2644.5,337
2026-02-23 03:30:00+01:00,2644.0,2644.8,2643.0,2643.5,188
2026-02-23 03:50:00+01:00,2643.5,2643.7,2642.3,2642.8,76
2026-02-23 04:00:00+01:00,2642.9,2643.6,2642.0,2643.0,216
2026-02-23 04:10:00+01:00,2642.7,2642.8,2641.0,2641.3,101
2026-02-23 04:20:00+01:00,2641.3,2642.0,2640.2,2642.0,184
2026-02-23 04:30:00+01:00,2642.2,2642.6,2639.6,2640.9,269
2026-02-23 04:40:00+01:00,2640.8,2642.2,2640.8,2641.6,96
2026-02-23 04:50:00+01:00,2641.5,2642.2,2641.2,2641.7,65
2026-02-23 05:00:00+01:00,2641.7,2642.5,2641.1,2642.2,134
2026-02-23 05:10:00+01:00,2642.2,2642.8,2641.2,2641.9,76
2026-02-23 05:20:00+01:00,2642.0,2642.0,2640.6,2641.4,50
2026-02-23 05:40:00+01:00,2640.3,2640.5,2639.3,2640.0,108
2026-02-23 05:50:00+01:00,2640.0,2641.1,2640.0,2640.5,66
2026-02-23 06:10:00+01:00,2639.5,2640.3,2639.4,2639.9,48
2026-02-23 06:20:00+01:00,2640.0,2641.2,2639.6,2641.0,90
2026-02-23 06:40:00+01:00,2641.5,2641.9,2640.9,2640.9,61
2026-02-23 06:50:00+01:00,2640.8,2642.0,2640.8,2641.9,58
2026-02-23 07:00:00+01:00,2641.8,2641.8,2641.1,2641.4,52
2026-02-23 07:10:00+01:00,2641.3,2642.0,2641.1,2641.6,96
2026-02-23 07:30:00+01:00,2641.0,2643.5,2640.9,2642.6,141
2026-02-23 08:00:00+01:00,2643.2,2645.2,2643.0,2644.6,322
2026-02-23 08:10:00+01:00,2644.5,2645.9,2644.4,2645.1,278
2026-02-23 08:20:00+01:00,2645.0,2645.3,2643.8,2644.3,181
2026-02-23 08:30:00+01:00,2644.2,2645.4,2643.5,2645.2,101
2026-02-23 08:40:00+01:00,2645.4,2646.3,2645.0,2645.8,142
2026-02-23 08:50:00+01:00,2645.9,2646.0,2645.0,2645.7,55
2026-02-23 09:00:00+01:00,2645.7,2647.7,2645.6,2646.7,220
2026-02-23 09:10:00+01:00,2646.7,2648.2,2646.3,2647.2,126
2026-02-23 09:20:00+01:00,2647.3,2648.6,2647.1,2648.1,118
2026-02-23 09:30:00+01:00,2648.4,2649.3,2648.3,2649.2,124
2026-02-23 09:40:00+01:00,2649.1,2649.8,2646.0,2649.6,115
2026-02-23 10:00:00+01:00,2651.1,2654.7,2651.1,2654.1,331
2026-02-23 10:10:00+01:00,2653.9,2656.4,2653.9,2655.8,267
2026-02-23 10:20:00+01:00,2655.7,2656.3,2654.8,2655.0,181
2026-02-23 10:30:00+01:00,2655.1,2656.9,2654.4,2655.7,219
2026-02-23 10:40:00+01:00,2655.7,2657.2,2655.6,2656.1,118
2026-02-23 10:50:00+01:00,2655.9,2656.6,2655.4,2655.9,128
2026-02-23 11:00:00+01:00,2655.8,2657.1,2655.8,2656.5,86
2026-02-23 11:20:00+01:00,2656.5,2656.7,2652.8,2655.7,1334
2026-02-23 11:30:00+01:00,2655.5,2656.8,2654.8,2656.8,123
2026-02-23 11:40:00+01:00,2656.6,2658.3,2656.5,2656.9,178
2026-02-23 11:50:00+01:00,2656.5,2656.8,2655.9,2656.4,142
2026-02-23 12:00:00+01:00,2656.5,2657.9,2656.0,2657.6,185
2026-02-23 12:10:00+01:00,2657.4,2658.8,2657.0,2658.6,133
2026-02-23 12:20:00+01:00,2658.5,2658.5,2656.8,2657.7,110
2026-02-23 12:30:00+01:00,2657.4,2658.0,2656.2,2657.1,167
2026-02-23 12:40:00+01:00,2656.8,2658.9,2655.4,2655.5,248
2026-02-23 12:50:00+01:00,2655.3,2655.5,2652.8,2654.4,367
2026-02-23 13:00:00+01:00,2654.7,2656.3,2653.3,2654.6,440
2026-02-23 13:10:00+01:00,2654.6,2654.6,2650.8,2651.3,255
2026-02-23 13:20:00+01:00,2651.5,2651.8,2649.4,2649.9,183
2026-02-23 13:30:00+01:00,2650.0,2650.1,2647.2,2648.5,389
2026-02-23 13:40:00+01:00,2648.4,2651.7,2647.6,2649.9,282
2026-02-23 13:50:00+01:00,2650.0,2651.3,2649.2,2650.6,208
2026-02-23 14:00:00+01:00,2650.4,2652.9,2648.8,2652.8,425
2026-02-23 14:10:00+01:00,2652.6,2653.2,2651.9,2652.5,143
2026-02-23 14:20:00+01:00,2653.0,2654.9,2652.7,2653.6,405
2026-02-23 14:30:00+01:00,2653.6,2655.2,2651.9,2653.9,323
2026-02-23 14:40:00+01:00,2654.2,2655.9,2654.1,2654.8,454
2026-02-23 14:50:00+01:00,2654.7,2655.3,2653.0,2654.4,296
2026-02-23 15:00:00+01:00,2654.2,2654.5,2652.9,2653.3,215
2026-02-23 15:10:00+01:00,2653.5,2655.4,2653.1,2653.5,243
2026-02-23 15:20:00+01:00,2653.5,2657.0,2653.1,2656.5,959
2026-02-23 15:30:00+01:00,2656.5,2666.2,2649.3,2662.3,9981
2026-02-23 15:40:00+01:00,2662.1,2662.2,2648.6,2649.0,5833
2026-02-23 15:50:00+01:00,2648.7,2657.6,2639.9,2642.1,5230
2026-02-23 16:00:00+01:00,2641.7,2644.0,2625.5,2627.7,8349
2026-02-23 16:10:00+01:00,2627.8,2632.6,2620.5,2622.0,5319
2026-02-23 16:20:00+01:00,2621.9,2626.7,2617.9,2621.6,4548
2026-02-23 16:30:00+01:00,2621.8,2628.8,2620.5,2623.7,4083
2026-02-23 16:40:00+01:00,2623.6,2624.1,2616.7,2618.6,2641
2026-02-23 16:50:00+01:00,2618.7,2620.9,2613.6,2614.4,2975
2026-02-23 17:00:00+01:00,2614.3,2616.5,2610.3,2611.7,3198
2026-02-23 17:10:00+01:00,2611.8,2614.9,2606.4,2613.7,3788
2026-02-23 17:20:00+01:00,2613.8,2616.6,2610.3,2616.3,2698
2026-02-23 17:30:00+01:00,2616.3,2618.0,2612.7,2614.2,2117
2026-02-23 17:40:00+01:00,2614.0,2614.9,2608.6,2610.6,1975
2026-02-23 17:50:00+01:00,2610.3,2612.8,2609.2,2611.5,1447
2026-02-23 18:00:00+01:00,2611.4,2613.6,2608.9,2610.0,1903
2026-02-23 18:10:00+01:00,2609.6,2611.9,2607.8,2609.5,1406
2026-02-23 18:20:00+01:00,2609.6,2610.8,2606.3,2606.6,1124
2026-02-23 18:30:00+01:00,2606.3,2607.5,2602.8,2603.0,1723
2026-02-23 18:40:00+01:00,2603.0,2608.4,2602.8,2605.0,1321
2026-02-23 18:50:00+01:00,2605.0,2613.1,2604.6,2611.9,2042
2026-02-23 19:00:00+01:00,2611.9,2617.2,2611.0,2617.1,1681
2026-02-23 19:10:00+01:00,2617.2,2622.1,2616.5,2620.4,2098
2026-02-23 19:20:00+01:00,2620.7,2625.6,2620.2,2625.2,1423
2026-02-23 19:30:00+01:00,2625.2,2629.4,2622.5,2623.6,2167
2026-02-23 19:40:00+01:00,2623.7,2626.4,2621.6,2625.3,1441
2026-02-23 19:50:00+01:00,2625.3,2625.3,2619.5,2620.3,1256
2026-02-23 20:00:00+01:00,2620.6,2621.8,2619.7,2621.8,1243
2026-02-23 20:10:00+01:00,2621.9,2622.1,2617.8,2618.5,1006
2026-02-23 20:20:00+01:00,2618.5,2619.5,2615.5,2616.2,958
2026-02-23 20:30:00+01:00,2616.0,2619.3,2615.9,2617.8,790
2026-02-23 20:40:00+01:00,2618.1,2618.6,2615.5,2617.5,965
2026-02-23 20:50:00+01:00,2618.2,2623.8,2616.7,2620.7,1699
2026-02-23 21:00:00+01:00,2620.4,2623.4,2618.3,2619.4,1110
2026-02-23 21:10:00+01:00,2619.4,2621.7,2616.7,2619.3,835
2026-02-23 21:20:00+01:00,2619.4,2621.6,2618.3,2620.9,771
2026-02-23 21:30:00+01:00,2620.8,2625.6,2620.5,2623.6,2320
2026-02-23 21:40:00+01:00,2624.3,2626.4,2621.5,2626.0,901
2026-02-23 21:50:00+01:00,2626.0,2627.2,2620.4,2626.9,3195
2026-02-23 22:00:00+01:00,2627.0,2628.7,2625.2,2628.5,864
2026-02-23 22:10:00+01:00,2628.7,2629.5,2627.6,2628.6,366
2026-02-23 22:20:00+01:00,2628.4,2629.0,2627.6,2628.3,184
2026-02-23 22:30:00+01:00,2628.5,2630.0,2628.4,2629.6,182
2026-02-23 22:40:00+01:00,2629.5,2630.7,2629.5,2630.7,130
2026-02-23 22:50:00+01:00,2630.8,2632.1,2630.0,2631.8,329
2026-02-24 00:00:00+01:00,2631.1,2633.0,2628.4,2631.4,469
2026-02-24 00:10:00+01:00,2631.3,2631.7,2629.3,2629.9,226
2026-02-24 00:30:00+01:00,2630.9,2632.2,2630.8,2631.7,196
2026-02-24 00:40:00+01:00,2631.8,2632.0,2629.7,2629.9,218
2026-02-24 00:50:00+01:00,2629.6,2629.8,2627.9,2627.9,258
2026-02-24 01:00:00+01:00,2628.1,2629.6,2626.4,2626.6,527
2026-02-24 01:10:00+01:00,2626.6,2630.1,2626.6,2630.0,292
2026-02-24 01:20:00+01:00,2630.0,2630.3,2627.1,2628.0,185
2026-02-24 01:30:00+01:00,2627.9,2628.4,2626.6,2628.3,121
2026-02-24 01:40:00+01:00,2628.4,2630.4,2628.4,2630.2,160
2026-02-24 01:50:00+01:00,2630.3,2630.9,2628.5,2629.6,127
2026-02-24 02:00:00+01:00,2629.5,2629.7,2627.1,2628.2,141
2026-02-24 02:10:00+01:00,2628.0,2628.6,2626.2,2627.9,133
2026-02-24 02:20:00+01:00,2627.7,2629.4,2627.7,2628.7,115
2026-02-24 02:30:00+01:00,2628.3,2629.6,2626.8,2627.7,208
2026-02-24 02:40:00+01:00,2627.7,2629.3,2626.7,2627.2,106
2026-02-24 02:50:00+01:00,2627.9,2628.4,2627.1,2628.2,76
2026-02-24 03:00:00+01:00,2628.2,2628.8,2627.3,2628.0,85
2026-02-24 03:20:00+01:00,2629.8,2631.7,2629.4,2631.5,228
2026-02-24 03:30:00+01:00,2631.4,2631.9,2630.8,2631.4,147
2026-02-24 03:40:00+01:00,2631.3,2631.4,2629.9,2630.6,104
2026-02-24 03:50:00+01:00,2630.7,2631.0,2630.2,2630.8,58
2026-02-24 04:00:00+01:00,2630.8,2631.6,2630.8,2631.2,108
2026-02-24 04:20:00+01:00,2631.4,2632.0,2631.2,2631.6,171
2026-02-24 04:30:00+01:00,2631.5,2631.7,2631.0,2631.7,48
2026-02-24 05:00:00+01:00,2631.8,2632.1,2631.5,2632.0,54
2026-02-24 05:40:00+01:00,2631.5,2632.5,2631.4,2632.2,78
2026-02-24 06:00:00+01:00,2632.1,2633.3,2631.4,2633.2,94
2026-02-24 06:10:00+01:00,2633.3,2633.6,2631.4,2631.6,142
2026-02-24 06:20:00+01:00,2631.8,2631.8,2630.9,2631.5,61
2026-02-24 06:40:00+01:00,2631.0,2631.3,2629.9,2630.1,74
2026-02-24 06:50:00+01:00,2629.9,2630.7,2629.3,2630.6,139
2026-02-24 07:00:00+01:00,2630.5,2631.0,2630.4,2630.8,94
2026-02-24 07:30:00+01:00,2629.7,2630.9,2628.8,2630.9,99
2026-02-24 07:40:00+01:00,2630.9,2632.0,2630.5,2632.0,90
2026-02-24 08:00:00+01:00,2631.5,2635.3,2631.5,2635.0,346
2026-02-24 08:20:00+01:00,2634.2,2634.9,2633.6,2634.5,149
2026-02-24 08:30:00+01:00,2634.5,2635.1,2632.8,2632.8,87
2026-02-24 08:40:00+01:00,2632.9,2633.4,2631.9,2632.2,104
2026-02-24 08:50:00+01:00,2632.5,2633.1,2631.2,2631.6,119
2026-02-24 09:00:00+01:00,2631.7,2632.1,2627.5,2628.2,417
2026-02-24 09:10:00+01:00,2628.7,2631.1,2626.6,2628.5,425
2026-02-24 09:20:00+01:00,2628.5,2632.0,2627.9,2630.9,219
2026-02-24 09:30:00+01:00,2631.0,2631.9,2627.4,2628.6,146
2026-02-24 09:40:00+01:00,2628.5,2628.6,2625.6,2625.7,182
2026-02-24 09:50:00+01:00,2625.7,2628.0,2624.8,2627.5,317
2026-02-24 10:00:00+01:00,2627.5,2631.1,2627.3,2630.8,250
2026-02-24 10:10:00+01:00,2630.8,2633.1,2630.3,2631.2,221
2026-02-24 10:20:00+01:00,2631.4,2631.7,2630.6,2631.1,149
2026-02-24 10:30:00+01:00,2630.8,2631.0,2627.9,2630.6,147
2026-02-24 10:40:00+01:00,2630.9,2632.2,2630.8,2631.5,87
2026-02-24 11:00:00+01:00,2632.2,2633.9,2632.1,2632.3,159
2026-02-24 11:10:00+01:00,2632.7,2632.7,2631.2,2632.4,73
2026-02-24 11:20:00+01:00,2632.3,2632.5,2631.8,2632.2,49
2026-02-24 11:30:00+01:00,2632.3,2632.5,2630.9,2630.9,67
2026-02-24 12:00:00+01:00,2632.1,2633.0,2632.0,2632.0,163
2026-02-24 12:20:00+01:00,2630.7,2630.7,2629.3,2629.7,92
2026-02-24 12:40:00+01:00,2629.4,2631.1,2629.1,2629.7,83
2026-02-24 12:50:00+01:00,2630.2,2631.2,2629.8,2631.2,73
2026-02-24 13:00:00+01:00,2631.0,2633.1,2630.2,2632.2,396
2026-02-24 13:10:00+01:00,2632.4,2632.9,2629.8,2630.8,170
2026-02-24 13:20:00+01:00,2630.7,2631.0,2629.3,2629.3,172
2026-02-24 13:30:00+01:00,2629.1,2630.1,2627.1,2627.2,260
2026-02-24 13:40:00+01:00,2627.0,2627.0,2623.1,2623.3,531
2026-02-24 13:50:00+01:00,2623.4,2627.8,2623.4,2626.8,298
2026-02-24 14:00:00+01:00,2627.4,2629.3,2627.2,2629.1,338
2026-02-24 14:10:00+01:00,2628.8,2629.3,2626.4,2627.6,240
2026-02-24 14:20:00+01:00,2627.4,2629.6,2626.5,2629.4,327
2026-02-24 14:30:00+01:00,2629.4,2630.7,2627.2,2627.3,215
2026-02-24 14:40:00+01:00,2626.9,2631.1,2626.5,2630.2,291
2026-02-24 14:50:00+01:00,2630.2,2632.1,2630.0,2630.5,235
2026-02-24 15:00:00+01:00,2630.4,2631.3,2628.9,2629.1,341
2026-02-24 15:10:00+01:00,2628.9,2629.6,2626.6,2626.9,385
2026-02-24 15:20:00+01:00,2626.7,2626.8,2622.4,2625.4,1039
2026-02-24 15:30:00+01:00,2625.6,2637.2,2620.2,2635.5,8111
2026-02-24 15:40:00+01:00,2635.5,2650.2,2634.2,2647.5,7340
2026-02-24 15:50:00+01:00,2647.6,2649.3,2640.8,2643.5,4080
2026-02-24 16:00:00+01:00,2643.4,2647.0,2638.9,2646.0,4043
2026-02-24 16:10:00+01:00,2646.0,2650.4,2641.6,2648.5,3355
2026-02-24 16:20:00+01:00,2648.6,2660.5,2648.1,2660.0,4509
2026-02-24 16:30:00+01:00,2659.9,2663.5,2654.8,2655.6,3628
2026-02-24 16:40:00+01:00,2655.4,2655.5,2650.4,2651.4,2120
2026-02-24 16:50:00+01:00,2651.4,2651.5,2646.0,2648.6,2238
2026-02-24 17:00:00+01:00,2648.6,2651.1,2646.1,2649.1,1737
2026-02-24 17:10:00+01:00,2648.9,2653.5,2647.5,2649.0,1835
2026-02-24 17:20:00+01:00,2649.0,2649.0,2644.9,2647.6,1433
2026-02-24 17:30:00+01:00,2647.6,2647.9,2641.0,2646.0,2197
2026-02-24 17:40:00+01:00,2645.8,2648.9,2641.5,2643.6,1375
2026-02-24 17:50:00+01:00,2643.5,2649.5,2642.3,2648.5,1201
2026-02-24 18:00:00+01:00,2648.5,2651.3,2647.3,2651.3,1226
2026-02-24 18:10:00+01:00,2651.3,2653.8,2650.8,2652.1,1086
2026-02-24 18:20:00+01:00,2651.9,2654.2,2651.8,2652.5,814
2026-02-24 18:30:00+01:00,2652.8,2654.0,2651.6,2653.1,491
2026-02-24 18:40:00+01:00,2653.1,2655.9,2652.4,2654.9,804
2026-02-24 18:50:00+01:00,2654.8,2655.5,2653.0,2654.6,421
2026-02-24 19:00:00+01:00,2654.5,2656.7,2654.0,2654.3,662
2026-02-24 19:10:00+01:00,2654.5,2655.2,2653.6,2653.9,453
2026-02-24 19:20:00+01:00,2653.7,2654.2,2652.3,2653.9,514
2026-02-24 19:30:00+01:00,2654.1,2657.4,2653.8,2657.1,747
2026-02-24 19:40:00+01:00,2657.0,2659.2,2656.5,2659.1,576
2026-02-24 19:50:00+01:00,2659.2,2660.1,2655.9,2657.9,938
2026-02-24 20:00:00+01:00,2657.9,2659.4,2655.8,2656.6,724
2026-02-24 20:10:00+01:00,2656.6,2657.1,2654.2,2655.2,716
2026-02-24 20:20:00+01:00,2655.1,2656.6,2653.6,2655.3,1032
2026-02-24 20:30:00+01:00,2655.1,2657.4,2654.8,2656.5,541
2026-02-24 20:40:00+01:00,2656.6,2658.6,2656.5,2658.4,503
2026-02-24 20:50:00+01:00,2658.3,2659.9,2655.9,2656.0,709
2026-02-24 21:00:00+01:00,2656.0,2658.1,2654.1,2654.1,616
2026-02-24 21:10:00+01:00,2654.2,2654.5,2651.8,2653.9,895
2026-02-24 21:20:00+01:00,2654.1,2655.3,2649.6,2650.1,942
2026-02-24 21:30:00+01:00,2650.2,2655.0,2650.2,2654.5,943
2026-02-24 21:40:00+01:00,2654.6,2657.0,2653.7,2656.4,615
2026-02-24 21:50:00+01:00,2656.6,2659.3,2654.3,2654.8,2103
2026-02-24 22:00:00+01:00,2655.0,2655.2,2653.2,2653.8,559
2026-02-24 22:10:00+01:00,2653.5,2654.7,2653.1,2654.2,257
2026-02-24 22:20:00+01:00,2654.2,2655.0,2654.1,2654.9,94
2026-02-24 22:30:00+01:00,2655.0,2655.4,2654.3,2655.4,109
2026-02-24 22:40:00+01:00,2655.2,2655.7,2654.2,2655.1,214
2026-02-24 22:50:00+01:00,2654.7,2655.2,2654.0,2654.3,604
2026-02-25 00:00:00+01:00,2653.6,2656.1,2652.8,2653.3,180
2026-02-25 00:20:00+01:00,2654.4,2655.1,2653.6,2654.6,47
2026-02-25 00:30:00+01:00,2654.6,2655.7,2653.6,2655.3,233
2026-02-25 01:00:00+01:00,2655.0,2655.2,2653.6,2654.0,111
2026-02-25 01:30:00+01:00,2654.0,2654.7,2652.7,2654.3,121
2026-02-25 01:40:00+01:00,2654.3,2656.6,2654.3,2656.5,164
2026-02-25 02:00:00+01:00,2656.2,2656.9,2655.0,2656.3,259
2026-02-25 02:10:00+01:00,2656.0,2657.8,2655.7,2656.8,273
2026-02-25 02:20:00+01:00,2656.9,2657.1,2655.6,2656.7,206
2026-02-25 02:30:00+01:00,2656.3,2658.3,2655.8,2658.0,129
2026-02-25 02:40:00+01:00,2658.0,2658.9,2657.5,2658.3,144
2026-02-25 02:50:00+01:00,2658.0,2658.9,2657.7,2658.4,78
2026-02-25 03:00:00+01:00,2658.6,2659.4,2657.7,2658.1,143
2026-02-25 03:10:00+01:00,2658.1,2659.1,2658.0,2659.1,112
2026-02-25 03:20:00+01:00,2659.1,2659.7,2658.5,2659.1,122
2026-02-25 03:30:00+01:00,2659.3,2660.1,2658.8,2659.0,86
2026-02-25 03:40:00+01:00,2658.7,2659.4,2658.4,2658.6,102
2026-02-25 03:50:00+01:00,2658.4,2660.3,2657.9,2660.2,149
2026-02-25 04:00:00+01:00,2660.2,2660.6,2657.6,2657.7,181
2026-02-25 04:10:00+01:00,2657.6,2658.5,2656.3,2656.9,159
2026-02-25 04:20:00+01:00,2656.9,2657.1,2655.5,2656.3,123
2026-02-25 04:30:00+01:00,2656.4,2657.0,2649.8,2654.0,1007
2026-02-25 04:40:00+01:00,2654.2,2657.7,2654.2,2657.0,181
2026-02-25 05:00:00+01:00,2658.4,2658.5,2656.4,2656.4,165
2026-02-25 05:10:00+01:00,2656.2,2656.2,2655.0,2655.3,116
2026-02-25 05:20:00+01:00,2655.4,2657.7,2655.4,2657.7,63
2026-02-25 05:30:00+01:00,2657.7,2658.8,2657.7,2658.5,47
2026-02-25 05:40:00+01:00,2658.6,2658.8,2657.9,2658.1,65
2026-02-25 06:00:00+01:00,2657.5,2658.9,2657.1,2658.8,94
2026-02-25 06:10:00+01:00,2659.2,2659.2,2656.9,2656.9,66
2026-02-25 06:40:00+01:00,2656.9,2657.6,2656.1,2657.3,76
2026-02-25 07:00:00+01:00,2656.5,2656.5,2655.6,2656.3,124
2026-02-25 07:20:00+01:00,2657.0,2658.7,2656.7,2657.2,46
2026-02-25 07:50:00+01:00,2657.0,2657.1,2656.5,2656.8,55
2026-02-25 08:00:00+01:00,2657.0,2657.9,2656.4,2657.6,127
2026-02-25 08:10:00+01:00,2657.9,2658.2,2656.5,2656.6,133
2026-02-25 08:20:00+01:00,2656.8,2657.6,2656.6,2657.4,48
2026-02-25 08:30:00+01:00,2657.4,2657.6,2655.6,2656.4,91
2026-02-25 08:40:00+01:00,2656.5,2656.9,2655.9,2656.8,79
2026-02-25 08:50:00+01:00,2657.0,2657.4,2656.3,2656.8,111
2026-02-25 09:00:00+01:00,2656.8,2661.5,2656.7,2658.8,302
2026-02-25 09:10:00+01:00,2659.4,2661.3,2658.6,2661.3,94
2026-02-25 09:20:00+01:00,2661.6,2663.3,2661.5,2662.0,184
2026-02-25 09:30:00+01:00,2662.4,2663.0,2661.1,2662.4,97
2026-02-25 09:40:00+01:00,2663.0,2665.1,2662.7,2665.1,162
2026-02-25 09:50:00+01:00,2664.7,2665.4,2662.6,2665.0,239
2026-02-25 10:00:00+01:00,2664.9,2665.9,2662.9,2664.0,315
2026-02-25 10:20:00+01:00,2665.0,2666.0,2663.3,2664.0,124
2026-02-25 10:30:00+01:00,2664.2,2665.2,2663.7,2665.1,57
2026-02-25 10:40:00+01:00,2665.0,2666.7,2664.9,2665.9,132
2026-02-25 10:50:00+01:00,2666.2,2667.3,2665.6,2667.0,142
2026-02-25 11:00:00+01:00,2667.2,2667.6,2665.0,2665.0,130
2026-02-25 11:10:00+01:00,2665.1,2665.2,2663.7,2663.8,82
2026-02-25 11:20:00+01:00,2663.9,2665.0,2663.8,2664.6,120
2026-02-25 11:40:00+01:00,2666.3,2667.1,2666.3,2666.6,88
2026-02-25 12:00:00+01:00,2665.5,2666.0,2665.0,2665.6,94
2026-02-25 12:20:00+01:00,2665.3,2667.0,2665.0,2666.8,54
2026-02-25 12:40:00+01:00,2668.5,2669.4,2667.9,2668.5,184
2026-02-25 12:50:00+01:00,2668.5,2670.4,2668.1,2670.2,277
2026-02-25 13:00:00+01:00,2669.9,2672.1,2669.9,2671.3,302
2026-02-25 13:10:00+01:00,2671.6,2672.6,2670.6,2672.1,186
2026-02-25 13:20:00+01:00,2672.1,2673.8,2671.9,2672.1,330
2026-02-25 13:30:00+01:00,2672.0,2673.3,2670.7,2672.8,164
2026-02-25 13:40:00+01:00,2672.9,2674.0,2672.5,2673.0,268
2026-02-25 13:50:00+01:00,2672.7,2674.9,2672.5,2673.6,280
2026-02-25 14:00:00+01:00,2673.1,2674.2,2672.6,2673.4,130
2026-02-25 14:10:00+01:00,2673.5,2673.6,2672.6,2672.7,151
2026-02-25 14:20:00+01:00,2672.7,2673.0,2671.6,2672.7,202
2026-02-25 14:30:00+01:00,2672.6,2672.7,2669.6,2669.8,575
2026-02-25 14:40:00+01:00,2669.7,2670.1,2667.8,2668.3,431
2026-02-25 14:50:00+01:00,2668.4,2672.3,2667.4,2672.0,666
2026-02-25 15:00:00+01:00,2672.1,2676.9,2672.1,2676.5,884
2026-02-25 15:10:00+01:00,2676.8,2678.5,2674.5,2675.4,921
2026-02-25 15:20:00+01:00,2675.4,2675.7,2673.6,2674.5,606
2026-02-25 15:30:00+01:00,2674.2,2675.2,2659.1,2659.6,8186
2026-02-25 15:40:00+01:00,2659.4,2664.5,2652.7,2661.7,6251
2026-02-25 15:50:00+01:00,2661.8,2665.7,2657.1,2658.9,3381
2026-02-25 16:00:00+01:00,2659.1,2659.3,2650.5,2651.8,3865
2026-02-25 16:10:00+01:00,2651.8,2656.0,2650.5,2652.6,3182
2026-02-25 16:20:00+01:00,2652.8,2653.9,2647.6,2651.7,3289
2026-02-25 16:30:00+01:00,2651.5,2652.5,2645.7,2646.5,2485
2026-02-25 16:40:00+01:00,2647.0,2653.1,2646.8,2649.4,2357
2026-02-25 16:50:00+01:00,2650.0,2652.4,2648.4,2651.0,1554
2026-02-25 17:00:00+01:00,2650.7,2653.7,2648.4,2652.1,1898
2026-02-25 17:10:00+01:00,2652.2,2653.6,2649.5,2650.9,1029
2026-02-25 17:20:00+01:00,2651.1,2658.5,2649.8,2658.1,1968
2026-02-25 17:30:00+01:00,2658.0,2660.4,2657.0,2658.8,1652
2026-02-25 17:40:00+01:00,2658.9,2662.7,2658.2,2662.2,1143
2026-02-25 17:50:00+01:00,2662.1,2667.0,2661.9,2665.0,2104
2026-02-25 18:00:00+01:00,2664.9,2665.9,2661.7,2664.3,1774
2026-02-25 18:10:00+01:00,2664.0,2667.6,2663.7,2666.7,1240
2026-02-25 18:20:00+01:00,2666.9,2667.2,2663.3,2663.9,929
2026-02-25 18:30:00+01:00,2663.8,2666.2,2662.8,2665.6,1047
2026-02-25 18:40:00+01:00,2665.7,2667.4,2665.0,2666.6,840
2026-02-25 18:50:00+01:00,2666.8,2669.7,2666.3,2669.6,728
2026-02-25 19:00:00+01:00,2669.6,2671.5,2668.9,2670.5,868
2026-02-25 19:10:00+01:00,2670.6,2671.1,2667.3,2667.6,877
2026-02-25 19:20:00+01:00,2667.6,2668.0,2665.5,2667.6,618
2026-02-25 19:30:00+01:00,2667.8,2668.8,2666.4,2666.9,541
2026-02-25 19:40:00+01:00,2667.0,2669.6,2667.0,2669.2,382
2026-02-25 19:50:00+01:00,2669.4,2670.3,2668.1,2668.3,392
2026-02-25 20:00:00+01:00,2668.4,2669.7,2667.2,2668.0,604
2026-02-25 20:10:00+01:00,2667.7,2668.2,2666.0,2667.3,839
2026-02-25 20:20:00+01:00,2667.0,2668.5,2666.2,2668.1,785
2026-02-25 20:30:00+01:00,2668.2,2671.7,2667.8,2671.3,1072
2026-02-25 20:40:00+01:00,2671.3,2674.0,2671.1,2673.5,828
2026-02-25 20:50:00+01:00,2673.7,2674.4,2672.1,2673.4,844
2026-02-25 21:00:00+01:00,2673.3,2674.3,2671.6,2672.7,610
2026-02-25 21:10:00+01:00,2672.6,2672.7,2670.0,2671.2,874
2026-02-25 21:20:00+01:00,2671.0,2671.0,2666.8,2666.9,796
2026-02-25 21:30:00+01:00,2666.9,2667.7,2664.6,2665.3,1290
2026-02-25 21:40:00+01:00,2665.0,2667.0,2664.7,2666.3,1531
2026-02-25 21:50:00+01:00,2666.1,2668.6,2665.3,2667.6,2221
2026-02-25 22:00:00+01:00,2667.5,2669.5,2666.6,2668.8,668
2026-02-25 22:10:00+01:00,2668.8,2669.7,2666.4,2667.2,323
2026-02-25 22:20:00+01:00,2667.2,2669.3,2667.0,2668.9,192
2026-02-25 22:30:00+01:00,2669.1,2672.3,2666.2,2668.9,1122
2026-02-25 22:40:00+01:00,2668.7,2668.7,2666.4,2667.2,287
2026-02-25 22:50:00+01:00,2667.0,2668.3,2666.0,2667.6,269
2026-02-26 00:00:00+01:00,2666.1,2670.5,2666.1,2668.5,297
2026-02-26 00:10:00+01:00,2668.7,2670.0,2668.2,2668.8,221
2026-02-26 00:20:00+01:00,2668.8,2669.5,2668.0,2668.9,141
2026-02-26 00:30:00+01:00,2668.3,2668.3,2666.3,2667.0,317
2026-02-26 00:40:00+01:00,2667.1,2667.3,2663.0,2663.3,750
2026-02-26 00:50:00+01:00,2663.2,2663.5,2662.3,2662.6,258
2026-02-26 01:00:00+01:00,2662.6,2664.9,2662.3,2664.5,266
2026-02-26 01:10:00+01:00,2664.8,2667.3,2664.5,2666.7,172
2026-02-26 01:20:00+01:00,2666.6,2667.1,2665.9,2666.9,145
2026-02-26 01:30:00+01:00,2667.0,2667.7,2665.2,2665.2,176
2026-02-26 01:50:00+01:00,2666.1,2666.6,2665.5,2665.8,136
2026-02-26 02:00:00+01:00,2665.8,2666.0,2664.0,2664.0,138
2026-02-26 02:10:00+01:00,2664.3,2666.7,2664.3,2666.7,196
2026-02-26 02:20:00+01:00,2666.8,2667.0,2664.2,2664.2,228
2026-02-26 02:30:00+01:00,2664.0,2666.8,2663.5,2666.6,205
2026-02-26 02:40:00+01:00,2666.9,2668.9,2666.9,2668.3,210
2026-02-26 03:00:00+01:00,2668.9,2669.2,2667.3,2668.1,140
2026-02-26 03:10:00+01:00,2668.0,2668.2,2667.0,2668.0,177
2026-02-26 04:10:00+01:00,2666.3,2667.2,2666.3,2666.7,57
2026-02-26 04:50:00+01:00,2668.9,2669.0,2667.6,2667.7,45
2026-02-26 05:00:00+01:00,2667.7,2668.1,2666.9,2667.7,90
2026-02-26 05:50:00+01:00,2666.6,2667.1,2666.6,2666.8,60
2026-02-26 06:00:00+01:00,2666.8,2666.8,2664.6,2665.0,81
2026-02-26 06:10:00+01:00,2665.5,2665.6,2664.8,2665.5,60
2026-02-26 07:30:00+01:00,2665.6,2666.8,2665.3,2666.4,85
2026-02-26 07:50:00+01:00,2668.0,2668.3,2666.6,2666.6,201
2026-02-26 08:00:00+01:00,2666.6,2668.8,2666.6,2668.5,129
2026-02-26 08:10:00+01:00,2668.5,2668.8,2667.4,2668.1,165
2026-02-26 08:20:00+01:00,2668.2,2668.7,2667.1,2667.5,44
2026-02-26 08:30:00+01:00,2667.6,2668.5,2667.6,2668.0,107
2026-02-26 08:40:00+01:00,2668.1,2669.2,2667.7,2668.6,118
2026-02-26 09:00:00+01:00,2667.0,2668.4,2666.5,2667.6,132
2026-02-26 09:10:00+01:00,2667.4,2672.2,2666.8,2672.2,324
2026-02-26 09:20:00+01:00,2672.0,2672.8,2669.6,2671.0,154
2026-02-26 09:30:00+01:00,2671.1,2671.3,2669.1,2669.7,100
2026-02-26 09:40:00+01:00,2669.8,2670.1,2669.0,2669.8,72
2026-02-26 09:50:00+01:00,2669.4,2670.2,2668.1,2669.3,111
2026-02-26 10:00:00+01:00,2669.3,2669.9,2668.7,2669.5,96
2026-02-26 10:20:00+01:00,2670.7,2671.3,2670.2,2670.8,83
2026-02-26 10:30:00+01:00,2670.7,2674.9,2670.6,2674.8,172
2026-02-26 10:40:00+01:00,2674.9,2676.3,2674.8,2675.0,231
2026-02-26 10:50:00+01:00,2675.0,2675.0,2672.6,2673.5,135
2026-02-26 11:00:00+01:00,2673.5,2674.0,2672.3,2674.0,151
2026-02-26 11:10:00+01:00,2673.7,2674.0,2671.9,2672.3,73
2026-02-26 11:20:00+01:00,2672.4,2673.4,2672.1,2673.3,73
2026-02-26 11:30:00+01:00,2673.3,2674.5,2673.2,2673.9,112
2026-02-26 11:40:00+01:00,2674.0,2674.9,2673.3,2674.4,67
2026-02-26 12:00:00+01:00,2672.9,2673.8,2672.5,2673.5,84
2026-02-26 12:10:00+01:00,2673.8,2674.2,2673.1,2673.3,57
2026-02-26 12:20:00+01:00,2673.1,2673.6,2672.1,2673.6,167
2026-02-26 12:30:00+01:00,2673.4,2673.8,2672.8,2673.3,108
2026-02-26 12:40:00+01:00,2673.3,2674.0,2672.9,2673.7,98
2026-02-26 12:50:00+01:00,2674.1,2674.1,2672.3,2672.3,130
2026-02-26 13:00:00+01:00,2672.4,2672.8,2670.7,2672.6,203
2026-02-26 13:10:00+01:00,2672.7,2673.6,2672.1,2672.2,136
2026-02-26 13:20:00+01:00,2672.6,2675.9,2672.6,2675.8,245
2026-02-26 13:30:00+01:00,2675.8,2676.3,2672.9,2674.1,316
2026-02-26 13:40:00+01:00,2674.0,2676.4,2674.0,2675.5,193
2026-02-26 13:50:00+01:00,2675.5,2675.5,2673.5,2673.8,153
2026-02-26 14:00:00+01:00,2673.6,2675.4,2673.6,2674.8,152
2026-02-26 14:10:00+01:00,2674.8,2675.2,2673.6,2674.1,213
2026-02-26 14:20:00+01:00,2674.2,2674.7,2673.2,2674.1,172
2026-02-26 14:30:00+01:00,2674.1,2675.8,2673.8,2674.2,214
2026-02-26 14:40:00+01:00,2674.4,2674.9,2672.0,2674.3,390
2026-02-26 14:50:00+01:00,2674.4,2674.4,2672.1,2672.9,170
2026-02-26 15:00:00+01:00,2672.9,2674.4,2672.6,2672.8,213
2026-02-26 15:10:00+01:00,2672.7,2675.5,2672.7,2675.3,294
2026-02-26 15:20:00+01:00,2675.3,2675.6,2671.3,2671.9,660
2026-02-26 15:30:00+01:00,2671.7,2683.3,2662.9,2678.8,9004
2026-02-26 15:40:00+01:00,2678.4,2678.5,2663.3,2668.2,6432
2026-02-26 15:50:00+01:00,2668.2,2670.6,2659.8,2662.4,4665
2026-02-26 16:00:00+01:00,2662.3,2668.1,2661.1,2662.8,3935
2026-02-26 16:10:00+01:00,2662.9,2668.6,2653.2,2654.4,4619
2026-02-26 16:20:00+01:00,2654.3,2657.1,2643.7,2647.2,6240
2026-02-26 16:30:00+01:00,2646.7,2659.6,2646.1,2659.4,5111
2026-02-26 16:40:00+01:00,2659.6,2666.6,2658.7,2665.9,3784
2026-02-26 16:50:00+01:00,2665.8,2672.7,2664.6,2670.4,3955
2026-02-26 17:00:00+01:00,2670.7,2672.7,2664.0,2666.0,2877
2026-02-26 17:10:00+01:00,2665.9,2667.8,2662.7,2664.2,2143
2026-02-26 17:20:00+01:00,2664.1,2667.4,2661.9,2665.5,1924
2026-02-26 17:30:00+01:00,2665.5,2668.1,2658.9,2659.0,2141
2026-02-26 17:40:00+01:00,2659.0,2659.2,2652.4,2658.5,2717
2026-02-26 17:50:00+01:00,2658.5,2659.9,2651.3,2651.6,1691
2026-02-26 18:00:00+01:00,2651.6,2653.8,2650.1,2653.2,2001
2026-02-26 18:10:00+01:00,2653.4,2656.2,2650.8,2652.2,1496
2026-02-26 18:20:00+01:00,2652.6,2653.4,2648.7,2649.4,1105
2026-02-26 18:30:00+01:00,2649.1,2654.6,2648.5,2649.3,1720
2026-02-26 18:40:00+01:00,2649.2,2649.9,2643.1,2643.7,1590
2026-02-26 18:50:00+01:00,2643.7,2648.4,2641.8,2645.8,1789
2026-02-26 19:00:00+01:00,2645.7,2646.8,2642.2,2643.9,1657
2026-02-26 19:10:00+01:00,2644.1,2651.8,2643.8,2651.5,1960
2026-02-26 19:20:00+01:00,2651.4,2652.2,2647.4,2650.3,1474
2026-02-26 19:30:00+01:00,2650.4,2663.9,2649.7,2663.7,3840
2026-02-26 19:40:00+01:00,2663.6,2666.8,2660.3,2661.9,2008
2026-02-26 19:50:00+01:00,2661.9,2665.1,2660.8,2662.4,954
2026-02-26 20:00:00+01:00,2662.6,2667.8,2662.2,2667.3,1293
2026-02-26 20:10:00+01:00,2667.6,2673.5,2667.3,2672.7,2101
2026-02-26 20:20:00+01:00,2672.7,2675.3,2669.9,2670.7,1719
2026-02-26 20:30:00+01:00,2670.7,2675.8,2670.3,2674.9,1285
2026-02-26 20:40:00+01:00,2674.4,2679.9,2674.0,2678.8,1491
2026-02-26 20:50:00+01:00,2678.7,2678.7,2675.2,2675.8,918
2026-02-26 21:00:00+01:00,2675.6,2680.8,2675.4,2678.0,1556
2026-02-26 21:10:00+01:00,2678.1,2681.0,2676.9,2680.5,1099
2026-02-26 21:20:00+01:00,2680.5,2681.3,2678.5,2679.2,852
2026-02-26 21:30:00+01:00,2679.4,2681.6,2678.6,2680.3,1917
2026-02-26 21:40:00+01:00,2680.3,2682.8,2680.1,2682.4,714
2026-02-26 21:50:00+01:00,2682.4,2683.6,2679.9,2680.6,2343
2026-02-26 22:00:00+01:00,2680.6,2683.0,2679.2,2679.3,849
2026-02-26 22:10:00+01:00,2679.4,2680.8,2679.4,2680.3,247
2026-02-26 22:20:00+01:00,2680.3,2680.5,2679.2,2679.4,196
2026-02-26 22:30:00+01:00,2679.4,2680.0,2676.5,2676.7,311
2026-02-26 22:40:00+01:00,2677.0,2677.4,2672.8,2673.0,497
2026-02-26 22:50:00+01:00,2672.9,2673.1,2668.8,2669.2,566
2026-02-27 00:00:00+01:00,2668.4,2668.4,2655.3,2657.8,1214
2026-02-27 00:10:00+01:00,2657.9,2662.1,2657.3,2661.0,502
2026-02-27 00:20:00+01:00,2660.9,2661.1,2659.1,2660.8,178
2026-02-27 00:30:00+01:00,2660.6,2661.4,2657.0,2660.1,337
2026-02-27 00:40:00+01:00,2660.0,2660.5,2656.6,2656.8,269
2026-02-27 00:50:00+01:00,2657.4,2658.7,2657.0,2657.8,250
2026-02-27 01:00:00+01:00,2657.7,2659.7,2656.3,2659.5,466
2026-02-27 01:10:00+01:00,2659.8,2660.8,2659.2,2660.7,335
2026-02-27 01:20:00+01:00,2660.8,2661.8,2658.1,2659.2,192
2026-02-27 01:30:00+01:00,2659.1,2659.6,2652.7,2653.2,634
2026-02-27 01:40:00+01:00,2653.3,2656.9,2652.0,2656.7,393
2026-02-27 01:50:00+01:00,2656.8,2658.3,2655.3,2655.5,321
2026-02-27 02:00:00+01:00,2655.7,2657.0,2655.1,2655.2,252
2026-02-27 02:10:00+01:00,2655.4,2659.5,2655.3,2657.4,248
2026-02-27 02:20:00+01:00,2656.9,2658.3,2656.8,2657.1,158
2026-02-27 02:30:00+01:00,2656.7,2657.9,2654.8,2655.8,228
2026-02-27 02:40:00+01:00,2655.8,2655.9,2654.5,2654.7,94
2026-02-27 02:50:00+01:00,2655.0,2656.6,2655.0,2656.3,93
2026-02-27 03:00:00+01:00,2656.4,2660.1,2656.4,2659.4,250
2026-02-27 03:10:00+01:00,2659.1,2660.0,2658.0,2659.3,101
2026-02-27 03:30:00+01:00,2658.7,2658.8,2657.0,2657.3,107
2026-02-27 03:40:00+01:00,2657.4,2658.4,2656.7,2658.4,69
2026-02-27 03:50:00+01:00,2658.5,2659.7,2657.7,2659.3,104
2026-02-27 04:00:00+01:00,2659.2,2659.8,2658.9,2659.5,83
2026-02-27 04:10:00+01:00,2659.6,2660.1,2659.0,2659.2,79
2026-02-27 04:30:00+01:00,2658.9,2659.5,2658.1,2658.8,93
2026-02-27 04:40:00+01:00,2659.0,2659.8,2658.6,2659.6,52
2026-02-27 04:50:00+01:00,2659.3,2660.6,2659.0,2659.8,93
2026-02-27 05:10:00+01:00,2660.9,2660.9,2659.0,2659.1,67
2026-02-27 05:20:00+01:00,2659.1,2660.4,2658.7,2660.4,49
2026-02-27 05:40:00+01:00,2660.8,2662.0,2660.8,2661.9,71
2026-02-27 05:50:00+01:00,2662.0,2662.0,2660.2,2660.2,89
2026-02-27 06:00:00+01:00,2660.4,2662.3,2660.3,2661.3,128
2026-02-27 06:10:00+01:00,2661.2,2662.3,2660.6,2662.1,73
2026-02-27 06:20:00+01:00,2662.1,2662.7,2661.5,2662.2,81
2026-02-27 06:30:00+01:00,2662.6,2663.1,2661.0,2661.4,129
2026-02-27 07:00:00+01:00,2660.2,2661.0,2660.0,2660.3,99
2026-02-27 07:10:00+01:00,2660.6,2660.8,2657.0,2657.4,178
2026-02-27 07:20:00+01:00,2657.4,2657.7,2656.0,2657.7,112
2026-02-27 07:30:00+01:00,2657.7,2661.0,2657.7,2660.0,97
2026-02-27 08:00:00+01:00,2659.9,2661.4,2659.9,2660.9,177
2026-02-27 08:10:00+01:00,2661.2,2662.3,2660.8,2662.3,85
2026-02-27 08:20:00+01:00,2661.9,2663.3,2661.6,2662.8,128
2026-02-27 08:30:00+01:00,2662.9,2662.9,2661.8,2662.7,105
2026-02-27 08:40:00+01:00,2662.4,2663.0,2661.9,2662.6,113
2026-02-27 08:50:00+01:00,2662.8,2663.8,2662.8,2663.5,148
2026-02-27 09:00:00+01:00,2663.5,2664.2,2660.8,2661.6,265
2026-02-27 09:10:00+01:00,2661.8,2663.5,2659.9,2663.5,160
2026-02-27 09:20:00+01:00,2663.6,2665.7,2663.1,2664.9,214
2026-02-27 09:30:00+01:00,2664.9,2666.1,2661.8,2663.2,144
2026-02-27 09:40:00+01:00,2663.3,2663.4,2661.7,2662.6,94
2026-02-27 09:50:00+01:00,2662.9,2664.8,2662.4,2664.4,95
2026-02-27 10:00:00+01:00,2664.5,2665.5,2663.3,2663.3,217
2026-02-27 10:10:00+01:00,2663.1,2666.0,2663.0,2665.4,133
2026-02-27 10:20:00+01:00,2665.5,2666.3,2662.6,2664.9,671
2026-02-27 10:30:00+01:00,2665.0,2665.1,2661.4,2662.0,219
2026-02-27 10:40:00+01:00,2662.1,2662.2,2659.8,2660.8,205
2026-02-27 10:50:00+01:00,2660.8,2661.5,2660.5,2660.8,143
2026-02-27 11:00:00+01:00,2660.3,2660.8,2655.3,2656.6,363
2026-02-27 11:10:00+01:00,2656.4,2658.2,2653.1,2658.0,380
2026-02-27 11:20:00+01:00,2658.1,2659.6,2656.5,2656.8,237
2026-02-27 11:30:00+01:00,2656.9,2658.4,2655.9,2657.1,198
2026-02-27 11:40:00+01:00,2657.0,2660.2,2657.0,2658.3,202
2026-02-27 11:50:00+01:00,2658.2,2659.1,2656.8,2658.5,133
2026-02-27 12:00:00+01:00,2658.9,2658.9,2656.6,2657.0,119
2026-02-27 12:10:00+01:00,2656.9,2657.7,2655.9,2657.6,138
2026-02-27 12:20:00+01:00,2657.9,2660.0,2657.6,2659.1,260
2026-02-27 12:30:00+01:00,2658.5,2660.2,2656.1,2656.7,216
2026-02-27 12:40:00+01:00,2656.6,2656.8,2654.1,2655.3,289
2026-02-27 12:50:00+01:00,2655.5,2655.8,2653.0,2653.7,298
2026-02-27 13:00:00+01:00,2653.6,2654.7,2650.8,2654.1,601
2026-02-27 13:10:00+01:00,2654.1,2658.1,2654.0,2657.9,399
2026-02-27 13:20:00+01:00,2657.8,2659.8,2657.2,2657.5,311
2026-02-27 13:30:00+01:00,2657.6,2657.8,2652.0,2653.1,384
2026-02-27 13:40:00+01:00,2653.0,2653.1,2649.7,2650.1,419
2026-02-27 13:50:00+01:00,2650.1,2652.3,2649.4,2651.0,365
2026-02-27 14:00:00+01:00,2651.0,2652.8,2649.8,2650.5,545
2026-02-27 14:10:00+01:00,2650.6,2652.5,2646.6,2647.8,579
2026-02-27 14:20:00+01:00,2647.6,2650.0,2642.2,2644.1,753
2026-02-27 14:30:00+01:00,2644.0,2644.9,2634.1,2638.1,1831
2026-02-27 14:40:00+01:00,2638.3,2643.4,2636.0,2642.9,1501
2026-02-27 14:50:00+01:00,2643.0,2645.0,2641.3,2644.5,1030
2026-02-27 15:00:00+01:00,2644.1,2644.2,2638.0,2641.0,914
2026-02-27 15:10:00+01:00,2640.7,2643.1,2637.9,2638.3,711
2026-02-27 15:20:00+01:00,2638.4,2641.8,2637.1,2641.4,1194
2026-02-27 15:30:00+01:00,2641.3,2648.0,2634.8,2640.6,8257
2026-02-27 15:40:00+01:00,2640.6,2640.7,2622.3,2627.8,6795
2026-02-27 15:50:00+01:00,2627.6,2628.6,2619.7,2621.1,4071
2026-02-27 16:00:00+01:00,2620.9,2636.7,2618.2,2634.1,6467
2026-02-27 16:10:00+01:00,2634.2,2639.8,2624.8,2629.8,4650
2026-02-27 16:20:00+01:00,2629.7,2635.9,2628.6,2633.2,2986
2026-02-27 16:30:00+01:00,2633.5,2638.8,2627.8,2636.4,2536
2026-02-27 16:40:00+01:00,2636.4,2639.8,2633.5,2634.4,2102
2026-02-27 16:50:00+01:00,2634.7,2635.6,2629.9,2633.1,1871
2026-02-27 17:00:00+01:00,2633.0,2636.7,2629.8,2630.7,1463
2026-02-27 17:10:00+01:00,2630.9,2638.2,2630.0,2634.5,1568
2026-02-27 17:20:00+01:00,2634.5,2638.7,2632.1,2637.4,1773
2026-02-27 17:30:00+01:00,2637.3,2639.6,2634.5,2634.9,1267
2026-02-27 17:40:00+01:00,2634.8,2634.8,2627.5,2627.7,1652
2026-02-27 17:50:00+01:00,2627.6,2633.9,2627.6,2629.0,1428
2026-02-27 18:00:00+01:00,2629.0,2638.1,2628.8,2638.0,1470
2026-02-27 18:10:00+01:00,2638.1,2638.3,2624.6,2625.2,2141
2026-02-27 18:20:00+01:00,2625.2,2626.2,2620.8,2623.1,2396
2026-02-27 18:30:00+01:00,2623.0,2630.6,2621.2,2625.0,3189
2026-02-27 18:40:00+01:00,2625.1,2626.3,2621.7,2623.7,1418
2026-02-27 18:50:00+01:00,2623.6,2626.4,2622.0,2625.7,1192
2026-02-27 19:00:00+01:00,2625.5,2626.9,2622.4,2622.7,1088
2026-02-27 19:10:00+01:00,2622.7,2624.3,2620.1,2620.5,1220
2026-02-27 19:20:00+01:00,2620.5,2624.0,2618.6,2623.1,1321
2026-02-27 19:30:00+01:00,2623.4,2624.2,2619.8,2621.2,989
2026-02-27 19:40:00+01:00,2621.1,2624.3,2621.0,2622.3,625
2026-02-27 19:50:00+01:00,2622.2,2625.3,2621.1,2623.5,834
2026-02-27 20:00:00+01:00,2623.4,2627.7,2620.2,2621.9,1232
2026-02-27 20:10:00+01:00,2621.7,2623.4,2620.3,2622.0,1080
2026-02-27 20:20:00+01:00,2622.2,2623.9,2619.6,2620.1,648
2026-02-27 20:30:00+01:00,2620.2,2622.7,2618.9,2621.6,932
2026-02-27 20:40:00+01:00,2621.4,2621.9,2617.8,2618.2,1166
2026-02-27 20:50:00+01:00,2618.1,2620.9,2618.0,2618.3,719
2026-02-27 21:00:00+01:00,2618.2,2623.0,2618.2,2622.1,736
2026-02-27 21:10:00+01:00,2622.3,2629.4,2622.3,2628.5,1428
2026-02-27 21:20:00+01:00,2628.5,2634.2,2626.6,2630.6,2172
2026-02-27 21:30:00+01:00,2630.5,2633.9,2626.9,2627.9,2547
2026-02-27 21:40:00+01:00,2627.8,2631.1,2627.5,2628.6,1056
2026-02-27 21:50:00+01:00,2628.6,2635.8,2626.9,2634.5,4480
2026-02-27 22:00:00+01:00,2634.6,2634.7,2629.8,2630.2,1268
2026-02-27 22:10:00+01:00,2630.1,2630.5,2629.1,2630.0,301
2026-02-27 22:20:00+01:00,2630.0,2630.2,2628.0,2629.2,195
2026-02-27 22:30:00+01:00,2629.3,2630.2,2628.0,2628.7,209
2026-02-27 22:40:00+01:00,2628.8,2628.9,2627.2,2627.8,188
2026-02-27 22:50:00+01:00,2627.5,2629.7,2627.5,2629.2,621
2026-03-02 00:00:00+01:00,2608.9,2608.9,2590.3,2605.0,3163
2026-03-02 00:10:00+01:00,2605.1,2608.6,2598.6,2599.6,2005
2026-03-02 00:20:00+01:00,2599.6,2601.5,2595.0,2597.5,1275
2026-03-02 00:30:00+01:00,2597.6,2598.7,2594.8,2597.7,1320
2026-03-02 00:40:00+01:00,2597.9,2599.1,2595.1,2596.3,861
2026-03-02 00:50:00+01:00,2596.3,2596.5,2591.9,2593.6,873
2026-03-02 01:00:00+01:00,2593.7,2597.4,2591.4,2596.4,1163
2026-03-02 01:10:00+01:00,2596.2,2598.8,2591.7,2593.2,1146
2026-03-02 01:20:00+01:00,2593.2,2595.0,2591.5,2593.7,916
2026-03-02 01:30:00+01:00,2593.9,2595.5,2592.5,2594.6,544
2026-03-02 01:40:00+01:00,2595.0,2598.5,2594.8,2598.0,717
2026-03-02 01:50:00+01:00,2598.2,2602.5,2597.9,2602.1,642
2026-03-02 02:00:00+01:00,2601.6,2611.5,2601.3,2611.4,1188
2026-03-02 02:10:00+01:00,2611.4,2616.7,2611.4,2612.0,1921
2026-03-02 02:20:00+01:00,2612.1,2613.2,2610.5,2612.3,639
2026-03-02 02:30:00+01:00,2612.3,2615.4,2611.1,2614.7,712
2026-03-02 02:40:00+01:00,2614.6,2615.8,2612.2,2612.6,524
2026-03-02 02:50:00+01:00,2612.6,2614.2,2612.3,2613.4,409
2026-03-02 03:00:00+01:00,2613.5,2614.5,2609.8,2609.9,492
2026-03-02 03:10:00+01:00,2609.9,2610.4,2607.6,2607.9,569
2026-03-02 03:20:00+01:00,2607.6,2609.0,2605.5,2605.6,562
2026-03-02 03:30:00+01:00,2605.9,2608.8,2605.2,2608.8,484
2026-03-02 03:40:00+01:00,2608.9,2609.9,2608.2,2608.2,328
2026-03-02 03:50:00+01:00,2607.7,2607.8,2604.0,2606.3,531
2026-03-02 04:00:00+01:00,2605.9,2606.9,2603.8,2604.7,364
2026-03-02 04:10:00+01:00,2605.1,2606.2,2604.7,2606.2,131
2026-03-02 04:20:00+01:00,2606.6,2607.1,2604.5,2605.5,313
2026-03-02 04:30:00+01:00,2605.8,2605.8,2601.9,2602.6,379
2026-03-02 04:40:00+01:00,2602.5,2605.1,2602.2,2605.0,194
2026-03-02 04:50:00+01:00,2605.0,2606.1,2604.1,2604.4,232
2026-03-02 05:00:00+01:00,2604.5,2605.8,2604.0,2605.5,182
2026-03-02 05:10:00+01:00,2605.5,2606.4,2601.7,2601.9,428
2026-03-02 05:20:00+01:00,2602.1,2604.8,2599.1,2604.7,1072
2026-03-02 05:30:00+01:00,2605.0,2606.7,2604.3,2606.5,337
2026-03-02 05:40:00+01:00,2606.6,2607.7,2604.9,2605.2,235
2026-03-02 05:50:00+01:00,2605.1,2605.1,2601.4,2601.9,295
2026-03-02 06:00:00+01:00,2601.8,2602.9,2599.1,2599.5,306
2026-03-02 06:10:00+01:00,2599.7,2601.8,2599.7,2601.0,272
2026-03-02 06:20:00+01:00,2601.1,2601.6,2598.4,2599.6,251
2026-03-02 06:30:00+01:00,2599.9,2601.6,2599.7,2600.2,221
2026-03-02 06:40:00+01:00,2600.0,2600.7,2599.5,2599.9,168
2026-03-02 06:50:00+01:00,2599.5,2599.5,2594.1,2594.5,383
2026-03-02 07:00:00+01:00,2594.8,2596.8,2594.5,2596.3,325
2026-03-02 07:10:00+01:00,2596.3,2597.3,2591.3,2591.3,476
2026-03-02 07:20:00+01:00,2591.4,2594.5,2588.2,2593.9,1072
2026-03-02 07:30:00+01:00,2594.2,2594.6,2590.9,2590.9,416
2026-03-02 07:40:00+01:00,2590.5,2591.3,2585.8,2586.0,867
2026-03-02 07:50:00+01:00,2586.0,2590.1,2583.1,2590.0,1033
2026-03-02 08:00:00+01:00,2590.0,2591.1,2580.2,2581.0,1568
2026-03-02 08:10:00+01:00,2581.1,2586.7,2580.4,2583.8,1379
2026-03-02 08:20:00+01:00,2584.0,2589.1,2582.4,2586.6,1010
2026-03-02 08:30:00+01:00,2586.3,2588.0,2582.4,2584.0,817
2026-03-02 08:40:00+01:00,2584.2,2587.1,2582.1,2582.2,626
2026-03-02 08:50:00+01:00,2582.6,2584.5,2580.4,2581.5,752
2026-03-02 09:00:00+01:00,2581.6,2585.8,2579.7,2582.2,1716
2026-03-02 09:10:00+01:00,2582.0,2582.4,2573.6,2577.9,1542
2026-03-02 09:20:00+01:00,2578.2,2580.2,2573.1,2574.3,957
2026-03-02 09:30:00+01:00,2573.8,2585.1,2573.8,2584.1,1135
2026-03-02 09:40:00+01:00,2584.2,2589.5,2584.2,2589.2,1089
2026-03-02 09:50:00+01:00,2589.1,2591.2,2586.2,2586.8,794
2026-03-02 10:00:00+01:00,2586.7,2594.6,2586.4,2594.5,966
2026-03-02 10:10:00+01:00,2594.7,2598.3,2594.6,2596.9,800
2026-03-02 10:20:00+01:00,2596.9,2599.9,2596.0,2597.5,462
2026-03-02 10:30:00+01:00,2597.5,2600.3,2596.7,2597.2,559
2026-03-02 10:40:00+01:00,2597.5,2599.0,2594.7,2599.0,426
2026-03-02 10:50:00+01:00,2599.0,2600.9,2597.5,2598.9,433
2026-03-02 11:00:00+01:00,2598.8,2604.9,2598.8,2603.0,831
2026-03-02 11:10:00+01:00,2603.2,2603.2,2599.3,2600.4,470
2026-03-02 11:20:00+01:00,2600.5,2603.2,2599.7,2601.3,327
2026-03-02 11:30:00+01:00,2601.6,2604.5,2601.6,2604.1,268
2026-03-02 11:40:00+01:00,2603.6,2603.6,2599.1,2599.8,619
2026-03-02 11:50:00+01:00,2599.1,2600.2,2596.5,2598.0,439
2026-03-02 12:00:00+01:00,2598.0,2598.9,2595.2,2595.8,314
2026-03-02 12:10:00+01:00,2595.3,2598.7,2594.9,2598.7,359
2026-03-02 12:20:00+01:00,2598.9,2601.3,2598.0,2599.5,284
2026-03-02 12:30:00+01:00,2599.6,2603.2,2599.6,2600.9,341
2026-03-02 12:40:00+01:00,2600.7,2606.5,2600.3,2605.7,460
2026-03-02 12:50:00+01:00,2606.0,2606.4,2599.5,2601.4,696
2026-03-02 13:00:00+01:00,2601.3,2603.4,2595.8,2596.0,723
2026-03-02 13:10:00+01:00,2595.9,2596.9,2593.5,2593.7,612
2026-03-02 13:20:00+01:00,2593.8,2596.7,2592.8,2594.8,375
2026-03-02 13:30:00+01:00,2594.8,2597.8,2594.2,2595.1,385
2026-03-02 13:40:00+01:00,2595.1,2599.8,2595.0,2599.3,501
2026-03-02 13:50:00+01:00,2599.1,2599.4,2594.6,2598.2,553
2026-03-02 14:00:00+01:00,2598.4,2603.1,2597.0,2599.6,1028
2026-03-02 14:10:00+01:00,2599.6,2604.2,2599.6,2602.5,802
2026-03-02 14:20:00+01:00,2602.9,2608.5,2602.3,2603.1,1124
2026-03-02 14:30:00+01:00,2603.1,2605.0,2600.3,2600.6,764
2026-03-02 14:40:00+01:00,2600.5,2601.7,2598.8,2599.2,786
2026-03-02 14:50:00+01:00,2599.0,2600.1,2596.2,2596.5,869
2026-03-02 15:00:00+01:00,2596.6,2599.1,2594.9,2598.4,935
2026-03-02 15:10:00+01:00,2598.5,2599.1,2594.7,2595.5,693
2026-03-02 15:20:00+01:00,2595.5,2598.1,2593.0,2597.5,1324
2026-03-02 15:30:00+01:00,2597.8,2622.5,2597.6,2613.5,11901
2026-03-02 15:40:00+01:00,2613.4,2619.4,2609.3,2616.4,7302
2026-03-02 15:50:00+01:00,2616.5,2619.1,2609.5,2619.0,4851
2026-03-02 16:00:00+01:00,2617.7,2637.1,2614.4,2631.7,7862
2026-03-02 16:10:00+01:00,2631.7,2641.1,2631.7,2633.3,5825
2026-03-02 16:20:00+01:00,2633.2,2635.2,2625.3,2632.4,5607
2026-03-02 16:30:00+01:00,2632.3,2636.7,2624.0,2636.6,4184
2026-03-02 16:40:00+01:00,2636.7,2641.5,2631.9,2640.6,3287
2026-03-02 16:50:00+01:00,2640.7,2642.3,2633.8,2639.5,3110
2026-03-02 17:00:00+01:00,2639.7,2647.7,2636.4,2647.2,3368
2026-03-02 17:10:00+01:00,2647.2,2648.1,2640.4,2640.6,2637
2026-03-02 17:20:00+01:00,2640.6,2641.0,2631.9,2632.2,2746
2026-03-02 17:30:00+01:00,2632.4,2641.0,2630.1,2640.6,3257
2026-03-02 17:40:00+01:00,2640.4,2653.2,2640.2,2651.7,3671
2026-03-02 17:50:00+01:00,2651.9,2652.2,2645.4,2646.0,2118
2026-03-02 18:00:00+01:00,2646.1,2648.8,2643.4,2644.2,1287
2026-03-02 18:10:00+01:00,2644.0,2650.1,2640.3,2649.4,1707
2026-03-02 18:20:00+01:00,2649.6,2650.5,2645.5,2645.8,1142
2026-03-02 18:30:00+01:00,2645.6,2649.6,2645.0,2648.1,1052
2026-03-02 18:40:00+01:00,2648.3,2652.2,2647.9,2651.7,903
2026-03-02 18:50:00+01:00,2651.6,2654.3,2650.6,2654.0,942
2026-03-02 19:00:00+01:00,2653.9,2656.2,2653.0,2655.0,1294
2026-03-02 19:10:00+01:00,2654.9,2655.9,2651.7,2651.7,1031
2026-03-02 19:20:00+01:00,2652.0,2653.9,2649.0,2653.4,1125
2026-03-02 19:30:00+01:00,2653.7,2654.3,2651.9,2653.3,842
2026-03-02 19:40:00+01:00,2653.0,2653.0,2647.7,2650.6,1249
2026-03-02 19:50:00+01:00,2650.9,2651.7,2647.4,2647.5,669
2026-03-02 20:00:00+01:00,2647.5,2653.1,2647.5,2653.0,882
2026-03-02 20:10:00+01:00,2652.9,2657.6,2651.2,2656.6,1372
2026-03-02 20:20:00+01:00,2656.8,2660.1,2656.5,2660.1,1626
2026-03-02 20:30:00+01:00,2660.1,2663.3,2660.0,2661.6,1351
2026-03-02 20:40:00+01:00,2661.7,2662.3,2658.6,2660.8,1314
2026-03-02 20:50:00+01:00,2660.7,2662.0,2659.3,2660.5,608
2026-03-02 21:00:00+01:00,2660.7,2662.3,2653.2,2654.3,2511
2026-03-02 21:10:00+01:00,2654.7,2660.1,2647.8,2655.6,4640
2026-03-02 21:20:00+01:00,2655.7,2657.5,2651.7,2652.4,2383
2026-03-02 21:30:00+01:00,2652.5,2657.6,2652.3,2656.0,1469
2026-03-02 21:40:00+01:00,2656.1,2658.4,2654.5,2657.1,1238
2026-03-02 21:50:00+01:00,2656.9,2659.8,2655.4,2658.2,3564
2026-03-02 22:00:00+01:00,2658.1,2659.2,2653.2,2653.2,1371
2026-03-02 22:10:00+01:00,2653.5,2654.3,2651.8,2652.1,596
2026-03-02 22:20:00+01:00,2652.1,2654.8,2652.0,2654.5,243
2026-03-02 22:30:00+01:00,2654.2,2654.8,2653.9,2654.5,125
2026-03-02 22:40:00+01:00,2654.5,2656.8,2653.9,2655.9,410
2026-03-02 22:50:00+01:00,2655.7,2657.3,2653.2,2654.6,504
2026-03-03 00:00:00+01:00,2653.2,2658.0,2653.2,2654.9,218
2026-03-03 00:10:00+01:00,2654.9,2655.5,2652.5,2653.3,220
2026-03-03 00:20:00+01:00,2653.0,2653.0,2650.7,2652.0,298
2026-03-03 00:30:00+01:00,2651.9,2652.8,2649.9,2649.9,273
2026-03-03 00:40:00+01:00,2649.9,2651.4,2649.4,2650.2,281
2026-03-03 00:50:00+01:00,2650.2,2652.9,2649.9,2652.6,200
2026-03-03 01:00:00+01:00,2652.8,2653.8,2650.7,2652.2,353
2026-03-03 01:10:00+01:00,2652.1,2652.7,2649.0,2649.6,339
2026-03-03 01:20:00+01:00,2649.9,2650.3,2648.1,2649.5,224
2026-03-03 01:30:00+01:00,2649.8,2649.8,2648.3,2649.3,144
2026-03-03 01:40:00+01:00,2649.4,2650.1,2649.2,2650.0,140
2026-03-03 01:50:00+01:00,2650.1,2650.1,2648.6,2648.9,153
2026-03-03 02:00:00+01:00,2648.8,2649.2,2646.1,2649.2,317
2026-03-03 02:10:00+01:00,2649.0,2651.8,2649.0,2650.9,307
2026-03-03 02:20:00+01:00,2650.9,2653.0,2647.2,2647.3,397
2026-03-03 02:30:00+01:00,2647.3,2648.6,2644.3,2644.6,624
2026-03-03 02:40:00+01:00,2644.7,2646.6,2644.2,2646.1,196
2026-03-03 02:50:00+01:00,2646.1,2646.1,2641.8,2641.8,359
2026-03-03 03:00:00+01:00,2641.9,2642.8,2637.7,2639.0,764
2026-03-03 03:10:00+01:00,2639.2,2640.5,2634.9,2636.3,620
2026-03-03 03:20:00+01:00,2636.4,2639.8,2635.7,2639.3,484
2026-03-03 03:30:00+01:00,2639.4,2641.0,2638.7,2639.7,378
2026-03-03 03:40:00+01:00,2640.1,2643.4,2639.3,2641.4,550
2026-03-03 03:50:00+01:00,2641.8,2641.8,2639.9,2640.4,203
2026-03-03 04:00:00+01:00,2640.5,2642.3,2639.0,2639.8,261
2026-03-03 04:10:00+01:00,2639.6,2641.3,2638.7,2639.5,221
2026-03-03 04:20:00+01:00,2639.1,2639.1,2636.9,2637.2,212
2026-03-03 04:30:00+01:00,2637.4,2642.0,2636.2,2642.0,367
2026-03-03 04:40:00+01:00,2641.9,2642.4,2639.8,2640.5,210
2026-03-03 04:50:00+01:00,2640.6,2640.9,2639.3,2639.9,138
2026-03-03 05:00:00+01:00,2639.7,2641.2,2637.2,2637.5,282
2026-03-03 05:10:00+01:00,2637.5,2639.1,2636.0,2637.7,257
2026-03-03 05:20:00+01:00,2637.3,2638.2,2633.3,2635.2,384
2026-03-03 05:30:00+01:00,2634.7,2636.1,2633.0,2633.3,407
2026-03-03 05:40:00+01:00,2633.4,2635.9,2632.9,2633.0,405
2026-03-03 05:50:00+01:00,2632.9,2633.8,2631.6,2632.8,442
2026-03-03 06:00:00+01:00,2633.0,2635.2,2632.1,2634.4,339
2026-03-03 06:10:00+01:00,2634.5,2634.7,2632.5,2633.1,327
2026-03-03 06:20:00+01:00,2633.3,2633.4,2631.6,2632.6,292
2026-03-03 06:30:00+01:00,2632.7,2632.7,2627.9,2628.7,512
2026-03-03 06:40:00+01:00,2628.4,2629.9,2627.0,2627.6,441
2026-03-03 06:50:00+01:00,2627.8,2628.2,2626.0,2627.3,789
2026-03-03 07:00:00+01:00,2627.9,2630.1,2626.5,2628.2,562
2026-03-03 07:10:00+01:00,2628.0,2628.7,2624.6,2624.7,574
2026-03-03 07:20:00+01:00,2624.7,2629.1,2624.5,2628.8,373
2026-03-03 07:30:00+01:00,2628.6,2629.7,2626.2,2627.3,369
2026-03-03 07:40:00+01:00,2627.3,2627.4,2622.9,2622.9,306
2026-03-03 07:50:00+01:00,2623.1,2624.9,2622.1,2623.4,394
2026-03-03 08:00:00+01:00,2623.0,2624.6,2621.5,2622.9,718
2026-03-03 08:10:00+01:00,2623.0,2623.5,2619.9,2621.5,648
2026-03-03 08:20:00+01:00,2621.6,2621.6,2612.6,2615.0,874
2026-03-03 08:30:00+01:00,2615.1,2616.3,2612.1,2613.1,569
2026-03-03 08:40:00+01:00,2613.0,2615.4,2610.6,2610.6,672
2026-03-03 08:50:00+01:00,2610.5,2612.4,2608.9,2611.7,539
2026-03-03 09:00:00+01:00,2611.7,2611.8,2605.8,2610.5,952
2026-03-03 09:10:00+01:00,2610.7,2610.8,2599.2,2601.8,1397
2026-03-03 09:20:00+01:00,2601.7,2603.0,2594.4,2594.8,1360
2026-03-03 09:30:00+01:00,2594.3,2596.0,2585.7,2586.5,1361
2026-03-03 09:40:00+01:00,2586.8,2589.4,2584.3,2588.6,1220
2026-03-03 09:50:00+01:00,2588.7,2590.8,2584.1,2587.0,1201
2026-03-03 10:00:00+01:00,2587.4,2598.8,2587.3,2598.0,1432
2026-03-03 10:10:00+01:00,2597.8,2599.3,2595.7,2597.8,858
2026-03-03 10:20:00+01:00,2597.3,2600.1,2594.3,2597.1,785
2026-03-03 10:30:00+01:00,2596.9,2597.6,2592.0,2595.8,879
2026-03-03 10:40:00+01:00,2596.2,2596.2,2589.1,2590.5,762
2026-03-03 10:50:00+01:00,2591.0,2591.4,2585.4,2587.9,1073
2026-03-03 11:00:00+01:00,2587.9,2590.4,2582.8,2584.9,896
2026-03-03 11:10:00+01:00,2584.8,2586.7,2582.1,2585.9,733
2026-03-03 11:20:00+01:00,2585.8,2590.1,2585.8,2586.6,492
2026-03-03 11:30:00+01:00,2586.7,2588.0,2581.3,2582.4,904
2026-03-03 11:40:00+01:00,2582.8,2592.4,2582.6,2589.1,989
2026-03-03 11:50:00+01:00,2588.9,2590.9,2580.5,2584.8,1117
2026-03-03 12:00:00+01:00,2584.5,2590.3,2582.6,2588.0,724
2026-03-03 12:10:00+01:00,2588.0,2589.5,2580.9,2582.2,801
2026-03-03 12:20:00+01:00,2582.4,2589.3,2577.2,2586.8,1386
2026-03-03 12:30:00+01:00,2587.0,2594.0,2587.0,2592.6,1248
2026-03-03 12:40:00+01:00,2592.5,2596.0,2590.1,2590.4,797
2026-03-03 12:50:00+01:00,2590.5,2594.6,2588.3,2592.4,596
2026-03-03 13:00:00+01:00,2592.2,2599.6,2591.5,2599.0,700
2026-03-03 13:10:00+01:00,2598.9,2602.9,2598.0,2601.0,1258
2026-03-03 13:20:00+01:00,2600.9,2605.0,2599.7,2600.9,1121
2026-03-03 13:30:00+01:00,2600.8,2601.3,2596.1,2599.4,727
2026-03-03 13:40:00+01:00,2599.7,2604.8,2597.9,2602.7,795
2026-03-03 13:50:00+01:00,2602.7,2602.7,2596.6,2600.1,1118
2026-03-03 14:00:00+01:00,2600.4,2601.7,2596.6,2597.7,719
2026-03-03 14:10:00+01:00,2598.1,2601.3,2596.9,2599.3,697
2026-03-03 14:20:00+01:00,2599.3,2602.0,2594.9,2596.1,977
2026-03-03 14:30:00+01:00,2596.0,2596.3,2585.8,2589.8,1462
2026-03-03 14:40:00+01:00,2590.3,2593.3,2588.3,2590.3,1360
2026-03-03 14:50:00+01:00,2590.3,2593.5,2586.9,2591.7,1590
2026-03-03 15:00:00+01:00,2592.2,2592.2,2587.9,2588.5,1176
2026-03-03 15:10:00+01:00,2588.4,2588.5,2584.0,2586.6,1406
2026-03-03 15:20:00+01:00,2586.4,2591.9,2586.0,2587.0,1644
2026-03-03 15:30:00+01:00,2586.9,2590.3,2576.1,2581.5,10363
2026-03-03 15:40:00+01:00,2581.4,2582.8,2561.6,2561.8,10564
2026-03-03 15:50:00+01:00,2561.7,2570.0,2560.3,2564.4,6368
2026-03-03 16:00:00+01:00,2564.6,2572.6,2559.8,2563.6,6636
2026-03-03 16:10:00+01:00,2563.4,2570.6,2558.2,2559.9,5831
2026-03-03 16:20:00+01:00,2559.8,2560.3,2551.8,2557.0,5216
2026-03-03 16:30:00+01:00,2556.9,2571.0,2556.5,2568.4,6307
2026-03-03 16:40:00+01:00,2568.4,2575.3,2564.4,2569.8,5977
2026-03-03 16:50:00+01:00,2569.1,2572.8,2563.5,2571.8,4447
2026-03-03 17:00:00+01:00,2571.7,2584.9,2569.7,2583.6,5741
2026-03-03 17:10:00+01:00,2583.7,2592.6,2580.9,2586.5,5147
2026-03-03 17:20:00+01:00,2586.5,2594.4,2584.3,2589.0,4191
2026-03-03 17:30:00+01:00,2588.7,2594.6,2582.8,2591.3,4428
2026-03-03 17:40:00+01:00,2591.0,2604.8,2589.6,2601.1,6069
2026-03-03 17:50:00+01:00,2601.3,2604.0,2598.3,2600.5,3312
2026-03-03 18:00:00+01:00,2600.7,2601.0,2593.4,2594.1,3471
2026-03-03 18:10:00+01:00,2594.2,2602.2,2591.0,2601.7,3063
2026-03-03 18:20:00+01:00,2601.5,2607.6,2598.1,2605.8,3192
2026-03-03 18:30:00+01:00,2605.6,2606.0,2595.5,2600.0,2794
2026-03-03 18:40:00+01:00,2599.9,2611.9,2599.9,2610.3,3147
2026-03-03 18:50:00+01:00,2610.4,2610.6,2602.9,2608.9,2374
2026-03-03 19:00:00+01:00,2609.0,2615.6,2608.7,2615.4,2268
2026-03-03 19:10:00+01:00,2615.2,2616.4,2608.2,2614.3,2068
2026-03-03 19:20:00+01:00,2614.2,2620.7,2614.1,2618.0,2519
2026-03-03 19:30:00+01:00,2618.0,2626.5,2616.4,2626.1,3148
2026-03-03 19:40:00+01:00,2626.3,2628.5,2622.1,2626.9,2899
2026-03-03 19:50:00+01:00,2626.9,2630.0,2625.0,2627.8,2010
2026-03-03 20:00:00+01:00,2627.8,2630.1,2620.1,2620.2,2465
2026-03-03 20:10:00+01:00,2620.2,2624.3,2617.8,2622.7,2040
2026-03-03 20:20:00+01:00,2623.0,2625.9,2617.7,2619.0,1889
2026-03-03 20:30:00+01:00,2619.1,2625.0,2611.7,2620.3,4663
2026-03-03 20:40:00+01:00,2620.3,2630.8,2619.4,2625.8,4200
2026-03-03 20:50:00+01:00,2625.9,2629.3,2618.5,2622.0,2346
2026-03-03 21:00:00+01:00,2622.0,2625.3,2620.1,2623.6,1907
2026-03-03 21:10:00+01:00,2623.6,2625.8,2617.7,2618.1,1840
2026-03-03 21:20:00+01:00,2618.3,2621.5,2615.8,2618.5,1676
2026-03-03 21:30:00+01:00,2618.4,2619.9,2614.7,2615.8,1666
2026-03-03 21:40:00+01:00,2615.8,2618.8,2614.2,2615.1,1488
2026-03-03 21:50:00+01:00,2614.9,2616.0,2610.1,2612.4,3327
2026-03-03 22:00:00+01:00,2612.4,2613.0,2608.7,2608.9,1018
2026-03-03 22:10:00+01:00,2609.3,2610.6,2609.0,2609.8,348
2026-03-03 22:20:00+01:00,2609.7,2609.9,2607.9,2608.0,241
2026-03-03 22:30:00+01:00,2608.7,2608.9,2605.8,2607.0,471
2026-03-03 22:40:00+01:00,2607.6,2609.1,2606.4,2606.9,214
2026-03-03 22:50:00+01:00,2606.7,2608.3,2605.7,2606.5,382
2026-03-04 00:00:00+01:00,2606.6,2608.0,2601.4,2606.4,473
2026-03-04 00:10:00+01:00,2606.5,2612.1,2606.5,2609.3,330
2026-03-04 00:20:00+01:00,2609.1,2609.6,2604.4,2604.7,373
2026-03-04 00:30:00+01:00,2604.6,2607.4,2604.6,2605.9,220
2026-03-04 00:40:00+01:00,2605.9,2608.8,2605.8,2607.8,284
2026-03-04 00:50:00+01:00,2608.7,2608.7,2604.6,2605.0,247
2026-03-04 01:00:00+01:00,2605.1,2607.1,2600.9,2606.8,802
2026-03-04 01:10:00+01:00,2606.2,2614.1,2604.0,2614.0,734
2026-03-04 01:20:00+01:00,2613.8,2615.2,2611.0,2611.6,424
2026-03-04 01:30:00+01:00,2611.8,2612.1,2602.3,2603.5,637
2026-03-04 01:40:00+01:00,2603.5,2607.3,2601.8,2606.7,513
2026-03-04 01:50:00+01:00,2607.0,2608.2,2605.3,2606.1,390
2026-03-04 02:00:00+01:00,2606.4,2609.3,2601.5,2602.5,701
2026-03-04 02:10:00+01:00,2602.2,2603.4,2599.4,2600.2,624
2026-03-04 02:20:00+01:00,2600.3,2600.3,2594.1,2596.1,1139
2026-03-04 02:30:00+01:00,2596.0,2601.3,2594.2,2599.2,849
2026-03-04 02:40:00+01:00,2598.6,2602.0,2595.4,2596.2,494
2026-03-04 02:50:00+01:00,2596.2,2599.4,2594.8,2598.8,352
2026-03-04 03:00:00+01:00,2599.0,2601.7,2594.9,2595.2,537
2026-03-04 03:10:00+01:00,2595.9,2599.8,2591.4,2596.0,746
2026-03-04 03:20:00+01:00,2596.2,2597.5,2592.5,2592.5,339
2026-03-04 03:30:00+01:00,2592.8,2593.4,2589.0,2591.9,619
2026-03-04 03:40:00+01:00,2591.7,2596.2,2591.5,2595.3,346
2026-03-04 03:50:00+01:00,2595.4,2597.0,2593.0,2594.1,341
2026-03-04 04:00:00+01:00,2594.2,2594.3,2589.5,2592.9,482
2026-03-04 04:10:00+01:00,2592.9,2593.1,2589.2,2590.8,321
2026-03-04 04:20:00+01:00,2590.9,2591.1,2587.0,2587.5,444
2026-03-04 04:30:00+01:00,2587.5,2589.8,2583.8,2588.2,778
2026-03-04 04:40:00+01:00,2588.9,2591.2,2585.0,2590.1,639
2026-03-04 04:50:00+01:00,2590.1,2592.1,2587.8,2591.4,334
2026-03-04 05:00:00+01:00,2591.4,2596.9,2591.3,2595.5,562
2026-03-04 05:10:00+01:00,2595.5,2595.6,2591.0,2591.9,357
2026-03-04 05:20:00+01:00,2591.7,2594.3,2590.9,2592.0,252
2026-03-04 05:30:00+01:00,2591.3,2592.9,2589.3,2590.2,297
2026-03-04 05:40:00+01:00,2590.3,2592.5,2589.0,2592.0,179
2026-03-04 05:50:00+01:00,2592.2,2593.2,2589.8,2590.9,195
2026-03-04 06:00:00+01:00,2591.2,2593.3,2588.5,2590.9,340
2026-03-04 06:10:00+01:00,2591.3,2592.3,2588.6,2591.0,216
2026-03-04 06:20:00+01:00,2590.6,2592.2,2586.3,2588.5,325
2026-03-04 06:30:00+01:00,2588.2,2592.3,2587.6,2591.6,218
2026-03-04 06:40:00+01:00,2592.2,2595.1,2590.7,2590.7,381
2026-03-04 06:50:00+01:00,2590.7,2592.6,2590.6,2590.6,201
2026-03-04 07:00:00+01:00,2590.2,2590.3,2586.1,2586.6,280
2026-03-04 07:10:00+01:00,2587.0,2587.0,2582.7,2583.3,548
2026-03-04 07:20:00+01:00,2583.0,2588.3,2583.0,2588.1,364
2026-03-04 07:30:00+01:00,2588.3,2594.1,2587.7,2592.7,359
2026-03-04 07:40:00+01:00,2592.8,2593.4,2590.4,2590.5,263
2026-03-04 07:50:00+01:00,2590.4,2591.3,2588.6,2589.7,275
2026-03-04 08:00:00+01:00,2589.7,2591.1,2587.0,2587.7,663
2026-03-04 08:10:00+01:00,2587.2,2588.3,2584.7,2587.5,388
2026-03-04 08:20:00+01:00,2587.5,2593.7,2587.4,2591.8,465
2026-03-04 08:30:00+01:00,2591.5,2596.1,2591.1,2595.4,429
2026-03-04 08:40:00+01:00,2595.9,2600.3,2595.7,2599.8,886
2026-03-04 08:50:00+01:00,2599.2,2602.2,2598.6,2599.2,345
2026-03-04 09:00:00+01:00,2599.4,2603.5,2598.0,2600.2,1162
2026-03-04 09:10:00+01:00,2600.1,2603.2,2598.9,2601.2,707
2026-03-04 09:20:00+01:00,2601.4,2602.8,2595.4,2598.3,596
2026-03-04 09:30:00+01:00,2598.4,2602.1,2597.2,2598.6,530
2026-03-04 09:40:00+01:00,2598.7,2604.7,2597.9,2604.4,576
2026-03-04 09:50:00+01:00,2604.2,2605.0,2598.3,2599.1,353
2026-03-04 10:00:00+01:00,2599.2,2601.7,2597.0,2600.4,432
2026-03-04 10:10:00+01:00,2600.6,2606.8,2600.3,2605.3,442
2026-03-04 10:20:00+01:00,2604.7,2607.2,2603.8,2604.9,430
2026-03-04 10:30:00+01:00,2605.0,2606.9,2603.0,2603.6,380
2026-03-04 10:40:00+01:00,2604.1,2610.5,2603.0,2610.5,568
2026-03-04 10:50:00+01:00,2610.2,2611.7,2607.5,2611.1,358
2026-03-04 11:00:00+01:00,2611.1,2624.6,2610.1,2623.1,1568
2026-03-04 11:10:00+01:00,2622.6,2631.6,2621.1,2626.9,1866
2026-03-04 11:20:00+01:00,2626.5,2628.7,2620.2,2620.9,797
2026-03-04 11:30:00+01:00,2620.8,2624.8,2620.7,2623.8,429
2026-03-04 11:40:00+01:00,2623.3,2626.9,2622.9,2624.6,400
2026-03-04 11:50:00+01:00,2624.8,2626.1,2620.5,2625.3,419
2026-03-04 12:00:00+01:00,2625.3,2631.0,2625.3,2628.0,852
2026-03-04 12:10:00+01:00,2628.0,2635.3,2627.9,2634.7,875
2026-03-04 12:20:00+01:00,2634.8,2636.2,2629.1,2629.7,478
2026-03-04 12:30:00+01:00,2630.1,2630.6,2625.2,2626.8,458
2026-03-04 12:40:00+01:00,2626.7,2627.2,2622.7,2625.7,416
2026-03-04 12:50:00+01:00,2625.6,2627.0,2622.1,2622.1,368
2026-03-04 13:00:00+01:00,2622.3,2629.6,2622.3,2625.2,678
2026-03-04 13:10:00+01:00,2625.5,2627.0,2618.1,2618.1,685
2026-03-04 13:20:00+01:00,2618.2,2619.7,2614.0,2614.5,1020
2026-03-04 13:30:00+01:00,2614.7,2620.1,2613.3,2620.1,591
2026-03-04 13:40:00+01:00,2620.0,2620.8,2617.3,2618.1,444
2026-03-04 13:50:00+01:00,2618.2,2621.8,2615.1,2621.8,488
2026-03-04 14:00:00+01:00,2621.9,2632.7,2621.4,2632.0,1701
2026-03-04 14:10:00+01:00,2632.4,2636.5,2630.0,2631.2,1059
2026-03-04 14:20:00+01:00,2630.7,2632.6,2628.6,2631.3,821
2026-03-04 14:30:00+01:00,2631.5,2631.9,2627.7,2630.3,728
2026-03-04 14:40:00+01:00,2630.4,2634.7,2629.1,2633.0,1103
2026-03-04 14:50:00+01:00,2633.0,2634.0,2628.8,2631.0,1481
2026-03-04 15:00:00+01:00,2630.9,2634.3,2630.1,2631.8,897
2026-03-04 15:10:00+01:00,2632.0,2635.6,2631.5,2634.2,857
2026-03-04 15:20:00+01:00,2634.0,2637.4,2630.1,2631.0,2523
2026-03-04 15:30:00+01:00,2631.1,2639.8,2615.0,2615.6,11007
2026-03-04 15:40:00+01:00,2616.2,2617.7,2607.3,2611.6,6444
2026-03-04 15:50:00+01:00,2611.4,2616.3,2608.0,2613.2,4421
2026-03-04 16:00:00+01:00,2614.9,2628.0,2613.2,2626.9,6105
2026-03-04 16:10:00+01:00,2626.8,2635.9,2622.9,2635.3,4492
2026-03-04 16:20:00+01:00,2635.4,2645.8,2634.8,2642.7,4038
2026-03-04 16:30:00+01:00,2642.6,2643.6,2634.6,2638.5,3578
2026-03-04 16:40:00+01:00,2638.5,2640.1,2634.1,2638.0,2621
2026-03-04 16:50:00+01:00,2638.0,2648.2,2637.6,2646.9,2925
2026-03-04 17:10:00+01:00,2643.4,2643.9,2635.1,2635.4,2608
2026-03-04 17:20:00+01:00,2635.6,2637.6,2631.9,2637.3,2709
2026-03-04 17:30:00+01:00,2637.4,2639.0,2633.5,2635.0,1620
2026-03-04 17:40:00+01:00,2635.1,2642.3,2635.0,2639.2,1843
2026-03-04 17:50:00+01:00,2639.1,2641.0,2635.8,2640.2,1218
2026-03-04 18:00:00+01:00,2639.9,2642.9,2637.7,2640.1,1138
2026-03-04 18:10:00+01:00,2640.2,2643.0,2639.8,2642.1,832
2026-03-04 18:20:00+01:00,2642.1,2643.4,2637.1,2637.7,1289
2026-03-04 18:30:00+01:00,2637.7,2640.8,2634.1,2638.7,1566
2026-03-04 18:40:00+01:00,2638.7,2640.5,2636.8,2637.9,823
2026-03-04 18:50:00+01:00,2637.9,2641.2,2637.1,2639.7,675
2026-03-04 19:00:00+01:00,2639.9,2641.1,2635.3,2638.6,903
2026-03-04 19:10:00+01:00,2638.1,2638.1,2632.5,2632.5,808
2026-03-04 19:20:00+01:00,2632.5,2634.6,2630.3,2633.1,1182
2026-03-04 19:30:00+01:00,2633.1,2638.2,2632.2,2636.7,1078
2026-03-04 19:40:00+01:00,2636.6,2640.7,2636.2,2640.3,970
2026-03-04 19:50:00+01:00,2640.2,2641.6,2638.2,2639.7,800
2026-03-04 20:00:00+01:00,2639.9,2643.8,2639.5,2643.5,817
2026-03-04 20:10:00+01:00,2643.3,2644.6,2641.5,2642.2,630
2026-03-04 20:20:00+01:00,2642.1,2643.1,2640.5,2641.8,673
2026-03-04 20:30:00+01:00,2642.0,2644.6,2642.0,2644.1,524
2026-03-04 20:40:00+01:00,2644.2,2645.0,2642.5,2643.9,553
2026-03-04 20:50:00+01:00,2644.2,2645.3,2643.5,2643.8,480
2026-03-04 21:00:00+01:00,2644.1,2645.7,2642.1,2642.5,774
2026-03-04 21:10:00+01:00,2642.3,2643.6,2641.1,2641.6,712
2026-03-04 21:20:00+01:00,2641.3,2644.3,2639.8,2643.4,884
2026-03-04 21:30:00+01:00,2643.3,2645.4,2642.3,2644.5,469
2026-03-04 21:40:00+01:00,2644.3,2647.0,2644.0,2645.4,660
2026-03-04 21:50:00+01:00,2645.3,2645.5,2636.2,2636.4,3619
2026-03-04 22:00:00+01:00,2636.3,2637.4,2633.2,2636.9,1288
2026-03-04 22:10:00+01:00,2636.7,2638.3,2636.0,2636.6,454
2026-03-04 22:20:00+01:00,2636.7,2637.0,2635.1,2636.9,189
2026-03-04 22:30:00+01:00,2636.9,2637.5,2636.0,2636.8,197
2026-03-04 22:40:00+01:00,2636.5,2639.3,2636.4,2638.7,209
2026-03-04 22:50:00+01:00,2638.7,2639.3,2635.7,2636.7,364
2026-03-05 00:00:00+01:00,2635.8,2638.2,2633.6,2638.0,189
2026-03-05 00:10:00+01:00,2637.9,2638.5,2635.3,2635.9,67
2026-03-05 00:20:00+01:00,2635.8,2636.7,2634.8,2635.8,207
2026-03-05 00:30:00+01:00,2636.3,2637.0,2635.5,2636.0,110
2026-03-05 00:40:00+01:00,2636.1,2639.8,2636.1,2639.5,338
2026-03-05 00:50:00+01:00,2639.4,2639.4,2637.7,2638.6,151
2026-03-05 01:00:00+01:00,2638.6,2640.8,2637.6,2640.4,651
2026-03-05 01:10:00+01:00,2640.5,2645.2,2639.9,2643.4,643
2026-03-05 01:20:00+01:00,2643.5,2643.8,2641.2,2642.6,307
2026-03-05 01:30:00+01:00,2642.6,2643.5,2641.6,2643.5,315
2026-03-05 01:40:00+01:00,2643.4,2644.7,2641.6,2642.5,263
2026-03-05 01:50:00+01:00,2642.9,2643.3,2640.4,2641.3,146
2026-03-05 02:00:00+01:00,2641.3,2641.6,2639.2,2639.5,278
2026-03-05 02:10:00+01:00,2639.5,2639.9,2633.1,2633.4,705
2026-03-05 02:20:00+01:00,2633.4,2636.0,2632.0,2633.4,473
2026-03-05 02:30:00+01:00,2633.5,2635.3,2632.7,2635.0,283
2026-03-05 02:40:00+01:00,2634.6,2635.2,2625.8,2629.5,918
2026-03-05 02:50:00+01:00,2629.8,2629.8,2624.7,2627.9,641
2026-03-05 03:00:00+01:00,2628.0,2629.2,2626.4,2626.9,256
2026-03-05 03:10:00+01:00,2627.0,2629.0,2626.6,2627.9,209
2026-03-05 03:20:00+01:00,2627.9,2627.9,2624.1,2625.1,325
2026-03-05 03:30:00+01:00,2625.1,2627.5,2623.4,2627.5,275
2026-03-05 03:40:00+01:00,2627.4,2628.6,2625.8,2628.6,245
2026-03-05 03:50:00+01:00,2628.6,2630.6,2626.1,2627.0,324
2026-03-05 04:00:00+01:00,2627.2,2628.5,2625.5,2627.2,260
2026-03-05 04:10:00+01:00,2627.4,2627.5,2623.9,2623.9,179
2026-03-05 04:20:00+01:00,2624.1,2624.2,2620.5,2621.3,362
2026-03-05 04:30:00+01:00,2621.6,2621.8,2618.7,2621.5,582
2026-03-05 04:40:00+01:00,2621.5,2622.7,2620.3,2620.4,168
2026-03-05 04:50:00+01:00,2620.9,2623.6,2620.0,2621.0,301
2026-03-05 05:00:00+01:00,2620.8,2624.6,2620.4,2624.4,301
2026-03-05 05:10:00+01:00,2624.4,2625.7,2623.8,2625.5,247
2026-03-05 05:20:00+01:00,2625.4,2626.7,2625.0,2626.7,167
2026-03-05 05:30:00+01:00,2626.7,2627.0,2624.8,2626.1,146
2026-03-05 05:40:00+01:00,2626.1,2627.3,2625.4,2627.0,111
2026-03-05 05:50:00+01:00,2627.5,2627.6,2625.2,2626.5,107
2026-03-05 06:00:00+01:00,2626.5,2626.5,2624.6,2626.0,163
2026-03-05 06:10:00+01:00,2626.0,2626.4,2623.5,2623.5,143
2026-03-05 06:20:00+01:00,2623.4,2624.8,2623.1,2623.6,139
2026-03-05 06:30:00+01:00,2623.8,2624.5,2621.7,2622.6,176
2026-03-05 06:40:00+01:00,2622.5,2622.8,2621.1,2621.5,149
2026-03-05 06:50:00+01:00,2621.8,2621.9,2619.5,2619.8,194
2026-03-05 07:00:00+01:00,2619.9,2620.1,2615.6,2616.2,483
2026-03-05 07:10:00+01:00,2616.8,2618.6,2615.4,2618.4,328
2026-03-05 07:20:00+01:00,2618.2,2618.8,2616.7,2617.4,224
2026-03-05 07:30:00+01:00,2617.3,2617.4,2614.5,2615.8,247
2026-03-05 07:40:00+01:00,2615.8,2618.6,2614.7,2618.6,369
2026-03-05 07:50:00+01:00,2618.7,2627.2,2618.3,2626.1,846
2026-03-05 08:00:00+01:00,2626.3,2627.8,2622.2,2624.8,688
2026-03-05 08:10:00+01:00,2624.5,2625.9,2622.4,2624.3,388
2026-03-05 08:20:00+01:00,2624.3,2627.2,2622.2,2626.0,251
2026-03-05 08:30:00+01:00,2626.2,2626.4,2622.3,2623.9,248
2026-03-05 08:40:00+01:00,2623.6,2624.5,2622.3,2623.4,233
2026-03-05 08:50:00+01:00,2623.2,2624.5,2620.5,2624.2,292
2026-03-05 09:00:00+01:00,2624.1,2625.0,2614.6,2615.5,844
2026-03-05 09:10:00+01:00,2615.4,2620.1,2614.7,2617.1,555
2026-03-05 09:20:00+01:00,2616.9,2618.9,2614.8,2614.8,503
2026-03-05 09:30:00+01:00,2614.8,2618.1,2612.4,2617.0,684
2026-03-05 09:40:00+01:00,2617.2,2619.0,2614.6,2615.6,588
2026-03-05 09:50:00+01:00,2615.3,2622.6,2613.7,2622.3,488
2026-03-05 10:00:00+01:00,2622.4,2638.0,2621.4,2636.3,1490
2026-03-05 10:10:00+01:00,2636.6,2642.6,2633.1,2635.1,1457
2026-03-05 10:20:00+01:00,2635.0,2641.1,2632.0,2633.3,1260
2026-03-05 10:30:00+01:00,2633.3,2633.8,2626.5,2626.5,618
2026-03-05 10:40:00+01:00,2626.7,2629.1,2625.8,2629.1,569
2026-03-05 10:50:00+01:00,2629.4,2630.2,2623.9,2629.5,460
2026-03-05 11:00:00+01:00,2629.2,2630.9,2625.6,2629.0,394
2026-03-05 11:10:00+01:00,2629.3,2631.1,2628.9,2629.8,292
2026-03-05 11:20:00+01:00,2629.6,2631.6,2628.3,2631.6,285
2026-03-05 11:30:00+01:00,2631.9,2632.5,2629.1,2629.4,259
2026-03-05 11:40:00+01:00,2629.2,2629.3,2626.2,2626.7,275
2026-03-05 11:50:00+01:00,2626.9,2629.9,2626.0,2627.8,249
2026-03-05 12:00:00+01:00,2628.2,2631.1,2625.0,2630.5,603
2026-03-05 12:10:00+01:00,2630.5,2633.2,2629.1,2631.9,193
2026-03-05 12:20:00+01:00,2632.1,2633.6,2630.5,2631.8,246
2026-03-05 12:30:00+01:00,2630.9,2632.5,2626.5,2626.9,372
2026-03-05 12:40:00+01:00,2626.5,2630.1,2625.9,2627.7,269
2026-03-05 12:50:00+01:00,2628.4,2628.6,2624.1,2624.8,292
2026-03-05 13:00:00+01:00,2624.7,2625.5,2622.0,2625.0,482
2026-03-05 13:10:00+01:00,2624.8,2625.9,2621.5,2625.9,299
2026-03-05 13:20:00+01:00,2626.0,2631.3,2626.0,2626.6,738
2026-03-05 13:30:00+01:00,2626.9,2627.7,2622.7,2624.6,378
2026-03-05 13:40:00+01:00,2624.6,2625.8,2621.4,2622.0,417
2026-03-05 13:50:00+01:00,2622.2,2622.4,2618.2,2619.8,642
2026-03-05 14:00:00+01:00,2620.0,2620.8,2616.2,2616.8,677
2026-03-05 14:10:00+01:00,2617.0,2618.4,2615.2,2616.8,607
2026-03-05 14:20:00+01:00,2616.7,2618.3,2613.7,2618.0,619
2026-03-05 14:30:00+01:00,2618.0,2619.3,2611.4,2612.0,1172
2026-03-05 14:40:00+01:00,2612.5,2616.0,2611.5,2614.3,643
2026-03-05 14:50:00+01:00,2615.0,2616.8,2607.0,2608.0,1147
2026-03-05 15:00:00+01:00,2607.9,2610.3,2606.5,2609.1,1278
2026-03-05 15:10:00+01:00,2609.5,2611.2,2606.0,2606.0,898
2026-03-05 15:20:00+01:00,2605.9,2608.8,2604.8,2608.4,1249
2026-03-05 15:30:00+01:00,2608.6,2618.0,2602.2,2612.3,9480
2026-03-05 15:40:00+01:00,2612.0,2613.0,2602.2,2605.6,5305
2026-03-05 15:50:00+01:00,2605.5,2624.8,2604.3,2623.3,5568
2026-03-05 16:00:00+01:00,2623.3,2626.5,2608.4,2611.0,5880
2026-03-05 16:10:00+01:00,2610.9,2615.0,2606.2,2607.3,4593
2026-03-05 16:20:00+01:00,2607.3,2609.7,2598.6,2601.7,5354
2026-03-05 16:30:00+01:00,2601.9,2602.3,2592.5,2598.2,5803
2026-03-05 16:40:00+01:00,2598.6,2602.3,2597.5,2598.2,4034
2026-03-05 16:50:00+01:00,2598.4,2606.1,2597.7,2604.1,3897
2026-03-05 17:00:00+01:00,2604.0,2605.9,2588.6,2589.0,4745
2026-03-05 17:10:00+01:00,2588.8,2591.9,2585.7,2585.9,4530
2026-03-05 17:20:00+01:00,2586.0,2590.3,2583.7,2585.8,3559
2026-03-05 17:30:00+01:00,2585.7,2591.3,2584.5,2586.6,3172
2026-03-05 17:40:00+01:00,2586.7,2591.0,2583.1,2588.7,3169
2026-03-05 17:50:00+01:00,2588.5,2591.9,2586.0,2588.8,2107
2026-03-05 18:00:00+01:00,2589.0,2596.6,2587.4,2590.3,3241
2026-03-05 18:10:00+01:00,2590.3,2590.4,2580.4,2581.2,3979
2026-03-05 18:20:00+01:00,2581.4,2583.8,2578.5,2578.7,2732
2026-03-05 18:30:00+01:00,2578.6,2579.7,2569.7,2573.6,5350
2026-03-05 18:40:00+01:00,2573.6,2576.3,2564.6,2564.9,3344
2026-03-05 18:50:00+01:00,2564.9,2571.0,2561.9,2562.6,3174
2026-03-05 19:00:00+01:00,2562.5,2570.5,2560.7,2570.4,3333
2026-03-05 19:10:00+01:00,2570.3,2573.2,2565.1,2565.5,2699
2026-03-05 19:20:00+01:00,2565.7,2570.3,2563.2,2566.1,2626
2026-03-05 19:30:00+01:00,2565.8,2571.6,2565.0,2568.8,2358
2026-03-05 19:40:00+01:00,2568.9,2576.1,2567.8,2569.8,2824
2026-03-05 19:50:00+01:00,2569.7,2570.0,2564.1,2567.1,2060
2026-03-05 20:00:00+01:00,2567.1,2572.7,2566.6,2569.8,2205
2026-03-05 20:10:00+01:00,2570.0,2574.3,2568.1,2572.0,1753
2026-03-05 20:20:00+01:00,2572.4,2574.7,2565.0,2566.2,1770
2026-03-05 20:30:00+01:00,2565.9,2565.9,2559.8,2564.5,2923
2026-03-05 20:40:00+01:00,2564.5,2568.6,2563.8,2567.1,2060
2026-03-05 20:50:00+01:00,2567.2,2570.4,2563.6,2566.0,1853
2026-03-05 21:00:00+01:00,2566.1,2573.3,2563.0,2571.5,5540
2026-03-05 21:10:00+01:00,2571.6,2580.0,2571.1,2578.3,3805
2026-03-05 21:20:00+01:00,2578.2,2585.3,2577.2,2581.4,3356
2026-03-05 21:30:00+01:00,2581.5,2586.0,2580.2,2583.9,1811
2026-03-05 21:40:00+01:00,2584.2,2586.6,2580.4,2585.7,2194
2026-03-05 21:50:00+01:00,2586.0,2589.0,2584.6,2586.3,4401
2026-03-05 22:00:00+01:00,2586.3,2587.0,2581.6,2583.8,1249
2026-03-05 22:10:00+01:00,2584.0,2584.0,2581.2,2582.1,727
2026-03-05 22:20:00+01:00,2582.2,2582.8,2579.9,2582.2,456
2026-03-05 22:30:00+01:00,2582.1,2582.3,2579.3,2581.1,336
2026-03-05 22:40:00+01:00,2581.1,2581.9,2580.4,2581.0,215
2026-03-05 22:50:00+01:00,2580.8,2583.1,2580.7,2582.4,363
2026-03-06 00:00:00+01:00,2580.0,2584.2,2579.0,2583.7,237
2026-03-06 00:10:00+01:00,2583.7,2586.1,2583.2,2585.5,132
2026-03-06 00:20:00+01:00,2585.5,2588.0,2585.5,2587.2,211
2026-03-06 00:30:00+01:00,2587.2,2590.7,2587.2,2590.4,263
2026-03-06 00:40:00+01:00,2590.6,2594.5,2590.5,2592.0,360
2026-03-06 00:50:00+01:00,2592.2,2594.4,2591.3,2594.0,236
2026-03-06 01:00:00+01:00,2594.0,2599.8,2593.7,2599.0,693
2026-03-06 01:10:00+01:00,2599.2,2600.9,2597.7,2598.6,422
2026-03-06 01:20:00+01:00,2598.3,2599.0,2596.0,2597.0,338
2026-03-06 01:30:00+01:00,2596.7,2596.7,2594.6,2595.7,248
2026-03-06 01:40:00+01:00,2595.5,2596.4,2594.7,2595.5,154
2026-03-06 01:50:00+01:00,2595.5,2595.7,2594.0,2594.9,126
2026-03-06 02:00:00+01:00,2594.7,2596.4,2593.6,2594.6,325
2026-03-06 02:10:00+01:00,2594.6,2597.1,2594.6,2594.8,451
2026-03-06 02:20:00+01:00,2594.7,2594.9,2590.4,2592.3,353
2026-03-06 02:30:00+01:00,2592.5,2596.3,2592.1,2593.5,226
2026-03-06 02:40:00+01:00,2593.9,2594.5,2591.7,2593.2,214
2026-03-06 02:50:00+01:00,2593.2,2597.0,2592.6,2595.0,272
2026-03-06 03:00:00+01:00,2595.0,2597.0,2594.0,2595.9,178
2026-03-06 03:10:00+01:00,2595.8,2598.9,2595.8,2598.3,240
2026-03-06 03:20:00+01:00,2598.3,2599.1,2597.7,2598.8,189
2026-03-06 03:30:00+01:00,2598.9,2599.0,2596.3,2597.0,178
2026-03-06 03:40:00+01:00,2596.8,2597.1,2596.0,2596.6,112
2026-03-06 03:50:00+01:00,2596.2,2596.3,2593.5,2593.9,166
2026-03-06 04:00:00+01:00,2594.2,2597.5,2594.2,2596.7,165
2026-03-06 04:10:00+01:00,2597.0,2597.2,2595.2,2596.5,73
2026-03-06 04:20:00+01:00,2596.4,2597.6,2595.6,2595.8,116
2026-03-06 04:30:00+01:00,2596.3,2596.8,2594.9,2596.7,101
2026-03-06 04:40:00+01:00,2596.9,2599.1,2596.9,2598.7,136
2026-03-06 04:50:00+01:00,2598.8,2599.9,2598.5,2599.7,119
2026-03-06 05:00:00+01:00,2599.5,2600.5,2599.0,2600.0,153
2026-03-06 05:20:00+01:00,2598.7,2598.7,2596.3,2596.3,104
2026-03-06 05:30:00+01:00,2596.6,2598.8,2596.4,2598.1,147
2026-03-06 05:40:00+01:00,2598.1,2600.7,2598.0,2600.3,103
2026-03-06 05:50:00+01:00,2600.2,2600.3,2597.3,2597.8,78
2026-03-06 06:10:00+01:00,2600.0,2600.9,2599.8,2600.7,137
2026-03-06 06:20:00+01:00,2600.8,2600.8,2599.4,2600.2,111
2026-03-06 06:30:00+01:00,2600.5,2602.7,2599.7,2601.7,195
2026-03-06 06:40:00+01:00,2601.9,2601.9,2598.9,2599.1,137
2026-03-06 06:50:00+01:00,2599.0,2600.6,2598.6,2599.9,134
2026-03-06 07:00:00+01:00,2600.0,2601.5,2599.7,2600.7,82
2026-03-06 07:10:00+01:00,2600.5,2600.9,2599.1,2599.7,107
2026-03-06 07:20:00+01:00,2599.7,2601.4,2598.9,2600.2,181
2026-03-06 07:30:00+01:00,2600.2,2601.0,2599.6,2600.7,71
2026-03-06 07:50:00+01:00,2601.2,2601.4,2599.4,2599.8,147
2026-03-06 08:00:00+01:00,2600.4,2600.8,2597.6,2598.1,189
2026-03-06 08:10:00+01:00,2597.8,2600.7,2597.2,2599.7,89
2026-03-06 08:20:00+01:00,2599.8,2603.4,2599.7,2601.9,228
2026-03-06 08:30:00+01:00,2601.9,2602.4,2600.8,2601.3,132
2026-03-06 08:40:00+01:00,2601.4,2602.2,2599.2,2599.8,141
2026-03-06 08:50:00+01:00,2599.9,2601.7,2599.0,2600.9,105
2026-03-06 09:00:00+01:00,2600.9,2600.9,2595.1,2595.5,475
2026-03-06 09:10:00+01:00,2595.2,2597.7,2593.6,2596.6,498
2026-03-06 09:20:00+01:00,2596.3,2597.4,2590.7,2590.9,339
2026-03-06 09:30:00+01:00,2590.9,2596.0,2590.6,2593.7,449
2026-03-06 09:40:00+01:00,2593.6,2599.4,2592.9,2596.8,356
2026-03-06 09:50:00+01:00,2596.4,2598.3,2593.8,2593.9,225
2026-03-06 10:00:00+01:00,2594.1,2595.5,2588.6,2588.7,504
2026-03-06 10:10:00+01:00,2588.8,2590.2,2582.6,2584.4,741
2026-03-06 10:20:00+01:00,2584.6,2584.6,2579.5,2580.1,662
2026-03-06 10:30:00+01:00,2579.9,2580.8,2573.9,2574.2,932
2026-03-06 10:40:00+01:00,2574.0,2575.7,2570.6,2573.6,992
2026-03-06 10:50:00+01:00,2573.3,2577.1,2571.8,2575.2,533
2026-03-06 11:00:00+01:00,2575.1,2582.1,2574.6,2579.8,714
2026-03-06 11:10:00+01:00,2580.0,2581.6,2577.8,2580.1,317
2026-03-06 11:20:00+01:00,2580.1,2583.1,2576.9,2582.3,768
2026-03-06 11:30:00+01:00,2582.5,2582.9,2577.5,2578.6,500
2026-03-06 11:40:00+01:00,2578.7,2581.5,2576.4,2577.7,352
2026-03-06 11:50:00+01:00,2578.2,2581.0,2576.8,2579.7,297
2026-03-06 12:00:00+01:00,2579.6,2580.1,2571.4,2574.2,975
2026-03-06 12:10:00+01:00,2574.0,2579.7,2572.1,2576.8,495
2026-03-06 12:20:00+01:00,2577.1,2580.5,2576.3,2578.7,375
2026-03-06 12:30:00+01:00,2579.2,2579.2,2572.5,2573.4,509
2026-03-06 12:40:00+01:00,2573.1,2573.1,2565.7,2570.1,1140
2026-03-06 12:50:00+01:00,2570.0,2570.7,2564.0,2565.6,862
2026-03-06 13:00:00+01:00,2565.9,2568.0,2563.8,2565.8,835
2026-03-06 13:10:00+01:00,2565.8,2569.2,2564.6,2568.5,601
2026-03-06 13:20:00+01:00,2568.3,2569.2,2564.7,2565.1,626
2026-03-06 13:30:00+01:00,2564.8,2566.5,2560.3,2562.1,1072
2026-03-06 13:40:00+01:00,2562.0,2565.7,2559.6,2560.8,682
2026-03-06 13:50:00+01:00,2561.0,2563.5,2560.0,2563.3,611
2026-03-06 14:00:00+01:00,2562.9,2567.4,2562.8,2566.4,875
2026-03-06 14:10:00+01:00,2566.0,2567.3,2564.4,2565.8,502
2026-03-06 14:20:00+01:00,2565.7,2570.2,2563.6,2569.2,936
2026-03-06 14:30:00+01:00,2567.9,2567.9,2546.2,2549.8,3867
2026-03-06 14:40:00+01:00,2549.8,2550.4,2535.6,2538.4,5304
2026-03-06 14:50:00+01:00,2538.4,2539.5,2524.9,2528.5,5654
2026-03-06 15:00:00+01:00,2528.2,2529.6,2522.2,2523.1,2830
2026-03-06 15:10:00+01:00,2523.0,2531.2,2522.5,2529.8,2849
2026-03-06 15:20:00+01:00,2529.8,2532.8,2528.2,2532.6,2419
2026-03-06 15:30:00+01:00,2532.6,2535.2,2519.5,2524.0,10460
2026-03-06 15:40:00+01:00,2524.1,2532.4,2519.6,2527.8,9209
2026-03-06 15:50:00+01:00,2527.7,2532.6,2517.8,2520.8,5980
2026-03-06 16:00:00+01:00,2521.1,2536.0,2520.6,2526.2,8013
2026-03-06 16:10:00+01:00,2526.2,2542.8,2525.7,2542.6,5706
2026-03-06 16:20:00+01:00,2542.4,2546.9,2538.7,2542.5,4845
2026-03-06 16:30:00+01:00,2542.0,2550.5,2541.6,2547.1,3695
2026-03-06 16:40:00+01:00,2547.1,2547.1,2537.1,2538.5,3594
2026-03-06 16:50:00+01:00,2539.1,2545.0,2527.2,2541.7,4959
2026-03-06 17:00:00+01:00,2541.7,2546.8,2537.3,2539.1,3030
2026-03-06 17:10:00+01:00,2539.4,2539.5,2530.7,2535.6,2993
2026-03-06 17:20:00+01:00,2535.9,2536.8,2529.2,2533.5,3069
2026-03-06 17:30:00+01:00,2533.5,2540.8,2528.0,2538.0,3555
2026-03-06 17:40:00+01:00,2538.2,2539.7,2533.8,2536.9,2271
2026-03-06 17:50:00+01:00,2536.8,2539.4,2527.9,2531.4,2777
2026-03-06 18:00:00+01:00,2531.4,2537.3,2526.6,2528.7,2638
2026-03-06 18:10:00+01:00,2528.6,2530.3,2525.0,2529.6,2369
2026-03-06 18:20:00+01:00,2530.0,2533.5,2523.5,2525.7,2262
2026-03-06 18:30:00+01:00,2525.6,2528.5,2519.3,2521.1,1982
2026-03-06 18:40:00+01:00,2521.4,2525.7,2516.5,2524.8,2595
2026-03-06 18:50:00+01:00,2524.7,2528.6,2521.2,2523.1,2080
2026-03-06 19:00:00+01:00,2522.9,2531.6,2522.4,2529.7,2505
2026-03-06 19:10:00+01:00,2529.7,2540.2,2527.9,2537.4,3006
2026-03-06 19:20:00+01:00,2537.2,2537.6,2531.2,2534.8,1506
2026-03-06 19:30:00+01:00,2534.9,2539.9,2529.6,2531.5,2708
2026-03-06 19:40:00+01:00,2531.4,2536.7,2531.0,2536.5,1549
2026-03-06 19:50:00+01:00,2536.9,2536.9,2529.5,2531.4,1786
2026-03-06 20:00:00+01:00,2531.5,2533.7,2528.3,2532.9,1657
2026-03-06 20:10:00+01:00,2532.9,2537.9,2532.8,2537.3,1608
2026-03-06 20:20:00+01:00,2537.1,2537.8,2529.9,2536.9,2507
2026-03-06 20:30:00+01:00,2536.7,2539.6,2534.2,2536.2,1602
2026-03-06 20:40:00+01:00,2536.5,2540.7,2533.1,2534.0,1403
2026-03-06 20:50:00+01:00,2533.8,2536.8,2532.2,2535.3,1252
2026-03-06 21:00:00+01:00,2535.6,2540.0,2535.5,2536.4,1333
2026-03-06 21:10:00+01:00,2536.5,2537.2,2529.5,2530.9,2089
2026-03-06 21:20:00+01:00,2530.7,2530.9,2524.4,2524.5,2012
2026-03-06 21:30:00+01:00,2524.6,2527.0,2518.1,2523.0,2005
2026-03-06 21:40:00+01:00,2523.3,2529.0,2521.0,2525.8,2725
2026-03-06 21:50:00+01:00,2525.9,2528.7,2521.6,2526.3,3604
2026-03-06 22:00:00+01:00,2526.5,2527.1,2520.3,2520.9,1506
2026-03-06 22:10:00+01:00,2521.3,2523.5,2520.1,2520.7,745
2026-03-06 22:20:00+01:00,2520.7,2521.1,2519.3,2519.3,277
2026-03-06 22:30:00+01:00,2519.7,2522.2,2518.7,2522.2,345
2026-03-06 22:40:00+01:00,2522.0,2523.3,2520.5,2523.3,561
2026-03-06 22:50:00+01:00,2523.1,2525.5,2522.9,2523.3,432
2026-03-08 23:00:00+01:00,2501.0,2501.0,2445.3,2448.5,2699
2026-03-08 23:10:00+01:00,2449.2,2460.0,2425.0,2440.3,1677
2026-03-08 23:20:00+01:00,2440.8,2445.7,2420.6,2428.9,1378
2026-03-08 23:30:00+01:00,2429.0,2440.1,2428.2,2433.1,1351
2026-03-08 23:40:00+01:00,2433.2,2444.0,2428.4,2442.5,1084
2026-03-08 23:50:00+01:00,2442.5,2449.3,2439.4,2447.4,1245
2026-03-09 00:00:00+01:00,2447.5,2455.9,2431.7,2434.6,2859
2026-03-09 00:10:00+01:00,2434.9,2445.0,2432.0,2442.1,1342
2026-03-09 00:20:00+01:00,2442.3,2451.3,2441.5,2449.0,1335
2026-03-09 00:30:00+01:00,2449.2,2450.1,2436.4,2437.6,1299
2026-03-09 00:40:00+01:00,2437.5,2443.1,2431.8,2435.4,1331
2026-03-09 00:50:00+01:00,2435.7,2438.0,2426.5,2434.3,1883
2026-03-09 01:00:00+01:00,2434.5,2446.1,2430.6,2444.6,2506
2026-03-09 01:10:00+01:00,2444.7,2449.9,2439.6,2439.9,1424
2026-03-09 01:20:00+01:00,2440.2,2443.5,2436.0,2441.4,1102
2026-03-09 01:30:00+01:00,2441.2,2451.1,2438.3,2447.1,1295
2026-03-09 01:40:00+01:00,2446.5,2446.5,2438.9,2441.6,1006
2026-03-09 01:50:00+01:00,2441.5,2441.9,2434.7,2441.4,1174
2026-03-09 02:00:00+01:00,2441.7,2443.8,2435.7,2437.8,1220
2026-03-09 02:10:00+01:00,2437.5,2439.9,2432.9,2436.1,1014
2026-03-09 02:20:00+01:00,2436.2,2437.4,2432.7,2433.1,606
2026-03-09 02:30:00+01:00,2433.2,2438.0,2431.2,2431.4,876
2026-03-09 02:40:00+01:00,2431.3,2431.6,2425.0,2425.6,1038
2026-03-09 02:50:00+01:00,2425.4,2430.0,2422.6,2425.6,1190
2026-03-09 03:00:00+01:00,2426.0,2430.9,2425.2,2428.0,859
2026-03-09 03:10:00+01:00,2428.2,2432.3,2418.2,2418.4,1307
2026-03-09 03:20:00+01:00,2418.4,2424.2,2417.6,2422.0,1228
2026-03-09 03:30:00+01:00,2422.1,2428.7,2416.9,2427.7,1180
2026-03-09 03:40:00+01:00,2428.0,2431.1,2427.9,2430.3,905
2026-03-09 03:50:00+01:00,2430.6,2435.1,2428.9,2430.7,646
2026-03-09 04:00:00+01:00,2430.6,2434.9,2430.5,2432.3,456
2026-03-09 04:10:00+01:00,2431.9,2432.7,2427.1,2427.2,645
2026-03-09 04:20:00+01:00,2427.4,2430.0,2425.1,2425.6,487
2026-03-09 04:30:00+01:00,2426.3,2431.7,2425.0,2426.4,487
2026-03-09 04:40:00+01:00,2425.9,2426.5,2421.3,2422.7,503
2026-03-09 04:50:00+01:00,2422.8,2427.6,2422.8,2426.9,417
2026-03-09 05:00:00+01:00,2427.4,2436.2,2427.3,2434.0,520
2026-03-09 05:10:00+01:00,2433.9,2434.9,2428.4,2429.8,217
2026-03-09 05:20:00+01:00,2430.0,2433.9,2429.7,2433.8,224
2026-03-09 05:30:00+01:00,2433.1,2433.3,2430.2,2430.7,209
2026-03-09 05:40:00+01:00,2430.6,2430.7,2427.4,2428.6,260
2026-03-09 05:50:00+01:00,2428.3,2430.2,2427.4,2428.1,182
2026-03-09 06:00:00+01:00,2428.4,2435.1,2426.1,2433.3,442
2026-03-09 06:10:00+01:00,2433.4,2434.2,2430.6,2430.8,198
2026-03-09 06:20:00+01:00,2430.5,2445.5,2430.1,2444.4,1406
2026-03-09 06:30:00+01:00,2444.9,2446.8,2438.7,2439.6,836
2026-03-09 06:40:00+01:00,2439.7,2451.0,2438.1,2450.7,696
2026-03-09 06:50:00+01:00,2450.4,2451.3,2445.4,2449.4,557
2026-03-09 07:00:00+01:00,2449.5,2455.6,2448.1,2455.3,807
2026-03-09 07:10:00+01:00,2455.3,2458.0,2449.6,2451.6,921
2026-03-09 07:20:00+01:00,2451.5,2454.0,2448.0,2452.7,715
2026-03-09 07:30:00+01:00,2452.6,2454.8,2446.6,2446.7,772
2026-03-09 07:40:00+01:00,2446.5,2447.8,2440.5,2442.3,443
2026-03-09 07:50:00+01:00,2442.1,2447.8,2440.4,2443.6,618
2026-03-09 08:00:00+01:00,2443.8,2449.8,2441.1,2445.5,941
2026-03-09 08:10:00+01:00,2445.2,2453.4,2444.2,2450.1,683
2026-03-09 08:20:00+01:00,2450.2,2459.5,2450.0,2458.3,857
2026-03-09 08:30:00+01:00,2458.4,2459.7,2453.6,2457.5,516
2026-03-09 08:40:00+01:00,2457.1,2458.9,2453.7,2457.2,481
2026-03-09 08:50:00+01:00,2457.5,2460.4,2455.0,2457.5,477
2026-03-09 09:00:00+01:00,2457.6,2463.0,2455.6,2462.5,1769
2026-03-09 09:10:00+01:00,2462.2,2463.4,2454.3,2459.1,1200
2026-03-09 09:20:00+01:00,2459.2,2468.9,2458.4,2461.3,1379
2026-03-09 09:30:00+01:00,2461.1,2470.7,2461.1,2467.5,1182
2026-03-09 09:40:00+01:00,2467.3,2467.8,2459.5,2465.7,903
2026-03-09 09:50:00+01:00,2465.8,2471.1,2465.8,2468.7,595
2026-03-09 10:00:00+01:00,2469.1,2470.1,2464.0,2468.3,597
2026-03-09 10:10:00+01:00,2468.3,2479.2,2465.6,2477.8,916
2026-03-09 10:20:00+01:00,2478.0,2485.0,2477.7,2483.1,1001
2026-03-09 10:30:00+01:00,2483.0,2495.6,2479.0,2489.0,2323
2026-03-09 10:40:00+01:00,2488.9,2491.0,2481.9,2483.8,1083
2026-03-09 10:50:00+01:00,2483.8,2485.5,2478.5,2484.1,999
2026-03-09 11:00:00+01:00,2484.1,2486.7,2478.3,2480.4,776
2026-03-09 11:10:00+01:00,2480.5,2482.4,2475.5,2479.3,690
2026-03-09 11:20:00+01:00,2479.3,2482.5,2475.4,2475.8,474
2026-03-09 11:30:00+01:00,2475.7,2480.8,2473.3,2477.7,1137
2026-03-09 11:40:00+01:00,2477.9,2480.8,2473.6,2474.7,861
2026-03-09 11:50:00+01:00,2474.5,2476.7,2471.0,2474.8,865
2026-03-09 12:00:00+01:00,2475.4,2483.2,2474.4,2479.8,722
2026-03-09 12:10:00+01:00,2479.7,2480.0,2474.4,2475.0,521
2026-03-09 12:20:00+01:00,2475.2,2478.5,2472.0,2474.3,387
2026-03-09 12:30:00+01:00,2474.3,2483.9,2473.7,2481.3,685
2026-03-09 12:40:00+01:00,2481.0,2483.2,2477.8,2479.4,577
2026-03-09 12:50:00+01:00,2479.0,2484.2,2478.5,2479.1,499
2026-03-09 13:00:00+01:00,2479.1,2486.7,2477.6,2481.9,785
2026-03-09 13:10:00+01:00,2481.9,2488.7,2480.4,2487.9,790
2026-03-09 13:20:00+01:00,2488.3,2492.2,2487.6,2491.2,957
2026-03-09 13:30:00+01:00,2491.2,2491.9,2482.9,2483.2,761
2026-03-09 13:40:00+01:00,2483.5,2484.2,2477.9,2478.0,820
2026-03-09 13:50:00+01:00,2478.1,2482.1,2474.6,2482.0,1021
2026-03-09 14:00:00+01:00,2482.3,2487.3,2481.3,2485.0,1047
2026-03-09 14:10:00+01:00,2485.2,2492.3,2485.0,2487.5,1152
2026-03-09 14:20:00+01:00,2487.7,2493.3,2485.9,2492.7,1436
2026-03-09 14:30:00+01:00,2492.9,2495.4,2480.5,2482.6,8455
2026-03-09 14:40:00+01:00,2482.5,2487.6,2475.8,2478.1,7469
2026-03-09 14:50:00+01:00,2477.9,2479.7,2466.9,2473.2,7434
2026-03-09 15:00:00+01:00,2473.0,2482.6,2462.8,2465.8,6463
2026-03-09 15:10:00+01:00,2465.8,2475.5,2460.8,2473.1,3333
2026-03-09 15:20:00+01:00,2473.2,2481.1,2467.1,2471.6,5422
2026-03-09 15:30:00+01:00,2471.4,2483.5,2471.0,2481.6,4334
2026-03-09 15:40:00+01:00,2481.7,2492.2,2478.5,2490.3,3960
2026-03-09 15:50:00+01:00,2490.3,2494.1,2486.8,2489.8,3386
2026-03-09 16:00:00+01:00,2490.0,2498.3,2489.6,2494.0,2855
2026-03-09 16:10:00+01:00,2493.9,2499.0,2492.4,2497.0,2596
2026-03-09 16:20:00+01:00,2496.7,2504.7,2495.3,2502.9,2829
2026-03-09 16:30:00+01:00,2502.9,2503.6,2492.0,2492.4,2651
2026-03-09 16:40:00+01:00,2492.1,2496.3,2490.0,2490.8,2316
2026-03-09 16:50:00+01:00,2491.0,2498.1,2490.2,2495.4,1890
2026-03-09 17:00:00+01:00,2495.5,2502.2,2494.1,2500.8,2099
2026-03-09 17:10:00+01:00,2500.9,2502.5,2496.6,2498.9,1419
2026-03-09 17:20:00+01:00,2498.6,2509.5,2496.2,2506.4,3011
2026-03-09 17:30:00+01:00,2506.7,2509.2,2502.1,2508.0,2288
2026-03-09 17:40:00+01:00,2507.8,2514.8,2507.8,2513.7,1939
2026-03-09 17:50:00+01:00,2513.8,2516.1,2511.2,2511.6,1481
2026-03-09 18:00:00+01:00,2512.1,2512.7,2506.0,2507.7,1564
2026-03-09 18:10:00+01:00,2507.6,2509.6,2501.3,2501.6,1455
2026-03-09 18:20:00+01:00,2501.5,2502.3,2497.4,2498.8,1543
2026-03-09 18:30:00+01:00,2498.8,2501.4,2496.8,2497.4,1317
2026-03-09 18:40:00+01:00,2497.2,2498.6,2493.7,2495.3,1426
2026-03-09 18:50:00+01:00,2495.5,2499.4,2494.6,2496.7,1129
2026-03-09 19:00:00+01:00,2496.8,2503.4,2496.6,2501.2,1560
2026-03-09 19:10:00+01:00,2501.1,2511.7,2500.8,2511.1,1410
2026-03-09 19:20:00+01:00,2511.3,2514.1,2506.9,2508.5,1796
2026-03-09 19:30:00+01:00,2508.5,2516.3,2508.4,2513.7,2363
2026-03-09 19:40:00+01:00,2513.5,2514.1,2511.1,2512.8,846
2026-03-09 19:50:00+01:00,2512.6,2515.7,2508.8,2510.1,1167
2026-03-09 20:00:00+01:00,2510.4,2513.2,2510.0,2512.3,766
2026-03-09 20:10:00+01:00,2512.4,2527.5,2511.9,2526.5,3548
2026-03-09 20:20:00+01:00,2526.1,2559.6,2525.6,2558.6,11384
2026-03-09 20:30:00+01:00,2558.4,2564.5,2547.1,2563.1,9184
2026-03-09 20:40:00+01:00,2562.6,2562.6,2551.4,2558.0,5501
2026-03-09 20:50:00+01:00,2557.9,2558.4,2550.2,2553.4,4557
2026-03-09 21:00:00+01:00,2553.4,2556.4,2545.7,2545.8,1648
2026-03-09 21:10:00+01:00,2545.7,2547.4,2541.3,2542.5,1095
2026-03-09 21:20:00+01:00,2542.5,2548.1,2541.1,2548.0,511
2026-03-09 21:30:00+01:00,2547.4,2551.3,2545.7,2550.5,858
2026-03-09 21:40:00+01:00,2549.3,2553.7,2549.1,2553.2,508
2026-03-09 21:50:00+01:00,2552.8,2556.3,2551.8,2553.7,479
2026-03-09 23:00:00+01:00,2553.7,2555.5,2540.1,2550.7,959
2026-03-09 23:10:00+01:00,2549.6,2550.3,2540.8,2541.2,541
2026-03-09 23:20:00+01:00,2540.9,2544.7,2535.4,2543.4,1074
2026-03-09 23:30:00+01:00,2543.7,2543.7,2537.1,2537.4,470
2026-03-09 23:40:00+01:00,2536.7,2542.9,2536.7,2541.7,449
2026-03-09 23:50:00+01:00,2541.5,2542.3,2537.9,2538.9,330
2026-03-10 00:00:00+01:00,2538.6,2540.0,2535.7,2539.3,542
2026-03-10 00:10:00+01:00,2539.5,2540.4,2538.3,2540.4,248
2026-03-10 00:20:00+01:00,2540.3,2540.3,2537.1,2538.4,166
2026-03-10 00:30:00+01:00,2537.9,2538.6,2535.6,2535.8,165
2026-03-10 00:40:00+01:00,2536.2,2536.3,2533.6,2535.1,323
2026-03-10 00:50:00+01:00,2535.0,2535.0,2531.4,2534.7,413
2026-03-10 01:00:00+01:00,2534.8,2537.2,2532.6,2534.0,587
2026-03-10 01:10:00+01:00,2534.0,2536.0,2530.2,2535.8,580
2026-03-10 01:20:00+01:00,2535.9,2539.6,2534.0,2539.5,387
2026-03-10 01:30:00+01:00,2539.6,2542.4,2536.2,2542.0,475
2026-03-10 01:40:00+01:00,2541.8,2546.9,2541.4,2542.9,555
2026-03-10 01:50:00+01:00,2543.0,2544.1,2540.5,2540.8,326
2026-03-10 02:00:00+01:00,2540.9,2544.8,2539.0,2544.3,342
2026-03-10 02:10:00+01:00,2544.9,2545.9,2541.7,2542.7,384
2026-03-10 02:20:00+01:00,2542.6,2545.3,2541.9,2543.2,268
2026-03-10 02:30:00+01:00,2542.8,2544.2,2540.8,2541.6,261
2026-03-10 02:40:00+01:00,2541.3,2546.7,2540.7,2545.5,262
2026-03-10 02:50:00+01:00,2545.3,2549.0,2545.2,2547.3,343
2026-03-10 03:00:00+01:00,2547.1,2548.3,2545.5,2546.0,187
2026-03-10 03:10:00+01:00,2546.2,2547.0,2545.3,2546.0,132
2026-03-10 03:20:00+01:00,2545.7,2546.2,2544.7,2544.9,149
2026-03-10 03:30:00+01:00,2544.9,2545.2,2541.0,2542.2,450
2026-03-10 03:40:00+01:00,2542.2,2542.6,2536.4,2536.6,313
2026-03-10 03:50:00+01:00,2536.6,2536.6,2533.5,2534.7,440
2026-03-10 04:00:00+01:00,2534.9,2537.5,2534.2,2535.4,273
2026-03-10 04:10:00+01:00,2535.8,2536.6,2534.4,2535.8,297
2026-03-10 04:20:00+01:00,2536.5,2539.7,2534.0,2535.0,415
2026-03-10 04:30:00+01:00,2534.7,2535.2,2530.7,2531.3,247
2026-03-10 04:40:00+01:00,2531.3,2531.6,2523.9,2525.6,710
2026-03-10 04:50:00+01:00,2525.6,2529.5,2524.9,2528.1,382
2026-03-10 05:00:00+01:00,2528.5,2530.4,2525.5,2529.0,405
2026-03-10 05:10:00+01:00,2529.2,2535.2,2529.2,2534.9,394
2026-03-10 05:20:00+01:00,2534.7,2535.1,2531.3,2531.8,177
2026-03-10 05:30:00+01:00,2532.1,2534.6,2531.1,2534.6,119
2026-03-10 05:40:00+01:00,2534.6,2535.9,2533.4,2533.9,127
2026-03-10 05:50:00+01:00,2533.9,2533.9,2530.8,2533.4,161
2026-03-10 06:00:00+01:00,2533.4,2540.5,2533.2,2539.8,340
2026-03-10 06:10:00+01:00,2540.0,2541.2,2537.8,2539.7,189
2026-03-10 06:20:00+01:00,2539.5,2541.1,2536.9,2538.5,204
2026-03-10 06:30:00+01:00,2538.7,2540.5,2537.2,2539.9,178
2026-03-10 06:40:00+01:00,2539.8,2541.8,2538.8,2541.3,79
2026-03-10 06:50:00+01:00,2541.1,2541.8,2540.5,2541.4,116
2026-03-10 07:00:00+01:00,2541.6,2542.5,2541.1,2541.9,158
2026-03-10 07:10:00+01:00,2541.6,2542.9,2539.5,2539.7,170
2026-03-10 07:20:00+01:00,2539.6,2541.7,2538.0,2541.2,217
2026-03-10 07:30:00+01:00,2541.0,2545.0,2540.8,2543.1,345
2026-03-10 07:40:00+01:00,2543.0,2543.6,2541.5,2542.8,188
2026-03-10 07:50:00+01:00,2542.9,2543.8,2540.4,2542.3,231
2026-03-10 08:00:00+01:00,2542.0,2550.4,2539.7,2548.5,586
2026-03-10 08:10:00+01:00,2548.8,2549.0,2545.4,2548.6,301
2026-03-10 08:20:00+01:00,2548.9,2556.4,2548.7,2555.8,754
2026-03-10 08:30:00+01:00,2555.7,2557.5,2552.0,2553.3,614
2026-03-10 08:40:00+01:00,2553.3,2559.4,2552.6,2559.4,448
2026-03-10 08:50:00+01:00,2559.0,2559.0,2555.3,2558.5,459
2026-03-10 09:00:00+01:00,2558.5,2565.6,2556.7,2564.5,1216
2026-03-10 09:10:00+01:00,2564.4,2564.6,2559.6,2562.7,624
2026-03-10 09:20:00+01:00,2562.6,2565.6,2561.9,2564.9,632
2026-03-10 09:30:00+01:00,2563.9,2567.3,2562.9,2566.2,541
2026-03-10 09:40:00+01:00,2566.3,2569.0,2565.6,2567.1,805
2026-03-10 09:50:00+01:00,2566.8,2566.8,2558.4,2558.9,684
2026-03-10 10:00:00+01:00,2559.0,2566.0,2558.4,2565.8,480
2026-03-10 10:10:00+01:00,2566.0,2566.9,2563.3,2564.2,376
2026-03-10 10:20:00+01:00,2563.8,2563.8,2560.7,2562.8,481
2026-03-10 10:30:00+01:00,2562.9,2566.2,2562.1,2564.1,376
2026-03-10 10:40:00+01:00,2564.0,2566.3,2560.8,2561.0,440
2026-03-10 10:50:00+01:00,2561.1,2564.5,2559.3,2559.5,436
2026-03-10 11:00:00+01:00,2559.7,2560.2,2553.8,2557.1,508
2026-03-10 11:10:00+01:00,2557.2,2559.1,2555.4,2556.5,494
2026-03-10 11:20:00+01:00,2556.3,2558.9,2555.0,2558.7,435
2026-03-10 11:30:00+01:00,2559.0,2560.2,2548.7,2551.3,918
2026-03-10 11:40:00+01:00,2551.0,2554.1,2550.5,2550.9,504
2026-03-10 11:50:00+01:00,2550.9,2553.1,2549.8,2551.8,378
2026-03-10 12:00:00+01:00,2551.7,2558.9,2547.8,2549.1,1249
2026-03-10 12:10:00+01:00,2549.1,2549.9,2544.6,2544.8,673
2026-03-10 12:20:00+01:00,2544.9,2547.3,2543.7,2546.0,462
2026-03-10 12:30:00+01:00,2546.3,2546.4,2543.2,2543.9,454
2026-03-10 12:40:00+01:00,2543.7,2544.6,2540.5,2541.8,512
2026-03-10 12:50:00+01:00,2542.1,2545.0,2539.1,2541.2,655
2026-03-10 13:00:00+01:00,2541.7,2541.7,2531.9,2532.3,1343
2026-03-10 13:10:00+01:00,2532.3,2536.2,2531.1,2534.3,806
2026-03-10 13:20:00+01:00,2534.1,2539.3,2533.5,2533.5,761
2026-03-10 13:30:00+01:00,2533.6,2539.1,2531.3,2536.5,701
2026-03-10 13:40:00+01:00,2536.0,2542.2,2535.7,2541.7,771
2026-03-10 13:50:00+01:00,2542.0,2543.1,2537.6,2538.7,987
2026-03-10 14:00:00+01:00,2538.8,2542.1,2538.8,2542.1,806
2026-03-10 14:10:00+01:00,2542.2,2544.0,2540.5,2542.1,700
2026-03-10 14:20:00+01:00,2542.2,2546.9,2541.8,2546.6,1158
2026-03-10 14:30:00+01:00,2546.9,2559.2,2545.6,2547.3,7584
2026-03-10 14:40:00+01:00,2547.2,2555.3,2541.1,2554.9,5447
2026-03-10 14:50:00+01:00,2555.2,2560.0,2551.5,2555.6,4107
2026-03-10 15:00:00+01:00,2555.6,2559.1,2543.0,2544.1,4994
2026-03-10 15:10:00+01:00,2544.1,2555.8,2543.0,2554.4,3940
2026-03-10 15:20:00+01:00,2554.5,2564.3,2554.4,2559.3,4075
2026-03-10 15:30:00+01:00,2559.1,2568.4,2558.8,2567.8,3470
2026-03-10 15:40:00+01:00,2567.8,2574.6,2566.5,2574.6,3206
2026-03-10 15:50:00+01:00,2574.6,2578.7,2572.6,2578.0,2094
2026-03-10 16:00:00+01:00,2577.8,2580.5,2572.6,2573.8,2922
2026-03-10 16:10:00+01:00,2573.6,2582.0,2571.6,2579.6,2033
2026-03-10 16:20:00+01:00,2579.5,2584.3,2578.7,2583.3,1528
2026-03-10 16:30:00+01:00,2583.4,2584.6,2579.0,2583.7,1967
2026-03-10 16:40:00+01:00,2583.6,2587.0,2580.3,2581.8,2083
2026-03-10 16:50:00+01:00,2581.9,2584.8,2577.1,2579.8,1507
2026-03-10 17:00:00+01:00,2579.8,2580.5,2570.6,2572.0,2105
2026-03-10 17:10:00+01:00,2571.9,2579.6,2571.7,2578.1,1900
2026-03-10 17:20:00+01:00,2578.3,2578.3,2573.4,2574.6,2062
2026-03-10 17:30:00+01:00,2575.1,2581.9,2574.6,2580.0,1731
2026-03-10 17:40:00+01:00,2579.9,2581.1,2575.6,2578.2,1153
2026-03-10 17:50:00+01:00,2578.4,2583.3,2577.5,2580.5,1211
2026-03-10 18:00:00+01:00,2580.2,2586.7,2579.4,2585.6,1672
2026-03-10 18:10:00+01:00,2585.4,2588.8,2582.0,2588.5,1846
2026-03-10 18:20:00+01:00,2588.5,2594.1,2587.4,2593.3,2000
2026-03-10 18:30:00+01:00,2593.0,2594.3,2577.8,2581.2,3970
2026-03-10 18:40:00+01:00,2581.1,2584.8,2576.3,2582.5,2796
2026-03-10 18:50:00+01:00,2582.2,2585.7,2580.7,2582.6,1274
2026-03-10 19:00:00+01:00,2582.8,2584.9,2577.7,2578.1,1532
2026-03-10 19:10:00+01:00,2578.0,2581.6,2553.9,2555.2,8449
2026-03-10 19:20:00+01:00,2555.0,2563.5,2545.6,2558.8,7871
2026-03-10 19:30:00+01:00,2558.8,2566.7,2555.2,2559.2,4129
2026-03-10 19:40:00+01:00,2559.1,2560.8,2552.7,2556.4,2930
2026-03-10 19:50:00+01:00,2556.5,2561.3,2551.6,2553.1,2032
2026-03-10 20:00:00+01:00,2553.3,2556.8,2551.0,2555.8,1995
2026-03-10 20:10:00+01:00,2555.7,2562.9,2552.2,2562.0,1748
2026-03-10 20:20:00+01:00,2561.9,2562.7,2551.1,2552.0,2995
2026-03-10 20:30:00+01:00,2552.1,2555.0,2547.8,2554.6,2256
2026-03-10 20:40:00+01:00,2554.7,2561.1,2547.0,2548.9,3585
2026-03-10 20:50:00+01:00,2548.9,2551.4,2545.2,2550.9,2824
2026-03-10 21:00:00+01:00,2551.1,2552.0,2549.2,2550.7,940
2026-03-10 21:10:00+01:00,2550.3,2551.9,2548.5,2551.1,407
2026-03-10 21:20:00+01:00,2551.1,2552.5,2549.9,2551.3,207
2026-03-10 21:30:00+01:00,2551.1,2551.9,2550.8,2551.5,140
2026-03-10 21:40:00+01:00,2551.7,2552.4,2550.9,2552.2,152
2026-03-10 21:50:00+01:00,2551.3,2552.4,2549.8,2551.0,261
2026-03-10 23:00:00+01:00,2551.9,2551.9,2547.1,2549.4,334
2026-03-10 23:10:00+01:00,2549.2,2553.2,2548.3,2548.9,258
2026-03-10 23:20:00+01:00,2548.6,2549.5,2545.0,2545.1,333
2026-03-10 23:30:00+01:00,2545.3,2547.1,2544.0,2544.2,393
2026-03-10 23:40:00+01:00,2544.6,2545.3,2542.0,2544.2,206
2026-03-10 23:50:00+01:00,2544.3,2546.0,2543.5,2546.0,152
2026-03-11 00:00:00+01:00,2545.9,2547.4,2545.5,2547.4,189
2026-03-11 00:10:00+01:00,2547.1,2550.1,2546.3,2548.8,263
2026-03-11 00:20:00+01:00,2549.1,2551.7,2549.1,2550.6,200
2026-03-11 00:30:00+01:00,2550.6,2550.7,2549.1,2549.7,116
2026-03-11 00:40:00+01:00,2549.8,2552.1,2548.9,2551.9,148
2026-03-11 00:50:00+01:00,2552.1,2554.6,2552.1,2552.9,384
2026-03-11 01:00:00+01:00,2553.3,2560.3,2552.1,2557.8,595
2026-03-11 01:10:00+01:00,2557.7,2562.5,2554.5,2560.5,834
2026-03-11 01:20:00+01:00,2560.5,2563.3,2557.7,2560.6,508
2026-03-11 01:30:00+01:00,2560.5,2561.5,2557.0,2558.4,337
2026-03-11 01:40:00+01:00,2558.5,2560.9,2557.5,2558.0,229
2026-03-11 01:50:00+01:00,2558.1,2559.5,2557.7,2558.4,101
2026-03-11 02:00:00+01:00,2559.3,2560.7,2557.4,2559.3,209
2026-03-11 02:10:00+01:00,2559.1,2561.8,2558.5,2561.3,158
2026-03-11 02:20:00+01:00,2561.3,2561.7,2559.2,2560.2,154
2026-03-11 02:30:00+01:00,2560.1,2561.7,2559.8,2560.6,152
2026-03-11 02:40:00+01:00,2560.8,2563.4,2560.6,2561.6,258
2026-03-11 02:50:00+01:00,2561.6,2562.0,2560.0,2561.8,147
2026-03-11 03:00:00+01:00,2561.8,2563.1,2561.5,2562.4,144
2026-03-11 03:10:00+01:00,2562.5,2565.8,2561.4,2565.2,252
2026-03-11 03:20:00+01:00,2564.8,2565.3,2563.2,2563.3,159
2026-03-11 03:30:00+01:00,2563.1,2563.7,2561.2,2561.2,202
2026-03-11 03:40:00+01:00,2561.4,2563.2,2561.2,2562.8,136
2026-03-11 03:50:00+01:00,2563.0,2564.0,2562.8,2563.3,71
2026-03-11 04:00:00+01:00,2563.2,2564.4,2561.9,2562.5,119
2026-03-11 04:10:00+01:00,2562.0,2563.7,2562.0,2563.7,70
2026-03-11 04:20:00+01:00,2563.5,2563.5,2562.7,2563.2,37
2026-03-11 04:30:00+01:00,2563.1,2566.1,2563.1,2566.0,205
2026-03-11 04:50:00+01:00,2565.8,2566.4,2564.4,2565.9,105
2026-03-11 05:10:00+01:00,2564.9,2565.5,2564.0,2564.9,56
2026-03-11 05:30:00+01:00,2565.6,2565.7,2563.7,2564.0,82
2026-03-11 05:40:00+01:00,2564.3,2564.8,2563.5,2564.2,88
2026-03-11 05:50:00+01:00,2564.5,2564.7,2562.4,2562.8,134
2026-03-11 06:00:00+01:00,2562.9,2563.8,2559.5,2559.9,170
2026-03-11 06:10:00+01:00,2559.9,2561.5,2559.2,2560.0,162
2026-03-11 06:20:00+01:00,2559.8,2561.4,2558.6,2560.1,99
2026-03-11 06:30:00+01:00,2560.1,2560.2,2558.4,2558.6,91
2026-03-11 06:40:00+01:00,2558.3,2559.2,2555.3,2556.8,225
2026-03-11 06:50:00+01:00,2556.6,2556.8,2554.5,2555.2,180
2026-03-11 07:00:00+01:00,2555.3,2555.5,2553.4,2554.1,223
2026-03-11 07:10:00+01:00,2553.9,2555.7,2553.1,2553.3,194
2026-03-11 07:20:00+01:00,2553.5,2553.9,2551.8,2552.7,107
2026-03-11 07:30:00+01:00,2553.1,2557.4,2553.1,2556.9,180
2026-03-11 07:50:00+01:00,2555.5,2556.2,2554.7,2555.2,116
2026-03-11 08:00:00+01:00,2555.4,2556.5,2551.6,2554.6,309
2026-03-11 08:10:00+01:00,2554.7,2556.5,2552.9,2554.0,233
2026-03-11 08:20:00+01:00,2554.2,2554.6,2550.0,2550.3,308
2026-03-11 08:30:00+01:00,2550.4,2551.1,2543.5,2543.9,579
2026-03-11 08:40:00+01:00,2544.0,2545.8,2542.1,2545.8,560
2026-03-11 08:50:00+01:00,2545.7,2549.3,2545.3,2548.2,330
2026-03-11 09:00:00+01:00,2548.3,2551.6,2546.7,2550.2,564
2026-03-11 09:10:00+01:00,2550.1,2551.4,2548.2,2548.5,454
2026-03-11 09:20:00+01:00,2548.6,2550.7,2546.0,2548.1,335
2026-03-11 09:30:00+01:00,2547.9,2551.0,2543.0,2543.8,511
2026-03-11 09:40:00+01:00,2543.9,2546.5,2539.5,2540.3,633
2026-03-11 09:50:00+01:00,2540.5,2544.8,2533.9,2539.9,1356
2026-03-11 10:00:00+01:00,2540.1,2540.3,2532.8,2535.6,810
2026-03-11 10:10:00+01:00,2535.6,2536.6,2532.2,2535.8,781
2026-03-11 10:20:00+01:00,2535.9,2539.9,2532.2,2532.6,471
2026-03-11 10:30:00+01:00,2532.6,2537.2,2532.0,2535.8,406
2026-03-11 10:40:00+01:00,2535.8,2538.1,2533.5,2534.7,307
2026-03-11 10:50:00+01:00,2534.5,2534.9,2532.2,2533.4,279
2026-03-11 11:00:00+01:00,2533.4,2543.4,2533.1,2543.1,609
2026-03-11 11:10:00+01:00,2543.1,2545.4,2541.1,2543.0,478
2026-03-11 11:20:00+01:00,2543.4,2545.0,2541.5,2544.1,343
2026-03-11 11:30:00+01:00,2544.2,2549.6,2543.5,2549.3,499
2026-03-11 11:40:00+01:00,2549.2,2554.4,2548.6,2552.9,637
2026-03-11 11:50:00+01:00,2552.9,2554.0,2552.4,2553.9,297
2026-03-11 12:00:00+01:00,2553.6,2557.6,2553.1,2554.0,667
2026-03-11 12:10:00+01:00,2553.8,2555.8,2550.7,2550.7,519
2026-03-11 12:20:00+01:00,2550.8,2550.9,2543.4,2544.5,831
2026-03-11 12:30:00+01:00,2544.6,2545.7,2542.7,2544.1,488
2026-03-11 12:40:00+01:00,2544.6,2545.0,2535.4,2535.5,785
2026-03-11 12:50:00+01:00,2535.5,2543.8,2534.6,2539.4,1709
2026-03-11 13:00:00+01:00,2539.2,2542.3,2536.9,2537.1,790
2026-03-11 13:10:00+01:00,2537.2,2540.5,2536.3,2539.5,578
2026-03-11 13:20:00+01:00,2539.7,2544.2,2536.8,2536.8,730
2026-03-11 13:30:00+01:00,2537.2,2551.4,2531.7,2535.4,1735
2026-03-11 13:40:00+01:00,2535.7,2536.7,2526.7,2529.6,1097
2026-03-11 13:50:00+01:00,2529.2,2532.0,2526.7,2531.0,940
2026-03-11 14:00:00+01:00,2531.0,2539.2,2530.7,2532.6,2332
2026-03-11 14:10:00+01:00,2532.5,2537.0,2531.0,2536.1,981
2026-03-11 14:20:00+01:00,2536.0,2540.6,2534.5,2540.0,1425
2026-03-11 14:30:00+01:00,2540.3,2545.8,2529.6,2538.0,6248
2026-03-11 14:40:00+01:00,2538.2,2540.1,2522.5,2527.0,4935
2026-03-11 14:50:00+01:00,2526.8,2534.7,2525.4,2533.5,4625
2026-03-11 15:00:00+01:00,2532.8,2549.9,2531.7,2544.5,9565
2026-03-11 15:10:00+01:00,2543.9,2552.4,2538.2,2550.5,4895
2026-03-11 15:20:00+01:00,2550.1,2551.7,2536.2,2543.3,4436
2026-03-11 15:30:00+01:00,2543.1,2555.9,2538.5,2553.6,4809
2026-03-11 15:40:00+01:00,2553.6,2558.6,2551.4,2556.7,2971
2026-03-11 15:50:00+01:00,2556.7,2558.4,2552.3,2556.6,2131
2026-03-11 16:00:00+01:00,2556.6,2561.0,2550.3,2551.0,3222
2026-03-11 16:10:00+01:00,2550.7,2553.3,2536.3,2537.9,4056
2026-03-11 16:20:00+01:00,2538.1,2544.5,2534.2,2534.4,3011
2026-03-11 16:30:00+01:00,2534.7,2535.8,2530.0,2533.0,2436
2026-03-11 16:40:00+01:00,2533.1,2534.6,2525.6,2528.2,2282
2026-03-11 16:50:00+01:00,2528.3,2534.4,2527.7,2528.5,2204
2026-03-11 17:00:00+01:00,2528.5,2529.6,2524.0,2525.0,2014
2026-03-11 17:10:00+01:00,2525.2,2528.6,2523.3,2524.6,1951
2026-03-11 17:20:00+01:00,2524.7,2529.2,2523.2,2528.1,1511
2026-03-11 17:30:00+01:00,2528.1,2536.4,2527.8,2533.6,2189
2026-03-11 17:40:00+01:00,2533.4,2538.0,2532.8,2535.0,1264
2026-03-11 17:50:00+01:00,2535.3,2540.8,2535.1,2540.2,1078
2026-03-11 18:00:00+01:00,2540.2,2541.8,2538.3,2539.1,1069
2026-03-11 18:10:00+01:00,2538.5,2538.8,2534.1,2535.0,1281
2026-03-11 18:20:00+01:00,2535.2,2542.2,2534.8,2539.8,951
2026-03-11 18:30:00+01:00,2539.9,2540.8,2524.3,2529.7,3151
2026-03-11 18:40:00+01:00,2529.5,2533.6,2525.6,2530.4,2608
2026-03-11 18:50:00+01:00,2530.3,2536.4,2528.7,2532.4,2130
2026-03-11 19:00:00+01:00,2532.4,2535.7,2529.3,2529.7,1407
2026-03-11 19:10:00+01:00,2529.9,2534.0,2526.3,2533.1,1671
2026-03-11 19:20:00+01:00,2533.2,2538.2,2529.9,2536.6,1767
2026-03-11 19:30:00+01:00,2536.7,2538.1,2533.0,2534.2,1356
2026-03-11 19:40:00+01:00,2534.3,2535.9,2532.7,2533.0,782
2026-03-11 19:50:00+01:00,2533.3,2537.7,2533.3,2535.1,1064
2026-03-11 20:00:00+01:00,2535.1,2536.2,2530.9,2532.2,1010
2026-03-11 20:10:00+01:00,2532.1,2534.2,2531.0,2533.9,638
2026-03-11 20:20:00+01:00,2533.8,2536.4,2532.3,2535.0,662
2026-03-11 20:30:00+01:00,2534.9,2540.7,2534.3,2540.2,893
2026-03-11 20:40:00+01:00,2540.3,2543.7,2539.9,2542.3,1467
2026-03-11 20:50:00+01:00,2542.1,2545.8,2540.5,2545.6,2276
2026-03-11 21:00:00+01:00,2545.6,2546.6,2542.0,2543.8,1008
2026-03-11 21:10:00+01:00,2543.6,2545.0,2542.2,2544.3,463
2026-03-11 21:20:00+01:00,2544.3,2544.8,2543.7,2544.8,196
2026-03-11 21:30:00+01:00,2544.8,2545.8,2544.0,2544.7,203
2026-03-11 21:50:00+01:00,2543.8,2543.8,2539.8,2540.5,345
2026-03-11 23:00:00+01:00,2540.0,2540.0,2530.6,2531.4,639
2026-03-11 23:10:00+01:00,2531.3,2532.1,2529.6,2530.2,355
2026-03-11 23:20:00+01:00,2530.6,2530.6,2520.9,2523.4,988
2026-03-11 23:30:00+01:00,2523.8,2525.4,2516.5,2517.3,724
2026-03-11 23:40:00+01:00,2517.4,2521.2,2517.0,2520.5,603
2026-03-11 23:50:00+01:00,2520.2,2520.4,2513.2,2518.9,765
2026-03-12 00:00:00+01:00,2518.6,2518.8,2511.4,2513.6,656
2026-03-12 00:10:00+01:00,2513.7,2516.5,2512.0,2513.8,561
2026-03-12 00:20:00+01:00,2513.7,2515.7,2505.2,2506.5,686
2026-03-12 00:30:00+01:00,2506.3,2507.0,2500.6,2502.3,862
2026-03-12 00:40:00+01:00,2502.5,2503.8,2500.1,2503.1,610
2026-03-12 00:50:00+01:00,2503.2,2507.1,2503.2,2506.4,533
2026-03-12 01:00:00+01:00,2506.8,2507.5,2490.3,2495.6,1446
2026-03-12 01:10:00+01:00,2495.8,2498.5,2491.8,2496.4,942
2026-03-12 01:20:00+01:00,2496.6,2499.9,2495.8,2497.9,489
2026-03-12 01:30:00+01:00,2497.7,2503.8,2497.6,2503.5,560
2026-03-12 01:40:00+01:00,2503.4,2504.5,2501.3,2503.5,469
2026-03-12 01:50:00+01:00,2503.4,2503.4,2500.6,2502.3,277
2026-03-12 02:00:00+01:00,2502.1,2503.3,2495.7,2496.1,565
2026-03-12 02:10:00+01:00,2496.5,2499.8,2491.9,2493.3,1341
2026-03-12 02:20:00+01:00,2493.4,2498.5,2492.6,2498.4,538
2026-03-12 02:30:00+01:00,2498.1,2500.7,2498.1,2499.7,409
2026-03-12 02:40:00+01:00,2500.0,2500.6,2491.4,2491.7,624
2026-03-12 02:50:00+01:00,2491.9,2492.7,2485.1,2490.0,882
2026-03-12 03:00:00+01:00,2490.1,2491.6,2488.6,2490.1,458
2026-03-12 03:10:00+01:00,2489.6,2490.9,2488.3,2488.6,190
2026-03-12 03:20:00+01:00,2488.2,2488.3,2485.2,2487.1,395
2026-03-12 03:30:00+01:00,2486.8,2486.8,2477.6,2477.6,859
2026-03-12 03:40:00+01:00,2477.7,2481.9,2476.1,2479.6,699
2026-03-12 03:50:00+01:00,2480.0,2485.2,2479.5,2484.3,406
2026-03-12 04:00:00+01:00,2484.3,2489.4,2484.2,2488.6,450
2026-03-12 04:10:00+01:00,2488.5,2489.2,2485.6,2486.5,253
2026-03-12 04:20:00+01:00,2486.6,2487.4,2484.7,2485.7,183
2026-03-12 04:30:00+01:00,2485.1,2487.4,2485.0,2485.9,203
2026-03-12 04:40:00+01:00,2485.7,2487.8,2485.7,2486.9,200
2026-03-12 04:50:00+01:00,2487.0,2489.0,2486.9,2488.8,142
2026-03-12 05:00:00+01:00,2488.7,2491.4,2488.2,2489.9,270
2026-03-12 05:10:00+01:00,2489.9,2492.8,2489.9,2492.8,142
2026-03-12 05:20:00+01:00,2492.6,2493.5,2491.8,2493.0,175
2026-03-12 05:30:00+01:00,2493.2,2494.4,2489.4,2490.3,259
2026-03-12 05:40:00+01:00,2490.1,2490.4,2488.5,2488.6,142
2026-03-12 06:00:00+01:00,2489.3,2496.6,2489.1,2494.4,412
2026-03-12 06:10:00+01:00,2494.8,2497.0,2494.0,2494.8,304
2026-03-12 06:20:00+01:00,2494.3,2495.8,2492.5,2493.9,259
2026-03-12 06:30:00+01:00,2493.2,2494.6,2490.8,2491.5,231
2026-03-12 06:40:00+01:00,2492.2,2493.2,2488.7,2490.0,365
2026-03-12 06:50:00+01:00,2489.9,2495.1,2488.7,2494.9,177
2026-03-12 07:00:00+01:00,2494.8,2495.8,2492.6,2493.0,187
2026-03-12 07:10:00+01:00,2492.8,2495.0,2492.4,2493.5,129
2026-03-12 07:20:00+01:00,2493.1,2497.8,2493.0,2497.5,549
2026-03-12 07:30:00+01:00,2497.6,2500.5,2497.1,2499.1,279
2026-03-12 07:40:00+01:00,2499.0,2502.2,2498.4,2501.0,271
2026-03-12 07:50:00+01:00,2501.2,2503.8,2501.0,2502.7,268
2026-03-12 08:00:00+01:00,2502.9,2505.6,2502.3,2503.1,377
2026-03-12 08:10:00+01:00,2503.1,2506.0,2502.9,2504.8,240
2026-03-12 08:20:00+01:00,2504.8,2507.6,2504.6,2506.9,317
2026-03-12 08:30:00+01:00,2506.9,2507.5,2503.6,2507.3,373
2026-03-12 08:40:00+01:00,2506.9,2508.8,2506.8,2508.2,223
2026-03-12 08:50:00+01:00,2507.9,2512.9,2505.4,2512.7,525
2026-03-12 09:00:00+01:00,2512.8,2519.7,2512.6,2519.7,831
2026-03-12 09:10:00+01:00,2519.2,2519.6,2515.7,2517.9,444
2026-03-12 09:20:00+01:00,2517.0,2517.3,2513.6,2513.6,436
2026-03-12 09:30:00+01:00,2513.5,2516.6,2511.5,2511.5,559
2026-03-12 09:40:00+01:00,2511.6,2517.4,2509.3,2517.1,418
2026-03-12 09:50:00+01:00,2517.4,2519.6,2514.7,2517.0,293
2026-03-12 10:00:00+01:00,2517.0,2517.8,2513.4,2513.4,352
2026-03-12 10:10:00+01:00,2514.0,2515.3,2510.2,2510.2,356
2026-03-12 10:20:00+01:00,2510.5,2515.0,2508.5,2515.0,327
2026-03-12 10:30:00+01:00,2515.3,2517.3,2514.0,2517.1,251
2026-03-12 10:40:00+01:00,2517.4,2523.4,2517.1,2520.0,533
2026-03-12 10:50:00+01:00,2520.1,2523.8,2520.1,2522.8,407
2026-03-12 11:00:00+01:00,2522.8,2524.4,2520.8,2521.0,395
2026-03-12 11:10:00+01:00,2520.8,2523.3,2520.6,2523.3,315
2026-03-12 11:20:00+01:00,2523.1,2523.2,2520.1,2520.8,207
2026-03-12 11:30:00+01:00,2521.2,2525.7,2520.8,2522.3,715
2026-03-12 11:40:00+01:00,2522.2,2523.4,2519.8,2522.5,284
2026-03-12 11:50:00+01:00,2522.6,2523.3,2519.0,2519.7,303
2026-03-12 12:00:00+01:00,2519.6,2520.2,2514.6,2515.1,545
2026-03-12 12:10:00+01:00,2515.4,2518.2,2515.2,2517.6,308
2026-03-12 12:20:00+01:00,2517.6,2520.1,2515.4,2518.1,452
2026-03-12 12:30:00+01:00,2518.9,2524.4,2518.9,2524.3,455
2026-03-12 12:40:00+01:00,2523.9,2527.0,2520.7,2520.7,680
2026-03-12 12:50:00+01:00,2520.5,2521.4,2513.2,2513.5,592
2026-03-12 13:00:00+01:00,2513.6,2514.9,2506.4,2509.1,922
2026-03-12 13:10:00+01:00,2508.9,2513.1,2507.7,2511.8,610
2026-03-12 13:20:00+01:00,2511.8,2513.3,2509.0,2512.6,473
2026-03-12 13:30:00+01:00,2512.5,2512.8,2506.9,2506.9,742
2026-03-12 13:40:00+01:00,2506.9,2511.0,2506.9,2509.2,750
2026-03-12 13:50:00+01:00,2509.2,2511.6,2507.2,2511.1,556
2026-03-12 14:00:00+01:00,2510.9,2513.0,2509.6,2510.7,752
2026-03-12 14:10:00+01:00,2510.4,2512.0,2502.2,2503.7,2034
2026-03-12 14:20:00+01:00,2503.9,2506.7,2498.7,2505.9,2569
2026-03-12 14:30:00+01:00,2505.9,2509.9,2495.7,2509.0,6782
2026-03-12 14:40:00+01:00,2508.8,2511.6,2493.4,2504.4,5693
2026-03-12 14:50:00+01:00,2504.2,2509.8,2490.8,2497.9,4605
2026-03-12 15:00:00+01:00,2497.8,2510.3,2496.3,2508.0,4637
2026-03-12 15:10:00+01:00,2508.2,2511.9,2501.9,2504.5,3339
2026-03-12 15:20:00+01:00,2503.8,2504.5,2490.8,2490.8,3421
2026-03-12 15:30:00+01:00,2490.9,2492.5,2485.0,2488.7,4127
2026-03-12 15:40:00+01:00,2488.8,2503.1,2485.4,2486.3,6220
2026-03-12 15:50:00+01:00,2486.1,2490.7,2484.0,2489.1,2971
2026-03-12 16:00:00+01:00,2489.0,2491.4,2484.6,2485.6,2405
2026-03-12 16:10:00+01:00,2485.4,2488.4,2481.8,2485.4,2848
2026-03-12 16:20:00+01:00,2485.8,2497.6,2484.6,2492.7,2987
2026-03-12 16:30:00+01:00,2492.5,2505.8,2488.8,2505.4,3799
2026-03-12 16:40:00+01:00,2505.3,2508.9,2497.8,2501.4,6125
2026-03-12 16:50:00+01:00,2501.5,2505.0,2498.4,2501.6,2147
2026-03-12 17:00:00+01:00,2501.4,2507.6,2493.9,2494.5,2767
2026-03-12 17:10:00+01:00,2494.6,2508.2,2493.1,2504.2,3584
2026-03-12 17:20:00+01:00,2504.2,2514.5,2500.4,2501.0,3994
2026-03-12 17:30:00+01:00,2500.9,2508.6,2496.5,2507.6,3759
2026-03-12 17:40:00+01:00,2508.0,2508.9,2497.5,2504.0,2555
2026-03-12 17:50:00+01:00,2503.8,2506.4,2499.0,2505.6,1699
2026-03-12 18:00:00+01:00,2505.5,2514.1,2504.9,2506.5,2913
2026-03-12 18:10:00+01:00,2506.3,2509.3,2502.2,2502.4,1738
2026-03-12 18:20:00+01:00,2502.4,2509.1,2501.6,2504.8,2212
2026-03-12 18:30:00+01:00,2505.4,2511.2,2504.6,2510.4,1741
2026-03-12 18:40:00+01:00,2510.5,2511.7,2498.5,2500.8,2040
2026-03-12 18:50:00+01:00,2500.8,2504.8,2495.8,2501.2,1973
2026-03-12 19:00:00+01:00,2501.3,2508.3,2501.3,2505.2,1809
2026-03-12 19:10:00+01:00,2505.1,2510.8,2504.0,2505.0,1437
2026-03-12 19:20:00+01:00,2504.6,2506.1,2500.2,2503.4,1421
2026-03-12 19:30:00+01:00,2503.1,2505.8,2500.9,2503.4,1107
2026-03-12 19:40:00+01:00,2503.4,2504.4,2499.0,2500.7,921
2026-03-12 19:50:00+01:00,2500.4,2504.6,2498.1,2498.7,1220
2026-03-12 20:00:00+01:00,2498.7,2502.4,2494.1,2495.8,2464
2026-03-12 20:10:00+01:00,2496.1,2498.6,2494.3,2497.2,921
2026-03-12 20:20:00+01:00,2496.7,2498.6,2495.3,2495.8,662
2026-03-12 20:30:00+01:00,2496.0,2500.1,2495.8,2497.0,1014
2026-03-12 20:40:00+01:00,2496.8,2496.8,2488.6,2489.1,1745
2026-03-12 20:50:00+01:00,2489.0,2491.9,2486.8,2491.2,2750
2026-03-12 21:00:00+01:00,2491.1,2492.3,2489.2,2491.7,1080
2026-03-12 21:10:00+01:00,2491.6,2492.2,2489.5,2491.2,555
2026-03-12 21:20:00+01:00,2491.1,2493.2,2490.0,2492.1,612
2026-03-12 21:30:00+01:00,2491.9,2492.4,2490.4,2492.4,216
2026-03-12 21:40:00+01:00,2492.3,2494.3,2492.1,2494.1,178
2026-03-12 21:50:00+01:00,2494.1,2495.5,2492.7,2493.2,226
2026-03-12 23:00:00+01:00,2493.2,2496.2,2488.4,2490.6,444
2026-03-12 23:10:00+01:00,2490.6,2491.8,2489.1,2490.5,100
2026-03-12 23:20:00+01:00,2489.2,2494.5,2489.2,2494.1,176
2026-03-12 23:30:00+01:00,2494.0,2499.1,2493.5,2497.9,336
2026-03-12 23:40:00+01:00,2499.0,2499.3,2496.1,2496.3,228
2026-03-12 23:50:00+01:00,2496.2,2498.4,2496.2,2497.9,156
2026-03-13 00:00:00+01:00,2498.0,2500.0,2497.2,2499.0,411
2026-03-13 00:10:00+01:00,2498.8,2498.8,2495.1,2496.3,249
2026-03-13 00:20:00+01:00,2496.2,2497.0,2494.8,2496.4,228
2026-03-13 00:30:00+01:00,2496.3,2497.5,2494.0,2495.3,264
2026-03-13 00:40:00+01:00,2495.5,2495.5,2492.8,2493.6,393
2026-03-13 00:50:00+01:00,2493.7,2494.1,2489.7,2489.9,372
2026-03-13 01:00:00+01:00,2489.9,2493.1,2485.3,2493.1,842
2026-03-13 01:10:00+01:00,2493.3,2503.8,2493.1,2502.7,919
2026-03-13 01:20:00+01:00,2502.6,2507.5,2501.9,2504.8,695
2026-03-13 01:30:00+01:00,2505.1,2509.4,2504.6,2507.9,696
2026-03-13 01:40:00+01:00,2508.1,2509.0,2505.7,2506.0,454
2026-03-13 01:50:00+01:00,2506.2,2507.9,2504.6,2507.7,323
2026-03-13 02:00:00+01:00,2507.3,2513.6,2507.1,2512.5,723
2026-03-13 02:10:00+01:00,2512.9,2513.8,2510.9,2512.6,402
2026-03-13 02:20:00+01:00,2512.6,2513.3,2510.3,2511.4,374
2026-03-13 02:30:00+01:00,2511.7,2512.4,2508.4,2508.8,320
2026-03-13 02:40:00+01:00,2508.8,2509.5,2506.3,2507.4,359
2026-03-13 02:50:00+01:00,2507.5,2508.4,2506.5,2507.8,176
2026-03-13 03:10:00+01:00,2509.7,2510.2,2506.9,2507.4,176
2026-03-13 03:20:00+01:00,2507.7,2508.0,2506.2,2506.7,110
2026-03-13 03:30:00+01:00,2506.8,2508.4,2505.7,2506.3,127
2026-03-13 03:40:00+01:00,2506.3,2507.5,2505.6,2505.8,112
2026-03-13 03:50:00+01:00,2505.8,2506.0,2503.2,2505.5,198
2026-03-13 04:00:00+01:00,2506.1,2507.6,2504.1,2506.9,146
2026-03-13 04:10:00+01:00,2506.6,2506.6,2503.3,2504.7,145
2026-03-13 04:30:00+01:00,2505.3,2506.7,2503.5,2505.2,204
2026-03-13 04:50:00+01:00,2507.4,2509.1,2506.9,2508.7,127
2026-03-13 05:10:00+01:00,2508.2,2508.4,2506.4,2506.7,107
2026-03-13 05:20:00+01:00,2506.8,2507.1,2501.8,2502.7,341
2026-03-13 05:30:00+01:00,2503.1,2503.1,2500.2,2501.6,204
2026-03-13 05:40:00+01:00,2501.6,2504.3,2501.6,2502.8,147
2026-03-13 06:00:00+01:00,2502.8,2504.1,2501.5,2501.7,88
2026-03-13 06:10:00+01:00,2501.2,2501.7,2499.2,2501.4,197
2026-03-13 06:20:00+01:00,2501.6,2503.7,2501.2,2503.0,82
2026-03-13 06:30:00+01:00,2503.8,2505.2,2503.4,2504.5,81
2026-03-13 06:40:00+01:00,2504.6,2504.6,2502.7,2503.1,66
2026-03-13 06:50:00+01:00,2503.2,2504.7,2502.9,2504.6,71
2026-03-13 07:00:00+01:00,2504.5,2506.0,2502.5,2505.8,107
2026-03-13 07:10:00+01:00,2505.4,2505.8,2502.8,2502.9,145
2026-03-13 07:20:00+01:00,2502.9,2503.4,2497.6,2499.4,192
2026-03-13 07:30:00+01:00,2499.5,2499.6,2493.9,2496.7,336
2026-03-13 07:40:00+01:00,2496.6,2497.7,2491.2,2491.7,268
2026-03-13 07:50:00+01:00,2491.9,2494.2,2491.2,2491.2,213
2026-03-13 08:00:00+01:00,2491.1,2492.0,2483.7,2484.1,669
2026-03-13 08:10:00+01:00,2484.4,2485.2,2481.2,2482.9,338
2026-03-13 08:20:00+01:00,2483.1,2484.9,2479.2,2484.0,413
2026-03-13 08:30:00+01:00,2484.1,2486.7,2482.8,2484.6,349
2026-03-13 08:40:00+01:00,2484.6,2485.7,2481.4,2482.1,313
2026-03-13 08:50:00+01:00,2482.3,2483.2,2478.2,2481.4,328
2026-03-13 09:00:00+01:00,2481.7,2482.6,2472.6,2472.9,983
2026-03-13 09:10:00+01:00,2472.7,2475.0,2471.3,2472.5,461
2026-03-13 09:20:00+01:00,2472.5,2474.9,2470.3,2471.6,419
2026-03-13 09:30:00+01:00,2472.1,2481.3,2472.0,2479.8,654
2026-03-13 09:40:00+01:00,2480.2,2481.6,2477.2,2481.3,364
2026-03-13 09:50:00+01:00,2481.4,2488.2,2481.1,2486.4,411
2026-03-13 10:00:00+01:00,2486.5,2494.0,2486.2,2489.3,908
2026-03-13 10:10:00+01:00,2489.1,2491.7,2486.9,2489.5,402
2026-03-13 10:20:00+01:00,2489.1,2491.2,2488.2,2490.8,227
2026-03-13 10:30:00+01:00,2490.7,2492.0,2488.0,2488.5,328
2026-03-13 10:40:00+01:00,2488.6,2491.8,2488.6,2491.5,224
2026-03-13 10:50:00+01:00,2491.9,2495.3,2491.2,2491.9,334
2026-03-13 11:00:00+01:00,2491.8,2497.0,2491.0,2493.9,468
2026-03-13 11:10:00+01:00,2494.0,2500.7,2494.0,2500.7,347
2026-03-13 11:20:00+01:00,2500.9,2501.7,2496.9,2497.6,444
2026-03-13 11:30:00+01:00,2497.6,2499.0,2494.9,2496.1,473
2026-03-13 11:40:00+01:00,2496.2,2500.0,2493.8,2498.7,598
2026-03-13 11:50:00+01:00,2498.4,2501.6,2496.3,2500.0,599
2026-03-13 12:00:00+01:00,2500.0,2505.9,2499.7,2501.8,692
2026-03-13 12:10:00+01:00,2501.8,2504.0,2498.3,2504.0,429
2026-03-13 12:20:00+01:00,2503.7,2506.8,2501.8,2504.0,537
2026-03-13 12:30:00+01:00,2503.8,2506.2,2502.0,2504.4,348
2026-03-13 12:40:00+01:00,2503.4,2508.5,2502.5,2505.6,393
2026-03-13 12:50:00+01:00,2505.3,2509.2,2504.5,2508.5,438
2026-03-13 13:00:00+01:00,2508.6,2511.0,2503.6,2504.4,605
2026-03-13 13:10:00+01:00,2504.3,2505.4,2501.6,2503.0,471
2026-03-13 13:20:00+01:00,2502.1,2505.6,2500.9,2504.9,415
2026-03-13 13:30:00+01:00,2505.6,2510.9,2504.0,2507.0,746
2026-03-13 13:40:00+01:00,2507.0,2518.2,2505.7,2509.6,2673
2026-03-13 13:50:00+01:00,2509.6,2509.6,2506.2,2509.1,919
2026-03-13 14:00:00+01:00,2508.9,2510.3,2505.1,2506.0,1473
2026-03-13 14:10:00+01:00,2506.0,2508.6,2503.8,2508.0,922
2026-03-13 14:20:00+01:00,2507.9,2509.2,2506.0,2508.1,713
2026-03-13 14:30:00+01:00,2507.9,2520.1,2506.7,2519.1,7025
2026-03-13 14:40:00+01:00,2519.1,2521.8,2511.9,2513.0,4666
2026-03-13 14:50:00+01:00,2513.1,2520.2,2507.3,2509.0,3868
2026-03-13 15:00:00+01:00,2509.3,2511.4,2499.5,2503.2,4526
2026-03-13 15:10:00+01:00,2503.2,2505.1,2490.4,2493.3,3385
2026-03-13 15:20:00+01:00,2493.2,2501.0,2493.0,2500.2,3378
2026-03-13 15:30:00+01:00,2499.9,2508.7,2498.2,2498.4,3684
2026-03-13 15:40:00+01:00,2498.3,2498.4,2485.0,2490.0,4058
2026-03-13 15:50:00+01:00,2489.8,2493.0,2476.6,2477.8,3638
2026-03-13 16:00:00+01:00,2477.8,2484.3,2473.9,2484.1,3287
2026-03-13 16:10:00+01:00,2484.0,2488.9,2482.5,2484.3,2297
2026-03-13 16:20:00+01:00,2484.3,2488.0,2478.7,2479.3,1809
2026-03-13 16:30:00+01:00,2479.2,2483.9,2475.9,2481.3,2267
2026-03-13 16:40:00+01:00,2482.0,2486.0,2473.7,2480.7,4069
2026-03-13 16:50:00+01:00,2481.2,2482.4,2474.0,2475.4,1922
2026-03-13 17:00:00+01:00,2475.3,2480.0,2472.6,2477.4,1756
2026-03-13 17:10:00+01:00,2477.6,2481.7,2471.7,2472.9,1856
2026-03-13 17:20:00+01:00,2473.5,2478.1,2471.5,2473.4,1606
2026-03-13 17:30:00+01:00,2473.3,2482.4,2472.4,2478.6,1693
2026-03-13 17:40:00+01:00,2478.6,2482.2,2473.4,2478.6,1708
2026-03-13 17:50:00+01:00,2478.5,2484.8,2473.8,2475.7,1987
2026-03-13 18:00:00+01:00,2476.0,2478.2,2473.2,2476.3,1160
2026-03-13 18:10:00+01:00,2476.5,2482.7,2473.9,2481.4,1536
2026-03-13 18:20:00+01:00,2481.5,2482.8,2478.1,2480.7,957
2026-03-13 18:30:00+01:00,2480.7,2481.7,2478.0,2480.7,961
2026-03-13 18:40:00+01:00,2480.0,2482.9,2472.9,2473.0,1687
2026-03-13 18:50:00+01:00,2472.9,2474.4,2470.6,2471.1,1291
2026-03-13 19:00:00+01:00,2471.2,2475.7,2470.8,2475.6,870
2026-03-13 19:10:00+01:00,2475.9,2479.6,2474.7,2475.1,1058
2026-03-13 19:20:00+01:00,2475.5,2476.9,2472.7,2476.2,855
2026-03-13 19:30:00+01:00,2475.8,2483.0,2475.0,2480.8,1369
2026-03-13 19:40:00+01:00,2480.7,2483.9,2480.2,2483.2,1057
2026-03-13 19:50:00+01:00,2483.1,2484.7,2479.3,2481.1,795
2026-03-13 20:00:00+01:00,2481.3,2481.8,2476.2,2478.4,926
2026-03-13 20:10:00+01:00,2479.3,2480.7,2477.2,2479.4,1261
2026-03-13 20:20:00+01:00,2479.3,2479.4,2473.5,2474.9,1333
2026-03-13 20:30:00+01:00,2474.9,2478.4,2472.8,2473.2,1121
2026-03-13 20:40:00+01:00,2473.1,2476.6,2471.9,2476.1,1038
2026-03-13 20:50:00+01:00,2476.1,2481.5,2474.4,2481.0,2221
2026-03-13 21:00:00+01:00,2480.9,2481.5,2476.6,2476.9,1081
2026-03-13 21:10:00+01:00,2477.0,2478.6,2476.3,2478.3,259
2026-03-13 21:20:00+01:00,2478.4,2478.8,2477.4,2477.8,311
2026-03-13 21:30:00+01:00,2477.9,2480.2,2477.3,2479.7,198
2026-03-13 21:40:00+01:00,2479.8,2479.9,2477.6,2477.8,191
2026-03-13 21:50:00+01:00,2478.0,2478.3,2474.1,2474.7,397
2026-03-15 23:00:00+01:00,2468.5,2484.9,2460.0,2473.6,545
2026-03-15 23:10:00+01:00,2472.2,2478.6,2468.1,2468.1,251
2026-03-15 23:20:00+01:00,2468.4,2477.1,2468.4,2474.4,305
2026-03-15 23:30:00+01:00,2474.0,2475.7,2470.9,2473.8,109
2026-03-15 23:40:00+01:00,2475.1,2485.9,2475.0,2484.9,352
2026-03-15 23:50:00+01:00,2483.6,2491.8,2483.6,2490.6,345
2026-03-16 00:00:00+01:00,2490.2,2495.9,2488.6,2489.4,316
2026-03-16 00:10:00+01:00,2489.9,2491.0,2486.5,2489.9,229
2026-03-16 00:20:00+01:00,2488.6,2488.9,2486.0,2487.0,102
2026-03-16 00:30:00+01:00,2487.8,2487.8,2482.6,2484.6,134
2026-03-16 00:40:00+01:00,2483.4,2505.0,2483.4,2505.0,150
2026-03-16 00:50:00+01:00,2488.9,2505.3,2487.9,2504.5,107
2026-03-16 01:00:00+01:00,2488.1,2499.4,2488.1,2498.7,422
2026-03-16 01:10:00+01:00,2498.8,2501.2,2496.5,2497.2,271
2026-03-16 01:20:00+01:00,2497.1,2498.3,2494.0,2495.8,185
2026-03-16 01:30:00+01:00,2496.0,2498.5,2495.2,2498.0,109
2026-03-16 01:40:00+01:00,2498.0,2514.5,2496.4,2500.3,148
2026-03-16 01:50:00+01:00,2500.0,2501.2,2499.1,2500.3,101
2026-03-16 02:00:00+01:00,2499.1,2502.2,2497.1,2498.4,119
2026-03-16 02:10:00+01:00,2498.2,2501.7,2497.3,2501.0,131
2026-03-16 02:20:00+01:00,2501.0,2514.7,2497.1,2498.0,130
2026-03-16 02:30:00+01:00,2497.2,2498.3,2493.6,2494.6,257
2026-03-16 02:40:00+01:00,2494.5,2498.1,2493.3,2497.5,161
2026-03-16 02:50:00+01:00,2498.3,2501.7,2497.9,2501.5,92
2026-03-16 03:00:00+01:00,2501.5,2515.8,2496.7,2498.0,90
2026-03-16 03:10:00+01:00,2498.1,2515.0,2496.2,2497.4,76
2026-03-16 03:20:00+01:00,2498.1,2512.6,2495.0,2495.3,59
2026-03-16 03:30:00+01:00,2495.1,2510.7,2493.7,2495.0,53
2026-03-16 03:40:00+01:00,2494.7,2513.3,2494.6,2496.0,72
2026-03-16 03:50:00+01:00,2496.3,2497.3,2494.7,2496.1,71
2026-03-16 04:00:00+01:00,2495.6,2496.9,2495.1,2496.4,134
2026-03-16 04:10:00+01:00,2496.3,2512.0,2495.4,2497.7,63
2026-03-16 04:20:00+01:00,2496.8,2498.9,2496.5,2498.8,62
2026-03-16 04:30:00+01:00,2498.8,2500.4,2498.7,2500.2,97
2026-03-16 04:40:00+01:00,2500.0,2502.9,2499.5,2502.8,95
2026-03-16 04:50:00+01:00,2502.3,2503.4,2501.9,2502.8,83
2026-03-16 05:00:00+01:00,2502.7,2503.0,2501.0,2501.2,85
2026-03-16 05:10:00+01:00,2500.8,2504.4,2500.7,2503.2,120
2026-03-16 05:20:00+01:00,2503.0,2518.1,2501.5,2502.2,130
2026-03-16 05:30:00+01:00,2517.9,2517.9,2500.2,2500.8,63
2026-03-16 05:40:00+01:00,2500.6,2500.6,2498.9,2499.0,54
2026-03-16 05:50:00+01:00,2515.4,2515.4,2498.8,2499.1,75
2026-03-16 06:10:00+01:00,2501.1,2516.7,2499.0,2499.8,60
2026-03-16 06:20:00+01:00,2499.9,2500.0,2498.6,2499.2,41
2026-03-16 06:30:00+01:00,2498.9,2502.3,2498.4,2502.3,79
2026-03-16 06:40:00+01:00,2502.3,2518.9,2501.4,2504.5,88
2026-03-16 06:50:00+01:00,2504.3,2506.5,2504.0,2505.3,114
2026-03-16 07:00:00+01:00,2521.4,2522.0,2504.1,2506.4,64
2026-03-16 07:10:00+01:00,2506.4,2506.4,2503.5,2503.5,42
2026-03-16 07:20:00+01:00,2503.4,2503.5,2501.5,2501.5,104
2026-03-16 07:30:00+01:00,2502.1,2503.8,2501.4,2501.9,66
2026-03-16 07:40:00+01:00,2501.7,2503.9,2501.7,2503.1,75
2026-03-16 07:50:00+01:00,2502.7,2506.0,2502.7,2505.8,98
2026-03-16 08:00:00+01:00,2504.9,2507.8,2504.3,2505.1,88
2026-03-16 08:10:00+01:00,2505.1,2518.4,2500.0,2500.0,112
2026-03-16 08:20:00+01:00,2516.7,2516.9,2496.8,2497.1,115
2026-03-16 08:30:00+01:00,2498.0,2499.8,2492.6,2492.8,128
2026-03-16 08:40:00+01:00,2493.2,2512.2,2492.4,2496.6,97
2026-03-16 08:50:00+01:00,2497.1,2513.1,2493.2,2496.2,63
2026-03-16 09:00:00+01:00,2497.1,2513.6,2494.7,2500.6,91
2026-03-16 09:10:00+01:00,2499.5,2511.1,2492.6,2510.4,108
2026-03-16 09:20:00+01:00,2493.5,2512.5,2493.5,2511.3,129
2026-03-16 09:30:00+01:00,2496.7,2497.6,2490.5,2490.9,74
2026-03-16 09:40:00+01:00,2492.1,2506.2,2488.8,2488.8,105
2026-03-16 09:50:00+01:00,2488.8,2507.1,2488.8,2506.4,130
2026-03-16 10:00:00+01:00,2490.6,2506.8,2483.6,2502.6,209
2026-03-16 10:10:00+01:00,2487.4,2506.2,2487.4,2489.7,119
2026-03-16 10:20:00+01:00,2487.6,2505.3,2486.1,2487.4,119
2026-03-16 10:30:00+01:00,2485.6,2486.6,2483.2,2484.0,78
2026-03-16 10:40:00+01:00,2484.4,2489.5,2482.7,2487.4,119
2026-03-16 10:50:00+01:00,2487.7,2503.0,2483.5,2483.5,141
2026-03-16 11:00:00+01:00,2483.8,2506.3,2483.6,2506.2,114
2026-03-16 11:10:00+01:00,2491.1,2508.3,2489.7,2492.5,120
2026-03-16 11:20:00+01:00,2492.6,2501.9,2492.5,2499.2,93
2026-03-16 11:30:00+01:00,2500.9,2515.3,2497.7,2500.0,66
2026-03-16 11:40:00+01:00,2500.1,2503.0,2498.9,2502.4,69
2026-03-16 11:50:00+01:00,2502.3,2519.0,2501.6,2504.6,150
2026-03-16 12:00:00+01:00,2505.9,2518.3,2500.5,2501.4,91
2026-03-16 12:10:00+01:00,2500.6,2518.5,2500.3,2501.3,127
2026-03-16 12:20:00+01:00,2501.4,2516.5,2497.0,2497.1,144
2026-03-16 12:30:00+01:00,2497.3,2516.4,2497.2,2502.1,140
2026-03-16 12:40:00+01:00,2502.7,2506.8,2502.7,2505.8,159
2026-03-16 12:50:00+01:00,2505.1,2522.7,2505.1,2507.9,143
2026-03-16 13:00:00+01:00,2508.2,2511.1,2508.2,2511.0,242
2026-03-16 13:10:00+01:00,2511.1,2514.8,2510.0,2512.1,204
2026-03-16 13:20:00+01:00,2510.7,2525.9,2508.1,2508.4,89
2026-03-16 13:30:00+01:00,2510.4,2527.2,2510.2,2513.8,207
2026-03-16 13:40:00+01:00,2514.2,2516.7,2512.0,2513.2,543
2026-03-16 13:50:00+01:00,2512.0,2514.9,2508.1,2509.8,228
2026-03-16 14:00:00+01:00,2510.0,2514.1,2509.8,2513.8,289
2026-03-16 14:10:00+01:00,2513.9,2529.7,2511.1,2512.5,247
2026-03-16 14:20:00+01:00,2514.2,2516.6,2512.3,2512.7,128
2026-03-16 14:30:00+01:00,2512.6,2521.1,2511.4,2520.2,738
2026-03-16 14:40:00+01:00,2517.2,2527.1,2517.1,2521.7,1244
2026-03-16 14:50:00+01:00,2522.1,2528.3,2518.7,2527.9,731
2026-03-16 15:00:00+01:00,2527.7,2529.0,2520.6,2527.0,736
2026-03-16 15:10:00+01:00,2526.1,2530.3,2521.5,2523.6,564
2026-03-16 15:20:00+01:00,2522.1,2529.3,2519.6,2519.6,444
2026-03-16 15:30:00+01:00,2519.7,2520.0,2508.5,2509.9,1050
2026-03-16 15:40:00+01:00,2509.9,2511.5,2506.9,2509.6,523
2026-03-16 15:50:00+01:00,2509.0,2519.5,2507.2,2519.5,508
2026-03-16 16:00:00+01:00,2519.2,2520.0,2512.4,2515.5,313
2026-03-16 16:10:00+01:00,2514.2,2516.1,2510.8,2515.1,250
2026-03-16 16:20:00+01:00,2515.7,2519.3,2514.4,2516.2,221
2026-03-16 16:30:00+01:00,2517.7,2519.5,2515.9,2516.4,128
2026-03-16 16:40:00+01:00,2516.7,2517.4,2513.8,2514.9,137
2026-03-16 16:50:00+01:00,2514.6,2514.9,2507.0,2507.0,275
2026-03-16 17:00:00+01:00,2506.9,2508.7,2502.1,2506.6,462
2026-03-16 17:10:00+01:00,2507.1,2508.6,2504.2,2505.7,218
2026-03-16 17:20:00+01:00,2507.0,2507.9,2499.2,2501.1,473
2026-03-16 17:30:00+01:00,2500.7,2504.6,2498.5,2504.6,255
2026-03-16 17:40:00+01:00,2503.7,2508.5,2503.1,2505.1,285
2026-03-16 17:50:00+01:00,2505.5,2522.1,2503.0,2504.4,171
2026-03-16 18:00:00+01:00,2504.6,2510.7,2502.2,2505.6,416
2026-03-16 18:10:00+01:00,2504.9,2509.6,2504.0,2509.2,247
2026-03-16 18:20:00+01:00,2509.8,2511.6,2507.5,2508.7,124
2026-03-16 18:30:00+01:00,2509.8,2513.3,2507.3,2508.8,160
2026-03-16 18:40:00+01:00,2508.8,2524.6,2504.4,2505.8,161
2026-03-16 18:50:00+01:00,2504.0,2506.8,2503.2,2506.0,82
2026-03-16 19:00:00+01:00,2506.3,2510.9,2505.6,2509.5,184
2026-03-16 19:10:00+01:00,2511.2,2513.5,2507.0,2513.0,82
2026-03-16 19:20:00+01:00,2513.0,2517.1,2513.0,2515.4,181
2026-03-16 19:30:00+01:00,2515.6,2517.9,2513.3,2516.1,169
2026-03-16 19:40:00+01:00,2532.8,2533.1,2516.0,2517.4,176
2026-03-16 19:50:00+01:00,2517.3,2517.9,2513.7,2514.7,100
2026-03-16 20:00:00+01:00,2515.3,2520.1,2513.1,2520.1,151
2026-03-16 20:10:00+01:00,2520.2,2523.2,2510.1,2510.3,382
2026-03-16 20:20:00+01:00,2510.6,2511.2,2505.1,2508.2,176
2026-03-16 20:30:00+01:00,2506.9,2523.6,2503.7,2503.7,508
2026-03-16 20:40:00+01:00,2505.6,2521.5,2503.6,2506.6,202
2026-03-16 20:50:00+01:00,2507.0,2509.4,2504.3,2504.6,236
2026-03-16 21:00:00+01:00,2504.4,2521.8,2502.8,2506.4,193
2026-03-16 21:10:00+01:00,2504.5,2519.9,2502.9,2504.0,121
2026-03-16 21:20:00+01:00,2503.2,2519.2,2501.8,2501.8,87
2026-03-16 21:30:00+01:00,2502.0,2518.5,2499.8,2517.7,102
2026-03-16 21:40:00+01:00,2517.7,2517.7,2501.1,2502.3,45
2026-03-16 21:50:00+01:00,2502.0,2519.5,2502.0,2503.6,83
2026-03-16 23:00:00+01:00,2503.6,2503.8,2496.5,2498.2,133
2026-03-16 23:10:00+01:00,2513.8,2515.5,2497.2,2497.7,87
2026-03-16 23:20:00+01:00,2513.4,2515.8,2497.5,2499.7,67
2026-03-16 23:30:00+01:00,2499.9,2513.9,2496.0,2496.3,98
2026-03-16 23:40:00+01:00,2512.6,2512.7,2496.0,2512.3,74
2026-03-16 23:50:00+01:00,2496.0,2497.2,2496.0,2496.5,44
2026-03-17 00:00:00+01:00,2498.1,2514.3,2497.6,2498.2,51
2026-03-17 00:10:00+01:00,2497.8,2514.2,2496.5,2497.5,44
2026-03-17 00:30:00+01:00,2498.7,2515.6,2498.7,2515.2,29
2026-03-17 00:40:00+01:00,2499.9,2516.6,2499.3,2516.1,107
2026-03-17 00:50:00+01:00,2516.2,2516.8,2499.9,2500.2,40
2026-03-17 01:00:00+01:00,2499.4,2514.6,2497.9,2499.3,56
2026-03-17 01:10:00+01:00,2498.7,2515.1,2498.2,2514.5,112
2026-03-17 01:20:00+01:00,2514.5,2514.5,2494.9,2511.9,75
2026-03-17 01:30:00+01:00,2496.0,2512.2,2495.9,2497.1,52
2026-03-17 01:40:00+01:00,2512.5,2512.5,2494.0,2494.0,125
2026-03-17 01:50:00+01:00,2493.5,2493.5,2490.1,2491.3,128
2026-03-17 02:00:00+01:00,2491.7,2509.2,2491.0,2493.1,96
2026-03-17 02:10:00+01:00,2493.0,2509.3,2491.5,2493.0,74
2026-03-17 02:30:00+01:00,2493.0,2495.5,2492.8,2493.0,85
2026-03-17 02:40:00+01:00,2492.5,2508.3,2490.6,2491.5,73
2026-03-17 02:50:00+01:00,2491.7,2510.0,2491.6,2493.9,74
2026-03-17 03:00:00+01:00,2493.3,2509.6,2491.0,2491.5,120
2026-03-17 03:10:00+01:00,2491.8,2508.4,2490.7,2490.9,50
2026-03-17 03:20:00+01:00,2507.1,2508.4,2491.3,2492.0,70
2026-03-17 03:30:00+01:00,2492.1,2507.4,2490.3,2490.6,122
2026-03-17 03:40:00+01:00,2490.9,2490.9,2489.2,2489.4,91
2026-03-17 03:50:00+01:00,2489.0,2489.4,2486.4,2486.4,123
2026-03-17 04:00:00+01:00,2486.6,2487.0,2485.3,2486.5,127
2026-03-17 04:10:00+01:00,2487.0,2489.4,2486.3,2489.2,74
2026-03-17 04:30:00+01:00,2488.4,2488.7,2486.5,2486.9,67
2026-03-17 04:40:00+01:00,2502.6,2502.8,2485.1,2486.8,117
2026-03-17 05:00:00+01:00,2486.8,2487.4,2486.2,2486.6,63
2026-03-17 05:10:00+01:00,2486.7,2502.3,2486.7,2488.2,33
2026-03-17 05:20:00+01:00,2488.0,2488.2,2486.7,2487.6,36
2026-03-17 05:30:00+01:00,2487.6,2506.1,2487.5,2489.8,115
2026-03-17 05:40:00+01:00,2504.8,2505.4,2489.1,2491.4,165
2026-03-17 05:50:00+01:00,2491.7,2507.0,2490.8,2507.0,62
2026-03-17 06:00:00+01:00,2490.9,2491.1,2490.0,2491.1,84
2026-03-17 06:10:00+01:00,2490.8,2492.8,2490.2,2491.7,50
2026-03-17 06:20:00+01:00,2491.6,2492.0,2490.9,2491.2,82
2026-03-17 06:40:00+01:00,2490.0,2504.6,2484.3,2484.9,101
2026-03-17 06:50:00+01:00,2484.8,2484.8,2479.9,2480.3,284
2026-03-17 07:00:00+01:00,2480.4,2480.7,2476.2,2476.5,332
2026-03-17 07:10:00+01:00,2476.6,2494.0,2475.0,2494.0,205
2026-03-17 07:20:00+01:00,2478.8,2480.9,2476.9,2479.2,133
2026-03-17 07:30:00+01:00,2478.9,2479.5,2477.8,2479.2,169
2026-03-17 07:40:00+01:00,2479.8,2480.4,2477.6,2478.1,87
2026-03-17 07:50:00+01:00,2478.2,2494.0,2477.8,2478.1,80
2026-03-17 08:00:00+01:00,2478.7,2480.4,2477.1,2478.4,260
2026-03-17 08:10:00+01:00,2478.5,2494.8,2478.5,2481.2,99
2026-03-17 08:20:00+01:00,2481.8,2485.8,2480.5,2485.3,271
2026-03-17 08:30:00+01:00,2485.7,2486.1,2484.4,2486.1,133
2026-03-17 08:40:00+01:00,2486.2,2487.3,2483.5,2484.6,217
2026-03-17 08:50:00+01:00,2484.4,2484.4,2480.8,2483.2,220
2026-03-17 09:00:00+01:00,2483.2,2489.3,2483.2,2486.0,245
2026-03-17 09:10:00+01:00,2486.9,2487.4,2483.3,2487.0,92
2026-03-17 09:20:00+01:00,2488.0,2488.2,2484.0,2484.0,79
2026-03-17 09:30:00+01:00,2484.6,2486.5,2482.0,2485.5,87
2026-03-17 09:40:00+01:00,2486.1,2491.9,2486.1,2487.5,201
2026-03-17 09:50:00+01:00,2487.5,2487.7,2483.0,2485.4,150
2026-03-17 10:00:00+01:00,2485.8,2503.6,2485.8,2488.4,114
2026-03-17 10:10:00+01:00,2488.5,2492.0,2487.7,2491.6,65
2026-03-17 10:20:00+01:00,2491.7,2499.4,2491.1,2499.0,366
2026-03-17 10:30:00+01:00,2498.2,2499.7,2495.9,2496.3,95
2026-03-17 10:40:00+01:00,2495.8,2498.4,2495.1,2497.4,45
2026-03-17 10:50:00+01:00,2497.0,2513.3,2495.8,2498.2,86
2026-03-17 11:00:00+01:00,2498.2,2499.5,2494.4,2494.8,88
2026-03-17 11:10:00+01:00,2494.6,2495.4,2490.5,2491.0,97
2026-03-17 11:20:00+01:00,2490.9,2492.4,2490.3,2491.9,59
2026-03-17 11:30:00+01:00,2491.8,2511.0,2491.8,2493.3,90
2026-03-17 11:40:00+01:00,2492.9,2494.4,2492.2,2493.9,54
2026-03-17 11:50:00+01:00,2493.9,2496.2,2492.3,2496.2,54
2026-03-17 12:00:00+01:00,2496.2,2498.6,2495.7,2497.8,114
2026-03-17 12:10:00+01:00,2497.2,2497.5,2494.7,2495.2,64
2026-03-17 12:20:00+01:00,2495.4,2499.1,2495.4,2497.8,93
2026-03-17 12:30:00+01:00,2497.4,2499.1,2495.6,2497.7,110
2026-03-17 12:40:00+01:00,2497.5,2499.0,2497.4,2497.8,108
2026-03-17 12:50:00+01:00,2498.0,2498.7,2495.6,2496.0,58
2026-03-17 13:00:00+01:00,2495.9,2503.6,2495.6,2503.5,168
2026-03-17 13:10:00+01:00,2503.4,2508.0,2503.2,2506.4,203
2026-03-17 13:20:00+01:00,2507.2,2509.2,2506.9,2507.7,167
2026-03-17 13:30:00+01:00,2507.9,2513.2,2507.9,2512.1,249
2026-03-17 13:40:00+01:00,2512.5,2513.7,2509.1,2509.8,191
2026-03-17 13:50:00+01:00,2510.0,2511.4,2508.4,2511.2,103
2026-03-17 14:00:00+01:00,2511.4,2515.2,2510.9,2515.1,228
2026-03-17 14:10:00+01:00,2515.1,2517.4,2513.9,2517.0,366
2026-03-17 14:20:00+01:00,2517.0,2518.6,2516.1,2518.3,272
2026-03-17 14:30:00+01:00,2518.6,2530.9,2517.3,2529.5,1693
2026-03-17 14:40:00+01:00,2529.8,2533.5,2526.1,2533.2,1218
2026-03-17 14:50:00+01:00,2532.8,2536.7,2529.5,2535.4,662
2026-03-17 15:00:00+01:00,2535.1,2535.4,2528.9,2532.5,977
2026-03-17 15:10:00+01:00,2532.7,2532.7,2522.1,2528.1,1107
2026-03-17 15:20:00+01:00,2528.1,2530.4,2521.4,2527.3,436
2026-03-17 15:30:00+01:00,2527.5,2531.0,2526.5,2528.7,374
2026-03-17 15:40:00+01:00,2528.7,2535.3,2526.5,2533.4,454
2026-03-17 15:50:00+01:00,2533.6,2534.6,2531.7,2534.6,254
2026-03-17 16:00:00+01:00,2534.1,2534.6,2522.7,2523.4,579
2026-03-17 16:10:00+01:00,2523.6,2527.1,2518.3,2522.9,893
2026-03-17 16:20:00+01:00,2523.9,2524.1,2517.4,2518.5,634
2026-03-17 16:30:00+01:00,2519.3,2521.4,2510.5,2512.9,914
2026-03-17 16:40:00+01:00,2512.6,2516.4,2510.3,2512.9,432
2026-03-17 16:50:00+01:00,2513.6,2518.5,2513.6,2516.9,336
2026-03-17 17:00:00+01:00,2516.2,2516.2,2509.2,2512.7,603
2026-03-17 17:10:00+01:00,2512.7,2518.2,2511.4,2518.1,429
2026-03-17 17:20:00+01:00,2517.7,2520.1,2514.6,2517.2,335
2026-03-17 17:30:00+01:00,2516.8,2517.3,2510.7,2511.9,248
2026-03-17 17:40:00+01:00,2512.2,2517.7,2511.3,2515.1,189
2026-03-17 17:50:00+01:00,2515.1,2519.0,2514.7,2515.1,142
2026-03-17 18:00:00+01:00,2515.1,2521.7,2514.4,2521.4,138
2026-03-17 18:10:00+01:00,2520.6,2520.6,2516.9,2518.0,118
2026-03-17 18:20:00+01:00,2519.2,2520.2,2517.2,2518.2,199
2026-03-17 18:30:00+01:00,2518.0,2521.7,2518.0,2521.0,133
2026-03-17 18:40:00+01:00,2520.9,2521.4,2516.6,2519.6,176
2026-03-17 18:50:00+01:00,2519.2,2523.9,2518.7,2523.1,168
2026-03-17 19:00:00+01:00,2523.6,2526.3,2522.5,2526.3,253
2026-03-17 19:10:00+01:00,2526.7,2527.5,2523.8,2524.3,205
2026-03-17 19:20:00+01:00,2524.5,2524.6,2516.8,2517.4,373
2026-03-17 19:30:00+01:00,2517.5,2520.8,2517.4,2519.8,173
2026-03-17 19:40:00+01:00,2520.2,2522.4,2518.4,2521.8,129
2026-03-17 19:50:00+01:00,2521.8,2524.1,2521.3,2522.4,184
2026-03-17 20:00:00+01:00,2522.7,2523.3,2519.6,2521.6,125
2026-03-17 20:10:00+01:00,2522.2,2523.0,2521.3,2522.7,89
2026-03-17 20:20:00+01:00,2522.2,2522.2,2518.5,2520.1,104
2026-03-17 20:30:00+01:00,2519.3,2535.8,2517.7,2519.2,133
2026-03-17 20:40:00+01:00,2518.2,2522.2,2518.0,2521.8,111
2026-03-17 20:50:00+01:00,2521.7,2524.4,2517.3,2520.3,439
2026-03-17 21:00:00+01:00,2520.2,2522.7,2519.5,2522.0,124
2026-03-17 21:10:00+01:00,2522.0,2538.2,2519.8,2521.7,68
2026-03-17 21:20:00+01:00,2521.7,2538.4,2520.7,2538.1,77
2026-03-17 21:40:00+01:00,2522.3,2539.3,2522.1,2522.3,20
2026-03-17 21:50:00+01:00,2538.6,2538.7,2518.5,2518.5,54
2026-03-17 23:00:00+01:00,2536.3,2537.6,2535.0,2536.4,128
2026-03-17 23:20:00+01:00,2534.9,2535.4,2534.1,2534.5,174
2026-03-17 23:30:00+01:00,2534.4,2535.2,2531.8,2532.4,208
2026-03-17 23:40:00+01:00,2532.4,2533.1,2531.7,2532.3,131
2026-03-18 00:10:00+01:00,2533.7,2536.3,2533.4,2536.2,89
2026-03-18 00:20:00+01:00,2536.1,2536.3,2534.0,2534.1,100
2026-03-18 00:30:00+01:00,2533.8,2534.6,2533.5,2533.7,74
2026-03-18 00:40:00+01:00,2533.4,2534.7,2532.9,2533.9,85
2026-03-18 00:50:00+01:00,2534.0,2534.7,2532.9,2533.5,143
2026-03-18 01:00:00+01:00,2533.4,2535.8,2532.6,2535.3,199
2026-03-18 01:10:00+01:00,2535.5,2538.1,2535.5,2536.1,301
2026-03-18 01:20:00+01:00,2536.4,2537.7,2535.8,2536.5,239
2026-03-18 01:30:00+01:00,2536.7,2537.3,2536.1,2537.0,162
2026-03-18 01:40:00+01:00,2536.6,2539.9,2536.0,2539.1,283
2026-03-18 01:50:00+01:00,2539.0,2540.1,2538.6,2539.8,167
2026-03-18 02:00:00+01:00,2540.0,2542.5,2540.0,2542.5,353
2026-03-18 02:10:00+01:00,2542.5,2544.0,2541.8,2543.0,338
2026-03-18 02:20:00+01:00,2542.8,2544.2,2542.8,2543.1,129
2026-03-18 02:30:00+01:00,2543.0,2543.6,2542.6,2543.4,90
2026-03-18 02:40:00+01:00,2543.5,2544.2,2543.1,2543.5,124
2026-03-18 02:50:00+01:00,2543.7,2545.2,2542.7,2545.2,352
2026-03-18 03:00:00+01:00,2545.3,2548.3,2545.3,2548.0,329
2026-03-18 03:10:00+01:00,2548.1,2548.7,2546.5,2547.8,280
2026-03-18 03:20:00+01:00,2547.7,2549.3,2547.7,2548.8,157
2026-03-18 03:30:00+01:00,2549.1,2550.0,2548.8,2549.7,259
2026-03-18 03:40:00+01:00,2549.8,2550.0,2548.5,2548.8,139
2026-03-18 04:10:00+01:00,2548.6,2549.6,2548.6,2548.9,119
2026-03-18 04:20:00+01:00,2549.0,2550.0,2548.8,2548.8,89
2026-03-18 04:30:00+01:00,2549.2,2549.7,2548.8,2549.3,52
2026-03-18 04:40:00+01:00,2549.2,2551.5,2549.1,2551.2,190
2026-03-18 04:50:00+01:00,2551.3,2553.4,2550.6,2552.2,199
2026-03-18 05:00:00+01:00,2552.1,2553.4,2552.0,2553.0,125
2026-03-18 05:40:00+01:00,2552.3,2553.3,2551.8,2553.2,60
2026-03-18 05:50:00+01:00,2553.4,2554.1,2552.5,2553.1,124
2026-03-18 06:00:00+01:00,2553.1,2553.7,2552.7,2553.3,59
2026-03-18 06:10:00+01:00,2553.3,2554.8,2553.3,2554.8,100
2026-03-18 06:20:00+01:00,2554.5,2555.2,2554.1,2554.7,105
2026-03-18 06:40:00+01:00,2556.1,2557.7,2556.0,2557.6,123
2026-03-18 06:50:00+01:00,2557.3,2557.7,2556.5,2557.2,77
2026-03-18 07:00:00+01:00,2557.0,2559.4,2556.8,2559.2,195
2026-03-18 07:10:00+01:00,2559.2,2560.6,2558.6,2560.3,184
2026-03-18 07:20:00+01:00,2560.2,2564.6,2560.2,2563.8,455
2026-03-18 07:30:00+01:00,2563.5,2564.0,2561.8,2561.8,211
2026-03-18 07:40:00+01:00,2561.7,2563.2,2561.5,2562.2,128
2026-03-18 07:50:00+01:00,2561.8,2562.1,2560.2,2561.7,250
2026-03-18 08:00:00+01:00,2561.6,2562.6,2560.8,2561.4,208
2026-03-18 08:10:00+01:00,2561.5,2562.8,2561.0,2562.6,127
2026-03-18 08:20:00+01:00,2563.0,2563.2,2560.5,2561.7,231
2026-03-18 08:30:00+01:00,2561.5,2562.6,2560.7,2560.9,151
2026-03-18 08:40:00+01:00,2560.9,2562.3,2560.0,2560.0,148
2026-03-18 08:50:00+01:00,2559.9,2560.6,2558.9,2559.9,295
2026-03-18 09:00:00+01:00,2559.7,2562.0,2558.7,2561.7,226
2026-03-18 09:10:00+01:00,2561.4,2562.4,2559.8,2560.4,142
2026-03-18 09:20:00+01:00,2560.5,2561.2,2558.5,2558.6,218
2026-03-18 09:30:00+01:00,2558.5,2560.2,2557.1,2558.3,327
2026-03-18 09:40:00+01:00,2558.5,2561.3,2557.9,2559.8,149
2026-03-18 10:00:00+01:00,2560.1,2561.4,2559.2,2560.7,118
2026-03-18 10:10:00+01:00,2560.4,2560.6,2557.3,2560.0,202
2026-03-18 10:20:00+01:00,2560.0,2561.0,2559.2,2559.6,120
2026-03-18 10:30:00+01:00,2560.0,2560.7,2559.0,2559.6,137
2026-03-18 10:40:00+01:00,2559.6,2561.6,2559.3,2560.4,137
2026-03-18 10:50:00+01:00,2560.2,2560.9,2558.4,2559.5,145
2026-03-18 11:00:00+01:00,2559.3,2560.4,2558.0,2560.0,241
2026-03-18 11:10:00+01:00,2559.8,2562.3,2559.2,2562.2,178
2026-03-18 11:20:00+01:00,2562.3,2562.5,2560.2,2560.2,155
2026-03-18 11:30:00+01:00,2559.8,2560.4,2558.6,2558.6,171
2026-03-18 11:40:00+01:00,2558.2,2558.5,2556.2,2557.9,221
2026-03-18 11:50:00+01:00,2557.8,2557.9,2554.9,2555.4,239
2026-03-18 12:00:00+01:00,2555.3,2555.9,2553.4,2555.3,272
2026-03-18 12:10:00+01:00,2555.7,2556.8,2554.7,2556.1,302
2026-03-18 12:20:00+01:00,2556.1,2556.5,2546.1,2546.5,1171
2026-03-18 12:30:00+01:00,2546.3,2551.0,2545.3,2550.5,882
2026-03-18 12:40:00+01:00,2550.4,2554.8,2550.0,2551.3,852
2026-03-18 12:50:00+01:00,2551.2,2551.6,2546.9,2548.2,775
2026-03-18 13:00:00+01:00,2548.5,2548.7,2541.0,2541.2,985
2026-03-18 13:10:00+01:00,2541.3,2542.4,2530.5,2530.7,1769
2026-03-18 13:20:00+01:00,2530.9,2536.0,2529.4,2534.7,1297
2026-03-18 13:30:00+01:00,2533.0,2536.0,2521.0,2528.3,2274
2026-03-18 13:40:00+01:00,2528.3,2530.5,2514.6,2515.3,3490
2026-03-18 13:50:00+01:00,2515.5,2517.9,2510.8,2512.9,2662
2026-03-18 14:00:00+01:00,2512.9,2516.4,2510.0,2511.5,2144
2026-03-18 14:10:00+01:00,2511.4,2514.5,2509.1,2511.8,1405
2026-03-18 14:20:00+01:00,2511.6,2519.2,2511.4,2519.1,1840
2026-03-18 14:30:00+01:00,2519.2,2524.8,2514.3,2520.2,7539
2026-03-18 14:40:00+01:00,2520.3,2523.0,2513.1,2518.6,4662
2026-03-18 14:50:00+01:00,2518.6,2525.8,2516.0,2525.6,3263
2026-03-18 15:00:00+01:00,2525.5,2526.7,2516.0,2519.9,3238
2026-03-18 15:10:00+01:00,2520.0,2520.0,2509.3,2512.7,3060
2026-03-18 15:20:00+01:00,2512.9,2514.9,2506.2,2509.8,2835
2026-03-18 15:30:00+01:00,2509.6,2513.1,2507.2,2509.0,2836
2026-03-18 15:40:00+01:00,2509.1,2513.6,2507.0,2510.7,2013
2026-03-18 15:50:00+01:00,2510.6,2517.5,2508.8,2517.0,2243
2026-03-18 16:00:00+01:00,2517.3,2522.5,2514.8,2521.1,2623
2026-03-18 16:10:00+01:00,2521.1,2521.5,2515.2,2515.5,1916
2026-03-18 16:20:00+01:00,2515.5,2516.8,2512.1,2514.6,1433
2026-03-18 16:30:00+01:00,2514.5,2518.6,2513.8,2515.8,1153
2026-03-18 16:40:00+01:00,2515.6,2516.5,2511.0,2512.4,1416
2026-03-18 16:50:00+01:00,2512.2,2513.7,2509.8,2512.2,1234
2026-03-18 17:00:00+01:00,2512.3,2513.9,2509.0,2511.6,987
2026-03-18 17:10:00+01:00,2511.6,2515.5,2510.7,2514.9,1187
2026-03-18 17:20:00+01:00,2514.7,2518.0,2513.6,2516.8,867
2026-03-18 17:30:00+01:00,2516.8,2519.2,2512.1,2519.0,2633
2026-03-18 17:40:00+01:00,2518.8,2519.4,2515.9,2518.4,877
2026-03-18 17:50:00+01:00,2518.4,2522.6,2517.4,2519.2,987
2026-03-18 18:00:00+01:00,2519.2,2520.4,2516.0,2517.9,1170
2026-03-18 18:10:00+01:00,2518.1,2519.9,2515.4,2519.5,844
2026-03-18 18:20:00+01:00,2519.2,2520.2,2517.0,2518.6,558
2026-03-18 18:30:00+01:00,2518.8,2524.6,2516.6,2524.0,1345
2026-03-18 18:40:00+01:00,2523.9,2525.6,2520.8,2521.5,1306
2026-03-18 18:50:00+01:00,2521.3,2526.0,2519.5,2525.2,1190
2026-03-18 19:00:00+01:00,2525.7,2528.7,2522.6,2524.0,2157
2026-03-18 19:10:00+01:00,2524.0,2526.0,2515.5,2517.6,3265
2026-03-18 19:20:00+01:00,2517.5,2520.0,2516.4,2519.5,1171
2026-03-18 19:30:00+01:00,2519.3,2522.1,2513.0,2513.2,4061
2026-03-18 19:40:00+01:00,2513.2,2516.7,2507.6,2508.3,3969
2026-03-18 19:50:00+01:00,2508.2,2508.8,2500.0,2501.2,4073
2026-03-18 20:00:00+01:00,2501.0,2509.8,2500.4,2508.2,3715
2026-03-18 20:10:00+01:00,2508.0,2508.0,2502.4,2502.9,1552
2026-03-18 20:20:00+01:00,2502.9,2503.9,2498.7,2500.6,1829
2026-03-18 20:30:00+01:00,2500.2,2502.1,2498.6,2500.3,1067
2026-03-18 20:40:00+01:00,2500.4,2500.9,2496.4,2498.8,1600
2026-03-18 20:50:00+01:00,2499.1,2501.2,2494.0,2495.6,3931
2026-03-18 21:00:00+01:00,2495.8,2496.1,2489.4,2490.0,1333
2026-03-18 21:10:00+01:00,2490.3,2491.1,2484.7,2484.9,811
2026-03-18 21:20:00+01:00,2485.2,2487.7,2484.3,2485.9,438
2026-03-18 21:30:00+01:00,2485.7,2488.5,2485.6,2488.2,283
2026-03-18 21:40:00+01:00,2488.3,2490.8,2487.7,2490.7,289
2026-03-18 21:50:00+01:00,2490.8,2491.0,2487.4,2487.5,439
2026-03-18 23:00:00+01:00,2491.9,2496.0,2488.5,2489.3,557
2026-03-18 23:10:00+01:00,2489.3,2490.0,2486.9,2489.5,441
2026-03-18 23:20:00+01:00,2489.6,2490.1,2485.2,2485.8,754
2026-03-18 23:30:00+01:00,2485.8,2487.0,2484.3,2485.4,372
2026-03-18 23:40:00+01:00,2485.2,2486.4,2484.7,2485.7,197
2026-03-18 23:50:00+01:00,2485.8,2486.9,2485.7,2486.7,455
2026-03-19 00:00:00+01:00,2486.4,2489.8,2486.0,2488.4,353
2026-03-19 00:10:00+01:00,2488.4,2489.5,2488.0,2488.4,176
2026-03-19 00:20:00+01:00,2488.5,2491.0,2488.5,2490.9,204
2026-03-19 00:30:00+01:00,2490.9,2492.0,2490.3,2491.9,315
2026-03-19 00:40:00+01:00,2491.9,2494.3,2487.2,2491.7,1259
2026-03-19 00:50:00+01:00,2491.7,2491.7,2489.0,2490.4,154
2026-03-19 01:00:00+01:00,2489.8,2493.2,2487.2,2490.1,760
2026-03-19 01:10:00+01:00,2489.9,2491.2,2487.6,2489.5,406
2026-03-19 01:20:00+01:00,2489.6,2489.9,2485.8,2489.5,662
2026-03-19 01:30:00+01:00,2489.3,2490.7,2485.8,2486.1,465
2026-03-19 01:40:00+01:00,2486.0,2487.3,2483.5,2487.0,678
2026-03-19 01:50:00+01:00,2487.5,2489.3,2486.1,2488.9,379
2026-03-19 02:00:00+01:00,2489.0,2489.5,2485.9,2487.4,370
2026-03-19 02:10:00+01:00,2487.6,2489.4,2487.0,2488.5,247
2026-03-19 02:20:00+01:00,2488.7,2490.8,2488.4,2489.9,257
2026-03-19 02:30:00+01:00,2490.1,2492.4,2488.9,2491.5,323
2026-03-19 02:40:00+01:00,2491.5,2492.8,2490.4,2491.4,300
2026-03-19 02:50:00+01:00,2491.2,2493.6,2489.5,2489.6,350
2026-03-19 03:00:00+01:00,2489.9,2495.5,2486.2,2494.7,858
2026-03-19 03:10:00+01:00,2494.6,2498.1,2494.5,2497.9,744
2026-03-19 03:20:00+01:00,2498.0,2500.8,2498.0,2499.5,622
2026-03-19 03:30:00+01:00,2499.6,2504.4,2499.4,2504.1,713
2026-03-19 03:40:00+01:00,2503.9,2505.0,2501.9,2502.1,462
2026-03-19 03:50:00+01:00,2501.7,2502.0,2499.9,2500.7,339
2026-03-19 04:00:00+01:00,2501.0,2501.8,2500.6,2501.3,135
2026-03-19 04:10:00+01:00,2501.6,2502.4,2501.4,2501.4,164
2026-03-19 04:20:00+01:00,2501.5,2502.0,2500.4,2501.2,174
2026-03-19 04:30:00+01:00,2501.1,2501.1,2499.3,2500.2,161
2026-03-19 04:40:00+01:00,2500.4,2500.7,2499.4,2500.0,92
2026-03-19 04:50:00+01:00,2500.1,2500.2,2498.3,2498.3,165
2026-03-19 05:00:00+01:00,2498.2,2498.2,2495.4,2495.5,312
2026-03-19 05:10:00+01:00,2495.5,2496.2,2494.0,2494.8,237
2026-03-19 05:20:00+01:00,2494.7,2496.3,2494.5,2495.5,140
2026-03-19 05:40:00+01:00,2495.5,2495.5,2493.4,2494.0,173
2026-03-19 05:50:00+01:00,2493.9,2495.8,2493.9,2495.6,96
2026-03-19 06:00:00+01:00,2495.8,2497.0,2495.4,2495.5,205
2026-03-19 06:20:00+01:00,2496.1,2496.9,2493.6,2494.0,102
2026-03-19 06:30:00+01:00,2493.8,2494.3,2491.5,2492.1,256
2026-03-19 06:40:00+01:00,2492.3,2492.8,2489.2,2490.1,431
2026-03-19 06:50:00+01:00,2489.6,2493.6,2489.3,2491.0,287
2026-03-19 07:00:00+01:00,2491.0,2495.8,2490.6,2494.0,375
2026-03-19 07:10:00+01:00,2493.6,2497.5,2493.5,2496.0,207
2026-03-19 07:20:00+01:00,2495.9,2496.3,2491.9,2492.0,246
2026-03-19 07:30:00+01:00,2492.2,2492.8,2489.4,2491.9,360
2026-03-19 07:40:00+01:00,2492.1,2493.0,2491.1,2491.3,210
2026-03-19 07:50:00+01:00,2491.2,2491.9,2488.8,2491.8,324
2026-03-19 08:00:00+01:00,2492.1,2492.9,2486.5,2489.5,541
2026-03-19 08:10:00+01:00,2489.3,2495.6,2485.9,2494.9,630
2026-03-19 08:20:00+01:00,2494.8,2494.9,2490.2,2491.2,501
2026-03-19 08:30:00+01:00,2491.1,2491.1,2485.4,2487.9,573
2026-03-19 08:40:00+01:00,2488.0,2488.9,2484.5,2487.8,545
2026-03-19 08:50:00+01:00,2487.5,2488.5,2482.3,2484.7,749
2026-03-19 09:00:00+01:00,2484.7,2490.0,2483.0,2487.4,978
2026-03-19 09:10:00+01:00,2487.8,2489.2,2485.1,2486.6,587
2026-03-19 09:20:00+01:00,2487.0,2488.3,2480.9,2482.2,821
2026-03-19 09:30:00+01:00,2482.3,2485.1,2478.6,2479.1,944
2026-03-19 09:40:00+01:00,2479.4,2482.4,2476.0,2479.6,1108
2026-03-19 09:50:00+01:00,2479.5,2484.4,2476.7,2479.7,761
2026-03-19 10:00:00+01:00,2480.5,2487.0,2480.2,2484.5,756
2026-03-19 10:10:00+01:00,2484.1,2485.5,2481.6,2483.6,866
2026-03-19 10:20:00+01:00,2483.5,2486.9,2472.2,2475.3,2982
2026-03-19 10:30:00+01:00,2475.3,2482.1,2474.5,2478.1,2200
2026-03-19 10:40:00+01:00,2478.2,2487.5,2477.7,2487.2,1621
2026-03-19 10:50:00+01:00,2487.2,2492.9,2486.2,2490.0,1633
2026-03-19 11:00:00+01:00,2490.0,2490.1,2486.6,2486.7,791
2026-03-19 11:10:00+01:00,2487.1,2489.2,2483.9,2485.3,708
2026-03-19 11:20:00+01:00,2485.4,2486.1,2482.9,2485.6,458
2026-03-19 11:30:00+01:00,2485.7,2486.8,2483.4,2483.6,432
2026-03-19 11:40:00+01:00,2483.4,2483.5,2480.2,2481.5,679
2026-03-19 11:50:00+01:00,2481.4,2483.1,2479.5,2481.5,678
2026-03-19 12:00:00+01:00,2481.8,2484.4,2478.9,2480.2,557
2026-03-19 12:10:00+01:00,2479.9,2483.9,2477.5,2477.9,529
2026-03-19 12:20:00+01:00,2478.1,2478.1,2473.1,2477.0,663
2026-03-19 12:30:00+01:00,2477.2,2478.3,2471.5,2472.1,674
2026-03-19 12:40:00+01:00,2471.9,2473.3,2471.3,2472.6,536
2026-03-19 12:50:00+01:00,2472.9,2480.5,2472.6,2480.1,695
2026-03-19 13:00:00+01:00,2480.0,2482.1,2469.4,2478.4,2099
2026-03-19 13:10:00+01:00,2478.3,2480.4,2472.9,2473.1,1191
2026-03-19 13:20:00+01:00,2473.2,2474.8,2466.1,2468.2,1079
2026-03-19 13:30:00+01:00,2468.4,2470.4,2464.8,2469.5,1492
2026-03-19 13:40:00+01:00,2469.3,2474.0,2466.0,2466.5,1192
2026-03-19 13:50:00+01:00,2466.6,2467.5,2463.4,2465.1,1045
2026-03-19 14:00:00+01:00,2465.2,2466.2,2460.3,2461.3,1670
2026-03-19 14:10:00+01:00,2461.0,2470.5,2455.6,2469.1,2322
2026-03-19 14:20:00+01:00,2469.2,2473.0,2461.1,2465.0,2987
2026-03-19 14:30:00+01:00,2465.0,2472.9,2459.6,2472.0,7625
2026-03-19 14:40:00+01:00,2471.9,2477.6,2470.7,2477.2,5755
2026-03-19 14:50:00+01:00,2477.2,2484.0,2475.9,2484.0,4539
2026-03-19 15:00:00+01:00,2483.5,2488.4,2482.1,2485.7,4199
2026-03-19 15:10:00+01:00,2485.8,2491.2,2478.9,2481.7,4451
2026-03-19 15:20:00+01:00,2481.9,2485.3,2473.2,2474.4,4115
2026-03-19 15:30:00+01:00,2474.4,2489.2,2472.9,2482.0,4942
2026-03-19 15:40:00+01:00,2482.0,2488.0,2481.0,2487.9,2813
2026-03-19 15:50:00+01:00,2487.9,2490.8,2483.6,2486.3,2685
2026-03-19 16:00:00+01:00,2486.4,2499.2,2485.9,2492.5,3527
2026-03-19 16:10:00+01:00,2492.3,2498.3,2489.7,2490.4,2907
2026-03-19 16:20:00+01:00,2490.6,2492.1,2483.9,2486.3,3159
2026-03-19 16:30:00+01:00,2486.2,2487.5,2477.5,2481.0,3070
2026-03-19 16:40:00+01:00,2481.1,2484.2,2477.7,2481.5,3647
2026-03-19 16:50:00+01:00,2481.8,2488.1,2479.2,2486.5,3655
2026-03-19 17:00:00+01:00,2486.7,2495.4,2484.3,2491.0,3984
2026-03-19 17:10:00+01:00,2491.3,2491.4,2483.1,2484.7,2671
2026-03-19 17:20:00+01:00,2484.6,2487.9,2481.5,2487.2,1778
2026-03-19 17:30:00+01:00,2487.2,2490.4,2485.6,2490.2,1712
2026-03-19 17:40:00+01:00,2490.1,2494.8,2489.6,2490.1,1724
2026-03-19 17:50:00+01:00,2490.1,2490.2,2483.4,2488.7,2012
2026-03-19 18:00:00+01:00,2488.8,2489.9,2476.7,2478.6,1935
2026-03-19 18:10:00+01:00,2478.5,2480.8,2473.4,2480.1,2561
2026-03-19 18:20:00+01:00,2480.0,2485.9,2477.7,2483.9,2001
2026-03-19 18:30:00+01:00,2484.0,2486.5,2476.2,2476.5,1935
2026-03-19 18:40:00+01:00,2476.2,2480.8,2475.9,2479.5,1354
2026-03-19 18:50:00+01:00,2479.3,2485.8,2479.2,2482.8,1827
2026-03-19 19:00:00+01:00,2482.5,2486.5,2480.6,2485.8,1411
2026-03-19 19:10:00+01:00,2486.4,2496.4,2486.4,2493.9,1941
2026-03-19 19:20:00+01:00,2494.0,2495.4,2488.0,2488.0,1105
2026-03-19 19:30:00+01:00,2488.0,2489.4,2486.1,2487.4,1058
2026-03-19 19:40:00+01:00,2487.5,2487.8,2484.9,2486.3,541
2026-03-19 19:50:00+01:00,2485.9,2501.6,2484.2,2501.2,2134
2026-03-19 20:00:00+01:00,2501.1,2532.0,2500.1,2526.0,10800
2026-03-19 20:10:00+01:00,2525.9,2536.8,2521.1,2526.7,6427
2026-03-19 20:20:00+01:00,2527.2,2527.6,2511.3,2514.1,3441
2026-03-19 20:30:00+01:00,2514.4,2515.0,2505.4,2513.7,2784
2026-03-19 20:40:00+01:00,2513.7,2516.4,2511.4,2513.8,1966
2026-03-19 20:50:00+01:00,2513.5,2515.5,2511.0,2512.1,3408
2026-03-19 21:00:00+01:00,2512.1,2517.1,2509.3,2515.7,1073
2026-03-19 21:10:00+01:00,2515.9,2519.4,2515.1,2519.0,527
2026-03-19 21:20:00+01:00,2518.6,2519.8,2517.4,2517.6,284
2026-03-19 21:30:00+01:00,2517.5,2518.0,2516.7,2517.5,188
2026-03-19 21:40:00+01:00,2517.8,2519.5,2517.4,2519.0,259
2026-03-19 21:50:00+01:00,2518.8,2519.8,2516.8,2517.2,249
2026-03-19 23:00:00+01:00,2519.9,2524.0,2516.6,2519.1,450
2026-03-19 23:10:00+01:00,2519.3,2522.5,2518.7,2522.5,423
2026-03-19 23:20:00+01:00,2522.5,2524.6,2522.5,2524.1,322
2026-03-19 23:30:00+01:00,2524.0,2525.2,2522.5,2524.9,315
2026-03-19 23:40:00+01:00,2524.8,2525.0,2522.1,2522.5,215
2026-03-20 00:00:00+01:00,2523.1,2526.6,2522.2,2525.3,337
2026-03-20 00:10:00+01:00,2525.0,2525.1,2522.9,2523.7,206
2026-03-20 00:20:00+01:00,2523.6,2524.1,2521.7,2523.3,175
2026-03-20 00:30:00+01:00,2523.1,2524.2,2522.6,2524.0,125
2026-03-20 00:40:00+01:00,2524.1,2524.3,2522.0,2523.0,180
2026-03-20 00:50:00+01:00,2523.2,2525.4,2521.5,2523.5,226
2026-03-20 01:00:00+01:00,2523.5,2525.6,2519.1,2523.5,515
2026-03-20 01:10:00+01:00,2524.1,2525.9,2522.8,2523.6,413
2026-03-20 01:20:00+01:00,2522.9,2523.2,2517.8,2520.3,333
2026-03-20 01:30:00+01:00,2520.1,2522.2,2519.9,2522.0,213
2026-03-20 01:40:00+01:00,2522.2,2523.1,2520.7,2521.8,189
2026-03-20 01:50:00+01:00,2521.8,2523.0,2520.8,2521.6,139
2026-03-20 02:00:00+01:00,2522.4,2526.7,2520.4,2525.3,538
2026-03-20 02:10:00+01:00,2524.8,2526.9,2523.3,2524.5,153
2026-03-20 02:20:00+01:00,2524.7,2526.6,2522.1,2526.3,222
2026-03-20 02:30:00+01:00,2526.8,2530.2,2526.7,2530.1,401
2026-03-20 02:40:00+01:00,2530.0,2531.9,2528.6,2530.6,270
2026-03-20 02:50:00+01:00,2530.5,2530.5,2525.0,2525.9,353
2026-03-20 03:00:00+01:00,2526.9,2527.2,2524.0,2526.2,238
2026-03-20 03:10:00+01:00,2526.3,2527.4,2526.1,2526.7,85
2026-03-20 03:20:00+01:00,2527.1,2528.0,2526.7,2527.1,172
2026-03-20 03:30:00+01:00,2526.9,2527.3,2524.9,2526.2,174
2026-03-20 03:40:00+01:00,2526.3,2527.3,2526.0,2527.1,105
2026-03-20 03:50:00+01:00,2527.0,2527.7,2525.2,2525.2,148
2026-03-20 04:00:00+01:00,2525.4,2525.4,2523.7,2523.9,166
2026-03-20 04:10:00+01:00,2524.1,2524.7,2523.7,2524.0,120
2026-03-20 04:20:00+01:00,2524.1,2524.3,2522.3,2523.3,199
2026-03-20 04:30:00+01:00,2523.2,2526.1,2523.1,2523.2,318
2026-03-20 04:50:00+01:00,2523.7,2523.7,2522.5,2523.2,72
2026-03-20 05:10:00+01:00,2523.8,2524.3,2522.3,2522.4,67
2026-03-20 05:20:00+01:00,2522.5,2523.6,2522.0,2523.6,62
2026-03-20 05:30:00+01:00,2524.0,2524.0,2523.1,2523.1,41
2026-03-20 05:40:00+01:00,2523.6,2523.6,2521.1,2522.1,98
2026-03-20 05:50:00+01:00,2521.8,2522.0,2521.0,2521.1,64
2026-03-20 06:00:00+01:00,2520.9,2520.9,2519.3,2520.1,212
2026-03-20 06:10:00+01:00,2520.0,2520.8,2518.6,2520.5,112
2026-03-20 06:50:00+01:00,2523.1,2523.1,2521.2,2521.5,55
2026-03-20 07:00:00+01:00,2521.6,2522.9,2520.1,2521.8,104
2026-03-20 07:10:00+01:00,2521.9,2521.9,2519.5,2520.1,139
2026-03-20 07:20:00+01:00,2520.1,2520.1,2516.8,2518.1,222
2026-03-20 07:30:00+01:00,2518.2,2519.0,2516.0,2516.2,176
2026-03-20 07:40:00+01:00,2516.1,2516.3,2514.3,2514.5,319
2026-03-20 07:50:00+01:00,2514.5,2514.6,2512.3,2513.7,248
2026-03-20 08:00:00+01:00,2513.3,2513.3,2509.0,2512.3,473
2026-03-20 08:10:00+01:00,2512.3,2515.7,2511.8,2514.3,226
2026-03-20 08:20:00+01:00,2514.1,2518.6,2514.1,2518.2,405
2026-03-20 08:30:00+01:00,2518.1,2521.2,2517.6,2519.6,293
2026-03-20 08:40:00+01:00,2519.7,2522.8,2519.7,2521.8,269
2026-03-20 08:50:00+01:00,2521.9,2523.3,2521.4,2522.4,198
2026-03-20 09:00:00+01:00,2522.7,2524.3,2519.7,2524.3,492
2026-03-20 09:10:00+01:00,2524.2,2525.0,2523.0,2523.1,280
2026-03-20 09:20:00+01:00,2523.2,2523.2,2516.8,2517.1,368
2026-03-20 09:30:00+01:00,2517.1,2523.5,2515.9,2520.8,645
2026-03-20 09:40:00+01:00,2520.2,2521.0,2515.2,2517.6,394
2026-03-20 09:50:00+01:00,2517.7,2518.8,2515.3,2515.3,294
2026-03-20 10:00:00+01:00,2515.4,2518.3,2512.2,2518.1,527
2026-03-20 10:10:00+01:00,2518.4,2518.6,2509.9,2510.1,452
2026-03-20 10:20:00+01:00,2510.2,2511.9,2506.9,2506.9,563
2026-03-20 10:30:00+01:00,2507.5,2510.6,2506.2,2506.9,563
2026-03-20 10:40:00+01:00,2507.4,2507.5,2498.0,2498.4,1492
2026-03-20 10:50:00+01:00,2498.0,2499.8,2491.5,2493.1,1057
2026-03-20 11:00:00+01:00,2493.3,2494.6,2483.6,2485.3,1191
2026-03-20 11:10:00+01:00,2485.3,2486.5,2481.8,2485.0,1229
2026-03-20 11:20:00+01:00,2484.6,2486.2,2481.4,2485.0,877
2026-03-20 11:30:00+01:00,2484.8,2495.2,2484.8,2495.0,743
2026-03-20 11:40:00+01:00,2495.1,2495.6,2491.5,2492.9,598
2026-03-20 11:50:00+01:00,2493.3,2493.3,2489.6,2491.4,692
2026-03-20 12:00:00+01:00,2491.5,2501.7,2490.3,2501.7,1072
2026-03-20 12:10:00+01:00,2501.6,2503.0,2499.5,2500.9,860
2026-03-20 12:20:00+01:00,2501.0,2503.6,2498.5,2500.0,558
2026-03-20 12:30:00+01:00,2500.2,2502.3,2496.6,2497.2,619
2026-03-20 12:40:00+01:00,2497.5,2500.8,2494.9,2497.0,615
2026-03-20 12:50:00+01:00,2497.6,2501.7,2495.2,2501.2,611
2026-03-20 13:00:00+01:00,2501.7,2506.5,2497.2,2506.3,1267
2026-03-20 13:10:00+01:00,2506.3,2507.9,2500.7,2503.4,952
2026-03-20 13:20:00+01:00,2503.1,2504.2,2499.4,2504.1,678
2026-03-20 13:30:00+01:00,2503.7,2504.7,2499.1,2499.2,861
2026-03-20 13:40:00+01:00,2499.6,2503.9,2496.7,2501.7,985
2026-03-20 13:50:00+01:00,2501.7,2505.5,2501.4,2504.3,609
2026-03-20 14:00:00+01:00,2504.0,2505.6,2498.7,2499.9,742
2026-03-20 14:10:00+01:00,2499.8,2500.9,2496.2,2498.3,885
2026-03-20 14:20:00+01:00,2498.6,2504.7,2498.4,2504.7,1705
2026-03-20 14:30:00+01:00,2504.6,2509.7,2488.2,2495.3,9140
2026-03-20 14:40:00+01:00,2495.4,2507.7,2492.5,2499.4,5657
2026-03-20 14:50:00+01:00,2499.3,2499.5,2483.9,2484.8,5152
2026-03-20 15:00:00+01:00,2484.7,2488.8,2479.2,2484.2,5925
2026-03-20 15:10:00+01:00,2484.6,2486.1,2469.2,2470.6,6325
2026-03-20 15:20:00+01:00,2470.8,2474.0,2467.7,2468.7,3664
2026-03-20 15:30:00+01:00,2468.9,2481.1,2468.9,2477.4,3867
2026-03-20 15:40:00+01:00,2477.5,2483.4,2474.9,2482.3,2739
2026-03-20 15:50:00+01:00,2481.7,2481.7,2470.1,2475.1,3425
2026-03-20 16:00:00+01:00,2475.0,2481.4,2471.1,2473.8,3076
2026-03-20 16:10:00+01:00,2473.7,2483.4,2473.2,2475.3,2841
2026-03-20 16:20:00+01:00,2475.9,2489.3,2470.4,2473.7,6016
2026-03-20 16:30:00+01:00,2473.7,2480.5,2472.0,2475.7,2520
2026-03-20 16:40:00+01:00,2475.8,2477.9,2472.6,2475.9,2006
2026-03-20 16:50:00+01:00,2475.8,2479.2,2473.2,2477.7,1575
2026-03-20 17:00:00+01:00,2477.5,2484.6,2476.7,2479.6,2027
2026-03-20 17:10:00+01:00,2479.7,2483.0,2477.9,2482.2,3833
2026-03-20 17:20:00+01:00,2482.3,2482.4,2474.5,2476.6,1753
2026-03-20 17:30:00+01:00,2476.8,2476.9,2469.8,2475.4,2064
2026-03-20 17:40:00+01:00,2475.4,2477.5,2472.3,2475.5,1231
2026-03-20 17:50:00+01:00,2475.4,2480.8,2470.5,2478.7,1767
2026-03-20 18:00:00+01:00,2478.8,2479.7,2469.5,2476.0,4032
2026-03-20 18:10:00+01:00,2475.9,2477.6,2470.0,2471.8,1824
2026-03-20 18:20:00+01:00,2471.7,2475.0,2469.0,2470.4,1526
2026-03-20 18:30:00+01:00,2470.2,2471.9,2462.2,2465.9,2617
2026-03-20 18:40:00+01:00,2465.6,2467.8,2462.1,2464.3,1422
2026-03-20 18:50:00+01:00,2463.8,2469.6,2463.6,2469.4,1343
2026-03-20 19:00:00+01:00,2469.6,2471.1,2463.2,2464.5,1629
2026-03-20 19:10:00+01:00,2464.5,2464.7,2460.3,2462.7,1480
2026-03-20 19:20:00+01:00,2462.9,2463.8,2452.7,2455.6,4167
2026-03-20 19:30:00+01:00,2455.4,2456.9,2450.0,2451.5,1819
2026-03-20 19:40:00+01:00,2451.3,2453.4,2448.3,2449.3,1732
2026-03-20 19:50:00+01:00,2449.2,2451.8,2445.3,2448.3,2106
2026-03-20 20:00:00+01:00,2448.5,2451.1,2445.1,2447.5,1564
2026-03-20 20:10:00+01:00,2447.6,2449.2,2443.7,2449.0,1440
2026-03-20 20:20:00+01:00,2448.9,2448.9,2443.2,2446.0,2127
2026-03-20 20:30:00+01:00,2446.1,2447.2,2436.2,2439.9,2748
2026-03-20 20:40:00+01:00,2439.7,2445.3,2439.0,2440.1,2575
2026-03-20 20:50:00+01:00,2440.3,2457.5,2439.8,2456.1,6533
2026-03-20 21:00:00+01:00,2456.3,2459.9,2454.1,2457.4,1968
2026-03-20 21:10:00+01:00,2457.4,2462.1,2457.4,2459.3,811
2026-03-20 21:20:00+01:00,2459.0,2459.0,2456.8,2457.9,502
2026-03-20 21:30:00+01:00,2457.8,2461.4,2457.0,2461.1,272
2026-03-20 21:40:00+01:00,2461.0,2467.3,2460.2,2467.3,529
2026-03-20 21:50:00+01:00,2467.5,2468.5,2464.3,2467.0,516
2026-03-22 23:00:00+01:00,2432.2,2447.7,2410.0,2446.8,2192
2026-03-22 23:10:00+01:00,2445.8,2446.9,2441.4,2443.5,1303
2026-03-22 23:20:00+01:00,2443.9,2460.4,2443.2,2456.6,2241
2026-03-22 23:30:00+01:00,2456.6,2458.6,2452.1,2452.2,1088
2026-03-22 23:40:00+01:00,2452.0,2454.1,2450.3,2452.7,666
2026-03-22 23:50:00+01:00,2452.1,2454.7,2451.5,2452.0,364
2026-03-23 00:00:00+01:00,2452.2,2456.7,2452.1,2455.1,473
2026-03-23 00:10:00+01:00,2455.3,2456.9,2452.4,2453.0,329
2026-03-23 00:20:00+01:00,2452.9,2453.8,2451.2,2451.4,300
2026-03-23 00:30:00+01:00,2451.1,2452.4,2448.7,2449.7,470
2026-03-23 00:40:00+01:00,2449.8,2451.1,2447.1,2447.9,586
2026-03-23 00:50:00+01:00,2447.9,2449.2,2444.7,2448.0,596
2026-03-23 01:00:00+01:00,2448.3,2452.9,2445.5,2450.7,1350
2026-03-23 01:10:00+01:00,2450.6,2455.0,2450.4,2451.2,1106
2026-03-23 01:20:00+01:00,2451.0,2455.3,2450.8,2451.4,566
2026-03-23 01:30:00+01:00,2451.2,2452.5,2441.1,2442.2,968
2026-03-23 01:40:00+01:00,2442.2,2445.5,2439.9,2444.3,894
2026-03-23 01:50:00+01:00,2444.6,2445.2,2439.3,2439.8,690
2026-03-23 02:00:00+01:00,2439.9,2447.6,2437.9,2445.3,1177
2026-03-23 02:10:00+01:00,2445.5,2450.0,2443.8,2450.0,597
2026-03-23 02:20:00+01:00,2449.7,2451.4,2448.1,2449.6,343
2026-03-23 02:30:00+01:00,2449.8,2453.8,2447.8,2452.5,588
2026-03-23 02:40:00+01:00,2452.4,2453.1,2449.8,2450.5,413
2026-03-23 02:50:00+01:00,2450.2,2451.9,2449.3,2450.3,224
2026-03-23 03:00:00+01:00,2450.4,2453.4,2449.8,2452.8,315
2026-03-23 03:10:00+01:00,2452.7,2453.5,2447.6,2449.6,403
2026-03-23 03:20:00+01:00,2450.0,2453.0,2449.1,2450.1,297
2026-03-23 03:30:00+01:00,2449.7,2450.0,2445.7,2445.7,361
2026-03-23 03:40:00+01:00,2445.6,2448.1,2443.4,2444.0,327
2026-03-23 03:50:00+01:00,2443.9,2444.8,2441.9,2444.7,253
2026-03-23 04:00:00+01:00,2445.0,2446.4,2443.0,2443.2,224
2026-03-23 04:10:00+01:00,2443.3,2443.6,2439.2,2441.2,591
2026-03-23 04:20:00+01:00,2441.1,2442.7,2440.4,2440.6,283
2026-03-23 04:30:00+01:00,2440.5,2441.0,2438.7,2439.6,219
2026-03-23 04:40:00+01:00,2439.9,2440.3,2437.0,2437.3,395
2026-03-23 04:50:00+01:00,2437.1,2438.0,2434.7,2435.3,372
2026-03-23 05:00:00+01:00,2435.4,2437.1,2434.4,2436.2,330
2026-03-23 05:10:00+01:00,2435.9,2438.6,2435.6,2437.4,270
2026-03-23 05:20:00+01:00,2437.8,2439.8,2436.9,2438.7,164
2026-03-23 05:30:00+01:00,2438.6,2441.2,2438.3,2440.7,270
2026-03-23 05:40:00+01:00,2440.9,2441.0,2438.8,2438.8,132
2026-03-23 05:50:00+01:00,2438.7,2441.1,2438.5,2440.2,132
2026-03-23 06:00:00+01:00,2440.4,2444.0,2440.2,2442.0,249
2026-03-23 06:10:00+01:00,2440.9,2443.1,2439.9,2441.8,234
2026-03-23 06:20:00+01:00,2441.8,2442.0,2438.4,2439.4,204
2026-03-23 06:30:00+01:00,2439.2,2440.7,2433.4,2439.1,484
2026-03-23 06:40:00+01:00,2439.3,2439.3,2433.5,2433.5,229
2026-03-23 06:50:00+01:00,2433.6,2438.7,2432.2,2438.0,369
2026-03-23 07:00:00+01:00,2437.7,2438.0,2433.7,2435.6,215
2026-03-23 07:10:00+01:00,2435.6,2437.3,2432.2,2433.7,384
2026-03-23 07:20:00+01:00,2433.6,2435.5,2431.2,2432.1,443
2026-03-23 07:30:00+01:00,2432.0,2432.2,2428.8,2429.6,574
2026-03-23 07:40:00+01:00,2429.7,2431.2,2425.8,2426.8,500
2026-03-23 07:50:00+01:00,2426.8,2428.9,2421.7,2425.4,706
2026-03-23 08:00:00+01:00,2425.5,2429.6,2422.0,2428.2,664
2026-03-23 08:10:00+01:00,2428.1,2431.9,2425.6,2426.5,492
2026-03-23 08:20:00+01:00,2426.6,2426.6,2415.2,2418.4,1271
2026-03-23 08:30:00+01:00,2418.2,2421.7,2416.9,2419.1,740
2026-03-23 08:40:00+01:00,2419.1,2426.6,2417.5,2424.4,602
2026-03-23 08:50:00+01:00,2423.8,2424.0,2419.9,2421.3,437
2026-03-23 09:00:00+01:00,2421.1,2429.0,2421.1,2425.2,1182
2026-03-23 09:10:00+01:00,2425.8,2429.5,2422.8,2426.7,876
2026-03-23 09:20:00+01:00,2426.8,2429.0,2424.8,2424.9,678
2026-03-23 09:30:00+01:00,2425.3,2432.5,2424.8,2429.0,902
2026-03-23 09:40:00+01:00,2429.2,2432.5,2426.5,2429.4,768
2026-03-23 09:50:00+01:00,2429.2,2431.3,2425.2,2427.5,600
2026-03-23 10:00:00+01:00,2427.6,2430.0,2423.6,2429.2,697
2026-03-23 10:10:00+01:00,2429.2,2430.5,2426.3,2427.1,451
2026-03-23 10:20:00+01:00,2427.3,2431.1,2424.7,2427.7,570
2026-03-23 10:30:00+01:00,2427.6,2427.6,2415.7,2419.4,678
2026-03-23 10:40:00+01:00,2419.2,2422.9,2418.3,2420.5,484
2026-03-23 10:50:00+01:00,2420.5,2423.0,2418.6,2422.2,383
2026-03-23 11:00:00+01:00,2422.2,2426.5,2420.9,2424.6,623
2026-03-23 11:10:00+01:00,2425.0,2427.0,2420.0,2422.6,560
2026-03-23 11:20:00+01:00,2422.5,2422.5,2417.3,2418.4,540
2026-03-23 11:30:00+01:00,2418.1,2424.1,2417.8,2418.1,460
2026-03-23 11:40:00+01:00,2418.2,2420.3,2415.7,2418.2,621
2026-03-23 11:50:00+01:00,2418.0,2430.5,2417.8,2423.5,1971
2026-03-23 12:10:00+01:00,2531.6,2574.7,2526.9,2551.4,26524
2026-03-23 12:20:00+01:00,2552.0,2555.0,2516.4,2536.4,9453
2026-03-23 12:30:00+01:00,2535.2,2567.2,2535.2,2540.0,5431
2026-03-23 12:40:00+01:00,2539.6,2540.7,2508.1,2520.2,2779
2026-03-23 12:50:00+01:00,2520.0,2526.0,2506.3,2510.8,3583
2026-03-23 13:00:00+01:00,2510.7,2523.0,2498.7,2522.6,3294
2026-03-23 13:10:00+01:00,2522.7,2524.2,2507.5,2523.6,2212
2026-03-23 13:20:00+01:00,2523.6,2526.0,2519.5,2521.0,1397
2026-03-23 13:30:00+01:00,2520.6,2522.3,2510.5,2512.3,1842
2026-03-23 13:40:00+01:00,2513.4,2538.7,2508.8,2534.1,4886
2026-03-23 13:50:00+01:00,2534.5,2540.6,2526.3,2529.2,2955
2026-03-23 14:00:00+01:00,2529.2,2534.7,2516.5,2522.1,3222
2026-03-23 14:10:00+01:00,2522.1,2522.9,2516.4,2516.9,1788
2026-03-23 14:20:00+01:00,2516.8,2519.9,2505.5,2506.1,2732
2026-03-23 14:30:00+01:00,2506.0,2513.3,2495.2,2508.9,9142
2026-03-23 14:40:00+01:00,2508.6,2523.1,2505.0,2518.6,7059
2026-03-23 14:50:00+01:00,2518.5,2531.3,2516.9,2530.9,5073
2026-03-23 15:00:00+01:00,2531.0,2536.1,2524.3,2529.1,4732
2026-03-23 15:10:00+01:00,2529.1,2530.8,2524.1,2528.2,3638
2026-03-23 15:20:00+01:00,2528.3,2533.9,2523.2,2526.4,3250
2026-03-23 15:30:00+01:00,2526.3,2528.8,2520.7,2525.5,2742
2026-03-23 15:40:00+01:00,2525.3,2535.9,2523.7,2533.0,3012
2026-03-23 15:50:00+01:00,2532.9,2539.8,2527.8,2537.4,2598
2026-03-23 16:00:00+01:00,2537.7,2547.8,2537.3,2546.0,3757
2026-03-23 16:10:00+01:00,2546.1,2548.6,2540.5,2540.9,2685
2026-03-23 16:20:00+01:00,2540.7,2546.2,2537.1,2540.0,3067
2026-03-23 16:30:00+01:00,2539.9,2542.3,2525.7,2525.7,3028
2026-03-23 16:40:00+01:00,2525.6,2527.9,2518.7,2523.2,3014
2026-03-23 16:50:00+01:00,2523.1,2525.1,2507.3,2509.7,5789
2026-03-23 17:00:00+01:00,2509.7,2517.1,2506.9,2514.9,3513
2026-03-23 17:10:00+01:00,2514.8,2519.9,2512.8,2514.0,2838
2026-03-23 17:20:00+01:00,2514.2,2516.0,2504.3,2504.6,2889
2026-03-23 17:30:00+01:00,2504.5,2516.9,2504.1,2510.4,3045
2026-03-23 17:40:00+01:00,2510.4,2517.2,2510.4,2514.6,2457
2026-03-23 17:50:00+01:00,2514.8,2518.0,2508.7,2511.9,1840
2026-03-23 18:00:00+01:00,2512.4,2516.8,2507.8,2515.9,2285
2026-03-23 18:10:00+01:00,2516.0,2517.1,2508.3,2510.8,1442
2026-03-23 18:20:00+01:00,2510.8,2514.2,2505.4,2512.3,1632
2026-03-23 18:30:00+01:00,2512.1,2529.5,2512.0,2528.2,4265
2026-03-23 18:40:00+01:00,2528.1,2528.1,2519.1,2521.5,1951
2026-03-23 18:50:00+01:00,2521.4,2527.8,2520.6,2526.9,1358
2026-03-23 19:00:00+01:00,2526.8,2528.7,2518.6,2523.2,2235
2026-03-23 19:10:00+01:00,2523.1,2526.8,2520.9,2521.8,1398
2026-03-23 19:20:00+01:00,2521.8,2524.7,2520.5,2523.1,1081
2026-03-23 19:30:00+01:00,2523.3,2536.1,2523.3,2532.9,3948
2026-03-23 19:40:00+01:00,2532.7,2534.2,2529.8,2532.8,1865
2026-03-23 19:50:00+01:00,2532.7,2533.2,2528.0,2530.6,1293
2026-03-23 20:00:00+01:00,2530.5,2531.1,2526.7,2528.9,1508
2026-03-23 20:10:00+01:00,2529.1,2529.2,2520.3,2521.6,1181
2026-03-23 20:20:00+01:00,2521.5,2521.8,2516.2,2518.7,1702
2026-03-23 20:30:00+01:00,2518.3,2521.1,2517.1,2520.8,1178
2026-03-23 20:40:00+01:00,2520.6,2525.1,2519.5,2522.2,1662
2026-03-23 20:50:00+01:00,2522.1,2522.2,2508.7,2508.9,4205
2026-03-23 21:00:00+01:00,2508.8,2509.7,2505.6,2509.0,1786
2026-03-23 21:10:00+01:00,2509.0,2511.7,2508.6,2509.5,480
2026-03-23 21:20:00+01:00,2509.4,2510.9,2509.2,2510.3,286
2026-03-23 21:30:00+01:00,2510.1,2512.7,2509.1,2512.6,322
2026-03-23 21:40:00+01:00,2512.4,2514.4,2512.2,2514.2,299
2026-03-23 21:50:00+01:00,2514.0,2514.3,2509.7,2510.8,269
2026-03-23 23:00:00+01:00,2509.9,2512.0,2505.0,2509.3,408
2026-03-23 23:10:00+01:00,2508.9,2511.9,2508.5,2511.1,164
2026-03-23 23:20:00+01:00,2511.0,2513.3,2510.2,2512.9,188
2026-03-23 23:30:00+01:00,2512.9,2514.4,2510.8,2513.0,278
2026-03-23 23:40:00+01:00,2513.1,2516.1,2512.8,2515.9,273
2026-03-23 23:50:00+01:00,2515.9,2520.2,2515.8,2519.2,454
2026-03-24 00:00:00+01:00,2519.2,2519.2,2516.9,2517.4,281
2026-03-24 00:10:00+01:00,2517.1,2519.9,2516.8,2518.9,271
2026-03-24 00:20:00+01:00,2518.7,2519.2,2517.6,2518.2,128
2026-03-24 00:30:00+01:00,2518.1,2518.1,2515.3,2516.6,228
2026-03-24 00:40:00+01:00,2516.5,2518.2,2512.6,2513.7,381
2026-03-24 00:50:00+01:00,2513.6,2516.6,2512.8,2516.2,271
2026-03-24 01:00:00+01:00,2516.1,2516.2,2506.8,2507.5,899
2026-03-24 01:10:00+01:00,2507.5,2509.3,2497.1,2498.9,1141
2026-03-24 01:20:00+01:00,2498.9,2507.6,2495.5,2505.2,829
2026-03-24 01:30:00+01:00,2505.6,2507.5,2488.0,2494.4,1382
2026-03-24 01:40:00+01:00,2494.2,2500.2,2493.3,2497.4,679
2026-03-24 01:50:00+01:00,2498.1,2500.0,2496.2,2497.1,527
2026-03-24 02:00:00+01:00,2497.4,2497.6,2488.4,2489.1,965
2026-03-24 02:10:00+01:00,2489.4,2493.1,2486.4,2488.4,771
2026-03-24 02:20:00+01:00,2488.6,2493.1,2487.5,2491.5,489
2026-03-24 02:30:00+01:00,2491.5,2492.0,2488.3,2489.1,415
2026-03-24 02:40:00+01:00,2489.3,2490.2,2482.8,2484.3,696
2026-03-24 02:50:00+01:00,2484.3,2487.9,2484.2,2486.8,487
2026-03-24 03:00:00+01:00,2487.0,2487.5,2484.5,2486.2,359
2026-03-24 03:10:00+01:00,2485.9,2486.5,2482.5,2486.1,352
2026-03-24 03:20:00+01:00,2486.4,2492.1,2485.9,2489.8,607
2026-03-24 03:30:00+01:00,2489.7,2490.8,2487.4,2487.9,231
2026-03-24 03:40:00+01:00,2487.6,2491.4,2487.5,2488.8,252
2026-03-24 03:50:00+01:00,2488.7,2488.8,2485.7,2485.8,226
2026-03-24 04:00:00+01:00,2486.4,2486.4,2484.0,2484.9,214
2026-03-24 04:10:00+01:00,2484.9,2487.4,2484.8,2486.4,118
2026-03-24 04:20:00+01:00,2486.5,2489.4,2486.5,2488.6,189
2026-03-24 04:30:00+01:00,2488.1,2488.1,2483.7,2486.9,216
2026-03-24 04:40:00+01:00,2487.1,2489.9,2487.1,2489.0,187
2026-03-24 04:50:00+01:00,2488.5,2490.6,2487.1,2490.1,169
2026-03-24 05:00:00+01:00,2490.5,2492.1,2490.3,2491.4,217
2026-03-24 05:10:00+01:00,2491.5,2492.2,2488.6,2488.8,370
2026-03-24 05:20:00+01:00,2488.7,2488.8,2486.2,2486.6,153
2026-03-24 05:30:00+01:00,2486.7,2487.2,2485.5,2487.0,77
2026-03-24 05:40:00+01:00,2486.8,2487.8,2486.0,2487.0,120
2026-03-24 05:50:00+01:00,2487.0,2488.9,2485.9,2486.0,198
2026-03-24 06:00:00+01:00,2486.3,2487.0,2480.4,2481.2,447
2026-03-24 06:10:00+01:00,2481.4,2493.7,2480.8,2488.6,816
2026-03-24 06:20:00+01:00,2487.9,2488.5,2478.8,2479.0,841
2026-03-24 06:30:00+01:00,2478.7,2483.7,2478.7,2483.3,217
2026-03-24 06:40:00+01:00,2483.7,2488.3,2483.6,2485.8,344
2026-03-24 06:50:00+01:00,2485.4,2488.1,2485.4,2487.0,174
2026-03-24 07:00:00+01:00,2487.1,2491.7,2486.8,2491.2,306
2026-03-24 07:10:00+01:00,2491.3,2493.3,2489.8,2492.3,207
2026-03-24 07:20:00+01:00,2491.6,2498.6,2491.5,2496.3,498
2026-03-24 07:30:00+01:00,2496.3,2500.0,2496.3,2499.1,445
2026-03-24 07:40:00+01:00,2499.2,2500.6,2497.6,2500.0,230
2026-03-24 07:50:00+01:00,2499.7,2505.3,2499.3,2502.5,452
2026-03-24 08:00:00+01:00,2502.2,2512.8,2501.8,2512.5,1026
2026-03-24 08:10:00+01:00,2512.6,2519.4,2512.2,2515.4,974
2026-03-24 08:20:00+01:00,2515.3,2516.7,2512.4,2514.6,727
2026-03-24 08:30:00+01:00,2514.7,2515.3,2510.7,2513.4,414
2026-03-24 08:40:00+01:00,2513.3,2515.6,2511.8,2513.5,448
2026-03-24 08:50:00+01:00,2513.0,2516.9,2512.2,2516.1,406
2026-03-24 09:00:00+01:00,2516.2,2519.9,2513.3,2518.7,824
2026-03-24 09:10:00+01:00,2518.1,2518.9,2508.8,2509.0,562
2026-03-24 09:20:00+01:00,2509.1,2511.4,2505.1,2505.3,737
2026-03-24 09:30:00+01:00,2505.5,2510.5,2503.7,2507.2,457
2026-03-24 09:40:00+01:00,2508.3,2511.2,2505.1,2509.1,427
2026-03-24 09:50:00+01:00,2509.6,2511.1,2501.9,2504.0,1107
2026-03-24 10:00:00+01:00,2504.2,2506.5,2497.9,2498.3,634
2026-03-24 10:10:00+01:00,2498.6,2501.5,2494.1,2499.9,668
2026-03-24 10:20:00+01:00,2499.9,2502.5,2496.0,2501.9,361
2026-03-24 10:30:00+01:00,2501.3,2502.6,2499.5,2502.4,341
2026-03-24 10:40:00+01:00,2502.5,2506.0,2502.5,2504.1,439
2026-03-24 10:50:00+01:00,2504.0,2510.3,2501.6,2508.5,511
2026-03-24 11:00:00+01:00,2508.5,2510.9,2501.9,2510.4,581
2026-03-24 11:10:00+01:00,2510.4,2511.0,2508.6,2509.5,406
2026-03-24 11:20:00+01:00,2509.3,2510.2,2505.0,2505.3,362
2026-03-24 11:30:00+01:00,2505.1,2508.2,2502.7,2508.2,392
2026-03-24 11:40:00+01:00,2508.1,2510.4,2504.2,2504.5,473
2026-03-24 11:50:00+01:00,2504.9,2507.9,2504.9,2507.5,276
2026-03-24 12:00:00+01:00,2507.2,2509.5,2502.6,2508.7,520
2026-03-24 12:10:00+01:00,2508.8,2510.4,2502.2,2506.9,475
2026-03-24 12:20:00+01:00,2507.2,2507.6,2502.5,2504.7,335
2026-03-24 12:30:00+01:00,2503.9,2506.5,2502.3,2505.1,425
2026-03-24 12:40:00+01:00,2505.2,2509.9,2502.7,2508.1,505
2026-03-24 12:50:00+01:00,2507.9,2508.2,2492.7,2506.4,1322
2026-03-24 13:00:00+01:00,2506.4,2508.7,2499.1,2500.7,607
2026-03-24 13:10:00+01:00,2501.0,2503.2,2498.4,2500.8,486
2026-03-24 13:20:00+01:00,2500.6,2505.3,2499.5,2502.6,474
2026-03-24 13:30:00+01:00,2502.5,2503.0,2491.7,2492.2,912
2026-03-24 13:40:00+01:00,2492.5,2495.0,2490.6,2491.5,796
2026-03-24 13:50:00+01:00,2491.6,2496.4,2491.2,2492.0,1167
2026-03-24 14:00:00+01:00,2491.8,2495.2,2482.5,2486.7,2594
2026-03-24 14:10:00+01:00,2486.8,2491.9,2485.9,2487.1,1229
2026-03-24 14:20:00+01:00,2487.1,2490.2,2485.5,2489.1,1496
2026-03-24 14:30:00+01:00,2488.9,2499.8,2480.3,2492.6,7027
2026-03-24 14:40:00+01:00,2492.6,2494.5,2484.2,2484.7,4438
2026-03-24 14:50:00+01:00,2484.7,2490.9,2481.9,2490.3,4726
2026-03-24 15:00:00+01:00,2490.2,2501.2,2487.9,2500.9,4744
2026-03-24 15:10:00+01:00,2500.8,2502.9,2490.9,2497.1,4016
2026-03-24 15:20:00+01:00,2497.5,2504.9,2494.9,2499.5,3325
2026-03-24 15:30:00+01:00,2499.6,2505.7,2497.4,2500.1,2941
2026-03-24 15:40:00+01:00,2500.1,2509.2,2499.0,2500.6,3511
2026-03-24 15:50:00+01:00,2500.8,2522.2,2497.7,2515.2,11523
2026-03-24 16:00:00+01:00,2515.2,2524.7,2515.2,2518.6,4330
2026-03-24 16:10:00+01:00,2518.7,2524.7,2515.9,2524.2,2706
2026-03-24 16:20:00+01:00,2524.1,2532.2,2522.8,2529.0,3360
2026-03-24 16:30:00+01:00,2528.9,2531.1,2524.4,2529.1,2311
2026-03-24 16:40:00+01:00,2528.9,2531.2,2528.0,2530.1,1246
2026-03-24 16:50:00+01:00,2530.2,2533.8,2520.5,2522.2,3030
2026-03-24 17:00:00+01:00,2522.3,2523.4,2517.6,2522.5,2681
2026-03-24 17:10:00+01:00,2522.5,2528.6,2520.4,2528.2,2216
2026-03-24 17:20:00+01:00,2528.1,2529.2,2525.3,2527.8,1353
2026-03-24 17:30:00+01:00,2527.8,2529.0,2518.0,2518.6,2276
2026-03-24 17:40:00+01:00,2518.5,2529.2,2517.6,2525.6,2015
2026-03-24 17:50:00+01:00,2525.5,2529.4,2522.5,2526.0,1638
2026-03-24 18:00:00+01:00,2525.9,2528.4,2509.2,2510.5,4513
2026-03-24 18:10:00+01:00,2510.7,2513.1,2506.6,2508.0,3144
2026-03-24 18:20:00+01:00,2508.1,2513.9,2507.4,2512.8,1869
2026-03-24 18:30:00+01:00,2512.8,2517.3,2508.1,2513.6,2260
2026-03-24 18:40:00+01:00,2513.3,2515.3,2508.3,2512.0,1643
2026-03-24 18:50:00+01:00,2511.8,2522.5,2509.9,2521.5,5314
2026-03-24 19:00:00+01:00,2521.4,2524.4,2517.5,2518.0,2491
2026-03-24 19:10:00+01:00,2517.9,2521.2,2516.3,2520.3,1766
2026-03-24 19:20:00+01:00,2520.2,2525.5,2518.0,2524.8,2447
2026-03-24 19:30:00+01:00,2524.6,2536.8,2523.6,2536.4,3918
2026-03-24 19:40:00+01:00,2535.9,2536.1,2525.3,2528.4,2539
2026-03-24 19:50:00+01:00,2528.3,2531.9,2525.4,2527.2,1804
2026-03-24 20:00:00+01:00,2527.2,2533.2,2527.1,2533.0,1440
2026-03-24 20:10:00+01:00,2532.9,2534.8,2529.7,2531.0,1829
2026-03-24 20:20:00+01:00,2530.9,2531.4,2526.6,2526.7,1309
2026-03-24 20:30:00+01:00,2526.7,2529.0,2523.9,2525.6,1915
2026-03-24 20:40:00+01:00,2526.0,2528.0,2522.7,2525.4,1631
2026-03-24 20:50:00+01:00,2525.4,2525.8,2520.4,2522.9,2742
2026-03-24 21:00:00+01:00,2523.0,2524.0,2521.4,2521.7,891
2026-03-24 21:10:00+01:00,2521.6,2525.3,2520.5,2525.1,654
2026-03-24 21:20:00+01:00,2525.2,2567.9,2525.2,2548.9,6471
2026-03-24 21:30:00+01:00,2549.1,2567.6,2548.1,2564.5,2366
2026-03-24 21:40:00+01:00,2564.2,2564.2,2546.2,2553.5,1990
2026-03-24 21:50:00+01:00,2553.5,2555.7,2550.0,2551.3,1198
2026-03-24 23:00:00+01:00,2551.0,2554.4,2545.5,2552.2,731
2026-03-24 23:10:00+01:00,2553.7,2554.4,2546.6,2549.3,383
2026-03-24 23:20:00+01:00,2549.0,2549.3,2543.2,2545.5,651
2026-03-24 23:30:00+01:00,2545.8,2550.7,2545.8,2549.4,446
2026-03-24 23:40:00+01:00,2549.9,2553.7,2549.1,2551.3,442
2026-03-24 23:50:00+01:00,2551.5,2553.4,2550.3,2553.3,219
2026-03-25 00:00:00+01:00,2553.1,2553.5,2549.0,2550.7,430
2026-03-25 00:10:00+01:00,2550.9,2552.8,2550.9,2551.7,187
2026-03-25 00:20:00+01:00,2551.9,2554.1,2551.9,2552.2,272
2026-03-25 00:30:00+01:00,2552.3,2553.2,2551.1,2552.4,170
2026-03-25 00:40:00+01:00,2552.3,2552.3,2550.0,2550.8,267
2026-03-25 00:50:00+01:00,2551.1,2552.6,2550.4,2551.5,229
2026-03-25 01:00:00+01:00,2551.5,2552.9,2548.2,2550.3,811
2026-03-25 01:10:00+01:00,2550.3,2556.0,2550.0,2552.1,639
2026-03-25 01:20:00+01:00,2551.7,2553.5,2550.0,2552.2,381
2026-03-25 01:30:00+01:00,2552.6,2563.8,2544.0,2563.0,1624
2026-03-25 01:40:00+01:00,2562.8,2563.3,2558.6,2559.0,730
2026-03-25 01:50:00+01:00,2559.4,2560.8,2556.5,2556.8,323
2026-03-25 02:00:00+01:00,2556.6,2559.2,2555.9,2557.5,401
2026-03-25 02:10:00+01:00,2557.2,2560.0,2555.5,2557.5,487
2026-03-25 02:20:00+01:00,2557.7,2560.7,2557.7,2558.1,328
2026-03-25 02:30:00+01:00,2558.3,2559.6,2556.5,2558.1,409
2026-03-25 02:40:00+01:00,2558.2,2560.8,2554.8,2556.5,669
2026-03-25 02:50:00+01:00,2556.8,2557.6,2553.6,2554.0,239
2026-03-25 03:00:00+01:00,2553.9,2554.8,2550.6,2551.3,577
2026-03-25 03:10:00+01:00,2551.7,2552.1,2548.9,2550.8,444
2026-03-25 03:20:00+01:00,2550.6,2552.3,2549.5,2551.6,268
2026-03-25 03:30:00+01:00,2551.5,2552.0,2549.7,2549.7,168
2026-03-25 03:40:00+01:00,2549.8,2551.5,2548.5,2549.2,247
2026-03-25 03:50:00+01:00,2549.1,2549.8,2545.3,2545.7,311
2026-03-25 04:00:00+01:00,2545.5,2548.7,2545.4,2546.5,260
2026-03-25 04:10:00+01:00,2546.6,2547.3,2543.3,2545.4,284
2026-03-25 04:20:00+01:00,2545.5,2547.2,2544.9,2546.7,180
2026-03-25 04:30:00+01:00,2546.6,2550.0,2546.1,2549.0,243
2026-03-25 04:40:00+01:00,2549.2,2549.3,2547.2,2548.2,109
2026-03-25 04:50:00+01:00,2548.3,2550.2,2548.2,2549.1,119
2026-03-25 05:00:00+01:00,2549.4,2553.7,2549.0,2553.7,296
2026-03-25 05:10:00+01:00,2553.4,2555.7,2551.9,2555.4,286
2026-03-25 05:20:00+01:00,2555.3,2559.5,2554.7,2558.9,433
2026-03-25 05:30:00+01:00,2558.9,2560.2,2558.4,2558.7,290
2026-03-25 05:40:00+01:00,2558.8,2558.9,2555.4,2556.5,207
2026-03-25 05:50:00+01:00,2556.4,2558.9,2555.9,2558.6,199
2026-03-25 06:00:00+01:00,2558.4,2558.4,2556.0,2557.4,194
2026-03-25 06:10:00+01:00,2557.5,2558.7,2555.3,2555.3,159
2026-03-25 06:20:00+01:00,2555.6,2555.9,2552.9,2553.8,135
2026-03-25 06:30:00+01:00,2553.9,2555.7,2553.6,2555.3,173
2026-03-25 06:40:00+01:00,2555.5,2556.5,2554.3,2554.4,189
2026-03-25 06:50:00+01:00,2554.3,2554.3,2549.8,2551.3,206
2026-03-25 07:00:00+01:00,2551.2,2551.6,2548.9,2548.9,170
2026-03-25 07:10:00+01:00,2549.1,2551.0,2549.1,2550.2,148
2026-03-25 07:20:00+01:00,2550.3,2551.2,2548.0,2549.5,278
2026-03-25 07:30:00+01:00,2549.5,2550.3,2548.4,2549.1,226
2026-03-25 07:40:00+01:00,2549.5,2552.9,2549.4,2552.5,199
2026-03-25 07:50:00+01:00,2552.3,2555.2,2550.9,2552.1,187
2026-03-25 08:00:00+01:00,2551.8,2551.8,2548.9,2549.4,310
2026-03-25 08:10:00+01:00,2549.5,2554.9,2549.2,2554.0,339
2026-03-25 08:20:00+01:00,2554.1,2554.3,2547.3,2548.4,388
2026-03-25 08:30:00+01:00,2548.4,2550.3,2547.1,2548.6,328
2026-03-25 08:40:00+01:00,2549.1,2554.8,2549.1,2554.4,388
2026-03-25 08:50:00+01:00,2554.2,2554.5,2552.2,2552.8,310
2026-03-25 09:00:00+01:00,2553.3,2562.1,2552.7,2558.9,973
2026-03-25 09:10:00+01:00,2559.0,2563.6,2558.2,2563.6,511
2026-03-25 09:20:00+01:00,2563.4,2564.8,2561.0,2561.0,588
2026-03-25 09:30:00+01:00,2560.9,2565.2,2555.9,2559.2,783
2026-03-25 09:40:00+01:00,2559.5,2562.2,2558.0,2558.7,425
2026-03-25 09:50:00+01:00,2558.6,2559.3,2551.5,2552.7,651
2026-03-25 10:00:00+01:00,2553.1,2558.2,2550.5,2556.8,482
2026-03-25 10:10:00+01:00,2556.8,2558.9,2556.1,2557.3,263
2026-03-25 10:20:00+01:00,2557.6,2557.7,2549.6,2549.8,304
2026-03-25 10:30:00+01:00,2550.6,2553.7,2550.3,2552.0,251
2026-03-25 10:40:00+01:00,2552.4,2552.8,2546.4,2547.7,358
2026-03-25 10:50:00+01:00,2547.4,2555.4,2546.7,2551.3,914
2026-03-25 11:00:00+01:00,2552.0,2557.0,2551.6,2554.0,556
2026-03-25 11:10:00+01:00,2553.5,2556.0,2552.2,2553.9,314
2026-03-25 11:20:00+01:00,2554.2,2555.0,2551.2,2551.2,245
2026-03-25 11:30:00+01:00,2551.1,2554.0,2550.6,2553.2,284
2026-03-25 11:40:00+01:00,2553.3,2554.1,2550.3,2552.8,237
2026-03-25 11:50:00+01:00,2552.8,2554.3,2551.8,2552.5,267
2026-03-25 12:00:00+01:00,2552.5,2558.4,2552.1,2557.1,466
2026-03-25 12:10:00+01:00,2557.1,2557.3,2554.8,2556.1,253
2026-03-25 12:20:00+01:00,2556.0,2560.6,2555.6,2557.7,479
2026-03-25 12:30:00+01:00,2557.8,2561.7,2557.8,2561.2,442
2026-03-25 12:40:00+01:00,2561.2,2561.3,2549.2,2552.0,1316
2026-03-25 12:50:00+01:00,2552.5,2556.9,2549.9,2556.6,726
2026-03-25 13:00:00+01:00,2556.5,2561.2,2555.6,2559.3,721
2026-03-25 13:10:00+01:00,2559.1,2560.6,2546.2,2547.9,1522
2026-03-25 13:20:00+01:00,2547.6,2552.1,2540.5,2544.4,2572
2026-03-25 13:30:00+01:00,2544.4,2547.2,2535.1,2546.9,1969
2026-03-25 13:40:00+01:00,2547.1,2547.9,2540.6,2544.6,1233
2026-03-25 13:50:00+01:00,2544.7,2551.2,2544.2,2549.4,962
2026-03-25 14:00:00+01:00,2549.6,2554.8,2545.8,2551.3,1914
2026-03-25 14:10:00+01:00,2551.1,2553.5,2548.9,2551.5,631
2026-03-25 14:20:00+01:00,2551.7,2552.5,2548.3,2552.2,1116
2026-03-25 14:30:00+01:00,2552.2,2562.8,2551.6,2558.3,5366
2026-03-25 14:40:00+01:00,2558.6,2564.3,2552.7,2553.6,3838
2026-03-25 14:50:00+01:00,2553.5,2554.2,2544.7,2545.8,3950
2026-03-25 15:00:00+01:00,2545.9,2551.6,2542.0,2550.8,3836
2026-03-25 15:10:00+01:00,2550.8,2559.6,2548.9,2556.7,3768
2026-03-25 15:20:00+01:00,2556.7,2562.8,2552.9,2557.8,3925
2026-03-25 15:30:00+01:00,2558.0,2565.6,2556.0,2559.4,3223
2026-03-25 15:40:00+01:00,2559.3,2561.8,2555.6,2557.9,1860
2026-03-25 15:50:00+01:00,2558.2,2559.7,2556.0,2557.4,1001
2026-03-25 16:00:00+01:00,2557.6,2558.7,2546.2,2546.8,3095
2026-03-25 16:10:00+01:00,2546.8,2548.0,2529.2,2533.9,6127
2026-03-25 16:20:00+01:00,2533.8,2551.1,2533.8,2551.1,3895
2026-03-25 16:30:00+01:00,2550.9,2553.2,2545.2,2546.2,2259
2026-03-25 16:40:00+01:00,2546.1,2548.6,2543.0,2548.4,1571
2026-03-25 16:50:00+01:00,2548.5,2552.9,2548.0,2550.5,2579
2026-03-25 17:00:00+01:00,2550.6,2551.6,2544.4,2547.3,1976
2026-03-25 17:10:00+01:00,2546.9,2547.6,2542.5,2543.9,1353
2026-03-25 17:20:00+01:00,2543.9,2552.8,2541.7,2550.8,2914
2026-03-25 17:30:00+01:00,2550.5,2555.4,2548.1,2554.0,2199
2026-03-25 17:40:00+01:00,2554.2,2555.8,2551.2,2552.3,989
2026-03-25 17:50:00+01:00,2552.6,2556.5,2550.1,2553.5,1280
2026-03-25 18:00:00+01:00,2553.4,2558.0,2549.8,2549.9,1984
2026-03-25 18:10:00+01:00,2549.8,2552.4,2547.3,2549.5,1468
2026-03-25 18:20:00+01:00,2549.6,2554.5,2548.9,2553.1,941
2026-03-25 18:30:00+01:00,2553.3,2558.0,2551.5,2557.7,899
2026-03-25 18:40:00+01:00,2557.5,2561.0,2553.0,2554.0,2232
2026-03-25 18:50:00+01:00,2554.1,2556.8,2548.2,2550.7,2611
2026-03-25 19:00:00+01:00,2550.6,2553.2,2548.9,2552.0,936
2026-03-25 19:10:00+01:00,2552.0,2556.7,2551.7,2554.3,976
2026-03-25 19:20:00+01:00,2554.3,2556.0,2550.7,2550.8,730
2026-03-25 19:30:00+01:00,2551.5,2553.4,2551.0,2551.8,499
2026-03-25 19:40:00+01:00,2551.8,2552.3,2547.6,2548.6,1131
2026-03-25 19:50:00+01:00,2548.8,2549.8,2538.2,2543.9,3086
2026-03-25 20:00:00+01:00,2543.7,2545.4,2539.8,2544.7,2151
2026-03-25 20:10:00+01:00,2544.7,2548.6,2542.5,2548.4,1538
2026-03-25 20:20:00+01:00,2548.3,2551.7,2547.0,2547.9,1239
2026-03-25 20:30:00+01:00,2547.8,2548.2,2543.6,2546.4,1330
2026-03-25 20:40:00+01:00,2546.3,2548.0,2543.1,2546.6,1755
2026-03-25 20:50:00+01:00,2546.6,2552.8,2546.4,2552.4,3571
2026-03-25 21:00:00+01:00,2552.5,2555.7,2551.6,2553.5,1257
2026-03-25 21:10:00+01:00,2553.2,2555.3,2552.5,2554.9,370
2026-03-25 21:20:00+01:00,2554.7,2554.7,2548.9,2549.1,330
2026-03-25 21:30:00+01:00,2549.2,2550.7,2548.4,2549.5,262
2026-03-25 21:40:00+01:00,2549.2,2549.2,2547.4,2547.7,228
2026-03-25 21:50:00+01:00,2547.9,2550.1,2547.0,2549.3,309
2026-03-25 23:00:00+01:00,2549.1,2550.0,2546.3,2546.4,315
2026-03-25 23:10:00+01:00,2546.4,2547.4,2544.7,2545.3,162
2026-03-25 23:20:00+01:00,2545.1,2545.4,2543.9,2544.2,134
2026-03-25 23:30:00+01:00,2544.3,2547.3,2544.1,2547.1,181
2026-03-25 23:50:00+01:00,2547.3,2548.0,2545.0,2545.3,212
2026-03-26 00:00:00+01:00,2545.3,2547.0,2545.0,2545.0,148
2026-03-26 00:10:00+01:00,2545.4,2545.9,2542.6,2543.1,232
2026-03-26 00:20:00+01:00,2543.4,2544.1,2542.6,2543.4,167
2026-03-26 00:30:00+01:00,2543.8,2544.4,2542.5,2543.7,303
2026-03-26 00:40:00+01:00,2543.3,2545.1,2541.1,2544.4,327
2026-03-26 00:50:00+01:00,2544.1,2547.0,2544.0,2546.4,214
2026-03-26 01:00:00+01:00,2546.4,2547.4,2545.5,2545.8,214
2026-03-26 01:10:00+01:00,2546.1,2552.2,2545.3,2550.1,448
2026-03-26 01:20:00+01:00,2550.2,2554.6,2550.0,2552.7,441
2026-03-26 01:30:00+01:00,2552.3,2554.2,2551.5,2551.7,298
2026-03-26 01:40:00+01:00,2551.8,2552.2,2550.4,2551.1,221
2026-03-26 01:50:00+01:00,2551.0,2551.0,2546.4,2548.5,271
2026-03-26 02:00:00+01:00,2548.5,2552.4,2548.3,2549.1,582
2026-03-26 02:10:00+01:00,2549.3,2550.4,2546.9,2547.1,160
2026-03-26 02:20:00+01:00,2547.4,2549.5,2545.7,2547.6,270
2026-03-26 02:30:00+01:00,2547.5,2549.1,2546.9,2548.3,209
2026-03-26 02:40:00+01:00,2548.6,2550.5,2547.7,2548.7,158
2026-03-26 03:00:00+01:00,2549.6,2551.5,2548.7,2548.9,173
2026-03-26 03:20:00+01:00,2548.3,2549.0,2543.8,2544.4,268
2026-03-26 03:30:00+01:00,2544.5,2545.5,2537.0,2538.4,1078
2026-03-26 03:40:00+01:00,2538.6,2543.2,2538.4,2541.7,458
2026-03-26 03:50:00+01:00,2542.0,2542.5,2539.3,2539.9,249
2026-03-26 04:00:00+01:00,2539.8,2541.3,2539.3,2539.3,169
2026-03-26 04:10:00+01:00,2539.3,2543.4,2539.3,2542.8,207
2026-03-26 04:20:00+01:00,2542.7,2545.3,2542.6,2544.7,174
2026-03-26 04:30:00+01:00,2544.6,2552.5,2544.4,2552.1,640
2026-03-26 04:40:00+01:00,2551.9,2553.3,2550.1,2550.2,266
2026-03-26 04:50:00+01:00,2550.1,2550.1,2548.4,2549.1,233
2026-03-26 05:00:00+01:00,2549.1,2549.4,2546.9,2548.1,235
2026-03-26 05:10:00+01:00,2548.4,2548.5,2546.6,2546.9,97
2026-03-26 05:20:00+01:00,2547.1,2547.7,2546.4,2547.0,66
2026-03-26 05:30:00+01:00,2547.2,2547.9,2545.9,2545.9,147
2026-03-26 05:50:00+01:00,2546.0,2546.0,2542.8,2543.4,209
2026-03-26 06:00:00+01:00,2543.6,2545.3,2541.1,2541.4,324
2026-03-26 06:10:00+01:00,2541.5,2542.2,2540.2,2541.9,256
2026-03-26 06:20:00+01:00,2541.8,2542.1,2537.2,2539.0,537
2026-03-26 06:30:00+01:00,2539.0,2541.1,2537.7,2540.0,302
2026-03-26 06:40:00+01:00,2539.9,2541.0,2537.2,2538.4,259
2026-03-26 06:50:00+01:00,2538.5,2538.7,2535.4,2535.8,450
2026-03-26 07:00:00+01:00,2535.6,2537.5,2534.2,2536.3,288
2026-03-26 07:10:00+01:00,2536.6,2536.8,2533.4,2535.0,473
2026-03-26 07:20:00+01:00,2535.0,2540.0,2533.8,2539.6,252
2026-03-26 07:30:00+01:00,2539.6,2540.4,2537.6,2539.0,279
2026-03-26 07:40:00+01:00,2539.2,2539.2,2536.5,2538.9,154
2026-03-26 07:50:00+01:00,2538.8,2540.0,2537.3,2539.5,122
2026-03-26 08:00:00+01:00,2539.4,2540.0,2532.5,2534.8,615
2026-03-26 08:10:00+01:00,2535.1,2535.4,2533.0,2533.5,240
2026-03-26 08:20:00+01:00,2533.4,2537.7,2528.0,2533.8,1035
2026-03-26 08:30:00+01:00,2533.7,2536.5,2531.5,2535.7,227
2026-03-26 08:40:00+01:00,2536.1,2536.8,2532.9,2535.8,290
2026-03-26 08:50:00+01:00,2536.1,2536.8,2533.8,2534.3,148
2026-03-26 09:00:00+01:00,2534.2,2539.1,2534.2,2535.7,420
2026-03-26 09:10:00+01:00,2535.5,2536.0,2527.6,2528.8,773
2026-03-26 09:20:00+01:00,2528.5,2530.5,2526.4,2526.5,405
2026-03-26 09:30:00+01:00,2526.6,2530.1,2525.9,2527.6,606
2026-03-26 09:40:00+01:00,2527.5,2529.7,2523.8,2524.0,402
2026-03-26 09:50:00+01:00,2523.9,2529.3,2523.9,2528.7,383
2026-03-26 10:00:00+01:00,2528.8,2529.7,2524.2,2526.9,588
2026-03-26 10:10:00+01:00,2527.2,2530.0,2525.3,2525.9,386
2026-03-26 10:20:00+01:00,2526.6,2527.1,2523.4,2523.8,339
2026-03-26 10:30:00+01:00,2523.4,2523.4,2519.1,2521.0,806
2026-03-26 10:40:00+01:00,2521.2,2523.2,2519.2,2520.1,428
2026-03-26 10:50:00+01:00,2520.5,2525.7,2520.5,2524.1,326
2026-03-26 11:00:00+01:00,2524.0,2529.3,2521.2,2527.3,645
2026-03-26 11:10:00+01:00,2527.4,2529.7,2525.8,2525.8,375
2026-03-26 11:20:00+01:00,2525.9,2529.7,2525.6,2529.1,337
2026-03-26 11:30:00+01:00,2529.0,2531.0,2525.0,2525.6,661
2026-03-26 11:40:00+01:00,2525.7,2527.8,2524.7,2526.1,491
2026-03-26 11:50:00+01:00,2526.7,2528.3,2524.8,2525.4,338
2026-03-26 12:00:00+01:00,2526.0,2528.1,2523.7,2527.4,358
2026-03-26 12:10:00+01:00,2526.9,2527.0,2524.5,2525.7,197
2026-03-26 12:20:00+01:00,2525.9,2526.0,2519.6,2521.7,446
2026-03-26 12:30:00+01:00,2522.0,2522.5,2518.1,2521.2,641
2026-03-26 12:40:00+01:00,2520.9,2521.3,2516.8,2517.0,620
2026-03-26 12:50:00+01:00,2517.0,2519.0,2514.4,2514.8,585
2026-03-26 13:00:00+01:00,2515.1,2520.9,2511.2,2520.1,1084
2026-03-26 13:10:00+01:00,2520.0,2523.9,2519.4,2522.3,663
2026-03-26 13:20:00+01:00,2522.5,2523.1,2520.1,2521.3,526
2026-03-26 13:30:00+01:00,2521.1,2521.1,2514.8,2518.2,861
2026-03-26 13:40:00+01:00,2517.8,2521.0,2516.1,2518.7,645
2026-03-26 13:50:00+01:00,2518.6,2520.8,2517.6,2520.5,390
2026-03-26 14:00:00+01:00,2520.2,2523.2,2520.2,2521.8,683
2026-03-26 14:10:00+01:00,2521.5,2524.9,2520.6,2522.8,775
2026-03-26 14:20:00+01:00,2522.7,2523.3,2520.8,2521.8,551
2026-03-26 14:30:00+01:00,2522.0,2529.1,2521.1,2524.3,4194
2026-03-26 14:40:00+01:00,2524.0,2544.4,2523.8,2542.2,5840
2026-03-26 14:50:00+01:00,2542.1,2546.4,2536.8,2545.8,5405
2026-03-26 15:00:00+01:00,2545.6,2547.2,2538.9,2542.5,4563
2026-03-26 15:10:00+01:00,2542.6,2549.8,2538.8,2545.2,3539
2026-03-26 15:20:00+01:00,2545.1,2550.7,2543.5,2547.7,2314
2026-03-26 15:30:00+01:00,2547.9,2552.6,2543.0,2544.5,4319
2026-03-26 15:40:00+01:00,2544.4,2550.7,2532.8,2534.7,6093
2026-03-26 15:50:00+01:00,2534.4,2537.4,2525.6,2534.2,4350
2026-03-26 16:00:00+01:00,2534.4,2539.8,2531.6,2533.2,3554
2026-03-26 16:10:00+01:00,2533.1,2536.2,2530.0,2531.6,1572
2026-03-26 16:20:00+01:00,2531.0,2535.2,2529.9,2533.2,1460
2026-03-26 16:30:00+01:00,2533.1,2534.7,2528.7,2532.8,1666
2026-03-26 16:40:00+01:00,2532.8,2536.8,2528.7,2534.2,2350
2026-03-26 16:50:00+01:00,2534.1,2538.0,2533.3,2534.2,2064
2026-03-26 17:00:00+01:00,2534.0,2537.2,2531.8,2536.6,1096
2026-03-26 17:10:00+01:00,2536.6,2537.2,2525.1,2529.1,2104
2026-03-26 17:20:00+01:00,2529.2,2529.3,2521.5,2522.3,2195
2026-03-26 17:30:00+01:00,2522.5,2522.5,2518.0,2519.0,2306
2026-03-26 17:40:00+01:00,2518.8,2520.1,2514.7,2515.8,1770
2026-03-26 17:50:00+01:00,2515.9,2520.2,2514.7,2519.8,1463
2026-03-26 18:00:00+01:00,2519.8,2522.2,2518.5,2520.0,1337
2026-03-26 18:10:00+01:00,2519.4,2519.5,2515.0,2517.1,1268
2026-03-26 18:20:00+01:00,2516.8,2516.9,2511.7,2515.2,1290
2026-03-26 18:30:00+01:00,2515.3,2520.4,2514.5,2518.2,1165
2026-03-26 18:40:00+01:00,2518.1,2518.2,2514.6,2515.0,1069
2026-03-26 18:50:00+01:00,2514.9,2514.9,2508.7,2509.8,1868
2026-03-26 19:00:00+01:00,2509.7,2515.3,2509.5,2514.4,1236
2026-03-26 19:10:00+01:00,2514.4,2515.0,2511.9,2513.5,1263
2026-03-26 19:20:00+01:00,2513.4,2516.5,2512.0,2512.8,1174
2026-03-26 19:30:00+01:00,2513.0,2519.5,2513.0,2518.6,1528
2026-03-26 19:40:00+01:00,2518.8,2520.3,2516.1,2519.7,1047
2026-03-26 19:50:00+01:00,2519.6,2521.5,2517.1,2519.1,1089
2026-03-26 20:00:00+01:00,2519.4,2520.0,2511.5,2512.3,1385
2026-03-26 20:10:00+01:00,2512.3,2513.3,2509.0,2512.6,1377
2026-03-26 20:20:00+01:00,2512.5,2512.5,2508.7,2510.2,1039
2026-03-26 20:30:00+01:00,2510.4,2512.5,2506.7,2509.6,1564
2026-03-26 20:40:00+01:00,2509.9,2511.4,2505.0,2507.8,1648
2026-03-26 20:50:00+01:00,2507.8,2509.2,2505.1,2507.9,2610
2026-03-26 21:00:00+01:00,2507.8,2509.2,2505.1,2509.1,1196
2026-03-26 21:10:00+01:00,2509.1,2558.5,2508.8,2522.7,5926
2026-03-26 21:20:00+01:00,2522.7,2524.5,2514.9,2522.7,1273
2026-03-26 21:30:00+01:00,2522.9,2527.4,2521.9,2527.1,794
2026-03-26 21:40:00+01:00,2527.1,2527.1,2521.5,2522.0,505
2026-03-26 21:50:00+01:00,2522.1,2523.3,2517.1,2517.1,573
2026-03-26 23:00:00+01:00,2518.0,2520.3,2515.5,2518.2,327
2026-03-26 23:10:00+01:00,2518.5,2523.0,2518.5,2521.0,311
2026-03-26 23:20:00+01:00,2521.1,2522.3,2517.2,2521.4,281
2026-03-26 23:30:00+01:00,2521.2,2522.7,2518.1,2522.4,346
2026-03-26 23:40:00+01:00,2522.2,2524.4,2519.5,2521.8,404
2026-03-26 23:50:00+01:00,2521.6,2524.7,2521.6,2523.1,306
2026-03-27 00:00:00+01:00,2523.0,2524.3,2521.4,2521.7,230
2026-03-27 00:10:00+01:00,2521.4,2523.3,2520.4,2523.2,252
2026-03-27 00:20:00+01:00,2523.4,2523.5,2519.9,2521.4,348
2026-03-27 00:30:00+01:00,2521.3,2525.6,2521.2,2524.8,256
2026-03-27 00:40:00+01:00,2524.7,2526.1,2523.4,2525.1,282
2026-03-27 00:50:00+01:00,2524.8,2526.1,2523.9,2524.5,301
2026-03-27 01:00:00+01:00,2525.0,2528.4,2525.0,2527.7,549
2026-03-27 01:10:00+01:00,2527.9,2527.9,2522.1,2522.3,479
2026-03-27 01:20:00+01:00,2522.5,2523.3,2517.3,2518.6,917
2026-03-27 01:30:00+01:00,2518.5,2521.1,2517.1,2517.8,508
2026-03-27 01:40:00+01:00,2517.8,2518.1,2514.7,2516.3,621
2026-03-27 01:50:00+01:00,2516.4,2517.8,2514.9,2516.1,255
2026-03-27 02:00:00+01:00,2516.3,2519.8,2514.8,2519.2,343
2026-03-27 02:10:00+01:00,2519.2,2522.5,2519.2,2520.8,376
2026-03-27 02:20:00+01:00,2520.7,2522.8,2520.2,2522.8,234
2026-03-27 02:30:00+01:00,2522.8,2524.0,2521.7,2522.1,229
2026-03-27 02:40:00+01:00,2522.1,2523.1,2520.3,2521.6,257
2026-03-27 02:50:00+01:00,2521.4,2522.5,2521.0,2522.2,106
2026-03-27 03:00:00+01:00,2522.6,2524.7,2522.5,2523.4,330
2026-03-27 03:10:00+01:00,2523.4,2523.6,2521.2,2522.3,167
2026-03-27 03:20:00+01:00,2521.8,2521.9,2519.4,2521.2,232
2026-03-27 03:30:00+01:00,2521.3,2523.7,2520.9,2522.1,161
2026-03-27 03:40:00+01:00,2522.1,2522.3,2520.0,2520.4,108
2026-03-27 03:50:00+01:00,2520.3,2520.6,2519.0,2519.2,81
2026-03-27 04:00:00+01:00,2519.4,2521.1,2518.1,2519.1,227
2026-03-27 04:10:00+01:00,2519.6,2520.5,2518.3,2519.0,148
2026-03-27 04:20:00+01:00,2518.5,2519.2,2518.2,2519.0,54
2026-03-27 04:30:00+01:00,2519.1,2523.2,2519.1,2523.1,314
2026-03-27 04:40:00+01:00,2523.2,2523.7,2521.9,2522.8,201
2026-03-27 04:50:00+01:00,2522.6,2524.7,2522.4,2524.5,204
2026-03-27 05:00:00+01:00,2524.4,2524.6,2522.6,2522.7,101
2026-03-27 05:10:00+01:00,2522.9,2523.7,2522.5,2523.5,104
2026-03-27 05:20:00+01:00,2523.6,2524.3,2522.8,2523.3,125
2026-03-27 05:30:00+01:00,2523.3,2524.3,2523.2,2524.2,91
2026-03-27 05:50:00+01:00,2523.7,2525.0,2523.2,2524.5,154
2026-03-27 06:00:00+01:00,2524.5,2528.2,2524.5,2527.8,438
2026-03-27 06:10:00+01:00,2527.8,2532.2,2527.6,2530.7,635
2026-03-27 06:20:00+01:00,2530.3,2530.4,2527.1,2529.2,228
2026-03-27 06:30:00+01:00,2529.2,2529.8,2528.0,2529.6,153
2026-03-27 06:40:00+01:00,2529.5,2530.7,2529.3,2530.1,114
2026-03-27 07:00:00+01:00,2527.9,2528.4,2526.2,2528.2,238
2026-03-27 07:10:00+01:00,2527.7,2530.4,2526.4,2529.7,178
2026-03-27 07:20:00+01:00,2529.9,2531.6,2529.7,2529.9,201
2026-03-27 07:30:00+01:00,2530.0,2530.0,2525.4,2525.7,291
2026-03-27 07:40:00+01:00,2526.0,2526.9,2523.0,2523.8,362
2026-03-27 07:50:00+01:00,2523.7,2523.8,2521.8,2523.3,252
2026-03-27 08:00:00+01:00,2523.4,2523.4,2520.0,2520.9,177
2026-03-27 08:10:00+01:00,2521.2,2523.2,2520.4,2520.5,138
2026-03-27 08:20:00+01:00,2520.9,2521.9,2517.5,2517.9,271
2026-03-27 08:30:00+01:00,2517.7,2520.3,2517.1,2518.3,383
2026-03-27 08:40:00+01:00,2518.3,2520.9,2516.5,2520.7,406
2026-03-27 08:50:00+01:00,2520.1,2520.4,2516.6,2518.1,221
2026-03-27 09:00:00+01:00,2518.3,2520.6,2510.9,2512.4,1020
2026-03-27 09:10:00+01:00,2511.9,2514.1,2507.5,2508.2,832
2026-03-27 09:20:00+01:00,2507.9,2510.6,2504.8,2505.1,881
2026-03-27 09:30:00+01:00,2505.5,2508.8,2502.2,2502.6,896
2026-03-27 09:40:00+01:00,2502.7,2506.4,2502.6,2504.7,385
2026-03-27 09:50:00+01:00,2505.1,2506.6,2502.2,2503.0,349
2026-03-27 10:00:00+01:00,2503.1,2504.3,2496.7,2497.1,893
2026-03-27 10:10:00+01:00,2497.1,2503.9,2495.6,2503.1,755
2026-03-27 10:20:00+01:00,2503.0,2507.1,2501.0,2505.2,639
2026-03-27 10:30:00+01:00,2505.4,2507.7,2502.7,2503.6,401
2026-03-27 10:40:00+01:00,2503.5,2503.7,2498.2,2498.8,452
2026-03-27 10:50:00+01:00,2499.0,2500.5,2497.0,2498.0,305
2026-03-27 11:00:00+01:00,2497.9,2503.0,2496.6,2501.1,524
2026-03-27 11:10:00+01:00,2500.7,2500.7,2496.8,2498.6,283
2026-03-27 11:20:00+01:00,2498.8,2500.8,2497.6,2498.3,312
2026-03-27 11:30:00+01:00,2498.1,2499.9,2493.2,2493.5,609
2026-03-27 11:40:00+01:00,2493.6,2495.2,2491.0,2492.2,629
2026-03-27 11:50:00+01:00,2492.0,2493.1,2487.9,2489.1,715
2026-03-27 12:00:00+01:00,2489.3,2490.4,2486.3,2489.8,677
2026-03-27 12:10:00+01:00,2489.9,2491.8,2488.5,2490.5,542
2026-03-27 12:20:00+01:00,2490.2,2494.2,2489.5,2494.0,476
2026-03-27 12:30:00+01:00,2494.0,2495.2,2492.3,2493.9,479
2026-03-27 12:40:00+01:00,2493.7,2498.5,2493.7,2498.0,548
2026-03-27 12:50:00+01:00,2497.7,2499.3,2494.6,2495.5,705
2026-03-27 13:00:00+01:00,2495.4,2495.9,2490.4,2491.0,612
2026-03-27 13:10:00+01:00,2491.2,2495.8,2490.1,2494.4,460
2026-03-27 13:20:00+01:00,2494.0,2495.0,2491.3,2492.9,398
2026-03-27 13:30:00+01:00,2493.3,2493.5,2489.3,2492.6,422
2026-03-27 13:40:00+01:00,2492.5,2494.0,2488.1,2489.0,842
2026-03-27 13:50:00+01:00,2488.8,2493.0,2488.0,2491.3,619
2026-03-27 14:00:00+01:00,2491.5,2491.7,2485.6,2486.8,1096
2026-03-27 14:10:00+01:00,2487.1,2489.4,2484.3,2488.6,1094
2026-03-27 14:20:00+01:00,2488.9,2494.3,2488.9,2492.8,1330
2026-03-27 14:30:00+01:00,2492.8,2496.5,2486.0,2493.4,5571
2026-03-27 14:40:00+01:00,2492.9,2497.4,2487.4,2494.0,3504
2026-03-27 14:50:00+01:00,2493.8,2495.1,2474.4,2477.6,4397
2026-03-27 15:00:00+01:00,2477.4,2482.9,2475.0,2476.2,3486
2026-03-27 15:10:00+01:00,2476.1,2488.8,2475.8,2487.8,3450
2026-03-27 15:20:00+01:00,2488.3,2489.0,2478.7,2479.7,2868
2026-03-27 15:30:00+01:00,2479.4,2484.5,2477.4,2477.6,2013
2026-03-27 15:40:00+01:00,2477.6,2484.8,2473.4,2484.8,2541
2026-03-27 15:50:00+01:00,2484.8,2487.4,2481.4,2486.6,2320
2026-03-27 16:00:00+01:00,2486.9,2492.2,2484.8,2485.5,2776
2026-03-27 16:10:00+01:00,2485.4,2487.0,2478.9,2479.9,2421
2026-03-27 16:20:00+01:00,2479.8,2493.2,2478.2,2490.6,4133
2026-03-27 16:30:00+01:00,2490.4,2500.0,2489.4,2493.7,3712
2026-03-27 16:40:00+01:00,2493.6,2493.9,2488.8,2493.3,1642
2026-03-27 16:50:00+01:00,2492.7,2495.5,2486.2,2487.4,1842
2026-03-27 17:00:00+01:00,2487.7,2488.5,2480.7,2480.9,1715
2026-03-27 17:10:00+01:00,2480.9,2483.1,2478.9,2481.2,1305
2026-03-27 17:20:00+01:00,2481.2,2483.5,2477.4,2479.2,1598
2026-03-27 17:30:00+01:00,2479.1,2480.3,2475.3,2475.5,1183
2026-03-27 17:40:00+01:00,2475.6,2483.2,2474.5,2482.8,1946
2026-03-27 17:50:00+01:00,2482.7,2483.9,2477.3,2478.2,1026
2026-03-27 18:00:00+01:00,2478.1,2485.9,2475.6,2480.4,3042
2026-03-27 18:10:00+01:00,2480.1,2480.9,2475.3,2476.1,1020
2026-03-27 18:20:00+01:00,2476.2,2476.3,2469.6,2469.9,1882
2026-03-27 18:30:00+01:00,2470.0,2472.4,2469.8,2470.9,1132
2026-03-27 18:40:00+01:00,2470.9,2471.6,2467.2,2468.1,1699
2026-03-27 18:50:00+01:00,2468.1,2468.8,2465.4,2465.9,1393
2026-03-27 19:00:00+01:00,2465.9,2466.4,2463.1,2463.8,1159
2026-03-27 19:10:00+01:00,2463.9,2468.7,2462.3,2468.0,1812
2026-03-27 19:20:00+01:00,2468.0,2469.8,2463.9,2465.8,1715
2026-03-27 19:30:00+01:00,2466.2,2469.5,2464.8,2467.9,1255
2026-03-27 19:40:00+01:00,2468.3,2473.2,2467.0,2469.2,2023
2026-03-27 19:50:00+01:00,2469.4,2470.9,2467.6,2469.8,892
2026-03-27 20:00:00+01:00,2469.7,2470.8,2463.1,2464.6,1333
2026-03-27 20:10:00+01:00,2464.6,2469.1,2463.4,2468.9,1101
2026-03-27 20:20:00+01:00,2468.7,2468.7,2465.1,2466.2,1069
2026-03-27 20:30:00+01:00,2466.4,2469.4,2464.2,2464.3,1805
2026-03-27 20:40:00+01:00,2464.2,2464.7,2456.3,2461.2,2299
2026-03-27 20:50:00+01:00,2461.1,2467.1,2458.0,2463.2,3453
2026-03-27 21:00:00+01:00,2463.0,2465.3,2458.6,2459.3,1549
2026-03-27 21:10:00+01:00,2459.5,2460.5,2456.8,2456.9,570
2026-03-27 21:20:00+01:00,2457.1,2457.7,2452.8,2457.7,1013
2026-03-27 21:30:00+01:00,2457.7,2458.3,2455.2,2457.7,299
2026-03-27 21:40:00+01:00,2457.2,2458.7,2456.4,2457.6,613
2026-03-27 21:50:00+01:00,2457.6,2458.4,2456.2,2456.3,563
2026-03-30 00:00:00+02:00,2445.6,2450.5,2433.7,2436.8,1772
2026-03-30 00:10:00+02:00,2436.7,2443.3,2436.3,2442.2,733
2026-03-30 00:20:00+02:00,2441.9,2448.0,2441.8,2445.2,983
2026-03-30 00:30:00+02:00,2445.4,2447.0,2443.9,2444.7,470
2026-03-30 00:40:00+02:00,2445.2,2445.6,2436.7,2439.0,791
2026-03-30 00:50:00+02:00,2438.8,2444.8,2437.5,2443.6,614
2026-03-30 01:00:00+02:00,2443.5,2446.2,2439.7,2440.4,589
2026-03-30 01:10:00+02:00,2440.2,2441.2,2439.3,2440.5,272
2026-03-30 01:20:00+02:00,2440.6,2442.6,2439.1,2439.6,298
2026-03-30 01:30:00+02:00,2439.6,2439.7,2435.7,2439.4,622
2026-03-30 01:40:00+02:00,2439.5,2440.6,2435.0,2437.2,1041
2026-03-30 01:50:00+02:00,2437.6,2439.6,2434.0,2435.9,850
2026-03-30 02:00:00+02:00,2435.9,2437.1,2430.0,2434.2,1616
2026-03-30 02:10:00+02:00,2433.9,2447.8,2433.4,2447.2,1930
2026-03-30 02:20:00+02:00,2446.9,2451.2,2441.0,2445.6,2765
2026-03-30 02:30:00+02:00,2445.6,2447.8,2440.1,2440.4,996
2026-03-30 02:40:00+02:00,2440.2,2440.6,2436.8,2439.8,684
2026-03-30 02:50:00+02:00,2439.8,2440.1,2435.0,2438.5,591
2026-03-30 03:00:00+02:00,2438.5,2442.0,2438.1,2440.8,516
2026-03-30 03:10:00+02:00,2440.9,2443.1,2436.8,2439.3,589
2026-03-30 03:20:00+02:00,2439.3,2442.4,2438.3,2441.7,467
2026-03-30 03:30:00+02:00,2442.4,2445.4,2441.1,2443.9,566
2026-03-30 03:40:00+02:00,2444.1,2446.8,2443.5,2445.6,374
2026-03-30 03:50:00+02:00,2445.8,2447.9,2445.0,2447.1,366
2026-03-30 04:00:00+02:00,2447.4,2451.1,2446.8,2448.1,718
2026-03-30 04:10:00+02:00,2448.3,2449.9,2445.9,2446.0,447
2026-03-30 04:20:00+02:00,2445.9,2447.5,2445.1,2446.7,422
2026-03-30 04:30:00+02:00,2446.9,2449.3,2446.5,2448.2,347
2026-03-30 04:40:00+02:00,2448.0,2457.9,2447.9,2457.6,775
2026-03-30 04:50:00+02:00,2457.4,2458.0,2453.3,2455.1,515
2026-03-30 05:00:00+02:00,2455.2,2460.0,2455.0,2459.4,624
2026-03-30 05:10:00+02:00,2459.7,2460.6,2457.9,2460.2,454
2026-03-30 05:20:00+02:00,2460.6,2461.6,2459.4,2460.0,429
2026-03-30 05:30:00+02:00,2460.2,2460.2,2458.0,2459.2,332
2026-03-30 05:40:00+02:00,2459.2,2460.5,2457.8,2459.8,241
2026-03-30 05:50:00+02:00,2460.0,2460.3,2459.1,2459.4,122
2026-03-30 06:00:00+02:00,2459.7,2462.3,2459.1,2461.0,316
2026-03-30 06:10:00+02:00,2461.1,2461.5,2460.4,2460.7,119
2026-03-30 06:20:00+02:00,2460.9,2464.5,2460.9,2463.3,433
2026-03-30 06:30:00+02:00,2463.1,2464.6,2461.7,2462.7,223
2026-03-30 06:40:00+02:00,2462.8,2462.8,2460.6,2461.3,277
2026-03-30 06:50:00+02:00,2461.2,2461.6,2459.8,2460.9,207
2026-03-30 07:00:00+02:00,2460.8,2465.5,2460.8,2465.3,388
2026-03-30 07:10:00+02:00,2465.2,2466.8,2463.5,2466.1,547
2026-03-30 07:20:00+02:00,2466.2,2467.5,2465.4,2465.8,351
2026-03-30 07:30:00+02:00,2465.6,2467.2,2464.9,2465.6,376
2026-03-30 07:40:00+02:00,2465.7,2467.8,2464.8,2466.9,364
2026-03-30 07:50:00+02:00,2467.0,2468.4,2466.3,2466.9,207
2026-03-30 08:00:00+02:00,2466.5,2471.5,2466.3,2469.7,535
2026-03-30 08:10:00+02:00,2469.5,2471.7,2468.0,2470.3,352
2026-03-30 08:20:00+02:00,2470.3,2473.6,2469.7,2470.0,570
2026-03-30 08:30:00+02:00,2470.0,2472.4,2469.8,2471.8,308
2026-03-30 08:40:00+02:00,2472.0,2475.0,2471.7,2475.0,423
2026-03-30 08:50:00+02:00,2475.0,2476.3,2470.8,2471.9,495
2026-03-30 09:00:00+02:00,2471.8,2472.1,2467.9,2471.3,552
2026-03-30 09:10:00+02:00,2471.8,2472.8,2469.0,2470.2,281
2026-03-30 09:20:00+02:00,2470.1,2471.9,2467.4,2469.0,271
2026-03-30 09:30:00+02:00,2469.2,2472.9,2467.2,2470.6,452
2026-03-30 09:40:00+02:00,2470.0,2472.7,2469.3,2472.4,249
2026-03-30 09:50:00+02:00,2472.3,2475.3,2471.9,2473.8,397
2026-03-30 10:00:00+02:00,2473.5,2475.8,2470.2,2474.7,500
2026-03-30 10:10:00+02:00,2474.9,2477.4,2474.5,2476.4,477
2026-03-30 10:20:00+02:00,2476.7,2477.5,2474.4,2477.3,418
2026-03-30 10:30:00+02:00,2477.1,2479.7,2476.1,2478.3,525
2026-03-30 10:40:00+02:00,2478.2,2479.2,2475.8,2478.5,253
2026-03-30 10:50:00+02:00,2478.4,2479.8,2476.9,2478.6,281
2026-03-30 11:00:00+02:00,2479.0,2479.2,2476.9,2477.7,254
2026-03-30 11:10:00+02:00,2477.5,2477.7,2471.4,2473.5,723
2026-03-30 11:20:00+02:00,2473.8,2475.7,2472.4,2473.0,186
2026-03-30 11:30:00+02:00,2473.7,2475.4,2470.6,2475.0,301
2026-03-30 11:40:00+02:00,2474.6,2474.6,2472.3,2473.1,160
2026-03-30 11:50:00+02:00,2472.9,2475.7,2472.5,2475.4,229
2026-03-30 12:00:00+02:00,2475.5,2476.2,2473.0,2475.8,232
2026-03-30 12:10:00+02:00,2475.8,2476.4,2473.0,2475.6,195
2026-03-30 12:20:00+02:00,2475.8,2477.7,2475.5,2475.9,248
2026-03-30 12:30:00+02:00,2475.9,2476.4,2472.9,2475.0,210
2026-03-30 12:40:00+02:00,2474.4,2476.4,2473.2,2476.0,233
2026-03-30 12:50:00+02:00,2476.1,2478.5,2475.9,2478.5,261
2026-03-30 13:00:00+02:00,2478.7,2480.9,2478.1,2480.0,497
2026-03-30 13:10:00+02:00,2479.3,2483.5,2477.6,2482.4,431
2026-03-30 13:20:00+02:00,2482.5,2499.0,2479.0,2485.5,2737
2026-03-30 13:30:00+02:00,2485.6,2487.4,2478.5,2480.7,1135
2026-03-30 13:40:00+02:00,2480.9,2482.5,2478.7,2482.3,592
2026-03-30 13:50:00+02:00,2482.3,2484.4,2478.2,2480.2,589
2026-03-30 14:00:00+02:00,2481.0,2483.4,2475.9,2481.2,740
2026-03-30 14:10:00+02:00,2480.9,2485.1,2480.7,2484.9,467
2026-03-30 14:20:00+02:00,2484.7,2487.5,2483.6,2486.3,633
2026-03-30 14:30:00+02:00,2486.4,2488.7,2485.6,2487.5,593
2026-03-30 14:40:00+02:00,2487.0,2487.6,2485.3,2486.3,372
2026-03-30 14:50:00+02:00,2485.8,2487.3,2484.0,2486.7,420
2026-03-30 15:00:00+02:00,2487.0,2489.4,2482.3,2482.8,971
2026-03-30 15:10:00+02:00,2482.8,2487.0,2482.8,2486.1,662
2026-03-30 15:20:00+02:00,2486.0,2489.7,2485.5,2485.7,983
2026-03-30 15:30:00+02:00,2485.9,2486.0,2466.8,2467.3,6592
2026-03-30 15:40:00+02:00,2467.2,2468.4,2454.8,2456.6,6110
2026-03-30 15:50:00+02:00,2456.2,2459.3,2447.9,2451.3,5029
2026-03-30 16:00:00+02:00,2451.2,2460.0,2451.2,2458.0,3739
2026-03-30 16:10:00+02:00,2458.0,2463.3,2452.3,2455.8,4069
2026-03-30 16:20:00+02:00,2455.8,2458.1,2449.2,2451.5,2750
2026-03-30 16:30:00+02:00,2451.4,2457.0,2446.6,2449.1,3089
2026-03-30 16:40:00+02:00,2449.3,2455.5,2441.6,2450.2,4479
2026-03-30 16:50:00+02:00,2450.2,2457.8,2446.8,2457.3,3046
2026-03-30 17:00:00+02:00,2457.5,2465.5,2453.9,2455.1,3375
2026-03-30 17:10:00+02:00,2455.4,2458.0,2449.1,2452.1,2099
2026-03-30 17:20:00+02:00,2452.5,2456.5,2451.3,2453.2,1521
2026-03-30 17:30:00+02:00,2453.3,2464.0,2450.3,2459.8,2553
2026-03-30 17:40:00+02:00,2459.5,2462.8,2458.6,2461.1,1170
2026-03-30 17:50:00+02:00,2460.6,2464.3,2455.7,2456.8,1741
2026-03-30 18:00:00+02:00,2456.8,2457.5,2449.1,2450.1,1769
2026-03-30 18:10:00+02:00,2450.0,2453.3,2448.7,2449.8,1427
2026-03-30 18:20:00+02:00,2449.7,2451.7,2445.4,2446.2,1249
2026-03-30 18:30:00+02:00,2446.0,2449.6,2444.8,2448.0,1226
2026-03-30 18:40:00+02:00,2448.0,2448.1,2443.4,2443.6,910
2026-03-30 18:50:00+02:00,2443.6,2446.6,2441.9,2443.5,1564
2026-03-30 19:00:00+02:00,2443.4,2445.8,2440.7,2444.2,1290
2026-03-30 19:10:00+02:00,2444.3,2445.0,2433.7,2434.3,2422
2026-03-30 19:20:00+02:00,2434.4,2435.6,2430.1,2431.5,2023
2026-03-30 19:30:00+02:00,2431.7,2432.0,2427.4,2431.7,1876
2026-03-30 19:40:00+02:00,2431.6,2436.5,2429.1,2429.7,2913
2026-03-30 19:50:00+02:00,2429.8,2430.7,2427.4,2430.5,1219
2026-03-30 20:00:00+02:00,2430.5,2432.3,2426.8,2428.0,1359
2026-03-30 20:10:00+02:00,2428.0,2431.8,2427.3,2431.4,1137
2026-03-30 20:20:00+02:00,2431.2,2433.9,2429.5,2430.0,1345
2026-03-30 20:30:00+02:00,2430.2,2435.8,2429.6,2431.2,1215
2026-03-30 20:40:00+02:00,2431.2,2433.3,2430.5,2430.7,706
2026-03-30 20:50:00+02:00,2430.6,2431.5,2427.1,2428.4,995
2026-03-30 21:00:00+02:00,2428.6,2429.6,2421.9,2422.1,2649
2026-03-30 21:10:00+02:00,2422.6,2423.0,2419.0,2421.1,1912
2026-03-30 21:20:00+02:00,2421.0,2423.3,2420.1,2421.6,1084
2026-03-30 21:30:00+02:00,2421.5,2425.9,2419.7,2424.2,1988
2026-03-30 21:40:00+02:00,2424.2,2427.4,2424.0,2425.4,1601
2026-03-30 21:50:00+02:00,2425.4,2432.1,2424.3,2428.0,4154
2026-03-30 22:00:00+02:00,2428.0,2428.2,2422.8,2423.6,1097
2026-03-30 22:10:00+02:00,2423.6,2423.9,2422.0,2423.1,447
2026-03-30 22:20:00+02:00,2423.1,2424.8,2422.9,2423.9,269
2026-03-30 22:30:00+02:00,2423.5,2424.6,2423.2,2424.0,136
2026-03-30 22:40:00+02:00,2424.3,2425.4,2423.9,2425.1,173
2026-03-30 22:50:00+02:00,2424.9,2427.0,2423.3,2426.9,479
2026-03-31 00:00:00+02:00,2427.0,2431.6,2427.0,2428.2,561
2026-03-31 00:10:00+02:00,2427.8,2428.9,2426.7,2427.5,530
2026-03-31 00:20:00+02:00,2427.9,2429.6,2427.9,2428.8,179
2026-03-31 00:30:00+02:00,2428.6,2429.1,2426.9,2428.9,158
2026-03-31 00:40:00+02:00,2428.8,2429.1,2426.4,2427.6,241
2026-03-31 00:50:00+02:00,2427.5,2428.8,2426.5,2426.8,226
2026-03-31 01:00:00+02:00,2426.2,2426.2,2416.8,2418.2,1465
2026-03-31 01:10:00+02:00,2418.7,2420.5,2417.6,2419.5,552
2026-03-31 01:20:00+02:00,2419.5,2420.9,2418.7,2419.0,296
2026-03-31 01:30:00+02:00,2418.8,2419.1,2415.7,2417.5,419
2026-03-31 01:40:00+02:00,2417.2,2418.1,2415.7,2416.7,279
2026-03-31 01:50:00+02:00,2417.1,2418.6,2416.4,2418.6,186
2026-03-31 02:00:00+02:00,2418.2,2423.6,2417.9,2419.2,764
2026-03-31 02:10:00+02:00,2418.9,2419.5,2411.0,2412.7,882
2026-03-31 02:20:00+02:00,2412.7,2416.5,2409.3,2416.2,660
2026-03-31 02:30:00+02:00,2416.3,2428.1,2413.8,2424.8,1405
2026-03-31 02:40:00+02:00,2424.6,2451.2,2420.6,2447.5,3598
2026-03-31 02:50:00+02:00,2447.2,2450.5,2443.3,2446.2,1962
2026-03-31 03:00:00+02:00,2445.7,2449.5,2438.8,2439.7,1225
2026-03-31 03:10:00+02:00,2439.6,2447.7,2438.9,2447.2,637
2026-03-31 03:20:00+02:00,2447.2,2459.9,2447.1,2458.3,1952
2026-03-31 03:30:00+02:00,2458.2,2470.5,2458.2,2469.9,2271
2026-03-31 03:40:00+02:00,2470.0,2471.4,2465.3,2466.1,1357
2026-03-31 03:50:00+02:00,2466.1,2471.2,2465.6,2466.3,956
2026-03-31 04:00:00+02:00,2466.3,2468.7,2463.6,2468.1,1121
2026-03-31 04:10:00+02:00,2467.5,2470.2,2466.1,2468.3,1380
2026-03-31 04:20:00+02:00,2468.3,2471.3,2467.3,2468.6,698
2026-03-31 04:30:00+02:00,2468.3,2470.6,2466.5,2469.3,1008
2026-03-31 04:40:00+02:00,2469.4,2470.4,2466.9,2470.3,274
2026-03-31 04:50:00+02:00,2470.5,2474.7,2467.9,2467.9,851
2026-03-31 05:00:00+02:00,2467.7,2473.0,2467.0,2470.7,551
2026-03-31 05:10:00+02:00,2470.8,2472.7,2466.5,2466.8,363
2026-03-31 05:20:00+02:00,2466.7,2467.6,2466.0,2466.6,215
2026-03-31 05:30:00+02:00,2467.1,2467.9,2464.0,2465.7,443
2026-03-31 05:40:00+02:00,2465.6,2465.8,2463.1,2463.8,315
2026-03-31 05:50:00+02:00,2464.3,2466.6,2462.7,2463.0,352
2026-03-31 06:00:00+02:00,2463.2,2465.7,2463.0,2464.6,260
2026-03-31 06:10:00+02:00,2464.7,2464.7,2463.1,2464.0,212
2026-03-31 06:20:00+02:00,2464.3,2465.1,2459.6,2460.5,371
2026-03-31 06:30:00+02:00,2460.4,2463.5,2460.0,2460.6,207
2026-03-31 06:40:00+02:00,2460.3,2461.7,2457.9,2458.7,388
2026-03-31 06:50:00+02:00,2458.2,2459.9,2457.5,2458.9,206
2026-03-31 07:00:00+02:00,2458.3,2458.8,2456.6,2456.7,286
2026-03-31 07:10:00+02:00,2456.4,2456.4,2451.5,2455.5,521
2026-03-31 07:20:00+02:00,2455.5,2460.9,2455.2,2458.8,444
2026-03-31 07:30:00+02:00,2458.7,2462.4,2458.2,2460.9,302
2026-03-31 07:40:00+02:00,2460.9,2464.3,2460.3,2463.7,416
2026-03-31 07:50:00+02:00,2463.6,2465.1,2461.4,2461.8,279
2026-03-31 08:00:00+02:00,2461.5,2462.1,2457.6,2457.9,337
2026-03-31 08:10:00+02:00,2457.8,2458.9,2456.4,2458.7,270
2026-03-31 08:20:00+02:00,2458.7,2462.3,2456.5,2458.0,521
2026-03-31 08:30:00+02:00,2458.2,2459.8,2455.9,2458.0,496
2026-03-31 08:40:00+02:00,2457.8,2458.9,2454.2,2455.7,420
2026-03-31 08:50:00+02:00,2456.0,2459.4,2455.0,2457.1,250
2026-03-31 09:00:00+02:00,2457.1,2459.5,2454.4,2455.9,445
2026-03-31 09:10:00+02:00,2455.9,2456.9,2450.0,2450.5,467
2026-03-31 09:20:00+02:00,2450.7,2454.9,2450.4,2454.8,371
2026-03-31 09:30:00+02:00,2454.9,2462.5,2454.7,2462.5,498
2026-03-31 09:40:00+02:00,2462.2,2467.4,2461.5,2464.5,759
2026-03-31 09:50:00+02:00,2464.3,2468.8,2463.9,2468.3,1016
2026-03-31 10:00:00+02:00,2468.0,2468.9,2463.6,2467.3,540
2026-03-31 10:10:00+02:00,2467.3,2467.6,2461.8,2463.9,483
2026-03-31 10:20:00+02:00,2464.6,2465.2,2461.7,2462.8,321
2026-03-31 10:30:00+02:00,2462.8,2463.6,2460.7,2460.8,289
2026-03-31 10:40:00+02:00,2461.0,2462.2,2458.6,2462.2,256
2026-03-31 10:50:00+02:00,2462.6,2463.3,2457.3,2460.3,756
2026-03-31 11:00:00+02:00,2460.7,2465.8,2460.3,2462.4,368
2026-03-31 11:10:00+02:00,2462.6,2464.2,2460.3,2461.6,234
2026-03-31 11:20:00+02:00,2461.9,2464.9,2459.1,2459.7,378
2026-03-31 11:30:00+02:00,2459.9,2461.6,2456.8,2458.4,460
2026-03-31 11:40:00+02:00,2458.5,2461.0,2458.0,2460.9,212
2026-03-31 11:50:00+02:00,2460.4,2462.3,2456.2,2458.0,322
2026-03-31 12:00:00+02:00,2458.2,2462.7,2457.9,2460.5,350
2026-03-31 12:10:00+02:00,2460.0,2461.1,2457.3,2457.7,228
2026-03-31 12:20:00+02:00,2457.4,2458.8,2456.5,2458.5,230
2026-03-31 12:30:00+02:00,2458.2,2459.3,2450.3,2450.5,537
2026-03-31 12:40:00+02:00,2450.5,2452.3,2448.9,2451.1,559
2026-03-31 12:50:00+02:00,2452.4,2458.6,2452.4,2457.1,456
2026-03-31 13:00:00+02:00,2457.0,2459.9,2454.3,2454.4,570
2026-03-31 13:10:00+02:00,2454.6,2476.7,2454.3,2464.7,4288
2026-03-31 13:20:00+02:00,2464.9,2467.5,2460.8,2462.8,1300
2026-03-31 13:30:00+02:00,2462.7,2465.7,2459.7,2464.9,785
2026-03-31 13:40:00+02:00,2464.9,2466.9,2458.2,2460.9,1381
2026-03-31 13:50:00+02:00,2460.4,2463.7,2457.7,2462.9,844
2026-03-31 14:00:00+02:00,2463.1,2471.3,2462.5,2468.3,1126
2026-03-31 14:10:00+02:00,2468.4,2468.4,2454.3,2463.3,2759
2026-03-31 14:20:00+02:00,2463.3,2468.2,2458.2,2465.8,1477
2026-03-31 14:30:00+02:00,2465.8,2469.7,2463.7,2464.9,1105
2026-03-31 14:40:00+02:00,2465.2,2468.3,2464.4,2466.0,752
2026-03-31 14:50:00+02:00,2465.7,2466.5,2460.8,2461.1,633
2026-03-31 15:00:00+02:00,2461.1,2465.3,2460.3,2465.0,1054
2026-03-31 15:10:00+02:00,2465.0,2466.3,2462.8,2465.8,542
2026-03-31 15:20:00+02:00,2466.0,2466.7,2461.2,2463.2,1025
2026-03-31 15:30:00+02:00,2463.2,2471.0,2460.4,2469.0,5245
2026-03-31 15:40:00+02:00,2469.4,2481.0,2465.8,2480.9,5018
2026-03-31 15:50:00+02:00,2480.8,2484.5,2477.5,2484.1,4125
2026-03-31 16:00:00+02:00,2484.2,2484.2,2471.4,2472.3,3581
2026-03-31 16:10:00+02:00,2472.5,2479.2,2471.0,2476.4,3271
2026-03-31 16:20:00+02:00,2476.6,2479.6,2470.5,2478.7,2921
2026-03-31 16:30:00+02:00,2478.6,2480.2,2469.1,2470.0,3077
2026-03-31 16:40:00+02:00,2470.0,2472.5,2460.0,2460.1,3684
2026-03-31 16:50:00+02:00,2460.2,2461.4,2454.5,2459.8,3330
2026-03-31 17:00:00+02:00,2460.2,2476.4,2460.1,2471.9,4418
2026-03-31 17:10:00+02:00,2472.0,2479.7,2470.1,2476.3,3414
2026-03-31 17:20:00+02:00,2475.9,2476.8,2467.8,2469.0,2527
2026-03-31 17:30:00+02:00,2468.9,2472.3,2465.0,2469.2,2512
2026-03-31 17:40:00+02:00,2469.2,2469.7,2464.2,2466.7,1551
2026-03-31 17:50:00+02:00,2466.5,2471.4,2462.6,2462.9,1580
2026-03-31 18:00:00+02:00,2463.0,2471.9,2462.0,2469.9,1635
2026-03-31 18:10:00+02:00,2470.0,2472.8,2464.9,2469.9,1324
2026-03-31 18:20:00+02:00,2470.0,2475.8,2469.0,2472.6,1352
2026-03-31 18:30:00+02:00,2472.6,2487.1,2469.8,2486.9,3141
2026-03-31 18:40:00+02:00,2487.0,2522.5,2486.4,2499.0,18620
2026-03-31 18:50:00+02:00,2499.2,2506.5,2490.8,2498.2,5859
2026-03-31 19:00:00+02:00,2498.3,2506.9,2493.3,2494.9,5148
2026-03-31 19:10:00+02:00,2494.8,2506.4,2492.9,2505.0,3356
2026-03-31 19:20:00+02:00,2504.9,2505.8,2496.0,2497.4,2403
2026-03-31 19:30:00+02:00,2497.3,2505.0,2494.1,2497.6,3286
2026-03-31 19:40:00+02:00,2497.3,2501.0,2494.6,2497.8,1435
2026-03-31 19:50:00+02:00,2497.9,2499.3,2492.6,2493.9,1182
2026-03-31 20:00:00+02:00,2493.6,2501.0,2493.6,2500.1,1436
2026-03-31 20:10:00+02:00,2500.2,2503.1,2495.3,2501.3,1236
2026-03-31 20:20:00+02:00,2501.4,2501.9,2495.3,2500.0,1035
2026-03-31 20:30:00+02:00,2500.0,2505.5,2498.5,2503.7,1385
2026-03-31 20:40:00+02:00,2503.7,2507.0,2499.9,2504.5,1447
2026-03-31 20:50:00+02:00,2504.6,2507.5,2504.5,2505.9,2133
2026-03-31 21:00:00+02:00,2505.8,2508.1,2503.3,2504.3,807
2026-03-31 21:10:00+02:00,2504.3,2511.3,2504.3,2508.1,1504
2026-03-31 21:20:00+02:00,2508.1,2511.1,2506.7,2508.3,848
2026-03-31 21:30:00+02:00,2508.8,2511.3,2508.2,2510.5,1235
2026-03-31 21:40:00+02:00,2510.5,2514.1,2507.3,2513.8,1389
2026-03-31 21:50:00+02:00,2513.7,2516.0,2507.3,2512.0,4869
2026-03-31 22:00:00+02:00,2512.0,2513.4,2507.2,2511.2,2172
2026-03-31 22:10:00+02:00,2511.0,2515.7,2510.0,2515.3,697
2026-03-31 22:20:00+02:00,2515.3,2515.6,2513.6,2514.5,410
2026-03-31 22:30:00+02:00,2514.4,2514.8,2512.5,2513.3,239
2026-03-31 22:40:00+02:00,2512.9,2513.0,2510.9,2512.0,342
2026-03-31 22:50:00+02:00,2511.8,2512.6,2510.1,2511.1,397
2026-04-01 00:00:00+02:00,2511.3,2513.3,2505.0,2509.5,617
2026-04-01 00:10:00+02:00,2509.4,2514.0,2508.0,2511.9,591
2026-04-01 00:20:00+02:00,2511.7,2513.5,2509.6,2511.9,457
2026-04-01 00:30:00+02:00,2511.9,2512.5,2509.4,2510.7,207
2026-04-01 00:40:00+02:00,2510.8,2512.5,2509.1,2511.0,163
2026-04-01 00:50:00+02:00,2510.9,2511.5,2509.7,2511.0,138
2026-04-01 01:00:00+02:00,2511.2,2511.3,2509.3,2510.0,145
2026-04-01 01:10:00+02:00,2510.2,2512.4,2509.2,2511.2,118
2026-04-01 01:20:00+02:00,2511.0,2512.8,2510.2,2512.4,182
2026-04-01 01:30:00+02:00,2512.1,2517.7,2512.1,2517.4,596
2026-04-01 01:40:00+02:00,2517.2,2517.4,2512.4,2514.3,372
2026-04-01 01:50:00+02:00,2514.5,2520.3,2514.4,2519.5,624
2026-04-01 02:00:00+02:00,2519.0,2520.5,2517.1,2518.7,588
2026-04-01 02:10:00+02:00,2518.0,2519.5,2516.6,2518.4,382
2026-04-01 02:20:00+02:00,2518.4,2519.9,2516.9,2519.5,291
2026-04-01 02:30:00+02:00,2519.8,2519.8,2515.6,2517.6,217
2026-04-01 02:40:00+02:00,2517.5,2520.1,2517.2,2519.2,224
2026-04-01 02:50:00+02:00,2519.3,2522.9,2519.2,2522.7,402
2026-04-01 03:00:00+02:00,2523.0,2524.1,2517.1,2520.8,1106
2026-04-01 03:10:00+02:00,2519.9,2522.1,2517.9,2519.5,284
2026-04-01 03:20:00+02:00,2519.7,2521.0,2518.7,2519.7,189
2026-04-01 03:30:00+02:00,2519.8,2521.1,2517.0,2517.7,199
2026-04-01 03:40:00+02:00,2517.9,2518.0,2513.8,2514.1,397
2026-04-01 03:50:00+02:00,2514.3,2515.9,2514.1,2514.6,158
2026-04-01 04:00:00+02:00,2514.7,2516.7,2514.5,2516.2,149
2026-04-01 04:10:00+02:00,2516.2,2517.1,2513.3,2514.5,254
2026-04-01 04:20:00+02:00,2514.6,2514.6,2513.0,2513.3,126
2026-04-01 04:30:00+02:00,2513.2,2514.0,2511.0,2512.2,280
2026-04-01 04:40:00+02:00,2512.2,2514.3,2512.2,2513.0,152
2026-04-01 04:50:00+02:00,2512.6,2514.3,2512.2,2513.0,242
2026-04-01 05:00:00+02:00,2513.1,2515.2,2512.8,2514.7,151
2026-04-01 05:10:00+02:00,2514.7,2514.7,2512.8,2512.8,94
2026-04-01 05:20:00+02:00,2513.3,2514.4,2512.7,2513.7,110
2026-04-01 05:30:00+02:00,2513.8,2515.1,2513.8,2514.9,88
2026-04-01 05:40:00+02:00,2515.1,2515.7,2513.8,2514.8,67
2026-04-01 06:00:00+02:00,2514.8,2516.2,2514.8,2515.2,111
2026-04-01 06:20:00+02:00,2514.9,2516.7,2514.4,2516.5,119
2026-04-01 06:30:00+02:00,2516.6,2517.7,2516.1,2516.6,108
2026-04-01 06:50:00+02:00,2518.3,2518.5,2516.0,2517.3,182
2026-04-01 07:00:00+02:00,2517.5,2519.6,2516.7,2519.6,152
2026-04-01 07:10:00+02:00,2519.2,2522.1,2519.2,2521.7,250
2026-04-01 07:20:00+02:00,2521.8,2525.4,2521.5,2522.4,414
2026-04-01 07:30:00+02:00,2522.6,2523.9,2520.6,2522.9,256
2026-04-01 07:40:00+02:00,2523.3,2525.0,2522.5,2524.2,246
2026-04-01 07:50:00+02:00,2524.4,2525.1,2523.8,2524.4,245
2026-04-01 08:00:00+02:00,2524.5,2527.7,2523.5,2525.8,459
2026-04-01 08:10:00+02:00,2525.9,2531.2,2525.6,2529.5,630
2026-04-01 08:20:00+02:00,2529.2,2534.5,2529.2,2533.6,444
2026-04-01 08:30:00+02:00,2533.5,2538.5,2532.7,2536.9,744
2026-04-01 08:40:00+02:00,2537.5,2540.9,2536.4,2538.5,689
2026-04-01 08:50:00+02:00,2538.2,2542.7,2537.5,2541.4,423
2026-04-01 09:00:00+02:00,2541.5,2542.5,2538.6,2540.1,503
2026-04-01 09:10:00+02:00,2540.4,2540.5,2537.1,2537.3,318
2026-04-01 09:20:00+02:00,2537.2,2538.4,2536.0,2538.0,334
2026-04-01 09:30:00+02:00,2538.1,2541.7,2537.3,2539.1,254
2026-04-01 09:40:00+02:00,2539.0,2540.1,2533.7,2533.7,400
2026-04-01 09:50:00+02:00,2533.5,2533.7,2527.1,2527.6,867
2026-04-01 10:00:00+02:00,2527.9,2529.4,2523.5,2523.9,852
2026-04-01 10:10:00+02:00,2523.8,2527.2,2520.6,2527.0,578
2026-04-01 10:20:00+02:00,2526.6,2532.8,2526.6,2527.8,690
2026-04-01 10:30:00+02:00,2528.1,2531.4,2527.2,2531.0,501
2026-04-01 10:40:00+02:00,2531.1,2531.5,2528.5,2530.5,324
2026-04-01 10:50:00+02:00,2529.9,2531.6,2522.3,2528.4,1184
2026-04-01 11:00:00+02:00,2528.3,2531.2,2524.6,2525.4,452
2026-04-01 11:10:00+02:00,2525.3,2525.9,2522.0,2522.9,370
2026-04-01 11:20:00+02:00,2522.9,2524.3,2519.7,2523.3,391
2026-04-01 11:30:00+02:00,2523.7,2527.2,2523.6,2525.8,289
2026-04-01 11:40:00+02:00,2525.6,2529.6,2524.9,2529.4,263
2026-04-01 11:50:00+02:00,2529.6,2530.9,2526.0,2527.6,579
2026-04-01 12:00:00+02:00,2528.0,2530.6,2526.1,2526.1,388
2026-04-01 12:10:00+02:00,2526.1,2529.7,2525.5,2528.1,270
2026-04-01 12:20:00+02:00,2527.7,2530.0,2525.5,2527.4,420
2026-04-01 12:30:00+02:00,2527.9,2529.6,2526.1,2528.6,267
2026-04-01 12:40:00+02:00,2528.6,2533.9,2528.6,2533.5,554
2026-04-01 12:50:00+02:00,2533.6,2535.1,2530.8,2533.0,514
2026-04-01 13:00:00+02:00,2533.1,2535.1,2532.6,2534.5,302
2026-04-01 13:10:00+02:00,2534.4,2537.2,2533.8,2537.1,352
2026-04-01 13:20:00+02:00,2537.2,2537.6,2533.9,2534.9,521
2026-04-01 13:30:00+02:00,2535.0,2540.2,2534.5,2539.3,638
2026-04-01 13:40:00+02:00,2539.4,2539.8,2535.3,2537.9,559
2026-04-01 13:50:00+02:00,2537.8,2540.9,2537.8,2539.6,513
2026-04-01 14:00:00+02:00,2539.5,2539.8,2535.2,2536.6,414
2026-04-01 14:10:00+02:00,2536.7,2536.8,2533.0,2533.0,552
2026-04-01 14:20:00+02:00,2533.5,2533.7,2527.3,2530.9,864
2026-04-01 14:30:00+02:00,2530.9,2532.7,2525.0,2526.4,651
2026-04-01 14:40:00+02:00,2526.0,2547.0,2522.6,2525.1,3918
2026-04-01 14:50:00+02:00,2525.0,2527.4,2518.6,2521.8,2102
2026-04-01 15:00:00+02:00,2521.6,2523.1,2518.7,2519.3,1405
2026-04-01 15:10:00+02:00,2520.0,2526.5,2519.9,2525.4,1581
2026-04-01 15:20:00+02:00,2525.5,2531.7,2521.7,2531.2,1427
2026-04-01 15:30:00+02:00,2531.4,2544.9,2531.0,2544.5,6735
2026-04-01 15:40:00+02:00,2544.5,2545.8,2530.9,2533.4,6863
2026-04-01 15:50:00+02:00,2533.5,2543.1,2532.1,2539.8,3930
2026-04-01 16:00:00+02:00,2540.1,2543.6,2534.7,2538.8,3211
2026-04-01 16:10:00+02:00,2538.7,2539.6,2533.3,2536.1,2734
2026-04-01 16:20:00+02:00,2536.4,2543.7,2534.0,2543.4,3289
2026-04-01 16:30:00+02:00,2543.5,2549.9,2536.5,2545.6,4744
2026-04-01 16:40:00+02:00,2545.6,2549.9,2540.8,2547.7,3770
2026-04-01 16:50:00+02:00,2547.6,2550.7,2545.7,2549.9,2275
2026-04-01 17:00:00+02:00,2549.8,2553.0,2548.3,2551.4,2375
2026-04-01 17:10:00+02:00,2551.1,2552.9,2548.9,2552.9,1051
2026-04-01 17:20:00+02:00,2552.9,2553.6,2548.3,2548.7,1737
2026-04-01 17:30:00+02:00,2548.8,2554.1,2545.8,2551.8,2226
2026-04-01 17:40:00+02:00,2551.8,2553.2,2549.6,2552.1,757
2026-04-01 17:50:00+02:00,2551.9,2556.3,2551.3,2554.7,1204
2026-04-01 18:00:00+02:00,2554.6,2557.0,2553.8,2555.8,1211
2026-04-01 18:10:00+02:00,2555.8,2556.1,2549.4,2551.8,1605
2026-04-01 18:20:00+02:00,2551.6,2551.6,2546.6,2547.6,1364
2026-04-01 18:30:00+02:00,2547.7,2552.0,2546.2,2549.9,1244
2026-04-01 18:40:00+02:00,2549.8,2551.4,2548.3,2550.2,765
2026-04-01 18:50:00+02:00,2549.9,2553.6,2549.9,2553.0,675
2026-04-01 19:00:00+02:00,2553.0,2556.1,2552.0,2554.3,881
2026-04-01 19:10:00+02:00,2554.3,2554.9,2552.7,2553.7,559
2026-04-01 19:20:00+02:00,2553.8,2554.7,2551.4,2551.5,747
2026-04-01 19:30:00+02:00,2551.8,2552.4,2549.1,2549.9,1233
2026-04-01 19:40:00+02:00,2549.6,2552.0,2546.9,2547.7,1157
2026-04-01 19:50:00+02:00,2547.7,2548.6,2543.4,2543.8,1317
2026-04-01 20:00:00+02:00,2544.0,2544.5,2536.8,2538.3,2865
2026-04-01 20:10:00+02:00,2538.5,2540.3,2529.1,2532.0,2188
2026-04-01 20:20:00+02:00,2531.9,2534.1,2526.8,2529.2,2742
2026-04-01 20:30:00+02:00,2529.1,2530.4,2523.3,2528.9,3461
2026-04-01 20:40:00+02:00,2528.7,2534.0,2526.9,2528.7,1963
2026-04-01 20:50:00+02:00,2528.5,2530.1,2525.8,2527.2,1196
2026-04-01 21:00:00+02:00,2527.4,2531.2,2526.2,2529.2,1177
2026-04-01 21:10:00+02:00,2528.9,2532.9,2527.0,2532.7,976
2026-04-01 21:20:00+02:00,2532.7,2535.9,2531.4,2534.7,1258
2026-04-01 21:30:00+02:00,2534.6,2535.0,2530.1,2533.9,1167
2026-04-01 21:40:00+02:00,2533.8,2535.9,2531.5,2533.0,877
2026-04-01 21:50:00+02:00,2533.3,2533.6,2525.5,2527.4,3454
2026-04-01 22:00:00+02:00,2527.5,2530.0,2526.2,2528.6,1028
2026-04-01 22:10:00+02:00,2528.5,2531.5,2528.2,2531.2,378
2026-04-01 22:20:00+02:00,2531.2,2531.2,2527.7,2527.9,240
2026-04-01 22:30:00+02:00,2528.0,2529.9,2527.3,2529.8,167
2026-04-01 22:50:00+02:00,2529.3,2530.0,2528.0,2528.9,309
2026-04-02 00:00:00+02:00,2528.7,2530.9,2526.8,2528.7,385
2026-04-02 00:10:00+02:00,2528.7,2528.7,2525.8,2526.9,147
2026-04-02 00:20:00+02:00,2526.8,2528.9,2526.2,2527.6,147
2026-04-02 00:30:00+02:00,2527.7,2528.0,2527.3,2527.9,123
2026-04-02 00:40:00+02:00,2527.9,2528.8,2527.0,2527.4,209
2026-04-02 00:50:00+02:00,2527.3,2527.7,2525.0,2526.4,414
2026-04-02 01:10:00+02:00,2528.5,2529.7,2527.6,2528.7,183
2026-04-02 01:20:00+02:00,2528.6,2529.6,2527.8,2529.6,125
2026-04-02 01:30:00+02:00,2529.1,2529.4,2527.7,2527.9,114
2026-04-02 01:40:00+02:00,2527.7,2528.8,2526.7,2527.3,238
2026-04-02 01:50:00+02:00,2527.7,2528.6,2524.9,2527.2,332
2026-04-02 02:00:00+02:00,2527.1,2527.5,2523.7,2524.4,535
2026-04-02 02:10:00+02:00,2524.4,2526.1,2522.9,2523.3,451
2026-04-02 02:20:00+02:00,2523.5,2524.3,2520.8,2521.9,429
2026-04-02 02:30:00+02:00,2521.5,2523.3,2520.2,2521.9,387
2026-04-02 02:40:00+02:00,2521.4,2530.5,2521.4,2529.6,838
2026-04-02 02:50:00+02:00,2529.6,2534.1,2527.8,2533.2,722
2026-04-02 03:00:00+02:00,2532.8,2534.0,2513.1,2520.6,3697
2026-04-02 03:10:00+02:00,2520.7,2533.1,2492.8,2496.4,6000
2026-04-02 03:20:00+02:00,2496.7,2504.8,2492.4,2495.0,4263
2026-04-02 03:30:00+02:00,2494.8,2495.4,2486.5,2492.7,2816
2026-04-02 03:40:00+02:00,2493.0,2494.6,2485.0,2489.0,1395
2026-04-02 03:50:00+02:00,2489.0,2494.1,2488.5,2490.0,942
2026-04-02 04:00:00+02:00,2490.1,2493.9,2486.1,2487.8,963
2026-04-02 04:10:00+02:00,2487.8,2488.2,2482.7,2485.6,1320
2026-04-02 04:20:00+02:00,2485.6,2487.3,2483.9,2484.2,599
2026-04-02 04:30:00+02:00,2484.1,2486.8,2482.5,2484.6,596
2026-04-02 04:40:00+02:00,2484.8,2488.7,2484.2,2486.9,540
2026-04-02 04:50:00+02:00,2487.1,2489.1,2486.7,2487.9,371
2026-04-02 05:00:00+02:00,2487.7,2487.7,2483.4,2486.1,410
2026-04-02 05:10:00+02:00,2486.4,2488.4,2485.5,2487.4,175
2026-04-02 05:20:00+02:00,2487.4,2489.3,2486.2,2486.8,437
2026-04-02 05:30:00+02:00,2487.0,2487.5,2482.7,2483.6,282
2026-04-02 05:40:00+02:00,2483.5,2485.7,2481.5,2481.6,330
2026-04-02 05:50:00+02:00,2481.7,2483.3,2481.2,2482.2,345
2026-04-02 06:00:00+02:00,2482.1,2483.9,2480.0,2480.8,408
2026-04-02 06:10:00+02:00,2480.9,2483.4,2480.2,2482.7,242
2026-04-02 06:20:00+02:00,2482.7,2482.7,2480.7,2481.1,199
2026-04-02 06:30:00+02:00,2481.4,2482.1,2479.7,2480.0,298
2026-04-02 06:40:00+02:00,2479.8,2481.6,2479.4,2480.9,180
2026-04-02 06:50:00+02:00,2481.0,2481.0,2479.2,2480.5,242
2026-04-02 07:00:00+02:00,2480.6,2483.7,2480.6,2481.1,244
2026-04-02 07:10:00+02:00,2481.1,2482.4,2480.0,2480.3,188
2026-04-02 07:20:00+02:00,2480.0,2482.4,2479.6,2482.2,236
2026-04-02 07:30:00+02:00,2482.5,2483.9,2478.3,2479.5,465
2026-04-02 07:40:00+02:00,2479.3,2479.6,2475.6,2475.8,366
2026-04-02 07:50:00+02:00,2475.8,2478.1,2475.8,2476.1,203
2026-04-02 08:00:00+02:00,2476.3,2480.0,2476.3,2477.7,369
2026-04-02 08:10:00+02:00,2477.8,2477.8,2473.3,2476.2,472
2026-04-02 08:20:00+02:00,2476.2,2478.1,2475.2,2476.4,424
2026-04-02 08:30:00+02:00,2476.4,2477.9,2474.7,2477.8,326
2026-04-02 08:40:00+02:00,2477.5,2478.8,2475.4,2476.9,266
2026-04-02 08:50:00+02:00,2477.1,2479.5,2476.1,2479.2,239
2026-04-02 09:00:00+02:00,2479.4,2481.9,2478.2,2480.3,635
2026-04-02 09:10:00+02:00,2480.4,2484.3,2478.8,2482.9,530
2026-04-02 09:20:00+02:00,2483.0,2485.3,2480.2,2484.5,240
2026-04-02 09:30:00+02:00,2484.6,2487.3,2483.3,2486.4,431
2026-04-02 09:40:00+02:00,2486.5,2488.5,2485.8,2488.2,346
2026-04-02 09:50:00+02:00,2488.1,2490.5,2486.3,2490.3,388
2026-04-02 10:00:00+02:00,2490.1,2491.0,2487.6,2488.4,414
2026-04-02 10:10:00+02:00,2488.4,2490.1,2486.7,2487.6,234
2026-04-02 10:20:00+02:00,2487.4,2488.7,2486.2,2488.5,264
2026-04-02 10:30:00+02:00,2488.3,2491.0,2488.3,2490.4,339
2026-04-02 10:40:00+02:00,2490.6,2492.9,2488.2,2489.2,436
2026-04-02 10:50:00+02:00,2488.6,2489.9,2487.5,2488.5,182
2026-04-02 11:00:00+02:00,2488.6,2489.8,2486.9,2487.5,288
2026-04-02 11:10:00+02:00,2487.0,2488.3,2486.1,2486.8,242
2026-04-02 11:20:00+02:00,2486.5,2490.6,2486.5,2489.0,227
2026-04-02 11:30:00+02:00,2488.8,2489.0,2485.3,2486.3,291
2026-04-02 11:40:00+02:00,2486.3,2487.1,2485.6,2486.2,233
2026-04-02 11:50:00+02:00,2486.9,2488.5,2485.8,2487.8,223
2026-04-02 12:00:00+02:00,2487.8,2489.5,2485.6,2486.7,306
2026-04-02 12:10:00+02:00,2486.6,2487.1,2481.9,2482.8,518
2026-04-02 12:20:00+02:00,2483.2,2483.4,2481.6,2482.3,237
2026-04-02 12:30:00+02:00,2482.3,2484.8,2481.1,2482.4,287
2026-04-02 12:40:00+02:00,2482.6,2486.4,2482.2,2485.8,384
2026-04-02 12:50:00+02:00,2485.4,2488.0,2483.5,2485.7,825
2026-04-02 13:00:00+02:00,2485.4,2486.6,2481.4,2482.4,447
2026-04-02 13:10:00+02:00,2482.5,2483.7,2478.7,2479.4,651
2026-04-02 13:20:00+02:00,2479.4,2480.3,2475.5,2476.1,639
2026-04-02 13:30:00+02:00,2475.7,2479.6,2474.9,2476.4,688
2026-04-02 13:40:00+02:00,2475.4,2477.2,2474.4,2476.4,461
2026-04-02 13:50:00+02:00,2476.5,2480.1,2472.2,2472.3,851
2026-04-02 14:00:00+02:00,2472.5,2473.7,2468.6,2469.8,923
2026-04-02 14:10:00+02:00,2469.6,2473.7,2467.8,2473.5,851
2026-04-02 14:20:00+02:00,2473.4,2476.3,2472.3,2475.9,775
2026-04-02 14:30:00+02:00,2475.7,2476.6,2473.2,2475.7,555
2026-04-02 14:40:00+02:00,2475.6,2479.6,2474.2,2479.1,749
2026-04-02 14:50:00+02:00,2479.2,2480.6,2477.4,2477.8,854
2026-04-02 15:00:00+02:00,2478.2,2480.4,2475.1,2478.5,1053
2026-04-02 15:10:00+02:00,2478.5,2479.6,2476.3,2477.9,757
2026-04-02 15:20:00+02:00,2478.0,2482.8,2477.2,2479.3,1477
2026-04-02 15:30:00+02:00,2479.7,2486.6,2479.3,2480.5,4801
2026-04-02 15:40:00+02:00,2480.6,2493.3,2479.6,2491.2,4739
2026-04-02 15:50:00+02:00,2491.4,2499.9,2490.0,2499.6,4488
2026-04-02 16:00:00+02:00,2499.6,2503.1,2494.8,2501.7,4015
2026-04-02 16:10:00+02:00,2501.6,2507.2,2498.7,2506.3,3959
2026-04-02 16:20:00+02:00,2506.1,2510.7,2505.5,2508.5,3232
2026-04-02 16:30:00+02:00,2508.4,2555.1,2507.4,2543.0,17353
2026-04-02 16:40:00+02:00,2542.7,2544.2,2530.1,2530.5,8110
2026-04-02 16:50:00+02:00,2530.5,2542.6,2526.7,2538.9,6487
2026-04-02 17:00:00+02:00,2538.9,2539.3,2529.4,2534.7,4541
2026-04-02 17:10:00+02:00,2534.6,2542.7,2533.4,2539.6,3048
2026-04-02 17:20:00+02:00,2539.9,2541.8,2532.3,2540.5,3289
2026-04-02 17:30:00+02:00,2540.8,2543.8,2535.9,2539.5,2577
2026-04-02 17:40:00+02:00,2539.4,2540.2,2531.5,2532.5,2150
2026-04-02 17:50:00+02:00,2532.6,2538.6,2527.3,2534.9,2818
2026-04-02 18:00:00+02:00,2535.1,2539.5,2527.8,2531.9,1800
2026-04-02 18:10:00+02:00,2531.8,2532.6,2525.9,2526.0,3974
2026-04-02 18:20:00+02:00,2526.0,2530.4,2523.7,2527.0,2536
2026-04-02 18:30:00+02:00,2526.8,2534.2,2525.6,2529.3,2259
2026-04-02 18:40:00+02:00,2529.1,2538.3,2529.0,2534.2,2688
2026-04-02 18:50:00+02:00,2534.1,2535.1,2529.8,2530.0,1102
2026-04-02 19:00:00+02:00,2529.9,2532.8,2526.9,2530.9,1223
2026-04-02 19:10:00+02:00,2531.0,2535.9,2528.2,2534.0,1320
2026-04-02 19:20:00+02:00,2534.0,2536.5,2532.8,2535.4,940
2026-04-02 19:30:00+02:00,2535.6,2536.4,2531.2,2533.5,826
2026-04-02 19:40:00+02:00,2533.5,2534.3,2526.4,2526.9,1926
2026-04-02 19:50:00+02:00,2526.5,2530.4,2525.9,2528.9,1146
2026-04-02 20:00:00+02:00,2529.1,2534.4,2529.1,2532.3,1139
2026-04-02 20:10:00+02:00,2532.2,2534.7,2530.2,2532.0,1021
2026-04-02 20:20:00+02:00,2532.3,2532.3,2528.5,2529.6,796
2026-04-02 20:30:00+02:00,2529.8,2533.2,2529.8,2532.5,761
2026-04-02 20:40:00+02:00,2532.5,2539.0,2532.4,2538.1,1470
2026-04-02 20:50:00+02:00,2538.6,2541.1,2537.5,2538.6,1179
2026-04-02 21:00:00+02:00,2539.0,2541.4,2538.3,2541.3,1013
2026-04-02 21:10:00+02:00,2541.3,2542.8,2538.1,2539.8,1300
2026-04-02 21:20:00+02:00,2539.6,2541.0,2537.6,2538.8,898
2026-04-02 21:30:00+02:00,2538.8,2541.0,2537.4,2540.7,707
2026-04-02 21:40:00+02:00,2540.6,2541.4,2537.5,2540.4,1065
2026-04-02 21:50:00+02:00,2540.3,2544.9,2540.3,2543.8,2926
2026-04-02 22:00:00+02:00,2543.8,2544.5,2540.3,2541.0,1227
2026-04-02 22:10:00+02:00,2541.0,2541.8,2540.3,2541.4,493
2026-04-02 22:20:00+02:00,2541.4,2544.5,2541.3,2544.2,266
2026-04-02 22:30:00+02:00,2544.0,2544.6,2542.5,2542.7,254
2026-04-02 22:40:00+02:00,2542.6,2543.6,2542.2,2543.0,267
2026-04-02 22:50:00+02:00,2542.8,2543.3,2541.9,2542.3,517
2026-04-03 00:00:00+02:00,2542.4,2542.9,2538.7,2542.9,286
2026-04-03 00:10:00+02:00,2542.6,2544.2,2541.6,2542.4,103
2026-04-03 00:20:00+02:00,2542.3,2543.5,2541.3,2542.8,169
2026-04-03 01:20:00+02:00,2542.1,2543.6,2541.8,2543.4,57
2026-04-03 01:30:00+02:00,2543.3,2544.5,2542.9,2543.8,168
2026-04-03 01:40:00+02:00,2543.9,2543.9,2542.4,2542.9,94
2026-04-03 01:50:00+02:00,2543.0,2543.7,2542.3,2543.2,54
2026-04-03 02:00:00+02:00,2543.4,2547.7,2543.4,2545.0,357
2026-04-03 02:10:00+02:00,2545.0,2546.3,2543.9,2544.4,138
2026-04-03 02:20:00+02:00,2544.5,2545.0,2543.8,2544.6,96
2026-04-03 02:30:00+02:00,2544.5,2544.5,2541.8,2542.7,145
2026-04-03 03:00:00+02:00,2543.3,2543.4,2542.6,2542.7,70
2026-04-03 03:30:00+02:00,2541.6,2541.8,2540.2,2541.5,118
2026-04-03 03:40:00+02:00,2541.3,2541.3,2540.2,2540.6,80
2026-04-03 03:50:00+02:00,2540.7,2541.5,2540.1,2540.6,56
2026-04-03 04:20:00+02:00,2540.9,2541.0,2536.4,2536.6,181
2026-04-03 04:30:00+02:00,2536.4,2537.3,2535.7,2536.1,168
2026-04-03 04:50:00+02:00,2535.7,2538.7,2535.0,2537.6,217
2026-04-03 05:00:00+02:00,2537.7,2539.1,2537.4,2538.3,72
2026-04-03 05:20:00+02:00,2538.1,2539.3,2538.0,2538.0,72
2026-04-03 07:00:00+02:00,2536.5,2538.6,2536.5,2537.7,46
2026-04-03 08:20:00+02:00,2537.4,2537.9,2536.0,2536.4,67
2026-04-03 08:30:00+02:00,2536.8,2537.3,2533.9,2534.6,210
2026-04-03 08:50:00+02:00,2535.5,2535.5,2533.4,2534.8,117
2026-04-03 09:00:00+02:00,2535.3,2536.0,2532.7,2532.7,185
2026-04-03 09:10:00+02:00,2532.7,2534.5,2532.3,2534.4,108
2026-04-03 09:20:00+02:00,2534.2,2536.1,2534.1,2536.1,195
2026-04-03 09:30:00+02:00,2535.9,2538.1,2535.9,2537.4,136
2026-04-03 09:40:00+02:00,2537.3,2537.9,2536.1,2536.1,84
2026-04-03 10:40:00+02:00,2534.7,2535.3,2534.4,2534.8,34
2026-04-03 11:00:00+02:00,2533.8,2533.8,2532.9,2533.5,60
2026-04-03 11:10:00+02:00,2533.3,2533.3,2531.2,2532.8,159
2026-04-03 11:30:00+02:00,2531.9,2532.1,2530.8,2530.8,66
2026-04-03 11:50:00+02:00,2530.7,2531.0,2530.2,2530.7,47
2026-04-03 12:00:00+02:00,2530.6,2531.2,2530.2,2530.4,75
2026-04-03 12:10:00+02:00,2530.3,2530.9,2529.0,2530.0,115
2026-04-03 12:20:00+02:00,2529.8,2530.5,2528.0,2528.5,130
2026-04-03 12:30:00+02:00,2528.3,2528.5,2526.6,2526.9,125
2026-04-03 12:50:00+02:00,2528.7,2529.0,2528.1,2528.1,123
2026-04-03 13:00:00+02:00,2528.1,2528.5,2525.3,2526.3,158
2026-04-03 13:10:00+02:00,2526.4,2530.5,2526.4,2530.5,269
2026-04-03 13:20:00+02:00,2530.1,2532.7,2529.0,2532.6,332
2026-04-03 13:30:00+02:00,2532.7,2534.9,2532.2,2534.5,318
2026-04-03 13:40:00+02:00,2534.6,2535.2,2533.2,2534.2,217
2026-04-03 14:00:00+02:00,2534.2,2536.7,2533.9,2534.2,247
2026-04-03 14:10:00+02:00,2533.8,2534.5,2530.3,2532.2,402
2026-04-03 14:20:00+02:00,2532.2,2535.9,2531.9,2535.2,437
2026-04-03 14:30:00+02:00,2535.3,2552.9,2528.2,2530.9,1766
2026-04-03 14:40:00+02:00,2531.1,2535.8,2530.9,2531.5,974
2026-04-03 14:50:00+02:00,2531.3,2532.8,2528.8,2530.5,1082
2026-04-03 15:00:00+02:00,2530.8,2533.4,2529.7,2531.1,637
2026-04-03 15:10:00+02:00,2531.1,2531.6,2529.2,2531.6,214
2026-04-06 00:00:00+02:00,2530.0,2530.0,2514.0,2514.7,2176
2026-04-06 00:10:00+02:00,2514.9,2518.2,2511.3,2517.6,1204
2026-04-06 00:20:00+02:00,2518.2,2519.7,2516.3,2518.7,724
2026-04-06 00:30:00+02:00,2518.3,2522.5,2515.5,2521.7,1102
2026-04-06 00:40:00+02:00,2521.5,2523.7,2516.0,2520.1,1294
2026-04-06 00:50:00+02:00,2520.2,2523.9,2520.2,2522.2,561
2026-04-06 01:00:00+02:00,2522.5,2524.5,2519.4,2520.2,1037
2026-04-06 01:10:00+02:00,2520.3,2520.9,2517.6,2520.0,673
2026-04-06 01:20:00+02:00,2520.7,2521.3,2519.3,2519.7,263
2026-04-06 01:40:00+02:00,2520.2,2520.8,2519.1,2519.6,141
2026-04-06 01:50:00+02:00,2519.9,2522.7,2519.7,2522.6,326
2026-04-06 02:00:00+02:00,2522.7,2532.0,2521.8,2529.9,1511
2026-04-06 02:10:00+02:00,2529.8,2531.3,2525.7,2526.2,693
2026-04-06 02:20:00+02:00,2526.3,2531.7,2526.1,2528.0,672
2026-04-06 02:30:00+02:00,2528.0,2532.0,2528.0,2529.0,447
2026-04-06 02:40:00+02:00,2529.2,2532.0,2528.7,2531.2,366
2026-04-06 02:50:00+02:00,2531.1,2533.3,2530.6,2532.6,299
2026-04-06 03:00:00+02:00,2532.6,2535.2,2532.5,2533.8,452
2026-04-06 03:10:00+02:00,2534.1,2535.0,2531.8,2531.9,243
2026-04-06 03:20:00+02:00,2531.9,2537.7,2531.9,2536.1,509
2026-04-06 03:30:00+02:00,2535.9,2536.1,2533.1,2535.1,225
2026-04-06 03:50:00+02:00,2533.9,2534.1,2531.1,2532.7,341
2026-04-06 04:00:00+02:00,2532.3,2539.2,2532.0,2538.2,556
2026-04-06 04:10:00+02:00,2537.8,2542.9,2536.3,2542.6,810
2026-04-06 04:20:00+02:00,2542.3,2545.9,2541.8,2544.6,734
2026-04-06 04:30:00+02:00,2545.0,2545.1,2540.0,2540.0,377
2026-04-06 04:40:00+02:00,2540.0,2540.0,2535.8,2535.9,392
2026-04-06 04:50:00+02:00,2536.1,2536.6,2534.5,2534.6,377
2026-04-06 05:00:00+02:00,2534.8,2535.4,2532.1,2532.6,340
2026-04-06 05:10:00+02:00,2532.6,2533.1,2524.0,2525.2,1003
2026-04-06 05:20:00+02:00,2525.1,2529.3,2524.0,2528.3,553
2026-04-06 05:30:00+02:00,2528.3,2530.6,2527.5,2529.4,212
2026-04-06 05:40:00+02:00,2529.2,2532.8,2528.7,2531.9,374
2026-04-06 05:50:00+02:00,2532.3,2533.5,2531.0,2532.1,237
2026-04-06 06:00:00+02:00,2532.3,2535.3,2531.3,2533.4,287
2026-04-06 06:10:00+02:00,2533.4,2536.3,2532.7,2534.3,263
2026-04-06 06:20:00+02:00,2534.2,2535.5,2533.9,2534.3,149
2026-04-06 06:30:00+02:00,2533.9,2537.1,2533.6,2536.8,189
2026-04-06 06:40:00+02:00,2536.7,2537.4,2535.6,2537.2,151
2026-04-06 06:50:00+02:00,2537.1,2537.9,2536.3,2536.9,198
2026-04-06 07:00:00+02:00,2537.2,2539.0,2536.6,2538.9,117
2026-04-06 07:10:00+02:00,2538.5,2539.1,2537.6,2538.7,163
2026-04-06 07:20:00+02:00,2538.9,2539.1,2537.4,2537.4,101
2026-04-06 07:30:00+02:00,2537.4,2537.4,2535.1,2536.0,168
2026-04-06 07:40:00+02:00,2536.2,2536.2,2532.7,2533.1,149
2026-04-06 07:50:00+02:00,2533.0,2535.8,2533.0,2534.6,113
2026-04-06 08:10:00+02:00,2536.6,2540.3,2536.3,2536.9,349
2026-04-06 08:20:00+02:00,2537.0,2537.6,2534.2,2534.9,163
2026-04-06 08:30:00+02:00,2534.9,2536.2,2533.8,2535.8,136
2026-04-06 08:40:00+02:00,2535.6,2536.7,2534.7,2536.2,134
2026-04-06 08:50:00+02:00,2536.1,2544.1,2535.9,2538.3,1350
2026-04-06 09:00:00+02:00,2539.2,2539.6,2534.6,2534.9,300
2026-04-06 09:10:00+02:00,2534.8,2539.9,2533.5,2537.1,538
2026-04-06 09:20:00+02:00,2537.4,2538.0,2535.1,2535.8,186
2026-04-06 09:30:00+02:00,2535.5,2539.1,2535.4,2538.5,348
2026-04-06 09:40:00+02:00,2537.9,2542.7,2537.2,2542.3,317
2026-04-06 09:50:00+02:00,2542.4,2547.7,2542.2,2544.4,520
2026-04-06 10:00:00+02:00,2544.9,2549.4,2544.9,2546.8,610
2026-04-06 10:10:00+02:00,2546.7,2547.4,2544.5,2545.2,348
2026-04-06 10:20:00+02:00,2545.0,2548.7,2545.0,2547.6,302
2026-04-06 10:30:00+02:00,2547.4,2551.3,2546.6,2550.0,435
2026-04-06 10:40:00+02:00,2550.2,2551.9,2549.9,2550.9,264
2026-04-06 10:50:00+02:00,2550.6,2550.9,2548.4,2549.3,229
2026-04-06 11:00:00+02:00,2549.2,2552.3,2549.2,2551.1,289
2026-04-06 11:10:00+02:00,2551.3,2551.5,2549.7,2551.1,178
2026-04-06 11:20:00+02:00,2551.0,2552.3,2549.8,2550.3,242
2026-04-06 11:30:00+02:00,2550.4,2551.5,2549.9,2550.0,147
2026-04-06 11:40:00+02:00,2550.2,2550.2,2548.3,2548.8,251
2026-04-06 11:50:00+02:00,2548.4,2548.7,2542.8,2543.4,627
2026-04-06 12:00:00+02:00,2543.6,2547.2,2542.8,2547.0,289
2026-04-06 12:10:00+02:00,2546.9,2548.1,2545.2,2545.6,242
2026-04-06 12:20:00+02:00,2545.3,2546.0,2542.8,2543.7,204
2026-04-06 12:30:00+02:00,2543.1,2546.1,2542.9,2545.4,206
2026-04-06 12:40:00+02:00,2545.5,2546.5,2535.8,2544.1,1802
2026-04-06 12:50:00+02:00,2544.1,2545.1,2541.4,2543.0,554
2026-04-06 13:00:00+02:00,2543.0,2543.1,2538.8,2541.9,536
2026-04-06 13:10:00+02:00,2541.9,2541.9,2538.0,2541.8,495
2026-04-06 13:20:00+02:00,2541.8,2541.8,2538.8,2540.7,317
2026-04-06 13:30:00+02:00,2540.3,2542.8,2540.0,2542.0,376
2026-04-06 13:40:00+02:00,2542.3,2542.6,2540.6,2541.3,285
2026-04-06 13:50:00+02:00,2541.4,2543.4,2540.8,2541.2,238
2026-04-06 14:00:00+02:00,2541.3,2542.6,2540.7,2541.7,181
2026-04-06 14:10:00+02:00,2542.0,2542.6,2540.6,2541.0,308
2026-04-06 14:20:00+02:00,2540.7,2542.7,2538.9,2542.2,411
2026-04-06 14:30:00+02:00,2542.4,2545.7,2541.5,2545.0,612
2026-04-06 14:40:00+02:00,2545.1,2548.1,2544.0,2545.0,720
2026-04-06 14:50:00+02:00,2544.7,2546.3,2543.6,2544.0,322
2026-04-06 15:00:00+02:00,2544.1,2545.1,2539.3,2543.0,814
2026-04-06 15:10:00+02:00,2543.0,2544.2,2541.1,2541.2,354
2026-04-06 15:20:00+02:00,2540.9,2542.9,2538.5,2540.4,841
2026-04-06 15:30:00+02:00,2540.4,2554.0,2538.6,2549.6,5175
2026-04-06 15:40:00+02:00,2549.6,2553.3,2540.7,2541.5,3904
2026-04-06 15:50:00+02:00,2541.5,2549.0,2540.8,2548.7,2160
2026-04-06 16:00:00+02:00,2548.4,2556.0,2532.9,2539.1,5297
2026-04-06 16:10:00+02:00,2538.7,2546.5,2535.4,2544.2,3078
2026-04-06 16:20:00+02:00,2544.1,2549.9,2542.6,2545.3,2387
2026-04-06 16:30:00+02:00,2545.5,2549.1,2536.2,2538.1,3288
2026-04-06 16:40:00+02:00,2537.8,2547.1,2537.4,2540.8,2516
2026-04-06 16:50:00+02:00,2541.4,2549.1,2540.1,2546.7,1632
2026-04-06 17:00:00+02:00,2546.9,2549.9,2544.2,2549.1,1382
2026-04-06 17:10:00+02:00,2549.2,2551.2,2546.1,2549.6,1696
2026-04-06 17:20:00+02:00,2549.6,2551.1,2546.5,2549.7,1169
2026-04-06 17:30:00+02:00,2550.0,2551.8,2546.0,2550.6,1262
2026-04-06 17:40:00+02:00,2550.2,2553.1,2547.7,2551.3,1257
2026-04-06 17:50:00+02:00,2551.5,2554.8,2550.9,2554.5,1285
2026-04-06 18:00:00+02:00,2554.7,2555.5,2550.3,2550.3,1368
2026-04-06 18:10:00+02:00,2550.4,2552.6,2549.5,2550.6,882
2026-04-06 18:20:00+02:00,2550.5,2553.4,2550.0,2552.8,607
2026-04-06 18:30:00+02:00,2552.6,2556.8,2551.7,2554.8,949
2026-04-06 18:40:00+02:00,2554.8,2556.0,2553.8,2555.8,698
2026-04-06 18:50:00+02:00,2556.0,2556.1,2549.6,2551.7,1296
2026-04-06 19:00:00+02:00,2551.7,2551.8,2545.5,2548.0,1582
2026-04-06 19:10:00+02:00,2548.2,2548.2,2538.1,2543.3,2488
2026-04-06 19:20:00+02:00,2543.0,2551.1,2541.1,2550.3,1976
2026-04-06 19:30:00+02:00,2550.2,2554.4,2549.8,2551.3,1434
2026-04-06 19:40:00+02:00,2551.0,2551.6,2548.4,2549.6,864
2026-04-06 19:50:00+02:00,2549.6,2550.6,2548.3,2548.6,1103
2026-04-06 20:00:00+02:00,2548.7,2549.7,2546.3,2549.4,1201
2026-04-06 20:10:00+02:00,2549.2,2557.6,2549.1,2556.6,2063
2026-04-06 20:20:00+02:00,2556.2,2561.7,2555.5,2558.9,2246
2026-04-06 20:30:00+02:00,2558.9,2560.5,2556.5,2556.5,946
2026-04-06 20:40:00+02:00,2556.8,2558.3,2555.3,2557.1,1097
2026-04-06 20:50:00+02:00,2557.0,2558.9,2556.5,2558.3,501
2026-04-06 21:00:00+02:00,2558.5,2558.8,2554.7,2555.3,699
2026-04-06 21:10:00+02:00,2555.0,2556.5,2553.4,2554.7,986
2026-04-06 21:20:00+02:00,2554.7,2556.1,2553.7,2554.6,448
2026-04-06 21:30:00+02:00,2554.2,2557.4,2553.9,2555.7,733
2026-04-06 21:40:00+02:00,2555.5,2558.9,2554.1,2557.6,850
2026-04-06 21:50:00+02:00,2557.6,2558.1,2552.6,2555.0,1856
2026-04-06 22:00:00+02:00,2554.9,2555.8,2553.5,2554.0,667
2026-04-06 22:10:00+02:00,2553.7,2554.8,2552.4,2553.7,358
2026-04-06 22:20:00+02:00,2553.9,2555.2,2553.8,2554.1,201
2026-04-06 22:30:00+02:00,2554.1,2555.7,2554.1,2554.4,135
2026-04-06 22:40:00+02:00,2554.3,2554.4,2552.6,2552.7,164
2026-04-06 22:50:00+02:00,2552.7,2553.5,2551.6,2553.4,335
2026-04-07 00:00:00+02:00,2553.4,2556.3,2550.3,2554.4,469
2026-04-07 00:10:00+02:00,2554.3,2555.4,2553.9,2554.7,138
2026-04-07 00:20:00+02:00,2554.3,2554.3,2546.7,2549.2,658
2026-04-07 00:30:00+02:00,2549.4,2550.4,2548.2,2549.7,336
2026-04-07 00:50:00+02:00,2550.2,2550.9,2547.8,2548.3,171
2026-04-07 01:00:00+02:00,2548.1,2549.6,2547.6,2549.2,149
2026-04-07 01:10:00+02:00,2549.1,2551.2,2548.7,2549.4,168
2026-04-07 01:20:00+02:00,2549.4,2549.6,2548.0,2548.0,83
2026-04-07 01:40:00+02:00,2548.1,2550.0,2547.8,2549.0,78
2026-04-07 01:50:00+02:00,2548.2,2548.7,2547.0,2547.3,102
2026-04-07 02:00:00+02:00,2547.0,2547.7,2545.0,2547.7,304
2026-04-07 02:10:00+02:00,2547.7,2555.0,2547.3,2553.7,427
2026-04-07 02:20:00+02:00,2553.5,2553.8,2550.1,2550.8,252
2026-04-07 02:30:00+02:00,2551.0,2551.4,2546.2,2546.5,314
2026-04-07 02:40:00+02:00,2546.6,2549.3,2546.3,2549.3,134
2026-04-07 02:50:00+02:00,2548.9,2549.6,2547.2,2547.4,127
2026-04-07 03:00:00+02:00,2547.1,2548.4,2543.8,2544.1,360
2026-04-07 03:10:00+02:00,2544.2,2544.8,2541.8,2543.3,484
2026-04-07 03:20:00+02:00,2543.3,2544.4,2542.6,2544.0,254
2026-04-07 03:30:00+02:00,2543.7,2544.1,2537.4,2538.6,539
2026-04-07 03:40:00+02:00,2538.7,2539.9,2537.0,2537.1,449
2026-04-07 03:50:00+02:00,2537.3,2537.3,2530.3,2531.4,905
2026-04-07 04:00:00+02:00,2531.2,2532.4,2528.4,2531.6,606
2026-04-07 04:10:00+02:00,2531.5,2532.5,2529.2,2531.5,494
2026-04-07 04:20:00+02:00,2531.6,2533.4,2529.2,2532.9,534
2026-04-07 04:30:00+02:00,2533.1,2534.9,2532.9,2534.8,272
2026-04-07 04:40:00+02:00,2534.9,2535.9,2533.9,2535.7,181
2026-04-07 04:50:00+02:00,2535.6,2535.9,2533.7,2535.8,175
2026-04-07 05:00:00+02:00,2535.9,2536.6,2534.1,2534.6,244
2026-04-07 05:10:00+02:00,2534.6,2535.4,2532.8,2533.0,172
2026-04-07 05:20:00+02:00,2533.2,2535.6,2532.2,2534.9,260
2026-04-07 05:30:00+02:00,2534.9,2537.7,2534.9,2535.4,202
2026-04-07 05:40:00+02:00,2535.7,2536.8,2535.6,2536.0,70
2026-04-07 05:50:00+02:00,2536.0,2536.7,2535.2,2535.9,94
2026-04-07 06:00:00+02:00,2536.2,2537.1,2534.6,2534.9,160
2026-04-07 06:10:00+02:00,2534.9,2535.1,2533.1,2533.5,198
2026-04-07 06:20:00+02:00,2533.6,2538.3,2533.2,2535.8,212
2026-04-07 06:30:00+02:00,2536.0,2538.8,2535.9,2537.5,258
2026-04-07 06:40:00+02:00,2538.0,2539.7,2536.6,2539.2,177
2026-04-07 06:50:00+02:00,2539.0,2539.6,2537.7,2537.8,119
2026-04-07 07:00:00+02:00,2538.1,2539.4,2537.6,2537.6,110
2026-04-07 07:10:00+02:00,2537.5,2538.9,2537.3,2538.6,159
2026-04-07 07:20:00+02:00,2538.9,2539.9,2535.8,2536.2,286
2026-04-07 07:30:00+02:00,2536.1,2536.4,2534.6,2535.6,224
2026-04-07 07:40:00+02:00,2535.0,2535.3,2533.6,2534.4,132
2026-04-07 07:50:00+02:00,2534.8,2538.0,2534.7,2537.3,118
2026-04-07 08:00:00+02:00,2537.3,2539.1,2536.7,2538.2,187
2026-04-07 08:10:00+02:00,2537.4,2537.8,2536.3,2537.0,139
2026-04-07 08:20:00+02:00,2537.4,2540.6,2536.0,2540.6,268
2026-04-07 08:30:00+02:00,2540.6,2541.4,2537.3,2539.5,298
2026-04-07 08:40:00+02:00,2539.5,2539.9,2537.5,2539.1,189
2026-04-07 08:50:00+02:00,2538.8,2541.1,2538.8,2541.1,196
2026-04-07 09:00:00+02:00,2541.1,2542.5,2538.9,2540.7,302
2026-04-07 09:10:00+02:00,2540.7,2542.4,2539.0,2541.2,278
2026-04-07 09:20:00+02:00,2541.3,2542.5,2538.2,2539.6,349
2026-04-07 09:30:00+02:00,2539.8,2541.3,2538.8,2540.0,167
2026-04-07 09:40:00+02:00,2539.8,2542.6,2539.6,2540.5,141
2026-04-07 09:50:00+02:00,2540.7,2542.4,2538.5,2541.9,131
2026-04-07 10:00:00+02:00,2542.3,2553.9,2542.1,2546.9,1246
2026-04-07 10:10:00+02:00,2546.8,2553.0,2546.5,2552.1,687
2026-04-07 10:20:00+02:00,2551.9,2556.1,2551.0,2552.1,762
2026-04-07 10:30:00+02:00,2551.8,2557.9,2551.5,2555.1,644
2026-04-07 10:40:00+02:00,2555.0,2557.5,2553.3,2555.0,409
2026-04-07 10:50:00+02:00,2554.8,2556.7,2553.2,2555.2,402
2026-04-07 11:00:00+02:00,2555.2,2557.1,2554.1,2556.9,453
2026-04-07 11:10:00+02:00,2556.9,2558.3,2554.5,2557.0,512
2026-04-07 11:20:00+02:00,2557.1,2560.4,2555.1,2558.9,766
2026-04-07 11:30:00+02:00,2558.7,2560.7,2558.2,2558.7,422
2026-04-07 11:40:00+02:00,2558.7,2558.9,2554.3,2555.4,342
2026-04-07 11:50:00+02:00,2555.5,2557.8,2555.3,2556.7,273
2026-04-07 12:00:00+02:00,2556.7,2558.3,2544.4,2553.2,1220
2026-04-07 12:10:00+02:00,2553.1,2556.6,2550.2,2554.0,1122
2026-04-07 12:20:00+02:00,2554.0,2555.8,2545.9,2549.9,1656
2026-04-07 12:30:00+02:00,2550.3,2550.7,2543.9,2544.5,794
2026-04-07 12:40:00+02:00,2544.3,2546.8,2537.2,2538.3,1286
2026-04-07 12:50:00+02:00,2538.3,2538.5,2531.2,2533.6,1471
2026-04-07 13:00:00+02:00,2533.8,2538.8,2533.1,2538.7,896
2026-04-07 13:10:00+02:00,2538.8,2539.9,2535.5,2538.2,820
2026-04-07 13:20:00+02:00,2538.2,2540.5,2536.0,2536.6,981
2026-04-07 13:30:00+02:00,2536.4,2539.0,2532.9,2535.8,1352
2026-04-07 13:40:00+02:00,2535.7,2538.7,2535.4,2536.4,520
2026-04-07 13:50:00+02:00,2536.2,2538.1,2535.1,2537.5,380
2026-04-07 14:00:00+02:00,2537.5,2541.7,2527.5,2533.8,1881
2026-04-07 14:10:00+02:00,2533.8,2539.9,2531.1,2538.0,1326
2026-04-07 14:20:00+02:00,2538.0,2542.6,2536.3,2541.5,1311
2026-04-07 14:30:00+02:00,2541.6,2542.1,2536.6,2539.2,530
2026-04-07 14:40:00+02:00,2539.0,2539.2,2533.7,2534.1,446
2026-04-07 14:50:00+02:00,2534.3,2547.7,2534.0,2538.2,1749
2026-04-07 15:00:00+02:00,2538.3,2542.6,2537.0,2541.3,838
2026-04-07 15:10:00+02:00,2541.2,2541.2,2536.7,2538.6,1072
2026-04-07 15:20:00+02:00,2538.6,2543.2,2537.1,2543.2,982
2026-04-07 15:30:00+02:00,2543.0,2548.3,2534.8,2535.9,5031
2026-04-07 15:40:00+02:00,2535.6,2538.9,2531.9,2535.1,2920
2026-04-07 15:50:00+02:00,2535.3,2546.8,2533.4,2535.1,3648
2026-04-07 16:00:00+02:00,2535.3,2535.8,2526.4,2529.1,4566
2026-04-07 16:10:00+02:00,2529.5,2535.8,2529.3,2534.5,3144
2026-04-07 16:20:00+02:00,2534.4,2544.6,2534.4,2543.6,3775
2026-04-07 16:30:00+02:00,2543.7,2548.1,2539.9,2542.8,3761
2026-04-07 16:40:00+02:00,2542.8,2548.2,2538.5,2541.8,3180
2026-04-07 16:50:00+02:00,2542.1,2542.4,2533.9,2534.7,2573
2026-04-07 17:00:00+02:00,2534.8,2535.3,2525.3,2527.1,3384
2026-04-07 17:10:00+02:00,2527.5,2540.4,2527.5,2536.0,5714
2026-04-07 17:20:00+02:00,2536.0,2538.2,2532.9,2538.0,2126
2026-04-07 17:30:00+02:00,2538.1,2540.8,2535.4,2536.7,2922
2026-04-07 17:40:00+02:00,2536.4,2538.0,2533.4,2535.6,1393
2026-04-07 17:50:00+02:00,2535.4,2541.8,2532.9,2538.8,1808
2026-04-07 18:00:00+02:00,2539.2,2558.2,2538.9,2541.2,5886
2026-04-07 18:10:00+02:00,2541.4,2545.3,2541.1,2542.1,1648
2026-04-07 18:20:00+02:00,2541.8,2548.7,2539.5,2545.0,3298
2026-04-07 18:30:00+02:00,2544.9,2548.4,2542.7,2544.1,1737
2026-04-07 18:40:00+02:00,2544.0,2552.6,2542.9,2549.8,2065
2026-04-07 18:50:00+02:00,2549.8,2552.2,2546.7,2547.0,1128
2026-04-07 19:00:00+02:00,2546.9,2551.7,2545.4,2550.0,1959
2026-04-07 19:10:00+02:00,2549.6,2551.2,2547.6,2549.8,789
2026-04-07 19:20:00+02:00,2549.7,2549.7,2546.2,2548.8,787
2026-04-07 19:30:00+02:00,2549.0,2565.6,2548.2,2558.3,3870
2026-04-07 19:40:00+02:00,2558.0,2559.5,2553.4,2555.4,1531
2026-04-07 19:50:00+02:00,2555.4,2556.7,2552.6,2553.3,1190
2026-04-07 20:00:00+02:00,2553.2,2554.4,2549.3,2549.9,899
2026-04-07 20:10:00+02:00,2550.0,2552.3,2548.7,2551.9,1167
2026-04-07 20:20:00+02:00,2552.0,2552.3,2547.0,2547.6,1265
2026-04-07 20:30:00+02:00,2547.7,2548.8,2544.6,2545.9,1825
2026-04-07 20:40:00+02:00,2545.9,2546.0,2541.2,2542.8,1642
2026-04-07 20:50:00+02:00,2542.8,2542.8,2534.6,2538.3,1982
2026-04-07 21:00:00+02:00,2538.3,2540.6,2534.2,2535.8,2038
2026-04-07 21:10:00+02:00,2535.7,2556.2,2535.4,2554.7,3416
2026-04-07 21:20:00+02:00,2554.3,2560.1,2548.0,2551.0,4105
2026-04-07 21:30:00+02:00,2550.5,2551.5,2544.7,2545.2,1671
2026-04-07 21:40:00+02:00,2545.1,2559.9,2544.1,2555.3,7537
2026-04-07 21:50:00+02:00,2555.4,2561.1,2554.6,2560.3,6196
2026-04-07 22:00:00+02:00,2560.4,2564.8,2557.2,2562.7,1895
2026-04-07 22:10:00+02:00,2562.6,2565.7,2561.5,2562.7,857
2026-04-07 22:20:00+02:00,2562.6,2563.7,2559.8,2563.0,678
2026-04-07 22:30:00+02:00,2562.9,2567.8,2562.6,2563.5,808
2026-04-07 22:40:00+02:00,2563.3,2568.7,2562.2,2565.0,1140
2026-04-07 22:50:00+02:00,2564.8,2567.0,2563.4,2566.0,629
2026-04-08 00:00:00+02:00,2574.8,2598.6,2574.8,2591.4,3552
2026-04-08 00:10:00+02:00,2591.5,2591.8,2587.6,2589.7,1129
2026-04-08 00:20:00+02:00,2589.2,2592.3,2588.0,2590.6,859
2026-04-08 00:30:00+02:00,2590.6,2622.4,2556.8,2619.2,7637
2026-04-08 00:40:00+02:00,2619.2,2622.4,2610.0,2617.0,4952
2026-04-08 00:50:00+02:00,2617.4,2636.3,2615.5,2635.2,5399
2026-04-08 01:00:00+02:00,2635.2,2640.8,2630.4,2635.0,3794
2026-04-08 01:10:00+02:00,2635.2,2637.8,2631.0,2635.1,2439
2026-04-08 01:20:00+02:00,2635.0,2645.9,2634.9,2640.9,2066
2026-04-08 01:30:00+02:00,2640.4,2642.7,2639.3,2641.9,796
2026-04-08 01:40:00+02:00,2642.0,2643.9,2638.2,2642.7,926
2026-04-08 01:50:00+02:00,2642.6,2646.2,2642.1,2643.5,1039
2026-04-08 02:00:00+02:00,2643.7,2647.3,2637.0,2639.1,2098
2026-04-08 02:10:00+02:00,2639.5,2641.7,2636.9,2637.9,1244
2026-04-08 02:20:00+02:00,2637.8,2640.1,2635.2,2636.8,1237
2026-04-08 02:30:00+02:00,2636.6,2641.5,2634.7,2641.1,912
2026-04-08 02:40:00+02:00,2640.8,2642.8,2637.1,2641.5,637
2026-04-08 02:50:00+02:00,2641.6,2644.5,2640.8,2642.3,538
2026-04-08 03:00:00+02:00,2642.0,2646.1,2640.0,2644.6,702
2026-04-08 03:10:00+02:00,2644.6,2645.3,2641.8,2642.8,545
2026-04-08 03:20:00+02:00,2643.0,2643.6,2639.4,2639.5,523
2026-04-08 03:30:00+02:00,2639.4,2644.2,2638.6,2642.7,453
2026-04-08 03:40:00+02:00,2642.6,2646.8,2642.3,2646.2,331
2026-04-08 03:50:00+02:00,2646.2,2647.3,2644.3,2644.6,421
2026-04-08 04:00:00+02:00,2644.6,2647.3,2644.6,2646.9,339
2026-04-08 04:10:00+02:00,2647.1,2648.1,2646.1,2646.1,235
2026-04-08 04:20:00+02:00,2646.3,2649.2,2645.8,2646.9,376
2026-04-08 04:30:00+02:00,2647.9,2651.3,2646.9,2651.3,553
2026-04-08 04:40:00+02:00,2651.1,2651.5,2649.2,2650.3,328
2026-04-08 04:50:00+02:00,2650.3,2651.2,2649.4,2651.2,213
2026-04-08 05:00:00+02:00,2650.9,2652.6,2650.7,2651.5,364
2026-04-08 05:10:00+02:00,2651.3,2651.8,2648.5,2648.9,325
2026-04-08 05:20:00+02:00,2648.7,2649.6,2647.9,2648.7,188
2026-04-08 05:30:00+02:00,2649.0,2649.8,2647.7,2647.8,116
2026-04-08 05:40:00+02:00,2647.8,2648.8,2647.5,2648.0,200
2026-04-08 05:50:00+02:00,2647.8,2649.3,2647.4,2648.6,117
2026-04-08 06:00:00+02:00,2648.8,2651.0,2648.8,2650.5,239
2026-04-08 06:10:00+02:00,2650.4,2653.4,2650.1,2651.0,291
2026-04-08 06:20:00+02:00,2651.0,2652.8,2650.7,2652.8,214
2026-04-08 06:30:00+02:00,2652.5,2653.4,2652.2,2652.3,165
2026-04-08 06:40:00+02:00,2652.4,2652.9,2651.9,2652.1,166
2026-04-08 06:50:00+02:00,2652.0,2652.3,2650.1,2650.3,166
2026-04-08 07:00:00+02:00,2650.4,2650.8,2649.1,2649.5,188
2026-04-08 07:10:00+02:00,2649.6,2652.4,2649.0,2651.3,224
2026-04-08 07:20:00+02:00,2651.3,2652.9,2651.1,2652.4,355
2026-04-08 07:30:00+02:00,2652.0,2655.1,2650.9,2651.7,431
2026-04-08 07:40:00+02:00,2652.0,2654.7,2651.9,2652.9,226
2026-04-08 07:50:00+02:00,2653.0,2657.4,2653.0,2655.0,708
2026-04-08 08:00:00+02:00,2655.0,2656.0,2651.9,2652.5,514
2026-04-08 08:10:00+02:00,2652.5,2655.6,2652.4,2653.8,407
2026-04-08 08:20:00+02:00,2653.9,2654.4,2650.3,2651.1,380
2026-04-08 08:30:00+02:00,2651.2,2652.8,2650.5,2651.9,425
2026-04-08 08:40:00+02:00,2651.9,2653.8,2650.5,2652.5,497
2026-04-08 08:50:00+02:00,2652.5,2654.2,2651.0,2652.7,354
2026-04-08 09:00:00+02:00,2652.8,2653.5,2648.2,2648.7,880
2026-04-08 09:10:00+02:00,2648.9,2650.1,2646.8,2648.1,621
2026-04-08 09:20:00+02:00,2648.6,2654.4,2648.1,2651.9,563
2026-04-08 09:30:00+02:00,2651.6,2651.7,2648.3,2650.0,603
2026-04-08 09:40:00+02:00,2650.2,2651.7,2648.4,2650.0,560
2026-04-08 09:50:00+02:00,2650.0,2653.9,2649.7,2650.4,373
2026-04-08 10:00:00+02:00,2650.4,2653.6,2650.2,2652.0,555
2026-04-08 10:10:00+02:00,2652.3,2655.6,2651.5,2655.3,254
2026-04-08 10:20:00+02:00,2655.6,2655.8,2652.8,2654.0,427
2026-04-08 10:30:00+02:00,2654.1,2657.1,2652.5,2654.9,626
2026-04-08 10:40:00+02:00,2655.0,2657.6,2650.1,2657.0,618
2026-04-08 10:50:00+02:00,2656.8,2659.4,2654.9,2656.9,567
2026-04-08 11:00:00+02:00,2657.4,2659.1,2655.2,2656.1,468
2026-04-08 11:10:00+02:00,2656.5,2659.6,2656.4,2658.7,378
2026-04-08 11:20:00+02:00,2658.6,2658.6,2654.7,2654.7,346
2026-04-08 11:30:00+02:00,2654.9,2656.7,2652.5,2655.3,339
2026-04-08 11:40:00+02:00,2655.2,2655.3,2650.7,2654.2,453
2026-04-08 11:50:00+02:00,2654.8,2656.8,2652.5,2652.9,487
2026-04-08 12:00:00+02:00,2653.0,2655.1,2651.7,2653.2,298
2026-04-08 12:10:00+02:00,2653.0,2653.3,2650.7,2651.4,329
2026-04-08 12:20:00+02:00,2651.7,2656.4,2651.1,2655.6,391
2026-04-08 12:30:00+02:00,2655.7,2655.9,2653.6,2653.6,297
2026-04-08 12:40:00+02:00,2653.3,2654.8,2652.8,2652.9,201
2026-04-08 12:50:00+02:00,2652.9,2654.3,2652.5,2653.1,202
2026-04-08 13:00:00+02:00,2653.0,2654.1,2650.9,2653.7,339
2026-04-08 13:10:00+02:00,2653.5,2654.8,2652.7,2653.5,258
2026-04-08 13:20:00+02:00,2653.7,2661.4,2652.6,2660.9,906
2026-04-08 13:30:00+02:00,2660.8,2662.3,2657.3,2661.4,920
2026-04-08 13:40:00+02:00,2661.5,2664.2,2661.1,2664.1,609
2026-04-08 13:50:00+02:00,2664.0,2665.1,2658.8,2659.2,782
2026-04-08 14:00:00+02:00,2659.3,2662.2,2657.3,2657.6,719
2026-04-08 14:10:00+02:00,2657.4,2658.5,2650.2,2650.5,1199
2026-04-08 14:20:00+02:00,2650.5,2651.9,2641.3,2650.9,3723
2026-04-08 14:30:00+02:00,2650.6,2653.3,2649.1,2649.2,937
2026-04-08 14:40:00+02:00,2649.3,2654.4,2647.2,2652.4,1031
2026-04-08 14:50:00+02:00,2652.3,2654.7,2650.0,2650.6,620
2026-04-08 15:00:00+02:00,2650.7,2652.6,2649.4,2651.2,496
2026-04-08 15:10:00+02:00,2650.9,2650.9,2647.5,2648.8,869
2026-04-08 15:20:00+02:00,2648.8,2652.1,2645.8,2647.4,1784
2026-04-08 15:30:00+02:00,2647.4,2654.7,2642.4,2645.6,6062
2026-04-08 15:40:00+02:00,2645.6,2652.2,2642.0,2650.8,4245
2026-04-08 15:50:00+02:00,2650.6,2650.6,2636.8,2640.9,5259
2026-04-08 16:00:00+02:00,2640.8,2644.8,2634.5,2639.0,3334
2026-04-08 16:10:00+02:00,2638.8,2644.3,2636.8,2639.4,2333
2026-04-08 16:20:00+02:00,2639.7,2643.2,2637.0,2637.7,1709
2026-04-08 16:30:00+02:00,2638.2,2640.0,2628.5,2629.1,3654
2026-04-08 16:40:00+02:00,2629.2,2632.8,2625.4,2630.2,2816
2026-04-08 16:50:00+02:00,2630.3,2630.3,2615.6,2624.4,5216
2026-04-08 17:00:00+02:00,2624.4,2631.8,2623.9,2625.7,3026
2026-04-08 17:10:00+02:00,2625.8,2632.9,2623.9,2631.9,2604
2026-04-08 17:20:00+02:00,2631.9,2633.9,2628.2,2628.6,1578
2026-04-08 17:30:00+02:00,2628.6,2634.0,2626.9,2633.8,2344
2026-04-08 17:40:00+02:00,2633.5,2637.5,2632.7,2637.1,1627
2026-04-08 17:50:00+02:00,2637.1,2639.4,2636.9,2637.7,1002
2026-04-08 18:00:00+02:00,2637.8,2641.6,2637.5,2639.3,1608
2026-04-08 18:10:00+02:00,2639.3,2640.5,2633.8,2635.1,1775
2026-04-08 18:20:00+02:00,2635.2,2636.1,2633.1,2635.1,766
2026-04-08 18:30:00+02:00,2635.3,2636.7,2633.9,2636.2,636
2026-04-08 18:40:00+02:00,2636.0,2639.2,2636.0,2637.9,813
2026-04-08 18:50:00+02:00,2638.2,2639.7,2637.5,2638.7,622
2026-04-08 19:00:00+02:00,2639.2,2640.3,2635.5,2635.7,725
2026-04-08 19:10:00+02:00,2635.8,2638.4,2635.1,2635.7,627
2026-04-08 19:20:00+02:00,2635.9,2636.4,2629.2,2632.3,1884
2026-04-08 19:30:00+02:00,2632.4,2637.2,2632.3,2634.6,1228
2026-04-08 19:40:00+02:00,2634.4,2638.5,2634.4,2637.6,1007
2026-04-08 19:50:00+02:00,2637.8,2640.8,2637.7,2640.7,671
2026-04-08 20:00:00+02:00,2640.4,2642.7,2638.2,2641.1,1007
2026-04-08 20:10:00+02:00,2641.1,2642.0,2629.0,2632.6,2379
2026-04-08 20:20:00+02:00,2632.5,2635.8,2629.2,2629.5,2631
2026-04-08 20:30:00+02:00,2629.5,2631.6,2625.5,2626.0,2819
2026-04-08 20:40:00+02:00,2625.9,2626.6,2623.1,2623.6,1979
2026-04-08 20:50:00+02:00,2623.6,2624.4,2618.0,2618.5,1410
2026-04-08 21:00:00+02:00,2618.4,2622.7,2617.5,2622.0,1877
2026-04-08 21:10:00+02:00,2622.2,2627.4,2622.1,2624.3,1411
2026-04-08 21:20:00+02:00,2624.1,2625.6,2621.5,2622.9,989
2026-04-08 21:30:00+02:00,2622.5,2630.8,2622.5,2629.9,1590
2026-04-08 21:40:00+02:00,2629.7,2632.5,2627.7,2631.6,1076
2026-04-08 21:50:00+02:00,2631.5,2636.3,2629.7,2636.1,4719
2026-04-08 22:00:00+02:00,2636.1,2638.5,2633.1,2633.7,1287
2026-04-08 22:10:00+02:00,2633.5,2635.1,2633.5,2634.4,348
2026-04-08 22:20:00+02:00,2634.3,2634.7,2633.0,2633.3,248
2026-04-08 22:30:00+02:00,2633.1,2634.6,2633.0,2633.4,226
2026-04-08 22:40:00+02:00,2633.4,2633.5,2631.7,2632.3,283
2026-04-08 22:50:00+02:00,2632.1,2633.4,2631.8,2632.1,333
2026-04-09 00:00:00+02:00,2631.4,2637.5,2631.1,2637.4,693
2026-04-09 00:10:00+02:00,2637.4,2637.4,2632.5,2632.8,220
2026-04-09 00:20:00+02:00,2632.5,2632.8,2630.5,2631.4,430
2026-04-09 00:30:00+02:00,2631.8,2634.5,2631.8,2633.3,252
2026-04-09 00:40:00+02:00,2633.3,2633.5,2631.4,2631.7,156
2026-04-09 00:50:00+02:00,2631.9,2632.5,2631.5,2632.2,134
2026-04-09 01:00:00+02:00,2632.2,2634.6,2631.6,2633.4,195
2026-04-09 01:10:00+02:00,2633.3,2634.0,2632.0,2632.0,75
2026-04-09 01:20:00+02:00,2631.9,2634.3,2631.7,2633.2,234
2026-04-09 01:40:00+02:00,2632.1,2632.7,2631.3,2631.6,195
2026-04-09 01:50:00+02:00,2631.7,2632.2,2630.2,2630.4,141
2026-04-09 02:00:00+02:00,2630.8,2631.0,2627.4,2628.3,428
2026-04-09 02:10:00+02:00,2628.3,2632.0,2628.3,2632.0,294
2026-04-09 02:20:00+02:00,2631.9,2633.8,2631.1,2632.6,318
2026-04-09 02:30:00+02:00,2632.3,2635.7,2632.1,2634.3,274
2026-04-09 02:40:00+02:00,2634.6,2634.8,2632.1,2633.1,210
2026-04-09 02:50:00+02:00,2633.4,2633.7,2630.1,2631.2,465
2026-04-09 03:00:00+02:00,2631.2,2632.7,2628.3,2629.7,429
2026-04-09 03:10:00+02:00,2629.7,2630.3,2627.3,2627.9,394
2026-04-09 03:20:00+02:00,2627.7,2628.2,2625.1,2626.8,461
2026-04-09 03:30:00+02:00,2626.8,2629.7,2626.2,2628.3,332
2026-04-09 03:40:00+02:00,2628.5,2629.1,2626.3,2628.3,224
2026-04-09 03:50:00+02:00,2628.7,2630.3,2628.7,2629.8,281
2026-04-09 04:00:00+02:00,2629.9,2630.8,2629.0,2629.9,166
2026-04-09 04:10:00+02:00,2629.6,2630.5,2628.4,2629.9,149
2026-04-09 04:20:00+02:00,2630.7,2630.9,2629.1,2629.7,104
2026-04-09 04:30:00+02:00,2629.5,2630.6,2629.5,2630.6,74
2026-04-09 04:40:00+02:00,2629.8,2631.1,2629.4,2630.9,67
2026-04-09 04:50:00+02:00,2631.0,2632.1,2628.8,2628.8,146
2026-04-09 05:00:00+02:00,2629.0,2630.5,2628.3,2629.9,192
2026-04-09 05:10:00+02:00,2629.3,2629.7,2627.6,2627.9,88
2026-04-09 05:20:00+02:00,2628.1,2628.7,2627.6,2628.3,95
2026-04-09 05:30:00+02:00,2628.3,2630.1,2628.3,2629.2,139
2026-04-09 05:40:00+02:00,2629.4,2629.7,2627.6,2628.8,260
2026-04-09 05:50:00+02:00,2629.3,2630.7,2629.0,2630.0,146
2026-04-09 06:00:00+02:00,2630.0,2630.5,2629.5,2630.2,71
2026-04-09 06:10:00+02:00,2630.3,2630.7,2628.7,2629.0,86
2026-04-09 06:20:00+02:00,2628.9,2629.4,2628.4,2629.3,42
2026-04-09 07:00:00+02:00,2628.4,2629.0,2626.5,2626.8,176
2026-04-09 07:10:00+02:00,2626.7,2630.5,2625.7,2630.5,253
2026-04-09 07:20:00+02:00,2630.3,2631.1,2629.1,2630.6,143
2026-04-09 07:40:00+02:00,2631.8,2632.0,2629.9,2630.0,82
2026-04-09 08:00:00+02:00,2630.4,2633.5,2629.9,2629.9,183
2026-04-09 08:10:00+02:00,2630.2,2631.0,2628.8,2629.1,98
2026-04-09 08:20:00+02:00,2629.1,2630.0,2628.1,2629.4,140
2026-04-09 08:30:00+02:00,2629.5,2630.7,2628.4,2629.9,147
2026-04-09 08:40:00+02:00,2629.9,2630.5,2626.8,2627.4,199
2026-04-09 08:50:00+02:00,2627.3,2629.9,2626.6,2629.7,153
2026-04-09 09:00:00+02:00,2629.9,2631.4,2626.6,2626.6,238
2026-04-09 09:10:00+02:00,2627.1,2627.5,2623.6,2624.4,352
2026-04-09 09:20:00+02:00,2624.4,2626.2,2623.0,2625.5,177
2026-04-09 09:30:00+02:00,2625.5,2626.2,2623.1,2624.0,253
2026-04-09 09:40:00+02:00,2624.0,2624.0,2619.3,2619.7,457
2026-04-09 09:50:00+02:00,2619.7,2621.2,2618.0,2620.1,331
2026-04-09 10:00:00+02:00,2620.3,2621.0,2617.7,2618.2,249
2026-04-09 10:10:00+02:00,2618.4,2618.5,2616.0,2617.1,334
2026-04-09 10:20:00+02:00,2617.0,2618.0,2616.1,2616.2,217
2026-04-09 10:30:00+02:00,2616.4,2619.1,2616.2,2618.4,350
2026-04-09 10:40:00+02:00,2618.4,2621.0,2617.9,2618.4,236
2026-04-09 10:50:00+02:00,2617.8,2618.4,2616.9,2617.4,202
2026-04-09 11:00:00+02:00,2617.4,2617.4,2615.0,2616.8,340
2026-04-09 11:10:00+02:00,2616.7,2619.5,2616.7,2618.8,266
2026-04-09 11:20:00+02:00,2618.4,2619.6,2617.7,2619.3,148
2026-04-09 11:30:00+02:00,2619.0,2620.0,2617.8,2618.9,188
2026-04-09 11:40:00+02:00,2618.8,2619.9,2618.4,2619.5,137
2026-04-09 11:50:00+02:00,2619.3,2620.1,2618.2,2619.9,103
2026-04-09 12:00:00+02:00,2620.2,2621.0,2618.1,2619.4,330
2026-04-09 12:10:00+02:00,2619.4,2619.7,2616.9,2617.4,255
2026-04-09 12:20:00+02:00,2617.2,2620.3,2617.0,2619.1,314
2026-04-09 12:30:00+02:00,2619.1,2620.0,2616.5,2617.9,225
2026-04-09 12:40:00+02:00,2618.2,2619.3,2616.9,2619.0,198
2026-04-09 12:50:00+02:00,2619.0,2619.1,2614.3,2615.0,455
2026-04-09 13:00:00+02:00,2614.9,2618.4,2614.9,2617.6,325
2026-04-09 13:10:00+02:00,2617.6,2617.8,2615.9,2616.3,165
2026-04-09 13:20:00+02:00,2616.3,2616.8,2613.5,2614.0,530
2026-04-09 13:30:00+02:00,2613.9,2617.1,2613.9,2617.1,435
2026-04-09 13:40:00+02:00,2617.1,2620.5,2616.2,2618.8,786
2026-04-09 13:50:00+02:00,2618.8,2619.6,2617.6,2619.1,249
2026-04-09 14:00:00+02:00,2618.9,2620.0,2617.1,2618.8,429
2026-04-09 14:10:00+02:00,2619.1,2620.2,2618.5,2619.1,261
2026-04-09 14:20:00+02:00,2619.2,2619.2,2617.1,2618.8,397
2026-04-09 14:30:00+02:00,2619.8,2620.1,2614.5,2616.5,724
2026-04-09 14:40:00+02:00,2616.2,2621.6,2615.5,2618.8,1291
2026-04-09 14:50:00+02:00,2618.7,2619.3,2616.8,2617.8,345
2026-04-09 15:00:00+02:00,2618.1,2618.5,2615.4,2616.2,604
2026-04-09 15:10:00+02:00,2616.2,2618.9,2616.0,2616.8,502
2026-04-09 15:20:00+02:00,2616.7,2619.2,2615.4,2619.1,708
2026-04-09 15:30:00+02:00,2618.9,2634.3,2618.8,2633.6,5131
2026-04-09 15:40:00+02:00,2633.3,2636.9,2630.3,2633.5,3013
2026-04-09 15:50:00+02:00,2633.3,2635.3,2628.3,2634.9,2648
2026-04-09 16:00:00+02:00,2634.9,2634.9,2630.2,2631.0,1845
2026-04-09 16:10:00+02:00,2631.1,2632.2,2621.2,2624.1,3404
2026-04-09 16:20:00+02:00,2624.2,2627.3,2621.8,2625.5,2122
2026-04-09 16:30:00+02:00,2625.3,2627.7,2622.0,2627.5,1662
2026-04-09 16:40:00+02:00,2627.5,2629.8,2626.1,2629.4,1604
2026-04-09 16:50:00+02:00,2629.5,2632.9,2628.9,2632.6,1712
2026-04-09 17:00:00+02:00,2632.5,2632.5,2626.9,2629.1,1691
2026-04-09 17:10:00+02:00,2629.2,2636.5,2628.3,2635.7,2609
2026-04-09 17:20:00+02:00,2635.7,2636.3,2632.5,2633.6,1548
2026-04-09 17:30:00+02:00,2633.7,2647.7,2632.7,2640.3,7169
2026-04-09 17:40:00+02:00,2640.3,2646.8,2640.2,2643.2,2345
2026-04-09 17:50:00+02:00,2643.0,2648.7,2642.7,2648.0,1607
2026-04-09 18:00:00+02:00,2648.0,2655.6,2647.6,2650.4,2734
2026-04-09 18:10:00+02:00,2650.2,2654.1,2649.3,2653.4,1877
2026-04-09 18:20:00+02:00,2653.4,2654.3,2649.9,2652.6,1151
2026-04-09 18:30:00+02:00,2652.6,2653.5,2650.1,2652.3,1148
2026-04-09 18:40:00+02:00,2652.3,2653.9,2650.6,2651.7,1277
2026-04-09 18:50:00+02:00,2651.8,2656.6,2651.7,2656.4,1376
2026-04-09 19:00:00+02:00,2656.5,2660.3,2655.4,2659.1,1424
2026-04-09 19:10:00+02:00,2659.1,2660.6,2658.0,2659.8,1312
2026-04-09 19:20:00+02:00,2659.8,2660.7,2658.0,2658.2,1061
2026-04-09 19:30:00+02:00,2658.2,2660.8,2655.3,2660.2,1497
2026-04-09 19:40:00+02:00,2660.2,2661.2,2658.1,2659.5,1101
2026-04-09 19:50:00+02:00,2659.4,2659.4,2657.4,2658.1,655
2026-04-09 20:00:00+02:00,2658.2,2658.4,2646.3,2651.1,3420
2026-04-09 20:10:00+02:00,2651.0,2651.9,2648.2,2650.4,1438
2026-04-09 20:20:00+02:00,2650.6,2651.7,2646.8,2648.8,1465
2026-04-09 20:30:00+02:00,2648.9,2649.8,2645.6,2649.2,1419
2026-04-09 20:40:00+02:00,2649.1,2649.3,2646.4,2647.4,695
2026-04-09 20:50:00+02:00,2647.2,2648.5,2646.1,2647.6,1531
2026-04-09 21:00:00+02:00,2647.7,2651.9,2647.0,2651.9,1414
2026-04-09 21:10:00+02:00,2651.9,2653.3,2649.8,2650.5,944
2026-04-09 21:20:00+02:00,2650.5,2652.8,2650.0,2651.7,744
2026-04-09 21:30:00+02:00,2651.6,2656.0,2651.4,2652.2,1550
2026-04-09 21:40:00+02:00,2652.1,2653.5,2651.2,2651.9,1091
2026-04-09 21:50:00+02:00,2651.8,2653.6,2650.0,2651.7,4202
2026-04-09 22:00:00+02:00,2651.8,2652.2,2649.1,2650.1,780
2026-04-09 22:10:00+02:00,2650.3,2651.3,2649.8,2650.2,473
2026-04-09 22:20:00+02:00,2650.0,2651.6,2649.4,2651.3,262
2026-04-09 22:30:00+02:00,2651.2,2653.2,2651.1,2652.4,376
2026-04-09 22:40:00+02:00,2652.2,2652.7,2651.0,2651.7,112
2026-04-09 22:50:00+02:00,2651.7,2651.7,2649.0,2650.5,339
2026-04-10 00:00:00+02:00,2650.9,2651.4,2647.6,2648.3,379
2026-04-10 00:10:00+02:00,2648.5,2649.6,2648.3,2648.7,179
2026-04-10 00:20:00+02:00,2648.4,2649.6,2646.3,2647.4,457
2026-04-10 00:30:00+02:00,2647.6,2649.0,2646.6,2647.9,331
2026-04-10 00:40:00+02:00,2647.8,2648.7,2646.2,2647.3,265
2026-04-10 00:50:00+02:00,2647.2,2647.4,2644.8,2646.0,367
2026-04-10 01:00:00+02:00,2646.0,2646.0,2644.0,2645.6,201
2026-04-10 01:10:00+02:00,2645.9,2646.1,2644.9,2645.3,169
2026-04-10 01:30:00+02:00,2644.9,2645.4,2644.1,2644.6,115
2026-04-10 01:40:00+02:00,2644.7,2646.2,2644.1,2646.0,164
2026-04-10 01:50:00+02:00,2645.9,2646.4,2644.6,2645.4,129
2026-04-10 02:00:00+02:00,2645.4,2645.6,2643.2,2644.3,289
2026-04-10 02:10:00+02:00,2644.5,2645.2,2643.2,2644.4,176
2026-04-10 02:20:00+02:00,2644.5,2645.4,2644.4,2645.2,87
2026-04-10 02:30:00+02:00,2645.3,2645.9,2644.4,2645.5,128
2026-04-10 02:40:00+02:00,2645.4,2645.6,2643.7,2644.4,181
2026-04-10 02:50:00+02:00,2644.6,2646.9,2643.2,2646.6,257
2026-04-10 03:00:00+02:00,2646.7,2646.7,2644.7,2645.7,188
2026-04-10 03:20:00+02:00,2646.7,2648.4,2646.0,2648.2,207
2026-04-10 03:30:00+02:00,2648.3,2650.1,2647.9,2649.2,372
2026-04-10 03:40:00+02:00,2649.3,2649.9,2648.5,2649.6,183
2026-04-10 03:50:00+02:00,2649.4,2649.4,2647.9,2648.2,94
2026-04-10 04:00:00+02:00,2648.4,2648.5,2646.4,2647.4,212
2026-04-10 04:10:00+02:00,2647.5,2647.6,2645.9,2646.0,95
2026-04-10 04:20:00+02:00,2645.9,2646.6,2645.5,2646.2,83
2026-04-10 04:40:00+02:00,2646.1,2646.9,2645.9,2646.3,42
2026-04-10 05:20:00+02:00,2647.0,2647.1,2645.5,2645.5,83
2026-04-10 05:30:00+02:00,2645.5,2648.4,2645.5,2647.7,101
2026-04-10 05:40:00+02:00,2647.5,2648.6,2647.3,2647.8,71
2026-04-10 06:00:00+02:00,2648.0,2648.3,2646.5,2646.8,77
2026-04-10 06:30:00+02:00,2646.7,2647.1,2646.1,2646.3,61
2026-04-10 06:40:00+02:00,2646.3,2646.3,2645.3,2645.6,82
2026-04-10 06:50:00+02:00,2645.9,2646.5,2645.1,2645.5,74
2026-04-10 07:00:00+02:00,2645.4,2647.3,2645.4,2646.9,79
2026-04-10 07:30:00+02:00,2645.9,2647.1,2645.5,2646.9,94
2026-04-10 08:00:00+02:00,2645.8,2646.1,2644.4,2645.3,172
2026-04-10 08:10:00+02:00,2644.8,2644.8,2643.1,2643.3,138
2026-04-10 08:20:00+02:00,2643.4,2644.1,2643.1,2643.3,146
2026-04-10 08:40:00+02:00,2642.5,2644.1,2641.8,2642.9,241
2026-04-10 08:50:00+02:00,2642.7,2643.3,2641.9,2642.9,154
2026-04-10 09:00:00+02:00,2643.1,2644.8,2643.1,2644.3,158
2026-04-10 09:10:00+02:00,2644.3,2644.5,2642.4,2643.5,114
2026-04-10 09:20:00+02:00,2643.5,2645.5,2643.3,2645.5,156
2026-04-10 09:30:00+02:00,2645.7,2647.0,2645.3,2646.4,116
2026-04-10 09:40:00+02:00,2646.4,2647.1,2645.0,2645.6,165
2026-04-10 09:50:00+02:00,2645.9,2647.5,2645.9,2646.4,148
2026-04-10 10:00:00+02:00,2646.5,2646.6,2643.8,2646.0,302
2026-04-10 10:10:00+02:00,2645.8,2646.1,2643.0,2643.6,481
2026-04-10 10:20:00+02:00,2643.9,2646.4,2643.6,2645.8,197
2026-04-10 10:30:00+02:00,2645.5,2646.6,2645.4,2645.9,135
2026-04-10 10:40:00+02:00,2646.1,2646.8,2643.1,2643.8,194
2026-04-10 10:50:00+02:00,2643.9,2643.9,2641.1,2641.7,303
2026-04-10 11:00:00+02:00,2642.2,2644.6,2642.1,2643.3,128
2026-04-10 11:10:00+02:00,2643.3,2652.0,2643.2,2650.9,1029
2026-04-10 11:20:00+02:00,2650.8,2651.5,2646.1,2648.4,665
2026-04-10 11:30:00+02:00,2648.5,2648.7,2645.6,2646.6,332
2026-04-10 11:40:00+02:00,2647.0,2649.9,2646.9,2648.7,275
2026-04-10 11:50:00+02:00,2648.6,2650.6,2648.6,2650.1,293
2026-04-10 12:00:00+02:00,2650.0,2650.6,2646.9,2648.1,208
2026-04-10 12:10:00+02:00,2648.0,2649.3,2646.7,2649.3,204
2026-04-10 12:20:00+02:00,2649.3,2652.7,2649.2,2651.3,344
2026-04-10 12:30:00+02:00,2651.4,2652.0,2650.2,2651.9,223
2026-04-10 12:40:00+02:00,2652.4,2653.8,2651.8,2653.3,247
2026-04-10 12:50:00+02:00,2653.4,2654.5,2652.1,2652.4,267
2026-04-10 13:00:00+02:00,2652.4,2653.7,2650.7,2651.3,240
2026-04-10 13:10:00+02:00,2650.9,2652.6,2650.7,2652.5,99
2026-04-10 13:20:00+02:00,2652.5,2653.9,2652.4,2653.2,198
2026-04-10 13:30:00+02:00,2653.3,2654.4,2652.9,2653.1,202
2026-04-10 13:40:00+02:00,2653.1,2653.4,2652.2,2652.5,129
2026-04-10 13:50:00+02:00,2652.7,2653.1,2650.9,2652.2,229
2026-04-10 14:00:00+02:00,2652.3,2653.7,2651.6,2652.6,240
2026-04-10 14:10:00+02:00,2652.9,2654.9,2651.8,2653.6,337
2026-04-10 14:20:00+02:00,2653.5,2659.8,2651.2,2654.5,582
2026-04-10 14:30:00+02:00,2659.7,2674.0,2654.6,2658.7,1737
2026-04-10 14:40:00+02:00,2658.8,2659.6,2657.3,2658.1,627
2026-04-10 14:50:00+02:00,2658.3,2658.5,2655.4,2655.7,501
2026-04-10 15:00:00+02:00,2655.7,2656.1,2653.7,2654.4,749
2026-04-10 15:10:00+02:00,2654.2,2656.6,2653.6,2654.8,598
2026-04-10 15:20:00+02:00,2654.9,2655.5,2652.7,2655.3,681
2026-04-10 15:30:00+02:00,2655.3,2658.9,2647.4,2648.1,4757
2026-04-10 15:40:00+02:00,2648.0,2652.7,2646.8,2650.3,2842
2026-04-10 15:50:00+02:00,2650.1,2654.3,2648.2,2654.0,1632
2026-04-10 16:00:00+02:00,2653.9,2653.9,2647.2,2648.5,2441
2026-04-10 16:10:00+02:00,2648.4,2650.5,2645.0,2650.5,2793
2026-04-10 16:20:00+02:00,2650.4,2653.3,2649.6,2652.6,1556
2026-04-10 16:30:00+02:00,2652.8,2654.8,2651.3,2652.2,1813
2026-04-10 16:40:00+02:00,2652.2,2653.5,2645.5,2646.5,2686
2026-04-10 16:50:00+02:00,2646.7,2651.3,2645.6,2651.3,1346
2026-04-10 17:00:00+02:00,2651.1,2652.4,2648.7,2652.1,1094
2026-04-10 17:10:00+02:00,2652.2,2653.2,2650.1,2651.6,1017
2026-04-10 17:20:00+02:00,2651.3,2654.6,2649.7,2650.7,1335
2026-04-10 17:30:00+02:00,2650.8,2652.1,2646.0,2646.4,1477
2026-04-10 17:40:00+02:00,2646.4,2646.6,2642.8,2643.3,1950
2026-04-10 17:50:00+02:00,2643.5,2644.2,2639.0,2640.2,1693
2026-04-10 18:00:00+02:00,2640.1,2640.9,2636.5,2636.8,1917
2026-04-10 18:10:00+02:00,2636.9,2642.1,2636.7,2640.9,1584
2026-04-10 18:20:00+02:00,2641.1,2641.3,2637.4,2638.7,1083
2026-04-10 18:30:00+02:00,2638.6,2640.4,2636.2,2636.9,853
2026-04-10 18:40:00+02:00,2636.9,2638.0,2634.2,2638.0,1282
2026-04-10 18:50:00+02:00,2638.1,2640.8,2637.5,2640.5,1129
2026-04-10 19:00:00+02:00,2640.6,2640.6,2635.5,2637.2,955
2026-04-10 19:10:00+02:00,2637.1,2639.3,2636.1,2637.9,565
2026-04-10 19:20:00+02:00,2637.9,2639.1,2636.4,2638.0,504
2026-04-10 19:30:00+02:00,2637.5,2641.0,2637.3,2640.9,719
2026-04-10 19:40:00+02:00,2640.9,2642.4,2638.9,2641.9,1068
2026-04-10 19:50:00+02:00,2641.9,2643.5,2641.8,2643.3,759
2026-04-10 20:00:00+02:00,2643.3,2643.9,2639.6,2640.6,1695
2026-04-10 20:10:00+02:00,2640.6,2644.6,2640.1,2644.5,760
2026-04-10 20:20:00+02:00,2644.6,2645.6,2642.7,2644.7,965
2026-04-10 20:30:00+02:00,2644.6,2646.0,2643.8,2644.4,619
2026-04-10 20:40:00+02:00,2644.8,2644.8,2642.6,2643.5,469
2026-04-10 20:50:00+02:00,2643.1,2645.9,2643.1,2644.4,595
2026-04-10 21:00:00+02:00,2644.5,2646.8,2644.3,2646.1,530
2026-04-10 21:10:00+02:00,2646.2,2648.4,2646.1,2647.4,782
2026-04-10 21:20:00+02:00,2647.5,2647.7,2645.6,2646.4,559
2026-04-10 21:30:00+02:00,2646.4,2646.5,2642.4,2642.7,931
2026-04-10 21:40:00+02:00,2642.6,2643.8,2640.7,2641.9,737
2026-04-10 21:50:00+02:00,2642.0,2645.5,2641.2,2644.2,2318
2026-04-10 22:00:00+02:00,2644.3,2644.9,2642.0,2643.2,668
2026-04-10 22:10:00+02:00,2643.5,2645.6,2642.8,2644.7,438
2026-04-10 22:20:00+02:00,2644.4,2646.5,2644.4,2646.0,236
2026-04-10 22:30:00+02:00,2646.2,2646.6,2646.0,2646.5,168
2026-04-10 22:40:00+02:00,2646.7,2647.2,2646.1,2647.1,155
2026-04-10 22:50:00+02:00,2646.9,2649.0,2646.4,2649.0,358
2026-04-13 00:00:00+02:00,2610.0,2612.6,2600.0,2604.3,2659
2026-04-13 00:10:00+02:00,2604.3,2604.8,2599.1,2599.3,732
2026-04-13 00:20:00+02:00,2599.5,2600.1,2591.7,2592.9,1066
2026-04-13 00:30:00+02:00,2592.9,2598.9,2591.8,2598.6,1027
2026-04-13 00:40:00+02:00,2598.6,2599.8,2598.1,2598.9,459
2026-04-13 00:50:00+02:00,2599.1,2600.7,2598.8,2599.9,328
2026-04-13 01:00:00+02:00,2600.2,2600.3,2598.5,2599.7,339
2026-04-13 01:10:00+02:00,2599.7,2600.0,2597.8,2598.0,220
2026-04-13 01:20:00+02:00,2597.9,2599.6,2597.0,2599.4,226
2026-04-13 01:30:00+02:00,2599.8,2599.8,2597.9,2598.4,134
2026-04-13 01:40:00+02:00,2598.7,2599.4,2597.5,2598.0,159
2026-04-13 01:50:00+02:00,2598.2,2603.0,2598.1,2602.8,760
2026-04-13 02:00:00+02:00,2602.8,2603.9,2599.8,2603.7,588
2026-04-13 02:10:00+02:00,2604.0,2605.2,2603.2,2604.7,620
2026-04-13 02:20:00+02:00,2604.6,2605.6,2603.7,2604.1,339
2026-04-13 02:30:00+02:00,2604.2,2606.9,2603.7,2606.0,473
2026-04-13 02:40:00+02:00,2606.4,2607.4,2605.0,2606.5,561
2026-04-13 02:50:00+02:00,2606.5,2610.3,2606.2,2609.8,524
2026-04-13 03:00:00+02:00,2609.8,2611.8,2608.8,2611.0,785
2026-04-13 03:10:00+02:00,2611.1,2613.6,2610.3,2611.3,532
2026-04-13 03:20:00+02:00,2611.3,2611.5,2609.8,2611.0,243
2026-04-13 03:30:00+02:00,2611.1,2613.2,2610.5,2610.8,257
2026-04-13 03:40:00+02:00,2611.1,2611.6,2609.3,2610.9,222
2026-04-13 03:50:00+02:00,2611.2,2612.3,2610.7,2611.9,142
2026-04-13 04:00:00+02:00,2611.7,2612.1,2610.2,2610.5,154
2026-04-13 04:10:00+02:00,2610.3,2610.5,2609.0,2609.8,134
2026-04-13 04:20:00+02:00,2609.8,2610.3,2609.1,2609.3,92
2026-04-13 04:30:00+02:00,2609.4,2610.2,2608.8,2609.8,105
2026-04-13 04:40:00+02:00,2609.9,2610.9,2609.4,2609.4,98
2026-04-13 05:00:00+02:00,2611.0,2611.7,2609.4,2609.4,135
2026-04-13 05:10:00+02:00,2609.4,2609.6,2608.5,2609.0,137
2026-04-13 05:20:00+02:00,2609.0,2610.2,2608.8,2609.9,61
2026-04-13 05:30:00+02:00,2609.8,2609.8,2608.0,2608.1,117
2026-04-13 05:40:00+02:00,2608.1,2609.3,2607.8,2608.2,118
2026-04-13 05:50:00+02:00,2608.3,2608.3,2607.5,2607.9,146
2026-04-13 06:00:00+02:00,2607.8,2608.0,2606.7,2607.6,107
2026-04-13 06:10:00+02:00,2607.2,2608.8,2607.0,2608.8,67
2026-04-13 06:40:00+02:00,2608.4,2609.5,2608.0,2608.8,134
2026-04-13 06:50:00+02:00,2608.7,2611.5,2608.4,2610.4,229
2026-04-13 07:00:00+02:00,2610.6,2611.0,2609.4,2609.4,105
2026-04-13 07:10:00+02:00,2609.8,2610.2,2608.5,2609.7,233
2026-04-13 07:20:00+02:00,2610.2,2611.8,2610.1,2611.5,107
2026-04-13 07:30:00+02:00,2611.2,2611.8,2610.5,2611.2,146
2026-04-13 07:40:00+02:00,2611.2,2612.5,2610.9,2612.1,122
2026-04-13 08:00:00+02:00,2611.9,2613.8,2611.9,2613.3,286
2026-04-13 08:10:00+02:00,2613.4,2613.8,2611.8,2613.0,304
2026-04-13 08:20:00+02:00,2612.8,2615.6,2612.8,2614.5,341
2026-04-13 08:30:00+02:00,2614.6,2615.9,2613.5,2614.2,154
2026-04-13 08:40:00+02:00,2614.6,2615.1,2614.0,2614.2,158
2026-04-13 08:50:00+02:00,2614.3,2615.7,2614.2,2615.7,91
2026-04-13 09:00:00+02:00,2615.9,2618.1,2615.8,2617.1,359
2026-04-13 09:10:00+02:00,2617.1,2619.9,2617.1,2619.7,266
2026-04-13 09:20:00+02:00,2619.7,2619.7,2616.1,2619.3,208
2026-04-13 09:30:00+02:00,2619.7,2620.6,2617.2,2618.3,231
2026-04-13 09:40:00+02:00,2618.2,2618.7,2616.6,2617.6,125
2026-04-13 09:50:00+02:00,2617.7,2618.2,2616.9,2617.7,93
2026-04-13 10:00:00+02:00,2617.7,2621.5,2617.5,2618.6,223
2026-04-13 10:10:00+02:00,2618.8,2619.2,2617.4,2618.5,141
2026-04-13 10:20:00+02:00,2618.7,2621.0,2617.9,2619.8,190
2026-04-13 10:30:00+02:00,2619.6,2620.2,2617.5,2617.9,145
2026-04-13 10:40:00+02:00,2617.9,2618.8,2616.9,2617.6,161
2026-04-13 10:50:00+02:00,2617.6,2618.9,2616.8,2618.5,78
2026-04-13 11:00:00+02:00,2619.2,2622.8,2619.1,2619.3,567
2026-04-13 11:10:00+02:00,2619.2,2619.9,2617.7,2619.8,203
2026-04-13 11:20:00+02:00,2620.7,2620.8,2618.6,2618.8,214
2026-04-13 11:30:00+02:00,2618.8,2620.8,2618.5,2619.5,102
2026-04-13 11:40:00+02:00,2619.7,2619.8,2617.8,2618.4,74
2026-04-13 11:50:00+02:00,2618.2,2620.2,2617.8,2619.3,170
2026-04-13 12:00:00+02:00,2619.5,2619.9,2618.4,2619.5,65
2026-04-13 12:10:00+02:00,2619.5,2619.8,2618.5,2619.7,147
2026-04-13 12:20:00+02:00,2619.7,2620.0,2618.3,2619.5,152
2026-04-13 12:30:00+02:00,2620.0,2620.6,2618.6,2618.8,176
2026-04-13 12:40:00+02:00,2619.0,2620.7,2618.2,2620.1,151
2026-04-13 12:50:00+02:00,2620.0,2623.7,2619.6,2623.7,297
2026-04-13 13:00:00+02:00,2623.6,2629.6,2623.6,2625.0,885
2026-04-13 13:10:00+02:00,2624.5,2624.9,2622.9,2623.5,201
2026-04-13 13:20:00+02:00,2623.4,2624.4,2620.8,2621.6,326
2026-04-13 13:30:00+02:00,2621.5,2622.3,2617.1,2618.3,516
2026-04-13 13:40:00+02:00,2618.4,2621.2,2617.2,2618.9,575
2026-04-13 13:50:00+02:00,2618.9,2619.0,2617.3,2617.8,429
2026-04-13 14:00:00+02:00,2618.0,2623.2,2617.1,2622.8,844
2026-04-13 14:10:00+02:00,2623.1,2625.0,2622.7,2624.5,425
2026-04-13 14:20:00+02:00,2624.2,2625.3,2623.3,2625.0,230
2026-04-13 14:30:00+02:00,2625.4,2627.6,2624.4,2626.4,528
2026-04-13 14:40:00+02:00,2626.5,2631.3,2626.1,2629.6,933
2026-04-13 14:50:00+02:00,2629.5,2632.3,2629.5,2630.4,786
2026-04-13 15:00:00+02:00,2630.5,2631.1,2629.5,2630.3,417
2026-04-13 15:10:00+02:00,2630.5,2632.2,2630.1,2631.6,501
2026-04-13 15:20:00+02:00,2631.5,2633.7,2631.0,2633.6,957
2026-04-13 15:30:00+02:00,2633.6,2638.7,2632.5,2635.6,9040
2026-04-13 15:40:00+02:00,2635.5,2644.1,2631.4,2643.1,8387
2026-04-13 15:50:00+02:00,2643.2,2653.0,2640.9,2652.9,6999
2026-04-13 16:00:00+02:00,2652.8,2655.8,2647.2,2649.0,3915
2026-04-13 16:10:00+02:00,2648.3,2651.9,2647.2,2651.7,1430
2026-04-13 16:20:00+02:00,2651.6,2655.5,2646.6,2655.1,3070
2026-04-13 16:30:00+02:00,2655.4,2657.7,2652.0,2653.1,1827
2026-04-13 16:40:00+02:00,2653.2,2654.4,2650.5,2650.7,1108
2026-04-13 16:50:00+02:00,2650.8,2656.0,2650.2,2655.7,1607
2026-04-13 17:00:00+02:00,2655.6,2655.7,2648.6,2651.0,1856
2026-04-13 17:10:00+02:00,2650.8,2654.1,2649.5,2649.8,1005
2026-04-13 17:20:00+02:00,2649.9,2652.4,2648.2,2648.5,774
2026-04-13 17:30:00+02:00,2648.7,2653.5,2646.8,2652.2,1481
2026-04-13 17:40:00+02:00,2652.0,2652.7,2648.6,2649.8,774
2026-04-13 17:50:00+02:00,2649.9,2650.5,2648.5,2649.7,409
2026-04-13 18:00:00+02:00,2650.0,2656.7,2646.9,2653.0,2129
2026-04-13 18:10:00+02:00,2652.8,2656.2,2652.4,2655.3,1064
2026-04-13 18:20:00+02:00,2655.6,2664.6,2655.3,2663.0,3392
2026-04-13 18:30:00+02:00,2662.9,2667.5,2661.1,2664.2,2722
2026-04-13 18:40:00+02:00,2664.3,2672.2,2660.8,2670.0,3830
2026-04-13 18:50:00+02:00,2670.4,2674.9,2668.1,2670.4,2210
2026-04-13 19:00:00+02:00,2670.9,2671.9,2668.4,2669.3,949
2026-04-13 19:10:00+02:00,2669.3,2673.3,2668.9,2671.7,674
2026-04-13 19:20:00+02:00,2671.5,2672.1,2670.0,2670.8,410
2026-04-13 19:30:00+02:00,2670.8,2671.9,2668.8,2669.8,686
2026-04-13 19:40:00+02:00,2669.6,2670.4,2668.5,2669.0,447
2026-04-13 19:50:00+02:00,2669.2,2670.7,2668.2,2668.3,630
2026-04-13 20:00:00+02:00,2668.4,2671.4,2668.4,2670.4,422
2026-04-13 20:10:00+02:00,2670.3,2672.4,2670.3,2671.7,392
2026-04-13 20:20:00+02:00,2671.6,2673.3,2670.4,2671.5,880
2026-04-13 20:30:00+02:00,2671.4,2672.7,2670.4,2672.0,823
2026-04-13 20:40:00+02:00,2672.1,2676.8,2672.0,2676.4,1386
2026-04-13 20:50:00+02:00,2676.4,2677.8,2675.2,2675.8,1302
2026-04-13 21:00:00+02:00,2676.0,2677.1,2675.1,2677.0,666
2026-04-13 21:10:00+02:00,2676.9,2678.5,2675.4,2677.7,1183
2026-04-13 21:20:00+02:00,2677.7,2680.1,2677.6,2679.7,1708
2026-04-13 21:30:00+02:00,2679.6,2681.2,2678.6,2678.9,1198
2026-04-13 21:40:00+02:00,2678.9,2680.9,2678.0,2679.8,1002
2026-04-13 21:50:00+02:00,2679.8,2685.4,2679.8,2682.0,5794
2026-04-13 22:00:00+02:00,2682.0,2683.0,2680.3,2681.9,830
2026-04-13 22:10:00+02:00,2682.0,2682.1,2680.7,2681.8,554
2026-04-13 22:20:00+02:00,2681.6,2683.3,2681.6,2682.6,393
2026-04-13 22:30:00+02:00,2682.6,2684.1,2682.2,2683.0,318
2026-04-13 22:40:00+02:00,2682.8,2684.5,2682.8,2684.3,303
2026-04-13 22:50:00+02:00,2684.4,2685.8,2684.0,2685.7,483
2026-04-14 00:00:00+02:00,2686.7,2690.7,2685.0,2689.3,787
2026-04-14 00:10:00+02:00,2689.2,2690.4,2688.9,2689.7,349
2026-04-14 00:20:00+02:00,2689.8,2690.4,2688.9,2689.1,233
2026-04-14 00:30:00+02:00,2688.9,2689.8,2688.6,2689.7,306
2026-04-14 00:40:00+02:00,2689.6,2691.0,2689.6,2689.9,565
2026-04-14 00:50:00+02:00,2689.8,2691.2,2689.8,2690.3,555
2026-04-14 01:00:00+02:00,2690.1,2692.3,2689.7,2692.1,468
2026-04-14 01:20:00+02:00,2691.3,2691.3,2689.5,2689.6,168
2026-04-14 01:30:00+02:00,2689.8,2689.8,2688.7,2689.4,143
2026-04-14 01:40:00+02:00,2689.4,2689.8,2688.4,2688.4,122
2026-04-14 01:50:00+02:00,2688.4,2688.4,2687.1,2687.6,286
2026-04-14 02:00:00+02:00,2687.5,2687.5,2684.9,2686.2,521
2026-04-14 02:10:00+02:00,2685.9,2687.9,2685.7,2686.5,173
2026-04-14 02:20:00+02:00,2686.3,2687.2,2685.0,2685.0,221
2026-04-14 02:30:00+02:00,2685.1,2686.7,2684.9,2686.3,231
2026-04-14 02:40:00+02:00,2686.4,2686.5,2685.6,2686.4,81
2026-04-14 02:50:00+02:00,2686.5,2687.0,2685.8,2686.5,160
2026-04-14 03:10:00+02:00,2685.1,2686.3,2684.9,2685.8,41
2026-04-14 03:20:00+02:00,2685.8,2686.3,2685.2,2686.0,67
2026-04-14 03:30:00+02:00,2685.8,2686.2,2684.7,2686.2,81
2026-04-14 03:40:00+02:00,2686.5,2687.2,2686.1,2686.8,141
2026-04-14 03:50:00+02:00,2686.9,2687.3,2685.9,2686.2,125
2026-04-14 04:00:00+02:00,2686.2,2688.2,2685.8,2687.7,159
2026-04-14 04:10:00+02:00,2688.0,2688.6,2687.7,2688.2,87
2026-04-14 04:20:00+02:00,2688.0,2688.3,2687.1,2688.3,159
2026-04-14 04:30:00+02:00,2688.0,2688.2,2687.3,2687.9,91
2026-04-14 04:40:00+02:00,2688.1,2689.1,2687.8,2687.9,165
2026-04-14 04:50:00+02:00,2687.8,2688.1,2687.4,2688.1,77
2026-04-14 05:10:00+02:00,2687.2,2687.6,2686.9,2687.1,75
2026-04-14 05:20:00+02:00,2687.0,2687.1,2686.4,2686.8,59
2026-04-14 05:40:00+02:00,2686.4,2687.0,2686.4,2686.8,75
2026-04-14 05:50:00+02:00,2686.9,2687.9,2686.7,2687.3,66
2026-04-14 06:30:00+02:00,2687.8,2687.8,2687.2,2687.3,49
2026-04-14 06:40:00+02:00,2687.3,2687.9,2687.2,2687.8,53
2026-04-14 06:50:00+02:00,2687.9,2688.3,2687.8,2688.2,48
2026-04-14 07:00:00+02:00,2688.1,2688.6,2687.9,2688.2,67
2026-04-14 07:20:00+02:00,2688.5,2688.9,2686.7,2687.6,125
2026-04-14 07:30:00+02:00,2687.2,2687.2,2685.8,2686.5,91
2026-04-14 07:50:00+02:00,2686.8,2686.8,2686.0,2686.2,42
2026-04-14 08:00:00+02:00,2686.2,2686.8,2686.0,2686.5,119
2026-04-14 08:20:00+02:00,2686.5,2688.1,2685.5,2688.0,150
2026-04-14 08:30:00+02:00,2688.0,2688.9,2687.0,2688.6,136
2026-04-14 08:40:00+02:00,2688.4,2689.7,2687.9,2688.0,98
2026-04-14 08:50:00+02:00,2687.9,2688.6,2687.3,2688.4,103
2026-04-14 09:00:00+02:00,2688.4,2692.5,2687.0,2692.2,706
2026-04-14 09:10:00+02:00,2692.1,2692.5,2689.7,2690.6,283
2026-04-14 09:20:00+02:00,2690.6,2692.7,2690.1,2691.2,264
2026-04-14 09:30:00+02:00,2691.2,2693.7,2691.1,2693.0,370
2026-04-14 09:40:00+02:00,2693.0,2693.4,2690.7,2691.8,192
2026-04-14 09:50:00+02:00,2691.6,2692.1,2690.1,2691.3,185
2026-04-14 10:00:00+02:00,2691.6,2692.7,2690.2,2692.0,249
2026-04-14 10:10:00+02:00,2691.8,2694.5,2691.6,2693.9,367
2026-04-14 10:20:00+02:00,2693.7,2695.1,2693.4,2694.5,219
2026-04-14 10:30:00+02:00,2694.8,2696.1,2693.9,2695.1,288
2026-04-14 10:40:00+02:00,2695.0,2696.9,2694.8,2696.8,293
2026-04-14 10:50:00+02:00,2696.7,2697.4,2696.1,2697.0,183
2026-04-14 11:00:00+02:00,2697.1,2698.2,2696.3,2697.3,212
2026-04-14 11:10:00+02:00,2697.2,2697.7,2696.2,2696.2,147
2026-04-14 11:20:00+02:00,2696.3,2696.5,2695.0,2695.3,130
2026-04-14 11:30:00+02:00,2695.1,2695.1,2694.1,2694.9,217
2026-04-14 11:40:00+02:00,2694.9,2695.0,2693.1,2693.4,131
2026-04-14 11:50:00+02:00,2693.5,2694.0,2693.1,2693.7,92
2026-04-14 12:00:00+02:00,2693.8,2695.2,2692.5,2695.0,188
2026-04-14 12:10:00+02:00,2694.6,2694.9,2693.8,2694.6,108
2026-04-14 12:20:00+02:00,2694.5,2695.2,2694.0,2695.0,164
2026-04-14 12:30:00+02:00,2694.9,2695.0,2690.7,2691.1,762
2026-04-14 12:40:00+02:00,2691.1,2692.9,2690.3,2692.8,235
2026-04-14 12:50:00+02:00,2692.8,2693.6,2692.2,2692.3,128
2026-04-14 13:00:00+02:00,2692.2,2693.4,2691.6,2692.5,136
2026-04-14 13:10:00+02:00,2693.1,2695.3,2693.1,2695.3,174
2026-04-14 13:20:00+02:00,2695.4,2697.4,2695.4,2696.5,289
2026-04-14 13:30:00+02:00,2696.7,2698.5,2696.1,2698.3,245
2026-04-14 13:40:00+02:00,2698.4,2700.2,2697.9,2699.7,468
2026-04-14 13:50:00+02:00,2699.7,2705.2,2699.1,2701.6,1569
2026-04-14 14:00:00+02:00,2701.4,2702.7,2700.5,2702.1,380
2026-04-14 14:10:00+02:00,2702.2,2703.8,2700.3,2702.0,490
2026-04-14 14:20:00+02:00,2701.5,2703.8,2699.1,2703.8,684
2026-04-14 14:30:00+02:00,2703.9,2710.7,2700.3,2701.3,1131
2026-04-14 14:40:00+02:00,2701.4,2702.9,2701.0,2701.9,379
2026-04-14 14:50:00+02:00,2701.8,2702.6,2700.2,2702.2,293
2026-04-14 15:00:00+02:00,2702.3,2702.8,2701.0,2702.2,305
2026-04-14 15:10:00+02:00,2702.3,2703.5,2701.6,2702.1,401
2026-04-14 15:20:00+02:00,2702.2,2702.6,2699.1,2702.2,996
2026-04-14 15:30:00+02:00,2702.2,2707.6,2694.0,2702.3,5963
2026-04-14 15:40:00+02:00,2702.1,2704.7,2698.7,2702.4,3247
2026-04-14 15:50:00+02:00,2702.3,2706.9,2700.9,2705.7,2316
2026-04-14 16:00:00+02:00,2706.0,2708.3,2704.4,2707.7,2014
2026-04-14 16:10:00+02:00,2707.6,2713.9,2707.0,2713.6,2841
2026-04-14 16:20:00+02:00,2713.7,2714.0,2709.5,2713.1,1963
2026-04-14 16:30:00+02:00,2713.0,2716.9,2712.9,2714.1,1859
2026-04-14 16:40:00+02:00,2714.1,2719.0,2713.7,2718.6,1667
2026-04-14 16:50:00+02:00,2718.7,2721.9,2717.2,2721.6,1596
2026-04-14 17:00:00+02:00,2721.3,2721.7,2714.5,2716.0,2234
2026-04-14 17:10:00+02:00,2716.0,2718.0,2713.2,2717.8,1850
2026-04-14 17:20:00+02:00,2717.5,2721.3,2717.1,2720.6,1490
2026-04-14 17:30:00+02:00,2720.6,2724.8,2720.6,2724.1,1347
2026-04-14 17:40:00+02:00,2724.2,2725.4,2721.4,2725.2,1820
2026-04-14 17:50:00+02:00,2725.1,2726.0,2721.6,2721.7,1184
2026-04-14 18:00:00+02:00,2721.5,2722.6,2719.5,2721.5,967
2026-04-14 18:10:00+02:00,2721.6,2722.2,2719.4,2720.0,650
2026-04-14 18:20:00+02:00,2719.9,2722.2,2719.4,2721.3,659
2026-04-14 18:30:00+02:00,2721.1,2721.6,2717.2,2718.5,974
2026-04-14 18:40:00+02:00,2718.5,2720.1,2718.1,2719.6,427
2026-04-14 18:50:00+02:00,2719.5,2719.8,2714.5,2715.0,875
2026-04-14 19:00:00+02:00,2715.0,2716.8,2714.4,2715.9,710
2026-04-14 19:10:00+02:00,2716.2,2719.3,2715.7,2719.1,620
2026-04-14 19:20:00+02:00,2719.1,2721.2,2718.4,2720.2,778
2026-04-14 19:30:00+02:00,2720.4,2721.1,2719.0,2719.6,567
2026-04-14 19:40:00+02:00,2719.6,2719.8,2717.0,2717.4,618
2026-04-14 19:50:00+02:00,2717.5,2718.0,2714.5,2715.2,908
2026-04-14 20:00:00+02:00,2715.1,2716.2,2714.3,2714.9,591
2026-04-14 20:10:00+02:00,2714.7,2714.9,2710.4,2711.2,1270
2026-04-14 20:20:00+02:00,2711.4,2712.2,2708.3,2710.8,2551
2026-04-14 20:30:00+02:00,2710.8,2713.8,2710.4,2713.4,1015
2026-04-14 20:40:00+02:00,2713.5,2714.3,2710.8,2712.2,1030
2026-04-14 20:50:00+02:00,2711.9,2714.9,2711.6,2714.9,530
2026-04-14 21:00:00+02:00,2714.7,2717.1,2714.3,2716.2,1039
2026-04-14 21:10:00+02:00,2716.3,2718.3,2715.7,2717.1,624
2026-04-14 21:20:00+02:00,2717.1,2719.8,2717.1,2719.8,676
2026-04-14 21:30:00+02:00,2719.5,2720.8,2717.1,2717.9,1265
2026-04-14 21:40:00+02:00,2717.8,2718.3,2716.5,2718.3,674
2026-04-14 21:50:00+02:00,2718.3,2720.2,2715.2,2718.5,3150
2026-04-14 22:00:00+02:00,2718.5,2719.0,2715.6,2716.3,916
2026-04-14 22:10:00+02:00,2716.3,2717.8,2715.8,2717.5,451
2026-04-14 22:20:00+02:00,2717.4,2718.4,2717.3,2717.8,162
2026-04-14 22:30:00+02:00,2717.9,2718.6,2716.8,2716.9,176
2026-04-14 22:40:00+02:00,2717.1,2717.9,2717.1,2717.7,86
2026-04-14 22:50:00+02:00,2717.8,2719.8,2717.7,2719.8,545
2026-04-15 00:00:00+02:00,2715.6,2718.4,2715.2,2718.3,447
2026-04-15 00:10:00+02:00,2717.9,2718.5,2717.4,2718.0,114
2026-04-15 00:20:00+02:00,2717.9,2718.5,2717.0,2718.1,153
2026-04-15 01:10:00+02:00,2718.2,2718.5,2717.9,2717.9,157
2026-04-15 01:20:00+02:00,2718.2,2718.7,2717.9,2718.6,117
2026-04-15 01:30:00+02:00,2718.6,2721.2,2718.1,2720.7,607
2026-04-15 01:40:00+02:00,2720.6,2721.2,2719.4,2720.9,319
2026-04-15 01:50:00+02:00,2721.0,2721.2,2718.4,2718.6,204
2026-04-15 02:00:00+02:00,2718.5,2719.7,2717.7,2719.2,272
2026-04-15 02:10:00+02:00,2719.2,2720.0,2718.5,2719.2,238
2026-04-15 02:20:00+02:00,2719.2,2720.3,2719.2,2719.7,144
2026-04-15 02:30:00+02:00,2719.7,2720.0,2718.8,2719.0,101
2026-04-15 02:40:00+02:00,2718.8,2719.1,2718.2,2718.3,80
2026-04-15 03:00:00+02:00,2719.2,2720.0,2718.2,2719.9,153
2026-04-15 03:10:00+02:00,2719.7,2721.0,2719.7,2720.6,189
2026-04-15 03:20:00+02:00,2720.8,2720.8,2719.1,2720.0,147
2026-04-15 03:30:00+02:00,2720.1,2720.1,2718.5,2718.9,79
2026-04-15 03:40:00+02:00,2718.9,2719.4,2718.8,2719.1,62
2026-04-15 03:50:00+02:00,2719.0,2719.3,2718.7,2718.7,79
2026-04-15 04:00:00+02:00,2718.8,2718.8,2717.8,2717.8,103
2026-04-15 04:10:00+02:00,2717.8,2717.8,2716.0,2716.7,416
2026-04-15 04:20:00+02:00,2716.8,2717.0,2715.8,2715.9,105
2026-04-15 04:30:00+02:00,2715.8,2715.9,2714.4,2715.4,217
2026-04-15 04:40:00+02:00,2715.2,2715.6,2714.7,2715.5,120
2026-04-15 04:50:00+02:00,2715.6,2716.0,2715.4,2715.7,71
2026-04-15 05:00:00+02:00,2715.8,2715.9,2715.2,2715.4,98
2026-04-15 05:10:00+02:00,2715.2,2716.0,2715.2,2715.8,56
2026-04-15 05:30:00+02:00,2715.8,2716.7,2714.9,2716.6,195
2026-04-15 05:40:00+02:00,2716.3,2717.4,2715.8,2717.1,63
2026-04-15 05:50:00+02:00,2717.1,2717.8,2717.0,2717.3,73
2026-04-15 06:40:00+02:00,2716.6,2716.9,2715.4,2716.0,129
2026-04-15 06:50:00+02:00,2715.9,2716.0,2714.9,2715.3,123
2026-04-15 07:00:00+02:00,2715.2,2720.5,2713.9,2715.7,1016
2026-04-15 07:10:00+02:00,2715.9,2717.0,2715.6,2716.0,111
2026-04-15 07:20:00+02:00,2716.2,2716.2,2713.8,2714.7,182
2026-04-15 07:30:00+02:00,2714.4,2714.7,2713.4,2713.8,125
2026-04-15 07:40:00+02:00,2713.8,2714.0,2712.5,2712.8,168
2026-04-15 07:50:00+02:00,2712.9,2714.8,2712.8,2714.7,128
2026-04-15 08:00:00+02:00,2714.7,2716.2,2714.3,2714.9,176
2026-04-15 08:10:00+02:00,2714.8,2716.4,2714.6,2716.1,108
2026-04-15 08:20:00+02:00,2716.0,2716.5,2715.4,2716.4,91
2026-04-15 08:40:00+02:00,2716.1,2716.9,2715.8,2716.9,91
2026-04-15 08:50:00+02:00,2716.7,2717.2,2716.0,2716.6,95
2026-04-15 09:00:00+02:00,2716.6,2717.3,2715.2,2716.9,178
2026-04-15 09:10:00+02:00,2717.0,2717.7,2715.8,2716.0,138
2026-04-15 09:20:00+02:00,2716.2,2717.0,2715.5,2716.0,41
2026-04-15 09:50:00+02:00,2717.5,2717.8,2715.1,2716.8,234
2026-04-15 10:10:00+02:00,2715.9,2716.9,2715.5,2716.1,144
2026-04-15 10:20:00+02:00,2716.1,2717.7,2715.9,2717.7,101
2026-04-15 10:30:00+02:00,2717.7,2718.5,2717.1,2717.9,184
2026-04-15 11:00:00+02:00,2717.6,2718.1,2714.1,2714.4,427
2026-04-15 11:10:00+02:00,2714.5,2715.3,2713.0,2714.7,225
2026-04-15 11:20:00+02:00,2714.6,2715.8,2713.7,2714.4,232
2026-04-15 11:30:00+02:00,2714.2,2715.0,2713.1,2713.3,131
2026-04-15 11:40:00+02:00,2713.4,2715.0,2713.4,2714.0,190
2026-04-15 11:50:00+02:00,2714.0,2715.4,2714.0,2714.3,113
2026-04-15 12:00:00+02:00,2714.5,2716.8,2713.7,2716.4,175
2026-04-15 12:10:00+02:00,2716.5,2716.5,2711.9,2712.3,713
2026-04-15 12:20:00+02:00,2712.1,2713.3,2710.3,2711.2,571
2026-04-15 12:30:00+02:00,2711.3,2712.8,2710.4,2712.4,516
2026-04-15 12:40:00+02:00,2712.2,2716.9,2712.2,2715.6,568
2026-04-15 12:50:00+02:00,2715.7,2716.4,2714.9,2715.8,189
2026-04-15 13:00:00+02:00,2715.9,2716.9,2714.9,2715.4,217
2026-04-15 13:10:00+02:00,2715.5,2716.4,2714.2,2714.4,170
2026-04-15 13:20:00+02:00,2714.6,2715.2,2713.8,2714.0,173
2026-04-15 13:30:00+02:00,2713.7,2716.4,2713.7,2715.7,392
2026-04-15 13:40:00+02:00,2715.5,2720.8,2711.6,2713.9,1757
2026-04-15 13:50:00+02:00,2714.0,2715.7,2713.0,2715.1,379
2026-04-15 14:00:00+02:00,2714.9,2716.4,2712.1,2714.9,747
2026-04-15 14:10:00+02:00,2715.3,2717.0,2714.1,2716.8,206
2026-04-15 14:20:00+02:00,2716.4,2716.6,2714.0,2714.8,294
2026-04-15 14:30:00+02:00,2714.7,2718.2,2714.0,2718.0,245
2026-04-15 14:40:00+02:00,2718.0,2719.4,2717.6,2718.9,452
2026-04-15 14:50:00+02:00,2718.8,2719.8,2717.5,2719.1,305
2026-04-15 15:00:00+02:00,2719.1,2719.8,2717.7,2719.4,376
2026-04-15 15:10:00+02:00,2719.4,2719.5,2717.3,2717.8,261
2026-04-15 15:20:00+02:00,2718.0,2719.6,2716.9,2718.9,675
2026-04-15 15:30:00+02:00,2718.9,2726.1,2715.6,2725.9,4870
2026-04-15 15:40:00+02:00,2725.9,2727.5,2713.0,2719.6,4823
2026-04-15 15:50:00+02:00,2719.5,2722.0,2714.7,2720.4,2151
2026-04-15 16:00:00+02:00,2720.4,2721.0,2714.8,2716.1,1733
2026-04-15 16:10:00+02:00,2716.3,2720.3,2714.5,2716.6,1632
2026-04-15 16:20:00+02:00,2716.7,2723.9,2716.4,2723.9,1859
2026-04-15 16:30:00+02:00,2723.9,2724.6,2717.5,2719.0,1704
2026-04-15 16:40:00+02:00,2719.1,2724.3,2719.1,2723.6,1243
2026-04-15 16:50:00+02:00,2723.3,2724.0,2718.5,2718.6,1273
2026-04-15 17:00:00+02:00,2718.7,2718.7,2714.2,2715.8,1566
2026-04-15 17:10:00+02:00,2715.8,2722.2,2715.8,2721.9,1613
2026-04-15 17:20:00+02:00,2722.0,2722.7,2719.9,2721.3,881
2026-04-15 17:30:00+02:00,2721.3,2721.3,2716.7,2717.6,1600
2026-04-15 17:40:00+02:00,2717.7,2720.5,2717.4,2718.2,795
2026-04-15 17:50:00+02:00,2718.1,2718.5,2713.4,2714.7,1408
2026-04-15 18:00:00+02:00,2714.5,2718.0,2714.0,2717.6,883
2026-04-15 18:10:00+02:00,2717.5,2718.9,2716.6,2718.3,702
2026-04-15 18:20:00+02:00,2718.4,2720.4,2718.2,2718.7,1116
2026-04-15 18:30:00+02:00,2719.1,2719.8,2715.8,2716.1,906
2026-04-15 18:40:00+02:00,2716.2,2716.2,2708.3,2712.6,2220
2026-04-15 18:50:00+02:00,2712.5,2713.2,2707.2,2710.6,1527
2026-04-15 19:00:00+02:00,2710.9,2715.1,2710.3,2714.0,1084
2026-04-15 19:10:00+02:00,2714.2,2714.4,2712.2,2713.0,635
2026-04-15 19:20:00+02:00,2713.1,2715.1,2712.3,2714.8,492
2026-04-15 19:30:00+02:00,2714.5,2717.4,2714.2,2715.4,880
2026-04-15 19:40:00+02:00,2715.4,2715.6,2712.5,2714.8,1281
2026-04-15 19:50:00+02:00,2715.3,2717.0,2715.1,2715.2,541
2026-04-15 20:00:00+02:00,2715.3,2720.9,2713.4,2719.2,2819
2026-04-15 20:10:00+02:00,2719.2,2721.7,2718.0,2720.4,1089
2026-04-15 20:20:00+02:00,2720.6,2721.2,2719.0,2720.0,524
2026-04-15 20:30:00+02:00,2720.0,2721.6,2719.8,2719.9,667
2026-04-15 20:40:00+02:00,2719.8,2720.0,2717.1,2719.8,818
2026-04-15 20:50:00+02:00,2719.9,2722.6,2719.9,2721.5,1174
2026-04-15 21:00:00+02:00,2721.6,2723.8,2721.0,2723.6,739
2026-04-15 21:10:00+02:00,2723.5,2724.2,2720.2,2721.3,954
2026-04-15 21:20:00+02:00,2721.5,2722.7,2721.3,2722.5,329
2026-04-15 21:30:00+02:00,2722.3,2723.5,2721.1,2721.1,1164
2026-04-15 21:40:00+02:00,2720.9,2722.6,2719.9,2721.4,783
2026-04-15 21:50:00+02:00,2721.5,2726.7,2721.5,2725.4,2367
2026-04-15 22:00:00+02:00,2725.5,2726.2,2722.1,2722.6,610
2026-04-15 22:10:00+02:00,2722.7,2723.8,2722.0,2723.4,439
2026-04-15 22:20:00+02:00,2723.5,2724.0,2723.1,2723.5,157
2026-04-15 22:30:00+02:00,2723.3,2724.6,2722.8,2723.9,337
2026-04-15 22:40:00+02:00,2723.7,2724.5,2723.7,2724.1,243
2026-04-15 22:50:00+02:00,2724.3,2725.3,2723.6,2724.8,666
2026-04-16 00:00:00+02:00,2724.8,2726.7,2722.8,2726.4,321
2026-04-16 00:10:00+02:00,2726.5,2727.1,2726.1,2726.1,198
2026-04-16 00:20:00+02:00,2726.1,2727.3,2725.7,2726.7,150
2026-04-16 00:30:00+02:00,2726.8,2728.0,2726.5,2728.0,207
2026-04-16 00:40:00+02:00,2728.0,2728.8,2727.2,2727.9,297
2026-04-16 00:50:00+02:00,2728.0,2728.2,2727.6,2728.1,153
2026-04-16 01:00:00+02:00,2728.1,2728.8,2727.7,2728.1,179
2026-04-16 01:10:00+02:00,2728.2,2728.5,2728.0,2728.3,25
2026-04-16 01:20:00+02:00,2728.2,2728.4,2727.7,2728.0,116
2026-04-16 01:40:00+02:00,2728.6,2730.4,2728.3,2730.0,359
2026-04-16 01:50:00+02:00,2729.7,2730.3,2729.4,2729.6,192
2026-04-16 02:00:00+02:00,2729.6,2730.3,2728.8,2729.3,228
2026-04-16 02:10:00+02:00,2729.3,2731.1,2729.3,2730.2,323
2026-04-16 02:20:00+02:00,2730.2,2730.2,2727.4,2727.5,214
2026-04-16 02:30:00+02:00,2727.8,2729.8,2727.7,2729.7,141
2026-04-16 02:50:00+02:00,2730.3,2730.8,2729.0,2729.4,170
2026-04-16 03:00:00+02:00,2729.1,2729.1,2728.0,2728.7,109
2026-04-16 03:10:00+02:00,2728.8,2729.1,2728.6,2728.9,77
2026-04-16 03:20:00+02:00,2729.3,2729.7,2728.2,2728.2,58
2026-04-16 03:40:00+02:00,2727.8,2729.6,2727.8,2728.5,149
2026-04-16 03:50:00+02:00,2728.3,2728.3,2727.3,2727.5,51
2026-04-16 04:00:00+02:00,2727.5,2729.1,2727.3,2729.0,101
2026-04-16 04:20:00+02:00,2728.7,2729.3,2728.4,2728.8,93
2026-04-16 04:50:00+02:00,2728.8,2728.8,2727.8,2728.4,70
2026-04-16 05:00:00+02:00,2728.3,2730.2,2727.9,2729.8,99
2026-04-16 05:10:00+02:00,2729.6,2729.9,2728.9,2729.1,55
2026-04-16 05:30:00+02:00,2728.6,2728.8,2727.5,2727.7,115
2026-04-16 06:00:00+02:00,2727.1,2727.1,2725.8,2726.6,152
2026-04-16 06:20:00+02:00,2727.7,2727.8,2726.1,2726.2,79
2026-04-16 06:50:00+02:00,2726.8,2727.0,2726.4,2726.7,53
2026-04-16 07:00:00+02:00,2726.9,2727.0,2725.8,2726.1,75
2026-04-16 07:10:00+02:00,2726.1,2726.6,2725.4,2726.6,153
2026-04-16 07:30:00+02:00,2727.3,2728.7,2727.2,2727.5,167
2026-04-16 07:40:00+02:00,2727.6,2727.6,2726.4,2726.8,86
2026-04-16 07:50:00+02:00,2727.0,2728.1,2726.9,2728.0,57
2026-04-16 08:00:00+02:00,2728.2,2729.9,2728.2,2728.6,224
2026-04-16 08:10:00+02:00,2728.4,2730.2,2727.8,2729.7,211
2026-04-16 08:20:00+02:00,2729.7,2730.2,2729.2,2729.7,144
2026-04-16 08:30:00+02:00,2729.8,2730.4,2727.5,2727.5,130
2026-04-16 08:40:00+02:00,2727.6,2730.4,2727.4,2730.2,217
2026-04-16 08:50:00+02:00,2730.0,2730.6,2729.5,2730.6,177
2026-04-16 09:00:00+02:00,2730.1,2730.1,2726.3,2728.1,211
2026-04-16 09:10:00+02:00,2728.1,2728.9,2727.4,2728.4,62
2026-04-16 09:20:00+02:00,2728.5,2729.4,2728.2,2729.3,48
2026-04-16 09:30:00+02:00,2729.2,2729.6,2728.1,2729.0,100
2026-04-16 09:40:00+02:00,2728.9,2730.2,2728.7,2729.1,112
2026-04-16 09:50:00+02:00,2729.2,2729.2,2726.2,2727.5,92
2026-04-16 10:00:00+02:00,2727.3,2728.2,2725.5,2726.5,170
2026-04-16 10:10:00+02:00,2726.5,2727.8,2725.8,2726.3,135
2026-04-16 10:20:00+02:00,2726.5,2727.0,2724.4,2725.1,207
2026-04-16 10:30:00+02:00,2724.6,2724.7,2722.8,2724.0,196
2026-04-16 10:40:00+02:00,2724.0,2725.6,2723.9,2724.6,119
2026-04-16 10:50:00+02:00,2724.6,2725.3,2724.3,2724.9,74
2026-04-16 11:00:00+02:00,2724.9,2725.9,2724.5,2725.6,140
2026-04-16 11:30:00+02:00,2725.0,2726.2,2724.4,2726.2,87
2026-04-16 11:50:00+02:00,2725.3,2727.1,2725.3,2727.0,133
2026-04-16 12:10:00+02:00,2728.5,2728.6,2727.6,2727.7,153
2026-04-16 12:20:00+02:00,2728.0,2728.1,2727.4,2727.4,82
2026-04-16 12:30:00+02:00,2727.6,2727.7,2725.9,2726.7,185
2026-04-16 12:40:00+02:00,2726.6,2727.2,2725.2,2725.6,205
2026-04-16 12:50:00+02:00,2725.3,2727.9,2725.2,2727.3,99
2026-04-16 13:00:00+02:00,2727.6,2728.4,2726.7,2727.1,214
2026-04-16 13:10:00+02:00,2727.0,2728.0,2726.0,2727.7,148
2026-04-16 13:20:00+02:00,2728.0,2728.4,2727.2,2728.4,152
2026-04-16 13:30:00+02:00,2728.6,2730.8,2728.6,2729.4,395
2026-04-16 13:40:00+02:00,2729.0,2729.0,2727.2,2727.9,251
2026-04-16 13:50:00+02:00,2728.0,2729.4,2726.9,2727.0,220
2026-04-16 14:00:00+02:00,2727.1,2728.7,2725.7,2726.8,602
2026-04-16 14:10:00+02:00,2726.7,2726.9,2725.0,2725.4,190
2026-04-16 14:20:00+02:00,2725.3,2730.1,2725.1,2730.1,258
2026-04-16 14:30:00+02:00,2727.2,2729.0,2725.1,2725.8,466
2026-04-16 14:40:00+02:00,2725.9,2726.0,2723.2,2723.5,412
2026-04-16 14:50:00+02:00,2723.5,2724.4,2721.5,2721.9,473
2026-04-16 15:00:00+02:00,2722.1,2725.8,2722.1,2725.0,624
2026-04-16 15:10:00+02:00,2725.0,2725.0,2723.6,2724.7,362
2026-04-16 15:20:00+02:00,2725.0,2725.5,2722.9,2725.3,637
2026-04-16 15:30:00+02:00,2725.2,2734.4,2724.6,2727.8,5460
2026-04-16 15:40:00+02:00,2727.7,2732.2,2723.9,2728.1,3775
2026-04-16 15:50:00+02:00,2728.0,2728.7,2714.1,2722.8,4812
2026-04-16 16:00:00+02:00,2722.8,2723.3,2716.4,2718.0,2321
2026-04-16 16:10:00+02:00,2718.1,2722.3,2714.7,2714.8,1884
2026-04-16 16:20:00+02:00,2714.9,2716.6,2712.8,2715.7,2071
2026-04-16 16:30:00+02:00,2715.5,2716.1,2711.3,2713.4,1651
2026-04-16 16:40:00+02:00,2713.5,2719.7,2712.4,2719.6,1942
2026-04-16 16:50:00+02:00,2719.6,2722.5,2718.7,2720.5,1497
2026-04-16 17:00:00+02:00,2720.4,2727.6,2720.0,2726.6,1983
2026-04-16 17:10:00+02:00,2726.7,2731.7,2726.5,2729.0,2263
2026-04-16 17:20:00+02:00,2729.1,2732.0,2725.1,2725.1,1831
2026-04-16 17:30:00+02:00,2725.1,2733.1,2723.6,2729.3,2866
2026-04-16 17:40:00+02:00,2729.3,2730.7,2724.2,2726.4,1671
2026-04-16 17:50:00+02:00,2726.4,2730.6,2725.6,2730.2,847
2026-04-16 18:00:00+02:00,2730.3,2731.6,2728.7,2729.4,777
2026-04-16 18:10:00+02:00,2729.6,2732.8,2729.0,2732.2,714
2026-04-16 18:20:00+02:00,2732.4,2733.1,2727.8,2728.1,1214
2026-04-16 18:30:00+02:00,2728.2,2729.0,2719.1,2725.7,3142
2026-04-16 18:40:00+02:00,2725.7,2727.2,2722.7,2724.3,1440
2026-04-16 18:50:00+02:00,2724.4,2726.6,2722.9,2724.1,791
2026-04-16 19:00:00+02:00,2724.4,2724.8,2718.9,2721.3,1420
2026-04-16 19:10:00+02:00,2721.4,2722.1,2715.8,2717.1,1482
2026-04-16 19:20:00+02:00,2718.0,2723.4,2716.8,2721.6,1062
2026-04-16 19:30:00+02:00,2721.3,2723.8,2720.5,2722.6,654
2026-04-16 19:40:00+02:00,2722.5,2723.7,2721.5,2723.6,507
2026-04-16 19:50:00+02:00,2723.5,2724.0,2718.8,2721.0,1059
2026-04-16 20:00:00+02:00,2721.1,2725.2,2720.2,2721.2,1309
2026-04-16 20:10:00+02:00,2721.8,2726.0,2720.5,2723.9,736
2026-04-16 20:20:00+02:00,2724.0,2725.3,2720.1,2720.8,737
2026-04-16 20:30:00+02:00,2721.1,2725.6,2721.1,2725.0,1587
2026-04-16 20:40:00+02:00,2725.0,2725.8,2723.9,2724.6,596
2026-04-16 20:50:00+02:00,2724.6,2724.8,2722.2,2724.2,600
2026-04-16 21:00:00+02:00,2724.5,2729.7,2724.2,2729.3,1173
2026-04-16 21:10:00+02:00,2729.3,2730.4,2726.9,2729.6,714
2026-04-16 21:20:00+02:00,2729.5,2729.6,2728.1,2728.3,304
2026-04-16 21:30:00+02:00,2728.2,2731.1,2728.0,2730.9,624
2026-04-16 21:40:00+02:00,2731.1,2732.1,2728.7,2730.7,848
2026-04-16 21:50:00+02:00,2730.7,2732.1,2728.0,2730.8,2228
2026-04-16 22:00:00+02:00,2730.8,2733.0,2729.0,2732.1,1277
2026-04-16 22:10:00+02:00,2732.1,2733.9,2731.9,2733.8,345
2026-04-16 22:20:00+02:00,2733.9,2734.4,2732.3,2733.0,318
2026-04-16 22:30:00+02:00,2733.1,2734.4,2732.8,2733.9,177
2026-04-16 22:40:00+02:00,2733.9,2734.5,2732.9,2733.7,288
2026-04-16 22:50:00+02:00,2733.5,2734.7,2732.9,2734.3,554
2026-04-17 00:00:00+02:00,2734.1,2736.3,2732.9,2734.9,413
2026-04-17 00:20:00+02:00,2734.3,2735.5,2734.3,2735.4,68
2026-04-17 00:30:00+02:00,2735.7,2736.0,2734.9,2735.0,210
2026-04-17 00:40:00+02:00,2735.6,2735.7,2734.9,2735.2,49
2026-04-17 00:50:00+02:00,2735.1,2735.7,2735.0,2735.1,37
2026-04-17 01:00:00+02:00,2735.3,2735.9,2735.1,2735.2,137
2026-04-17 01:20:00+02:00,2735.9,2737.5,2735.9,2735.9,323
2026-04-17 01:40:00+02:00,2738.1,2738.1,2736.3,2736.9,131
2026-04-17 01:50:00+02:00,2736.6,2737.2,2735.7,2736.5,79
2026-04-17 02:00:00+02:00,2736.4,2736.4,2733.1,2734.6,276
2026-04-17 02:10:00+02:00,2734.9,2735.4,2733.1,2735.0,168
2026-04-17 02:30:00+02:00,2735.3,2736.1,2734.5,2734.6,172
2026-04-17 02:50:00+02:00,2734.7,2735.4,2734.5,2735.0,54
2026-04-17 03:20:00+02:00,2735.1,2735.6,2734.1,2734.3,58
2026-04-17 03:30:00+02:00,2734.3,2735.3,2733.7,2735.1,99
2026-04-17 03:50:00+02:00,2734.9,2735.7,2734.4,2735.1,75
2026-04-17 04:10:00+02:00,2734.3,2734.6,2733.8,2734.3,79
2026-04-17 04:20:00+02:00,2734.5,2734.6,2732.9,2733.2,70
2026-04-17 05:10:00+02:00,2732.7,2732.9,2732.0,2732.8,111
2026-04-17 05:30:00+02:00,2732.8,2733.4,2732.3,2733.4,96
2026-04-17 06:10:00+02:00,2734.3,2735.4,2734.0,2735.2,68
2026-04-17 07:00:00+02:00,2734.3,2734.4,2732.3,2733.5,115
2026-04-17 07:30:00+02:00,2734.5,2735.5,2733.1,2735.2,89
2026-04-17 08:10:00+02:00,2735.9,2736.6,2735.5,2735.5,78
2026-04-17 08:20:00+02:00,2735.4,2735.5,2734.1,2734.4,114
2026-04-17 08:30:00+02:00,2734.2,2734.2,2732.6,2733.3,170
2026-04-17 08:40:00+02:00,2733.7,2735.2,2732.9,2735.0,96
2026-04-17 08:50:00+02:00,2735.0,2735.7,2734.3,2734.4,78
2026-04-17 09:00:00+02:00,2734.4,2737.2,2734.4,2736.0,164
2026-04-17 09:10:00+02:00,2735.9,2736.7,2735.3,2736.3,101
2026-04-17 09:20:00+02:00,2736.1,2736.1,2734.8,2735.5,103
2026-04-17 09:50:00+02:00,2735.8,2738.4,2735.8,2737.8,211
2026-04-17 10:00:00+02:00,2737.8,2740.1,2737.6,2739.3,502
2026-04-17 10:10:00+02:00,2739.3,2739.5,2738.4,2739.1,106
2026-04-17 10:30:00+02:00,2739.3,2739.7,2738.1,2738.9,124
2026-04-17 10:40:00+02:00,2739.2,2741.8,2739.1,2740.8,428
2026-04-17 10:50:00+02:00,2741.1,2741.8,2740.5,2741.6,170
2026-04-17 11:00:00+02:00,2741.6,2742.6,2741.1,2741.1,210
2026-04-17 11:10:00+02:00,2741.2,2741.5,2740.3,2740.7,232
2026-04-17 11:20:00+02:00,2741.2,2742.8,2740.9,2742.4,176
2026-04-17 11:30:00+02:00,2742.6,2743.4,2741.6,2742.5,175
2026-04-17 11:40:00+02:00,2742.4,2743.0,2741.8,2743.0,228
2026-04-17 11:50:00+02:00,2742.8,2744.4,2742.8,2743.5,365
2026-04-17 12:00:00+02:00,2743.4,2744.3,2742.4,2744.0,161
2026-04-17 12:10:00+02:00,2743.8,2744.1,2742.4,2742.8,139
2026-04-17 12:20:00+02:00,2742.8,2743.6,2741.7,2742.2,322
2026-04-17 12:30:00+02:00,2742.3,2742.7,2741.5,2742.5,144
2026-04-17 12:40:00+02:00,2742.6,2742.6,2741.3,2742.6,137
2026-04-17 12:50:00+02:00,2742.7,2742.9,2741.9,2742.8,128
2026-04-17 13:00:00+02:00,2742.5,2744.0,2742.4,2743.0,166
2026-04-17 13:10:00+02:00,2743.0,2743.2,2741.9,2742.8,122
2026-04-17 13:20:00+02:00,2742.9,2743.2,2741.6,2742.1,65
2026-04-17 13:30:00+02:00,2742.1,2744.9,2742.1,2744.1,509
2026-04-17 13:40:00+02:00,2743.9,2745.7,2743.8,2745.4,248
2026-04-17 13:50:00+02:00,2745.3,2746.8,2744.8,2745.7,279
2026-04-17 14:00:00+02:00,2745.7,2747.0,2744.9,2745.9,385
2026-04-17 14:10:00+02:00,2745.6,2747.4,2745.5,2745.8,200
2026-04-17 14:20:00+02:00,2745.6,2751.3,2742.5,2749.8,2004
2026-04-17 14:30:00+02:00,2749.8,2753.8,2749.2,2752.2,1349
2026-04-17 14:40:00+02:00,2752.3,2767.7,2751.3,2766.4,3714
2026-04-17 14:50:00+02:00,2766.5,2772.9,2762.8,2772.0,4383
2026-04-17 15:00:00+02:00,2772.0,2777.5,2766.0,2776.9,2691
2026-04-17 15:10:00+02:00,2776.8,2780.0,2773.9,2775.0,2313
2026-04-17 15:20:00+02:00,2774.8,2775.5,2766.4,2768.0,3794
2026-04-17 15:30:00+02:00,2768.1,2775.8,2764.2,2772.5,5066
2026-04-17 15:40:00+02:00,2772.5,2772.5,2761.8,2767.3,5051
2026-04-17 15:50:00+02:00,2767.2,2773.6,2765.6,2772.9,3201
2026-04-17 16:00:00+02:00,2772.9,2779.8,2770.7,2779.2,2848
2026-04-17 16:10:00+02:00,2779.2,2784.7,2778.6,2783.9,3042
2026-04-17 16:20:00+02:00,2783.6,2793.5,2781.1,2791.0,3876
2026-04-17 16:30:00+02:00,2790.9,2795.8,2790.6,2794.9,2792
2026-04-17 16:40:00+02:00,2795.0,2803.7,2794.9,2803.3,3887
2026-04-17 16:50:00+02:00,2803.2,2803.7,2792.4,2792.5,2889
2026-04-17 17:00:00+02:00,2792.5,2794.8,2789.2,2792.8,2541
2026-04-17 17:10:00+02:00,2792.5,2793.0,2784.9,2786.2,2145
2026-04-17 17:20:00+02:00,2785.9,2790.0,2784.7,2788.9,1336
2026-04-17 17:30:00+02:00,2789.0,2793.2,2788.2,2791.0,1612
2026-04-17 17:40:00+02:00,2791.1,2793.4,2787.1,2791.5,2591
2026-04-17 17:50:00+02:00,2791.4,2797.0,2790.9,2796.0,1738
2026-04-17 18:00:00+02:00,2795.9,2802.2,2793.9,2799.4,1546
2026-04-17 18:10:00+02:00,2799.3,2802.6,2798.4,2801.5,1377
2026-04-17 18:20:00+02:00,2801.3,2804.0,2800.5,2803.6,1362
2026-04-17 18:30:00+02:00,2803.7,2807.1,2803.6,2805.5,1767
2026-04-17 18:40:00+02:00,2805.4,2807.9,2803.5,2807.0,1130
2026-04-17 18:50:00+02:00,2807.1,2807.6,2804.1,2804.2,921
2026-04-17 19:00:00+02:00,2804.0,2805.7,2796.2,2801.4,2691
2026-04-17 19:10:00+02:00,2801.5,2802.2,2798.1,2800.0,1544
2026-04-17 19:20:00+02:00,2799.9,2799.9,2787.9,2791.3,4287
2026-04-17 19:30:00+02:00,2791.0,2792.9,2788.3,2790.4,2102
2026-04-17 19:40:00+02:00,2790.4,2795.1,2788.9,2794.2,1195
2026-04-17 19:50:00+02:00,2794.2,2795.6,2790.8,2791.2,980
2026-04-17 20:00:00+02:00,2791.1,2791.8,2784.8,2786.0,1514
2026-04-17 20:10:00+02:00,2785.9,2787.6,2783.8,2786.4,1485
2026-04-17 20:20:00+02:00,2786.5,2790.7,2784.6,2787.1,1870
2026-04-17 20:30:00+02:00,2787.4,2789.6,2786.1,2786.2,1258
2026-04-17 20:40:00+02:00,2786.3,2789.2,2785.0,2787.2,1006
2026-04-17 20:50:00+02:00,2787.2,2787.4,2783.9,2786.3,1065
2026-04-17 21:00:00+02:00,2786.4,2787.5,2783.1,2783.6,828
2026-04-17 21:10:00+02:00,2783.7,2784.4,2780.7,2782.0,1297
2026-04-17 21:20:00+02:00,2782.0,2783.5,2781.4,2782.4,1132
2026-04-17 21:30:00+02:00,2782.3,2788.9,2782.3,2788.1,2018
2026-04-17 21:40:00+02:00,2788.0,2789.7,2786.2,2786.4,1185
2026-04-17 21:50:00+02:00,2786.7,2791.2,2786.3,2788.6,3394
2026-04-17 22:00:00+02:00,2788.7,2789.9,2788.3,2788.8,884
2026-04-17 22:10:00+02:00,2789.0,2791.3,2788.5,2790.5,460
2026-04-17 22:20:00+02:00,2790.2,2790.2,2787.4,2787.5,305
2026-04-17 22:30:00+02:00,2787.5,2788.2,2786.9,2788.1,229
2026-04-17 22:40:00+02:00,2787.9,2787.9,2785.7,2787.1,402
2026-04-17 22:50:00+02:00,2787.1,2789.0,2786.7,2788.2,571
2026-04-20 00:00:00+02:00,2772.5,2772.5,2746.0,2757.9,2888
2026-04-20 00:10:00+02:00,2758.1,2759.2,2755.4,2757.9,856
2026-04-20 00:20:00+02:00,2757.7,2759.3,2756.4,2756.7,607
2026-04-20 00:30:00+02:00,2756.8,2762.1,2756.5,2762.1,692
2026-04-20 00:40:00+02:00,2762.1,2764.5,2761.4,2764.0,582
2026-04-20 00:50:00+02:00,2764.2,2764.6,2761.6,2762.0,448
2026-04-20 01:00:00+02:00,2761.8,2763.3,2760.8,2763.0,499
2026-04-20 01:10:00+02:00,2763.3,2763.8,2758.8,2758.9,467
2026-04-20 01:20:00+02:00,2758.9,2759.7,2758.1,2758.8,257
2026-04-20 01:30:00+02:00,2758.9,2759.5,2757.1,2757.4,367
2026-04-20 01:40:00+02:00,2757.2,2757.9,2754.2,2755.4,414
2026-04-20 01:50:00+02:00,2755.5,2758.3,2755.1,2757.6,246
2026-04-20 02:00:00+02:00,2757.9,2758.9,2754.9,2756.1,697
2026-04-20 02:10:00+02:00,2756.2,2761.5,2756.1,2760.6,495
2026-04-20 02:20:00+02:00,2760.6,2760.6,2757.9,2760.3,327
2026-04-20 02:30:00+02:00,2760.2,2761.7,2758.9,2759.5,261
2026-04-20 02:40:00+02:00,2759.5,2761.1,2759.5,2760.9,107
2026-04-20 02:50:00+02:00,2760.7,2761.1,2758.9,2759.5,175
2026-04-20 03:00:00+02:00,2759.4,2762.9,2758.6,2762.3,540
2026-04-20 03:10:00+02:00,2762.1,2763.3,2760.7,2761.1,375
2026-04-20 03:20:00+02:00,2761.1,2763.3,2761.0,2761.7,209
2026-04-20 03:30:00+02:00,2761.7,2764.3,2761.6,2764.3,245
2026-04-20 03:40:00+02:00,2764.1,2764.9,2763.8,2764.8,270
2026-04-20 03:50:00+02:00,2764.6,2766.0,2764.5,2764.7,287
2026-04-20 04:00:00+02:00,2764.7,2764.8,2762.9,2764.2,243
2026-04-20 04:10:00+02:00,2764.1,2764.1,2762.7,2763.5,94
2026-04-20 04:20:00+02:00,2763.4,2763.9,2762.4,2763.4,84
2026-04-20 04:30:00+02:00,2763.5,2764.2,2762.7,2762.7,90
2026-04-20 04:40:00+02:00,2762.8,2763.0,2761.3,2761.7,148
2026-04-20 05:10:00+02:00,2763.1,2763.1,2761.5,2762.1,70
2026-04-20 05:20:00+02:00,2762.5,2764.1,2762.5,2763.8,101
2026-04-20 05:50:00+02:00,2761.4,2762.0,2760.9,2760.9,82
2026-04-20 06:00:00+02:00,2760.9,2762.1,2760.4,2761.8,90
2026-04-20 06:20:00+02:00,2760.6,2761.1,2760.2,2760.6,103
2026-04-20 06:40:00+02:00,2760.3,2762.8,2760.2,2762.4,140
2026-04-20 07:00:00+02:00,2761.3,2761.7,2760.3,2760.5,79
2026-04-20 07:10:00+02:00,2760.6,2760.9,2760.0,2760.3,41
2026-04-20 07:20:00+02:00,2760.3,2760.3,2757.8,2757.9,270
2026-04-20 07:30:00+02:00,2758.2,2760.1,2757.3,2758.9,422
2026-04-20 07:40:00+02:00,2758.7,2758.9,2756.2,2756.4,516
2026-04-20 07:50:00+02:00,2756.4,2759.3,2756.2,2758.5,186
2026-04-20 08:00:00+02:00,2758.5,2761.2,2758.5,2760.5,385
2026-04-20 08:10:00+02:00,2760.4,2760.5,2759.6,2760.2,179
2026-04-20 08:20:00+02:00,2760.3,2760.3,2759.4,2760.1,138
2026-04-20 08:30:00+02:00,2760.3,2761.7,2759.4,2759.8,183
2026-04-20 08:40:00+02:00,2759.8,2760.3,2758.9,2760.1,123
2026-04-20 08:50:00+02:00,2759.9,2764.8,2758.4,2762.8,929
2026-04-20 09:00:00+02:00,2762.9,2768.0,2762.0,2767.5,1123
2026-04-20 09:10:00+02:00,2767.3,2767.9,2764.3,2766.0,1010
2026-04-20 09:20:00+02:00,2766.2,2769.1,2763.6,2764.1,573
2026-04-20 09:30:00+02:00,2764.4,2764.8,2759.3,2761.3,765
2026-04-20 09:40:00+02:00,2761.1,2762.1,2758.9,2759.9,147
2026-04-20 09:50:00+02:00,2759.7,2760.7,2757.7,2760.7,186
2026-04-20 10:00:00+02:00,2760.6,2761.9,2756.3,2757.1,275
2026-04-20 10:10:00+02:00,2757.3,2761.5,2757.2,2759.9,212
2026-04-20 10:20:00+02:00,2759.9,2763.6,2759.1,2763.3,278
2026-04-20 10:30:00+02:00,2763.2,2763.2,2761.2,2762.6,174
2026-04-20 10:40:00+02:00,2763.0,2763.1,2761.4,2762.4,212
2026-04-20 10:50:00+02:00,2762.6,2766.5,2762.3,2765.3,340
2026-04-20 11:00:00+02:00,2765.4,2768.4,2764.7,2765.9,388
2026-04-20 11:10:00+02:00,2766.1,2766.1,2763.8,2764.5,168
2026-04-20 11:20:00+02:00,2764.6,2765.8,2764.5,2765.5,194
2026-04-20 11:30:00+02:00,2766.1,2767.0,2764.6,2765.8,122
2026-04-20 11:50:00+02:00,2766.0,2766.3,2765.1,2765.2,84
2026-04-20 12:00:00+02:00,2765.2,2768.4,2765.0,2768.1,281
2026-04-20 12:10:00+02:00,2768.2,2769.4,2767.0,2768.6,513
2026-04-20 12:20:00+02:00,2768.0,2768.4,2764.9,2766.1,216
2026-04-20 12:30:00+02:00,2766.4,2766.5,2763.2,2763.9,173
2026-04-20 12:40:00+02:00,2763.7,2763.7,2761.9,2762.6,199
2026-04-20 12:50:00+02:00,2762.5,2764.0,2761.7,2763.6,241
2026-04-20 13:00:00+02:00,2763.7,2763.8,2760.5,2762.8,404
2026-04-20 13:10:00+02:00,2762.5,2763.2,2760.6,2762.4,208
2026-04-20 13:20:00+02:00,2762.4,2763.5,2761.4,2761.9,254
2026-04-20 13:30:00+02:00,2761.7,2764.7,2761.3,2762.9,609
2026-04-20 13:40:00+02:00,2763.2,2767.1,2762.6,2765.3,411
2026-04-20 13:50:00+02:00,2765.3,2766.4,2764.3,2766.1,198
2026-04-20 14:00:00+02:00,2766.2,2768.4,2763.7,2765.2,412
2026-04-20 14:10:00+02:00,2765.1,2767.2,2765.1,2766.5,206
2026-04-20 14:20:00+02:00,2766.4,2767.0,2764.5,2765.7,206
2026-04-20 14:30:00+02:00,2765.9,2768.2,2764.7,2765.5,330
2026-04-20 14:40:00+02:00,2765.8,2769.7,2765.7,2769.5,450
2026-04-20 14:50:00+02:00,2769.6,2770.8,2768.3,2769.3,424
2026-04-20 15:00:00+02:00,2769.2,2777.7,2768.4,2772.4,1874
2026-04-20 15:10:00+02:00,2772.6,2773.8,2771.2,2772.6,1048
2026-04-20 15:20:00+02:00,2772.5,2777.1,2771.4,2777.0,1364
2026-04-20 15:30:00+02:00,2777.1,2784.3,2775.8,2780.5,4899
2026-04-20 15:40:00+02:00,2780.5,2786.8,2776.8,2783.3,3466
2026-04-20 15:50:00+02:00,2783.3,2793.0,2782.7,2791.8,4006
2026-04-20 16:00:00+02:00,2791.8,2795.0,2787.2,2793.8,3663
2026-04-20 16:10:00+02:00,2793.5,2797.2,2788.2,2794.3,4515
2026-04-20 16:20:00+02:00,2794.7,2797.5,2793.3,2795.3,2387
2026-04-20 16:30:00+02:00,2795.2,2796.3,2791.6,2795.0,2238
2026-04-20 16:40:00+02:00,2795.2,2798.4,2791.7,2797.9,2499
2026-04-20 16:50:00+02:00,2798.0,2798.6,2784.7,2792.5,9437
2026-04-20 17:00:00+02:00,2792.6,2795.5,2785.6,2786.5,3224
2026-04-20 17:10:00+02:00,2786.2,2793.8,2786.1,2793.2,2336
2026-04-20 17:20:00+02:00,2793.3,2802.1,2792.9,2800.8,4772
2026-04-20 17:30:00+02:00,2800.9,2801.7,2797.5,2801.0,2145
2026-04-20 17:40:00+02:00,2801.4,2804.3,2799.0,2801.0,1613
2026-04-20 17:50:00+02:00,2801.0,2802.6,2799.4,2801.5,760
2026-04-20 18:00:00+02:00,2801.7,2802.0,2796.0,2798.7,1327
2026-04-20 18:10:00+02:00,2798.5,2800.8,2795.4,2798.6,1150
2026-04-20 18:20:00+02:00,2798.7,2800.0,2795.7,2796.0,773
2026-04-20 18:30:00+02:00,2796.0,2799.3,2793.2,2794.9,1437
2026-04-20 18:40:00+02:00,2794.5,2798.7,2793.7,2797.5,1100
2026-04-20 18:50:00+02:00,2797.6,2797.8,2793.0,2795.7,702
2026-04-20 19:00:00+02:00,2795.4,2799.4,2793.4,2798.5,1368
2026-04-20 19:10:00+02:00,2798.6,2801.2,2798.1,2800.5,801
2026-04-20 19:20:00+02:00,2800.5,2800.5,2797.6,2798.5,735
2026-04-20 19:30:00+02:00,2798.3,2799.4,2795.8,2797.4,1202
2026-04-20 19:40:00+02:00,2797.4,2799.5,2795.3,2797.3,612
2026-04-20 19:50:00+02:00,2797.2,2797.4,2794.6,2795.5,431
2026-04-20 20:00:00+02:00,2795.6,2799.3,2794.0,2798.8,784
2026-04-20 20:10:00+02:00,2798.9,2801.7,2795.5,2801.4,1628
2026-04-20 20:20:00+02:00,2801.4,2802.6,2799.3,2801.0,1724
2026-04-20 20:30:00+02:00,2801.4,2803.6,2800.1,2800.4,1314
2026-04-20 20:40:00+02:00,2800.3,2805.9,2800.0,2804.9,1305
2026-04-20 20:50:00+02:00,2805.0,2807.5,2804.9,2806.8,1073
2026-04-20 21:00:00+02:00,2807.0,2807.6,2804.6,2806.5,2424
2026-04-20 21:10:00+02:00,2806.7,2807.5,2805.2,2805.8,880
2026-04-20 21:20:00+02:00,2805.8,2806.4,2803.5,2803.6,659
2026-04-20 21:30:00+02:00,2803.5,2805.1,2801.5,2803.7,1232
2026-04-20 21:40:00+02:00,2803.5,2804.1,2801.8,2803.1,523
2026-04-20 21:50:00+02:00,2803.1,2804.8,2800.7,2804.3,2334
2026-04-20 22:00:00+02:00,2804.3,2804.8,2802.9,2803.9,1116
2026-04-20 22:10:00+02:00,2803.9,2804.2,2802.7,2802.8,427
2026-04-20 22:20:00+02:00,2802.9,2804.0,2802.6,2803.7,190
2026-04-20 22:30:00+02:00,2803.7,2809.9,2803.6,2807.8,1303
2026-04-20 22:40:00+02:00,2807.9,2808.6,2806.3,2807.2,454
2026-04-20 22:50:00+02:00,2807.3,2808.5,2806.9,2807.6,834
2026-04-21 00:00:00+02:00,2807.1,2811.3,2804.4,2809.5,619
2026-04-21 00:10:00+02:00,2809.3,2810.7,2808.8,2809.1,134
2026-04-21 00:20:00+02:00,2809.1,2809.6,2808.5,2808.7,80
2026-04-21 00:30:00+02:00,2808.6,2808.9,2807.5,2808.1,455
2026-04-21 00:50:00+02:00,2808.6,2809.1,2808.3,2809.0,53
2026-04-21 01:20:00+02:00,2808.3,2808.4,2807.5,2807.6,55
2026-04-21 01:30:00+02:00,2807.5,2807.9,2807.3,2807.6,51
2026-04-21 01:50:00+02:00,2807.1,2807.9,2806.7,2807.5,157
2026-04-21 02:00:00+02:00,2807.8,2808.9,2807.0,2807.2,178
2026-04-21 02:10:00+02:00,2807.7,2808.3,2806.2,2806.2,192
2026-04-21 02:20:00+02:00,2806.2,2807.1,2804.9,2804.9,189
2026-04-21 02:30:00+02:00,2805.0,2805.2,2803.7,2804.3,238
2026-04-21 02:40:00+02:00,2804.3,2808.6,2804.2,2806.3,425
2026-04-21 02:50:00+02:00,2806.5,2807.6,2805.9,2807.2,86
2026-04-21 03:00:00+02:00,2806.8,2807.2,2806.4,2806.9,97
2026-04-21 03:10:00+02:00,2806.7,2807.6,2806.1,2807.6,69
2026-04-21 03:20:00+02:00,2807.4,2809.3,2807.1,2809.2,187
2026-04-21 03:30:00+02:00,2809.1,2810.7,2809.0,2810.2,196
2026-04-21 03:50:00+02:00,2810.4,2810.7,2808.2,2808.9,151
2026-04-21 04:00:00+02:00,2809.2,2809.8,2809.1,2809.5,52
2026-04-21 04:10:00+02:00,2809.5,2809.8,2809.1,2809.7,71
2026-04-21 04:30:00+02:00,2810.3,2810.4,2809.0,2809.6,70
2026-04-21 04:40:00+02:00,2810.1,2810.9,2809.8,2809.8,101
2026-04-21 05:20:00+02:00,2807.5,2808.0,2806.9,2808.0,144
2026-04-21 05:40:00+02:00,2807.6,2808.2,2807.1,2808.0,69
2026-04-21 06:00:00+02:00,2808.1,2809.0,2808.1,2808.8,62
2026-04-21 06:10:00+02:00,2808.5,2808.9,2808.2,2808.9,61
2026-04-21 06:30:00+02:00,2809.5,2810.3,2809.5,2810.2,84
2026-04-21 06:50:00+02:00,2810.0,2810.4,2809.6,2809.6,45
2026-04-21 07:00:00+02:00,2809.7,2812.5,2809.7,2812.2,333
2026-04-21 07:10:00+02:00,2811.9,2812.9,2811.7,2811.9,178
2026-04-21 07:30:00+02:00,2811.6,2811.7,2811.0,2811.0,137
2026-04-21 07:40:00+02:00,2811.0,2811.4,2809.4,2809.9,157
2026-04-21 07:50:00+02:00,2809.4,2810.1,2808.7,2808.7,94
2026-04-21 08:00:00+02:00,2809.0,2810.4,2808.1,2809.7,132
2026-04-21 08:10:00+02:00,2809.8,2810.6,2809.5,2809.8,97
2026-04-21 08:40:00+02:00,2809.2,2809.9,2808.4,2808.5,112
2026-04-21 09:00:00+02:00,2808.2,2808.2,2803.8,2806.0,304
2026-04-21 09:10:00+02:00,2806.1,2806.3,2805.0,2805.4,132
2026-04-21 09:20:00+02:00,2805.4,2806.7,2805.1,2805.7,113
2026-04-21 09:30:00+02:00,2805.8,2806.2,2804.3,2804.9,67
2026-04-21 09:50:00+02:00,2807.0,2808.0,2805.0,2805.0,170
2026-04-21 10:00:00+02:00,2804.6,2805.5,2803.4,2805.1,168
2026-04-21 10:10:00+02:00,2805.1,2806.0,2804.2,2805.3,59
2026-04-21 10:20:00+02:00,2805.4,2809.0,2805.4,2808.4,131
2026-04-21 10:30:00+02:00,2808.1,2808.7,2807.4,2808.0,64
2026-04-21 10:40:00+02:00,2808.1,2810.3,2807.9,2809.2,187
2026-04-21 10:50:00+02:00,2809.1,2809.8,2808.4,2808.8,123
2026-04-21 11:10:00+02:00,2807.2,2809.0,2807.2,2808.8,85
2026-04-21 11:30:00+02:00,2808.0,2809.0,2807.6,2808.7,105
2026-04-21 11:40:00+02:00,2808.6,2809.4,2808.6,2809.2,110
2026-04-21 11:50:00+02:00,2809.3,2812.7,2809.2,2811.7,383
2026-04-21 12:00:00+02:00,2811.7,2813.2,2811.0,2812.6,235
2026-04-21 12:20:00+02:00,2811.0,2812.2,2810.7,2811.8,59
2026-04-21 12:30:00+02:00,2812.0,2814.6,2811.7,2814.6,171
2026-04-21 12:40:00+02:00,2814.3,2814.3,2813.0,2813.8,147
2026-04-21 12:50:00+02:00,2813.8,2815.6,2813.8,2814.4,226
2026-04-21 13:00:00+02:00,2814.2,2814.7,2808.4,2810.9,1048
2026-04-21 13:10:00+02:00,2811.3,2811.9,2809.2,2811.6,523
2026-04-21 13:20:00+02:00,2811.7,2815.7,2811.7,2815.6,441
2026-04-21 13:30:00+02:00,2815.7,2817.8,2815.5,2817.1,599
2026-04-21 13:40:00+02:00,2817.2,2817.6,2814.8,2816.3,322
2026-04-21 13:50:00+02:00,2816.3,2816.8,2814.1,2814.1,293
2026-04-21 14:00:00+02:00,2814.5,2816.5,2814.3,2816.1,219
2026-04-21 14:10:00+02:00,2816.4,2816.4,2811.5,2811.8,478
2026-04-21 14:20:00+02:00,2811.5,2817.0,2811.5,2817.0,395
2026-04-21 14:30:00+02:00,2817.3,2819.0,2809.6,2810.4,1226
2026-04-21 14:40:00+02:00,2810.1,2812.1,2806.6,2809.0,1261
2026-04-21 14:50:00+02:00,2809.0,2811.6,2808.1,2810.4,457
2026-04-21 15:00:00+02:00,2810.5,2811.2,2808.5,2809.3,507
2026-04-21 15:10:00+02:00,2809.7,2810.8,2809.3,2810.5,298
2026-04-21 15:20:00+02:00,2810.3,2812.7,2809.5,2812.4,832
2026-04-21 15:30:00+02:00,2812.3,2815.5,2805.7,2814.3,5542
2026-04-21 15:40:00+02:00,2814.7,2824.2,2813.5,2822.4,5163
2026-04-21 15:50:00+02:00,2822.1,2826.8,2820.6,2821.1,3084
2026-04-21 16:00:00+02:00,2821.0,2827.8,2818.2,2826.4,3208
2026-04-21 16:10:00+02:00,2826.4,2827.6,2823.0,2826.6,1700
2026-04-21 16:20:00+02:00,2826.3,2828.6,2823.6,2826.8,2001
2026-04-21 16:30:00+02:00,2827.1,2828.5,2821.0,2822.1,2361
2026-04-21 16:40:00+02:00,2822.3,2825.9,2812.9,2813.3,3689
2026-04-21 16:50:00+02:00,2813.3,2814.1,2797.6,2799.7,4414
2026-04-21 17:00:00+02:00,2800.0,2802.3,2790.3,2801.5,6404
2026-04-21 17:10:00+02:00,2801.7,2805.4,2796.5,2800.5,3031
2026-04-21 17:20:00+02:00,2800.0,2802.2,2791.9,2793.6,3443
2026-04-21 17:30:00+02:00,2793.4,2798.0,2787.7,2792.9,3143
2026-04-21 17:40:00+02:00,2792.9,2797.3,2789.8,2794.5,2494
2026-04-21 17:50:00+02:00,2794.5,2794.6,2789.3,2792.0,1575
2026-04-21 18:00:00+02:00,2792.1,2798.8,2792.1,2795.9,2804
2026-04-21 18:10:00+02:00,2795.8,2795.8,2790.9,2792.3,1330
2026-04-21 18:20:00+02:00,2792.1,2792.1,2788.0,2790.0,1242
2026-04-21 18:30:00+02:00,2789.9,2793.6,2787.0,2788.4,1513
2026-04-21 18:40:00+02:00,2788.5,2791.8,2785.1,2791.4,1442
2026-04-21 18:50:00+02:00,2791.5,2791.7,2784.7,2784.8,1181
2026-04-21 19:00:00+02:00,2784.9,2788.5,2778.8,2781.8,4513
2026-04-21 19:10:00+02:00,2781.8,2782.1,2773.4,2774.3,3270
2026-04-21 19:20:00+02:00,2774.5,2781.4,2772.9,2777.8,1894
2026-04-21 19:30:00+02:00,2777.8,2789.8,2777.4,2786.5,3163
2026-04-21 19:40:00+02:00,2786.5,2793.9,2785.7,2787.2,4413
2026-04-21 19:50:00+02:00,2787.0,2788.6,2781.5,2785.0,1402
2026-04-21 20:00:00+02:00,2785.1,2787.5,2783.1,2783.2,1258
2026-04-21 20:10:00+02:00,2783.0,2783.1,2773.1,2776.1,3169
2026-04-21 20:20:00+02:00,2776.0,2777.8,2774.1,2777.4,1265
2026-04-21 20:30:00+02:00,2777.4,2782.3,2777.4,2780.0,1022
2026-04-21 20:40:00+02:00,2780.3,2780.9,2778.8,2779.6,598
2026-04-21 20:50:00+02:00,2779.7,2789.0,2778.4,2785.3,4082
2026-04-21 21:00:00+02:00,2785.5,2788.2,2783.8,2786.2,1884
2026-04-21 21:10:00+02:00,2786.3,2792.3,2784.8,2790.0,3687
2026-04-21 21:20:00+02:00,2790.0,2796.2,2789.3,2794.8,2034
2026-04-21 21:30:00+02:00,2794.9,2795.6,2783.9,2787.1,2748
2026-04-21 21:40:00+02:00,2787.3,2787.9,2767.6,2773.4,9018
2026-04-21 21:50:00+02:00,2773.5,2777.4,2768.2,2775.4,5724
2026-04-21 22:00:00+02:00,2775.7,2798.0,2771.9,2788.2,2621
2026-04-21 22:10:00+02:00,2788.4,2795.8,2782.0,2787.7,2523
2026-04-21 22:20:00+02:00,2787.8,2792.6,2787.2,2788.5,581
2026-04-21 22:30:00+02:00,2788.7,2790.4,2787.6,2789.1,443
2026-04-21 22:40:00+02:00,2789.1,2789.5,2787.2,2789.2,421
2026-04-21 22:50:00+02:00,2789.1,2792.3,2788.7,2789.1,395
2026-04-22 00:00:00+02:00,2788.9,2792.2,2788.6,2791.1,830
2026-04-22 00:10:00+02:00,2790.9,2792.8,2790.8,2791.0,278
2026-04-22 00:20:00+02:00,2791.2,2791.3,2790.0,2790.6,191
2026-04-22 00:30:00+02:00,2791.1,2791.6,2790.1,2791.1,74
2026-04-22 00:50:00+02:00,2790.4,2790.6,2787.5,2788.8,523
2026-04-22 01:00:00+02:00,2788.7,2790.7,2787.9,2790.0,151
2026-04-22 01:30:00+02:00,2790.3,2790.4,2789.0,2790.2,76
2026-04-22 01:40:00+02:00,2790.4,2793.1,2790.4,2792.8,194
2026-04-22 01:50:00+02:00,2792.9,2793.4,2792.5,2793.1,123
2026-04-22 02:00:00+02:00,2793.2,2796.5,2793.1,2796.4,657
2026-04-22 02:10:00+02:00,2796.3,2798.7,2795.6,2798.1,441
2026-04-22 02:20:00+02:00,2798.0,2799.3,2797.0,2797.3,254
2026-04-22 02:30:00+02:00,2797.2,2798.3,2796.8,2798.0,177
2026-04-22 02:40:00+02:00,2798.0,2798.3,2796.7,2797.0,132
2026-04-22 02:50:00+02:00,2796.9,2797.6,2796.2,2796.6,126
2026-04-22 03:00:00+02:00,2796.6,2798.2,2796.4,2797.7,138
2026-04-22 03:10:00+02:00,2798.0,2798.4,2796.9,2797.0,108
2026-04-22 03:20:00+02:00,2797.0,2798.0,2796.6,2797.0,89
2026-04-22 03:30:00+02:00,2797.0,2800.1,2796.7,2799.4,249
2026-04-22 03:40:00+02:00,2799.4,2799.9,2797.5,2798.7,193
2026-04-22 03:50:00+02:00,2798.6,2799.5,2798.1,2798.3,103
2026-04-22 04:00:00+02:00,2798.6,2799.9,2798.3,2799.8,141
2026-04-22 04:10:00+02:00,2799.8,2800.8,2799.7,2800.2,184
2026-04-22 04:20:00+02:00,2800.2,2801.3,2799.7,2800.8,177
2026-04-22 04:30:00+02:00,2801.0,2801.1,2800.0,2800.4,206
2026-04-22 04:40:00+02:00,2800.4,2800.6,2799.4,2800.0,185
2026-04-22 04:50:00+02:00,2799.9,2800.6,2799.8,2800.3,100
2026-04-22 05:00:00+02:00,2800.3,2801.5,2799.6,2800.4,217
2026-04-22 05:10:00+02:00,2800.7,2800.8,2799.2,2799.3,96
2026-04-22 05:20:00+02:00,2799.2,2799.8,2798.9,2799.8,111
2026-04-22 05:30:00+02:00,2800.0,2800.8,2798.9,2798.9,190
2026-04-22 05:50:00+02:00,2799.4,2799.7,2797.6,2797.6,79
2026-04-22 06:30:00+02:00,2797.1,2797.3,2796.4,2796.9,92
2026-04-22 06:50:00+02:00,2797.4,2797.4,2795.0,2795.1,131
2026-04-22 07:00:00+02:00,2795.2,2797.5,2794.7,2797.1,152
2026-04-22 07:10:00+02:00,2797.4,2805.1,2797.3,2802.7,1484
2026-04-22 07:20:00+02:00,2802.9,2807.0,2802.2,2802.8,558
2026-04-22 07:30:00+02:00,2803.1,2804.1,2802.3,2803.1,171
2026-04-22 07:40:00+02:00,2802.9,2804.2,2802.1,2802.1,103
2026-04-22 07:50:00+02:00,2802.3,2803.2,2801.7,2801.7,120
2026-04-22 08:00:00+02:00,2801.6,2802.2,2799.4,2799.5,242
2026-04-22 08:10:00+02:00,2799.8,2800.1,2798.7,2799.1,113
2026-04-22 08:20:00+02:00,2799.3,2800.0,2798.3,2800.0,154
2026-04-22 08:30:00+02:00,2800.3,2803.0,2800.3,2802.4,307
2026-04-22 08:40:00+02:00,2802.0,2803.3,2801.3,2802.5,227
2026-04-22 09:00:00+02:00,2802.4,2804.4,2801.9,2804.1,188
2026-04-22 09:10:00+02:00,2803.8,2804.1,2799.9,2800.7,159
2026-04-22 09:20:00+02:00,2800.5,2803.7,2800.3,2803.1,185
2026-04-22 09:30:00+02:00,2803.0,2803.9,2802.5,2803.2,127
2026-04-22 09:40:00+02:00,2802.6,2803.2,2800.0,2800.9,300
2026-04-22 09:50:00+02:00,2800.9,2801.5,2800.3,2800.5,174
2026-04-22 10:00:00+02:00,2800.9,2801.5,2799.2,2799.3,218
2026-04-22 10:10:00+02:00,2799.6,2801.0,2798.0,2798.1,199
2026-04-22 10:20:00+02:00,2797.6,2797.6,2794.7,2794.9,252
2026-04-22 10:30:00+02:00,2794.9,2796.2,2791.2,2792.8,418
2026-04-22 10:40:00+02:00,2792.6,2795.6,2792.6,2794.9,163
2026-04-22 10:50:00+02:00,2794.8,2797.4,2794.8,2797.3,151
2026-04-22 11:00:00+02:00,2797.0,2801.3,2796.7,2799.4,700
2026-04-22 11:10:00+02:00,2799.6,2801.1,2798.9,2800.2,151
2026-04-22 11:20:00+02:00,2799.7,2801.7,2799.7,2801.6,132
2026-04-22 11:30:00+02:00,2801.4,2801.4,2800.0,2800.7,126
2026-04-22 11:50:00+02:00,2800.3,2800.6,2795.0,2797.6,281
2026-04-22 12:00:00+02:00,2797.4,2799.5,2795.3,2796.3,353
2026-04-22 12:10:00+02:00,2796.4,2799.3,2795.2,2799.2,203
2026-04-22 12:20:00+02:00,2799.1,2800.6,2798.2,2800.5,182
2026-04-22 12:30:00+02:00,2800.4,2802.1,2799.6,2799.7,268
2026-04-22 12:40:00+02:00,2799.6,2800.5,2799.0,2799.9,117
2026-04-22 13:00:00+02:00,2799.6,2800.2,2797.8,2798.8,245
2026-04-22 13:10:00+02:00,2798.6,2799.5,2797.8,2799.0,134
2026-04-22 13:20:00+02:00,2799.1,2799.8,2797.4,2798.4,108
2026-04-22 13:30:00+02:00,2798.6,2800.4,2797.9,2799.3,117
2026-04-22 13:40:00+02:00,2799.4,2801.7,2797.6,2801.0,264
2026-04-22 13:50:00+02:00,2800.8,2801.3,2800.1,2800.5,218
2026-04-22 14:00:00+02:00,2800.6,2803.2,2800.0,2802.5,370
2026-04-22 14:10:00+02:00,2802.6,2806.1,2802.0,2804.4,632
2026-04-22 14:20:00+02:00,2804.3,2805.5,2800.8,2801.0,1001
2026-04-22 14:30:00+02:00,2801.1,2802.1,2798.6,2798.9,764
2026-04-22 14:40:00+02:00,2798.9,2800.9,2795.5,2796.2,811
2026-04-22 14:50:00+02:00,2796.2,2797.5,2795.3,2795.8,565
2026-04-22 15:00:00+02:00,2795.9,2801.8,2794.6,2796.9,1617
2026-04-22 15:10:00+02:00,2796.8,2801.5,2794.5,2799.8,1614
2026-04-22 15:20:00+02:00,2799.8,2806.7,2797.5,2806.6,1907
2026-04-22 15:30:00+02:00,2806.3,2812.8,2800.8,2807.7,5933
2026-04-22 15:40:00+02:00,2807.8,2809.7,2800.2,2802.5,3703
2026-04-22 15:50:00+02:00,2802.5,2805.2,2799.7,2804.6,1552
2026-04-22 16:00:00+02:00,2804.6,2804.7,2795.4,2799.1,2362
2026-04-22 16:10:00+02:00,2799.4,2804.8,2799.1,2802.8,1714
2026-04-22 16:20:00+02:00,2803.1,2803.5,2796.3,2796.8,1660
2026-04-22 16:30:00+02:00,2796.7,2797.6,2790.5,2796.6,3601
2026-04-22 16:40:00+02:00,2796.4,2799.6,2791.2,2796.6,2823
2026-04-22 16:50:00+02:00,2796.3,2797.3,2791.7,2796.3,1316
2026-04-22 17:00:00+02:00,2796.5,2797.4,2789.7,2793.4,2398
2026-04-22 17:10:00+02:00,2793.4,2795.0,2790.0,2792.3,1006
2026-04-22 17:20:00+02:00,2792.2,2796.1,2791.0,2794.6,1609
2026-04-22 17:30:00+02:00,2794.6,2796.7,2788.7,2789.7,1471
2026-04-22 17:40:00+02:00,2789.6,2790.5,2784.1,2789.1,2029
2026-04-22 17:50:00+02:00,2789.3,2791.7,2787.2,2789.2,1018
2026-04-22 18:00:00+02:00,2789.3,2792.6,2788.3,2789.6,1148
2026-04-22 18:10:00+02:00,2789.6,2791.0,2786.1,2786.3,1367
2026-04-22 18:20:00+02:00,2786.3,2788.7,2784.8,2785.5,1128
2026-04-22 18:30:00+02:00,2785.4,2787.8,2783.2,2787.5,894
2026-04-22 18:40:00+02:00,2787.3,2787.9,2781.9,2783.6,1842
2026-04-22 18:50:00+02:00,2783.5,2783.5,2779.6,2780.4,1553
2026-04-22 19:00:00+02:00,2780.7,2785.5,2779.3,2784.2,1525
2026-04-22 19:10:00+02:00,2784.2,2788.2,2782.3,2783.3,1451
2026-04-22 19:20:00+02:00,2783.2,2789.4,2782.6,2789.2,1300
2026-04-22 19:30:00+02:00,2789.4,2790.7,2786.8,2787.6,990
2026-04-22 19:40:00+02:00,2787.5,2790.2,2786.4,2788.9,1322
2026-04-22 19:50:00+02:00,2789.0,2789.4,2786.1,2786.8,511
2026-04-22 20:00:00+02:00,2786.7,2787.5,2785.5,2786.5,506
2026-04-22 20:10:00+02:00,2786.4,2788.0,2785.0,2785.1,642
2026-04-22 20:20:00+02:00,2785.0,2786.3,2783.0,2785.5,678
2026-04-22 20:30:00+02:00,2785.5,2787.0,2784.7,2785.7,497
2026-04-22 20:40:00+02:00,2786.0,2788.6,2785.9,2788.1,496
2026-04-22 20:50:00+02:00,2788.0,2788.9,2785.3,2787.0,553
2026-04-22 21:00:00+02:00,2786.9,2786.9,2783.5,2786.3,1169
2026-04-22 21:10:00+02:00,2786.2,2790.5,2785.9,2789.9,1299
2026-04-22 21:20:00+02:00,2789.8,2791.1,2788.1,2790.6,715
2026-04-22 21:30:00+02:00,2790.6,2790.7,2787.2,2790.0,662
2026-04-22 21:40:00+02:00,2790.1,2790.4,2787.8,2790.4,442
2026-04-22 21:50:00+02:00,2790.4,2796.2,2789.0,2794.9,2891
2026-04-22 22:00:00+02:00,2794.9,2795.2,2790.4,2791.0,1302
2026-04-22 22:10:00+02:00,2790.9,2792.2,2789.7,2792.2,417
2026-04-22 22:20:00+02:00,2792.1,2792.4,2790.2,2791.1,147
2026-04-22 22:30:00+02:00,2791.2,2791.7,2786.7,2789.2,698
2026-04-22 22:40:00+02:00,2789.3,2790.0,2788.9,2789.2,145
2026-04-22 22:50:00+02:00,2789.4,2791.8,2789.0,2791.3,481
2026-04-23 00:00:00+02:00,2791.0,2794.2,2788.8,2791.2,283
2026-04-23 00:10:00+02:00,2791.0,2791.7,2790.5,2791.7,54
2026-04-23 00:30:00+02:00,2791.2,2791.2,2789.2,2789.7,111
2026-04-23 00:40:00+02:00,2789.6,2790.2,2789.0,2789.7,58
2026-04-23 01:00:00+02:00,2789.6,2789.7,2788.6,2789.2,41
2026-04-23 01:10:00+02:00,2789.5,2789.7,2789.1,2789.7,53
2026-04-23 01:30:00+02:00,2789.9,2789.9,2789.2,2789.5,49
2026-04-23 02:00:00+02:00,2789.7,2789.9,2781.6,2781.6,508
2026-04-23 02:10:00+02:00,2781.6,2785.5,2760.9,2784.1,4617
2026-04-23 02:20:00+02:00,2784.1,2786.0,2778.3,2785.6,1737
2026-04-23 02:30:00+02:00,2785.6,2788.6,2783.9,2784.8,552
2026-04-23 02:40:00+02:00,2784.8,2786.8,2784.3,2785.2,255
2026-04-23 02:50:00+02:00,2785.3,2787.5,2784.6,2786.3,248
2026-04-23 03:00:00+02:00,2786.6,2786.8,2784.8,2785.9,183
2026-04-23 03:10:00+02:00,2785.9,2785.9,2782.6,2783.9,439
2026-04-23 03:20:00+02:00,2783.7,2785.7,2782.5,2783.0,244
2026-04-23 03:30:00+02:00,2782.9,2784.5,2781.4,2782.5,333
2026-04-23 03:40:00+02:00,2782.8,2784.2,2781.5,2782.5,187
2026-04-23 03:50:00+02:00,2782.4,2782.4,2779.2,2780.2,351
2026-04-23 04:00:00+02:00,2780.5,2781.4,2779.4,2779.5,198
2026-04-23 04:10:00+02:00,2779.8,2779.8,2775.5,2777.5,430
2026-04-23 04:20:00+02:00,2777.7,2782.1,2777.7,2777.9,308
2026-04-23 04:30:00+02:00,2778.4,2780.7,2775.7,2778.7,366
2026-04-23 04:40:00+02:00,2778.7,2779.4,2777.7,2778.5,133
2026-04-23 04:50:00+02:00,2778.8,2779.4,2775.7,2776.2,206
2026-04-23 05:00:00+02:00,2776.5,2778.7,2775.9,2777.5,210
2026-04-23 05:10:00+02:00,2776.9,2777.3,2774.4,2774.8,254
2026-04-23 05:20:00+02:00,2775.0,2775.4,2774.0,2774.4,172
2026-04-23 05:30:00+02:00,2774.2,2775.0,2772.5,2772.7,208
2026-04-23 05:40:00+02:00,2772.8,2775.2,2771.6,2775.1,355
2026-04-23 05:50:00+02:00,2775.1,2777.1,2774.6,2777.0,303
2026-04-23 06:00:00+02:00,2776.4,2777.7,2775.1,2777.0,168
2026-04-23 06:10:00+02:00,2777.2,2779.8,2777.2,2779.2,211
2026-04-23 06:20:00+02:00,2779.0,2779.9,2778.6,2779.3,79
2026-04-23 06:30:00+02:00,2779.6,2781.3,2779.4,2780.6,148
2026-04-23 06:40:00+02:00,2780.9,2781.2,2780.0,2781.2,76
2026-04-23 07:00:00+02:00,2781.3,2781.9,2780.5,2781.5,164
2026-04-23 07:30:00+02:00,2779.8,2781.1,2778.8,2779.0,182
2026-04-23 07:50:00+02:00,2780.2,2782.8,2780.0,2782.2,208
2026-04-23 08:00:00+02:00,2782.7,2784.0,2782.6,2783.7,164
2026-04-23 08:10:00+02:00,2783.6,2785.3,2782.8,2784.6,234
2026-04-23 08:40:00+02:00,2784.3,2784.3,2781.9,2782.2,128
2026-04-23 08:50:00+02:00,2781.9,2784.5,2781.7,2783.4,126
2026-04-23 09:00:00+02:00,2784.1,2784.2,2782.3,2783.2,98
2026-04-23 09:10:00+02:00,2783.3,2784.0,2781.9,2782.3,138
2026-04-23 09:20:00+02:00,2782.7,2783.3,2780.2,2781.8,134
2026-04-23 09:30:00+02:00,2782.4,2783.2,2779.7,2780.5,145
2026-04-23 09:50:00+02:00,2784.7,2784.8,2781.4,2782.7,92
2026-04-23 10:00:00+02:00,2782.9,2783.1,2777.2,2778.8,161
2026-04-23 10:10:00+02:00,2778.8,2780.4,2778.4,2779.8,191
2026-04-23 10:20:00+02:00,2779.9,2781.5,2778.6,2778.7,164
2026-04-23 10:30:00+02:00,2778.9,2778.9,2775.7,2777.3,228
2026-04-23 10:40:00+02:00,2777.3,2777.3,2775.0,2776.1,200
2026-04-23 10:50:00+02:00,2776.0,2776.9,2775.0,2775.9,161
2026-04-23 11:00:00+02:00,2775.7,2775.9,2772.9,2773.1,207
2026-04-23 11:10:00+02:00,2773.1,2778.8,2773.1,2777.9,378
2026-04-23 11:20:00+02:00,2777.5,2779.5,2777.5,2778.2,180
2026-04-23 11:30:00+02:00,2778.9,2780.8,2778.4,2778.9,142
2026-04-23 11:40:00+02:00,2779.5,2780.3,2777.1,2778.5,133
2026-04-23 11:50:00+02:00,2778.4,2778.4,2777.3,2777.5,70
2026-04-23 12:10:00+02:00,2776.1,2777.2,2775.1,2776.6,133
2026-04-23 12:20:00+02:00,2776.7,2779.6,2775.9,2778.7,205
2026-04-23 12:30:00+02:00,2778.8,2782.1,2778.6,2780.7,276
2026-04-23 12:40:00+02:00,2781.1,2781.1,2779.4,2779.4,134
2026-04-23 12:50:00+02:00,2779.2,2783.1,2779.2,2782.5,191
2026-04-23 13:00:00+02:00,2782.8,2784.1,2782.7,2783.5,271
2026-04-23 13:10:00+02:00,2783.4,2783.7,2779.6,2780.9,505
2026-04-23 13:20:00+02:00,2781.4,2782.5,2777.8,2779.9,305
2026-04-23 13:30:00+02:00,2779.9,2784.0,2778.6,2781.0,667
2026-04-23 13:40:00+02:00,2781.4,2790.4,2780.2,2786.5,1132
2026-04-23 13:50:00+02:00,2786.6,2792.8,2785.7,2791.9,1097
2026-04-23 14:00:00+02:00,2791.7,2800.4,2791.4,2799.0,1695
2026-04-23 14:10:00+02:00,2798.4,2800.7,2795.5,2798.0,670
2026-04-23 14:20:00+02:00,2798.3,2798.4,2793.7,2795.0,464
2026-04-23 14:30:00+02:00,2795.9,2799.1,2795.4,2797.7,817
2026-04-23 14:40:00+02:00,2797.9,2798.7,2786.9,2793.8,2561
2026-04-23 14:50:00+02:00,2794.0,2796.8,2793.6,2795.8,629
2026-04-23 15:00:00+02:00,2796.1,2796.8,2795.0,2795.8,366
2026-04-23 15:10:00+02:00,2795.8,2795.8,2790.0,2794.5,1104
2026-04-23 15:20:00+02:00,2794.9,2797.5,2794.9,2797.5,920
2026-04-23 15:30:00+02:00,2797.5,2805.5,2796.3,2800.7,5040
2026-04-23 15:40:00+02:00,2800.8,2804.4,2799.4,2803.7,2070
2026-04-23 15:50:00+02:00,2803.7,2804.8,2794.4,2794.4,3145
2026-04-23 16:00:00+02:00,2794.6,2796.5,2787.8,2794.5,3259
2026-04-23 16:10:00+02:00,2794.5,2796.2,2791.0,2791.9,1546
2026-04-23 16:20:00+02:00,2791.9,2799.4,2791.9,2798.8,1737
2026-04-23 16:30:00+02:00,2798.8,2802.5,2797.4,2798.3,1832
2026-04-23 16:40:00+02:00,2798.3,2804.1,2797.9,2802.3,1328
2026-04-23 16:50:00+02:00,2802.5,2808.7,2801.3,2808.2,1501
2026-04-23 17:00:00+02:00,2807.8,2808.4,2802.3,2804.5,1206
2026-04-23 17:10:00+02:00,2804.6,2807.0,2801.0,2805.2,2073
2026-04-23 17:20:00+02:00,2805.3,2806.6,2803.7,2804.5,742
2026-04-23 17:30:00+02:00,2804.6,2807.3,2802.4,2802.4,1067
2026-04-23 17:40:00+02:00,2802.5,2804.0,2795.1,2797.6,2229
2026-04-23 17:50:00+02:00,2797.6,2800.4,2795.0,2797.7,1293
2026-04-23 18:00:00+02:00,2797.8,2798.5,2793.5,2796.1,825
2026-04-23 18:10:00+02:00,2796.3,2799.1,2795.9,2796.6,615
2026-04-23 18:20:00+02:00,2796.5,2797.8,2793.6,2795.4,755
2026-04-23 18:30:00+02:00,2795.5,2799.3,2794.8,2796.6,727
2026-04-23 18:40:00+02:00,2797.0,2799.9,2795.9,2797.4,586
2026-04-23 18:50:00+02:00,2797.2,2799.1,2795.4,2797.5,574
2026-04-23 19:00:00+02:00,2797.9,2798.7,2778.0,2778.6,6457
2026-04-23 19:10:00+02:00,2778.5,2780.0,2767.9,2769.8,4522
2026-04-23 19:20:00+02:00,2769.7,2775.2,2766.1,2767.5,3678
2026-04-23 19:30:00+02:00,2767.6,2775.9,2765.3,2766.7,4430
2026-04-23 19:40:00+02:00,2766.9,2767.0,2749.0,2755.4,9067
2026-04-23 19:50:00+02:00,2755.3,2780.1,2751.8,2776.6,11500
2026-04-23 20:00:00+02:00,2776.5,2783.6,2775.3,2779.1,4254
2026-04-23 20:10:00+02:00,2779.1,2785.0,2778.8,2784.3,3744
2026-04-23 20:20:00+02:00,2784.2,2785.9,2780.7,2785.6,1516
2026-04-23 20:30:00+02:00,2785.8,2788.0,2784.1,2784.6,1370
2026-04-23 20:40:00+02:00,2784.8,2785.5,2781.5,2782.6,1626
2026-04-23 20:50:00+02:00,2782.4,2785.0,2775.4,2777.2,1877
2026-04-23 21:00:00+02:00,2777.1,2780.5,2774.8,2779.2,1591
2026-04-23 21:10:00+02:00,2779.4,2781.6,2777.5,2780.3,702
2026-04-23 21:20:00+02:00,2780.1,2781.9,2778.7,2780.7,423
2026-04-23 21:30:00+02:00,2780.8,2782.8,2775.2,2777.1,1726
2026-04-23 21:40:00+02:00,2777.7,2780.4,2776.7,2780.1,933
2026-04-23 21:50:00+02:00,2780.1,2787.8,2774.4,2785.4,3521
2026-04-23 22:00:00+02:00,2785.3,2785.6,2779.8,2780.9,1616
2026-04-23 22:10:00+02:00,2781.5,2781.5,2776.7,2779.0,644
2026-04-23 22:20:00+02:00,2779.1,2781.4,2778.7,2779.0,219
2026-04-23 22:30:00+02:00,2778.9,2779.0,2777.4,2778.2,276
2026-04-23 22:40:00+02:00,2778.3,2779.9,2777.6,2778.7,181
2026-04-23 22:50:00+02:00,2778.8,2779.1,2776.8,2778.1,299
2026-04-24 00:00:00+02:00,2779.1,2783.4,2779.1,2782.0,304
2026-04-24 00:10:00+02:00,2782.0,2783.6,2781.6,2782.3,146
2026-04-24 00:20:00+02:00,2782.4,2782.4,2780.8,2781.6,100
2026-04-24 00:40:00+02:00,2780.3,2782.3,2779.4,2781.5,172
2026-04-24 00:50:00+02:00,2781.9,2782.1,2781.0,2781.6,55
2026-04-24 01:00:00+02:00,2781.6,2782.0,2780.2,2780.4,93
2026-04-24 01:30:00+02:00,2782.8,2784.6,2782.7,2783.7,177
2026-04-24 01:40:00+02:00,2784.2,2785.3,2783.4,2784.3,128
2026-04-24 01:50:00+02:00,2783.9,2784.9,2783.9,2784.6,77
2026-04-24 02:00:00+02:00,2784.9,2786.5,2782.7,2786.1,350
2026-04-24 02:10:00+02:00,2786.0,2788.0,2785.5,2786.9,353
2026-04-24 02:20:00+02:00,2786.1,2787.3,2785.9,2787.3,102
2026-04-24 02:30:00+02:00,2787.1,2787.7,2785.2,2786.2,181
2026-04-24 02:40:00+02:00,2786.2,2786.2,2783.3,2783.8,243
2026-04-24 02:50:00+02:00,2783.8,2784.5,2782.5,2783.5,365
2026-04-24 03:00:00+02:00,2783.6,2783.9,2781.6,2782.1,191
2026-04-24 03:10:00+02:00,2781.9,2783.3,2781.5,2781.6,139
2026-04-24 03:20:00+02:00,2781.7,2783.3,2781.2,2782.5,108
2026-04-24 03:30:00+02:00,2782.5,2782.8,2778.6,2780.4,406
2026-04-24 03:40:00+02:00,2780.9,2782.3,2780.3,2781.7,106
2026-04-24 03:50:00+02:00,2782.0,2782.3,2781.0,2781.8,117
2026-04-24 04:00:00+02:00,2781.6,2781.7,2778.0,2778.0,218
2026-04-24 04:10:00+02:00,2777.6,2778.7,2776.7,2777.1,150
2026-04-24 04:20:00+02:00,2777.2,2777.2,2773.7,2774.0,308
2026-04-24 04:30:00+02:00,2773.8,2776.0,2773.8,2774.6,247
2026-04-24 04:40:00+02:00,2774.6,2775.2,2772.3,2772.6,200
2026-04-24 04:50:00+02:00,2772.4,2773.7,2772.1,2772.9,140
2026-04-24 05:00:00+02:00,2772.9,2773.9,2771.7,2772.0,156
2026-04-24 05:10:00+02:00,2772.2,2772.7,2771.4,2772.5,122
2026-04-24 05:20:00+02:00,2772.3,2774.1,2771.5,2771.7,290
2026-04-24 05:30:00+02:00,2771.8,2772.4,2770.4,2772.2,237
2026-04-24 05:40:00+02:00,2772.1,2773.0,2771.1,2772.8,108
2026-04-24 05:50:00+02:00,2772.9,2774.3,2772.4,2772.6,289
2026-04-24 06:00:00+02:00,2772.3,2774.1,2771.6,2774.0,221
2026-04-24 06:20:00+02:00,2772.9,2773.4,2771.3,2772.0,167
2026-04-24 06:30:00+02:00,2772.3,2773.8,2771.9,2773.2,133
2026-04-24 07:00:00+02:00,2776.1,2776.1,2775.0,2775.1,94
2026-04-24 07:10:00+02:00,2774.7,2776.9,2774.0,2776.1,155
2026-04-24 07:30:00+02:00,2777.4,2780.4,2777.4,2780.0,349
2026-04-24 07:40:00+02:00,2779.9,2780.5,2779.5,2780.2,139
2026-04-24 08:00:00+02:00,2781.3,2781.9,2779.1,2779.8,189
2026-04-24 08:10:00+02:00,2779.9,2781.2,2779.5,2779.9,67
2026-04-24 08:20:00+02:00,2779.8,2780.9,2778.3,2778.4,173
2026-04-24 08:30:00+02:00,2778.7,2779.8,2778.7,2779.4,97
2026-04-24 08:40:00+02:00,2779.4,2780.4,2778.2,2778.5,125
2026-04-24 09:00:00+02:00,2778.7,2784.1,2778.3,2784.0,234
2026-04-24 09:10:00+02:00,2783.9,2784.0,2781.4,2783.3,175
2026-04-24 09:20:00+02:00,2783.2,2785.0,2782.0,2784.1,118
2026-04-24 09:30:00+02:00,2783.8,2783.8,2780.9,2781.2,84
2026-04-24 09:40:00+02:00,2780.7,2782.1,2780.4,2781.8,92
2026-04-24 09:50:00+02:00,2781.9,2784.5,2781.9,2784.1,152
2026-04-24 10:00:00+02:00,2784.0,2784.5,2779.5,2779.8,364
2026-04-24 10:10:00+02:00,2779.9,2783.8,2778.6,2783.0,489
2026-04-24 10:20:00+02:00,2782.7,2786.2,2779.5,2780.1,299
2026-04-24 10:30:00+02:00,2780.2,2780.2,2777.3,2779.4,216
2026-04-24 10:40:00+02:00,2779.9,2780.4,2777.1,2779.1,212
2026-04-24 10:50:00+02:00,2778.8,2778.8,2777.2,2778.3,116
2026-04-24 11:00:00+02:00,2778.5,2779.7,2777.4,2778.8,130
2026-04-24 11:10:00+02:00,2779.1,2780.5,2778.3,2778.8,212
2026-04-24 11:20:00+02:00,2779.6,2779.9,2774.9,2778.7,428
2026-04-24 11:40:00+02:00,2779.6,2781.3,2779.6,2781.0,144
2026-04-24 11:50:00+02:00,2781.1,2781.1,2779.6,2780.7,110
2026-04-24 12:00:00+02:00,2781.1,2782.9,2780.7,2781.5,275
2026-04-24 12:10:00+02:00,2781.3,2783.7,2781.1,2783.4,228
2026-04-24 12:20:00+02:00,2783.9,2786.4,2783.7,2785.9,249
2026-04-24 12:30:00+02:00,2785.7,2785.7,2784.4,2784.5,240
2026-04-24 12:40:00+02:00,2784.8,2786.1,2784.8,2785.7,110
2026-04-24 12:50:00+02:00,2785.6,2786.6,2785.5,2785.5,107
2026-04-24 13:00:00+02:00,2785.6,2799.9,2785.2,2795.8,2370
2026-04-24 13:10:00+02:00,2795.7,2799.5,2793.6,2794.4,1338
2026-04-24 13:20:00+02:00,2794.3,2806.7,2792.8,2806.4,2335
2026-04-24 13:30:00+02:00,2806.5,2807.5,2799.6,2799.6,946
2026-04-24 13:40:00+02:00,2799.6,2800.3,2795.6,2795.9,633
2026-04-24 13:50:00+02:00,2796.1,2797.7,2795.7,2797.3,428
2026-04-24 14:00:00+02:00,2797.7,2799.0,2795.7,2798.5,580
2026-04-24 14:10:00+02:00,2798.5,2800.3,2795.6,2799.0,821
2026-04-24 14:20:00+02:00,2799.1,2801.2,2795.9,2799.7,926
2026-04-24 14:30:00+02:00,2799.5,2799.5,2794.3,2796.5,1040
2026-04-24 14:40:00+02:00,2796.7,2797.4,2788.5,2789.9,1349
2026-04-24 14:50:00+02:00,2789.8,2792.3,2788.2,2792.1,1160
2026-04-24 15:00:00+02:00,2792.0,2793.6,2791.6,2792.3,555
2026-04-24 15:10:00+02:00,2792.6,2795.5,2791.8,2794.9,790
2026-04-24 15:20:00+02:00,2795.1,2796.2,2792.8,2795.6,1014
2026-04-24 15:30:00+02:00,2795.6,2802.3,2783.6,2788.4,5343
2026-04-24 15:40:00+02:00,2788.3,2789.2,2781.6,2782.0,3096
2026-04-24 15:50:00+02:00,2782.2,2784.9,2771.3,2779.2,3712
2026-04-24 16:00:00+02:00,2779.6,2783.3,2774.7,2781.1,4074
2026-04-24 16:10:00+02:00,2781.0,2788.3,2779.1,2787.0,3300
2026-04-24 16:20:00+02:00,2786.8,2789.1,2782.6,2786.5,2311
2026-04-24 16:30:00+02:00,2786.9,2793.5,2785.2,2791.2,2793
2026-04-24 16:40:00+02:00,2791.1,2793.2,2787.9,2789.8,1763
2026-04-24 16:50:00+02:00,2789.7,2792.0,2788.4,2790.4,750
2026-04-24 17:00:00+02:00,2790.6,2792.5,2789.0,2791.7,1065
2026-04-24 17:10:00+02:00,2791.5,2793.7,2789.4,2789.8,1226
2026-04-24 17:20:00+02:00,2789.6,2794.0,2788.7,2792.2,1634
2026-04-24 17:30:00+02:00,2792.2,2794.3,2790.4,2793.3,1192
2026-04-24 17:40:00+02:00,2793.3,2810.8,2792.9,2806.8,8596
2026-04-24 17:50:00+02:00,2806.8,2809.7,2805.4,2808.4,3583
2026-04-24 18:00:00+02:00,2808.3,2809.1,2802.2,2803.4,2087
2026-04-24 18:10:00+02:00,2803.2,2805.8,2801.4,2802.0,1109
2026-04-24 18:20:00+02:00,2801.9,2804.0,2800.4,2802.8,1024
2026-04-24 18:30:00+02:00,2802.8,2806.8,2801.6,2802.2,1090
2026-04-24 18:40:00+02:00,2802.3,2802.7,2799.8,2801.3,913
2026-04-24 18:50:00+02:00,2801.5,2805.6,2801.4,2804.3,949
2026-04-24 19:00:00+02:00,2804.4,2805.5,2802.2,2803.0,900
2026-04-24 19:10:00+02:00,2803.2,2804.2,2800.5,2800.9,498
2026-04-24 19:20:00+02:00,2800.8,2802.3,2798.2,2801.3,775
2026-04-24 19:30:00+02:00,2800.9,2802.8,2798.9,2799.2,1548
2026-04-24 19:40:00+02:00,2799.0,2801.4,2798.9,2800.1,456
2026-04-24 19:50:00+02:00,2800.2,2807.0,2800.0,2800.5,2262
2026-04-24 20:00:00+02:00,2800.4,2801.1,2797.1,2799.2,751
2026-04-24 20:10:00+02:00,2799.3,2799.6,2797.4,2798.8,660
2026-04-24 20:20:00+02:00,2798.8,2800.8,2797.4,2798.7,936
2026-04-24 20:30:00+02:00,2799.0,2802.0,2798.6,2801.0,510
2026-04-24 20:40:00+02:00,2801.0,2802.0,2800.0,2800.5,395
2026-04-24 20:50:00+02:00,2799.9,2801.1,2799.0,2800.3,320
2026-04-24 21:00:00+02:00,2800.5,2801.8,2799.1,2799.5,661
2026-04-24 21:10:00+02:00,2799.4,2799.8,2797.5,2797.7,802
2026-04-24 21:20:00+02:00,2797.7,2797.8,2795.5,2797.0,910
2026-04-24 21:30:00+02:00,2796.8,2798.6,2793.2,2794.2,865
2026-04-24 21:40:00+02:00,2794.1,2796.2,2794.1,2795.5,562
2026-04-24 21:50:00+02:00,2795.7,2799.4,2792.3,2795.6,3600
2026-04-24 22:00:00+02:00,2795.5,2797.7,2794.2,2795.1,1277
2026-04-24 22:10:00+02:00,2794.8,2795.0,2793.8,2793.8,390
2026-04-24 22:20:00+02:00,2793.8,2794.7,2793.3,2794.0,271
2026-04-24 22:30:00+02:00,2794.3,2795.5,2794.2,2794.7,191
2026-04-24 22:40:00+02:00,2794.8,2796.4,2794.6,2794.6,200
2026-04-24 22:50:00+02:00,2794.7,2797.3,2794.6,2797.0,556
2026-04-27 00:00:00+02:00,2792.9,2794.9,2780.2,2781.9,1814
2026-04-27 00:10:00+02:00,2781.6,2783.0,2779.3,2783.0,454
2026-04-27 00:20:00+02:00,2783.0,2784.0,2782.4,2784.0,313
2026-04-27 00:30:00+02:00,2783.6,2784.7,2782.8,2784.7,254
2026-04-27 00:40:00+02:00,2784.8,2786.3,2784.4,2785.1,431
2026-04-27 00:50:00+02:00,2785.1,2787.4,2785.1,2787.3,221
2026-04-27 01:00:00+02:00,2787.2,2787.3,2784.6,2784.8,347
2026-04-27 01:10:00+02:00,2785.0,2786.1,2784.0,2785.6,318
2026-04-27 01:20:00+02:00,2786.0,2787.1,2784.0,2784.7,521
2026-04-27 01:30:00+02:00,2784.7,2785.0,2782.9,2784.2,284
2026-04-27 01:40:00+02:00,2784.1,2785.5,2783.8,2785.0,171
2026-04-27 01:50:00+02:00,2785.2,2785.4,2783.5,2785.2,130
2026-04-27 02:00:00+02:00,2785.5,2787.5,2784.4,2785.9,573
2026-04-27 02:10:00+02:00,2786.4,2786.9,2784.8,2786.4,132
2026-04-27 02:20:00+02:00,2786.5,2786.7,2785.5,2786.3,113
2026-04-27 02:40:00+02:00,2787.0,2788.3,2787.0,2787.4,192
2026-04-27 02:50:00+02:00,2787.4,2792.0,2786.9,2790.3,769
2026-04-27 03:00:00+02:00,2790.5,2798.2,2790.5,2791.5,1189
2026-04-27 03:10:00+02:00,2791.5,2793.1,2789.6,2793.0,387
2026-04-27 03:20:00+02:00,2793.2,2795.0,2791.0,2795.0,294
2026-04-27 03:30:00+02:00,2795.1,2797.9,2794.9,2797.1,302
2026-04-27 03:40:00+02:00,2797.1,2799.8,2797.1,2799.4,380
2026-04-27 03:50:00+02:00,2799.4,2802.0,2798.8,2800.9,332
2026-04-27 04:00:00+02:00,2800.7,2801.4,2798.7,2800.2,303
2026-04-27 04:10:00+02:00,2800.1,2801.8,2799.7,2800.2,248
2026-04-27 04:20:00+02:00,2800.2,2800.8,2799.3,2800.4,133
2026-04-27 04:30:00+02:00,2800.4,2801.9,2800.4,2801.0,218
2026-04-27 04:40:00+02:00,2800.9,2801.0,2800.0,2800.7,86
2026-04-27 05:00:00+02:00,2799.3,2801.8,2798.2,2798.5,572
2026-04-27 05:10:00+02:00,2798.3,2798.4,2797.5,2798.3,212
2026-04-27 05:20:00+02:00,2798.1,2798.7,2798.0,2798.1,59
2026-04-27 05:40:00+02:00,2797.7,2798.5,2797.7,2797.9,77
2026-04-27 05:50:00+02:00,2797.8,2798.3,2797.6,2797.8,164
2026-04-27 06:20:00+02:00,2797.3,2798.6,2797.0,2798.0,69
2026-04-27 06:30:00+02:00,2798.1,2798.5,2797.5,2797.9,69
2026-04-27 06:40:00+02:00,2797.8,2798.1,2797.5,2797.5,37
2026-04-27 06:50:00+02:00,2797.2,2797.6,2796.2,2796.7,113
2026-04-27 07:00:00+02:00,2796.8,2796.9,2794.1,2794.9,130
2026-04-27 07:10:00+02:00,2794.9,2795.4,2793.2,2793.6,269
2026-04-27 07:20:00+02:00,2793.8,2794.3,2792.4,2792.4,179
2026-04-27 07:30:00+02:00,2792.4,2792.5,2789.9,2790.9,316
2026-04-27 07:40:00+02:00,2791.4,2792.1,2791.1,2791.3,85
2026-04-27 07:50:00+02:00,2791.2,2792.2,2790.5,2791.1,116
2026-04-27 08:00:00+02:00,2791.0,2791.6,2789.6,2791.3,122
2026-04-27 08:10:00+02:00,2791.4,2792.7,2790.9,2792.4,157
2026-04-27 08:20:00+02:00,2792.2,2793.1,2791.6,2792.4,102
2026-04-27 08:30:00+02:00,2792.5,2792.5,2789.9,2790.7,199
2026-04-27 08:40:00+02:00,2791.1,2792.6,2790.0,2792.4,165
2026-04-27 08:50:00+02:00,2792.3,2792.4,2791.1,2791.5,76
2026-04-27 09:00:00+02:00,2791.4,2793.6,2790.8,2792.9,284
2026-04-27 09:10:00+02:00,2792.7,2794.0,2792.2,2793.1,168
2026-04-27 09:20:00+02:00,2792.8,2794.2,2792.2,2793.4,104
2026-04-27 09:30:00+02:00,2793.7,2794.7,2792.6,2794.5,176
2026-04-27 09:50:00+02:00,2793.5,2794.0,2792.3,2792.3,125
2026-04-27 10:00:00+02:00,2792.5,2793.7,2790.3,2790.7,231
2026-04-27 10:10:00+02:00,2790.9,2793.0,2790.7,2791.7,253
2026-04-27 10:30:00+02:00,2794.1,2795.2,2794.1,2794.7,132
2026-04-27 10:50:00+02:00,2795.8,2796.0,2795.2,2795.7,76
2026-04-27 11:00:00+02:00,2795.6,2796.3,2795.4,2795.4,52
2026-04-27 11:10:00+02:00,2795.3,2796.7,2795.3,2795.5,55
2026-04-27 11:20:00+02:00,2795.1,2795.8,2794.8,2795.5,61
2026-04-27 11:40:00+02:00,2796.2,2797.1,2796.1,2796.6,89
2026-04-27 12:00:00+02:00,2796.1,2796.4,2795.0,2795.1,101
2026-04-27 12:10:00+02:00,2795.3,2796.0,2794.5,2795.8,115
2026-04-27 12:40:00+02:00,2797.8,2799.9,2797.8,2799.3,260
2026-04-27 12:50:00+02:00,2799.2,2799.6,2798.3,2799.0,138
2026-04-27 13:00:00+02:00,2799.4,2799.6,2798.5,2798.7,97
2026-04-27 13:10:00+02:00,2798.5,2798.6,2797.1,2798.6,93
2026-04-27 13:20:00+02:00,2798.6,2800.8,2798.3,2800.3,182
2026-04-27 13:30:00+02:00,2800.3,2801.1,2799.4,2799.8,188
2026-04-27 13:40:00+02:00,2799.7,2800.5,2799.6,2799.7,106
2026-04-27 14:00:00+02:00,2800.2,2800.8,2799.7,2800.4,285
2026-04-27 14:10:00+02:00,2800.4,2801.9,2800.1,2801.5,247
2026-04-27 14:20:00+02:00,2801.8,2801.9,2796.7,2799.1,894
2026-04-27 14:30:00+02:00,2798.9,2799.2,2797.3,2798.1,495
2026-04-27 14:40:00+02:00,2798.2,2799.6,2796.2,2798.9,675
2026-04-27 14:50:00+02:00,2798.8,2798.8,2794.0,2794.6,466
2026-04-27 15:00:00+02:00,2794.7,2795.9,2792.8,2795.2,859
2026-04-27 15:10:00+02:00,2795.1,2795.3,2792.6,2793.0,445
2026-04-27 15:20:00+02:00,2793.7,2797.7,2793.0,2797.4,935
2026-04-27 15:30:00+02:00,2797.5,2811.6,2797.5,2807.0,6585
2026-04-27 15:40:00+02:00,2807.2,2807.8,2792.9,2793.3,4501
2026-04-27 15:50:00+02:00,2793.1,2808.1,2791.6,2802.1,4322
2026-04-27 16:00:00+02:00,2802.2,2805.0,2799.7,2800.0,2230
2026-04-27 16:10:00+02:00,2800.0,2804.6,2799.0,2800.1,1869
2026-04-27 16:20:00+02:00,2800.4,2801.8,2796.5,2796.8,1415
2026-04-27 16:30:00+02:00,2796.8,2805.8,2794.6,2802.0,3841
2026-04-27 16:40:00+02:00,2802.0,2804.2,2799.7,2800.4,1322
2026-04-27 16:50:00+02:00,2800.0,2801.8,2797.0,2798.7,1085
2026-04-27 17:00:00+02:00,2799.0,2800.0,2794.4,2796.8,2086
2026-04-27 17:10:00+02:00,2796.9,2798.0,2794.5,2795.1,1145
2026-04-27 17:20:00+02:00,2795.8,2796.5,2791.3,2793.9,1841
2026-04-27 17:30:00+02:00,2793.9,2795.9,2793.0,2794.2,1000
2026-04-27 17:40:00+02:00,2793.9,2797.0,2793.4,2794.9,785
2026-04-27 17:50:00+02:00,2794.9,2798.7,2794.7,2797.5,801
2026-04-27 18:00:00+02:00,2797.7,2797.9,2795.5,2796.7,605
2026-04-27 18:10:00+02:00,2796.7,2799.4,2796.7,2797.7,930
2026-04-27 18:20:00+02:00,2797.7,2798.0,2795.1,2795.3,768
2026-04-27 18:30:00+02:00,2795.5,2796.4,2794.3,2794.9,659
2026-04-27 18:40:00+02:00,2794.9,2796.4,2794.6,2795.9,396
2026-04-27 18:50:00+02:00,2795.8,2796.0,2794.4,2795.7,311
2026-04-27 19:00:00+02:00,2795.8,2796.9,2794.1,2794.4,364
2026-04-27 19:10:00+02:00,2794.5,2795.4,2793.1,2795.2,516
2026-04-27 19:20:00+02:00,2795.2,2799.3,2794.8,2798.0,1427
2026-04-27 19:30:00+02:00,2797.9,2801.3,2796.4,2796.4,1147
2026-04-27 19:40:00+02:00,2796.7,2797.0,2794.8,2795.5,832
2026-04-27 19:50:00+02:00,2795.5,2796.3,2793.0,2795.2,672
2026-04-27 20:00:00+02:00,2794.8,2796.2,2794.3,2795.2,424
2026-04-27 20:10:00+02:00,2795.1,2795.8,2794.6,2795.4,419
2026-04-27 20:20:00+02:00,2795.7,2797.1,2795.6,2795.9,614
2026-04-27 20:30:00+02:00,2795.8,2797.7,2794.9,2797.4,474
2026-04-27 20:40:00+02:00,2797.3,2798.1,2794.9,2797.6,560
2026-04-27 20:50:00+02:00,2797.8,2797.9,2795.4,2796.2,350
2026-04-27 21:00:00+02:00,2796.1,2797.9,2795.8,2796.5,896
2026-04-27 21:10:00+02:00,2796.3,2799.4,2795.4,2799.1,729
2026-04-27 21:20:00+02:00,2799.3,2799.9,2797.1,2798.0,717
2026-04-27 21:30:00+02:00,2797.9,2798.9,2795.9,2797.4,497
2026-04-27 21:40:00+02:00,2797.4,2799.7,2796.5,2799.6,843
2026-04-27 21:50:00+02:00,2799.7,2800.2,2797.3,2800.0,3402
2026-04-27 22:00:00+02:00,2800.1,2800.4,2798.3,2798.5,666
2026-04-27 22:10:00+02:00,2798.5,2799.2,2798.4,2798.5,179
2026-04-27 22:20:00+02:00,2798.4,2799.2,2798.1,2799.0,244
2026-04-27 22:30:00+02:00,2799.0,2800.2,2798.7,2800.0,215
2026-04-27 22:40:00+02:00,2799.9,2801.0,2799.8,2800.5,225
2026-04-27 22:50:00+02:00,2800.4,2801.6,2800.0,2800.9,578
2026-04-28 00:00:00+02:00,2800.2,2804.9,2799.4,2804.3,665
2026-04-28 00:10:00+02:00,2804.4,2807.3,2804.4,2806.1,279
2026-04-28 00:20:00+02:00,2806.1,2806.7,2805.2,2806.4,184
2026-04-28 00:30:00+02:00,2806.4,2806.8,2805.4,2806.3,115
2026-04-28 00:40:00+02:00,2806.1,2806.4,2805.4,2805.4,74
2026-04-28 00:50:00+02:00,2805.4,2805.8,2805.0,2805.4,101
2026-04-28 01:00:00+02:00,2805.3,2805.5,2804.3,2804.7,149
2026-04-28 01:20:00+02:00,2805.5,2805.9,2805.1,2805.6,119
2026-04-28 01:30:00+02:00,2805.6,2806.6,2805.4,2806.5,92
2026-04-28 01:40:00+02:00,2806.7,2806.8,2805.8,2805.8,67
2026-04-28 01:50:00+02:00,2806.0,2806.8,2805.5,2806.7,173
2026-04-28 02:00:00+02:00,2806.7,2809.2,2806.5,2808.6,535
2026-04-28 02:10:00+02:00,2808.6,2809.4,2807.1,2807.5,237
2026-04-28 02:20:00+02:00,2807.3,2808.4,2804.5,2806.7,422
2026-04-28 02:30:00+02:00,2806.7,2807.6,2805.2,2806.4,230
2026-04-28 02:40:00+02:00,2806.5,2807.4,2806.5,2807.2,89
2026-04-28 02:50:00+02:00,2806.4,2806.6,2805.8,2805.8,127
2026-04-28 03:00:00+02:00,2805.9,2806.1,2804.9,2805.6,245
2026-04-28 03:10:00+02:00,2805.7,2806.8,2805.7,2806.4,64
2026-04-28 03:20:00+02:00,2806.4,2807.6,2805.9,2807.6,136
2026-04-28 03:30:00+02:00,2807.5,2808.8,2806.4,2808.2,147
2026-04-28 03:40:00+02:00,2808.2,2808.9,2806.8,2806.8,105
2026-04-28 03:50:00+02:00,2806.8,2806.8,2803.7,2804.4,394
2026-04-28 04:00:00+02:00,2804.2,2805.1,2803.1,2804.4,268
2026-04-28 04:40:00+02:00,2803.3,2803.5,2802.8,2803.4,137
2026-04-28 04:50:00+02:00,2803.4,2804.0,2802.5,2803.0,96
2026-04-28 05:00:00+02:00,2802.8,2803.5,2802.1,2803.2,144
2026-04-28 05:10:00+02:00,2803.3,2804.4,2803.3,2804.3,109
2026-04-28 05:30:00+02:00,2804.9,2805.9,2804.9,2805.5,83
2026-04-28 06:00:00+02:00,2803.9,2804.2,2802.9,2803.4,114
2026-04-28 06:40:00+02:00,2805.2,2805.9,2804.8,2805.1,93
2026-04-28 07:00:00+02:00,2804.2,2804.4,2801.7,2802.1,201
2026-04-28 07:10:00+02:00,2801.6,2802.1,2800.5,2802.0,357
2026-04-28 07:20:00+02:00,2802.1,2803.0,2802.1,2802.5,136
2026-04-28 07:30:00+02:00,2802.4,2802.5,2797.2,2799.4,457
2026-04-28 07:40:00+02:00,2799.2,2800.6,2798.5,2798.6,212
2026-04-28 07:50:00+02:00,2798.7,2799.5,2798.4,2798.6,149
2026-04-28 08:00:00+02:00,2798.7,2799.7,2797.8,2799.3,163
2026-04-28 08:10:00+02:00,2799.6,2799.6,2797.8,2798.0,214
2026-04-28 08:20:00+02:00,2798.1,2799.7,2798.0,2798.7,97
2026-04-28 08:30:00+02:00,2799.1,2799.2,2796.0,2796.6,276
2026-04-28 08:40:00+02:00,2796.7,2797.1,2794.8,2795.0,274
2026-04-28 09:00:00+02:00,2796.7,2797.0,2794.6,2795.0,429
2026-04-28 09:10:00+02:00,2795.0,2795.0,2792.8,2793.9,475
2026-04-28 09:20:00+02:00,2794.1,2795.2,2793.8,2795.0,107
2026-04-28 09:30:00+02:00,2795.1,2797.1,2794.9,2796.5,144
2026-04-28 09:40:00+02:00,2796.7,2798.2,2796.6,2798.0,201
2026-04-28 09:50:00+02:00,2797.4,2798.8,2796.0,2798.1,208
2026-04-28 10:00:00+02:00,2798.3,2798.4,2793.6,2795.4,345
2026-04-28 10:10:00+02:00,2795.3,2799.2,2794.2,2797.9,266
2026-04-28 10:20:00+02:00,2798.1,2802.7,2798.1,2802.7,357
2026-04-28 10:30:00+02:00,2802.4,2802.7,2800.3,2801.1,336
2026-04-28 10:40:00+02:00,2801.4,2801.5,2799.6,2799.6,154
2026-04-28 10:50:00+02:00,2799.5,2801.4,2799.4,2801.2,222
2026-04-28 11:00:00+02:00,2800.9,2800.9,2799.1,2800.9,129
2026-04-28 11:10:00+02:00,2800.8,2802.2,2800.0,2801.5,130
2026-04-28 11:20:00+02:00,2800.5,2800.7,2798.6,2800.1,166
2026-04-28 11:30:00+02:00,2800.2,2800.2,2797.1,2797.4,215
2026-04-28 11:40:00+02:00,2797.4,2798.0,2795.5,2795.6,207
2026-04-28 11:50:00+02:00,2795.5,2797.2,2793.3,2794.1,506
2026-04-28 12:00:00+02:00,2794.0,2795.8,2791.7,2791.8,302
2026-04-28 12:10:00+02:00,2791.6,2792.6,2790.1,2791.9,345
2026-04-28 12:20:00+02:00,2792.0,2792.5,2790.7,2791.4,121
2026-04-28 12:30:00+02:00,2791.4,2792.4,2791.0,2792.0,141
2026-04-28 12:40:00+02:00,2792.1,2792.5,2791.4,2791.9,93
2026-04-28 12:50:00+02:00,2791.9,2794.4,2791.9,2793.5,282
2026-04-28 13:00:00+02:00,2793.2,2795.4,2790.2,2790.2,502
2026-04-28 13:10:00+02:00,2790.1,2790.2,2782.6,2783.3,800
2026-04-28 13:20:00+02:00,2783.4,2784.2,2780.0,2781.3,813
2026-04-28 13:30:00+02:00,2781.5,2782.2,2777.6,2778.9,560
2026-04-28 13:40:00+02:00,2778.8,2782.2,2775.7,2776.3,827
2026-04-28 13:50:00+02:00,2776.1,2779.1,2776.0,2777.9,659
2026-04-28 14:00:00+02:00,2778.1,2779.1,2776.0,2776.1,483
2026-04-28 14:10:00+02:00,2775.7,2779.0,2774.1,2775.1,985
2026-04-28 14:20:00+02:00,2775.1,2783.3,2772.5,2774.8,2770
2026-04-28 14:30:00+02:00,2774.5,2780.6,2772.0,2780.6,672
2026-04-28 14:40:00+02:00,2780.6,2783.0,2779.8,2781.8,641
2026-04-28 14:50:00+02:00,2781.6,2786.9,2781.6,2786.0,832
2026-04-28 15:00:00+02:00,2786.1,2787.4,2783.2,2783.5,988
2026-04-28 15:10:00+02:00,2783.8,2784.7,2780.1,2782.3,850
2026-04-28 15:20:00+02:00,2782.2,2790.3,2782.2,2788.9,1769
2026-04-28 15:30:00+02:00,2788.4,2796.6,2783.0,2794.5,6604
2026-04-28 15:40:00+02:00,2794.2,2797.9,2784.2,2784.6,5134
2026-04-28 15:50:00+02:00,2784.7,2785.4,2778.0,2778.1,3559
2026-04-28 16:00:00+02:00,2778.2,2779.6,2774.0,2777.0,2864
2026-04-28 16:10:00+02:00,2777.1,2777.1,2768.9,2771.5,2820
2026-04-28 16:20:00+02:00,2771.5,2773.5,2765.3,2765.8,3347
2026-04-28 16:30:00+02:00,2765.6,2768.4,2759.1,2761.1,3122
2026-04-28 16:40:00+02:00,2761.0,2766.4,2759.3,2761.9,3361
2026-04-28 16:50:00+02:00,2761.9,2766.0,2757.2,2765.9,4042
2026-04-28 17:00:00+02:00,2765.8,2770.1,2763.4,2766.1,3575
2026-04-28 17:10:00+02:00,2766.0,2769.4,2765.2,2768.4,1415
2026-04-28 17:20:00+02:00,2768.6,2768.6,2763.1,2763.7,1162
2026-04-28 17:30:00+02:00,2763.8,2764.5,2759.2,2761.4,1740
2026-04-28 17:40:00+02:00,2761.3,2763.6,2760.6,2761.7,852
2026-04-28 17:50:00+02:00,2761.7,2764.1,2760.8,2762.8,571
2026-04-28 18:00:00+02:00,2762.8,2765.0,2761.2,2763.8,676
2026-04-28 18:10:00+02:00,2764.2,2765.2,2761.7,2762.8,807
2026-04-28 18:20:00+02:00,2762.9,2765.0,2762.2,2763.6,480
2026-04-28 18:30:00+02:00,2763.5,2764.7,2760.2,2761.3,593
2026-04-28 18:40:00+02:00,2761.5,2762.4,2758.9,2761.0,965
2026-04-28 18:50:00+02:00,2761.0,2764.9,2760.3,2764.2,842
2026-04-28 19:00:00+02:00,2763.9,2765.4,2760.6,2762.0,638
2026-04-28 19:10:00+02:00,2761.9,2762.8,2759.7,2760.3,394
2026-04-28 19:20:00+02:00,2760.1,2763.8,2759.8,2762.3,635
2026-04-28 19:30:00+02:00,2762.3,2765.7,2762.1,2764.8,753
2026-04-28 19:40:00+02:00,2765.0,2766.2,2764.0,2764.5,841
2026-04-28 19:50:00+02:00,2764.5,2767.3,2763.4,2766.4,528
2026-04-28 20:00:00+02:00,2766.3,2767.1,2763.2,2764.0,689
2026-04-28 20:10:00+02:00,2764.1,2766.5,2762.8,2766.2,535
2026-04-28 20:20:00+02:00,2766.1,2767.6,2764.3,2766.8,1437
2026-04-28 20:30:00+02:00,2766.6,2766.9,2762.8,2763.5,593
2026-04-28 20:40:00+02:00,2763.4,2766.1,2763.4,2765.5,733
2026-04-28 20:50:00+02:00,2765.6,2767.0,2764.6,2766.0,436
2026-04-28 21:00:00+02:00,2766.0,2769.0,2765.2,2767.8,1119
2026-04-28 21:10:00+02:00,2767.7,2769.2,2764.3,2765.4,760
2026-04-28 21:20:00+02:00,2765.0,2765.0,2762.8,2762.9,532
2026-04-28 21:30:00+02:00,2763.0,2763.9,2760.7,2763.9,973
2026-04-28 21:40:00+02:00,2763.7,2765.4,2763.7,2765.3,550
2026-04-28 21:50:00+02:00,2765.4,2768.1,2764.2,2767.8,3278
2026-04-28 22:00:00+02:00,2767.8,2772.1,2766.5,2772.0,1432
2026-04-28 22:10:00+02:00,2771.9,2772.4,2769.7,2770.9,544
2026-04-28 22:20:00+02:00,2770.9,2770.9,2769.7,2769.9,166
2026-04-28 22:30:00+02:00,2769.9,2770.4,2769.1,2769.1,330
2026-04-28 22:40:00+02:00,2769.3,2770.8,2769.2,2770.5,222
2026-04-28 22:50:00+02:00,2770.0,2770.6,2769.4,2770.0,221
2026-04-29 00:10:00+02:00,2770.9,2772.0,2770.9,2771.1,60
2026-04-29 00:40:00+02:00,2770.4,2771.3,2770.3,2771.0,52
2026-04-29 00:50:00+02:00,2771.2,2771.6,2770.9,2771.5,49
2026-04-29 01:40:00+02:00,2772.0,2772.9,2771.9,2772.8,211
2026-04-29 01:50:00+02:00,2772.9,2773.3,2772.5,2773.3,105
2026-04-29 02:00:00+02:00,2773.4,2775.6,2773.4,2775.6,449
2026-04-29 02:10:00+02:00,2775.5,2776.6,2775.1,2775.3,358
2026-04-29 02:20:00+02:00,2775.5,2777.2,2775.5,2777.0,113
2026-04-29 02:30:00+02:00,2777.0,2777.6,2776.6,2776.8,238
2026-04-29 02:40:00+02:00,2776.9,2778.1,2776.7,2776.8,173
2026-04-29 02:50:00+02:00,2776.7,2777.1,2776.1,2776.6,167
2026-04-29 03:00:00+02:00,2776.6,2776.7,2769.2,2770.6,737
2026-04-29 03:10:00+02:00,2771.3,2773.4,2770.1,2772.6,329
2026-04-29 03:20:00+02:00,2772.7,2774.0,2772.5,2773.4,196
2026-04-29 03:30:00+02:00,2773.1,2774.3,2772.3,2772.8,197
2026-04-29 03:40:00+02:00,2772.9,2774.8,2772.9,2773.6,92
2026-04-29 03:50:00+02:00,2773.7,2773.7,2772.5,2773.5,61
2026-04-29 04:00:00+02:00,2773.6,2775.3,2773.5,2774.5,131
2026-04-29 04:10:00+02:00,2775.0,2777.1,2774.6,2776.2,156
2026-04-29 04:30:00+02:00,2776.0,2776.0,2774.1,2774.7,95
2026-04-29 04:40:00+02:00,2774.5,2775.5,2774.1,2775.5,86
2026-04-29 05:00:00+02:00,2774.6,2775.7,2774.4,2775.4,61
2026-04-29 05:10:00+02:00,2775.5,2776.6,2775.5,2776.1,103
2026-04-29 05:20:00+02:00,2776.1,2776.1,2775.7,2776.0,42
2026-04-29 06:00:00+02:00,2774.5,2775.0,2774.4,2774.8,39
2026-04-29 06:20:00+02:00,2774.7,2775.3,2774.5,2774.9,73
2026-04-29 06:30:00+02:00,2775.2,2776.2,2775.2,2775.9,62
2026-04-29 07:10:00+02:00,2774.7,2775.0,2773.9,2774.2,36
2026-04-29 08:00:00+02:00,2775.6,2777.0,2775.6,2775.9,182
2026-04-29 08:10:00+02:00,2775.8,2776.0,2774.2,2774.8,55
2026-04-29 08:20:00+02:00,2774.6,2775.1,2774.0,2774.2,49
2026-04-29 08:30:00+02:00,2774.2,2774.2,2772.6,2773.9,141
2026-04-29 08:50:00+02:00,2773.5,2773.5,2771.3,2771.4,165
2026-04-29 09:00:00+02:00,2771.5,2773.3,2771.5,2771.9,186
2026-04-29 09:10:00+02:00,2771.3,2771.4,2769.7,2769.9,245
2026-04-29 09:20:00+02:00,2769.6,2771.1,2769.3,2770.6,143
2026-04-29 09:30:00+02:00,2770.7,2773.3,2770.3,2772.1,330
2026-04-29 09:40:00+02:00,2772.3,2774.6,2770.0,2774.4,465
2026-04-29 10:00:00+02:00,2772.7,2776.0,2769.7,2770.4,595
2026-04-29 10:10:00+02:00,2770.0,2770.8,2767.1,2769.0,312
2026-04-29 10:20:00+02:00,2769.5,2772.5,2769.5,2772.5,258
2026-04-29 10:30:00+02:00,2772.2,2772.2,2767.7,2769.1,413
2026-04-29 10:40:00+02:00,2769.0,2772.0,2768.6,2768.6,192
2026-04-29 10:50:00+02:00,2768.8,2769.6,2767.1,2768.6,314
2026-04-29 11:00:00+02:00,2767.9,2769.3,2766.0,2767.5,242
2026-04-29 11:10:00+02:00,2767.7,2769.9,2766.9,2769.9,231
2026-04-29 11:20:00+02:00,2769.8,2770.7,2768.9,2770.6,84
2026-04-29 11:30:00+02:00,2770.5,2773.0,2769.8,2769.9,266
2026-04-29 11:40:00+02:00,2769.8,2770.1,2767.2,2768.3,262
2026-04-29 11:50:00+02:00,2768.5,2768.9,2765.5,2766.7,149
2026-04-29 12:00:00+02:00,2766.9,2770.5,2766.4,2770.4,194
2026-04-29 12:10:00+02:00,2770.6,2775.1,2770.4,2774.7,336
2026-04-29 12:20:00+02:00,2774.7,2774.9,2773.2,2774.6,194
2026-04-29 12:30:00+02:00,2774.7,2776.0,2774.6,2774.8,306
2026-04-29 12:40:00+02:00,2774.6,2774.8,2773.5,2774.5,141
2026-04-29 12:50:00+02:00,2774.9,2775.1,2773.0,2773.8,103
2026-04-29 13:00:00+02:00,2774.1,2775.8,2773.8,2774.8,295
2026-04-29 13:10:00+02:00,2774.8,2776.7,2774.7,2775.7,210
2026-04-29 13:20:00+02:00,2775.8,2775.8,2773.4,2773.5,187
2026-04-29 13:30:00+02:00,2773.7,2776.2,2773.1,2773.6,346
2026-04-29 13:40:00+02:00,2773.7,2774.6,2772.5,2772.9,211
2026-04-29 13:50:00+02:00,2773.3,2774.3,2772.5,2773.7,165
2026-04-29 14:00:00+02:00,2773.8,2774.1,2770.9,2771.7,325
2026-04-29 14:10:00+02:00,2771.7,2773.4,2771.0,2772.9,215
2026-04-29 14:20:00+02:00,2772.5,2773.3,2768.8,2771.0,644
2026-04-29 14:30:00+02:00,2770.7,2770.9,2761.9,2766.3,1318
2026-04-29 14:40:00+02:00,2766.2,2769.4,2765.8,2767.7,399
2026-04-29 14:50:00+02:00,2767.6,2769.9,2766.5,2769.5,401
2026-04-29 15:00:00+02:00,2769.9,2771.9,2769.2,2771.3,539
2026-04-29 15:10:00+02:00,2771.4,2772.1,2768.3,2768.5,649
2026-04-29 15:20:00+02:00,2768.6,2769.6,2764.0,2767.2,1889
2026-04-29 15:30:00+02:00,2767.1,2771.8,2762.1,2764.6,4761
2026-04-29 15:40:00+02:00,2764.6,2765.2,2753.1,2753.4,3530
2026-04-29 15:50:00+02:00,2753.2,2762.7,2752.7,2758.0,3723
2026-04-29 16:00:00+02:00,2758.0,2758.0,2753.2,2756.6,2105
2026-04-29 16:10:00+02:00,2756.4,2761.6,2755.7,2758.9,1795
2026-04-29 16:20:00+02:00,2758.5,2762.7,2758.1,2758.7,1536
2026-04-29 16:30:00+02:00,2758.6,2762.9,2757.5,2758.9,1754
2026-04-29 16:40:00+02:00,2758.9,2761.8,2757.6,2758.0,1368
2026-04-29 16:50:00+02:00,2757.8,2758.6,2755.1,2755.8,1253
2026-04-29 17:00:00+02:00,2755.9,2756.8,2749.3,2749.5,1929
2026-04-29 17:10:00+02:00,2749.2,2753.8,2747.6,2751.6,2175
2026-04-29 17:20:00+02:00,2752.2,2753.3,2748.8,2751.3,1411
2026-04-29 17:30:00+02:00,2751.6,2752.6,2745.9,2747.6,1938
2026-04-29 17:40:00+02:00,2747.4,2749.4,2745.7,2748.3,1142
2026-04-29 17:50:00+02:00,2748.2,2749.6,2737.9,2742.9,4992
2026-04-29 18:00:00+02:00,2743.1,2746.0,2741.2,2741.3,1326
2026-04-29 18:10:00+02:00,2741.3,2745.2,2740.8,2742.5,1061
2026-04-29 18:20:00+02:00,2742.3,2744.3,2740.0,2740.0,955
2026-04-29 18:30:00+02:00,2739.9,2739.9,2735.7,2737.6,1778
2026-04-29 18:40:00+02:00,2737.9,2740.6,2737.6,2740.1,794
2026-04-29 18:50:00+02:00,2739.8,2741.0,2737.0,2739.0,599
2026-04-29 19:00:00+02:00,2739.4,2739.6,2736.5,2737.7,765
2026-04-29 19:10:00+02:00,2738.0,2740.5,2737.5,2739.7,780
2026-04-29 19:20:00+02:00,2739.4,2743.1,2739.4,2741.2,1440
2026-04-29 19:30:00+02:00,2741.3,2743.4,2739.6,2739.8,817
2026-04-29 19:40:00+02:00,2739.8,2743.0,2737.4,2741.8,1431
2026-04-29 19:50:00+02:00,2741.8,2745.3,2741.3,2745.3,869
2026-04-29 20:00:00+02:00,2744.0,2745.4,2732.4,2733.2,2233
2026-04-29 20:10:00+02:00,2733.2,2738.5,2731.1,2735.1,1825
2026-04-29 20:20:00+02:00,2735.2,2737.6,2734.1,2735.6,827
2026-04-29 20:30:00+02:00,2735.6,2741.3,2731.6,2736.9,2680
2026-04-29 20:40:00+02:00,2736.2,2737.6,2730.7,2735.7,1728
2026-04-29 20:50:00+02:00,2736.3,2742.7,2735.8,2742.0,1207
2026-04-29 21:00:00+02:00,2742.3,2743.8,2738.6,2742.5,1582
2026-04-29 21:10:00+02:00,2742.3,2747.6,2741.3,2746.5,1746
2026-04-29 21:20:00+02:00,2746.5,2746.7,2742.5,2742.7,847
2026-04-29 21:30:00+02:00,2742.5,2743.2,2738.5,2743.1,1283
2026-04-29 21:40:00+02:00,2743.3,2745.4,2740.7,2744.5,831
2026-04-29 21:50:00+02:00,2744.2,2748.8,2743.0,2747.7,3857
2026-04-29 22:00:00+02:00,2747.9,2753.0,2744.8,2747.0,2765
2026-04-29 22:10:00+02:00,2747.1,2747.1,2735.8,2744.7,1798
2026-04-29 22:20:00+02:00,2744.9,2746.8,2742.8,2743.6,646
2026-04-29 22:30:00+02:00,2743.5,2744.2,2742.0,2742.2,438
2026-04-29 22:40:00+02:00,2742.5,2743.8,2741.0,2741.0,625
2026-04-29 22:50:00+02:00,2740.9,2741.0,2737.5,2738.6,554
2026-04-30 00:00:00+02:00,2737.9,2738.9,2733.1,2736.7,958
2026-04-30 00:10:00+02:00,2736.6,2743.1,2735.8,2742.6,738
2026-04-30 00:20:00+02:00,2742.7,2743.1,2740.7,2741.7,448
2026-04-30 00:30:00+02:00,2741.8,2742.9,2741.2,2741.5,234
2026-04-30 00:40:00+02:00,2741.3,2743.5,2740.9,2742.6,237
2026-04-30 00:50:00+02:00,2743.0,2743.9,2742.0,2742.2,113
2026-04-30 01:00:00+02:00,2742.5,2743.4,2742.2,2743.0,119
2026-04-30 01:10:00+02:00,2743.4,2744.0,2742.4,2742.4,92
2026-04-30 01:40:00+02:00,2743.7,2744.6,2743.5,2743.6,119
2026-04-30 01:50:00+02:00,2743.6,2746.2,2743.5,2745.3,194
2026-04-30 02:00:00+02:00,2745.9,2747.4,2743.9,2747.4,521
2026-04-30 02:10:00+02:00,2747.3,2748.0,2746.1,2747.7,230
2026-04-30 02:20:00+02:00,2748.1,2748.4,2746.9,2748.1,170
2026-04-30 02:30:00+02:00,2748.2,2749.2,2747.4,2749.2,277
2026-04-30 02:40:00+02:00,2749.3,2750.0,2748.5,2749.1,199
2026-04-30 02:50:00+02:00,2749.1,2750.5,2749.1,2749.3,252
2026-04-30 03:00:00+02:00,2749.1,2749.4,2747.2,2747.7,301
2026-04-30 03:10:00+02:00,2747.9,2748.6,2747.2,2748.6,172
2026-04-30 03:20:00+02:00,2748.5,2749.9,2748.4,2749.8,159
2026-04-30 03:30:00+02:00,2749.8,2750.8,2748.1,2749.4,332
2026-04-30 03:40:00+02:00,2749.3,2750.4,2749.1,2750.3,133
2026-04-30 03:50:00+02:00,2750.4,2752.2,2749.6,2752.2,235
2026-04-30 04:00:00+02:00,2752.2,2752.7,2751.0,2752.5,192
2026-04-30 04:10:00+02:00,2752.4,2752.8,2751.0,2751.0,182
2026-04-30 04:20:00+02:00,2751.3,2751.3,2747.4,2748.0,508
2026-04-30 04:30:00+02:00,2748.0,2748.0,2736.9,2745.8,1243
2026-04-30 04:40:00+02:00,2745.7,2746.8,2739.6,2740.1,452
2026-04-30 04:50:00+02:00,2739.5,2745.4,2739.4,2744.5,356
2026-04-30 05:00:00+02:00,2744.3,2745.5,2743.2,2744.1,206
2026-04-30 05:10:00+02:00,2744.3,2744.7,2739.9,2741.8,329
2026-04-30 05:20:00+02:00,2741.3,2741.8,2740.2,2741.5,107
2026-04-30 05:30:00+02:00,2741.5,2741.6,2739.9,2741.2,113
2026-04-30 05:40:00+02:00,2741.2,2742.0,2740.2,2741.1,119
2026-04-30 05:50:00+02:00,2741.0,2741.1,2739.6,2740.2,106
2026-04-30 06:00:00+02:00,2740.1,2740.3,2736.3,2738.2,304
2026-04-30 06:10:00+02:00,2738.2,2738.4,2734.5,2735.1,270
2026-04-30 06:20:00+02:00,2735.4,2736.0,2734.0,2734.2,212
2026-04-30 06:30:00+02:00,2734.1,2734.5,2730.1,2730.7,403
2026-04-30 06:40:00+02:00,2730.6,2733.6,2730.3,2733.0,200
2026-04-30 06:50:00+02:00,2733.0,2733.4,2731.4,2731.7,146
2026-04-30 07:00:00+02:00,2732.0,2737.6,2732.0,2737.1,305
2026-04-30 07:10:00+02:00,2736.8,2737.0,2735.9,2736.0,104
2026-04-30 07:20:00+02:00,2735.9,2736.1,2732.4,2733.2,193
2026-04-30 07:40:00+02:00,2736.6,2737.5,2734.7,2734.9,78
2026-04-30 07:50:00+02:00,2734.9,2735.4,2731.3,2731.3,195
2026-04-30 08:00:00+02:00,2731.4,2731.9,2728.2,2728.9,434
2026-04-30 08:10:00+02:00,2728.1,2730.0,2726.1,2729.6,349
2026-04-30 08:20:00+02:00,2729.5,2731.1,2728.4,2731.1,241
2026-04-30 08:30:00+02:00,2731.3,2739.3,2731.3,2736.6,597
2026-04-30 08:40:00+02:00,2737.0,2737.2,2732.9,2733.0,222
2026-04-30 08:50:00+02:00,2733.2,2736.5,2733.2,2735.5,265
2026-04-30 09:00:00+02:00,2735.6,2740.6,2734.0,2740.3,434
2026-04-30 09:10:00+02:00,2740.8,2742.5,2738.7,2738.9,436
2026-04-30 09:20:00+02:00,2739.1,2742.4,2739.0,2741.9,149
2026-04-30 09:30:00+02:00,2741.7,2742.4,2739.9,2741.1,152
2026-04-30 09:40:00+02:00,2741.6,2742.2,2740.5,2741.5,136
2026-04-30 10:00:00+02:00,2740.8,2744.9,2740.6,2743.4,426
2026-04-30 10:10:00+02:00,2743.8,2744.3,2742.3,2742.8,303
2026-04-30 10:20:00+02:00,2742.8,2743.2,2741.0,2743.0,164
2026-04-30 10:30:00+02:00,2743.2,2745.8,2743.2,2745.8,239
2026-04-30 10:40:00+02:00,2745.7,2748.0,2744.7,2747.9,249
2026-04-30 10:50:00+02:00,2747.5,2748.0,2743.6,2743.8,152
2026-04-30 11:00:00+02:00,2743.9,2744.5,2741.7,2743.8,249
2026-04-30 11:10:00+02:00,2743.5,2743.7,2740.8,2741.2,298
2026-04-30 11:20:00+02:00,2740.9,2745.7,2739.6,2745.7,184
2026-04-30 11:30:00+02:00,2745.8,2752.2,2745.1,2746.9,641
2026-04-30 11:40:00+02:00,2746.9,2747.8,2743.0,2746.6,207
2026-04-30 11:50:00+02:00,2746.8,2746.8,2742.3,2744.8,284
2026-04-30 12:00:00+02:00,2745.1,2748.3,2745.0,2747.3,203
2026-04-30 12:10:00+02:00,2747.5,2748.5,2745.3,2747.1,189
2026-04-30 12:20:00+02:00,2746.7,2748.4,2746.3,2748.2,187
2026-04-30 12:30:00+02:00,2748.6,2750.9,2743.8,2744.5,799
2026-04-30 12:40:00+02:00,2744.7,2746.7,2743.7,2744.3,443
2026-04-30 12:50:00+02:00,2744.1,2746.3,2741.9,2745.4,343
2026-04-30 13:00:00+02:00,2745.5,2752.3,2744.9,2749.4,619
2026-04-30 13:10:00+02:00,2749.3,2751.1,2748.1,2750.7,405
2026-04-30 13:20:00+02:00,2751.0,2753.3,2749.2,2752.7,539
2026-04-30 13:30:00+02:00,2752.2,2752.4,2746.9,2747.9,403
2026-04-30 13:40:00+02:00,2747.7,2747.8,2745.1,2747.1,476
2026-04-30 13:50:00+02:00,2747.7,2749.3,2746.0,2747.3,234
2026-04-30 14:00:00+02:00,2747.3,2749.5,2747.0,2748.4,370
2026-04-30 14:10:00+02:00,2748.6,2753.6,2748.1,2753.3,848
2026-04-30 14:20:00+02:00,2753.5,2754.6,2751.5,2752.6,591
2026-04-30 14:30:00+02:00,2751.6,2753.6,2748.1,2749.3,754
2026-04-30 14:40:00+02:00,2749.0,2749.7,2746.9,2748.1,705
2026-04-30 14:50:00+02:00,2748.6,2752.7,2748.1,2751.4,463
2026-04-30 15:00:00+02:00,2751.8,2753.5,2751.3,2752.9,598
2026-04-30 15:10:00+02:00,2752.7,2752.7,2749.0,2751.0,835
2026-04-30 15:20:00+02:00,2750.9,2758.4,2748.9,2758.2,1475
2026-04-30 15:30:00+02:00,2758.0,2765.5,2755.1,2758.9,10021
2026-04-30 15:40:00+02:00,2759.0,2765.8,2754.2,2755.3,4091
2026-04-30 15:50:00+02:00,2755.3,2757.8,2751.4,2753.7,3835
2026-04-30 16:00:00+02:00,2753.8,2763.9,2753.6,2761.6,3840
2026-04-30 16:10:00+02:00,2761.7,2766.2,2759.5,2765.8,3380
2026-04-30 16:20:00+02:00,2765.7,2769.2,2764.5,2768.9,2753
2026-04-30 16:30:00+02:00,2768.8,2773.0,2766.0,2768.9,2978
2026-04-30 16:40:00+02:00,2769.1,2778.8,2769.1,2778.0,3189
2026-04-30 16:50:00+02:00,2777.8,2782.4,2777.2,2781.3,3035
2026-04-30 17:00:00+02:00,2781.1,2782.7,2777.1,2781.8,2542
2026-04-30 17:10:00+02:00,2782.0,2783.5,2779.7,2782.9,1730
2026-04-30 17:20:00+02:00,2783.1,2788.4,2782.3,2787.5,1957
2026-04-30 17:30:00+02:00,2787.4,2789.2,2784.5,2784.9,1752
2026-04-30 17:40:00+02:00,2784.7,2785.3,2782.2,2784.9,1310
2026-04-30 17:50:00+02:00,2785.1,2788.7,2784.9,2788.0,1023
2026-04-30 18:00:00+02:00,2788.1,2788.6,2784.7,2787.8,1001
2026-04-30 18:10:00+02:00,2787.9,2789.9,2787.6,2789.2,864
2026-04-30 18:20:00+02:00,2789.2,2790.0,2787.9,2790.0,615
2026-04-30 18:30:00+02:00,2789.9,2790.5,2788.3,2790.2,698
2026-04-30 18:40:00+02:00,2790.0,2790.8,2788.2,2790.7,968
2026-04-30 18:50:00+02:00,2790.6,2791.4,2787.2,2790.1,1062
2026-04-30 19:00:00+02:00,2790.1,2792.8,2790.1,2792.3,1291
2026-04-30 19:10:00+02:00,2792.1,2793.1,2789.9,2791.6,761
2026-04-30 19:20:00+02:00,2791.4,2793.6,2791.4,2793.6,794
2026-04-30 19:30:00+02:00,2793.6,2798.4,2793.6,2796.9,1894
2026-04-30 19:40:00+02:00,2796.7,2799.6,2796.0,2799.1,1176
2026-04-30 19:50:00+02:00,2799.1,2799.3,2797.2,2797.3,702
2026-04-30 20:00:00+02:00,2797.2,2800.5,2796.9,2797.5,1057
2026-04-30 20:10:00+02:00,2797.6,2799.3,2796.8,2798.9,836
2026-04-30 20:20:00+02:00,2798.6,2801.0,2798.2,2800.5,1172
2026-04-30 20:30:00+02:00,2800.6,2803.1,2800.1,2802.7,1596
2026-04-30 20:40:00+02:00,2802.7,2804.3,2802.7,2803.7,945
2026-04-30 20:50:00+02:00,2803.9,2804.4,2800.1,2800.1,1168
2026-04-30 21:00:00+02:00,2800.1,2805.0,2799.8,2804.3,1104
2026-04-30 21:10:00+02:00,2804.4,2807.3,2804.3,2806.4,1077
2026-04-30 21:20:00+02:00,2806.2,2807.5,2804.7,2805.2,779
2026-04-30 21:30:00+02:00,2805.0,2805.7,2803.3,2805.3,1217
2026-04-30 21:40:00+02:00,2805.0,2807.2,2803.6,2807.0,978
2026-04-30 21:50:00+02:00,2806.9,2809.7,2805.8,2806.6,6094
2026-04-30 22:00:00+02:00,2806.7,2811.2,2806.4,2809.9,2617
2026-04-30 22:10:00+02:00,2810.0,2812.7,2809.1,2812.6,1249
2026-04-30 22:20:00+02:00,2812.7,2814.3,2812.2,2813.3,454
2026-04-30 22:30:00+02:00,2813.1,2815.3,2811.8,2813.8,638
2026-04-30 22:40:00+02:00,2813.8,2815.5,2813.4,2815.5,298
2026-04-30 22:50:00+02:00,2815.2,2815.6,2813.1,2813.5,547
2026-05-01 00:00:00+02:00,2813.4,2813.7,2810.1,2813.7,336
2026-05-01 00:10:00+02:00,2813.7,2814.2,2810.2,2812.0,746
2026-05-01 00:20:00+02:00,2812.1,2812.7,2811.5,2812.4,139
2026-05-01 00:40:00+02:00,2812.2,2813.4,2812.1,2812.8,124
2026-05-01 00:50:00+02:00,2812.5,2812.8,2811.0,2811.9,138
2026-05-01 01:00:00+02:00,2812.2,2813.0,2811.0,2811.1,109
2026-05-01 01:40:00+02:00,2813.7,2813.9,2812.6,2813.9,77
2026-05-01 01:50:00+02:00,2814.1,2814.4,2811.6,2812.4,363
2026-05-01 02:00:00+02:00,2812.7,2814.9,2812.4,2813.2,204
2026-05-01 02:10:00+02:00,2813.0,2813.0,2808.7,2812.9,350
2026-05-01 02:30:00+02:00,2813.3,2814.6,2812.6,2813.0,117
2026-05-01 02:40:00+02:00,2813.0,2813.9,2811.7,2812.4,82
2026-05-01 02:50:00+02:00,2812.2,2812.2,2810.3,2810.3,147
2026-05-01 03:00:00+02:00,2810.0,2810.8,2808.7,2810.0,96
2026-05-01 03:10:00+02:00,2810.5,2811.7,2810.3,2810.5,74
2026-05-01 03:40:00+02:00,2812.5,2812.7,2811.2,2811.4,101
2026-05-01 03:50:00+02:00,2811.6,2811.8,2810.7,2810.9,51
2026-05-01 04:00:00+02:00,2810.7,2811.1,2810.2,2810.3,140
2026-05-01 04:20:00+02:00,2810.5,2810.7,2809.6,2810.0,54
2026-05-01 04:30:00+02:00,2809.8,2809.9,2809.3,2809.3,62
2026-05-01 04:40:00+02:00,2809.0,2809.5,2808.8,2809.0,55
2026-05-01 04:50:00+02:00,2808.8,2809.9,2808.8,2809.8,45
2026-05-01 05:00:00+02:00,2809.9,2810.5,2809.5,2810.1,115
2026-05-01 05:20:00+02:00,2810.6,2812.2,2810.4,2811.2,100
2026-05-01 05:30:00+02:00,2811.4,2812.5,2810.9,2810.9,105
2026-05-01 05:40:00+02:00,2810.8,2811.0,2809.5,2809.7,59
2026-05-01 05:50:00+02:00,2810.0,2810.5,2809.2,2809.4,71
2026-05-01 06:00:00+02:00,2809.6,2809.6,2807.9,2808.8,131
2026-05-01 06:10:00+02:00,2808.7,2809.1,2808.4,2809.0,94
2026-05-01 08:30:00+02:00,2808.8,2809.0,2806.9,2807.2,122
2026-05-01 08:40:00+02:00,2807.2,2807.5,2806.3,2807.2,94
2026-05-01 08:50:00+02:00,2806.8,2807.1,2806.4,2807.0,90
2026-05-01 09:00:00+02:00,2807.0,2808.9,2807.0,2808.9,108
2026-05-01 09:10:00+02:00,2808.9,2810.1,2808.7,2809.5,95
2026-05-01 09:20:00+02:00,2809.9,2810.2,2808.3,2808.6,98
2026-05-01 09:30:00+02:00,2808.3,2808.4,2806.2,2806.3,123
2026-05-01 09:40:00+02:00,2806.0,2807.1,2805.3,2807.1,106
2026-05-01 09:50:00+02:00,2807.5,2807.7,2804.6,2805.2,396
2026-05-01 10:00:00+02:00,2805.2,2805.7,2804.1,2804.2,142
2026-05-01 10:10:00+02:00,2803.9,2805.1,2803.6,2804.3,132
2026-05-01 10:20:00+02:00,2804.6,2805.9,2804.1,2805.7,84
2026-05-01 10:30:00+02:00,2805.3,2805.6,2803.6,2803.6,83
2026-05-01 11:00:00+02:00,2805.0,2805.2,2803.0,2804.1,75
2026-05-01 11:20:00+02:00,2804.6,2805.3,2804.0,2804.2,100
2026-05-01 11:30:00+02:00,2804.2,2804.9,2803.3,2804.9,94
2026-05-01 11:40:00+02:00,2804.7,2804.8,2803.6,2804.3,93
2026-05-01 11:50:00+02:00,2804.2,2804.8,2803.9,2804.1,129
2026-05-01 12:00:00+02:00,2804.0,2804.4,2803.5,2803.5,86
2026-05-01 12:10:00+02:00,2803.4,2804.3,2802.9,2803.3,96
2026-05-01 12:20:00+02:00,2803.7,2803.8,2802.7,2802.9,81
2026-05-01 12:30:00+02:00,2802.9,2803.3,2801.4,2801.4,204
2026-05-01 12:40:00+02:00,2801.4,2802.6,2801.3,2802.3,121
2026-05-01 12:50:00+02:00,2802.3,2805.4,2802.3,2805.2,259
2026-05-01 13:00:00+02:00,2805.5,2805.5,2802.8,2803.7,199
2026-05-01 13:10:00+02:00,2803.6,2805.0,2802.6,2804.7,187
2026-05-01 13:20:00+02:00,2804.9,2806.3,2804.6,2805.9,231
2026-05-01 13:30:00+02:00,2805.8,2806.7,2805.6,2805.9,140
2026-05-01 13:40:00+02:00,2805.7,2806.3,2804.5,2805.7,223
2026-05-01 13:50:00+02:00,2805.6,2807.1,2804.9,2806.8,122
2026-05-01 14:00:00+02:00,2807.1,2808.3,2806.0,2806.5,367
2026-05-01 14:10:00+02:00,2806.5,2819.0,2806.5,2815.2,1735
2026-05-01 14:20:00+02:00,2815.0,2815.9,2813.2,2814.1,511
2026-05-01 14:30:00+02:00,2813.9,2815.2,2813.0,2813.1,365
2026-05-01 14:40:00+02:00,2812.8,2813.1,2808.5,2809.3,773
2026-05-01 14:50:00+02:00,2809.1,2810.8,2808.7,2808.9,233
2026-05-01 15:00:00+02:00,2808.7,2811.7,2808.7,2811.2,422
2026-05-01 15:10:00+02:00,2811.1,2812.9,2810.2,2810.7,329
2026-05-01 15:20:00+02:00,2810.6,2813.8,2810.2,2813.7,509
2026-05-01 15:30:00+02:00,2813.5,2814.5,2796.2,2796.4,7001
2026-05-01 15:40:00+02:00,2796.6,2802.2,2793.0,2793.3,3897
2026-05-01 15:50:00+02:00,2793.5,2811.6,2792.5,2810.0,6787
2026-05-01 16:00:00+02:00,2808.9,2814.0,2807.5,2810.5,2683
2026-05-01 16:10:00+02:00,2810.4,2821.4,2809.1,2816.7,3595
2026-05-01 16:20:00+02:00,2816.7,2819.4,2815.3,2816.4,1589
2026-05-01 16:30:00+02:00,2816.7,2816.7,2808.6,2811.5,2675
2026-05-01 16:40:00+02:00,2811.3,2813.6,2808.5,2810.4,1616
2026-05-01 16:50:00+02:00,2809.9,2811.1,2806.6,2807.7,1420
2026-05-01 17:00:00+02:00,2807.9,2810.7,2804.9,2810.4,1753
2026-05-01 17:10:00+02:00,2810.2,2813.1,2808.8,2811.2,1292
2026-05-01 17:20:00+02:00,2811.3,2813.3,2811.1,2813.2,636
2026-05-01 17:30:00+02:00,2813.3,2816.9,2811.7,2814.7,1799
2026-05-01 17:40:00+02:00,2814.7,2820.4,2814.6,2820.0,1100
2026-05-01 17:50:00+02:00,2820.0,2820.6,2811.3,2815.5,2923
2026-05-01 18:00:00+02:00,2815.5,2816.7,2813.2,2813.6,830
2026-05-01 18:10:00+02:00,2813.7,2818.6,2812.7,2818.5,968
2026-05-01 18:20:00+02:00,2818.7,2819.1,2811.3,2811.9,2745
2026-05-01 18:30:00+02:00,2812.2,2813.8,2810.2,2813.0,950
2026-05-01 18:40:00+02:00,2812.9,2813.1,2808.9,2812.2,909
2026-05-01 18:50:00+02:00,2812.2,2815.1,2811.4,2813.4,748
2026-05-01 19:00:00+02:00,2813.2,2816.6,2812.8,2816.6,624
2026-05-01 19:10:00+02:00,2816.5,2820.3,2816.5,2819.8,794
2026-05-01 19:20:00+02:00,2819.8,2821.3,2819.5,2821.0,574
2026-05-01 19:30:00+02:00,2821.1,2822.5,2820.2,2820.9,942
2026-05-01 19:40:00+02:00,2821.0,2822.1,2820.7,2821.5,339
2026-05-01 19:50:00+02:00,2821.5,2823.8,2820.4,2822.1,788
2026-05-01 20:00:00+02:00,2822.1,2822.9,2818.6,2818.8,851
2026-05-01 20:10:00+02:00,2818.8,2819.4,2815.9,2818.9,898
2026-05-01 20:20:00+02:00,2818.8,2822.4,2818.2,2822.1,1016
2026-05-01 20:30:00+02:00,2822.0,2822.8,2818.3,2818.5,1175
2026-05-01 20:40:00+02:00,2818.5,2819.4,2816.2,2818.5,506
2026-05-01 20:50:00+02:00,2818.8,2819.4,2816.3,2816.6,387
2026-05-01 21:00:00+02:00,2816.6,2821.3,2815.7,2821.3,632
2026-05-01 21:10:00+02:00,2821.3,2823.7,2820.6,2823.2,797
2026-05-01 21:20:00+02:00,2823.1,2824.9,2822.6,2823.1,539
2026-05-01 21:30:00+02:00,2823.4,2823.5,2820.2,2822.3,750
2026-05-01 21:40:00+02:00,2822.5,2823.2,2821.3,2822.6,535
2026-05-01 21:50:00+02:00,2822.4,2823.1,2818.4,2819.5,3546
2026-05-01 22:00:00+02:00,2819.4,2819.9,2816.5,2817.8,1086
2026-05-01 22:10:00+02:00,2817.7,2818.1,2814.3,2814.9,910
2026-05-01 22:20:00+02:00,2814.8,2816.0,2814.6,2815.2,465
2026-05-01 22:30:00+02:00,2815.4,2816.0,2813.9,2814.5,347
2026-05-01 22:40:00+02:00,2814.5,2815.4,2813.8,2814.5,224
2026-05-01 22:50:00+02:00,2814.5,2815.2,2811.2,2813.7,659
2026-05-04 00:00:00+02:00,2825.1,2833.2,2825.1,2829.0,1069
2026-05-04 00:10:00+02:00,2828.9,2829.4,2826.4,2827.6,452
2026-05-04 00:20:00+02:00,2827.8,2828.3,2823.7,2826.0,466
2026-05-04 00:30:00+02:00,2826.2,2826.8,2824.9,2825.1,168
2026-05-04 00:40:00+02:00,2825.1,2830.5,2825.1,2827.5,462
2026-05-04 00:50:00+02:00,2826.9,2827.8,2826.6,2826.7,113
2026-05-04 01:00:00+02:00,2826.8,2830.8,2826.3,2829.2,281
2026-05-04 01:10:00+02:00,2829.2,2829.2,2825.1,2826.2,267
2026-05-04 01:20:00+02:00,2826.2,2826.9,2825.8,2826.7,131
2026-05-04 01:30:00+02:00,2826.5,2828.1,2826.2,2826.7,196
2026-05-04 01:40:00+02:00,2826.6,2827.1,2823.7,2825.7,261
2026-05-04 01:50:00+02:00,2825.6,2827.1,2825.3,2825.8,90
2026-05-04 02:00:00+02:00,2825.7,2827.5,2824.2,2827.0,356
2026-05-04 02:10:00+02:00,2827.3,2827.4,2822.9,2824.3,382
2026-05-04 02:20:00+02:00,2824.3,2825.3,2821.9,2824.2,263
2026-05-04 02:30:00+02:00,2824.7,2826.9,2824.0,2824.5,221
2026-05-04 02:40:00+02:00,2824.6,2827.0,2824.6,2826.7,168
2026-05-04 02:50:00+02:00,2827.0,2828.0,2825.8,2827.5,207
2026-05-04 03:00:00+02:00,2827.5,2827.8,2823.5,2824.4,249
2026-05-04 03:10:00+02:00,2823.9,2827.7,2823.2,2826.7,241
2026-05-04 03:20:00+02:00,2826.9,2827.4,2824.5,2824.7,172
2026-05-04 03:30:00+02:00,2824.2,2826.0,2824.2,2825.8,216
2026-05-04 03:40:00+02:00,2826.1,2826.1,2824.3,2824.7,68
2026-05-04 03:50:00+02:00,2824.7,2825.4,2824.2,2825.4,67
2026-05-04 04:00:00+02:00,2825.5,2825.5,2823.4,2823.6,161
2026-05-04 04:10:00+02:00,2823.4,2824.3,2821.3,2823.0,319
2026-05-04 04:20:00+02:00,2823.2,2823.2,2820.7,2820.9,173
2026-05-04 04:30:00+02:00,2821.1,2823.0,2821.0,2823.0,164
2026-05-04 04:40:00+02:00,2822.9,2823.0,2822.0,2822.4,70
2026-05-04 05:00:00+02:00,2822.4,2823.6,2822.1,2823.6,64
2026-05-04 05:20:00+02:00,2823.2,2823.2,2821.8,2822.1,62
2026-05-04 05:30:00+02:00,2822.1,2822.3,2820.5,2820.8,93
2026-05-04 06:10:00+02:00,2822.0,2822.0,2821.4,2822.0,54
2026-05-04 06:40:00+02:00,2821.7,2821.7,2821.0,2821.1,27
2026-05-04 07:20:00+02:00,2825.4,2825.6,2821.7,2822.1,203
2026-05-04 07:50:00+02:00,2823.4,2824.0,2822.8,2823.0,102
2026-05-04 08:00:00+02:00,2823.2,2824.0,2821.6,2822.4,241
2026-05-04 08:10:00+02:00,2822.5,2823.4,2821.6,2822.9,108
2026-05-04 08:30:00+02:00,2822.8,2823.1,2820.6,2820.6,140
2026-05-04 08:40:00+02:00,2820.5,2820.8,2818.3,2819.8,290
2026-05-04 08:50:00+02:00,2820.2,2820.7,2819.0,2820.1,59
2026-05-04 09:00:00+02:00,2820.5,2822.0,2818.5,2821.4,177
2026-05-04 09:10:00+02:00,2821.8,2823.7,2821.1,2823.5,224
2026-05-04 09:20:00+02:00,2823.0,2823.8,2821.7,2822.6,162
2026-05-04 09:30:00+02:00,2821.9,2823.1,2821.0,2822.1,73
2026-05-04 09:40:00+02:00,2822.2,2823.2,2821.5,2821.7,57
2026-05-04 09:50:00+02:00,2821.3,2821.3,2818.3,2818.6,111
2026-05-04 10:00:00+02:00,2818.5,2818.5,2813.7,2817.2,522
2026-05-04 10:10:00+02:00,2816.9,2818.2,2813.9,2814.8,206
2026-05-04 10:20:00+02:00,2815.0,2818.6,2815.0,2818.2,137
2026-05-04 10:40:00+02:00,2819.2,2819.6,2818.5,2819.5,64
2026-05-04 10:50:00+02:00,2818.8,2820.0,2818.4,2818.8,121
2026-05-04 11:10:00+02:00,2819.8,2821.1,2818.7,2818.7,72
2026-05-04 11:20:00+02:00,2818.8,2819.3,2818.1,2819.2,105
2026-05-04 11:40:00+02:00,2819.8,2820.5,2819.4,2820.0,85
2026-05-04 11:50:00+02:00,2820.2,2820.4,2818.1,2818.7,121
2026-05-04 12:00:00+02:00,2818.6,2819.5,2793.5,2798.0,3082
2026-05-04 12:10:00+02:00,2797.7,2799.5,2787.7,2788.7,2194
2026-05-04 12:20:00+02:00,2789.1,2799.0,2786.9,2797.6,1000
2026-05-04 12:30:00+02:00,2798.3,2811.0,2797.1,2809.7,2657
2026-05-04 12:40:00+02:00,2809.7,2811.9,2808.3,2811.2,521
2026-05-04 12:50:00+02:00,2811.3,2812.8,2808.2,2809.1,406
2026-05-04 13:00:00+02:00,2809.3,2813.1,2806.6,2810.1,643
2026-05-04 13:10:00+02:00,2810.2,2813.1,2809.0,2812.3,394
2026-05-04 13:20:00+02:00,2812.1,2812.8,2809.5,2809.7,242
2026-05-04 13:30:00+02:00,2809.4,2811.1,2804.1,2805.3,935
2026-05-04 13:40:00+02:00,2805.2,2808.2,2801.8,2802.5,653
2026-05-04 13:50:00+02:00,2802.3,2808.6,2802.1,2806.8,494
2026-05-04 14:00:00+02:00,2807.3,2811.7,2807.3,2809.6,503
2026-05-04 14:10:00+02:00,2809.6,2812.4,2806.8,2811.8,983
2026-05-04 14:20:00+02:00,2811.5,2813.8,2811.1,2812.7,363
2026-05-04 14:30:00+02:00,2812.8,2815.3,2811.6,2815.0,319
2026-05-04 14:40:00+02:00,2814.9,2815.9,2813.1,2815.0,218
2026-05-04 14:50:00+02:00,2814.5,2815.5,2810.9,2811.9,612
2026-05-04 15:00:00+02:00,2811.8,2814.2,2805.7,2814.2,2070
2026-05-04 15:10:00+02:00,2814.2,2816.8,2812.0,2813.4,1321
2026-05-04 15:20:00+02:00,2813.5,2814.6,2811.9,2813.1,583
2026-05-04 15:30:00+02:00,2813.1,2817.6,2807.6,2809.3,5589
2026-05-04 15:40:00+02:00,2809.1,2815.1,2804.6,2812.7,4100
2026-05-04 15:50:00+02:00,2812.9,2827.9,2811.6,2824.1,4687
2026-05-04 16:00:00+02:00,2823.9,2827.2,2820.6,2822.0,2985
2026-05-04 16:10:00+02:00,2821.9,2831.1,2821.5,2830.8,2796
2026-05-04 16:20:00+02:00,2830.8,2832.6,2825.1,2826.3,2371
2026-05-04 16:30:00+02:00,2826.0,2834.8,2825.4,2833.4,2043
2026-05-04 16:40:00+02:00,2833.4,2834.3,2830.0,2830.4,1401
2026-05-04 16:50:00+02:00,2830.5,2833.8,2826.5,2827.3,2429
2026-05-04 17:00:00+02:00,2827.4,2830.7,2823.1,2827.1,2267
2026-05-04 17:10:00+02:00,2827.4,2828.4,2815.2,2816.7,3242
2026-05-04 17:20:00+02:00,2816.6,2817.6,2807.5,2812.9,5487
2026-05-04 17:30:00+02:00,2813.0,2813.3,2805.5,2805.7,3410
2026-05-04 17:40:00+02:00,2805.8,2807.8,2801.9,2803.2,2610
2026-05-04 17:50:00+02:00,2803.1,2806.9,2798.7,2802.4,3014
2026-05-04 18:00:00+02:00,2802.5,2804.4,2786.8,2792.5,6692
2026-05-04 18:10:00+02:00,2792.1,2798.7,2786.8,2794.8,4378
2026-05-04 18:20:00+02:00,2795.0,2799.5,2793.9,2796.2,2600
2026-05-04 18:30:00+02:00,2796.2,2798.8,2793.0,2793.9,2415
2026-05-04 18:40:00+02:00,2793.9,2797.7,2793.9,2796.0,987
2026-05-04 18:50:00+02:00,2796.0,2796.7,2791.9,2792.4,1548
2026-05-04 19:00:00+02:00,2792.3,2796.1,2790.7,2794.8,2215
2026-05-04 19:10:00+02:00,2795.0,2803.0,2794.1,2801.0,2307
2026-05-04 19:20:00+02:00,2801.0,2804.8,2800.3,2803.9,2090
2026-05-04 19:30:00+02:00,2803.9,2804.7,2798.8,2801.4,1435
2026-05-04 19:40:00+02:00,2801.4,2804.6,2800.6,2804.4,665
2026-05-04 19:50:00+02:00,2804.6,2807.4,2804.5,2806.1,1037
2026-05-04 20:00:00+02:00,2806.0,2810.5,2805.9,2808.7,1109
2026-05-04 20:10:00+02:00,2808.5,2810.1,2806.8,2807.4,690
2026-05-04 20:20:00+02:00,2807.2,2808.0,2802.9,2806.4,1360
2026-05-04 20:30:00+02:00,2806.4,2806.9,2804.8,2806.3,538
2026-05-04 20:40:00+02:00,2806.1,2806.2,2801.9,2804.3,839
2026-05-04 20:50:00+02:00,2804.3,2804.8,2801.3,2803.3,1070
2026-05-04 21:00:00+02:00,2803.2,2808.3,2802.0,2806.6,2332
2026-05-04 21:10:00+02:00,2806.6,2806.7,2803.6,2803.6,527
2026-05-04 21:20:00+02:00,2803.6,2804.5,2801.5,2802.2,902
2026-05-04 21:30:00+02:00,2802.2,2804.9,2802.0,2803.7,760
2026-05-04 21:40:00+02:00,2803.5,2804.9,2802.3,2804.6,574
2026-05-04 21:50:00+02:00,2804.5,2805.7,2801.2,2805.6,2507
2026-05-04 22:00:00+02:00,2805.5,2805.5,2801.2,2801.5,518
2026-05-04 22:10:00+02:00,2801.5,2803.1,2800.7,2800.8,356
2026-05-04 22:20:00+02:00,2800.9,2803.7,2799.8,2803.2,395
2026-05-04 22:30:00+02:00,2803.2,2803.9,2802.7,2802.9,126
2026-05-04 22:40:00+02:00,2802.9,2803.0,2802.0,2802.8,162
2026-05-04 22:50:00+02:00,2802.7,2803.6,2802.4,2803.0,193
2026-05-05 00:00:00+02:00,2803.0,2806.7,2802.9,2804.7,202
2026-05-05 00:10:00+02:00,2804.5,2805.2,2804.4,2804.8,129
2026-05-05 00:20:00+02:00,2804.7,2806.8,2804.7,2806.6,138
2026-05-05 00:30:00+02:00,2806.6,2807.3,2806.1,2806.5,195
2026-05-05 00:40:00+02:00,2806.3,2807.0,2804.6,2804.6,121
2026-05-05 00:50:00+02:00,2804.6,2804.6,2803.4,2803.7,182
2026-05-05 01:00:00+02:00,2803.7,2803.8,2802.8,2803.0,156
2026-05-05 01:10:00+02:00,2802.9,2804.4,2802.3,2803.9,233
2026-05-05 01:20:00+02:00,2804.1,2804.5,2803.9,2804.3,48
2026-05-05 01:50:00+02:00,2804.1,2804.7,2803.0,2804.2,71
2026-05-05 02:00:00+02:00,2804.4,2808.2,2803.9,2807.3,256
2026-05-05 02:20:00+02:00,2805.1,2805.1,2802.4,2803.1,160
2026-05-05 02:30:00+02:00,2803.6,2804.9,2803.0,2804.4,150
2026-05-05 02:40:00+02:00,2804.2,2805.1,2803.1,2804.6,81
2026-05-05 02:50:00+02:00,2805.0,2807.1,2805.0,2806.3,153
2026-05-05 03:10:00+02:00,2805.6,2807.0,2805.4,2806.4,102
2026-05-05 03:20:00+02:00,2806.4,2806.6,2805.5,2805.9,38
2026-05-05 03:30:00+02:00,2806.2,2809.4,2805.2,2806.7,208
2026-05-05 03:40:00+02:00,2806.3,2808.5,2805.9,2808.0,101
2026-05-05 03:50:00+02:00,2808.1,2809.1,2807.7,2808.0,170
2026-05-05 04:00:00+02:00,2808.0,2809.2,2808.0,2808.9,99
2026-05-05 04:10:00+02:00,2808.6,2808.6,2807.9,2808.6,66
2026-05-05 04:20:00+02:00,2808.6,2811.2,2808.4,2811.0,273
2026-05-05 04:30:00+02:00,2811.0,2812.3,2810.5,2811.9,259
2026-05-05 04:40:00+02:00,2811.9,2812.1,2808.1,2808.9,407
2026-05-05 04:50:00+02:00,2809.1,2810.5,2808.9,2810.1,102
2026-05-05 05:00:00+02:00,2810.1,2811.2,2810.0,2811.0,83
2026-05-05 05:10:00+02:00,2811.5,2812.5,2811.4,2812.4,113
2026-05-05 05:20:00+02:00,2812.6,2813.2,2812.1,2812.7,149
2026-05-05 05:50:00+02:00,2813.4,2813.5,2812.5,2812.7,75
2026-05-05 06:10:00+02:00,2813.4,2814.3,2813.0,2813.2,175
2026-05-05 06:20:00+02:00,2813.1,2813.7,2813.0,2813.2,54
2026-05-05 06:40:00+02:00,2812.4,2814.1,2812.2,2814.0,123
2026-05-05 06:50:00+02:00,2814.1,2814.5,2812.5,2812.5,68
2026-05-05 07:00:00+02:00,2812.0,2813.2,2811.5,2813.0,71
2026-05-05 07:10:00+02:00,2812.9,2813.9,2812.8,2813.9,54
2026-05-05 07:20:00+02:00,2813.9,2814.7,2813.1,2813.1,69
2026-05-05 07:30:00+02:00,2813.4,2815.3,2812.3,2815.0,258
2026-05-05 07:40:00+02:00,2814.8,2815.5,2814.5,2814.7,99
2026-05-05 08:00:00+02:00,2815.1,2817.8,2813.7,2813.7,460
2026-05-05 08:10:00+02:00,2813.5,2813.9,2809.9,2811.2,358
2026-05-05 08:20:00+02:00,2811.8,2812.1,2809.2,2811.2,130
2026-05-05 08:30:00+02:00,2810.5,2813.9,2810.5,2813.9,278
2026-05-05 08:40:00+02:00,2813.8,2814.5,2812.8,2813.9,131
2026-05-05 08:50:00+02:00,2814.0,2816.0,2814.0,2815.7,328
2026-05-05 09:00:00+02:00,2816.0,2820.2,2814.9,2818.9,342
2026-05-05 09:10:00+02:00,2819.2,2819.7,2817.8,2819.5,156
2026-05-05 09:20:00+02:00,2819.5,2820.1,2817.7,2818.0,226
2026-05-05 09:30:00+02:00,2818.1,2822.9,2818.0,2822.1,406
2026-05-05 09:40:00+02:00,2821.7,2822.1,2818.0,2818.0,252
2026-05-05 09:50:00+02:00,2817.7,2818.5,2816.3,2817.8,97
2026-05-05 10:00:00+02:00,2817.8,2818.6,2817.6,2818.0,96
2026-05-05 10:10:00+02:00,2818.3,2820.2,2818.1,2819.7,153
2026-05-05 10:20:00+02:00,2819.5,2822.0,2819.5,2820.5,175
2026-05-05 10:30:00+02:00,2820.3,2822.0,2820.0,2820.2,386
2026-05-05 10:40:00+02:00,2820.1,2820.9,2818.8,2820.3,408
2026-05-05 10:50:00+02:00,2820.3,2820.5,2818.8,2819.0,158
2026-05-05 11:00:00+02:00,2818.7,2818.9,2816.9,2818.6,209
2026-05-05 11:10:00+02:00,2818.8,2819.7,2817.7,2818.5,191
2026-05-05 11:20:00+02:00,2818.6,2820.0,2818.2,2819.4,118
2026-05-05 11:30:00+02:00,2819.5,2821.4,2819.5,2820.8,196
2026-05-05 12:10:00+02:00,2820.2,2821.3,2820.0,2820.1,92
2026-05-05 12:20:00+02:00,2820.4,2820.9,2819.4,2820.5,99
2026-05-05 12:30:00+02:00,2820.6,2824.0,2820.4,2820.6,549
2026-05-05 12:50:00+02:00,2817.8,2818.5,2816.8,2818.4,116
2026-05-05 13:00:00+02:00,2818.2,2819.5,2813.3,2814.8,523
2026-05-05 13:10:00+02:00,2815.2,2815.5,2813.5,2814.1,202
2026-05-05 13:20:00+02:00,2814.4,2819.4,2814.4,2818.5,434
2026-05-05 13:30:00+02:00,2818.5,2821.9,2818.5,2821.6,406
2026-05-05 13:40:00+02:00,2821.8,2822.5,2821.0,2821.8,221
2026-05-05 13:50:00+02:00,2821.4,2823.9,2820.7,2823.0,335
2026-05-05 14:00:00+02:00,2823.0,2825.3,2821.1,2824.6,683
2026-05-05 14:10:00+02:00,2824.4,2829.9,2824.2,2826.5,1256
2026-05-05 14:20:00+02:00,2826.5,2829.8,2826.0,2829.8,511
2026-05-05 14:30:00+02:00,2829.8,2830.1,2826.7,2827.3,521
2026-05-05 14:40:00+02:00,2827.5,2827.8,2825.6,2825.9,295
2026-05-05 14:50:00+02:00,2825.9,2827.5,2825.4,2827.1,260
2026-05-05 15:00:00+02:00,2827.0,2830.1,2826.8,2828.7,349
2026-05-05 15:10:00+02:00,2828.8,2829.3,2826.9,2827.0,430
2026-05-05 15:20:00+02:00,2827.1,2827.5,2824.9,2827.3,812
2026-05-05 15:30:00+02:00,2827.3,2835.5,2825.9,2831.8,5982
2026-05-05 15:40:00+02:00,2831.8,2833.2,2826.6,2828.1,2718
2026-05-05 15:50:00+02:00,2828.0,2833.3,2827.7,2831.7,2785
2026-05-05 16:00:00+02:00,2831.9,2842.2,2821.2,2841.8,3822
2026-05-05 16:10:00+02:00,2841.7,2844.6,2836.7,2838.7,6040
2026-05-05 16:20:00+02:00,2838.6,2850.2,2837.5,2848.1,3319
2026-05-05 16:30:00+02:00,2848.2,2848.2,2842.6,2842.9,1995
2026-05-05 16:40:00+02:00,2842.8,2845.2,2841.0,2841.3,1817
2026-05-05 16:50:00+02:00,2841.3,2845.9,2839.8,2845.7,1624
2026-05-05 17:00:00+02:00,2845.7,2849.2,2844.2,2846.5,1810
2026-05-05 17:10:00+02:00,2846.6,2850.1,2846.3,2849.1,1167
2026-05-05 17:20:00+02:00,2849.2,2849.2,2845.7,2847.8,1021
2026-05-05 17:30:00+02:00,2847.7,2848.2,2842.9,2845.5,1233
2026-05-05 17:40:00+02:00,2845.5,2848.2,2844.2,2847.5,637
2026-05-05 17:50:00+02:00,2847.5,2848.1,2845.4,2846.2,576
2026-05-05 18:00:00+02:00,2846.5,2849.6,2846.3,2848.9,735
2026-05-05 18:10:00+02:00,2848.9,2849.0,2847.6,2848.1,486
2026-05-05 18:20:00+02:00,2848.4,2851.7,2847.1,2849.6,1409
2026-05-05 18:30:00+02:00,2849.7,2850.2,2846.4,2846.4,848
2026-05-05 18:40:00+02:00,2846.1,2848.4,2844.8,2847.6,701
2026-05-05 18:50:00+02:00,2847.6,2848.1,2843.1,2843.4,734
2026-05-05 19:00:00+02:00,2843.6,2845.4,2842.3,2843.3,679
2026-05-05 19:10:00+02:00,2843.3,2846.0,2842.4,2846.0,572
2026-05-05 19:20:00+02:00,2846.0,2847.3,2844.2,2847.1,540
2026-05-05 19:30:00+02:00,2847.1,2849.2,2846.8,2847.3,791
2026-05-05 19:40:00+02:00,2847.3,2850.0,2847.3,2849.1,742
2026-05-05 19:50:00+02:00,2849.2,2850.3,2847.3,2847.5,432
2026-05-05 20:00:00+02:00,2847.6,2850.0,2847.6,2849.4,480
2026-05-05 20:10:00+02:00,2849.7,2851.7,2849.3,2850.5,467
2026-05-05 20:20:00+02:00,2850.4,2851.1,2849.6,2849.6,290
2026-05-05 20:30:00+02:00,2849.6,2852.1,2849.1,2849.9,580
2026-05-05 20:40:00+02:00,2849.8,2853.4,2849.5,2853.0,637
2026-05-05 20:50:00+02:00,2853.0,2854.3,2852.2,2853.5,649
2026-05-05 21:00:00+02:00,2853.6,2855.3,2853.2,2855.0,581
2026-05-05 21:10:00+02:00,2855.1,2856.3,2853.2,2854.2,1393
2026-05-05 21:20:00+02:00,2854.2,2854.4,2850.6,2850.8,765
2026-05-05 21:30:00+02:00,2850.7,2853.8,2850.4,2853.4,709
2026-05-05 21:40:00+02:00,2853.3,2854.6,2852.8,2853.5,613
2026-05-05 21:50:00+02:00,2853.4,2854.1,2848.8,2852.6,3584
2026-05-05 22:00:00+02:00,2852.7,2854.3,2851.9,2853.9,653
2026-05-05 22:10:00+02:00,2853.9,2855.3,2852.9,2853.4,613
2026-05-05 22:20:00+02:00,2853.4,2853.9,2849.9,2850.4,742
2026-05-05 22:30:00+02:00,2850.4,2851.0,2847.3,2848.3,524
2026-05-05 22:40:00+02:00,2848.4,2850.0,2848.4,2849.9,255
2026-05-05 22:50:00+02:00,2850.0,2850.9,2848.9,2849.3,322
2026-05-06 00:00:00+02:00,2850.0,2851.7,2848.7,2850.3,224
2026-05-06 00:10:00+02:00,2849.9,2851.6,2849.7,2850.6,180
2026-05-06 00:40:00+02:00,2851.8,2852.5,2851.7,2852.0,115
2026-05-06 00:50:00+02:00,2851.9,2869.0,2851.8,2869.0,2903
2026-05-06 01:00:00+02:00,2868.9,2870.0,2863.0,2864.2,768
2026-05-06 01:10:00+02:00,2864.3,2868.7,2864.3,2867.7,671
2026-05-06 01:20:00+02:00,2867.6,2869.0,2863.1,2863.5,329
2026-05-06 01:30:00+02:00,2863.6,2865.0,2862.7,2862.7,211
2026-05-06 01:40:00+02:00,2862.8,2863.2,2861.1,2861.7,325
2026-05-06 02:00:00+02:00,2860.5,2861.7,2858.0,2858.9,609
2026-05-06 02:10:00+02:00,2859.0,2860.2,2857.8,2859.4,229
2026-05-06 02:20:00+02:00,2859.8,2860.2,2857.3,2857.6,260
2026-05-06 02:30:00+02:00,2857.5,2858.9,2857.1,2858.5,231
2026-05-06 02:40:00+02:00,2858.8,2859.8,2857.9,2858.1,209
2026-05-06 02:50:00+02:00,2858.5,2860.2,2858.3,2859.8,159
2026-05-06 03:00:00+02:00,2859.9,2862.4,2859.5,2861.5,284
2026-05-06 03:10:00+02:00,2861.3,2861.4,2859.5,2860.0,159
2026-05-06 03:20:00+02:00,2860.0,2860.0,2858.0,2858.4,175
2026-05-06 03:30:00+02:00,2857.8,2859.1,2857.5,2858.2,178
2026-05-06 03:40:00+02:00,2858.3,2861.3,2858.3,2860.4,165
2026-05-06 03:50:00+02:00,2860.3,2860.7,2858.8,2859.3,97
2026-05-06 04:00:00+02:00,2859.6,2860.2,2856.7,2858.3,164
2026-05-06 04:10:00+02:00,2858.4,2859.0,2857.8,2859.0,88
2026-05-06 04:30:00+02:00,2856.9,2857.4,2855.7,2856.0,74
2026-05-06 04:40:00+02:00,2856.3,2857.1,2855.7,2856.9,89
2026-05-06 05:30:00+02:00,2857.7,2859.8,2857.7,2859.4,151
2026-05-06 05:40:00+02:00,2859.5,2859.5,2857.3,2857.6,70
2026-05-06 06:40:00+02:00,2856.7,2857.4,2856.0,2856.7,68
2026-05-06 06:50:00+02:00,2857.4,2857.8,2856.7,2857.4,53
2026-05-06 07:00:00+02:00,2857.0,2857.8,2856.6,2857.5,47
2026-05-06 07:30:00+02:00,2857.2,2857.2,2856.1,2856.7,66
2026-05-06 07:50:00+02:00,2857.8,2859.1,2857.6,2858.7,117
2026-05-06 08:00:00+02:00,2858.6,2861.3,2858.0,2859.2,280
2026-05-06 08:10:00+02:00,2859.2,2860.4,2858.5,2858.5,181
2026-05-06 08:20:00+02:00,2858.5,2859.8,2858.2,2858.6,119
2026-05-06 08:30:00+02:00,2858.6,2858.9,2856.8,2858.1,176
2026-05-06 08:40:00+02:00,2858.0,2858.3,2854.4,2857.2,680
2026-05-06 08:50:00+02:00,2856.5,2857.6,2855.8,2857.3,101
2026-05-06 09:00:00+02:00,2857.8,2859.1,2856.1,2858.8,203
2026-05-06 09:10:00+02:00,2858.4,2858.7,2856.9,2858.1,145
2026-05-06 09:40:00+02:00,2857.3,2860.6,2857.3,2859.4,154
2026-05-06 09:50:00+02:00,2859.6,2860.4,2858.5,2860.4,116
2026-05-06 10:00:00+02:00,2860.5,2862.2,2859.1,2861.9,378
2026-05-06 10:10:00+02:00,2861.5,2863.3,2860.2,2860.7,266
2026-05-06 10:20:00+02:00,2860.0,2860.7,2859.4,2860.0,121
2026-05-06 10:30:00+02:00,2860.5,2861.6,2860.2,2861.6,100
2026-05-06 10:40:00+02:00,2861.6,2863.7,2861.2,2862.9,145
2026-05-06 10:50:00+02:00,2862.9,2883.0,2862.9,2878.1,3202
2026-05-06 11:00:00+02:00,2877.7,2880.6,2872.0,2875.1,764
2026-05-06 11:10:00+02:00,2875.2,2883.6,2874.9,2882.5,812
2026-05-06 11:20:00+02:00,2882.5,2883.9,2880.0,2882.8,635
2026-05-06 11:30:00+02:00,2883.0,2888.6,2882.1,2888.4,1008
2026-05-06 11:40:00+02:00,2888.4,2893.3,2888.4,2891.7,1094
2026-05-06 11:50:00+02:00,2891.5,2894.6,2890.3,2893.9,718
2026-05-06 12:00:00+02:00,2893.9,2899.7,2893.6,2897.1,1301
2026-05-06 12:10:00+02:00,2897.3,2902.1,2896.2,2902.1,653
2026-05-06 12:20:00+02:00,2902.0,2905.7,2901.9,2904.3,1030
2026-05-06 12:30:00+02:00,2904.6,2907.0,2901.8,2904.1,914
2026-05-06 12:40:00+02:00,2904.0,2911.8,2903.7,2907.1,1753
2026-05-06 12:50:00+02:00,2906.9,2916.3,2906.6,2913.6,2082
2026-05-06 13:00:00+02:00,2913.6,2917.6,2911.7,2916.8,883
2026-05-06 13:10:00+02:00,2916.5,2918.2,2911.1,2911.3,1183
2026-05-06 13:20:00+02:00,2911.0,2911.2,2906.6,2907.0,990
2026-05-06 13:30:00+02:00,2906.9,2910.5,2905.2,2910.1,761
2026-05-06 13:40:00+02:00,2910.1,2910.4,2900.4,2903.6,1783
2026-05-06 13:50:00+02:00,2903.7,2906.2,2900.9,2901.7,981
2026-05-06 14:00:00+02:00,2902.0,2902.4,2894.9,2895.3,1401
2026-05-06 14:10:00+02:00,2894.7,2896.6,2887.1,2890.0,2342
2026-05-06 14:20:00+02:00,2890.2,2894.1,2889.8,2891.3,682
2026-05-06 14:30:00+02:00,2891.3,2894.4,2889.9,2891.9,705
2026-05-06 14:40:00+02:00,2891.1,2891.9,2886.9,2887.8,965
2026-05-06 14:50:00+02:00,2887.9,2888.4,2884.4,2886.3,635
2026-05-06 15:00:00+02:00,2886.4,2887.1,2878.9,2881.3,1996
2026-05-06 15:10:00+02:00,2881.2,2883.9,2879.6,2880.2,1134
2026-05-06 15:20:00+02:00,2880.2,2882.5,2878.7,2880.1,1243
2026-05-06 15:30:00+02:00,2880.0,2884.4,2873.5,2878.2,6749
2026-05-06 15:40:00+02:00,2878.2,2880.4,2869.0,2869.9,4440
2026-05-06 15:50:00+02:00,2870.1,2873.3,2866.5,2868.4,3807
2026-05-06 16:00:00+02:00,2868.6,2869.7,2860.1,2865.7,3368
2026-05-06 16:10:00+02:00,2865.9,2870.2,2864.8,2867.8,3179
2026-05-06 16:20:00+02:00,2867.8,2871.1,2863.2,2864.7,2175
2026-05-06 16:30:00+02:00,2864.8,2872.4,2864.4,2871.7,2460
2026-05-06 16:40:00+02:00,2871.7,2879.3,2871.7,2878.7,3297
2026-05-06 16:50:00+02:00,2878.7,2883.3,2878.6,2880.8,1868
2026-05-06 17:00:00+02:00,2880.9,2884.3,2880.6,2881.4,1475
2026-05-06 17:10:00+02:00,2881.4,2887.0,2881.3,2887.0,1682
2026-05-06 17:20:00+02:00,2887.1,2888.2,2885.8,2886.6,1159
2026-05-06 17:30:00+02:00,2886.5,2886.9,2879.0,2879.5,1735
2026-05-06 17:40:00+02:00,2879.8,2881.1,2875.2,2879.2,3366
2026-05-06 17:50:00+02:00,2879.4,2882.5,2878.1,2878.2,1007
2026-05-06 18:00:00+02:00,2878.2,2880.5,2875.5,2876.0,913
2026-05-06 18:10:00+02:00,2875.9,2878.9,2875.5,2877.5,627
2026-05-06 18:20:00+02:00,2877.2,2881.5,2876.8,2879.7,775
2026-05-06 18:30:00+02:00,2879.9,2882.0,2879.6,2881.4,472
2026-05-06 18:40:00+02:00,2881.5,2881.5,2877.6,2878.5,588
2026-05-06 18:50:00+02:00,2878.6,2880.8,2875.7,2878.1,1447
2026-05-06 19:00:00+02:00,2878.1,2883.2,2877.2,2882.9,924
2026-05-06 19:10:00+02:00,2883.1,2885.0,2882.2,2883.6,817
2026-05-06 19:20:00+02:00,2883.5,2885.7,2883.4,2884.7,472
2026-05-06 19:30:00+02:00,2884.4,2885.9,2883.5,2883.5,683
2026-05-06 19:40:00+02:00,2883.6,2887.5,2883.2,2885.2,587
2026-05-06 19:50:00+02:00,2885.4,2885.7,2883.5,2884.0,519
2026-05-06 20:00:00+02:00,2884.1,2886.8,2883.5,2886.6,557
2026-05-06 20:10:00+02:00,2886.6,2888.7,2885.3,2887.8,1416
2026-05-06 20:20:00+02:00,2887.7,2889.8,2887.7,2888.9,614
2026-05-06 20:30:00+02:00,2889.0,2890.9,2887.5,2887.7,732
2026-05-06 20:40:00+02:00,2887.6,2889.3,2886.4,2887.0,651
2026-05-06 20:50:00+02:00,2886.9,2889.0,2886.2,2887.7,682
2026-05-06 21:00:00+02:00,2887.7,2891.5,2887.7,2890.6,776
2026-05-06 21:10:00+02:00,2890.5,2894.2,2890.4,2893.5,916
2026-05-06 21:20:00+02:00,2893.6,2894.1,2891.1,2891.3,820
2026-05-06 21:30:00+02:00,2891.2,2892.4,2890.6,2891.6,559
2026-05-06 21:40:00+02:00,2891.9,2894.1,2891.0,2891.5,867
2026-05-06 21:50:00+02:00,2891.5,2897.6,2890.7,2895.2,2998
2026-05-06 22:00:00+02:00,2895.1,2896.2,2892.4,2894.6,1148
2026-05-06 22:10:00+02:00,2894.6,2895.0,2892.1,2893.2,595
2026-05-06 22:20:00+02:00,2893.1,2894.6,2892.7,2893.7,347
2026-05-06 22:30:00+02:00,2893.5,2893.6,2890.1,2890.7,325
2026-05-06 22:40:00+02:00,2890.9,2891.8,2889.5,2890.7,270
2026-05-06 22:50:00+02:00,2890.8,2892.4,2890.2,2892.3,583
2026-05-07 00:00:00+02:00,2892.4,2894.5,2890.3,2891.6,401
2026-05-07 00:10:00+02:00,2890.8,2891.8,2890.8,2891.7,46
2026-05-07 00:20:00+02:00,2891.6,2891.9,2889.6,2889.6,141
2026-05-07 00:30:00+02:00,2889.9,2890.6,2889.7,2889.9,83
2026-05-07 00:50:00+02:00,2890.6,2890.9,2889.5,2889.7,101
2026-05-07 01:00:00+02:00,2889.8,2890.1,2888.9,2890.1,172
2026-05-07 01:10:00+02:00,2889.9,2890.4,2889.2,2890.0,86
2026-05-07 01:30:00+02:00,2889.9,2890.0,2889.2,2889.3,36
2026-05-07 01:40:00+02:00,2889.3,2891.3,2889.2,2889.8,99
2026-05-07 01:50:00+02:00,2889.7,2890.8,2889.3,2890.2,116
2026-05-07 02:00:00+02:00,2890.0,2891.9,2890.0,2891.3,308
2026-05-07 02:10:00+02:00,2891.5,2894.0,2891.0,2891.5,306
2026-05-07 02:20:00+02:00,2891.6,2892.0,2890.0,2890.9,154
2026-05-07 02:30:00+02:00,2891.0,2892.7,2890.4,2892.6,219
2026-05-07 02:40:00+02:00,2892.8,2894.4,2891.7,2893.6,124
2026-05-07 02:50:00+02:00,2893.7,2894.4,2893.4,2893.8,126
2026-05-07 03:00:00+02:00,2893.8,2894.0,2891.4,2892.1,204
2026-05-07 03:10:00+02:00,2892.8,2895.5,2892.7,2895.2,245
2026-05-07 03:20:00+02:00,2895.5,2895.8,2894.8,2895.6,100
2026-05-07 03:30:00+02:00,2895.5,2897.1,2895.5,2897.0,198
2026-05-07 03:40:00+02:00,2897.2,2899.0,2897.1,2898.8,234
2026-05-07 03:50:00+02:00,2899.0,2899.2,2896.8,2897.4,155
2026-05-07 04:00:00+02:00,2897.8,2898.7,2897.1,2897.6,120
2026-05-07 04:10:00+02:00,2897.5,2897.5,2894.6,2895.7,180
2026-05-07 04:30:00+02:00,2896.5,2897.1,2895.8,2896.1,125
2026-05-07 05:00:00+02:00,2897.7,2897.8,2896.6,2896.9,104
2026-05-07 05:10:00+02:00,2897.0,2898.5,2896.7,2898.2,78
2026-05-07 05:20:00+02:00,2898.5,2898.6,2896.3,2897.6,69
2026-05-07 05:30:00+02:00,2897.5,2898.7,2897.5,2898.6,65
2026-05-07 06:20:00+02:00,2898.9,2899.7,2898.7,2899.0,87
2026-05-07 06:30:00+02:00,2899.0,2899.0,2898.1,2898.6,74
2026-05-07 07:10:00+02:00,2898.6,2899.3,2898.2,2898.2,93
2026-05-07 07:20:00+02:00,2898.2,2898.2,2897.2,2898.2,86
2026-05-07 07:40:00+02:00,2898.7,2899.3,2898.0,2898.0,110
2026-05-07 07:50:00+02:00,2898.1,2898.3,2897.6,2897.6,72
2026-05-07 08:00:00+02:00,2897.4,2898.5,2895.6,2896.4,218
2026-05-07 08:10:00+02:00,2896.7,2897.3,2895.2,2897.3,131
2026-05-07 08:20:00+02:00,2897.3,2898.7,2897.1,2898.0,95
2026-05-07 08:30:00+02:00,2897.9,2901.4,2897.2,2901.1,304
2026-05-07 08:40:00+02:00,2900.9,2905.1,2900.5,2900.9,417
2026-05-07 08:50:00+02:00,2901.0,2902.0,2900.2,2900.4,159
2026-05-07 09:00:00+02:00,2900.3,2907.6,2898.3,2903.8,601
2026-05-07 09:10:00+02:00,2903.9,2907.1,2900.9,2902.1,401
2026-05-07 09:20:00+02:00,2902.4,2902.8,2900.7,2902.2,343
2026-05-07 09:30:00+02:00,2902.7,2904.0,2901.8,2902.5,208
2026-05-07 09:40:00+02:00,2902.1,2902.7,2899.7,2900.5,166
2026-05-07 09:50:00+02:00,2900.5,2901.7,2899.5,2900.6,184
2026-05-07 10:00:00+02:00,2901.0,2902.9,2901.0,2901.7,556
2026-05-07 10:10:00+02:00,2901.7,2902.9,2897.4,2898.9,363
2026-05-07 10:20:00+02:00,2898.6,2899.8,2894.9,2898.1,551
2026-05-07 10:30:00+02:00,2898.0,2898.9,2896.6,2898.1,204
2026-05-07 10:40:00+02:00,2898.1,2898.4,2895.9,2896.6,118
2026-05-07 10:50:00+02:00,2896.4,2898.4,2895.3,2896.4,188
2026-05-07 11:00:00+02:00,2896.0,2896.0,2893.4,2894.6,284
2026-05-07 11:10:00+02:00,2894.5,2896.9,2894.5,2896.4,182
2026-05-07 11:20:00+02:00,2896.4,2897.0,2895.8,2896.0,108
2026-05-07 11:30:00+02:00,2895.9,2897.2,2895.4,2895.4,58
2026-05-07 11:40:00+02:00,2895.3,2896.1,2894.5,2895.8,225
2026-05-07 11:50:00+02:00,2895.8,2895.8,2892.2,2893.9,168
2026-05-07 12:00:00+02:00,2894.0,2894.3,2892.0,2892.7,203
2026-05-07 12:10:00+02:00,2892.7,2894.1,2892.7,2892.8,100
2026-05-07 12:20:00+02:00,2892.8,2895.3,2892.8,2893.8,144
2026-05-07 12:30:00+02:00,2893.7,2893.7,2891.6,2892.9,232
2026-05-07 12:40:00+02:00,2893.0,2894.2,2892.6,2893.9,81
2026-05-07 12:50:00+02:00,2893.9,2894.4,2892.6,2893.7,112
2026-05-07 13:00:00+02:00,2893.8,2894.6,2892.4,2893.4,184
2026-05-07 13:10:00+02:00,2893.1,2894.0,2891.3,2891.9,175
2026-05-07 13:20:00+02:00,2892.2,2892.8,2891.8,2892.5,166
2026-05-07 13:30:00+02:00,2892.4,2895.0,2892.1,2894.0,201
2026-05-07 13:40:00+02:00,2894.0,2894.2,2891.8,2892.0,134
2026-05-07 13:50:00+02:00,2891.9,2894.6,2891.7,2894.0,140
2026-05-07 14:00:00+02:00,2893.9,2894.7,2892.3,2894.5,198
2026-05-07 14:10:00+02:00,2894.9,2897.3,2894.9,2895.8,381
2026-05-07 14:20:00+02:00,2895.6,2898.9,2894.2,2897.6,355
2026-05-07 14:30:00+02:00,2898.6,2900.6,2896.1,2899.5,646
2026-05-07 14:40:00+02:00,2899.4,2899.5,2897.4,2898.6,318
2026-05-07 14:50:00+02:00,2898.7,2899.2,2895.9,2898.3,454
2026-05-07 15:00:00+02:00,2898.3,2898.5,2894.2,2894.2,539
2026-05-07 15:10:00+02:00,2894.3,2897.1,2893.4,2896.5,524
2026-05-07 15:20:00+02:00,2896.5,2902.7,2895.8,2902.1,1156
2026-05-07 15:30:00+02:00,2902.0,2902.8,2880.4,2882.6,6504
2026-05-07 15:40:00+02:00,2882.4,2882.6,2873.1,2876.2,4731
2026-05-07 15:50:00+02:00,2876.4,2878.0,2870.1,2872.0,3151
2026-05-07 16:00:00+02:00,2871.9,2874.8,2869.4,2871.9,2858
2026-05-07 16:10:00+02:00,2872.4,2877.7,2871.2,2872.6,4821
2026-05-07 16:20:00+02:00,2872.5,2874.7,2869.5,2872.0,2382
2026-05-07 16:30:00+02:00,2872.2,2880.1,2872.1,2879.8,2379
2026-05-07 16:40:00+02:00,2880.0,2881.9,2877.7,2880.6,1630
2026-05-07 16:50:00+02:00,2880.7,2884.5,2879.8,2884.0,1389
2026-05-07 17:00:00+02:00,2884.1,2884.7,2881.7,2882.4,1864
2026-05-07 17:10:00+02:00,2882.8,2883.5,2877.6,2877.9,1823
2026-05-07 17:20:00+02:00,2877.7,2878.5,2872.1,2875.8,3151
2026-05-07 17:30:00+02:00,2875.9,2878.4,2874.3,2875.2,1337
2026-05-07 17:40:00+02:00,2875.2,2878.3,2873.4,2874.1,1083
2026-05-07 17:50:00+02:00,2873.7,2875.0,2865.7,2867.2,2273
2026-05-07 18:00:00+02:00,2867.3,2868.1,2861.2,2863.1,2599
2026-05-07 18:10:00+02:00,2863.3,2863.4,2854.9,2855.3,3232
2026-05-07 18:20:00+02:00,2854.9,2861.7,2854.5,2860.2,2198
2026-05-07 18:30:00+02:00,2860.1,2862.0,2854.6,2854.6,1418
2026-05-07 18:40:00+02:00,2854.6,2856.6,2851.0,2851.7,2097
2026-05-07 18:50:00+02:00,2851.9,2853.4,2848.7,2851.4,1479
2026-05-07 19:00:00+02:00,2851.6,2856.0,2849.7,2852.4,1380
2026-05-07 19:10:00+02:00,2852.6,2853.6,2846.8,2847.1,1651
2026-05-07 19:20:00+02:00,2847.2,2852.8,2837.5,2841.8,6215
2026-05-07 19:30:00+02:00,2842.0,2849.1,2838.4,2847.8,3138
2026-05-07 19:40:00+02:00,2847.8,2849.4,2842.5,2844.0,1761
2026-05-07 19:50:00+02:00,2843.8,2851.1,2842.0,2850.5,2870
2026-05-07 20:00:00+02:00,2850.6,2854.9,2848.9,2851.9,2124
2026-05-07 20:10:00+02:00,2851.7,2856.1,2849.8,2854.3,1162
2026-05-07 20:20:00+02:00,2854.5,2855.1,2848.2,2849.9,1184
2026-05-07 20:30:00+02:00,2850.1,2852.4,2847.1,2849.5,2026
2026-05-07 20:40:00+02:00,2849.5,2849.8,2840.9,2842.6,2969
2026-05-07 20:50:00+02:00,2842.3,2848.0,2840.0,2846.4,2754
2026-05-07 21:00:00+02:00,2846.5,2847.8,2844.9,2845.3,1031
2026-05-07 21:10:00+02:00,2845.4,2848.8,2843.1,2844.4,2055
2026-05-07 21:20:00+02:00,2844.2,2845.6,2841.3,2843.7,1474
2026-05-07 21:30:00+02:00,2843.8,2849.5,2843.3,2848.7,949
2026-05-07 21:40:00+02:00,2848.8,2850.0,2845.2,2846.9,1149
2026-05-07 21:50:00+02:00,2847.0,2849.9,2842.7,2849.5,5318
2026-05-07 22:00:00+02:00,2849.5,2860.0,2845.8,2852.5,3964
2026-05-07 22:10:00+02:00,2852.1,2853.6,2851.2,2852.1,426
2026-05-07 22:20:00+02:00,2852.6,2855.1,2852.4,2853.8,195
2026-05-07 22:30:00+02:00,2853.4,2854.4,2846.3,2846.6,1089
2026-05-07 22:40:00+02:00,2846.9,2850.3,2846.4,2848.1,730
2026-05-07 22:50:00+02:00,2848.2,2849.1,2844.5,2845.5,513
2026-05-08 00:00:00+02:00,2848.4,2848.4,2836.0,2840.0,555
2026-05-08 00:10:00+02:00,2840.3,2844.3,2839.5,2842.2,776
2026-05-08 00:20:00+02:00,2842.0,2845.9,2841.8,2844.8,436
2026-05-08 00:30:00+02:00,2845.0,2845.2,2837.1,2841.9,996
2026-05-08 00:40:00+02:00,2841.6,2842.0,2840.9,2841.5,105
2026-05-08 00:50:00+02:00,2841.6,2842.3,2840.0,2840.8,105
2026-05-08 01:00:00+02:00,2840.7,2842.0,2840.3,2842.0,98
2026-05-08 01:30:00+02:00,2843.9,2844.2,2843.3,2843.8,50
2026-05-08 01:40:00+02:00,2843.8,2845.8,2843.8,2845.8,83
2026-05-08 01:50:00+02:00,2845.9,2848.3,2845.9,2848.1,284
2026-05-08 02:00:00+02:00,2848.4,2853.6,2848.4,2851.7,672
2026-05-08 02:10:00+02:00,2851.4,2852.6,2849.1,2849.3,493
2026-05-08 02:20:00+02:00,2849.2,2851.0,2848.0,2849.0,182
2026-05-08 02:30:00+02:00,2849.2,2849.6,2847.8,2849.1,341
2026-05-08 02:40:00+02:00,2849.4,2850.6,2848.2,2848.4,200
2026-05-08 02:50:00+02:00,2848.3,2850.6,2848.1,2850.6,117
2026-05-08 03:00:00+02:00,2850.6,2854.1,2850.5,2852.7,467
2026-05-08 03:10:00+02:00,2852.6,2853.3,2851.6,2852.6,192
2026-05-08 03:20:00+02:00,2852.2,2853.3,2851.6,2851.8,164
2026-05-08 03:30:00+02:00,2852.0,2852.0,2850.6,2851.5,142
2026-05-08 03:40:00+02:00,2851.3,2851.5,2849.9,2851.3,123
2026-05-08 03:50:00+02:00,2851.3,2851.3,2849.1,2849.2,141
2026-05-08 04:00:00+02:00,2849.3,2849.7,2848.2,2849.3,134
2026-05-08 04:10:00+02:00,2849.6,2850.1,2848.2,2848.7,122
2026-05-08 04:20:00+02:00,2848.9,2850.4,2848.2,2849.7,175
2026-05-08 04:30:00+02:00,2849.7,2850.2,2845.1,2847.3,379
2026-05-08 04:40:00+02:00,2847.5,2852.1,2847.1,2852.0,206
2026-05-08 04:50:00+02:00,2852.3,2852.3,2849.7,2849.7,114
2026-05-08 05:20:00+02:00,2849.6,2850.9,2849.6,2850.4,83
2026-05-08 05:30:00+02:00,2850.5,2852.7,2849.8,2850.2,114
2026-05-08 05:40:00+02:00,2850.2,2850.7,2849.1,2849.6,91
2026-05-08 06:10:00+02:00,2850.7,2851.0,2848.4,2849.9,70
2026-05-08 06:20:00+02:00,2849.8,2850.2,2849.2,2850.0,93
2026-05-08 06:50:00+02:00,2850.0,2852.5,2849.8,2851.2,114
2026-05-08 07:00:00+02:00,2851.2,2852.5,2851.1,2851.4,72
2026-05-08 07:10:00+02:00,2851.0,2852.4,2850.7,2852.4,55
2026-05-08 07:20:00+02:00,2852.4,2852.6,2851.9,2852.2,101
2026-05-08 07:30:00+02:00,2852.2,2854.1,2851.6,2851.6,230
2026-05-08 07:40:00+02:00,2852.0,2853.0,2851.8,2852.5,71
2026-05-08 07:50:00+02:00,2852.3,2853.0,2852.0,2852.2,123
2026-05-08 08:00:00+02:00,2852.1,2854.2,2850.1,2853.9,172
2026-05-08 08:10:00+02:00,2853.9,2854.9,2853.3,2854.7,161
2026-05-08 08:20:00+02:00,2854.6,2856.1,2853.3,2855.4,180
2026-05-08 08:50:00+02:00,2853.9,2854.3,2852.9,2854.0,110
2026-05-08 09:00:00+02:00,2854.0,2854.3,2850.0,2851.7,270
2026-05-08 09:10:00+02:00,2851.9,2853.8,2850.2,2851.3,405
2026-05-08 09:20:00+02:00,2851.5,2852.4,2849.9,2851.4,134
2026-05-08 09:30:00+02:00,2851.7,2853.1,2849.7,2852.3,121
2026-05-08 09:40:00+02:00,2852.0,2853.8,2851.8,2852.9,145
2026-05-08 09:50:00+02:00,2853.2,2854.4,2852.4,2853.3,121
2026-05-08 10:00:00+02:00,2853.4,2854.2,2852.4,2854.0,194
2026-05-08 10:10:00+02:00,2853.9,2854.5,2852.5,2853.3,142
2026-05-08 10:20:00+02:00,2853.4,2856.2,2853.4,2855.8,273
2026-05-08 10:30:00+02:00,2855.9,2858.1,2855.9,2857.5,184
2026-05-08 10:40:00+02:00,2857.9,2858.0,2856.0,2857.3,168
2026-05-08 10:50:00+02:00,2857.5,2858.3,2857.0,2857.6,155
2026-05-08 11:00:00+02:00,2857.8,2860.4,2857.4,2860.0,275
2026-05-08 11:10:00+02:00,2859.9,2860.5,2859.4,2859.6,147
2026-05-08 11:20:00+02:00,2859.6,2860.1,2858.0,2858.2,206
2026-05-08 11:30:00+02:00,2858.1,2858.3,2856.5,2858.0,142
2026-05-08 11:40:00+02:00,2857.7,2858.2,2856.3,2856.8,99
2026-05-08 11:50:00+02:00,2856.9,2857.0,2854.5,2856.5,262
2026-05-08 12:00:00+02:00,2856.9,2858.5,2856.5,2857.7,194
2026-05-08 12:10:00+02:00,2857.4,2858.7,2857.4,2858.3,117
2026-05-08 12:20:00+02:00,2858.3,2860.7,2857.9,2859.9,270
2026-05-08 12:30:00+02:00,2859.8,2862.0,2859.7,2861.6,256
2026-05-08 12:40:00+02:00,2862.0,2862.8,2860.6,2861.2,200
2026-05-08 12:50:00+02:00,2861.2,2861.6,2858.1,2859.7,616
2026-05-08 13:00:00+02:00,2860.0,2862.6,2859.9,2862.0,344
2026-05-08 13:10:00+02:00,2862.3,2862.6,2861.0,2861.6,215
2026-05-08 13:20:00+02:00,2861.7,2862.9,2860.2,2862.5,221
2026-05-08 13:30:00+02:00,2862.6,2863.9,2862.3,2863.9,188
2026-05-08 13:40:00+02:00,2863.8,2864.6,2863.2,2864.5,217
2026-05-08 13:50:00+02:00,2864.5,2866.3,2864.0,2865.6,320
2026-05-08 14:00:00+02:00,2865.7,2866.4,2864.4,2865.6,378
2026-05-08 14:10:00+02:00,2865.6,2865.7,2863.6,2865.1,261
2026-05-08 14:20:00+02:00,2864.7,2866.3,2863.3,2866.3,500
2026-05-08 14:30:00+02:00,2866.4,2874.9,2866.4,2870.7,2110
2026-05-08 14:40:00+02:00,2870.7,2871.3,2866.9,2866.9,975
2026-05-08 14:50:00+02:00,2867.0,2867.4,2861.2,2863.8,1067
2026-05-08 15:00:00+02:00,2863.7,2866.1,2860.1,2861.4,925
2026-05-08 15:10:00+02:00,2861.6,2864.1,2859.6,2862.3,769
2026-05-08 15:20:00+02:00,2862.8,2866.4,2862.3,2866.1,801
2026-05-08 15:30:00+02:00,2866.0,2867.5,2853.8,2855.1,6393
2026-05-08 15:40:00+02:00,2855.8,2860.6,2852.5,2856.5,4458
2026-05-08 15:50:00+02:00,2856.7,2859.2,2852.0,2854.0,2447
2026-05-08 16:00:00+02:00,2854.0,2857.6,2852.3,2855.5,2029
2026-05-08 16:10:00+02:00,2855.5,2863.2,2853.3,2860.2,2391
2026-05-08 16:20:00+02:00,2860.4,2863.4,2857.1,2857.7,1854
2026-05-08 16:30:00+02:00,2857.6,2859.6,2854.5,2859.3,1962
2026-05-08 16:40:00+02:00,2859.2,2860.3,2857.0,2857.3,1075
2026-05-08 16:50:00+02:00,2857.3,2862.4,2856.7,2858.7,1339
2026-05-08 17:00:00+02:00,2858.7,2860.3,2856.8,2857.0,1210
2026-05-08 17:10:00+02:00,2856.7,2857.9,2853.3,2855.2,1284
2026-05-08 17:20:00+02:00,2855.6,2858.9,2855.2,2857.2,945
2026-05-08 17:30:00+02:00,2857.2,2861.6,2854.4,2860.6,1531
2026-05-08 17:40:00+02:00,2860.9,2861.4,2856.5,2859.5,1717
2026-05-08 17:50:00+02:00,2859.6,2862.3,2858.9,2860.3,864
2026-05-08 18:00:00+02:00,2860.4,2865.6,2860.4,2862.2,1693
2026-05-08 18:10:00+02:00,2862.2,2862.5,2859.3,2859.4,578
2026-05-08 18:20:00+02:00,2859.9,2862.8,2858.3,2862.6,644
2026-05-08 18:30:00+02:00,2862.7,2864.7,2860.8,2864.3,663
2026-05-08 18:40:00+02:00,2864.5,2865.4,2862.0,2863.5,705
2026-05-08 18:50:00+02:00,2863.7,2864.1,2860.5,2860.5,502
2026-05-08 19:00:00+02:00,2860.3,2861.9,2858.8,2860.2,842
2026-05-08 19:10:00+02:00,2860.4,2863.0,2859.9,2862.4,575
2026-05-08 19:20:00+02:00,2862.4,2867.7,2861.4,2865.4,1071
2026-05-08 19:30:00+02:00,2865.4,2867.4,2864.2,2864.4,960
2026-05-08 19:40:00+02:00,2864.3,2867.2,2863.5,2866.8,662
2026-05-08 19:50:00+02:00,2866.8,2868.4,2865.6,2866.0,608
2026-05-08 20:00:00+02:00,2866.0,2872.4,2865.6,2871.4,2409
2026-05-08 20:10:00+02:00,2871.4,2875.7,2871.4,2872.9,1343
2026-05-08 20:20:00+02:00,2872.8,2874.4,2871.9,2872.1,671
2026-05-08 20:30:00+02:00,2872.0,2873.4,2867.7,2867.7,1039
2026-05-08 20:40:00+02:00,2867.6,2868.2,2862.7,2863.9,972
2026-05-08 20:50:00+02:00,2864.0,2865.8,2859.6,2860.1,2241
2026-05-08 21:00:00+02:00,2860.2,2865.5,2860.0,2864.5,828
2026-05-08 21:10:00+02:00,2864.6,2867.9,2864.6,2867.7,680
2026-05-08 21:20:00+02:00,2867.8,2868.1,2864.0,2864.1,1057
2026-05-08 21:30:00+02:00,2864.1,2867.9,2863.2,2866.9,1557
2026-05-08 21:40:00+02:00,2867.0,2870.5,2866.9,2866.9,1493
2026-05-08 21:50:00+02:00,2867.1,2870.0,2865.3,2867.7,2712
2026-05-08 22:00:00+02:00,2867.6,2870.7,2866.6,2869.5,830
2026-05-08 22:10:00+02:00,2869.4,2869.6,2866.5,2866.9,388
2026-05-08 22:20:00+02:00,2866.9,2867.7,2866.6,2867.7,123
2026-05-08 22:30:00+02:00,2867.5,2868.2,2866.9,2867.6,293
2026-05-08 22:40:00+02:00,2867.7,2868.9,2867.6,2868.5,237
2026-05-08 22:50:00+02:00,2868.4,2869.0,2867.2,2869.0,612
2026-05-11 00:00:00+02:00,2863.5,2863.5,2846.4,2852.4,1401
2026-05-11 00:10:00+02:00,2852.7,2855.3,2846.4,2849.3,860
2026-05-11 00:20:00+02:00,2849.2,2853.0,2848.0,2852.8,400
2026-05-11 00:30:00+02:00,2852.7,2853.6,2851.7,2852.4,254
2026-05-11 00:40:00+02:00,2852.3,2855.9,2852.2,2855.7,234
2026-05-11 00:50:00+02:00,2855.9,2857.8,2855.4,2856.9,403
2026-05-11 01:00:00+02:00,2856.6,2858.9,2856.1,2858.5,335
2026-05-11 01:10:00+02:00,2858.3,2858.7,2856.4,2857.8,262
2026-05-11 01:20:00+02:00,2857.6,2858.4,2856.1,2856.5,186
2026-05-11 01:30:00+02:00,2856.3,2857.0,2855.5,2855.8,262
2026-05-11 01:40:00+02:00,2855.8,2856.6,2854.8,2855.6,214
2026-05-11 01:50:00+02:00,2855.2,2855.7,2853.8,2854.6,173
2026-05-11 02:00:00+02:00,2854.4,2858.2,2853.5,2856.4,510
2026-05-11 02:10:00+02:00,2857.0,2857.5,2854.7,2857.1,264
2026-05-11 02:20:00+02:00,2857.1,2858.9,2856.2,2857.0,236
2026-05-11 02:30:00+02:00,2857.2,2857.9,2856.4,2856.4,333
2026-05-11 02:40:00+02:00,2856.3,2856.8,2855.4,2855.7,201
2026-05-11 02:50:00+02:00,2855.5,2855.6,2849.0,2851.7,875
2026-05-11 03:00:00+02:00,2851.4,2853.3,2850.4,2852.9,509
2026-05-11 03:10:00+02:00,2852.9,2856.5,2852.1,2856.3,293
2026-05-11 03:30:00+02:00,2855.2,2855.2,2853.1,2853.6,331
2026-05-11 03:40:00+02:00,2853.8,2855.4,2853.7,2855.3,96
2026-05-11 04:00:00+02:00,2855.3,2856.5,2854.6,2855.2,140
2026-05-11 04:10:00+02:00,2854.9,2856.0,2854.9,2855.2,126
2026-05-11 04:20:00+02:00,2855.3,2856.5,2855.2,2856.3,100
2026-05-11 04:30:00+02:00,2856.4,2857.0,2855.1,2856.1,93
2026-05-11 04:50:00+02:00,2855.4,2857.4,2855.3,2855.4,114
2026-05-11 05:00:00+02:00,2855.3,2855.6,2853.3,2855.6,206
2026-05-11 05:10:00+02:00,2855.9,2856.7,2855.5,2856.7,86
2026-05-11 05:30:00+02:00,2858.3,2859.3,2858.0,2858.9,188
2026-05-11 05:40:00+02:00,2858.8,2860.2,2858.5,2858.5,150
2026-05-11 05:50:00+02:00,2858.3,2858.7,2857.3,2857.4,79
2026-05-11 06:20:00+02:00,2858.1,2859.2,2858.1,2858.7,54
2026-05-11 06:50:00+02:00,2857.3,2858.3,2857.3,2857.9,44
2026-05-11 07:00:00+02:00,2858.3,2858.4,2857.6,2858.0,48
2026-05-11 07:10:00+02:00,2857.9,2858.8,2857.2,2858.6,82
2026-05-11 07:20:00+02:00,2858.7,2859.3,2857.8,2858.9,130
2026-05-11 07:40:00+02:00,2858.0,2858.3,2857.0,2857.9,72
2026-05-11 07:50:00+02:00,2858.0,2858.8,2858.0,2858.1,84
2026-05-11 08:00:00+02:00,2858.1,2859.0,2857.7,2858.7,70
2026-05-11 08:10:00+02:00,2858.9,2860.0,2858.3,2858.7,119
2026-05-11 08:40:00+02:00,2858.9,2859.1,2857.9,2858.7,131
2026-05-11 09:00:00+02:00,2861.2,2862.4,2859.9,2861.0,370
2026-05-11 09:10:00+02:00,2861.0,2862.3,2859.9,2860.4,131
2026-05-11 09:20:00+02:00,2859.9,2860.8,2859.3,2859.9,82
2026-05-11 09:30:00+02:00,2860.1,2860.2,2858.9,2860.2,81
2026-05-11 09:40:00+02:00,2860.5,2861.7,2859.1,2860.4,226
2026-05-11 10:00:00+02:00,2860.7,2862.9,2859.5,2859.6,215
2026-05-11 10:10:00+02:00,2859.7,2863.5,2859.7,2863.3,228
2026-05-11 10:20:00+02:00,2863.0,2863.9,2861.9,2861.9,161
2026-05-11 10:30:00+02:00,2862.1,2863.4,2861.6,2861.8,243
2026-05-11 10:40:00+02:00,2862.0,2862.2,2861.4,2861.8,46
2026-05-11 10:50:00+02:00,2861.9,2862.5,2861.5,2862.0,87
2026-05-11 11:00:00+02:00,2861.7,2863.0,2861.0,2862.9,98
2026-05-11 11:10:00+02:00,2863.1,2863.6,2862.6,2863.1,81
2026-05-11 11:20:00+02:00,2863.0,2864.6,2862.7,2863.6,119
2026-05-11 11:30:00+02:00,2863.6,2864.7,2863.6,2864.6,82
2026-05-11 11:40:00+02:00,2864.6,2866.3,2864.5,2865.5,141
2026-05-11 11:50:00+02:00,2865.6,2866.5,2863.3,2863.3,142
2026-05-11 12:00:00+02:00,2863.1,2864.9,2862.9,2864.8,93
2026-05-11 12:10:00+02:00,2864.9,2865.8,2864.9,2865.8,104
2026-05-11 12:20:00+02:00,2865.4,2866.8,2865.1,2865.2,101
2026-05-11 12:30:00+02:00,2865.4,2866.4,2863.4,2864.0,161
2026-05-11 12:40:00+02:00,2864.4,2864.9,2863.1,2864.8,98
2026-05-11 13:00:00+02:00,2863.0,2864.7,2863.0,2863.9,189
2026-05-11 13:10:00+02:00,2863.5,2864.4,2862.2,2863.9,105
2026-05-11 13:20:00+02:00,2864.2,2866.1,2864.2,2866.0,125
2026-05-11 13:30:00+02:00,2866.1,2868.3,2866.0,2867.2,276
2026-05-11 13:40:00+02:00,2867.2,2867.5,2864.6,2864.8,136
2026-05-11 13:50:00+02:00,2864.8,2864.9,2861.0,2864.8,535
2026-05-11 14:00:00+02:00,2865.2,2866.6,2863.8,2866.3,324
2026-05-11 14:10:00+02:00,2866.2,2867.4,2865.1,2866.5,310
2026-05-11 14:20:00+02:00,2866.1,2869.3,2865.8,2868.9,340
2026-05-11 14:30:00+02:00,2868.8,2872.6,2868.8,2869.8,661
2026-05-11 14:40:00+02:00,2869.7,2870.2,2864.0,2865.9,1339
2026-05-11 14:50:00+02:00,2865.9,2867.4,2864.6,2867.4,412
2026-05-11 15:00:00+02:00,2867.5,2871.4,2867.0,2871.4,679
2026-05-11 15:10:00+02:00,2871.3,2873.5,2870.3,2871.8,605
2026-05-11 15:20:00+02:00,2871.8,2876.1,2871.8,2875.4,875
2026-05-11 15:30:00+02:00,2875.4,2879.8,2871.6,2875.0,6244
2026-05-11 15:40:00+02:00,2874.8,2885.5,2874.3,2885.4,3079
2026-05-11 15:50:00+02:00,2885.4,2889.2,2884.7,2887.3,2864
2026-05-11 16:00:00+02:00,2887.3,2889.4,2884.5,2887.3,2239
2026-05-11 16:10:00+02:00,2887.1,2895.2,2884.5,2894.7,2324
2026-05-11 16:20:00+02:00,2894.8,2896.2,2889.8,2890.5,2339
2026-05-11 16:30:00+02:00,2890.6,2891.8,2883.3,2888.4,3809
2026-05-11 16:40:00+02:00,2888.5,2891.6,2883.7,2885.6,1883
2026-05-11 16:50:00+02:00,2885.8,2890.1,2885.3,2887.8,1521
2026-05-11 17:00:00+02:00,2887.9,2892.0,2887.3,2888.6,1039
2026-05-11 17:10:00+02:00,2888.4,2888.7,2884.2,2885.9,1342
2026-05-11 17:20:00+02:00,2885.6,2889.5,2885.4,2888.8,1693
2026-05-11 17:30:00+02:00,2888.8,2891.3,2888.1,2890.8,1116
2026-05-11 17:40:00+02:00,2891.0,2891.3,2887.0,2889.1,1642
2026-05-11 17:50:00+02:00,2888.7,2889.5,2886.7,2887.8,535
2026-05-11 18:00:00+02:00,2887.8,2889.0,2886.8,2887.0,647
2026-05-11 18:10:00+02:00,2886.8,2888.5,2885.9,2886.9,545
2026-05-11 18:20:00+02:00,2886.9,2888.9,2885.4,2887.3,714
2026-05-11 18:30:00+02:00,2887.3,2889.9,2886.9,2888.1,543
2026-05-11 18:40:00+02:00,2888.0,2888.9,2878.6,2884.7,3456
2026-05-11 18:50:00+02:00,2884.6,2884.8,2882.0,2884.7,971
2026-05-11 19:00:00+02:00,2884.6,2885.6,2882.4,2885.5,576
2026-05-11 19:10:00+02:00,2885.4,2886.7,2883.8,2885.2,777
2026-05-11 19:20:00+02:00,2885.3,2892.2,2885.1,2891.2,1215
2026-05-11 19:30:00+02:00,2891.3,2895.2,2891.3,2893.1,1116
2026-05-11 19:40:00+02:00,2893.1,2894.9,2892.2,2892.8,667
2026-05-11 19:50:00+02:00,2892.8,2892.8,2888.5,2889.7,591
2026-05-11 20:00:00+02:00,2889.8,2890.8,2888.3,2889.6,480
2026-05-11 20:10:00+02:00,2889.7,2890.4,2888.5,2890.2,261
2026-05-11 20:20:00+02:00,2890.1,2891.9,2888.2,2890.7,1029
2026-05-11 20:30:00+02:00,2890.5,2891.7,2889.7,2890.1,443
2026-05-11 20:40:00+02:00,2890.1,2891.0,2888.5,2889.1,514
2026-05-11 20:50:00+02:00,2889.1,2890.7,2884.9,2885.1,1009
2026-05-11 21:00:00+02:00,2885.2,2887.9,2884.3,2884.5,1236
2026-05-11 21:10:00+02:00,2884.6,2886.4,2881.9,2882.4,1270
2026-05-11 21:20:00+02:00,2882.6,2883.2,2878.5,2879.3,1007
2026-05-11 21:30:00+02:00,2879.3,2881.0,2877.9,2879.5,988
2026-05-11 21:40:00+02:00,2879.4,2879.4,2876.5,2876.9,1071
2026-05-11 21:50:00+02:00,2876.8,2879.5,2874.6,2879.3,2472
2026-05-11 22:00:00+02:00,2879.4,2880.0,2878.2,2878.6,679
2026-05-11 22:10:00+02:00,2878.6,2879.1,2874.1,2878.7,1207
2026-05-11 22:20:00+02:00,2878.4,2878.4,2876.9,2878.0,145
2026-05-11 22:30:00+02:00,2877.9,2879.0,2877.1,2878.1,220
2026-05-11 22:40:00+02:00,2878.0,2879.1,2877.7,2878.4,219
2026-05-11 22:50:00+02:00,2878.7,2880.0,2878.0,2879.5,313
2026-05-12 00:00:00+02:00,2879.2,2880.4,2878.7,2879.9,410
2026-05-12 00:10:00+02:00,2879.9,2881.8,2879.9,2881.6,231
2026-05-12 00:20:00+02:00,2881.6,2882.4,2881.3,2882.0,131
2026-05-12 00:30:00+02:00,2881.9,2883.7,2881.9,2883.2,222
2026-05-12 00:40:00+02:00,2883.1,2883.9,2882.6,2882.6,183
2026-05-12 00:50:00+02:00,2882.6,2882.8,2881.9,2882.1,106
2026-05-12 01:10:00+02:00,2882.4,2882.4,2880.8,2880.8,112
2026-05-12 01:30:00+02:00,2881.6,2881.6,2880.8,2881.0,75
2026-05-12 01:40:00+02:00,2881.1,2881.4,2880.3,2880.7,72
2026-05-12 01:50:00+02:00,2880.7,2880.7,2879.0,2880.5,129
2026-05-12 02:00:00+02:00,2880.4,2880.6,2877.4,2878.0,298
2026-05-12 02:10:00+02:00,2878.1,2878.4,2876.8,2877.1,154
2026-05-12 02:20:00+02:00,2877.2,2877.4,2874.8,2875.9,402
2026-05-12 02:30:00+02:00,2875.9,2876.0,2874.8,2874.8,246
2026-05-12 02:40:00+02:00,2874.7,2874.9,2872.6,2873.6,230
2026-05-12 02:50:00+02:00,2873.7,2874.3,2872.9,2873.8,158
2026-05-12 03:00:00+02:00,2873.7,2875.2,2872.9,2874.2,263
2026-05-12 03:10:00+02:00,2874.3,2875.3,2870.5,2872.3,472
2026-05-12 03:20:00+02:00,2872.4,2872.9,2869.5,2870.5,388
2026-05-12 03:30:00+02:00,2870.3,2870.7,2864.2,2864.2,865
2026-05-12 03:40:00+02:00,2864.2,2867.5,2860.7,2867.3,1269
2026-05-12 03:50:00+02:00,2867.2,2868.6,2866.6,2867.8,394
2026-05-12 04:00:00+02:00,2867.9,2870.9,2867.2,2870.9,313
2026-05-12 04:10:00+02:00,2871.1,2873.3,2869.7,2870.4,410
2026-05-12 04:20:00+02:00,2870.5,2872.6,2870.5,2872.4,193
2026-05-12 04:30:00+02:00,2872.2,2872.8,2871.1,2871.8,102
2026-05-12 04:40:00+02:00,2871.7,2873.8,2871.5,2872.8,153
2026-05-12 04:50:00+02:00,2873.0,2874.8,2872.8,2873.8,169
2026-05-12 05:00:00+02:00,2873.7,2875.0,2872.4,2872.5,183
2026-05-12 05:10:00+02:00,2872.6,2873.5,2872.2,2872.4,68
2026-05-12 05:40:00+02:00,2874.1,2874.8,2872.9,2873.1,145
2026-05-12 05:50:00+02:00,2873.1,2873.3,2871.7,2872.3,84
2026-05-12 06:00:00+02:00,2872.5,2873.9,2872.0,2873.6,73
2026-05-12 06:10:00+02:00,2873.8,2874.3,2872.8,2874.0,87
2026-05-12 06:20:00+02:00,2874.4,2874.6,2873.4,2873.4,81
2026-05-12 06:30:00+02:00,2873.6,2874.4,2873.4,2873.8,66
2026-05-12 06:50:00+02:00,2873.4,2873.4,2870.9,2870.9,327
2026-05-12 07:10:00+02:00,2871.7,2871.8,2869.7,2870.0,175
2026-05-12 07:20:00+02:00,2870.1,2873.0,2870.0,2872.7,108
2026-05-12 07:30:00+02:00,2872.8,2872.9,2870.6,2871.2,91
2026-05-12 07:40:00+02:00,2870.8,2873.6,2870.8,2873.2,160
2026-05-12 07:50:00+02:00,2872.8,2873.9,2872.4,2872.6,98
2026-05-12 08:00:00+02:00,2872.6,2873.1,2869.8,2870.7,170
2026-05-12 08:20:00+02:00,2870.5,2870.5,2868.6,2868.8,158
2026-05-12 08:30:00+02:00,2869.1,2869.4,2866.3,2867.1,169
2026-05-12 08:40:00+02:00,2867.0,2868.6,2866.6,2867.5,109
2026-05-12 08:50:00+02:00,2867.3,2867.3,2864.9,2865.2,251
2026-05-12 09:00:00+02:00,2865.5,2865.9,2861.5,2863.4,464
2026-05-12 09:10:00+02:00,2863.1,2869.6,2862.4,2869.6,316
2026-05-12 09:20:00+02:00,2869.6,2870.7,2868.1,2869.3,224
2026-05-12 09:30:00+02:00,2869.4,2872.3,2869.4,2871.9,259
2026-05-12 09:40:00+02:00,2871.8,2871.9,2870.5,2871.4,135
2026-05-12 09:50:00+02:00,2871.2,2872.3,2870.1,2870.3,112
2026-05-12 10:00:00+02:00,2870.7,2870.7,2867.8,2869.2,288
2026-05-12 10:10:00+02:00,2869.3,2869.3,2865.1,2867.2,309
2026-05-12 10:20:00+02:00,2867.6,2868.8,2866.9,2867.4,166
2026-05-12 10:30:00+02:00,2867.6,2867.6,2865.5,2867.2,101
2026-05-12 10:40:00+02:00,2867.2,2868.1,2864.8,2867.3,233
2026-05-12 10:50:00+02:00,2867.4,2868.8,2867.1,2868.8,165
2026-05-12 11:00:00+02:00,2868.6,2870.1,2866.0,2866.9,152
2026-05-12 11:20:00+02:00,2867.5,2870.1,2867.1,2869.0,138
2026-05-12 11:30:00+02:00,2869.5,2873.7,2869.5,2871.1,473
2026-05-12 11:40:00+02:00,2871.2,2871.2,2866.4,2869.3,428
2026-05-12 11:50:00+02:00,2868.9,2869.3,2867.5,2868.8,121
2026-05-12 12:00:00+02:00,2869.0,2870.7,2868.4,2870.3,152
2026-05-12 12:10:00+02:00,2870.2,2871.9,2869.3,2869.9,176
2026-05-12 12:20:00+02:00,2869.9,2870.4,2868.4,2870.0,144
2026-05-12 12:30:00+02:00,2870.3,2870.9,2868.7,2869.8,113
2026-05-12 12:40:00+02:00,2869.3,2869.9,2868.0,2868.9,118
2026-05-12 12:50:00+02:00,2868.9,2870.2,2868.5,2869.8,139
2026-05-12 13:00:00+02:00,2869.9,2870.5,2864.7,2867.4,338
2026-05-12 13:10:00+02:00,2868.1,2870.9,2865.7,2867.3,785
2026-05-12 13:20:00+02:00,2866.7,2867.6,2866.0,2867.2,156
2026-05-12 13:30:00+02:00,2867.3,2869.7,2866.8,2869.7,166
2026-05-12 13:40:00+02:00,2869.8,2870.3,2868.9,2869.7,169
2026-05-12 14:00:00+02:00,2869.3,2869.5,2867.0,2867.9,322
2026-05-12 14:10:00+02:00,2867.7,2868.0,2866.4,2867.2,248
2026-05-12 14:20:00+02:00,2867.1,2867.8,2864.1,2866.7,495
2026-05-12 14:30:00+02:00,2868.7,2875.3,2860.0,2865.4,1960
2026-05-12 14:40:00+02:00,2864.9,2868.2,2864.7,2867.5,532
2026-05-12 14:50:00+02:00,2867.6,2868.9,2867.0,2867.9,549
2026-05-12 15:00:00+02:00,2868.0,2868.5,2864.5,2865.8,689
2026-05-12 15:10:00+02:00,2865.8,2866.6,2860.9,2862.5,821
2026-05-12 15:20:00+02:00,2862.5,2866.4,2860.4,2865.5,1455
2026-05-12 15:30:00+02:00,2865.3,2866.1,2846.6,2850.0,6939
2026-05-12 15:40:00+02:00,2850.1,2852.9,2843.5,2844.1,4754
2026-05-12 15:50:00+02:00,2844.0,2844.0,2831.9,2834.0,4732
2026-05-12 16:00:00+02:00,2834.2,2846.0,2832.8,2845.3,3921
2026-05-12 16:10:00+02:00,2845.8,2847.0,2841.1,2842.8,2696
2026-05-12 16:20:00+02:00,2842.8,2843.0,2831.1,2833.7,3079
2026-05-12 16:30:00+02:00,2833.8,2834.0,2820.3,2828.7,5782
2026-05-12 16:40:00+02:00,2828.7,2833.7,2823.1,2824.4,2776
2026-05-12 16:50:00+02:00,2824.3,2826.6,2820.8,2824.5,2270
2026-05-12 17:00:00+02:00,2824.6,2825.3,2820.9,2823.1,1636
2026-05-12 17:10:00+02:00,2823.0,2823.1,2812.3,2814.5,2724
2026-05-12 17:20:00+02:00,2814.6,2816.2,2807.9,2810.6,2563
2026-05-12 17:30:00+02:00,2810.9,2818.1,2809.4,2816.5,2564
2026-05-12 17:40:00+02:00,2816.6,2819.5,2813.6,2816.8,2432
2026-05-12 17:50:00+02:00,2816.9,2817.6,2809.4,2809.8,1679
2026-05-12 18:00:00+02:00,2809.8,2814.9,2808.2,2812.2,1768
2026-05-12 18:10:00+02:00,2812.2,2817.0,2811.6,2815.2,1183
2026-05-12 18:20:00+02:00,2814.9,2816.5,2810.3,2811.0,1097
2026-05-12 18:30:00+02:00,2811.0,2815.3,2809.3,2812.8,1276
2026-05-12 18:40:00+02:00,2812.9,2814.2,2809.0,2810.5,1053
2026-05-12 18:50:00+02:00,2810.5,2812.9,2807.7,2812.3,1397
2026-05-12 19:00:00+02:00,2812.5,2822.3,2810.9,2820.4,2577
2026-05-12 19:10:00+02:00,2820.5,2830.2,2820.4,2829.6,2312
2026-05-12 19:20:00+02:00,2829.9,2834.6,2828.8,2830.7,2080
2026-05-12 19:30:00+02:00,2830.9,2834.9,2829.7,2831.4,1434
2026-05-12 19:40:00+02:00,2831.7,2833.4,2830.9,2832.9,726
2026-05-12 19:50:00+02:00,2833.2,2834.5,2831.5,2834.2,887
2026-05-12 20:00:00+02:00,2834.0,2836.9,2832.6,2834.2,2446
2026-05-12 20:10:00+02:00,2834.2,2838.1,2832.9,2837.2,1247
2026-05-12 20:20:00+02:00,2837.2,2841.3,2837.1,2838.6,1893
2026-05-12 20:30:00+02:00,2838.7,2841.5,2838.2,2840.0,1302
2026-05-12 20:40:00+02:00,2839.9,2841.1,2836.9,2839.7,1307
2026-05-12 20:50:00+02:00,2839.7,2842.4,2837.3,2837.8,1185
2026-05-12 21:00:00+02:00,2837.9,2842.0,2837.0,2841.2,1349
2026-05-12 21:10:00+02:00,2841.5,2847.0,2841.5,2844.7,1498
2026-05-12 21:20:00+02:00,2845.0,2845.1,2842.0,2842.4,1156
2026-05-12 21:30:00+02:00,2842.6,2850.2,2842.6,2849.1,1374
2026-05-12 21:40:00+02:00,2849.0,2850.4,2847.6,2850.4,992
2026-05-12 21:50:00+02:00,2850.4,2852.6,2848.6,2850.8,3601
2026-05-12 22:00:00+02:00,2850.9,2851.0,2845.5,2846.4,905
2026-05-12 22:10:00+02:00,2846.9,2849.4,2846.4,2849.0,522
2026-05-12 22:20:00+02:00,2848.5,2848.6,2846.5,2847.3,178
2026-05-12 22:30:00+02:00,2847.5,2847.8,2846.2,2847.5,240
2026-05-12 22:40:00+02:00,2847.5,2848.8,2847.5,2848.7,198
2026-05-12 22:50:00+02:00,2848.6,2849.5,2848.5,2848.8,365
2026-05-13 00:00:00+02:00,2843.9,2850.0,2843.9,2848.6,299
2026-05-13 00:10:00+02:00,2848.7,2851.6,2848.3,2851.6,102
2026-05-13 00:20:00+02:00,2851.4,2852.2,2851.2,2851.4,200
2026-05-13 00:30:00+02:00,2851.8,2852.3,2851.1,2851.5,99
2026-05-13 00:40:00+02:00,2851.4,2851.5,2850.6,2850.6,118
2026-05-13 00:50:00+02:00,2850.9,2851.0,2848.9,2849.5,135
2026-05-13 01:00:00+02:00,2849.4,2849.5,2848.2,2848.9,138
2026-05-13 01:10:00+02:00,2848.7,2849.6,2847.8,2847.8,257
2026-05-13 01:20:00+02:00,2847.8,2848.6,2847.6,2848.5,201
2026-05-13 01:30:00+02:00,2848.4,2848.8,2846.9,2847.5,205
2026-05-13 01:40:00+02:00,2847.6,2847.6,2845.3,2846.3,265
2026-05-13 01:50:00+02:00,2846.3,2847.0,2844.5,2844.5,132
2026-05-13 02:00:00+02:00,2844.6,2848.1,2844.5,2846.5,387
2026-05-13 02:10:00+02:00,2846.3,2849.9,2845.5,2849.7,229
2026-05-13 02:20:00+02:00,2849.4,2851.2,2847.5,2848.0,307
2026-05-13 02:30:00+02:00,2848.3,2850.5,2848.3,2850.4,389
2026-05-13 02:40:00+02:00,2850.4,2852.0,2849.5,2849.8,335
2026-05-13 02:50:00+02:00,2849.8,2851.2,2848.8,2850.8,159
2026-05-13 03:00:00+02:00,2850.8,2853.5,2849.6,2853.5,589
2026-05-13 03:10:00+02:00,2853.3,2854.6,2852.1,2853.2,420
2026-05-13 03:20:00+02:00,2853.3,2856.3,2853.1,2856.1,418
2026-05-13 03:30:00+02:00,2856.0,2856.7,2854.8,2856.0,199
2026-05-13 03:40:00+02:00,2855.9,2858.2,2855.6,2857.9,274
2026-05-13 03:50:00+02:00,2857.9,2859.6,2855.8,2855.9,262
2026-05-13 04:00:00+02:00,2855.7,2856.1,2853.4,2853.7,261
2026-05-13 04:10:00+02:00,2853.7,2855.0,2853.4,2854.5,133
2026-05-13 04:20:00+02:00,2854.8,2855.8,2854.7,2855.4,174
2026-05-13 04:40:00+02:00,2854.7,2855.3,2854.2,2854.6,121
2026-05-13 05:00:00+02:00,2854.5,2854.9,2852.8,2853.9,118
2026-05-13 05:10:00+02:00,2853.9,2855.1,2853.1,2854.5,298
2026-05-13 05:30:00+02:00,2855.2,2857.6,2855.0,2857.3,271
2026-05-13 05:50:00+02:00,2856.5,2857.1,2855.8,2855.8,115
2026-05-13 06:10:00+02:00,2855.5,2856.5,2855.2,2856.1,32
2026-05-13 06:20:00+02:00,2856.0,2856.4,2855.5,2855.6,72
2026-05-13 06:30:00+02:00,2855.5,2856.0,2854.2,2855.4,92
2026-05-13 06:50:00+02:00,2856.0,2857.3,2855.6,2856.3,115
2026-05-13 07:00:00+02:00,2856.3,2857.5,2855.9,2856.6,184
2026-05-13 07:10:00+02:00,2856.6,2857.4,2855.7,2856.0,164
2026-05-13 07:20:00+02:00,2855.7,2857.4,2855.7,2856.7,158
2026-05-13 07:30:00+02:00,2856.8,2857.0,2856.2,2856.8,108
2026-05-13 07:50:00+02:00,2855.9,2856.5,2855.4,2856.0,120
2026-05-13 08:00:00+02:00,2856.0,2856.6,2855.5,2855.7,120
2026-05-13 08:10:00+02:00,2855.6,2856.9,2855.5,2855.8,223
2026-05-13 08:20:00+02:00,2855.7,2855.7,2854.0,2854.3,186
2026-05-13 08:30:00+02:00,2854.4,2855.1,2854.1,2854.4,97
2026-05-13 08:50:00+02:00,2853.2,2854.0,2852.2,2854.0,103
2026-05-13 09:00:00+02:00,2854.2,2854.7,2853.3,2853.7,120
2026-05-13 09:10:00+02:00,2853.4,2854.5,2852.7,2854.1,59
2026-05-13 09:20:00+02:00,2853.9,2855.7,2853.6,2855.3,166
2026-05-13 09:30:00+02:00,2855.4,2857.5,2854.9,2856.5,251
2026-05-13 09:40:00+02:00,2856.4,2859.0,2856.4,2857.9,241
2026-05-13 09:50:00+02:00,2858.1,2858.4,2856.6,2857.0,120
2026-05-13 10:00:00+02:00,2857.5,2858.8,2856.9,2857.9,344
2026-05-13 10:10:00+02:00,2858.1,2859.2,2857.9,2858.3,310
2026-05-13 10:20:00+02:00,2858.3,2861.4,2858.3,2860.2,398
2026-05-13 10:30:00+02:00,2860.1,2862.3,2859.9,2861.5,304
2026-05-13 10:40:00+02:00,2861.6,2862.5,2858.4,2858.9,230
2026-05-13 10:50:00+02:00,2859.1,2860.6,2858.6,2859.5,169
2026-05-13 11:00:00+02:00,2859.3,2859.8,2857.6,2858.0,231
2026-05-13 11:10:00+02:00,2858.2,2858.2,2856.0,2856.4,355
2026-05-13 11:20:00+02:00,2856.8,2857.4,2856.2,2856.7,207
2026-05-13 11:30:00+02:00,2856.1,2858.3,2855.5,2858.0,314
2026-05-13 11:50:00+02:00,2857.5,2859.2,2857.1,2859.0,104
2026-05-13 12:00:00+02:00,2859.1,2859.8,2858.8,2859.5,97
2026-05-13 12:10:00+02:00,2859.4,2860.1,2856.3,2857.0,197
2026-05-13 12:20:00+02:00,2857.4,2858.2,2855.5,2856.1,97
2026-05-13 12:30:00+02:00,2855.7,2856.4,2853.8,2855.2,235
2026-05-13 12:40:00+02:00,2855.1,2858.8,2855.1,2858.4,283
2026-05-13 12:50:00+02:00,2858.3,2858.8,2856.3,2856.9,91
2026-05-13 13:00:00+02:00,2857.0,2858.6,2855.5,2856.7,382
2026-05-13 13:10:00+02:00,2856.7,2857.5,2855.9,2856.2,126
2026-05-13 13:20:00+02:00,2856.4,2856.9,2855.4,2855.9,60
2026-05-13 13:30:00+02:00,2856.1,2858.5,2855.5,2857.5,143
2026-05-13 13:40:00+02:00,2857.3,2857.7,2856.7,2856.7,80
2026-05-13 14:00:00+02:00,2857.1,2858.8,2857.1,2857.5,226
2026-05-13 14:10:00+02:00,2857.1,2858.6,2856.4,2857.9,186
2026-05-13 14:20:00+02:00,2858.0,2858.0,2854.3,2856.3,401
2026-05-13 14:30:00+02:00,2855.6,2855.6,2837.3,2838.9,3796
2026-05-13 14:40:00+02:00,2838.8,2842.7,2836.1,2841.9,1730
2026-05-13 14:50:00+02:00,2842.0,2843.0,2838.6,2841.1,787
2026-05-13 15:00:00+02:00,2840.8,2847.2,2840.8,2845.4,1069
2026-05-13 15:10:00+02:00,2845.3,2848.8,2844.6,2848.3,727
2026-05-13 15:20:00+02:00,2848.5,2855.0,2846.8,2854.5,1779
2026-05-13 15:30:00+02:00,2854.4,2855.2,2830.4,2831.6,10265
2026-05-13 15:40:00+02:00,2831.7,2834.0,2824.2,2831.4,5662
2026-05-13 15:50:00+02:00,2831.5,2833.4,2827.5,2828.9,2629
2026-05-13 16:00:00+02:00,2828.9,2837.1,2828.9,2833.0,3298
2026-05-13 16:10:00+02:00,2832.8,2835.8,2828.8,2830.9,1895
2026-05-13 16:20:00+02:00,2830.8,2840.2,2829.9,2838.4,2600
2026-05-13 16:30:00+02:00,2838.2,2842.7,2836.2,2837.9,2218
2026-05-13 16:40:00+02:00,2838.0,2839.7,2835.5,2836.5,1354
2026-05-13 16:50:00+02:00,2836.4,2841.4,2834.2,2839.7,1482
2026-05-13 17:00:00+02:00,2839.4,2842.7,2838.2,2839.6,1293
2026-05-13 17:10:00+02:00,2839.5,2842.9,2836.5,2842.2,1338
2026-05-13 17:20:00+02:00,2842.1,2843.9,2841.3,2843.9,1197
2026-05-13 17:30:00+02:00,2843.7,2845.7,2841.5,2845.7,1181
2026-05-13 17:40:00+02:00,2845.8,2847.0,2841.7,2841.8,1736
2026-05-13 17:50:00+02:00,2842.0,2842.0,2838.0,2839.5,1511
2026-05-13 18:00:00+02:00,2839.3,2841.7,2838.0,2839.2,852
2026-05-13 18:10:00+02:00,2839.2,2846.0,2839.1,2845.6,1472
2026-05-13 18:20:00+02:00,2845.7,2850.8,2843.9,2847.3,2248
2026-05-13 18:30:00+02:00,2847.1,2849.9,2846.5,2848.9,1874
