Date,Open,High,Low,Close,Volume
2026-01-15 00:00:00+01:00,97445.0,97630.0,97000.0,97580.0,721
2026-01-15 00:10:00+01:00,97565.0,97745.0,97505.0,97525.0,354
2026-01-15 00:20:00+01:00,97510.0,97585.0,97275.0,97275.0,376
2026-01-15 00:30:00+01:00,97285.0,97430.0,97135.0,97360.0,362
2026-01-15 00:40:00+01:00,97365.0,97375.0,97285.0,97335.0,164
2026-01-15 01:00:00+01:00,97230.0,97240.0,97040.0,97100.0,270
2026-01-15 01:10:00+01:00,97120.0,97300.0,97045.0,97100.0,555
2026-01-15 01:20:00+01:00,97090.0,97135.0,96925.0,97030.0,297
2026-01-15 01:30:00+01:00,97035.0,97035.0,96780.0,96835.0,228
2026-01-15 01:40:00+01:00,96870.0,96950.0,96700.0,96865.0,1978
2026-01-15 01:50:00+01:00,96870.0,96940.0,96765.0,96925.0,118
2026-01-15 02:00:00+01:00,96990.0,97250.0,96970.0,97070.0,307
2026-01-15 02:10:00+01:00,97085.0,97120.0,96985.0,97020.0,89
2026-01-15 02:20:00+01:00,96970.0,96980.0,96675.0,96675.0,463
2026-01-15 02:30:00+01:00,96680.0,96875.0,96565.0,96800.0,700
2026-01-15 02:50:00+01:00,96720.0,96855.0,96660.0,96725.0,202
2026-01-15 03:00:00+01:00,96695.0,96885.0,96695.0,96860.0,106
2026-01-15 03:10:00+01:00,96840.0,96875.0,96615.0,96850.0,124
2026-01-15 03:20:00+01:00,96855.0,96855.0,96690.0,96800.0,143
2026-01-15 03:30:00+01:00,96810.0,96910.0,96270.0,96535.0,1237
2026-01-15 03:40:00+01:00,96545.0,96660.0,96405.0,96505.0,206
2026-01-15 03:50:00+01:00,96510.0,96595.0,96420.0,96590.0,216
2026-01-15 04:10:00+01:00,96490.0,96635.0,96385.0,96425.0,403
2026-01-15 04:30:00+01:00,96135.0,96345.0,96035.0,96060.0,456
2026-01-15 04:40:00+01:00,96040.0,96230.0,95975.0,96185.0,340
2026-01-15 04:50:00+01:00,96160.0,96245.0,96050.0,96200.0,122
2026-01-15 05:00:00+01:00,96195.0,96360.0,96170.0,96300.0,98
2026-01-15 05:20:00+01:00,96310.0,96615.0,96300.0,96495.0,338
2026-01-15 05:30:00+01:00,96420.0,96545.0,96405.0,96510.0,145
2026-01-15 06:00:00+01:00,96510.0,96725.0,96505.0,96600.0,342
2026-01-15 06:50:00+01:00,96720.0,96735.0,96630.0,96630.0,64
2026-01-15 07:10:00+01:00,96630.0,96835.0,96600.0,96830.0,247
2026-01-15 08:40:00+01:00,96840.0,97110.0,96810.0,96810.0,681
2026-01-15 09:20:00+01:00,96710.0,96860.0,96630.0,96635.0,63
2026-01-15 09:30:00+01:00,96660.0,96685.0,96540.0,96675.0,120
2026-01-15 09:40:00+01:00,96675.0,96855.0,96640.0,96850.0,78
2026-01-15 10:00:00+01:00,96890.0,96960.0,96845.0,96935.0,64
2026-01-15 10:20:00+01:00,96895.0,97070.0,96880.0,97020.0,81
2026-01-15 10:30:00+01:00,97010.0,97240.0,96945.0,97240.0,239
2026-01-15 10:40:00+01:00,97215.0,97470.0,97170.0,97330.0,2698
2026-01-15 10:50:00+01:00,97345.0,97520.0,97345.0,97380.0,1329
2026-01-15 11:00:00+01:00,97370.0,97410.0,97190.0,97190.0,535
2026-01-15 11:20:00+01:00,97115.0,97200.0,97015.0,97065.0,112
2026-01-15 11:30:00+01:00,97060.0,97120.0,97025.0,97040.0,52
2026-01-15 12:00:00+01:00,97045.0,97100.0,96975.0,97000.0,153
2026-01-15 12:20:00+01:00,97030.0,97130.0,97020.0,97130.0,78
2026-01-15 12:40:00+01:00,96920.0,96945.0,96835.0,96845.0,68
2026-01-15 13:00:00+01:00,96795.0,96935.0,96750.0,96905.0,182
2026-01-15 13:10:00+01:00,96880.0,96965.0,96865.0,96875.0,124
2026-01-15 13:20:00+01:00,96885.0,96935.0,96795.0,96925.0,204
2026-01-15 13:40:00+01:00,96915.0,97065.0,96915.0,97015.0,197
2026-01-15 13:50:00+01:00,97000.0,97265.0,96990.0,97240.0,310
2026-01-15 14:00:00+01:00,97235.0,97255.0,97080.0,97100.0,193
2026-01-15 14:10:00+01:00,97105.0,97225.0,97065.0,97205.0,190
2026-01-15 14:30:00+01:00,97155.0,97155.0,96810.0,96945.0,3146
2026-01-15 14:40:00+01:00,96935.0,97295.0,96895.0,97245.0,1253
2026-01-15 14:50:00+01:00,97250.0,97285.0,97080.0,97080.0,269
2026-01-15 15:00:00+01:00,97095.0,97380.0,97095.0,97355.0,369
2026-01-15 15:10:00+01:00,97355.0,97420.0,97255.0,97295.0,365
2026-01-15 15:20:00+01:00,97280.0,97280.0,96945.0,97005.0,437
2026-01-15 15:30:00+01:00,97015.0,97140.0,96345.0,96395.0,3344
2026-01-15 15:40:00+01:00,96390.0,96465.0,95760.0,96200.0,3099
2026-01-15 15:50:00+01:00,96185.0,96625.0,96140.0,96270.0,1047
2026-01-15 16:00:00+01:00,96255.0,96540.0,96080.0,96530.0,764
2026-01-15 16:10:00+01:00,96595.0,96660.0,96345.0,96600.0,918
2026-01-15 16:20:00+01:00,96595.0,96595.0,95985.0,96065.0,681
2026-01-15 16:30:00+01:00,96060.0,96285.0,95735.0,95845.0,942
2026-01-15 16:40:00+01:00,95880.0,96160.0,95595.0,95645.0,1697
2026-01-15 16:50:00+01:00,95645.0,96975.0,95645.0,96900.0,4326
2026-01-15 17:00:00+01:00,96905.0,97150.0,96485.0,96550.0,2687
2026-01-15 17:10:00+01:00,96550.0,96840.0,96500.0,96655.0,456
2026-01-15 17:20:00+01:00,96705.0,96815.0,96545.0,96655.0,376
2026-01-15 17:30:00+01:00,96640.0,96790.0,96565.0,96750.0,237
2026-01-15 17:40:00+01:00,96755.0,97150.0,96685.0,96920.0,592
2026-01-15 17:50:00+01:00,96945.0,97110.0,96805.0,97000.0,367
2026-01-15 18:10:00+01:00,96785.0,96840.0,96660.0,96790.0,275
2026-01-15 18:30:00+01:00,96960.0,97130.0,96850.0,97065.0,561
2026-01-15 18:40:00+01:00,97105.0,97300.0,97025.0,97065.0,735
2026-01-15 18:50:00+01:00,97060.0,97110.0,96800.0,96860.0,641
2026-01-15 19:00:00+01:00,96815.0,96855.0,96705.0,96775.0,708
2026-01-15 19:10:00+01:00,96750.0,96750.0,96285.0,96285.0,1668
2026-01-15 19:20:00+01:00,96300.0,96400.0,96230.0,96365.0,662
2026-01-15 19:30:00+01:00,96345.0,96435.0,96105.0,96115.0,660
2026-01-15 19:40:00+01:00,96100.0,96235.0,95910.0,96110.0,764
2026-01-15 19:50:00+01:00,96070.0,96150.0,96005.0,96025.0,312
2026-01-15 20:00:00+01:00,96025.0,96065.0,95730.0,96015.0,829
2026-01-15 20:10:00+01:00,96015.0,96130.0,95890.0,96085.0,463
2026-01-15 20:20:00+01:00,96060.0,96060.0,95615.0,95670.0,1027
2026-01-15 20:30:00+01:00,95675.0,95765.0,95365.0,95525.0,1596
2026-01-15 20:40:00+01:00,95525.0,95810.0,95450.0,95775.0,539
2026-01-15 20:50:00+01:00,95780.0,95885.0,95590.0,95660.0,754
2026-01-15 21:00:00+01:00,95655.0,95830.0,95560.0,95715.0,593
2026-01-15 21:10:00+01:00,95690.0,95730.0,95560.0,95575.0,338
2026-01-15 21:20:00+01:00,95545.0,95645.0,95305.0,95350.0,656
2026-01-15 21:30:00+01:00,95345.0,95560.0,95260.0,95450.0,447
2026-01-15 21:40:00+01:00,95475.0,95505.0,95285.0,95300.0,534
2026-01-15 21:50:00+01:00,95310.0,95465.0,95290.0,95400.0,1576
2026-01-15 22:00:00+01:00,95430.0,95635.0,95335.0,95450.0,772
2026-01-15 22:10:00+01:00,95455.0,95555.0,95435.0,95495.0,164
2026-01-15 22:30:00+01:00,95575.0,95675.0,95535.0,95665.0,147
2026-01-15 22:40:00+01:00,95655.0,95780.0,95560.0,95765.0,467
2026-01-15 22:50:00+01:00,95755.0,95770.0,95680.0,95690.0,275
2026-01-16 00:00:00+01:00,95725.0,95755.0,95530.0,95590.0,297
2026-01-16 00:10:00+01:00,95620.0,95845.0,95605.0,95795.0,345
2026-01-16 00:20:00+01:00,95830.0,95880.0,95725.0,95740.0,234
2026-01-16 01:20:00+01:00,95895.0,95900.0,95760.0,95840.0,65
2026-01-16 01:40:00+01:00,95910.0,95980.0,95840.0,95895.0,100
2026-01-16 02:00:00+01:00,95770.0,95770.0,95605.0,95645.0,81
2026-01-16 02:10:00+01:00,95640.0,95705.0,95575.0,95665.0,173
2026-01-16 02:20:00+01:00,95660.0,95895.0,95640.0,95850.0,3275
2026-01-16 02:30:00+01:00,95870.0,96055.0,95835.0,95845.0,360
2026-01-16 02:40:00+01:00,95845.0,95910.0,95785.0,95910.0,99
2026-01-16 02:50:00+01:00,95940.0,95940.0,95800.0,95800.0,269
2026-01-16 03:00:00+01:00,95810.0,95815.0,95570.0,95640.0,1618
2026-01-16 03:10:00+01:00,95650.0,95660.0,95370.0,95580.0,2294
2026-01-16 03:20:00+01:00,95575.0,95825.0,95505.0,95795.0,417
2026-01-16 03:30:00+01:00,95805.0,95805.0,95645.0,95645.0,125
2026-01-16 03:50:00+01:00,95690.0,95700.0,95615.0,95655.0,103
2026-01-16 04:00:00+01:00,95660.0,95720.0,95625.0,95710.0,87
2026-01-16 04:10:00+01:00,95715.0,95745.0,95615.0,95670.0,106
2026-01-16 04:30:00+01:00,95625.0,95650.0,95530.0,95590.0,152
2026-01-16 05:00:00+01:00,95485.0,95555.0,95470.0,95510.0,137
2026-01-16 05:30:00+01:00,95555.0,95600.0,95380.0,95405.0,243
2026-01-16 05:40:00+01:00,95395.0,95450.0,95295.0,95380.0,130
2026-01-16 05:50:00+01:00,95355.0,95415.0,95270.0,95410.0,148
2026-01-16 06:00:00+01:00,95395.0,95570.0,95380.0,95540.0,178
2026-01-16 06:40:00+01:00,95645.0,95830.0,95620.0,95770.0,391
2026-01-16 06:50:00+01:00,95810.0,95875.0,95730.0,95870.0,2261
2026-01-16 07:00:00+01:00,95850.0,96010.0,95845.0,95885.0,1354
2026-01-16 08:40:00+01:00,95685.0,95815.0,95660.0,95810.0,1490
2026-01-16 09:00:00+01:00,95885.0,95915.0,95780.0,95840.0,227
2026-01-16 09:10:00+01:00,95850.0,95970.0,95850.0,95960.0,118
2026-01-16 09:20:00+01:00,95965.0,96065.0,95905.0,96020.0,212
2026-01-16 09:30:00+01:00,95990.0,96065.0,95860.0,95930.0,135
2026-01-16 09:40:00+01:00,95935.0,96020.0,95885.0,95945.0,101
2026-01-16 10:10:00+01:00,95915.0,95960.0,95745.0,95795.0,64
2026-01-16 10:30:00+01:00,95910.0,95910.0,95820.0,95860.0,86
2026-01-16 10:50:00+01:00,95795.0,95850.0,95795.0,95810.0,23
2026-01-16 11:10:00+01:00,95710.0,95745.0,95575.0,95615.0,210
2026-01-16 11:30:00+01:00,95560.0,95585.0,95425.0,95455.0,366
2026-01-16 11:50:00+01:00,95520.0,95520.0,95415.0,95440.0,116
2026-01-16 12:00:00+01:00,95430.0,95505.0,95365.0,95450.0,220
2026-01-16 12:10:00+01:00,95470.0,95500.0,95375.0,95500.0,82
2026-01-16 12:50:00+01:00,95575.0,95620.0,95525.0,95570.0,76
2026-01-16 13:10:00+01:00,95605.0,95670.0,95580.0,95635.0,91
2026-01-16 13:20:00+01:00,95655.0,95735.0,95610.0,95720.0,452
2026-01-16 13:30:00+01:00,95720.0,95730.0,95565.0,95645.0,116
2026-01-16 13:40:00+01:00,95650.0,95685.0,95530.0,95570.0,136
2026-01-16 13:50:00+01:00,95550.0,95615.0,95480.0,95605.0,89
2026-01-16 14:00:00+01:00,95615.0,95615.0,95515.0,95595.0,199
2026-01-16 14:10:00+01:00,95580.0,95730.0,95565.0,95645.0,278
2026-01-16 14:20:00+01:00,95645.0,95730.0,95610.0,95680.0,144
2026-01-16 14:30:00+01:00,95660.0,95740.0,95425.0,95425.0,432
2026-01-16 14:40:00+01:00,95440.0,95625.0,95380.0,95605.0,250
2026-01-16 15:00:00+01:00,95590.0,95730.0,95565.0,95600.0,191
2026-01-16 15:10:00+01:00,95610.0,95610.0,95500.0,95550.0,160
2026-01-16 15:20:00+01:00,95540.0,95900.0,95450.0,95870.0,630
2026-01-16 15:30:00+01:00,95875.0,96005.0,95370.0,95410.0,2315
2026-01-16 15:40:00+01:00,95400.0,95685.0,95330.0,95420.0,1222
2026-01-16 15:50:00+01:00,95400.0,95535.0,95290.0,95305.0,609
2026-01-16 16:00:00+01:00,95300.0,95800.0,95150.0,95745.0,2015
2026-01-16 16:10:00+01:00,95735.0,95865.0,94985.0,95015.0,1651
2026-01-16 16:20:00+01:00,94995.0,95290.0,94740.0,94800.0,2754
2026-01-16 16:30:00+01:00,94815.0,94925.0,94445.0,94835.0,2813
2026-01-16 16:40:00+01:00,94850.0,94865.0,94360.0,94530.0,1743
2026-01-16 16:50:00+01:00,94540.0,94800.0,94475.0,94685.0,1434
2026-01-16 17:00:00+01:00,94685.0,94980.0,94560.0,94950.0,811
2026-01-16 17:10:00+01:00,94965.0,95015.0,94670.0,95015.0,2494
2026-01-16 17:20:00+01:00,94995.0,95065.0,94935.0,94990.0,335
2026-01-16 17:30:00+01:00,94960.0,95035.0,94745.0,95020.0,1600
2026-01-16 17:40:00+01:00,95020.0,95145.0,94990.0,95095.0,491
2026-01-16 17:50:00+01:00,95065.0,95135.0,94885.0,95000.0,462
2026-01-16 18:00:00+01:00,94995.0,95000.0,94785.0,94875.0,259
2026-01-16 18:10:00+01:00,94880.0,95010.0,94770.0,94965.0,188
2026-01-16 18:20:00+01:00,94990.0,94990.0,94670.0,94880.0,287
2026-01-16 18:30:00+01:00,94870.0,95030.0,94860.0,94960.0,243
2026-01-16 18:40:00+01:00,94955.0,95100.0,94935.0,95010.0,182
2026-01-16 18:50:00+01:00,95000.0,95350.0,94915.0,95250.0,1608
2026-01-16 19:00:00+01:00,95245.0,95410.0,95210.0,95305.0,2476
2026-01-16 19:10:00+01:00,95255.0,95360.0,95150.0,95290.0,245
2026-01-16 19:30:00+01:00,95385.0,95395.0,95270.0,95325.0,231
2026-01-16 19:40:00+01:00,95315.0,95335.0,95105.0,95170.0,254
2026-01-16 19:50:00+01:00,95190.0,95285.0,95140.0,95140.0,112
2026-01-16 20:00:00+01:00,95105.0,95170.0,95055.0,95140.0,214
2026-01-16 20:10:00+01:00,95130.0,95170.0,94990.0,95055.0,215
2026-01-16 20:20:00+01:00,95045.0,95095.0,94940.0,94985.0,217
2026-01-16 20:30:00+01:00,94980.0,95195.0,94970.0,95105.0,200
2026-01-16 20:50:00+01:00,95160.0,95180.0,95045.0,95120.0,107
2026-01-16 21:20:00+01:00,95130.0,95275.0,95120.0,95240.0,191
2026-01-16 21:30:00+01:00,95250.0,95375.0,95185.0,95300.0,311
2026-01-16 21:40:00+01:00,95325.0,95415.0,95305.0,95375.0,424
2026-01-16 21:50:00+01:00,95370.0,95735.0,95355.0,95705.0,1826
2026-01-16 22:00:00+01:00,95695.0,95775.0,95595.0,95750.0,976
2026-01-16 22:10:00+01:00,95735.0,95770.0,95530.0,95575.0,249
2026-01-16 22:30:00+01:00,95590.0,95695.0,95515.0,95695.0,148
2026-01-16 22:40:00+01:00,95680.0,95725.0,95670.0,95690.0,109
2026-01-16 22:50:00+01:00,95710.0,95740.0,95620.0,95730.0,264
2026-01-19 00:00:00+01:00,95505.0,95655.0,95050.0,95125.0,754
2026-01-19 00:10:00+01:00,95135.0,95295.0,95080.0,95270.0,370
2026-01-19 00:20:00+01:00,95290.0,95295.0,94660.0,94670.0,1207
2026-01-19 00:40:00+01:00,94605.0,94610.0,93645.0,93900.0,4539
2026-01-19 00:50:00+01:00,93825.0,94075.0,93655.0,93700.0,507
2026-01-19 01:00:00+01:00,93705.0,93705.0,91985.0,92900.0,3676
2026-01-19 01:10:00+01:00,92925.0,92950.0,92225.0,92855.0,1388
2026-01-19 01:20:00+01:00,92820.0,92820.0,92290.0,92670.0,3223
2026-01-19 01:30:00+01:00,92570.0,92925.0,92305.0,92860.0,942
2026-01-19 01:40:00+01:00,92855.0,93100.0,92735.0,92890.0,610
2026-01-19 01:50:00+01:00,92910.0,92910.0,92720.0,92750.0,257
2026-01-19 02:00:00+01:00,92720.0,92840.0,92505.0,92815.0,203
2026-01-19 02:10:00+01:00,92790.0,92925.0,92730.0,92805.0,345
2026-01-19 02:20:00+01:00,92745.0,92785.0,92570.0,92570.0,269
2026-01-19 02:30:00+01:00,92580.0,92820.0,92535.0,92605.0,263
2026-01-19 02:40:00+01:00,92650.0,92705.0,92085.0,92230.0,2525
2026-01-19 02:50:00+01:00,92255.0,92650.0,92240.0,92610.0,1519
2026-01-19 03:00:00+01:00,92600.0,92640.0,92405.0,92475.0,301
2026-01-19 03:10:00+01:00,92475.0,92510.0,92355.0,92470.0,178
2026-01-19 03:30:00+01:00,92490.0,92595.0,92450.0,92570.0,44
2026-01-19 03:50:00+01:00,92580.0,92610.0,92525.0,92585.0,95
2026-01-19 04:00:00+01:00,92565.0,92765.0,92550.0,92765.0,119
2026-01-19 04:20:00+01:00,92780.0,92780.0,92490.0,92590.0,128
2026-01-19 04:30:00+01:00,92635.0,92635.0,92530.0,92585.0,67
2026-01-19 04:40:00+01:00,92590.0,92690.0,92590.0,92670.0,84
2026-01-19 05:10:00+01:00,92645.0,92680.0,92600.0,92655.0,32
2026-01-19 05:20:00+01:00,92635.0,92695.0,92475.0,92675.0,104
2026-01-19 05:40:00+01:00,92710.0,92750.0,92680.0,92725.0,111
2026-01-19 06:20:00+01:00,92585.0,92670.0,92560.0,92670.0,137
2026-01-19 07:00:00+01:00,92555.0,92650.0,92530.0,92560.0,228
2026-01-19 07:10:00+01:00,92560.0,92605.0,92420.0,92505.0,217
2026-01-19 07:20:00+01:00,92545.0,92690.0,92515.0,92615.0,168
2026-01-19 08:30:00+01:00,92640.0,92715.0,92600.0,92700.0,226
2026-01-19 08:50:00+01:00,92790.0,92895.0,92790.0,92865.0,112
2026-01-19 09:20:00+01:00,93035.0,93310.0,93025.0,93025.0,344
2026-01-19 09:30:00+01:00,93005.0,93245.0,92945.0,93140.0,125
2026-01-19 09:40:00+01:00,93130.0,93360.0,93105.0,93320.0,124
2026-01-19 09:50:00+01:00,93350.0,93460.0,93285.0,93360.0,1301
2026-01-19 10:10:00+01:00,93250.0,93250.0,93040.0,93040.0,79
2026-01-19 10:20:00+01:00,93100.0,93190.0,93075.0,93105.0,1399
2026-01-19 10:30:00+01:00,93105.0,93145.0,93025.0,93040.0,1172
2026-01-19 13:20:00+01:00,93215.0,93225.0,93080.0,93120.0,88
2026-01-19 13:30:00+01:00,93140.0,93320.0,93130.0,93290.0,339
2026-01-19 13:40:00+01:00,93315.0,93315.0,93120.0,93135.0,177
2026-01-19 13:50:00+01:00,93150.0,93200.0,93085.0,93135.0,65
2026-01-19 14:30:00+01:00,93015.0,93150.0,93005.0,93140.0,98
2026-01-19 14:40:00+01:00,93165.0,93245.0,93135.0,93140.0,78
2026-01-19 15:20:00+01:00,92975.0,93040.0,92860.0,92920.0,188
2026-01-19 15:30:00+01:00,92940.0,93035.0,92745.0,92820.0,284
2026-01-19 15:40:00+01:00,92810.0,92925.0,92790.0,92915.0,119
2026-01-19 15:50:00+01:00,92925.0,92955.0,92820.0,92865.0,202
2026-01-19 16:00:00+01:00,92870.0,93085.0,92870.0,93060.0,218
2026-01-19 16:10:00+01:00,93085.0,93175.0,93005.0,93125.0,280
2026-01-19 16:30:00+01:00,93015.0,93165.0,93005.0,93055.0,828
2026-01-19 16:40:00+01:00,93095.0,93155.0,93065.0,93120.0,112
2026-01-19 16:50:00+01:00,93105.0,93195.0,93065.0,93160.0,122
2026-01-19 17:00:00+01:00,93150.0,93245.0,93105.0,93145.0,121
2026-01-19 17:10:00+01:00,93125.0,93180.0,93060.0,93180.0,130
2026-01-19 17:20:00+01:00,93160.0,93290.0,93160.0,93255.0,70
2026-01-19 17:30:00+01:00,93265.0,93370.0,93245.0,93320.0,130
2026-01-19 17:40:00+01:00,93330.0,93380.0,93255.0,93260.0,81
2026-01-19 17:50:00+01:00,93240.0,93530.0,93235.0,93435.0,290
2026-01-19 19:20:00+01:00,93170.0,93185.0,93080.0,93080.0,174
2026-01-19 19:30:00+01:00,93065.0,93135.0,93010.0,93100.0,115
2026-01-19 19:40:00+01:00,93115.0,93220.0,93115.0,93140.0,87
2026-01-19 20:40:00+01:00,93130.0,93250.0,93105.0,93210.0,137
2026-01-19 21:20:00+01:00,93270.0,93385.0,93245.0,93350.0,60
2026-01-19 21:30:00+01:00,93370.0,93375.0,93225.0,93270.0,92
2026-01-19 22:20:00+01:00,93170.0,93175.0,93110.0,93130.0,39
2026-01-19 22:50:00+01:00,93115.0,93155.0,93075.0,93130.0,172
2026-01-20 00:00:00+01:00,92880.0,92880.0,92260.0,92595.0,724
2026-01-20 00:10:00+01:00,92590.0,92645.0,92235.0,92480.0,352
2026-01-20 00:20:00+01:00,92455.0,92605.0,92380.0,92565.0,217
2026-01-20 00:30:00+01:00,92610.0,92840.0,92590.0,92725.0,203
2026-01-20 00:40:00+01:00,92710.0,92805.0,92680.0,92765.0,119
2026-01-20 00:50:00+01:00,92790.0,92790.0,92680.0,92725.0,43
2026-01-20 01:10:00+01:00,92840.0,92875.0,92610.0,92650.0,188
2026-01-20 01:20:00+01:00,92635.0,92635.0,92400.0,92525.0,231
2026-01-20 01:30:00+01:00,92490.0,92760.0,92490.0,92745.0,109
2026-01-20 01:40:00+01:00,92770.0,92815.0,92695.0,92715.0,81
2026-01-20 02:00:00+01:00,92760.0,92895.0,92665.0,92705.0,143
2026-01-20 02:10:00+01:00,92685.0,92885.0,92600.0,92850.0,87
2026-01-20 02:20:00+01:00,92875.0,92965.0,92825.0,92945.0,159
2026-01-20 02:30:00+01:00,92910.0,92935.0,92735.0,92770.0,140
2026-01-20 02:40:00+01:00,92785.0,92885.0,92715.0,92885.0,112
2026-01-20 02:50:00+01:00,92855.0,92910.0,92760.0,92780.0,256
2026-01-20 03:00:00+01:00,92795.0,92795.0,92515.0,92550.0,218
2026-01-20 03:10:00+01:00,92560.0,92585.0,92485.0,92565.0,233
2026-01-20 03:20:00+01:00,92560.0,92575.0,92390.0,92540.0,264
2026-01-20 03:30:00+01:00,92540.0,92710.0,92540.0,92645.0,162
2026-01-20 03:40:00+01:00,92660.0,92735.0,92600.0,92600.0,93
2026-01-20 04:00:00+01:00,92605.0,92710.0,92425.0,92425.0,184
2026-01-20 04:10:00+01:00,92425.0,92520.0,92380.0,92510.0,135
2026-01-20 04:20:00+01:00,92530.0,92530.0,92380.0,92415.0,146
2026-01-20 04:30:00+01:00,92380.0,92455.0,92300.0,92410.0,235
2026-01-20 04:40:00+01:00,92445.0,92520.0,92390.0,92480.0,118
2026-01-20 05:00:00+01:00,92435.0,92505.0,92370.0,92420.0,83
2026-01-20 05:20:00+01:00,92345.0,92345.0,92190.0,92305.0,213
2026-01-20 05:40:00+01:00,92335.0,92365.0,92220.0,92270.0,93
2026-01-20 05:50:00+01:00,92265.0,92265.0,92015.0,92065.0,223
2026-01-20 06:00:00+01:00,92065.0,92070.0,91570.0,91600.0,1512
2026-01-20 06:10:00+01:00,91610.0,91720.0,91320.0,91695.0,669
2026-01-20 06:20:00+01:00,91690.0,91765.0,91605.0,91730.0,211
2026-01-20 06:30:00+01:00,91800.0,91825.0,91665.0,91695.0,155
2026-01-20 06:40:00+01:00,91670.0,91785.0,91545.0,91745.0,325
2026-01-20 07:00:00+01:00,91650.0,91665.0,91570.0,91610.0,68
2026-01-20 07:10:00+01:00,91610.0,91610.0,90910.0,90910.0,895
2026-01-20 07:20:00+01:00,90970.0,91300.0,90850.0,91260.0,265
2026-01-20 07:30:00+01:00,91245.0,91245.0,90785.0,90950.0,796
2026-01-20 07:40:00+01:00,90980.0,91155.0,90915.0,90950.0,116
2026-01-20 07:50:00+01:00,90930.0,91000.0,90740.0,90935.0,314
2026-01-20 08:00:00+01:00,90910.0,91115.0,90825.0,91075.0,314
2026-01-20 08:10:00+01:00,91120.0,91130.0,90895.0,90990.0,126
2026-01-20 08:30:00+01:00,91020.0,91180.0,91000.0,91120.0,43
2026-01-20 08:40:00+01:00,91145.0,91215.0,91135.0,91215.0,111
2026-01-20 08:50:00+01:00,91210.0,91285.0,91125.0,91190.0,63
2026-01-20 09:00:00+01:00,91150.0,91150.0,91025.0,91085.0,277
2026-01-20 09:10:00+01:00,91080.0,91105.0,90775.0,91030.0,230
2026-01-20 09:20:00+01:00,91060.0,91245.0,91025.0,91185.0,167
2026-01-20 09:30:00+01:00,91155.0,91155.0,90630.0,90725.0,478
2026-01-20 09:40:00+01:00,90735.0,90910.0,90715.0,90875.0,206
2026-01-20 09:50:00+01:00,90850.0,91095.0,90850.0,91065.0,301
2026-01-20 10:00:00+01:00,91020.0,91075.0,90925.0,91015.0,153
2026-01-20 10:10:00+01:00,91060.0,91085.0,90910.0,90910.0,155
2026-01-20 10:20:00+01:00,90930.0,91085.0,90930.0,91055.0,78
2026-01-20 10:40:00+01:00,91055.0,91065.0,90975.0,91020.0,118
2026-01-20 11:00:00+01:00,91000.0,91120.0,90965.0,91040.0,84
2026-01-20 11:20:00+01:00,91205.0,91305.0,91155.0,91290.0,114
2026-01-20 11:30:00+01:00,91310.0,91310.0,91130.0,91175.0,87
2026-01-20 11:40:00+01:00,91165.0,91245.0,91150.0,91230.0,44
2026-01-20 11:50:00+01:00,91225.0,91315.0,91220.0,91280.0,168
2026-01-20 12:00:00+01:00,91260.0,91450.0,91260.0,91410.0,422
2026-01-20 12:10:00+01:00,91400.0,91460.0,91345.0,91375.0,200
2026-01-20 12:30:00+01:00,91410.0,91430.0,91335.0,91355.0,72
2026-01-20 12:40:00+01:00,91320.0,91370.0,91270.0,91370.0,63
2026-01-20 12:50:00+01:00,91365.0,91365.0,91235.0,91235.0,102
2026-01-20 13:00:00+01:00,91270.0,91300.0,91200.0,91300.0,138
2026-01-20 13:10:00+01:00,91300.0,91345.0,91105.0,91125.0,484
2026-01-20 13:20:00+01:00,91110.0,91235.0,91070.0,91155.0,236
2026-01-20 13:40:00+01:00,91225.0,91245.0,91165.0,91235.0,76
2026-01-20 14:00:00+01:00,91310.0,91320.0,90970.0,91005.0,515
2026-01-20 14:10:00+01:00,90995.0,91020.0,90855.0,91020.0,442
2026-01-20 14:20:00+01:00,90980.0,91040.0,90835.0,90850.0,119
2026-01-20 14:30:00+01:00,90855.0,91100.0,90745.0,91100.0,924
2026-01-20 14:40:00+01:00,91080.0,91105.0,90930.0,91000.0,177
2026-01-20 14:50:00+01:00,90935.0,91070.0,90880.0,90935.0,309
2026-01-20 15:00:00+01:00,90950.0,91140.0,90950.0,91090.0,235
2026-01-20 15:10:00+01:00,91090.0,91135.0,90695.0,90735.0,396
2026-01-20 15:20:00+01:00,90750.0,91010.0,90750.0,90965.0,520
2026-01-20 15:30:00+01:00,90975.0,91420.0,90645.0,91310.0,2895
2026-01-20 15:40:00+01:00,91315.0,91375.0,90235.0,90410.0,2917
2026-01-20 15:50:00+01:00,90420.0,90730.0,90355.0,90510.0,1579
2026-01-20 16:00:00+01:00,90475.0,90600.0,89875.0,89900.0,2775
2026-01-20 16:10:00+01:00,89910.0,90490.0,89830.0,90010.0,2152
2026-01-20 16:20:00+01:00,89990.0,90735.0,89990.0,90605.0,1663
2026-01-20 16:30:00+01:00,90600.0,90845.0,90530.0,90600.0,722
2026-01-20 16:40:00+01:00,90595.0,90675.0,90350.0,90450.0,761
2026-01-20 16:50:00+01:00,90425.0,90730.0,90330.0,90700.0,687
2026-01-20 17:00:00+01:00,90705.0,90810.0,90490.0,90495.0,509
2026-01-20 17:10:00+01:00,90515.0,90975.0,90515.0,90975.0,494
2026-01-20 17:20:00+01:00,90965.0,91015.0,90555.0,90605.0,467
2026-01-20 17:30:00+01:00,90600.0,90660.0,90345.0,90465.0,336
2026-01-20 17:40:00+01:00,90455.0,90455.0,89995.0,90085.0,894
2026-01-20 17:50:00+01:00,90140.0,90230.0,90055.0,90150.0,345
2026-01-20 18:00:00+01:00,90150.0,90485.0,90050.0,90390.0,619
2026-01-20 18:10:00+01:00,90385.0,90500.0,90295.0,90320.0,283
2026-01-20 18:20:00+01:00,90360.0,90365.0,90160.0,90190.0,503
2026-01-20 18:30:00+01:00,90165.0,90170.0,89650.0,89735.0,1939
2026-01-20 18:40:00+01:00,89755.0,89790.0,89430.0,89675.0,1283
2026-01-20 18:50:00+01:00,89670.0,89830.0,89395.0,89720.0,875
2026-01-20 19:00:00+01:00,89755.0,89875.0,89670.0,89760.0,528
2026-01-20 19:10:00+01:00,89765.0,89950.0,89730.0,89775.0,300
2026-01-20 19:20:00+01:00,89770.0,89900.0,89615.0,89695.0,383
2026-01-20 19:40:00+01:00,89580.0,89590.0,89425.0,89570.0,452
2026-01-20 19:50:00+01:00,89575.0,89625.0,89345.0,89460.0,677
2026-01-20 20:00:00+01:00,89480.0,89800.0,89465.0,89685.0,557
2026-01-20 20:10:00+01:00,89685.0,89710.0,89390.0,89630.0,354
2026-01-20 20:20:00+01:00,89625.0,89665.0,89460.0,89475.0,303
2026-01-20 20:30:00+01:00,89465.0,89505.0,89255.0,89315.0,823
2026-01-20 20:40:00+01:00,89320.0,89540.0,89280.0,89450.0,306
2026-01-20 20:50:00+01:00,89430.0,89770.0,89430.0,89685.0,506
2026-01-20 21:00:00+01:00,89680.0,89695.0,89390.0,89490.0,490
2026-01-20 21:10:00+01:00,89510.0,89805.0,89345.0,89770.0,352
2026-01-20 21:20:00+01:00,89740.0,89850.0,89685.0,89760.0,430
2026-01-20 21:30:00+01:00,89755.0,89795.0,89590.0,89630.0,309
2026-01-20 21:40:00+01:00,89610.0,89830.0,89580.0,89710.0,580
2026-01-20 21:50:00+01:00,89700.0,89825.0,89505.0,89685.0,3096
2026-01-20 22:00:00+01:00,89700.0,89770.0,89590.0,89770.0,1072
2026-01-20 22:10:00+01:00,89765.0,89830.0,89700.0,89705.0,414
2026-01-20 22:20:00+01:00,89710.0,89710.0,89580.0,89625.0,245
2026-01-20 22:30:00+01:00,89605.0,89620.0,89455.0,89525.0,248
2026-01-20 22:40:00+01:00,89505.0,89585.0,89415.0,89435.0,314
2026-01-20 22:50:00+01:00,89420.0,89570.0,89400.0,89520.0,192
2026-01-21 00:00:00+01:00,88630.0,88630.0,88015.0,88090.0,1310
2026-01-21 00:10:00+01:00,88100.0,88190.0,87825.0,87975.0,963
2026-01-21 00:20:00+01:00,87980.0,88285.0,87965.0,88105.0,1041
2026-01-21 00:30:00+01:00,88125.0,88485.0,88125.0,88380.0,311
2026-01-21 00:40:00+01:00,88425.0,88520.0,88335.0,88370.0,343
2026-01-21 00:50:00+01:00,88405.0,88480.0,88360.0,88415.0,137
2026-01-21 01:00:00+01:00,88420.0,88635.0,88385.0,88560.0,207
2026-01-21 01:10:00+01:00,88570.0,88570.0,88310.0,88380.0,167
2026-01-21 01:20:00+01:00,88395.0,88615.0,88235.0,88560.0,170
2026-01-21 01:30:00+01:00,88550.0,88930.0,88545.0,88915.0,321
2026-01-21 01:40:00+01:00,88885.0,88950.0,88790.0,88945.0,200
2026-01-21 01:50:00+01:00,88930.0,88995.0,88880.0,88960.0,223
2026-01-21 02:00:00+01:00,88900.0,89105.0,88840.0,88985.0,386
2026-01-21 02:10:00+01:00,89010.0,89170.0,89005.0,89025.0,134
2026-01-21 02:20:00+01:00,89035.0,89070.0,88935.0,89065.0,265
2026-01-21 02:30:00+01:00,89070.0,89125.0,88995.0,89035.0,229
2026-01-21 02:40:00+01:00,89070.0,89120.0,88945.0,89065.0,284
2026-01-21 03:00:00+01:00,89025.0,89345.0,88995.0,89195.0,211
2026-01-21 03:10:00+01:00,89180.0,89275.0,89130.0,89210.0,125
2026-01-21 03:20:00+01:00,89290.0,89290.0,89075.0,89100.0,248
2026-01-21 03:30:00+01:00,89095.0,89100.0,88945.0,89020.0,135
2026-01-21 03:40:00+01:00,89035.0,89165.0,89035.0,89120.0,121
2026-01-21 04:00:00+01:00,89035.0,89195.0,89035.0,89150.0,102
2026-01-21 04:10:00+01:00,89190.0,89245.0,89050.0,89235.0,513
2026-01-21 04:20:00+01:00,89225.0,89320.0,89215.0,89310.0,160
2026-01-21 04:30:00+01:00,89305.0,89460.0,89245.0,89375.0,503
2026-01-21 04:40:00+01:00,89405.0,89605.0,89395.0,89495.0,496
2026-01-21 04:50:00+01:00,89510.0,89510.0,89380.0,89435.0,127
2026-01-21 05:00:00+01:00,89430.0,89475.0,89405.0,89455.0,116
2026-01-21 05:30:00+01:00,89510.0,89520.0,89390.0,89445.0,46
2026-01-21 05:40:00+01:00,89470.0,89605.0,89470.0,89560.0,222
2026-01-21 05:50:00+01:00,89560.0,89575.0,89410.0,89450.0,189
2026-01-21 06:30:00+01:00,89605.0,89930.0,89580.0,89840.0,397
2026-01-21 06:40:00+01:00,89845.0,90130.0,89820.0,90070.0,358
2026-01-21 06:50:00+01:00,90090.0,90090.0,89930.0,89990.0,213
2026-01-21 07:00:00+01:00,89975.0,89975.0,89795.0,89810.0,150
2026-01-21 07:10:00+01:00,89845.0,89925.0,89835.0,89855.0,91
2026-01-21 07:40:00+01:00,89660.0,89660.0,89505.0,89580.0,112
2026-01-21 08:00:00+01:00,89635.0,89770.0,89515.0,89670.0,82
2026-01-21 08:10:00+01:00,89665.0,89680.0,89490.0,89600.0,69
2026-01-21 08:20:00+01:00,89620.0,89680.0,89580.0,89635.0,45
2026-01-21 08:30:00+01:00,89625.0,89625.0,89170.0,89205.0,428
2026-01-21 08:40:00+01:00,89205.0,89255.0,89175.0,89230.0,186
2026-01-21 08:50:00+01:00,89230.0,89290.0,89070.0,89205.0,256
2026-01-21 09:00:00+01:00,89190.0,89300.0,89125.0,89280.0,424
2026-01-21 09:10:00+01:00,89255.0,89300.0,89150.0,89295.0,230
2026-01-21 09:50:00+01:00,89125.0,89255.0,89105.0,89205.0,41
2026-01-21 10:00:00+01:00,89190.0,89305.0,89170.0,89235.0,76
2026-01-21 10:10:00+01:00,89280.0,89405.0,89280.0,89375.0,178
2026-01-21 10:30:00+01:00,89445.0,89530.0,89395.0,89500.0,188
2026-01-21 10:50:00+01:00,89350.0,89375.0,89055.0,89085.0,251
2026-01-21 11:00:00+01:00,89095.0,89355.0,89060.0,89320.0,443
2026-01-21 11:20:00+01:00,89420.0,89430.0,89295.0,89350.0,93
2026-01-21 12:50:00+01:00,89155.0,89155.0,88700.0,88795.0,1026
2026-01-21 13:00:00+01:00,88805.0,88875.0,88595.0,88605.0,371
2026-01-21 13:10:00+01:00,88565.0,88625.0,88235.0,88390.0,1195
2026-01-21 13:20:00+01:00,88420.0,88525.0,88235.0,88390.0,363
2026-01-21 13:30:00+01:00,88360.0,88715.0,88310.0,88680.0,349
2026-01-21 13:40:00+01:00,88675.0,88735.0,88540.0,88610.0,112
2026-01-21 13:50:00+01:00,88705.0,88800.0,88675.0,88775.0,142
2026-01-21 14:00:00+01:00,88755.0,89020.0,88725.0,88940.0,325
2026-01-21 14:10:00+01:00,88945.0,89045.0,88870.0,88895.0,143
2026-01-21 14:30:00+01:00,88845.0,89065.0,88760.0,88835.0,415
2026-01-21 14:40:00+01:00,88840.0,88840.0,88630.0,88670.0,266
2026-01-21 14:50:00+01:00,88655.0,88940.0,88600.0,88710.0,526
2026-01-21 15:00:00+01:00,88695.0,89375.0,88630.0,89155.0,1798
2026-01-21 15:10:00+01:00,89155.0,89720.0,89115.0,89570.0,1570
2026-01-21 15:20:00+01:00,89575.0,89765.0,89355.0,89640.0,3020
2026-01-21 15:30:00+01:00,89610.0,90110.0,89470.0,89835.0,6113
2026-01-21 15:40:00+01:00,89815.0,89850.0,89470.0,89575.0,866
2026-01-21 15:50:00+01:00,89505.0,89970.0,89360.0,89845.0,1034
2026-01-21 16:00:00+01:00,89800.0,90280.0,89775.0,90180.0,1523
2026-01-21 16:10:00+01:00,90175.0,90625.0,90140.0,90465.0,1903
2026-01-21 16:20:00+01:00,90455.0,90465.0,90020.0,90060.0,978
2026-01-21 16:30:00+01:00,90080.0,90245.0,89860.0,90035.0,928
2026-01-21 16:40:00+01:00,90040.0,90235.0,89960.0,90205.0,631
2026-01-21 16:50:00+01:00,90155.0,90445.0,90155.0,90340.0,600
2026-01-21 17:00:00+01:00,90345.0,90430.0,89805.0,89850.0,827
2026-01-21 17:10:00+01:00,89885.0,89970.0,89625.0,89695.0,730
2026-01-21 17:20:00+01:00,89725.0,89725.0,89275.0,89640.0,729
2026-01-21 17:30:00+01:00,89575.0,89575.0,88770.0,88875.0,1620
2026-01-21 17:40:00+01:00,88865.0,88865.0,88110.0,88640.0,2323
2026-01-21 17:50:00+01:00,88615.0,88615.0,87535.0,87575.0,2378
2026-01-21 18:00:00+01:00,87565.0,88085.0,87565.0,87815.0,1528
2026-01-21 18:10:00+01:00,87800.0,87840.0,87250.0,87775.0,1664
2026-01-21 18:20:00+01:00,87750.0,87870.0,87455.0,87780.0,1000
2026-01-21 18:30:00+01:00,87735.0,87930.0,87500.0,87850.0,945
2026-01-21 18:40:00+01:00,87830.0,88155.0,87825.0,87945.0,504
2026-01-21 18:50:00+01:00,87955.0,88045.0,87825.0,87930.0,347
2026-01-21 19:00:00+01:00,87980.0,87980.0,87555.0,87655.0,515
2026-01-21 19:10:00+01:00,87670.0,88050.0,87660.0,87925.0,267
2026-01-21 19:20:00+01:00,87935.0,88045.0,87840.0,88000.0,335
2026-01-21 19:30:00+01:00,88020.0,88185.0,87950.0,88155.0,454
2026-01-21 19:40:00+01:00,88155.0,88580.0,88035.0,88560.0,889
2026-01-21 19:50:00+01:00,88555.0,88660.0,88365.0,88495.0,804
2026-01-21 20:00:00+01:00,88535.0,88675.0,88285.0,88310.0,495
2026-01-21 20:10:00+01:00,88410.0,88540.0,88335.0,88505.0,173
2026-01-21 20:30:00+01:00,89720.0,90215.0,89545.0,89920.0,3569
2026-01-21 20:40:00+01:00,89930.0,90445.0,89835.0,90375.0,2132
2026-01-21 20:50:00+01:00,90360.0,90515.0,89945.0,90420.0,1699
2026-01-21 21:00:00+01:00,90405.0,90425.0,89835.0,89945.0,846
2026-01-21 21:10:00+01:00,89955.0,90020.0,89655.0,89665.0,670
2026-01-21 21:20:00+01:00,89695.0,89860.0,89480.0,89805.0,1366
2026-01-21 21:30:00+01:00,89790.0,90095.0,89655.0,89935.0,598
2026-01-21 21:40:00+01:00,89930.0,90280.0,89785.0,90200.0,569
2026-01-21 21:50:00+01:00,90195.0,90270.0,90110.0,90270.0,1174
2026-01-21 22:00:00+01:00,90280.0,90300.0,90015.0,90180.0,824
2026-01-21 22:10:00+01:00,90115.0,90400.0,90095.0,90360.0,305
2026-01-21 22:30:00+01:00,90125.0,90285.0,90100.0,90225.0,182
2026-01-21 22:50:00+01:00,90185.0,90385.0,90185.0,90305.0,190
2026-01-22 00:00:00+01:00,89855.0,90065.0,89790.0,90005.0,502
2026-01-22 00:10:00+01:00,89995.0,90265.0,89965.0,90070.0,509
2026-01-22 00:20:00+01:00,90050.0,90105.0,89900.0,90070.0,168
2026-01-22 00:30:00+01:00,90040.0,90040.0,89830.0,89835.0,132
2026-01-22 00:40:00+01:00,89800.0,89805.0,89405.0,89405.0,355
2026-01-22 00:50:00+01:00,89385.0,89560.0,89385.0,89495.0,354
2026-01-22 01:00:00+01:00,89490.0,89725.0,89490.0,89725.0,223
2026-01-22 01:10:00+01:00,89695.0,89820.0,89635.0,89780.0,357
2026-01-22 01:20:00+01:00,89815.0,89955.0,89760.0,89890.0,190
2026-01-22 01:30:00+01:00,89910.0,90035.0,89910.0,89990.0,220
2026-01-22 01:40:00+01:00,89975.0,90065.0,89940.0,89985.0,98
2026-01-22 02:00:00+01:00,89955.0,90300.0,89865.0,90015.0,2389
2026-01-22 02:10:00+01:00,90045.0,90210.0,89980.0,90155.0,231
2026-01-22 02:20:00+01:00,90235.0,90280.0,90090.0,90190.0,193
2026-01-22 02:40:00+01:00,90070.0,90200.0,89965.0,90200.0,118
2026-01-22 02:50:00+01:00,90170.0,90190.0,90060.0,90135.0,121
2026-01-22 03:00:00+01:00,90115.0,90195.0,90055.0,90170.0,298
2026-01-22 03:10:00+01:00,90165.0,90350.0,90085.0,90280.0,292
2026-01-22 03:20:00+01:00,90290.0,90430.0,90250.0,90355.0,118
2026-01-22 03:40:00+01:00,90120.0,90195.0,90100.0,90145.0,43
2026-01-22 03:50:00+01:00,90130.0,90130.0,89845.0,89985.0,351
2026-01-22 04:00:00+01:00,90005.0,90220.0,90005.0,90120.0,190
2026-01-22 04:20:00+01:00,89980.0,90060.0,89930.0,89975.0,68
2026-01-22 04:30:00+01:00,89965.0,89965.0,89710.0,89840.0,316
2026-01-22 05:00:00+01:00,89905.0,89990.0,89830.0,89975.0,642
2026-01-22 06:00:00+01:00,90055.0,90110.0,90025.0,90085.0,55
2026-01-22 06:40:00+01:00,90030.0,90095.0,90020.0,90055.0,131
2026-01-22 06:50:00+01:00,90075.0,90110.0,89960.0,90040.0,143
2026-01-22 07:00:00+01:00,90075.0,90200.0,89955.0,89990.0,130
2026-01-22 07:10:00+01:00,89985.0,90135.0,89925.0,90105.0,173
2026-01-22 07:40:00+01:00,90185.0,90275.0,90170.0,90225.0,212
2026-01-22 07:50:00+01:00,90205.0,90270.0,90200.0,90235.0,122
2026-01-22 08:00:00+01:00,90255.0,90265.0,90105.0,90145.0,97
2026-01-22 09:00:00+01:00,89815.0,90005.0,89815.0,89955.0,95
2026-01-22 09:10:00+01:00,89960.0,89975.0,89760.0,89935.0,250
2026-01-22 09:50:00+01:00,89865.0,90005.0,89865.0,89925.0,90
2026-01-22 10:00:00+01:00,89915.0,90080.0,89900.0,90040.0,89
2026-01-22 10:20:00+01:00,90020.0,90055.0,89995.0,90025.0,54
2026-01-22 10:30:00+01:00,90040.0,90185.0,89990.0,90145.0,81
2026-01-22 11:20:00+01:00,90045.0,90195.0,90045.0,90070.0,608
2026-01-22 12:30:00+01:00,89980.0,90070.0,89915.0,89970.0,351
2026-01-22 12:40:00+01:00,89965.0,90140.0,89935.0,90100.0,118
2026-01-22 13:00:00+01:00,89980.0,90095.0,89875.0,90090.0,166
2026-01-22 13:20:00+01:00,90050.0,90060.0,90000.0,90035.0,324
2026-01-22 13:30:00+01:00,90040.0,90150.0,90030.0,90060.0,135
2026-01-22 13:50:00+01:00,90090.0,90090.0,89985.0,90050.0,230
2026-01-22 14:00:00+01:00,90070.0,90105.0,90020.0,90045.0,82
2026-01-22 14:10:00+01:00,90015.0,90155.0,90015.0,90100.0,129
2026-01-22 14:20:00+01:00,90100.0,90245.0,90090.0,90245.0,116
2026-01-22 14:30:00+01:00,90230.0,90410.0,89735.0,89880.0,1394
2026-01-22 14:40:00+01:00,89870.0,89870.0,89540.0,89660.0,875
2026-01-22 14:50:00+01:00,89640.0,89680.0,89440.0,89625.0,387
2026-01-22 15:00:00+01:00,89615.0,89650.0,89390.0,89520.0,257
2026-01-22 15:10:00+01:00,89525.0,89725.0,89485.0,89610.0,190
2026-01-22 15:20:00+01:00,89610.0,89625.0,89320.0,89560.0,455
2026-01-22 15:30:00+01:00,89585.0,89750.0,89130.0,89630.0,1662
2026-01-22 15:40:00+01:00,89655.0,89770.0,89035.0,89115.0,1539
2026-01-22 15:50:00+01:00,89070.0,89440.0,89005.0,89105.0,927
2026-01-22 16:00:00+01:00,89080.0,89330.0,88975.0,89210.0,914
2026-01-22 16:10:00+01:00,89260.0,89395.0,89115.0,89195.0,412
2026-01-22 16:20:00+01:00,89205.0,89330.0,88590.0,88635.0,1071
2026-01-22 16:30:00+01:00,88635.0,88960.0,88475.0,88880.0,1035
2026-01-22 16:40:00+01:00,88860.0,89495.0,88800.0,89225.0,1094
2026-01-22 16:50:00+01:00,89190.0,89270.0,88950.0,89025.0,580
2026-01-22 17:00:00+01:00,89045.0,89240.0,88840.0,88910.0,874
2026-01-22 17:10:00+01:00,88960.0,88975.0,88680.0,88790.0,717
2026-01-22 17:20:00+01:00,88800.0,89230.0,88745.0,89035.0,971
2026-01-22 17:30:00+01:00,89055.0,89155.0,88770.0,88935.0,523
2026-01-22 17:40:00+01:00,88895.0,89305.0,88805.0,89130.0,449
2026-01-22 17:50:00+01:00,89135.0,89165.0,88910.0,89070.0,339
2026-01-22 18:00:00+01:00,89070.0,89415.0,89050.0,89365.0,952
2026-01-22 18:10:00+01:00,89350.0,89475.0,89240.0,89325.0,404
2026-01-22 18:20:00+01:00,89370.0,89505.0,89070.0,89170.0,431
2026-01-22 18:30:00+01:00,89200.0,89340.0,89125.0,89125.0,193
2026-01-22 18:40:00+01:00,89125.0,89580.0,89120.0,89490.0,363
2026-01-22 18:50:00+01:00,89460.0,89695.0,89450.0,89635.0,381
2026-01-22 19:00:00+01:00,89600.0,89670.0,89385.0,89595.0,1232
2026-01-22 19:10:00+01:00,89570.0,89800.0,89500.0,89780.0,274
2026-01-22 19:20:00+01:00,89770.0,89860.0,89570.0,89660.0,276
2026-01-22 19:30:00+01:00,89660.0,89820.0,89635.0,89790.0,647
2026-01-22 19:40:00+01:00,89775.0,89815.0,89565.0,89620.0,443
2026-01-22 19:50:00+01:00,89645.0,89655.0,89315.0,89375.0,367
2026-01-22 20:00:00+01:00,89395.0,89490.0,89115.0,89490.0,397
2026-01-22 20:10:00+01:00,89490.0,89545.0,89355.0,89440.0,200
2026-01-22 20:20:00+01:00,89495.0,89630.0,89365.0,89550.0,221
2026-01-22 20:30:00+01:00,89535.0,89925.0,89535.0,89905.0,408
2026-01-22 20:40:00+01:00,89870.0,89980.0,89700.0,89715.0,518
2026-01-22 20:50:00+01:00,89775.0,89945.0,89770.0,89830.0,207
2026-01-22 21:00:00+01:00,89830.0,89945.0,89755.0,89940.0,398
2026-01-22 21:10:00+01:00,89925.0,90030.0,89870.0,89925.0,607
2026-01-22 21:20:00+01:00,89945.0,90005.0,89600.0,89600.0,353
2026-01-22 21:30:00+01:00,89605.0,89765.0,89500.0,89650.0,426
2026-01-22 21:40:00+01:00,89630.0,89670.0,89505.0,89610.0,436
2026-01-22 21:50:00+01:00,89620.0,89620.0,89390.0,89400.0,763
2026-01-22 22:00:00+01:00,89420.0,89645.0,89395.0,89620.0,616
2026-01-22 22:10:00+01:00,89640.0,89690.0,89575.0,89680.0,186
2026-01-22 22:20:00+01:00,89680.0,89685.0,89590.0,89605.0,190
2026-01-22 22:40:00+01:00,89540.0,89550.0,89290.0,89375.0,266
2026-01-22 22:50:00+01:00,89380.0,89435.0,89255.0,89335.0,245
2026-01-23 00:00:00+01:00,89425.0,89450.0,89180.0,89325.0,317
2026-01-23 00:10:00+01:00,89320.0,89460.0,89250.0,89415.0,147
2026-01-23 00:20:00+01:00,89430.0,89605.0,89430.0,89490.0,230
2026-01-23 00:30:00+01:00,89510.0,89650.0,89465.0,89570.0,191
2026-01-23 00:40:00+01:00,89580.0,89615.0,89520.0,89605.0,87
2026-01-23 01:00:00+01:00,89615.0,89625.0,89485.0,89580.0,164
2026-01-23 01:20:00+01:00,89690.0,89715.0,89640.0,89685.0,97
2026-01-23 02:00:00+01:00,89590.0,89715.0,89590.0,89645.0,98
2026-01-23 02:10:00+01:00,89680.0,89760.0,89640.0,89745.0,190
2026-01-23 02:20:00+01:00,89715.0,89775.0,89680.0,89750.0,120
2026-01-23 02:30:00+01:00,89765.0,89940.0,89710.0,89880.0,207
2026-01-23 03:00:00+01:00,89990.0,90060.0,89840.0,89870.0,163
2026-01-23 03:10:00+01:00,89890.0,90005.0,89890.0,89915.0,180
2026-01-23 03:20:00+01:00,89940.0,89940.0,89760.0,89815.0,78
2026-01-23 03:50:00+01:00,89770.0,89790.0,89635.0,89680.0,140
2026-01-23 04:00:00+01:00,89675.0,89840.0,89665.0,89840.0,94
2026-01-23 04:20:00+01:00,89935.0,89995.0,89905.0,89955.0,124
2026-01-23 04:30:00+01:00,89980.0,90000.0,89845.0,89895.0,101
2026-01-23 05:10:00+01:00,89995.0,90150.0,89985.0,90030.0,191
2026-01-23 05:20:00+01:00,90020.0,90080.0,90010.0,90050.0,66
2026-01-23 05:40:00+01:00,90070.0,90120.0,90035.0,90050.0,192
2026-01-23 06:20:00+01:00,89885.0,89900.0,89520.0,89660.0,350
2026-01-23 06:30:00+01:00,89670.0,89715.0,89615.0,89615.0,234
2026-01-23 06:40:00+01:00,89645.0,89710.0,89570.0,89635.0,95
2026-01-23 06:50:00+01:00,89600.0,89630.0,89470.0,89605.0,225
2026-01-23 07:00:00+01:00,89620.0,89820.0,89565.0,89755.0,207
2026-01-23 07:10:00+01:00,89755.0,89770.0,89705.0,89770.0,100
2026-01-23 07:20:00+01:00,89765.0,89765.0,89385.0,89485.0,208
2026-01-23 07:30:00+01:00,89505.0,89590.0,89475.0,89585.0,112
2026-01-23 08:00:00+01:00,89510.0,89580.0,89455.0,89490.0,125
2026-01-23 08:10:00+01:00,89505.0,89615.0,89500.0,89605.0,138
2026-01-23 08:20:00+01:00,89585.0,89700.0,89580.0,89630.0,153
2026-01-23 08:30:00+01:00,89655.0,89705.0,89580.0,89630.0,180
2026-01-23 08:40:00+01:00,89635.0,89635.0,89440.0,89510.0,230
2026-01-23 08:50:00+01:00,89480.0,89640.0,89455.0,89560.0,299
2026-01-23 09:00:00+01:00,89520.0,89615.0,89455.0,89595.0,131
2026-01-23 09:20:00+01:00,89545.0,89550.0,89300.0,89315.0,206
2026-01-23 09:30:00+01:00,89325.0,89395.0,89100.0,89260.0,283
2026-01-23 09:40:00+01:00,89255.0,89450.0,89210.0,89285.0,401
2026-01-23 09:50:00+01:00,89250.0,89315.0,89180.0,89245.0,181
2026-01-23 10:00:00+01:00,89230.0,89405.0,89195.0,89385.0,169
2026-01-23 10:10:00+01:00,89365.0,89400.0,89000.0,89060.0,755
2026-01-23 10:20:00+01:00,89045.0,89195.0,89025.0,89190.0,243
2026-01-23 10:40:00+01:00,89105.0,89135.0,88870.0,88965.0,269
2026-01-23 10:50:00+01:00,88960.0,88980.0,88900.0,88955.0,73
2026-01-23 11:10:00+01:00,88930.0,89110.0,88830.0,89095.0,149
2026-01-23 11:30:00+01:00,89070.0,89100.0,88945.0,89070.0,155
2026-01-23 11:40:00+01:00,89070.0,89145.0,89000.0,89060.0,507
2026-01-23 11:50:00+01:00,89025.0,89050.0,88980.0,89020.0,50
2026-01-23 12:00:00+01:00,89010.0,89180.0,88950.0,89145.0,212
2026-01-23 12:20:00+01:00,89240.0,89285.0,89180.0,89205.0,92
2026-01-23 13:50:00+01:00,89300.0,89375.0,89240.0,89240.0,115
2026-01-23 14:00:00+01:00,89240.0,89360.0,89215.0,89320.0,189
2026-01-23 14:40:00+01:00,89250.0,89450.0,89230.0,89395.0,132
2026-01-23 15:00:00+01:00,89325.0,89465.0,89225.0,89430.0,164
2026-01-23 15:10:00+01:00,89440.0,89515.0,89400.0,89465.0,161
2026-01-23 15:20:00+01:00,89475.0,89705.0,89440.0,89665.0,926
2026-01-23 15:30:00+01:00,89670.0,89750.0,88610.0,88620.0,1942
2026-01-23 15:40:00+01:00,88620.0,89055.0,88615.0,88770.0,855
2026-01-23 15:50:00+01:00,88805.0,89110.0,88795.0,89005.0,480
2026-01-23 16:00:00+01:00,89010.0,89100.0,88905.0,88945.0,502
2026-01-23 16:10:00+01:00,88940.0,89210.0,88520.0,88765.0,1254
2026-01-23 16:20:00+01:00,88790.0,89310.0,88730.0,88980.0,814
2026-01-23 16:30:00+01:00,88960.0,89290.0,88910.0,89225.0,516
2026-01-23 16:40:00+01:00,89220.0,89920.0,89175.0,89870.0,1468
2026-01-23 16:50:00+01:00,89865.0,89865.0,89560.0,89770.0,997
2026-01-23 17:00:00+01:00,89770.0,90025.0,89710.0,89845.0,1047
2026-01-23 17:10:00+01:00,89855.0,89870.0,89650.0,89770.0,917
2026-01-23 17:20:00+01:00,89710.0,89755.0,89500.0,89595.0,614
2026-01-23 17:30:00+01:00,89600.0,90345.0,89475.0,90260.0,2610
2026-01-23 17:40:00+01:00,90250.0,90505.0,90120.0,90485.0,806
2026-01-23 17:50:00+01:00,90500.0,90585.0,90145.0,90180.0,728
2026-01-23 18:00:00+01:00,90175.0,90185.0,89995.0,90075.0,345
2026-01-23 18:10:00+01:00,90055.0,90465.0,90055.0,90425.0,274
2026-01-23 18:20:00+01:00,90410.0,91065.0,90335.0,91065.0,2392
2026-01-23 18:30:00+01:00,91040.0,91315.0,90840.0,91005.0,1593
2026-01-23 18:40:00+01:00,91030.0,91130.0,90805.0,90990.0,829
2026-01-23 18:50:00+01:00,90980.0,90980.0,90575.0,90640.0,559
2026-01-23 19:00:00+01:00,90630.0,91080.0,90480.0,91020.0,917
2026-01-23 19:10:00+01:00,91025.0,91045.0,90670.0,90950.0,461
2026-01-23 19:20:00+01:00,90920.0,91020.0,90800.0,90930.0,347
2026-01-23 19:30:00+01:00,90945.0,91130.0,90830.0,90865.0,510
2026-01-23 19:40:00+01:00,90865.0,90895.0,90570.0,90595.0,443
2026-01-23 19:50:00+01:00,90590.0,90695.0,90515.0,90555.0,405
2026-01-23 20:00:00+01:00,90550.0,90570.0,90230.0,90505.0,1545
2026-01-23 20:10:00+01:00,90460.0,90490.0,89810.0,90010.0,2014
2026-01-23 20:20:00+01:00,89940.0,90200.0,89765.0,89880.0,1365
2026-01-23 20:30:00+01:00,89885.0,89900.0,89595.0,89765.0,851
2026-01-23 20:40:00+01:00,89750.0,89940.0,89730.0,89755.0,307
2026-01-23 20:50:00+01:00,89750.0,90050.0,89730.0,89995.0,363
2026-01-23 21:00:00+01:00,89990.0,90065.0,89870.0,90015.0,368
2026-01-23 21:20:00+01:00,90070.0,90070.0,89800.0,89815.0,249
2026-01-23 21:30:00+01:00,89755.0,89755.0,89270.0,89320.0,773
2026-01-23 21:40:00+01:00,89370.0,89485.0,89185.0,89360.0,473
2026-01-23 21:50:00+01:00,89325.0,89575.0,89255.0,89500.0,992
2026-01-23 22:00:00+01:00,89505.0,89715.0,89430.0,89635.0,620
2026-01-23 22:10:00+01:00,89645.0,89700.0,89475.0,89635.0,432
2026-01-23 22:30:00+01:00,89590.0,89630.0,89505.0,89535.0,133
2026-01-23 22:40:00+01:00,89505.0,89505.0,89385.0,89445.0,225
2026-01-23 22:50:00+01:00,89440.0,89450.0,89290.0,89325.0,238
2026-01-26 00:00:00+01:00,86945.0,87110.0,86370.0,86670.0,287
2026-01-26 00:10:00+01:00,86625.0,86755.0,86335.0,86505.0,177
2026-01-26 00:20:00+01:00,86800.0,87010.0,86485.0,86825.0,146
2026-01-26 00:30:00+01:00,86830.0,86935.0,86450.0,86645.0,28
2026-01-26 00:40:00+01:00,86655.0,87060.0,86340.0,87060.0,116
2026-01-26 00:50:00+01:00,87105.0,87135.0,86625.0,86980.0,156
2026-01-26 01:00:00+01:00,87005.0,87315.0,86970.0,87315.0,47
2026-01-26 01:10:00+01:00,87300.0,87485.0,86945.0,87330.0,105
2026-01-26 01:20:00+01:00,87370.0,87420.0,86840.0,86845.0,51
2026-01-26 01:30:00+01:00,87205.0,87205.0,86660.0,87065.0,71
2026-01-26 01:40:00+01:00,86680.0,87010.0,86620.0,86670.0,99
2026-01-26 01:50:00+01:00,87185.0,87235.0,86780.0,86795.0,174
2026-01-26 02:00:00+01:00,87185.0,87750.0,86780.0,87625.0,218
2026-01-26 02:10:00+01:00,87635.0,87825.0,87575.0,87665.0,43
2026-01-26 02:20:00+01:00,87690.0,88120.0,87555.0,87955.0,64
2026-01-26 02:30:00+01:00,88005.0,88035.0,87595.0,87640.0,168
2026-01-26 02:40:00+01:00,87960.0,88125.0,87565.0,87870.0,108
2026-01-26 02:50:00+01:00,87880.0,88160.0,87880.0,88000.0,94
2026-01-26 03:00:00+01:00,88030.0,88030.0,87475.0,87825.0,89
2026-01-26 03:10:00+01:00,87835.0,87920.0,87490.0,87580.0,75
2026-01-26 03:20:00+01:00,88005.0,88295.0,87660.0,88265.0,119
2026-01-26 03:30:00+01:00,88280.0,88325.0,88095.0,88095.0,59
2026-01-26 03:40:00+01:00,88125.0,88125.0,87615.0,87920.0,122
2026-01-26 03:50:00+01:00,87630.0,87940.0,87525.0,87875.0,61
2026-01-26 04:00:00+01:00,87525.0,87855.0,87465.0,87575.0,188
2026-01-26 04:10:00+01:00,87560.0,87910.0,87505.0,87910.0,97
2026-01-26 04:20:00+01:00,87575.0,87805.0,87355.0,87745.0,235
2026-01-26 04:30:00+01:00,87750.0,87750.0,87245.0,87575.0,56
2026-01-26 04:40:00+01:00,87620.0,87665.0,87195.0,87245.0,115
2026-01-26 05:00:00+01:00,87230.0,87725.0,87175.0,87725.0,99
2026-01-26 05:10:00+01:00,87725.0,87915.0,87435.0,87905.0,59
2026-01-26 05:20:00+01:00,87915.0,88120.0,87565.0,88120.0,151
2026-01-26 05:30:00+01:00,87825.0,88240.0,87810.0,87840.0,121
2026-01-26 05:40:00+01:00,87855.0,88080.0,87715.0,88050.0,183
2026-01-26 05:50:00+01:00,88070.0,88145.0,87690.0,87725.0,94
2026-01-26 06:00:00+01:00,87740.0,87820.0,87660.0,87720.0,151
2026-01-26 06:10:00+01:00,87710.0,88085.0,87690.0,87770.0,82
2026-01-26 06:20:00+01:00,87760.0,88185.0,87760.0,87855.0,90
2026-01-26 06:30:00+01:00,88180.0,88235.0,87745.0,87780.0,92
2026-01-26 06:40:00+01:00,87765.0,88180.0,87760.0,87860.0,43
2026-01-26 06:50:00+01:00,87865.0,88240.0,87820.0,87820.0,134
2026-01-26 07:00:00+01:00,87825.0,88225.0,87765.0,87830.0,74
2026-01-26 07:10:00+01:00,88145.0,88265.0,87740.0,88250.0,214
2026-01-26 07:20:00+01:00,88255.0,88280.0,87900.0,87930.0,87
2026-01-26 07:40:00+01:00,87870.0,88330.0,87860.0,88330.0,66
2026-01-26 07:50:00+01:00,88010.0,88325.0,87930.0,88300.0,137
2026-01-26 08:00:00+01:00,88320.0,88320.0,87855.0,87945.0,49
2026-01-26 08:20:00+01:00,87985.0,88325.0,87795.0,87820.0,87
2026-01-26 08:30:00+01:00,87785.0,88300.0,87710.0,88300.0,90
2026-01-26 08:50:00+01:00,87860.0,88415.0,87860.0,88030.0,106
2026-01-26 09:00:00+01:00,88370.0,88480.0,88000.0,88135.0,108
2026-01-26 09:10:00+01:00,88465.0,88465.0,87910.0,87935.0,116
2026-01-26 09:20:00+01:00,87945.0,88710.0,87945.0,88210.0,117
2026-01-26 10:20:00+01:00,87770.0,88140.0,87720.0,88140.0,72
2026-01-26 10:30:00+01:00,88145.0,88145.0,87700.0,88000.0,61
2026-01-26 10:40:00+01:00,87975.0,88135.0,87705.0,88025.0,45
2026-01-26 11:00:00+01:00,87670.0,88160.0,87660.0,87835.0,74
2026-01-26 11:10:00+01:00,87855.0,88230.0,87795.0,88140.0,81
2026-01-26 12:00:00+01:00,87925.0,88275.0,87925.0,87980.0,30
2026-01-26 12:20:00+01:00,88340.0,88350.0,87820.0,87825.0,46
2026-01-26 12:40:00+01:00,88200.0,88200.0,87805.0,87815.0,62
2026-01-26 12:50:00+01:00,87825.0,88200.0,87825.0,88175.0,22
2026-01-26 13:00:00+01:00,87875.0,88305.0,87795.0,87815.0,53
2026-01-26 13:10:00+01:00,88105.0,88275.0,87765.0,87935.0,102
2026-01-26 13:40:00+01:00,87795.0,88135.0,87740.0,88120.0,95
2026-01-26 14:10:00+01:00,88015.0,88265.0,87730.0,87900.0,127
2026-01-26 14:30:00+01:00,88235.0,88450.0,87890.0,88280.0,188
2026-01-26 14:40:00+01:00,88340.0,88360.0,87975.0,87985.0,47
2026-01-26 15:00:00+01:00,87955.0,88335.0,87880.0,88190.0,167
2026-01-26 15:10:00+01:00,88155.0,88155.0,87660.0,87665.0,190
2026-01-26 15:20:00+01:00,87655.0,88090.0,87615.0,87955.0,140
2026-01-26 15:30:00+01:00,88005.0,88590.0,87755.0,88435.0,110
2026-01-26 15:40:00+01:00,88470.0,88830.0,88120.0,88465.0,231
2026-01-26 15:50:00+01:00,88320.0,88505.0,87845.0,88500.0,105
2026-01-26 16:00:00+01:00,88520.0,88610.0,88080.0,88580.0,167
2026-01-26 16:10:00+01:00,88580.0,89190.0,88475.0,89020.0,152
2026-01-26 16:20:00+01:00,88965.0,89005.0,88670.0,88770.0,184
2026-01-26 16:30:00+01:00,88825.0,88825.0,88250.0,88540.0,129
2026-01-26 16:40:00+01:00,88365.0,88365.0,87645.0,87800.0,207
2026-01-26 16:50:00+01:00,87595.0,88030.0,87575.0,87650.0,277
2026-01-26 17:00:00+01:00,87995.0,88070.0,87320.0,87720.0,193
2026-01-26 17:10:00+01:00,87305.0,87715.0,87300.0,87460.0,180
2026-01-26 17:20:00+01:00,87450.0,88270.0,87450.0,87675.0,302
2026-01-26 17:30:00+01:00,88080.0,88090.0,87490.0,87500.0,92
2026-01-26 17:40:00+01:00,87835.0,88065.0,87420.0,88065.0,83
2026-01-26 17:50:00+01:00,87845.0,88215.0,87600.0,87600.0,156
2026-01-26 18:00:00+01:00,87925.0,88115.0,87480.0,87530.0,118
2026-01-26 18:10:00+01:00,87855.0,87865.0,87420.0,87595.0,168
2026-01-26 18:20:00+01:00,87615.0,87830.0,87250.0,87400.0,235
2026-01-26 18:30:00+01:00,87700.0,87875.0,87380.0,87590.0,99
2026-01-26 18:40:00+01:00,87885.0,87970.0,87495.0,87930.0,58
2026-01-26 18:50:00+01:00,87890.0,88115.0,87680.0,87705.0,133
2026-01-26 19:00:00+01:00,87695.0,88145.0,87635.0,87820.0,203
2026-01-26 19:10:00+01:00,88165.0,88450.0,87795.0,87940.0,170
2026-01-26 19:20:00+01:00,87940.0,88445.0,87835.0,88420.0,149
2026-01-26 19:30:00+01:00,88490.0,88710.0,88180.0,88480.0,106
2026-01-26 19:40:00+01:00,88525.0,88530.0,88010.0,88500.0,165
2026-01-26 19:50:00+01:00,88590.0,88800.0,88215.0,88800.0,60
2026-01-26 20:00:00+01:00,88890.0,88905.0,88395.0,88440.0,142
2026-01-26 20:10:00+01:00,88760.0,88810.0,88315.0,88710.0,147
2026-01-26 20:20:00+01:00,88350.0,88600.0,88140.0,88190.0,108
2026-01-26 20:30:00+01:00,88480.0,88625.0,88095.0,88625.0,100
2026-01-26 20:40:00+01:00,88660.0,88660.0,88190.0,88530.0,126
2026-01-26 20:50:00+01:00,88530.0,88530.0,87935.0,88015.0,153
2026-01-26 21:00:00+01:00,88330.0,88430.0,87975.0,88005.0,155
2026-01-26 21:10:00+01:00,87970.0,88270.0,87840.0,88255.0,200
2026-01-26 21:20:00+01:00,88260.0,88260.0,87845.0,87870.0,221
2026-01-26 21:30:00+01:00,87850.0,88175.0,87730.0,88135.0,172
2026-01-26 21:40:00+01:00,87810.0,88180.0,87750.0,88080.0,104
2026-01-26 21:50:00+01:00,88040.0,88060.0,87875.0,87970.0,223
2026-01-26 22:00:00+01:00,87945.0,87980.0,87550.0,87710.0,185
2026-01-26 22:10:00+01:00,87705.0,88210.0,87705.0,87825.0,94
2026-01-26 22:40:00+01:00,88270.0,88545.0,88015.0,88070.0,138
2026-01-26 22:50:00+01:00,88420.0,88510.0,88075.0,88400.0,86
2026-01-27 00:00:00+01:00,88435.0,88495.0,87980.0,88115.0,166
2026-01-27 00:10:00+01:00,88110.0,88540.0,88105.0,88210.0,163
2026-01-27 00:20:00+01:00,88600.0,88805.0,88245.0,88805.0,139
2026-01-27 00:30:00+01:00,88470.0,88980.0,88465.0,88950.0,123
2026-01-27 00:40:00+01:00,88645.0,88970.0,88535.0,88855.0,160
2026-01-27 00:50:00+01:00,88505.0,88800.0,88305.0,88335.0,148
2026-01-27 01:00:00+01:00,88665.0,88680.0,88155.0,88555.0,164
2026-01-27 01:10:00+01:00,88180.0,88305.0,88175.0,88305.0,381
2026-01-27 01:20:00+01:00,88280.0,88785.0,88250.0,88360.0,93
2026-01-27 01:30:00+01:00,88355.0,88700.0,88205.0,88255.0,95
2026-01-27 01:40:00+01:00,88260.0,88290.0,88210.0,88230.0,97
2026-01-27 01:50:00+01:00,88220.0,88660.0,88205.0,88335.0,115
2026-01-27 02:00:00+01:00,88310.0,88565.0,88165.0,88210.0,191
2026-01-27 02:10:00+01:00,88205.0,88620.0,88205.0,88250.0,59
2026-01-27 02:20:00+01:00,88230.0,88760.0,88230.0,88405.0,154
2026-01-27 02:30:00+01:00,88400.0,89010.0,88380.0,88980.0,196
2026-01-27 03:00:00+01:00,88965.0,89095.0,88620.0,89090.0,119
2026-01-27 03:30:00+01:00,88880.0,89020.0,88570.0,88735.0,70
2026-01-27 03:50:00+01:00,89055.0,89140.0,88700.0,89140.0,93
2026-01-27 04:00:00+01:00,89100.0,89195.0,88665.0,89000.0,80
2026-01-27 04:10:00+01:00,88665.0,88940.0,88555.0,88555.0,141
2026-01-27 04:30:00+01:00,89025.0,89120.0,88630.0,88805.0,34
2026-01-27 05:40:00+01:00,88725.0,89020.0,88605.0,88930.0,38
2026-01-27 06:00:00+01:00,88550.0,88880.0,88425.0,88425.0,69
2026-01-27 06:10:00+01:00,88425.0,88775.0,88335.0,88365.0,103
2026-01-27 06:20:00+01:00,88345.0,88820.0,88330.0,88820.0,62
2026-01-27 06:50:00+01:00,88485.0,88800.0,88370.0,88785.0,32
2026-01-27 07:00:00+01:00,88410.0,88830.0,88400.0,88500.0,104
2026-01-27 07:40:00+01:00,88285.0,88650.0,88230.0,88285.0,30
2026-01-27 08:00:00+01:00,88285.0,88720.0,88285.0,88430.0,49
2026-01-27 08:10:00+01:00,88415.0,88810.0,88380.0,88380.0,60
2026-01-27 08:20:00+01:00,88375.0,88825.0,88360.0,88825.0,79
2026-01-27 08:30:00+01:00,88470.0,88880.0,88470.0,88870.0,105
2026-01-27 08:40:00+01:00,88490.0,88820.0,88335.0,88345.0,65
2026-01-27 09:00:00+01:00,88640.0,88670.0,88275.0,88310.0,70
2026-01-27 09:20:00+01:00,88300.0,88645.0,88195.0,88540.0,41
2026-01-27 09:30:00+01:00,88540.0,88585.0,88155.0,88195.0,91
2026-01-27 09:50:00+01:00,88410.0,88500.0,88120.0,88460.0,160
2026-01-27 10:00:00+01:00,88420.0,88420.0,87925.0,87935.0,60
2026-01-27 10:10:00+01:00,88320.0,88365.0,87925.0,87940.0,29
2026-01-27 10:20:00+01:00,87950.0,88275.0,87900.0,87900.0,140
2026-01-27 10:50:00+01:00,88245.0,88250.0,87775.0,87805.0,117
2026-01-27 11:00:00+01:00,87810.0,88245.0,87785.0,87900.0,78
2026-01-27 11:10:00+01:00,87895.0,88325.0,87895.0,88305.0,33
2026-01-27 11:20:00+01:00,87965.0,88315.0,87910.0,87915.0,15
2026-01-27 11:30:00+01:00,87880.0,88200.0,87735.0,87735.0,55
2026-01-27 11:40:00+01:00,88140.0,88160.0,87720.0,88080.0,68
2026-01-27 12:00:00+01:00,88080.0,88175.0,87710.0,87780.0,63
2026-01-27 12:30:00+01:00,87795.0,88250.0,87790.0,88225.0,49
2026-01-27 12:40:00+01:00,87875.0,88335.0,87875.0,87980.0,81
2026-01-27 13:10:00+01:00,87950.0,88355.0,87940.0,88030.0,116
2026-01-27 13:20:00+01:00,88400.0,88410.0,88015.0,88290.0,51
2026-01-27 13:40:00+01:00,88275.0,88275.0,87885.0,87885.0,68
2026-01-27 14:10:00+01:00,88175.0,88175.0,87805.0,88125.0,39
2026-01-27 14:20:00+01:00,87760.0,88140.0,87720.0,87730.0,67
2026-01-27 14:30:00+01:00,88065.0,88290.0,87780.0,88290.0,92
2026-01-27 14:40:00+01:00,88285.0,88315.0,87925.0,88135.0,285
2026-01-27 14:50:00+01:00,87805.0,88235.0,87790.0,87890.0,88
2026-01-27 15:10:00+01:00,88340.0,88740.0,88035.0,88510.0,117
2026-01-27 15:20:00+01:00,88505.0,88580.0,88180.0,88505.0,155
2026-01-27 15:30:00+01:00,88540.0,88595.0,88040.0,88075.0,245
2026-01-27 15:40:00+01:00,88070.0,88270.0,87890.0,88125.0,222
2026-01-27 15:50:00+01:00,88115.0,88200.0,87915.0,87980.0,121
2026-01-27 16:00:00+01:00,87935.0,88205.0,87830.0,88140.0,229
2026-01-27 16:10:00+01:00,88160.0,88460.0,87810.0,88130.0,258
2026-01-27 16:20:00+01:00,88100.0,88140.0,87875.0,87890.0,81
2026-01-27 16:30:00+01:00,87855.0,88075.0,87615.0,87970.0,140
2026-01-27 16:40:00+01:00,88010.0,88240.0,87910.0,88240.0,64
2026-01-27 16:50:00+01:00,88145.0,88335.0,87830.0,88300.0,133
2026-01-27 17:00:00+01:00,88300.0,88865.0,88290.0,88765.0,108
2026-01-27 17:10:00+01:00,88825.0,89000.0,88655.0,88785.0,259
2026-01-27 17:20:00+01:00,88825.0,88860.0,88585.0,88670.0,176
2026-01-27 17:30:00+01:00,88690.0,89055.0,88690.0,88965.0,142
2026-01-27 17:40:00+01:00,89030.0,89150.0,88645.0,89105.0,132
2026-01-27 17:50:00+01:00,89100.0,89105.0,88635.0,88905.0,65
2026-01-27 18:00:00+01:00,88910.0,89025.0,88500.0,88500.0,156
2026-01-27 18:10:00+01:00,88480.0,88550.0,87875.0,87930.0,131
2026-01-27 18:20:00+01:00,87915.0,88220.0,87600.0,88170.0,241
2026-01-27 18:30:00+01:00,88155.0,88195.0,87700.0,87880.0,240
2026-01-27 18:40:00+01:00,87880.0,87880.0,87550.0,87700.0,194
2026-01-27 18:50:00+01:00,87660.0,87845.0,87640.0,87815.0,74
2026-01-27 19:00:00+01:00,87775.0,88105.0,87475.0,87500.0,116
2026-01-27 19:10:00+01:00,87515.0,88110.0,87495.0,88065.0,90
2026-01-27 19:20:00+01:00,88030.0,88255.0,87775.0,88175.0,173
2026-01-27 19:30:00+01:00,88135.0,88255.0,88050.0,88060.0,113
2026-01-27 19:40:00+01:00,88115.0,88220.0,87745.0,88195.0,94
2026-01-27 19:50:00+01:00,87910.0,88855.0,87850.0,88635.0,201
2026-01-27 20:00:00+01:00,88585.0,88640.0,88100.0,88400.0,134
2026-01-27 20:10:00+01:00,88150.0,88605.0,88085.0,88580.0,85
2026-01-27 20:20:00+01:00,88650.0,88655.0,88220.0,88550.0,74
2026-01-27 20:30:00+01:00,88580.0,88630.0,88195.0,88625.0,48
2026-01-27 20:50:00+01:00,88440.0,88760.0,88345.0,88375.0,118
2026-01-27 21:00:00+01:00,88350.0,88925.0,88320.0,88915.0,99
2026-01-27 21:10:00+01:00,88950.0,89225.0,88645.0,89215.0,254
2026-01-27 21:20:00+01:00,89355.0,89550.0,89325.0,89515.0,106
2026-01-27 21:30:00+01:00,89440.0,89460.0,88905.0,89245.0,97
2026-01-27 21:40:00+01:00,89255.0,89800.0,88850.0,89765.0,197
2026-01-27 21:50:00+01:00,89690.0,89790.0,89655.0,89735.0,271
2026-01-27 22:00:00+01:00,89760.0,89905.0,89560.0,89855.0,821
2026-01-27 22:10:00+01:00,89810.0,89860.0,89315.0,89660.0,136
2026-01-27 22:20:00+01:00,89660.0,89665.0,89565.0,89630.0,56
2026-01-27 22:30:00+01:00,89260.0,89635.0,89140.0,89550.0,90
2026-01-27 22:40:00+01:00,89580.0,89660.0,89120.0,89120.0,36
2026-01-27 22:50:00+01:00,89465.0,89520.0,88990.0,89435.0,127
2026-01-28 00:00:00+01:00,89630.0,89660.0,89115.0,89660.0,191
2026-01-28 00:10:00+01:00,89660.0,89685.0,89245.0,89315.0,58
2026-01-28 00:20:00+01:00,89680.0,89775.0,89370.0,89510.0,121
2026-01-28 00:30:00+01:00,89865.0,89915.0,89370.0,89800.0,103
2026-01-28 00:40:00+01:00,89450.0,89875.0,89365.0,89435.0,39
2026-01-28 00:50:00+01:00,89410.0,89705.0,89270.0,89545.0,132
2026-01-28 01:00:00+01:00,89545.0,89635.0,89260.0,89260.0,282
2026-01-28 01:10:00+01:00,89230.0,89590.0,89230.0,89560.0,46
2026-01-28 01:20:00+01:00,89580.0,89745.0,89250.0,89305.0,23
2026-01-28 01:30:00+01:00,89570.0,89655.0,89240.0,89530.0,94
2026-01-28 01:40:00+01:00,89535.0,89640.0,89510.0,89640.0,49
2026-01-28 01:50:00+01:00,89650.0,89835.0,89645.0,89805.0,217
2026-01-28 02:00:00+01:00,89790.0,89870.0,89720.0,89775.0,90
2026-01-28 02:10:00+01:00,89745.0,89835.0,89665.0,89815.0,63
2026-01-28 02:20:00+01:00,89795.0,89865.0,89600.0,89655.0,151
2026-01-28 02:30:00+01:00,89660.0,89685.0,89520.0,89615.0,79
2026-01-28 02:40:00+01:00,89600.0,89695.0,89600.0,89660.0,47
2026-01-28 02:50:00+01:00,89655.0,89835.0,89370.0,89740.0,82
2026-01-28 03:00:00+01:00,89705.0,89795.0,89595.0,89630.0,65
2026-01-28 03:10:00+01:00,89615.0,89685.0,89590.0,89645.0,81
2026-01-28 03:30:00+01:00,89635.0,89680.0,89460.0,89470.0,127
2026-01-28 03:40:00+01:00,89475.0,89560.0,89400.0,89400.0,119
2026-01-28 03:50:00+01:00,89390.0,89585.0,89375.0,89580.0,97
2026-01-28 04:00:00+01:00,89580.0,89620.0,89435.0,89435.0,99
2026-01-28 04:10:00+01:00,89420.0,89465.0,89270.0,89300.0,144
2026-01-28 04:20:00+01:00,89300.0,89435.0,89295.0,89380.0,94
2026-01-28 04:30:00+01:00,89360.0,89470.0,89280.0,89390.0,73
2026-01-28 04:40:00+01:00,89360.0,89475.0,89340.0,89415.0,91
2026-01-28 04:50:00+01:00,89430.0,89520.0,89085.0,89085.0,94
2026-01-28 05:00:00+01:00,89400.0,89475.0,89285.0,89325.0,100
2026-01-28 05:10:00+01:00,89310.0,89310.0,89130.0,89170.0,77
2026-01-28 05:20:00+01:00,89170.0,89260.0,89115.0,89260.0,92
2026-01-28 05:30:00+01:00,89220.0,89360.0,89190.0,89360.0,93
2026-01-28 05:40:00+01:00,89365.0,89405.0,89255.0,89300.0,114
2026-01-28 05:50:00+01:00,89310.0,89310.0,89255.0,89265.0,39
2026-01-28 06:00:00+01:00,89290.0,89360.0,89290.0,89340.0,95
2026-01-28 06:10:00+01:00,89330.0,89350.0,89210.0,89230.0,67
2026-01-28 06:20:00+01:00,89215.0,89260.0,89170.0,89220.0,115
2026-01-28 06:30:00+01:00,89230.0,89315.0,89220.0,89290.0,59
2026-01-28 06:40:00+01:00,89295.0,89380.0,89260.0,89330.0,70
2026-01-28 07:00:00+01:00,89445.0,89570.0,89165.0,89165.0,48
2026-01-28 07:10:00+01:00,89505.0,89615.0,89190.0,89580.0,53
2026-01-28 07:30:00+01:00,89200.0,89690.0,89150.0,89165.0,51
2026-01-28 07:50:00+01:00,89560.0,89730.0,89300.0,89640.0,103
2026-01-28 08:30:00+01:00,89550.0,89550.0,89170.0,89515.0,29
2026-01-28 08:40:00+01:00,89500.0,89595.0,89145.0,89245.0,49
2026-01-28 08:50:00+01:00,89235.0,89585.0,89070.0,89085.0,175
2026-01-28 09:10:00+01:00,89105.0,89505.0,89085.0,89395.0,67
2026-01-28 09:20:00+01:00,89410.0,89450.0,88960.0,88975.0,66
2026-01-28 09:30:00+01:00,89375.0,89395.0,88980.0,89395.0,60
2026-01-28 09:40:00+01:00,89405.0,89410.0,88965.0,89345.0,47
2026-01-28 09:50:00+01:00,89350.0,89395.0,88850.0,89235.0,79
2026-01-28 10:00:00+01:00,89230.0,89300.0,89190.0,89300.0,24
2026-01-28 10:10:00+01:00,88930.0,89300.0,88885.0,89225.0,58
2026-01-28 10:30:00+01:00,89275.0,89730.0,89085.0,89305.0,112
2026-01-28 11:00:00+01:00,89950.0,89960.0,89495.0,89860.0,139
2026-01-28 11:10:00+01:00,89860.0,90050.0,89415.0,89800.0,132
2026-01-28 11:20:00+01:00,89395.0,89700.0,89320.0,89320.0,57
2026-01-28 11:30:00+01:00,89700.0,89825.0,89380.0,89445.0,82
2026-01-28 11:40:00+01:00,89790.0,89820.0,89460.0,89815.0,63
2026-01-28 12:20:00+01:00,89725.0,89795.0,89330.0,89795.0,58
2026-01-28 12:30:00+01:00,89775.0,89790.0,89350.0,89780.0,124
2026-01-28 12:40:00+01:00,89845.0,90155.0,89570.0,90100.0,125
2026-01-28 12:50:00+01:00,89815.0,90520.0,89790.0,90450.0,296
2026-01-28 13:00:00+01:00,90460.0,90460.0,89930.0,90405.0,338
2026-01-28 13:10:00+01:00,90430.0,90565.0,89880.0,89880.0,315
2026-01-28 13:20:00+01:00,90210.0,90320.0,89785.0,89870.0,107
2026-01-28 13:30:00+01:00,90265.0,90335.0,89815.0,89960.0,85
2026-01-28 13:40:00+01:00,89985.0,90435.0,89840.0,89935.0,102
2026-01-28 13:50:00+01:00,90215.0,90430.0,89800.0,90000.0,187
2026-01-28 14:00:00+01:00,90365.0,90435.0,89985.0,90405.0,101
2026-01-28 14:10:00+01:00,90380.0,90700.0,90150.0,90480.0,144
2026-01-28 14:20:00+01:00,90420.0,90510.0,90405.0,90465.0,76
2026-01-28 14:30:00+01:00,90515.0,90730.0,90095.0,90660.0,113
2026-01-28 14:40:00+01:00,90645.0,90855.0,90335.0,90345.0,165
2026-01-28 14:50:00+01:00,90780.0,90780.0,90515.0,90610.0,141
2026-01-28 15:00:00+01:00,90220.0,90620.0,90185.0,90570.0,126
2026-01-28 15:10:00+01:00,90555.0,90560.0,90090.0,90390.0,155
2026-01-28 15:20:00+01:00,90380.0,90425.0,90265.0,90350.0,82
2026-01-28 15:30:00+01:00,90320.0,90505.0,90080.0,90090.0,594
2026-01-28 15:40:00+01:00,90060.0,90145.0,89705.0,89925.0,669
2026-01-28 15:50:00+01:00,89910.0,90075.0,89835.0,89915.0,328
2026-01-28 16:00:00+01:00,89905.0,90200.0,89700.0,89710.0,363
2026-01-28 16:10:00+01:00,89745.0,89745.0,89180.0,89505.0,700
2026-01-28 16:20:00+01:00,89485.0,89635.0,89390.0,89605.0,276
2026-01-28 16:30:00+01:00,89560.0,89785.0,89515.0,89755.0,122
2026-01-28 16:40:00+01:00,89750.0,89960.0,89610.0,89675.0,224
2026-01-28 16:50:00+01:00,89730.0,89885.0,89655.0,89785.0,95
2026-01-28 17:00:00+01:00,89830.0,89850.0,89580.0,89675.0,106
2026-01-28 17:10:00+01:00,89715.0,89720.0,89270.0,89345.0,229
2026-01-28 17:20:00+01:00,89815.0,90090.0,89360.0,90080.0,91
2026-01-28 17:30:00+01:00,90035.0,90050.0,89890.0,90010.0,237
2026-01-28 17:40:00+01:00,89975.0,90035.0,89770.0,89930.0,139
2026-01-28 17:50:00+01:00,89900.0,90085.0,89780.0,89920.0,211
2026-01-28 18:00:00+01:00,89900.0,90055.0,89860.0,89930.0,136
2026-01-28 18:10:00+01:00,89940.0,90090.0,89625.0,89995.0,210
2026-01-28 18:20:00+01:00,90010.0,90010.0,89500.0,89895.0,290
2026-01-28 18:30:00+01:00,89845.0,89965.0,89545.0,89960.0,379
2026-01-28 18:40:00+01:00,89905.0,90320.0,89890.0,90190.0,172
2026-01-28 18:50:00+01:00,90205.0,90935.0,90205.0,90510.0,523
2026-01-28 19:00:00+01:00,90420.0,90420.0,89830.0,89995.0,468
2026-01-28 19:10:00+01:00,90015.0,90205.0,89665.0,90115.0,77
2026-01-28 19:20:00+01:00,90180.0,90255.0,89805.0,90090.0,38
2026-01-28 19:30:00+01:00,90050.0,90110.0,89655.0,89915.0,220
2026-01-28 19:40:00+01:00,89920.0,89925.0,89470.0,89845.0,119
2026-01-28 19:50:00+01:00,89880.0,89950.0,89595.0,89780.0,257
2026-01-28 20:00:00+01:00,89980.0,89990.0,89390.0,89755.0,350
2026-01-28 20:10:00+01:00,89675.0,89850.0,89550.0,89770.0,69
2026-01-28 20:20:00+01:00,89735.0,89930.0,89365.0,89725.0,70
2026-01-28 20:30:00+01:00,89695.0,89900.0,89480.0,89600.0,147
2026-01-28 20:40:00+01:00,89580.0,89790.0,89025.0,89735.0,113
2026-01-28 20:50:00+01:00,89655.0,89920.0,89385.0,89665.0,79
2026-01-28 21:00:00+01:00,89640.0,89935.0,89430.0,89885.0,191
2026-01-28 21:10:00+01:00,89495.0,90045.0,89495.0,89875.0,225
2026-01-28 21:20:00+01:00,89935.0,90170.0,89860.0,90080.0,235
2026-01-28 21:30:00+01:00,90090.0,90090.0,89475.0,89610.0,184
2026-01-28 21:40:00+01:00,89610.0,89635.0,89255.0,89285.0,269
2026-01-28 21:50:00+01:00,89270.0,89550.0,89240.0,89425.0,337
2026-01-28 22:00:00+01:00,89425.0,89520.0,89110.0,89360.0,364
2026-01-28 22:10:00+01:00,89340.0,89525.0,89080.0,89450.0,114
2026-01-28 22:30:00+01:00,89090.0,89620.0,88955.0,89595.0,87
2026-01-28 22:40:00+01:00,89590.0,89695.0,89235.0,89255.0,62
2026-01-28 22:50:00+01:00,89695.0,89760.0,89270.0,89735.0,92
2026-01-29 00:00:00+01:00,89585.0,89780.0,89295.0,89330.0,116
2026-01-29 00:10:00+01:00,89670.0,89765.0,89635.0,89710.0,54
2026-01-29 00:20:00+01:00,89715.0,89755.0,89295.0,89575.0,87
2026-01-29 00:30:00+01:00,89250.0,89580.0,89220.0,89490.0,33
2026-01-29 00:50:00+01:00,89190.0,89610.0,89130.0,89555.0,117
2026-01-29 01:00:00+01:00,89565.0,89640.0,89040.0,89375.0,168
2026-01-29 01:10:00+01:00,89375.0,89430.0,88935.0,89375.0,207
2026-01-29 01:20:00+01:00,88980.0,89415.0,88925.0,88935.0,80
2026-01-29 01:50:00+01:00,89345.0,89345.0,88890.0,89055.0,136
2026-01-29 02:20:00+01:00,89305.0,89335.0,88900.0,89090.0,144
2026-01-29 02:30:00+01:00,88695.0,89150.0,88680.0,89080.0,48
2026-01-29 02:40:00+01:00,89105.0,89165.0,88705.0,88940.0,53
2026-01-29 02:50:00+01:00,88860.0,88920.0,88755.0,88835.0,357
2026-01-29 03:00:00+01:00,88820.0,88930.0,88630.0,88900.0,197
2026-01-29 03:10:00+01:00,88940.0,89010.0,88530.0,88930.0,163
2026-01-29 03:20:00+01:00,88915.0,88965.0,88845.0,88855.0,45
2026-01-29 03:30:00+01:00,88855.0,88855.0,88245.0,88500.0,446
2026-01-29 03:40:00+01:00,88435.0,88480.0,88040.0,88045.0,393
2026-01-29 03:50:00+01:00,88005.0,88140.0,87895.0,88055.0,412
2026-01-29 04:00:00+01:00,88065.0,88230.0,87930.0,88150.0,256
2026-01-29 04:10:00+01:00,88185.0,88430.0,88130.0,88195.0,96
2026-01-29 04:20:00+01:00,88230.0,88370.0,88170.0,88235.0,195
2026-01-29 04:30:00+01:00,88220.0,88290.0,88125.0,88290.0,196
2026-01-29 04:40:00+01:00,88290.0,88335.0,88200.0,88260.0,102
2026-01-29 04:50:00+01:00,88250.0,88280.0,88160.0,88205.0,59
2026-01-29 05:00:00+01:00,88215.0,88260.0,87915.0,88220.0,86
2026-01-29 05:10:00+01:00,88190.0,88255.0,87855.0,88195.0,40
2026-01-29 05:20:00+01:00,88195.0,88215.0,87920.0,87920.0,104
2026-01-29 05:30:00+01:00,88245.0,88435.0,88120.0,88380.0,72
2026-01-29 05:40:00+01:00,88380.0,88430.0,88310.0,88430.0,82
2026-01-29 05:50:00+01:00,88440.0,88550.0,88175.0,88510.0,189
2026-01-29 06:00:00+01:00,88535.0,88610.0,88310.0,88490.0,103
2026-01-29 06:10:00+01:00,88500.0,88545.0,88450.0,88490.0,34
2026-01-29 06:20:00+01:00,88480.0,88505.0,88130.0,88420.0,75
2026-01-29 06:50:00+01:00,88430.0,88445.0,88060.0,88415.0,95
2026-01-29 07:00:00+01:00,88395.0,88580.0,88170.0,88505.0,97
2026-01-29 07:20:00+01:00,88475.0,88520.0,88090.0,88520.0,35
2026-01-29 07:30:00+01:00,88550.0,88605.0,88180.0,88540.0,81
2026-01-29 07:40:00+01:00,88560.0,88590.0,88160.0,88205.0,40
2026-01-29 07:50:00+01:00,88540.0,88575.0,88210.0,88230.0,33
2026-01-29 08:00:00+01:00,88545.0,88605.0,88535.0,88535.0,41
2026-01-29 08:10:00+01:00,88535.0,88560.0,88210.0,88480.0,57
2026-01-29 08:30:00+01:00,88475.0,88600.0,88160.0,88505.0,146
2026-01-29 08:40:00+01:00,88500.0,88650.0,88435.0,88630.0,127
2026-01-29 08:50:00+01:00,88640.0,88675.0,88510.0,88570.0,103
2026-01-29 09:00:00+01:00,88585.0,88585.0,88190.0,88220.0,170
2026-01-29 09:10:00+01:00,88235.0,88270.0,88090.0,88190.0,103
2026-01-29 09:20:00+01:00,88210.0,88645.0,88175.0,88605.0,78
2026-01-29 09:30:00+01:00,88660.0,88690.0,88390.0,88425.0,425
2026-01-29 09:50:00+01:00,88160.0,88290.0,87865.0,88290.0,41
2026-01-29 10:00:00+01:00,87940.0,88370.0,87905.0,87950.0,89
2026-01-29 10:10:00+01:00,88250.0,88270.0,87890.0,88255.0,69
2026-01-29 10:20:00+01:00,88210.0,88280.0,87915.0,88230.0,44
2026-01-29 10:50:00+01:00,88135.0,88150.0,88030.0,88075.0,141
2026-01-29 11:00:00+01:00,88070.0,88135.0,88015.0,88120.0,97
2026-01-29 11:10:00+01:00,88115.0,88180.0,87785.0,88095.0,173
2026-01-29 11:30:00+01:00,88125.0,88130.0,87765.0,88120.0,82
2026-01-29 12:00:00+01:00,88105.0,88220.0,87790.0,88220.0,53
2026-01-29 12:20:00+01:00,88145.0,88190.0,87920.0,87955.0,152
2026-01-29 12:30:00+01:00,87945.0,88085.0,87940.0,88020.0,64
2026-01-29 12:40:00+01:00,88030.0,88035.0,87855.0,87880.0,153
2026-01-29 12:50:00+01:00,87890.0,88015.0,87885.0,88015.0,131
2026-01-29 13:00:00+01:00,87950.0,88205.0,87940.0,88190.0,152
2026-01-29 13:10:00+01:00,87910.0,88260.0,87855.0,88190.0,159
2026-01-29 13:30:00+01:00,88075.0,88225.0,88020.0,88030.0,281
2026-01-29 13:40:00+01:00,88025.0,88240.0,87840.0,88170.0,127
2026-01-29 13:50:00+01:00,87860.0,88300.0,87850.0,88300.0,53
2026-01-29 14:00:00+01:00,87965.0,88320.0,87955.0,88255.0,226
2026-01-29 14:10:00+01:00,88230.0,88280.0,87935.0,88240.0,30
2026-01-29 14:20:00+01:00,88235.0,88285.0,87935.0,88265.0,70
2026-01-29 14:30:00+01:00,88260.0,88300.0,87955.0,88205.0,138
2026-01-29 14:40:00+01:00,88205.0,88250.0,88195.0,88215.0,155
2026-01-29 14:50:00+01:00,88220.0,88220.0,87905.0,88215.0,108
2026-01-29 15:00:00+01:00,88240.0,88265.0,88095.0,88220.0,117
2026-01-29 15:10:00+01:00,88220.0,88260.0,88150.0,88160.0,149
2026-01-29 15:20:00+01:00,87855.0,88200.0,87855.0,87970.0,190
2026-01-29 15:30:00+01:00,87965.0,88125.0,87700.0,87980.0,1162
2026-01-29 15:40:00+01:00,88010.0,88040.0,87710.0,87900.0,882
2026-01-29 15:50:00+01:00,87930.0,87940.0,87105.0,87110.0,1024
2026-01-29 16:00:00+01:00,87135.0,87170.0,86165.0,86210.0,1460
2026-01-29 16:10:00+01:00,86185.0,86210.0,85330.0,85630.0,2035
2026-01-29 16:20:00+01:00,85650.0,85920.0,85460.0,85585.0,837
2026-01-29 16:30:00+01:00,85565.0,85765.0,85210.0,85235.0,628
2026-01-29 16:40:00+01:00,85225.0,85225.0,84560.0,84580.0,1248
2026-01-29 16:50:00+01:00,84585.0,85275.0,84480.0,85070.0,778
2026-01-29 17:00:00+01:00,85020.0,85120.0,84550.0,84710.0,482
2026-01-29 17:10:00+01:00,84655.0,85050.0,84610.0,84895.0,411
2026-01-29 17:20:00+01:00,84975.0,85095.0,84580.0,84580.0,397
2026-01-29 17:30:00+01:00,84715.0,84780.0,84390.0,84625.0,710
2026-01-29 17:40:00+01:00,84685.0,85030.0,84685.0,84905.0,492
2026-01-29 17:50:00+01:00,84960.0,85505.0,84890.0,85400.0,808
2026-01-29 18:00:00+01:00,85385.0,85610.0,85165.0,85200.0,703
2026-01-29 18:10:00+01:00,85220.0,85700.0,85220.0,85605.0,613
2026-01-29 18:20:00+01:00,85650.0,85735.0,85145.0,85200.0,681
2026-01-29 18:30:00+01:00,85155.0,85265.0,85015.0,85045.0,199
2026-01-29 18:40:00+01:00,85035.0,85035.0,84690.0,84690.0,397
2026-01-29 18:50:00+01:00,84685.0,84935.0,84150.0,84330.0,972
2026-01-29 19:00:00+01:00,84385.0,84695.0,84345.0,84610.0,270
2026-01-29 19:10:00+01:00,84595.0,84740.0,84290.0,84350.0,551
2026-01-29 19:20:00+01:00,84365.0,84370.0,83865.0,84015.0,912
2026-01-29 19:30:00+01:00,83945.0,84230.0,83740.0,84025.0,629
2026-01-29 19:40:00+01:00,84005.0,84270.0,83975.0,84000.0,447
2026-01-29 19:50:00+01:00,84055.0,84055.0,83525.0,83590.0,591
2026-01-29 20:00:00+01:00,83565.0,83800.0,83465.0,83755.0,380
2026-01-29 20:10:00+01:00,83650.0,84070.0,83585.0,83890.0,627
2026-01-29 20:20:00+01:00,83945.0,83980.0,83650.0,83900.0,227
2026-01-29 20:30:00+01:00,83970.0,84425.0,83930.0,84140.0,682
2026-01-29 20:40:00+01:00,84160.0,84330.0,84160.0,84195.0,158
2026-01-29 20:50:00+01:00,84205.0,84275.0,84065.0,84085.0,136
2026-01-29 21:00:00+01:00,84095.0,84230.0,83970.0,84085.0,174
2026-01-29 21:10:00+01:00,84085.0,84345.0,84020.0,84275.0,309
2026-01-29 21:20:00+01:00,84330.0,84345.0,84135.0,84135.0,173
2026-01-29 21:30:00+01:00,84170.0,84175.0,83960.0,84065.0,157
2026-01-29 21:40:00+01:00,84100.0,84400.0,84055.0,84240.0,462
2026-01-29 21:50:00+01:00,84280.0,84560.0,84210.0,84410.0,1548
2026-01-29 22:00:00+01:00,84375.0,84650.0,84360.0,84630.0,321
2026-01-29 22:10:00+01:00,84600.0,84685.0,84525.0,84575.0,466
2026-01-29 22:20:00+01:00,84575.0,84615.0,84415.0,84575.0,624
2026-01-29 22:30:00+01:00,84590.0,84670.0,84165.0,84590.0,236
2026-01-29 22:50:00+01:00,84770.0,84795.0,84340.0,84710.0,189
2026-01-30 00:00:00+01:00,84795.0,84800.0,84560.0,84650.0,552
2026-01-30 00:10:00+01:00,84640.0,84725.0,84600.0,84695.0,215
2026-01-30 00:20:00+01:00,84705.0,84860.0,84665.0,84735.0,262
2026-01-30 00:30:00+01:00,84745.0,84910.0,84745.0,84885.0,268
2026-01-30 00:40:00+01:00,84885.0,84920.0,84785.0,84920.0,110
2026-01-30 01:00:00+01:00,84825.0,84930.0,84825.0,84870.0,141
2026-01-30 01:10:00+01:00,84865.0,84870.0,84690.0,84725.0,206
2026-01-30 01:20:00+01:00,84730.0,84730.0,84480.0,84560.0,220
2026-01-30 01:30:00+01:00,84540.0,84605.0,84415.0,84520.0,343
2026-01-30 01:40:00+01:00,84530.0,84670.0,84510.0,84620.0,515
2026-01-30 01:50:00+01:00,84595.0,84625.0,84305.0,84350.0,314
2026-01-30 02:00:00+01:00,84325.0,84350.0,84135.0,84270.0,356
2026-01-30 02:10:00+01:00,84315.0,84355.0,84095.0,84150.0,399
2026-01-30 02:20:00+01:00,84180.0,84225.0,83675.0,83965.0,997
2026-01-30 02:30:00+01:00,83960.0,84100.0,82460.0,83110.0,1955
2026-01-30 02:40:00+01:00,83055.0,83240.0,81285.0,82190.0,7443
2026-01-30 02:50:00+01:00,82300.0,82765.0,82300.0,82695.0,959
2026-01-30 03:00:00+01:00,82760.0,82765.0,82275.0,82285.0,614
2026-01-30 03:10:00+01:00,82310.0,82450.0,81855.0,81995.0,1345
2026-01-30 03:20:00+01:00,82030.0,82035.0,81300.0,81620.0,2120
2026-01-30 03:30:00+01:00,81630.0,82115.0,81335.0,82040.0,790
2026-01-30 03:40:00+01:00,82030.0,82350.0,82030.0,82190.0,451
2026-01-30 03:50:00+01:00,82215.0,82370.0,82065.0,82345.0,657
2026-01-30 04:00:00+01:00,82365.0,82435.0,82225.0,82375.0,583
2026-01-30 04:10:00+01:00,82390.0,82595.0,82390.0,82545.0,381
2026-01-30 04:20:00+01:00,82545.0,82560.0,82170.0,82530.0,255
2026-01-30 04:30:00+01:00,82560.0,82700.0,82560.0,82695.0,267
2026-01-30 04:40:00+01:00,82695.0,82725.0,82610.0,82675.0,206
2026-01-30 04:50:00+01:00,82725.0,82905.0,82695.0,82860.0,391
2026-01-30 05:00:00+01:00,82870.0,83070.0,82850.0,83035.0,325
2026-01-30 05:10:00+01:00,83045.0,83340.0,83020.0,83320.0,526
2026-01-30 05:20:00+01:00,83395.0,83505.0,83150.0,83215.0,284
2026-01-30 05:30:00+01:00,83210.0,83365.0,83060.0,83080.0,164
2026-01-30 05:40:00+01:00,83085.0,83155.0,83050.0,83155.0,191
2026-01-30 05:50:00+01:00,83115.0,83195.0,82740.0,83125.0,165
2026-01-30 06:00:00+01:00,83115.0,83265.0,83065.0,83215.0,114
2026-01-30 06:20:00+01:00,83180.0,83505.0,83180.0,83465.0,268
2026-01-30 06:30:00+01:00,83475.0,83490.0,83305.0,83335.0,86
2026-01-30 06:40:00+01:00,83290.0,83305.0,83180.0,83230.0,56
2026-01-30 06:50:00+01:00,83205.0,83315.0,83080.0,83080.0,92
2026-01-30 07:00:00+01:00,83105.0,83105.0,82925.0,83055.0,317
2026-01-30 07:10:00+01:00,83025.0,83025.0,82820.0,82830.0,109
2026-01-30 07:20:00+01:00,82820.0,82890.0,82520.0,82540.0,467
2026-01-30 07:30:00+01:00,82530.0,82625.0,82415.0,82480.0,337
2026-01-30 07:40:00+01:00,82455.0,82525.0,82175.0,82515.0,375
2026-01-30 07:50:00+01:00,82540.0,82825.0,82540.0,82730.0,351
2026-01-30 08:00:00+01:00,82740.0,82920.0,82740.0,82905.0,171
2026-01-30 08:10:00+01:00,82900.0,83245.0,82885.0,83060.0,684
2026-01-30 08:20:00+01:00,82975.0,82985.0,82780.0,82800.0,135
2026-01-30 08:30:00+01:00,82725.0,82855.0,82605.0,82675.0,334
2026-01-30 08:40:00+01:00,82710.0,82800.0,82580.0,82800.0,192
2026-01-30 08:50:00+01:00,82815.0,83045.0,82815.0,82905.0,288
2026-01-30 09:00:00+01:00,82890.0,82910.0,82700.0,82815.0,314
2026-01-30 09:10:00+01:00,82805.0,83105.0,82805.0,83005.0,174
2026-01-30 09:20:00+01:00,82985.0,83065.0,82800.0,82800.0,127
2026-01-30 09:30:00+01:00,82785.0,82810.0,82525.0,82660.0,558
2026-01-30 09:40:00+01:00,82650.0,82820.0,82585.0,82815.0,189
2026-01-30 09:50:00+01:00,82770.0,82835.0,82600.0,82820.0,265
2026-01-30 10:00:00+01:00,82850.0,83000.0,82830.0,82830.0,196
2026-01-30 10:10:00+01:00,82850.0,82850.0,82605.0,82715.0,295
2026-01-30 10:20:00+01:00,82715.0,82765.0,82185.0,82545.0,524
2026-01-30 10:30:00+01:00,82580.0,82755.0,82565.0,82680.0,170
2026-01-30 10:40:00+01:00,82665.0,82800.0,82405.0,82415.0,121
2026-01-30 10:50:00+01:00,82410.0,82590.0,82295.0,82520.0,327
2026-01-30 11:00:00+01:00,82510.0,82570.0,82355.0,82405.0,119
2026-01-30 11:10:00+01:00,82365.0,82540.0,82320.0,82525.0,254
2026-01-30 11:20:00+01:00,82520.0,82775.0,82520.0,82675.0,121
2026-01-30 11:40:00+01:00,82745.0,82895.0,82695.0,82895.0,79
2026-01-30 11:50:00+01:00,82895.0,83075.0,82880.0,83005.0,354
2026-01-30 12:00:00+01:00,83010.0,83040.0,82915.0,82915.0,438
2026-01-30 12:10:00+01:00,82925.0,83120.0,82925.0,82985.0,207
2026-01-30 12:30:00+01:00,82920.0,83025.0,82890.0,82975.0,266
2026-01-30 12:40:00+01:00,83015.0,83160.0,82850.0,82855.0,195
2026-01-30 12:50:00+01:00,82895.0,83475.0,82895.0,83330.0,451
2026-01-30 13:00:00+01:00,83330.0,83500.0,83200.0,83210.0,513
2026-01-30 13:10:00+01:00,83200.0,83245.0,83050.0,83050.0,173
2026-01-30 13:20:00+01:00,83070.0,83075.0,82820.0,82920.0,236
2026-01-30 13:30:00+01:00,82910.0,83025.0,82845.0,83010.0,236
2026-01-30 13:40:00+01:00,82975.0,83060.0,82875.0,83030.0,347
2026-01-30 13:50:00+01:00,83030.0,83095.0,82880.0,82945.0,148
2026-01-30 14:00:00+01:00,82940.0,83030.0,82690.0,82860.0,516
2026-01-30 14:10:00+01:00,82840.0,83015.0,82830.0,82945.0,175
2026-01-30 14:20:00+01:00,82915.0,82940.0,82800.0,82930.0,310
2026-01-30 14:30:00+01:00,82945.0,83250.0,82605.0,82925.0,974
2026-01-30 14:40:00+01:00,82995.0,83160.0,82875.0,82880.0,280
2026-01-30 14:50:00+01:00,82895.0,82955.0,82800.0,82905.0,488
2026-01-30 15:00:00+01:00,82900.0,83185.0,82895.0,83070.0,301
2026-01-30 15:10:00+01:00,83105.0,83295.0,83105.0,83175.0,603
2026-01-30 15:20:00+01:00,83190.0,83305.0,83100.0,83165.0,468
2026-01-30 15:30:00+01:00,83170.0,83705.0,82945.0,83685.0,1446
2026-01-30 15:40:00+01:00,83650.0,84010.0,83450.0,83685.0,1567
2026-01-30 15:50:00+01:00,83695.0,83840.0,83070.0,83295.0,1844
2026-01-30 16:00:00+01:00,83285.0,83810.0,83185.0,83735.0,994
2026-01-30 16:10:00+01:00,83735.0,83835.0,83365.0,83415.0,825
2026-01-30 16:20:00+01:00,83385.0,83515.0,82765.0,82790.0,1371
2026-01-30 16:30:00+01:00,82820.0,83435.0,82535.0,83415.0,2004
2026-01-30 16:40:00+01:00,83380.0,83595.0,83205.0,83240.0,1013
2026-01-30 16:50:00+01:00,83230.0,83350.0,83020.0,83040.0,607
2026-01-30 17:00:00+01:00,83040.0,83380.0,82880.0,83240.0,741
2026-01-30 17:10:00+01:00,83185.0,83330.0,83000.0,83235.0,465
2026-01-30 17:20:00+01:00,83200.0,83425.0,82715.0,83330.0,1236
2026-01-30 17:30:00+01:00,83330.0,83710.0,83225.0,83455.0,673
2026-01-30 17:40:00+01:00,83500.0,83685.0,83310.0,83325.0,635
2026-01-30 17:50:00+01:00,83345.0,83430.0,83210.0,83345.0,588
2026-01-30 18:00:00+01:00,83340.0,83350.0,82775.0,82990.0,1287
2026-01-30 18:10:00+01:00,82955.0,83155.0,82785.0,83145.0,845
2026-01-30 18:20:00+01:00,83225.0,83705.0,83190.0,83610.0,1250
2026-01-30 18:30:00+01:00,83565.0,83565.0,83025.0,83210.0,953
2026-01-30 18:40:00+01:00,83210.0,83425.0,83160.0,83395.0,378
2026-01-30 18:50:00+01:00,83375.0,83395.0,83095.0,83115.0,521
2026-01-30 19:00:00+01:00,83120.0,83425.0,83055.0,83095.0,508
2026-01-30 19:10:00+01:00,83085.0,83095.0,82350.0,82405.0,1184
2026-01-30 19:20:00+01:00,82380.0,82710.0,82080.0,82675.0,1956
2026-01-30 19:30:00+01:00,82690.0,82875.0,82365.0,82640.0,886
2026-01-30 19:40:00+01:00,82660.0,83920.0,82575.0,83760.0,1754
2026-01-30 19:50:00+01:00,83750.0,84440.0,83590.0,84150.0,2462
2026-01-30 20:00:00+01:00,84135.0,84605.0,84120.0,84290.0,1469
2026-01-30 20:10:00+01:00,84280.0,84680.0,84175.0,84640.0,703
2026-01-30 20:20:00+01:00,84590.0,84785.0,84525.0,84525.0,888
2026-01-30 20:30:00+01:00,84490.0,84845.0,84390.0,84585.0,755
2026-01-30 20:40:00+01:00,84595.0,84610.0,84350.0,84580.0,496
2026-01-30 20:50:00+01:00,84545.0,84895.0,84415.0,84450.0,729
2026-01-30 21:00:00+01:00,84435.0,84475.0,83890.0,84045.0,1099
2026-01-30 21:10:00+01:00,84055.0,84185.0,83945.0,84055.0,390
2026-01-30 21:20:00+01:00,84070.0,84405.0,83720.0,84180.0,1284
2026-01-30 21:30:00+01:00,84140.0,84510.0,83750.0,83960.0,740
2026-01-30 21:40:00+01:00,83970.0,84320.0,83850.0,84220.0,822
2026-01-30 21:50:00+01:00,84210.0,84315.0,83905.0,84115.0,2125
2026-01-30 22:00:00+01:00,84130.0,84250.0,84005.0,84050.0,824
2026-01-30 22:10:00+01:00,84035.0,84705.0,84005.0,84505.0,573
2026-01-30 22:20:00+01:00,84545.0,84725.0,84425.0,84480.0,395
2026-01-30 22:30:00+01:00,84500.0,84635.0,84265.0,84330.0,452
2026-01-30 22:40:00+01:00,84350.0,84550.0,84320.0,84520.0,228
2026-01-30 22:50:00+01:00,84530.0,84660.0,84440.0,84640.0,189
2026-02-02 00:00:00+01:00,77800.0,77800.0,76000.0,76260.0,5766
2026-02-02 00:10:00+01:00,76260.0,77140.0,75985.0,76525.0,3070
2026-02-02 00:20:00+01:00,76520.0,77300.0,76405.0,77065.0,1635
2026-02-02 00:30:00+01:00,77065.0,77930.0,76960.0,77620.0,2141
2026-02-02 00:40:00+01:00,77585.0,77680.0,77210.0,77270.0,925
2026-02-02 00:50:00+01:00,77245.0,77470.0,77130.0,77270.0,708
2026-02-02 01:00:00+01:00,77265.0,77810.0,76920.0,77790.0,998
2026-02-02 01:10:00+01:00,77755.0,78300.0,77695.0,78155.0,1466
2026-02-02 01:20:00+01:00,78175.0,78425.0,78070.0,78240.0,853
2026-02-02 01:30:00+01:00,78225.0,78500.0,78065.0,78150.0,589
2026-02-02 01:40:00+01:00,78180.0,78315.0,78005.0,78085.0,717
2026-02-02 01:50:00+01:00,78115.0,78210.0,77805.0,77950.0,677
2026-02-02 02:00:00+01:00,77935.0,78265.0,77530.0,77600.0,984
2026-02-02 02:10:00+01:00,77580.0,77710.0,76925.0,77515.0,1481
2026-02-02 02:20:00+01:00,77595.0,78225.0,77490.0,78050.0,543
2026-02-02 02:30:00+01:00,78015.0,78095.0,77675.0,78020.0,422
2026-02-02 02:40:00+01:00,78015.0,78170.0,77655.0,77810.0,525
2026-02-02 02:50:00+01:00,77820.0,78010.0,77750.0,77765.0,243
2026-02-02 03:00:00+01:00,77775.0,77800.0,77485.0,77535.0,616
2026-02-02 03:10:00+01:00,77450.0,77800.0,77235.0,77435.0,806
2026-02-02 03:20:00+01:00,77470.0,77540.0,77250.0,77325.0,505
2026-02-02 03:30:00+01:00,77375.0,77465.0,76985.0,77275.0,569
2026-02-02 03:40:00+01:00,77285.0,77355.0,76980.0,77165.0,406
2026-02-02 03:50:00+01:00,77185.0,77185.0,76665.0,76715.0,872
2026-02-02 04:00:00+01:00,76745.0,76790.0,76455.0,76685.0,538
2026-02-02 04:10:00+01:00,76680.0,76680.0,75600.0,75845.0,1511
2026-02-02 04:20:00+01:00,75820.0,75920.0,75315.0,75390.0,2599
2026-02-02 04:30:00+01:00,75385.0,75495.0,74805.0,74830.0,2248
2026-02-02 04:40:00+01:00,74810.0,76180.0,74785.0,76140.0,3830
2026-02-02 04:50:00+01:00,76155.0,76730.0,75750.0,76505.0,1404
2026-02-02 05:00:00+01:00,76520.0,76525.0,75795.0,76125.0,910
2026-02-02 05:10:00+01:00,76125.0,76265.0,75510.0,76265.0,914
2026-02-02 05:20:00+01:00,76275.0,76730.0,76125.0,76700.0,618
2026-02-02 05:30:00+01:00,76740.0,76840.0,76470.0,76525.0,899
2026-02-02 05:40:00+01:00,76565.0,76565.0,76140.0,76160.0,421
2026-02-02 05:50:00+01:00,76130.0,76405.0,76020.0,76120.0,219
2026-02-02 06:00:00+01:00,76120.0,76245.0,75625.0,75770.0,652
2026-02-02 06:10:00+01:00,75760.0,75825.0,75320.0,75530.0,992
2026-02-02 06:20:00+01:00,75515.0,75670.0,75170.0,75290.0,660
2026-02-02 06:30:00+01:00,75370.0,75660.0,75180.0,75460.0,349
2026-02-02 06:40:00+01:00,75445.0,75660.0,75370.0,75520.0,516
2026-02-02 06:50:00+01:00,75570.0,75950.0,75520.0,75765.0,821
2026-02-02 07:00:00+01:00,75740.0,75905.0,75435.0,75865.0,686
2026-02-02 07:10:00+01:00,75870.0,76330.0,75705.0,76310.0,893
2026-02-02 07:20:00+01:00,76335.0,76370.0,75620.0,75935.0,894
2026-02-02 07:30:00+01:00,75920.0,76095.0,75185.0,75395.0,904
2026-02-02 07:40:00+01:00,75410.0,77110.0,75410.0,76430.0,2646
2026-02-02 07:50:00+01:00,76385.0,76925.0,76375.0,76840.0,630
2026-02-02 08:00:00+01:00,76765.0,77140.0,76635.0,77110.0,682
2026-02-02 08:10:00+01:00,77105.0,77110.0,76615.0,76930.0,697
2026-02-02 08:20:00+01:00,76895.0,77010.0,76695.0,76700.0,202
2026-02-02 08:30:00+01:00,76740.0,77035.0,76715.0,76845.0,402
2026-02-02 08:40:00+01:00,76880.0,77275.0,76780.0,77035.0,382
2026-02-02 08:50:00+01:00,77015.0,77165.0,76885.0,76885.0,394
2026-02-02 09:00:00+01:00,76900.0,77210.0,76900.0,77065.0,273
2026-02-02 09:10:00+01:00,77060.0,77495.0,77055.0,77470.0,528
2026-02-02 09:20:00+01:00,77425.0,77430.0,77015.0,77095.0,447
2026-02-02 09:30:00+01:00,77140.0,77395.0,76985.0,77325.0,261
2026-02-02 09:40:00+01:00,77310.0,77385.0,77125.0,77365.0,273
2026-02-02 09:50:00+01:00,77375.0,77445.0,77190.0,77190.0,482
2026-02-02 10:00:00+01:00,77170.0,77275.0,76940.0,77090.0,558
2026-02-02 10:10:00+01:00,77125.0,77280.0,76995.0,77280.0,223
2026-02-02 10:20:00+01:00,77235.0,77690.0,77205.0,77690.0,579
2026-02-02 10:30:00+01:00,77670.0,78030.0,77545.0,77770.0,766
2026-02-02 10:40:00+01:00,77750.0,78145.0,77595.0,78130.0,958
2026-02-02 10:50:00+01:00,78090.0,78135.0,77935.0,78015.0,624
2026-02-02 11:00:00+01:00,78040.0,78205.0,77930.0,77985.0,349
2026-02-02 11:10:00+01:00,78005.0,78110.0,77855.0,77900.0,314
2026-02-02 11:20:00+01:00,77935.0,77965.0,77810.0,77925.0,266
2026-02-02 11:30:00+01:00,77930.0,78160.0,77850.0,77860.0,255
2026-02-02 11:40:00+01:00,77865.0,77965.0,77805.0,77830.0,243
2026-02-02 11:50:00+01:00,77830.0,77935.0,77810.0,77825.0,229
2026-02-02 12:00:00+01:00,77825.0,78080.0,77760.0,77940.0,447
2026-02-02 12:10:00+01:00,77945.0,78100.0,77810.0,78055.0,224
2026-02-02 12:20:00+01:00,78035.0,78155.0,77965.0,78155.0,311
2026-02-02 12:30:00+01:00,78160.0,78315.0,78100.0,78295.0,391
2026-02-02 12:40:00+01:00,78240.0,78285.0,78085.0,78150.0,199
2026-02-02 12:50:00+01:00,78150.0,78295.0,78000.0,78075.0,261
2026-02-02 13:00:00+01:00,78095.0,78285.0,78055.0,78265.0,730
2026-02-02 13:10:00+01:00,78265.0,78360.0,78175.0,78290.0,483
2026-02-02 13:20:00+01:00,78265.0,78755.0,78265.0,78525.0,981
2026-02-02 13:30:00+01:00,78515.0,78540.0,78175.0,78225.0,314
2026-02-02 13:40:00+01:00,78180.0,78300.0,78135.0,78145.0,223
2026-02-02 13:50:00+01:00,78160.0,78390.0,78105.0,78305.0,233
2026-02-02 14:00:00+01:00,78300.0,78335.0,78110.0,78140.0,334
2026-02-02 14:10:00+01:00,78175.0,78340.0,78145.0,78215.0,556
2026-02-02 14:20:00+01:00,78275.0,78465.0,78210.0,78210.0,392
2026-02-02 14:30:00+01:00,78235.0,78345.0,78090.0,78275.0,510
2026-02-02 14:40:00+01:00,78270.0,78365.0,78160.0,78255.0,518
2026-02-02 14:50:00+01:00,78275.0,78810.0,78125.0,78555.0,956
2026-02-02 15:00:00+01:00,78570.0,78660.0,78215.0,78255.0,664
2026-02-02 15:10:00+01:00,78280.0,78280.0,77925.0,77925.0,834
2026-02-02 15:20:00+01:00,77955.0,78440.0,77955.0,78365.0,506
2026-02-02 15:30:00+01:00,78360.0,79155.0,78295.0,78890.0,4312
2026-02-02 15:40:00+01:00,78895.0,79265.0,78565.0,78580.0,2312
2026-02-02 15:50:00+01:00,78595.0,78895.0,78005.0,78145.0,2291
2026-02-02 16:00:00+01:00,78140.0,78480.0,77840.0,78465.0,3076
2026-02-02 16:10:00+01:00,78430.0,78850.0,78300.0,78785.0,1644
2026-02-02 16:20:00+01:00,78770.0,79330.0,78730.0,78965.0,2259
2026-02-02 16:30:00+01:00,78980.0,79450.0,78760.0,79385.0,1919
2026-02-02 16:40:00+01:00,79400.0,79690.0,79220.0,79420.0,2462
2026-02-02 16:50:00+01:00,79415.0,79430.0,78955.0,79200.0,1616
2026-02-02 17:00:00+01:00,79165.0,79420.0,78910.0,79350.0,778
2026-02-02 17:10:00+01:00,79395.0,79650.0,79320.0,79515.0,1279
2026-02-02 17:20:00+01:00,79515.0,79560.0,79190.0,79490.0,852
2026-02-02 17:30:00+01:00,79480.0,79560.0,79150.0,79180.0,617
2026-02-02 17:40:00+01:00,79175.0,79455.0,79075.0,79125.0,795
2026-02-02 17:50:00+01:00,79050.0,79065.0,78865.0,78930.0,908
2026-02-02 18:00:00+01:00,78925.0,79320.0,78875.0,79170.0,699
2026-02-02 18:10:00+01:00,79150.0,79470.0,79045.0,79465.0,704
2026-02-02 18:20:00+01:00,79485.0,79565.0,79250.0,79280.0,866
2026-02-02 18:30:00+01:00,79280.0,79560.0,79185.0,79255.0,690
2026-02-02 18:40:00+01:00,79270.0,79365.0,79085.0,79290.0,461
2026-02-02 18:50:00+01:00,79280.0,79425.0,79095.0,79290.0,405
2026-02-02 19:00:00+01:00,79285.0,79285.0,79050.0,79110.0,954
2026-02-02 19:10:00+01:00,79100.0,79100.0,78810.0,78935.0,577
2026-02-02 19:20:00+01:00,78950.0,78950.0,78625.0,78695.0,630
2026-02-02 19:30:00+01:00,78685.0,79200.0,78670.0,79015.0,817
2026-02-02 19:40:00+01:00,79045.0,79065.0,78820.0,78880.0,376
2026-02-02 19:50:00+01:00,78895.0,79025.0,78830.0,78850.0,437
2026-02-02 20:00:00+01:00,78830.0,78995.0,78620.0,78715.0,602
2026-02-02 20:10:00+01:00,78695.0,78930.0,78650.0,78795.0,469
2026-02-02 20:20:00+01:00,78790.0,78810.0,78550.0,78750.0,464
2026-02-02 20:30:00+01:00,78735.0,78780.0,78580.0,78710.0,326
2026-02-02 20:40:00+01:00,78675.0,78820.0,78630.0,78745.0,381
2026-02-02 20:50:00+01:00,78705.0,78810.0,78510.0,78585.0,669
2026-02-02 21:00:00+01:00,78570.0,78965.0,78365.0,78815.0,709
2026-02-02 21:10:00+01:00,78785.0,78840.0,78610.0,78680.0,331
2026-02-02 21:20:00+01:00,78660.0,78805.0,78610.0,78650.0,424
2026-02-02 21:30:00+01:00,78660.0,78700.0,78470.0,78470.0,486
2026-02-02 21:40:00+01:00,78485.0,78555.0,78220.0,78305.0,681
2026-02-02 21:50:00+01:00,78315.0,78470.0,78115.0,78265.0,2195
2026-02-02 22:00:00+01:00,78275.0,78665.0,78175.0,78575.0,770
2026-02-02 22:10:00+01:00,78560.0,78640.0,78535.0,78620.0,111
2026-02-02 22:20:00+01:00,78575.0,78595.0,78445.0,78525.0,133
2026-02-02 22:30:00+01:00,78555.0,78845.0,78535.0,78770.0,132
2026-02-02 22:40:00+01:00,78765.0,78765.0,78580.0,78605.0,372
2026-02-02 22:50:00+01:00,78640.0,78835.0,78600.0,78755.0,470
2026-02-03 00:00:00+01:00,78820.0,79260.0,78820.0,78955.0,407
2026-02-03 00:10:00+01:00,78945.0,79085.0,78945.0,79045.0,293
2026-02-03 00:20:00+01:00,79015.0,79015.0,78795.0,78875.0,122
2026-02-03 00:30:00+01:00,78870.0,79245.0,78870.0,79170.0,383
2026-02-03 00:40:00+01:00,79155.0,79185.0,79015.0,79020.0,258
2026-02-03 00:50:00+01:00,79010.0,79090.0,78910.0,78935.0,582
2026-02-03 01:00:00+01:00,78930.0,79000.0,78645.0,78660.0,313
2026-02-03 01:10:00+01:00,78665.0,78965.0,78605.0,78950.0,207
2026-02-03 01:20:00+01:00,78940.0,79165.0,78890.0,79150.0,297
2026-02-03 01:30:00+01:00,79105.0,79170.0,78995.0,79090.0,660
2026-02-03 01:40:00+01:00,79100.0,79225.0,79070.0,79135.0,255
2026-02-03 01:50:00+01:00,79125.0,79350.0,79075.0,79315.0,238
2026-02-03 02:00:00+01:00,79315.0,79455.0,79015.0,79080.0,390
2026-02-03 02:10:00+01:00,79090.0,79235.0,78955.0,78965.0,205
2026-02-03 02:20:00+01:00,78950.0,79180.0,78930.0,79120.0,114
2026-02-03 02:30:00+01:00,79115.0,79120.0,78995.0,79045.0,127
2026-02-03 02:40:00+01:00,79085.0,79170.0,79055.0,79120.0,76
2026-02-03 02:50:00+01:00,79115.0,79240.0,79090.0,79235.0,125
2026-02-03 03:00:00+01:00,79225.0,79230.0,78945.0,78950.0,170
2026-02-03 03:10:00+01:00,78915.0,78955.0,78675.0,78935.0,273
2026-02-03 03:20:00+01:00,78900.0,79085.0,78855.0,78885.0,252
2026-02-03 03:30:00+01:00,78890.0,78915.0,78720.0,78770.0,263
2026-02-03 03:40:00+01:00,78690.0,78755.0,78185.0,78280.0,729
2026-02-03 03:50:00+01:00,78280.0,78310.0,77980.0,78005.0,535
2026-02-03 04:00:00+01:00,77990.0,78365.0,77850.0,78240.0,853
2026-02-03 04:10:00+01:00,78255.0,78350.0,78055.0,78055.0,290
2026-02-03 04:20:00+01:00,78075.0,78565.0,78000.0,78565.0,447
2026-02-03 04:30:00+01:00,78550.0,78790.0,78495.0,78705.0,454
2026-02-03 04:40:00+01:00,78690.0,78875.0,78690.0,78770.0,203
2026-02-03 04:50:00+01:00,78760.0,79145.0,78740.0,79015.0,644
2026-02-03 05:00:00+01:00,78975.0,79015.0,78765.0,78830.0,231
2026-02-03 05:10:00+01:00,78910.0,79015.0,78785.0,78815.0,165
2026-02-03 05:20:00+01:00,78825.0,78940.0,78680.0,78725.0,142
2026-02-03 05:40:00+01:00,79020.0,79260.0,79020.0,79125.0,311
2026-02-03 05:50:00+01:00,79130.0,79190.0,79020.0,79060.0,138
2026-02-03 06:00:00+01:00,78995.0,79060.0,78935.0,79005.0,379
2026-02-03 06:10:00+01:00,79025.0,79055.0,78535.0,78590.0,156
2026-02-03 06:20:00+01:00,78575.0,78755.0,78540.0,78680.0,195
2026-02-03 07:10:00+01:00,78270.0,78555.0,78230.0,78535.0,200
2026-02-03 07:20:00+01:00,78535.0,78845.0,78500.0,78780.0,312
2026-02-03 07:30:00+01:00,78770.0,78895.0,78695.0,78705.0,101
2026-02-03 07:40:00+01:00,78660.0,78910.0,78655.0,78815.0,94
2026-02-03 08:10:00+01:00,79015.0,79145.0,78820.0,78885.0,154
2026-02-03 08:20:00+01:00,78865.0,78975.0,78865.0,78905.0,83
2026-02-03 08:30:00+01:00,78880.0,79150.0,78880.0,79055.0,151
2026-02-03 08:40:00+01:00,79055.0,79075.0,78965.0,79045.0,95
2026-02-03 08:50:00+01:00,79040.0,79065.0,78910.0,78980.0,108
2026-02-03 09:00:00+01:00,79010.0,79155.0,78910.0,78915.0,273
2026-02-03 09:10:00+01:00,78890.0,78965.0,78675.0,78955.0,267
2026-02-03 09:30:00+01:00,79115.0,79330.0,79000.0,79210.0,239
2026-02-03 09:40:00+01:00,79215.0,79255.0,79105.0,79125.0,216
2026-02-03 09:50:00+01:00,79120.0,79120.0,78880.0,78975.0,254
2026-02-03 10:00:00+01:00,78950.0,79065.0,78895.0,78935.0,189
2026-02-03 10:10:00+01:00,78890.0,78890.0,78260.0,78540.0,1755
2026-02-03 10:20:00+01:00,78560.0,78590.0,78135.0,78150.0,647
2026-02-03 10:30:00+01:00,78150.0,78585.0,78105.0,78505.0,352
2026-02-03 10:40:00+01:00,78480.0,78630.0,78410.0,78440.0,288
2026-02-03 10:50:00+01:00,78445.0,78645.0,78445.0,78590.0,298
2026-02-03 11:00:00+01:00,78595.0,78765.0,78530.0,78765.0,380
2026-02-03 11:10:00+01:00,78760.0,78790.0,78625.0,78640.0,131
2026-02-03 11:20:00+01:00,78675.0,78720.0,78605.0,78685.0,137
2026-02-03 11:30:00+01:00,78655.0,78655.0,78340.0,78490.0,152
2026-02-03 11:50:00+01:00,78395.0,78395.0,78250.0,78325.0,253
2026-02-03 12:00:00+01:00,78320.0,78440.0,78260.0,78335.0,278
2026-02-03 12:20:00+01:00,78290.0,78360.0,78185.0,78245.0,126
2026-02-03 12:30:00+01:00,78240.0,78450.0,78170.0,78340.0,129
2026-02-03 12:40:00+01:00,78320.0,78570.0,78320.0,78485.0,166
2026-02-03 13:00:00+01:00,78250.0,78335.0,78150.0,78310.0,288
2026-02-03 13:20:00+01:00,78370.0,78545.0,78350.0,78515.0,349
2026-02-03 13:30:00+01:00,78505.0,78565.0,78380.0,78540.0,286
2026-02-03 13:40:00+01:00,78520.0,78640.0,78430.0,78615.0,493
2026-02-03 13:50:00+01:00,78605.0,78635.0,78485.0,78520.0,206
2026-02-03 14:00:00+01:00,78530.0,78650.0,78405.0,78565.0,516
2026-02-03 14:10:00+01:00,78570.0,78645.0,78510.0,78530.0,290
2026-02-03 14:20:00+01:00,78500.0,78655.0,78385.0,78620.0,596
2026-02-03 14:30:00+01:00,78635.0,78640.0,78470.0,78545.0,247
2026-02-03 14:50:00+01:00,78505.0,78595.0,78335.0,78475.0,372
2026-02-03 15:00:00+01:00,78495.0,78625.0,78460.0,78515.0,152
2026-02-03 15:10:00+01:00,78495.0,78635.0,78255.0,78295.0,720
2026-02-03 15:20:00+01:00,78300.0,78650.0,78290.0,78645.0,762
2026-02-03 15:30:00+01:00,78635.0,78635.0,77930.0,77945.0,2137
2026-02-03 15:40:00+01:00,78040.0,78455.0,77815.0,78265.0,2971
2026-02-03 15:50:00+01:00,78235.0,78240.0,77310.0,77365.0,3669
2026-02-03 16:00:00+01:00,77355.0,77855.0,77230.0,77805.0,2470
2026-02-03 16:10:00+01:00,77790.0,77845.0,77190.0,77505.0,1400
2026-02-03 16:20:00+01:00,77550.0,78340.0,77280.0,77925.0,3424
2026-02-03 16:30:00+01:00,77940.0,78405.0,77755.0,78030.0,2187
2026-02-03 16:40:00+01:00,78025.0,78130.0,77495.0,78095.0,1394
2026-02-03 16:50:00+01:00,78105.0,78420.0,77995.0,78335.0,1521
2026-02-03 17:00:00+01:00,78355.0,78355.0,77765.0,77790.0,1006
2026-02-03 17:10:00+01:00,77765.0,77765.0,77220.0,77390.0,1666
2026-02-03 17:20:00+01:00,77365.0,77430.0,76860.0,76865.0,3341
2026-02-03 17:30:00+01:00,76860.0,77070.0,76740.0,76835.0,1852
2026-02-03 17:40:00+01:00,76865.0,77060.0,76675.0,76910.0,1268
2026-02-03 17:50:00+01:00,76900.0,76940.0,76635.0,76640.0,786
2026-02-03 18:00:00+01:00,76645.0,76700.0,76270.0,76300.0,1636
2026-02-03 18:10:00+01:00,76295.0,76340.0,75840.0,75985.0,2279
2026-02-03 18:20:00+01:00,75990.0,76270.0,75865.0,76035.0,1393
2026-02-03 18:30:00+01:00,76070.0,76110.0,75620.0,75700.0,1175
2026-02-03 18:40:00+01:00,75675.0,75685.0,75075.0,75150.0,1885
2026-02-03 18:50:00+01:00,75140.0,75565.0,74980.0,75030.0,1743
2026-02-03 19:00:00+01:00,75025.0,75450.0,74990.0,75000.0,2101
2026-02-03 19:10:00+01:00,75025.0,75100.0,74655.0,74840.0,1886
2026-02-03 19:20:00+01:00,74840.0,74950.0,74125.0,74265.0,3278
2026-02-03 19:30:00+01:00,74255.0,74475.0,74080.0,74300.0,1431
2026-02-03 19:40:00+01:00,74335.0,74400.0,73450.0,73465.0,2170
2026-02-03 19:50:00+01:00,73475.0,73690.0,73260.0,73275.0,1740
2026-02-03 20:00:00+01:00,73265.0,73810.0,73090.0,73715.0,1786
2026-02-03 20:10:00+01:00,73710.0,75200.0,73705.0,75185.0,4065
2026-02-03 20:20:00+01:00,75160.0,75415.0,74695.0,75085.0,1893
2026-02-03 20:30:00+01:00,75125.0,75395.0,74940.0,75145.0,914
2026-02-03 20:40:00+01:00,75115.0,75435.0,74485.0,74655.0,2072
2026-02-03 20:50:00+01:00,74655.0,75230.0,74590.0,75085.0,1173
2026-02-03 21:00:00+01:00,75080.0,75270.0,74745.0,74795.0,561
2026-02-03 21:10:00+01:00,74785.0,75395.0,74720.0,75300.0,498
2026-02-03 21:20:00+01:00,75330.0,76035.0,75215.0,75870.0,1794
2026-02-03 21:30:00+01:00,75865.0,76775.0,75820.0,76600.0,4227
2026-02-03 21:40:00+01:00,76590.0,76885.0,76390.0,76520.0,1428
2026-02-03 21:50:00+01:00,76530.0,76780.0,76495.0,76655.0,2213
2026-02-03 22:00:00+01:00,76635.0,77130.0,76615.0,77130.0,1020
2026-02-03 22:10:00+01:00,77100.0,77115.0,76530.0,76560.0,755
2026-02-03 22:20:00+01:00,76555.0,76775.0,76490.0,76635.0,405
2026-02-03 22:30:00+01:00,76595.0,76775.0,76380.0,76385.0,277
2026-02-03 22:40:00+01:00,76390.0,76620.0,76385.0,76460.0,332
2026-02-03 22:50:00+01:00,76405.0,76495.0,76270.0,76420.0,284
2026-02-04 00:00:00+01:00,76000.0,76050.0,75555.0,75785.0,684
2026-02-04 00:10:00+01:00,75800.0,76060.0,75775.0,75930.0,637
2026-02-04 00:20:00+01:00,75920.0,76130.0,75785.0,75920.0,369
2026-02-04 00:30:00+01:00,75900.0,76200.0,75850.0,76160.0,367
2026-02-04 00:40:00+01:00,76165.0,76185.0,75725.0,75865.0,593
2026-02-04 00:50:00+01:00,75880.0,76005.0,75870.0,75945.0,256
2026-02-04 01:00:00+01:00,75945.0,75965.0,75760.0,75815.0,357
2026-02-04 01:10:00+01:00,75810.0,76000.0,75650.0,75960.0,251
2026-02-04 01:20:00+01:00,75975.0,76245.0,75975.0,76215.0,243
2026-02-04 01:30:00+01:00,76225.0,76475.0,76130.0,76475.0,302
2026-02-04 01:40:00+01:00,76425.0,76445.0,76220.0,76440.0,164
2026-02-04 01:50:00+01:00,76445.0,76445.0,76055.0,76100.0,203
2026-02-04 02:00:00+01:00,76140.0,76665.0,76135.0,76580.0,644
2026-02-04 02:10:00+01:00,76595.0,76830.0,76570.0,76680.0,503
2026-02-04 02:20:00+01:00,76695.0,76705.0,76540.0,76625.0,302
2026-02-04 02:30:00+01:00,76635.0,76955.0,76600.0,76815.0,645
2026-02-04 02:40:00+01:00,76795.0,76950.0,76550.0,76615.0,584
2026-02-04 02:50:00+01:00,76625.0,76675.0,76430.0,76590.0,245
2026-02-04 03:00:00+01:00,76575.0,76765.0,76510.0,76685.0,261
2026-02-04 03:10:00+01:00,76700.0,76810.0,76500.0,76650.0,300
2026-02-04 03:20:00+01:00,76630.0,76665.0,76345.0,76355.0,208
2026-02-04 03:30:00+01:00,76300.0,76335.0,76140.0,76220.0,369
2026-02-04 03:40:00+01:00,76210.0,76260.0,75850.0,75945.0,345
2026-02-04 03:50:00+01:00,75950.0,76195.0,75890.0,76135.0,356
2026-02-04 04:00:00+01:00,76140.0,76540.0,76075.0,76540.0,251
2026-02-04 04:10:00+01:00,76545.0,76930.0,76535.0,76675.0,879
2026-02-04 04:20:00+01:00,76660.0,76705.0,76545.0,76575.0,264
2026-02-04 04:30:00+01:00,76580.0,77095.0,76560.0,77030.0,529
2026-02-04 04:40:00+01:00,77005.0,77155.0,76820.0,76855.0,516
2026-02-04 04:50:00+01:00,76860.0,76950.0,76780.0,76850.0,317
2026-02-04 05:10:00+01:00,76900.0,76940.0,76760.0,76780.0,146
2026-02-04 05:30:00+01:00,76765.0,76920.0,76760.0,76800.0,168
2026-02-04 05:50:00+01:00,76655.0,76680.0,76570.0,76635.0,271
2026-02-04 06:00:00+01:00,76625.0,76690.0,76575.0,76595.0,100
2026-02-04 06:20:00+01:00,76550.0,76685.0,76505.0,76625.0,140
2026-02-04 06:40:00+01:00,76505.0,76540.0,76400.0,76440.0,277
2026-02-04 06:50:00+01:00,76440.0,76480.0,76280.0,76480.0,186
2026-02-04 07:20:00+01:00,76690.0,76745.0,76600.0,76665.0,262
2026-02-04 07:30:00+01:00,76670.0,76930.0,76620.0,76875.0,221
2026-02-04 07:40:00+01:00,76885.0,76970.0,76800.0,76805.0,106
2026-02-04 07:50:00+01:00,76835.0,76890.0,76750.0,76835.0,266
2026-02-04 08:10:00+01:00,76550.0,76820.0,76535.0,76685.0,291
2026-02-04 08:20:00+01:00,76685.0,76755.0,76550.0,76625.0,97
2026-02-04 08:30:00+01:00,76630.0,76740.0,76555.0,76705.0,191
2026-02-04 08:40:00+01:00,76720.0,76800.0,76630.0,76695.0,141
2026-02-04 09:00:00+01:00,76680.0,76705.0,76385.0,76455.0,463
2026-02-04 09:10:00+01:00,76420.0,76670.0,76415.0,76635.0,179
2026-02-04 09:20:00+01:00,76595.0,76595.0,76210.0,76255.0,347
2026-02-04 09:30:00+01:00,76245.0,76560.0,76200.0,76545.0,231
2026-02-04 09:40:00+01:00,76530.0,76645.0,76465.0,76635.0,146
2026-02-04 09:50:00+01:00,76650.0,76770.0,76600.0,76745.0,516
2026-02-04 10:00:00+01:00,76740.0,76755.0,76470.0,76515.0,153
2026-02-04 10:10:00+01:00,76510.0,76590.0,76270.0,76380.0,336
2026-02-04 10:20:00+01:00,76395.0,76445.0,76245.0,76300.0,605
2026-02-04 10:30:00+01:00,76305.0,76340.0,76080.0,76180.0,273
2026-02-04 10:40:00+01:00,76215.0,76365.0,76215.0,76325.0,475
2026-02-04 11:00:00+01:00,76285.0,76360.0,76225.0,76245.0,344
2026-02-04 11:10:00+01:00,76245.0,76380.0,76230.0,76335.0,181
2026-02-04 11:20:00+01:00,76345.0,76375.0,76235.0,76250.0,200
2026-02-04 11:30:00+01:00,76240.0,76450.0,76240.0,76440.0,315
2026-02-04 11:40:00+01:00,76440.0,76500.0,76365.0,76385.0,473
2026-02-04 11:50:00+01:00,76410.0,76500.0,76390.0,76455.0,80
2026-02-04 12:00:00+01:00,76415.0,76425.0,75905.0,75930.0,616
2026-02-04 12:10:00+01:00,75935.0,76105.0,75765.0,75805.0,474
2026-02-04 12:30:00+01:00,75995.0,76390.0,75965.0,76170.0,643
2026-02-04 12:40:00+01:00,76175.0,76310.0,76070.0,76285.0,233
2026-02-04 12:50:00+01:00,76260.0,76355.0,76125.0,76170.0,395
2026-02-04 13:00:00+01:00,76180.0,76405.0,76150.0,76285.0,689
2026-02-04 13:10:00+01:00,76275.0,76460.0,76215.0,76420.0,700
2026-02-04 13:20:00+01:00,76435.0,76460.0,76155.0,76225.0,457
2026-02-04 13:30:00+01:00,76220.0,76440.0,76210.0,76235.0,202
2026-02-04 13:40:00+01:00,76235.0,76375.0,76235.0,76310.0,67
2026-02-04 13:50:00+01:00,76235.0,76390.0,76235.0,76350.0,266
2026-02-04 14:00:00+01:00,76315.0,76385.0,76225.0,76260.0,107
2026-02-04 14:10:00+01:00,76265.0,76360.0,76055.0,76075.0,177
2026-02-04 14:20:00+01:00,76105.0,76115.0,75880.0,75970.0,575
2026-02-04 14:30:00+01:00,75995.0,76085.0,75685.0,75690.0,869
2026-02-04 14:40:00+01:00,75700.0,75770.0,75170.0,75240.0,1652
2026-02-04 14:50:00+01:00,75225.0,75375.0,74970.0,74970.0,1258
2026-02-04 15:00:00+01:00,74965.0,75405.0,74900.0,75170.0,1099
2026-02-04 15:10:00+01:00,75210.0,75595.0,75155.0,75595.0,574
2026-02-04 15:20:00+01:00,75555.0,75735.0,75400.0,75450.0,1051
2026-02-04 15:30:00+01:00,75430.0,75920.0,74785.0,75485.0,3532
2026-02-04 15:40:00+01:00,75465.0,75670.0,75175.0,75540.0,1595
2026-02-04 15:50:00+01:00,75510.0,75555.0,74370.0,74435.0,2395
2026-02-04 16:00:00+01:00,74455.0,75220.0,73960.0,75125.0,4514
2026-02-04 16:10:00+01:00,75120.0,75225.0,74625.0,74645.0,1792
2026-02-04 16:20:00+01:00,74655.0,75485.0,74630.0,75030.0,1727
2026-02-04 16:30:00+01:00,75040.0,75130.0,73910.0,74270.0,2209
2026-02-04 16:40:00+01:00,74285.0,74875.0,74105.0,74225.0,1507
2026-02-04 16:50:00+01:00,74275.0,74480.0,73995.0,74230.0,980
2026-02-04 17:00:00+01:00,74255.0,74315.0,73815.0,73830.0,1296
2026-02-04 17:10:00+01:00,73845.0,74335.0,73640.0,73825.0,2399
2026-02-04 17:20:00+01:00,73830.0,74355.0,73475.0,74265.0,1639
2026-02-04 17:30:00+01:00,74245.0,74350.0,73260.0,73285.0,1834
2026-02-04 17:40:00+01:00,73315.0,73500.0,73165.0,73355.0,1256
2026-02-04 17:50:00+01:00,73370.0,73965.0,73245.0,73700.0,1527
2026-02-04 18:00:00+01:00,73715.0,73935.0,73200.0,73205.0,1304
2026-02-04 18:10:00+01:00,73240.0,73930.0,72910.0,73260.0,2996
2026-02-04 18:20:00+01:00,73235.0,73265.0,72495.0,72535.0,2660
2026-02-04 18:30:00+01:00,72520.0,73025.0,72320.0,72320.0,2432
2026-02-04 18:40:00+01:00,72345.0,72985.0,72100.0,72525.0,1797
2026-02-04 18:50:00+01:00,72535.0,72775.0,72305.0,72610.0,1503
2026-02-04 19:00:00+01:00,72590.0,72980.0,72315.0,72610.0,1955
2026-02-04 19:10:00+01:00,72630.0,73310.0,72575.0,72930.0,1990
2026-02-04 19:20:00+01:00,72940.0,73665.0,72785.0,73500.0,2150
2026-02-04 19:30:00+01:00,73510.0,74035.0,73340.0,73980.0,3075
2026-02-04 19:40:00+01:00,73960.0,74205.0,73710.0,73795.0,2667
2026-02-04 19:50:00+01:00,73750.0,73760.0,73425.0,73495.0,1009
2026-02-04 20:00:00+01:00,73510.0,74015.0,73450.0,73740.0,1339
2026-02-04 20:10:00+01:00,73745.0,73860.0,73570.0,73620.0,718
2026-02-04 20:20:00+01:00,73625.0,73650.0,73155.0,73250.0,1053
2026-02-04 20:30:00+01:00,73275.0,73635.0,73145.0,73305.0,1172
2026-02-04 20:40:00+01:00,73335.0,74160.0,73320.0,73690.0,3340
2026-02-04 20:50:00+01:00,73685.0,74110.0,73495.0,74020.0,1406
2026-02-04 21:00:00+01:00,74010.0,74235.0,73745.0,73870.0,1643
2026-02-04 21:10:00+01:00,73835.0,73870.0,73535.0,73830.0,895
2026-02-04 21:20:00+01:00,73865.0,73930.0,73650.0,73675.0,282
2026-02-04 21:30:00+01:00,73650.0,73775.0,73495.0,73775.0,453
2026-02-04 21:50:00+01:00,73760.0,73760.0,73495.0,73660.0,469
2026-02-04 22:00:00+01:00,73505.0,73775.0,73115.0,73320.0,611
2026-02-04 22:10:00+01:00,73470.0,73690.0,73310.0,73350.0,118
2026-02-04 22:30:00+01:00,73135.0,73435.0,73100.0,73290.0,85
2026-02-04 22:40:00+01:00,73360.0,73390.0,72220.0,72300.0,941
2026-02-04 22:50:00+01:00,72340.0,72850.0,72320.0,72795.0,336
2026-02-05 00:00:00+01:00,72350.0,72795.0,72350.0,72615.0,609
2026-02-05 00:10:00+01:00,72595.0,73350.0,72580.0,73080.0,1368
2026-02-05 00:20:00+01:00,73070.0,73470.0,72555.0,73460.0,1871
2026-02-05 00:30:00+01:00,73465.0,73560.0,73295.0,73490.0,682
2026-02-05 00:40:00+01:00,73480.0,73530.0,73335.0,73505.0,286
2026-02-05 00:50:00+01:00,73510.0,73560.0,73190.0,73265.0,510
2026-02-05 01:00:00+01:00,73255.0,73255.0,73035.0,73045.0,391
2026-02-05 01:10:00+01:00,73060.0,73095.0,72760.0,72945.0,364
2026-02-05 01:20:00+01:00,73040.0,73385.0,73000.0,73305.0,306
2026-02-05 01:30:00+01:00,73270.0,73295.0,72955.0,73170.0,236
2026-02-05 01:40:00+01:00,73200.0,73285.0,73065.0,73180.0,127
2026-02-05 01:50:00+01:00,73195.0,73260.0,72910.0,72970.0,296
2026-02-05 02:00:00+01:00,72975.0,73360.0,72890.0,73315.0,407
2026-02-05 02:10:00+01:00,73355.0,73435.0,72555.0,72595.0,483
2026-02-05 02:20:00+01:00,72545.0,73230.0,72040.0,73015.0,1261
2026-02-05 02:30:00+01:00,73045.0,73255.0,72810.0,72935.0,427
2026-02-05 02:40:00+01:00,72915.0,72915.0,72290.0,72700.0,1151
2026-02-05 02:50:00+01:00,72695.0,72830.0,72480.0,72480.0,160
2026-02-05 03:00:00+01:00,72470.0,72610.0,72070.0,72370.0,552
2026-02-05 03:10:00+01:00,72275.0,72395.0,71690.0,72155.0,1700
2026-02-05 03:20:00+01:00,72165.0,72425.0,72155.0,72330.0,784
2026-02-05 03:30:00+01:00,72350.0,72880.0,72315.0,72670.0,887
2026-02-05 03:40:00+01:00,72650.0,72745.0,71900.0,71945.0,822
2026-02-05 03:50:00+01:00,71925.0,72045.0,70200.0,71490.0,1782
2026-02-05 04:00:00+01:00,71445.0,71900.0,71355.0,71855.0,1035
2026-02-05 04:10:00+01:00,71885.0,71910.0,71300.0,71510.0,958
2026-02-05 04:20:00+01:00,71510.0,71820.0,71455.0,71560.0,429
2026-02-05 04:30:00+01:00,71550.0,71630.0,71335.0,71375.0,405
2026-02-05 04:40:00+01:00,71415.0,71685.0,71370.0,71520.0,264
2026-02-05 04:50:00+01:00,71530.0,71535.0,71190.0,71255.0,386
2026-02-05 05:00:00+01:00,71305.0,71380.0,70740.0,71155.0,1160
2026-02-05 05:10:00+01:00,71155.0,71485.0,70745.0,71200.0,2333
2026-02-05 05:20:00+01:00,71220.0,71435.0,70970.0,71075.0,811
2026-02-05 05:30:00+01:00,71085.0,71225.0,70940.0,71090.0,463
2026-02-05 05:40:00+01:00,71090.0,71485.0,71090.0,71330.0,598
2026-02-05 05:50:00+01:00,71305.0,71440.0,70765.0,70925.0,596
2026-02-05 06:00:00+01:00,70935.0,71010.0,70645.0,70705.0,1360
2026-02-05 06:10:00+01:00,70725.0,71085.0,70575.0,70635.0,904
2026-02-05 06:20:00+01:00,70625.0,70725.0,70165.0,70505.0,2155
2026-02-05 06:30:00+01:00,70510.0,70985.0,70385.0,70825.0,796
2026-02-05 06:40:00+01:00,70830.0,71240.0,70550.0,70750.0,2697
2026-02-05 06:50:00+01:00,70785.0,70970.0,70695.0,70795.0,960
2026-02-05 07:00:00+01:00,70845.0,71000.0,70540.0,70675.0,1064
2026-02-05 07:10:00+01:00,70680.0,70935.0,70530.0,70560.0,1512
2026-02-05 07:20:00+01:00,70560.0,70690.0,70510.0,70625.0,973
2026-02-05 07:30:00+01:00,70645.0,71055.0,70645.0,71025.0,449
2026-02-05 07:40:00+01:00,71025.0,71095.0,70680.0,70875.0,784
2026-02-05 08:00:00+01:00,71065.0,71925.0,71035.0,71250.0,9523
2026-02-05 08:10:00+01:00,71235.0,71355.0,71105.0,71350.0,604
2026-02-05 08:20:00+01:00,71370.0,71695.0,71325.0,71520.0,490
2026-02-05 08:30:00+01:00,71525.0,71550.0,71190.0,71220.0,356
2026-02-05 08:40:00+01:00,71255.0,71325.0,71045.0,71155.0,625
2026-02-05 08:50:00+01:00,71175.0,71175.0,70720.0,70825.0,500
2026-02-05 09:00:00+01:00,70840.0,71105.0,70815.0,70995.0,333
2026-02-05 09:10:00+01:00,70990.0,71300.0,70965.0,71270.0,220
2026-02-05 09:20:00+01:00,71270.0,71625.0,71215.0,71460.0,384
2026-02-05 09:30:00+01:00,71475.0,71700.0,71340.0,71530.0,741
2026-02-05 09:40:00+01:00,71510.0,71550.0,71230.0,71270.0,624
2026-02-05 09:50:00+01:00,71280.0,71350.0,71155.0,71170.0,168
2026-02-05 10:00:00+01:00,71155.0,71915.0,71155.0,71860.0,2067
2026-02-05 10:10:00+01:00,71890.0,72110.0,71690.0,71945.0,506
2026-02-05 10:20:00+01:00,71940.0,72020.0,71700.0,71840.0,816
2026-02-05 10:30:00+01:00,71865.0,71965.0,71615.0,71650.0,149
2026-02-05 10:40:00+01:00,71710.0,71810.0,71535.0,71590.0,293
2026-02-05 10:50:00+01:00,71705.0,71855.0,71655.0,71685.0,145
2026-02-05 11:00:00+01:00,71720.0,71785.0,71415.0,71465.0,395
2026-02-05 11:10:00+01:00,71470.0,71770.0,71460.0,71760.0,193
2026-02-05 11:20:00+01:00,71765.0,71880.0,71645.0,71860.0,141
2026-02-05 11:30:00+01:00,71860.0,71870.0,71635.0,71635.0,106
2026-02-05 11:40:00+01:00,71600.0,71660.0,71240.0,71255.0,190
2026-02-05 11:50:00+01:00,71250.0,71270.0,70775.0,70945.0,1163
2026-02-05 12:00:00+01:00,70960.0,71195.0,70885.0,71195.0,361
2026-02-05 12:10:00+01:00,71160.0,71200.0,70820.0,70895.0,229
2026-02-05 12:30:00+01:00,70215.0,70785.0,70040.0,70730.0,1532
2026-02-05 12:40:00+01:00,70690.0,70870.0,70445.0,70610.0,617
2026-02-05 12:50:00+01:00,70700.0,70710.0,70300.0,70450.0,647
2026-02-05 13:00:00+01:00,70465.0,70760.0,70285.0,70345.0,773
2026-02-05 13:10:00+01:00,70370.0,70470.0,69545.0,69590.0,2280
2026-02-05 13:20:00+01:00,69605.0,69955.0,69300.0,69750.0,4777
2026-02-05 13:30:00+01:00,69740.0,69965.0,69500.0,69630.0,1235
2026-02-05 13:40:00+01:00,69640.0,69680.0,69280.0,69545.0,1328
2026-02-05 13:50:00+01:00,69610.0,69855.0,69270.0,69605.0,4668
2026-02-05 14:00:00+01:00,69630.0,69915.0,69470.0,69815.0,697
2026-02-05 14:10:00+01:00,69830.0,69855.0,69460.0,69525.0,637
2026-02-05 14:20:00+01:00,69530.0,69595.0,69295.0,69375.0,855
2026-02-05 14:30:00+01:00,69415.0,69750.0,69360.0,69490.0,3186
2026-02-05 14:40:00+01:00,69500.0,69615.0,69435.0,69530.0,418
2026-02-05 14:50:00+01:00,69535.0,69870.0,69490.0,69790.0,773
2026-02-05 15:00:00+01:00,69840.0,70450.0,69820.0,69970.0,1817
2026-02-05 15:10:00+01:00,69970.0,70150.0,69575.0,69790.0,843
2026-02-05 15:20:00+01:00,69860.0,70250.0,69805.0,70195.0,843
2026-02-05 15:30:00+01:00,70210.0,71030.0,70000.0,70830.0,5668
2026-02-05 15:40:00+01:00,70810.0,70915.0,70330.0,70405.0,2470
2026-02-05 15:50:00+01:00,70385.0,70535.0,69380.0,69485.0,3503
2026-02-05 16:00:00+01:00,69470.0,69750.0,68585.0,68725.0,5421
2026-02-05 16:10:00+01:00,68700.0,68895.0,68065.0,68340.0,4129
2026-02-05 16:20:00+01:00,68310.0,68340.0,66845.0,66915.0,8846
2026-02-05 16:30:00+01:00,66905.0,67700.0,66815.0,67645.0,5250
2026-02-05 16:40:00+01:00,67650.0,67920.0,67085.0,67635.0,3628
2026-02-05 16:50:00+01:00,67630.0,68405.0,67385.0,67580.0,4602
2026-02-05 17:00:00+01:00,67585.0,67910.0,67015.0,67025.0,2870
2026-02-05 17:10:00+01:00,67025.0,67805.0,67025.0,67535.0,4365
2026-02-05 17:20:00+01:00,67565.0,68365.0,67515.0,68250.0,2673
2026-02-05 17:30:00+01:00,68275.0,68580.0,67985.0,68070.0,1930
2026-02-05 17:40:00+01:00,68060.0,68200.0,67660.0,68090.0,5411
2026-02-05 17:50:00+01:00,68100.0,68790.0,68100.0,68395.0,3175
2026-02-05 18:00:00+01:00,68425.0,68495.0,67490.0,67505.0,2401
2026-02-05 18:10:00+01:00,67485.0,67540.0,66925.0,66965.0,2219
2026-02-05 18:20:00+01:00,66965.0,67720.0,66300.0,67445.0,9203
2026-02-05 18:30:00+01:00,67485.0,67620.0,66620.0,66940.0,2901
2026-02-05 18:40:00+01:00,66925.0,67440.0,66800.0,66880.0,1896
2026-02-05 18:50:00+01:00,66895.0,67085.0,66195.0,66230.0,2163
2026-02-05 19:00:00+01:00,66225.0,66640.0,66225.0,66345.0,1977
2026-02-05 19:10:00+01:00,66365.0,66580.0,65830.0,65875.0,1730
2026-02-05 19:20:00+01:00,65895.0,66160.0,65500.0,65895.0,2809
2026-02-05 19:30:00+01:00,65940.0,66130.0,65555.0,65795.0,1880
2026-02-05 19:40:00+01:00,65745.0,66090.0,65405.0,65645.0,1954
2026-02-05 19:50:00+01:00,65630.0,66570.0,65555.0,66450.0,2755
2026-02-05 20:00:00+01:00,66460.0,66740.0,66095.0,66225.0,1731
2026-02-05 20:10:00+01:00,66235.0,66695.0,66155.0,66465.0,1380
2026-02-05 20:20:00+01:00,66500.0,66500.0,65695.0,65965.0,1625
2026-02-05 20:30:00+01:00,65950.0,66285.0,65760.0,66090.0,1303
2026-02-05 20:40:00+01:00,66100.0,66135.0,65555.0,65650.0,1316
2026-02-05 20:50:00+01:00,65685.0,65735.0,65270.0,65365.0,1735
2026-02-05 21:00:00+01:00,65335.0,65815.0,65135.0,65735.0,4215
2026-02-05 21:10:00+01:00,65740.0,65780.0,64170.0,64355.0,4814
2026-02-05 21:20:00+01:00,64320.0,64505.0,63520.0,64015.0,6718
2026-02-05 21:30:00+01:00,63950.0,64250.0,63260.0,63795.0,8728
2026-02-05 21:40:00+01:00,63770.0,64255.0,63160.0,63395.0,5096
2026-02-05 21:50:00+01:00,63395.0,63955.0,62445.0,63920.0,11221
2026-02-05 22:00:00+01:00,63925.0,64820.0,63755.0,64070.0,7043
2026-02-05 22:10:00+01:00,64070.0,64115.0,63025.0,63055.0,3211
2026-02-05 22:20:00+01:00,63070.0,64265.0,63005.0,64085.0,2351
2026-02-05 22:30:00+01:00,64075.0,64340.0,63380.0,63870.0,1251
2026-02-05 22:40:00+01:00,63980.0,64275.0,63665.0,63775.0,1169
2026-02-05 22:50:00+01:00,63770.0,63805.0,63100.0,63270.0,1417
2026-02-06 00:00:00+01:00,63770.0,64985.0,63770.0,64645.0,2343
2026-02-06 00:10:00+01:00,64695.0,64885.0,64400.0,64420.0,2796
2026-02-06 00:20:00+01:00,64425.0,64530.0,64130.0,64520.0,1784
2026-02-06 00:30:00+01:00,64500.0,64630.0,63565.0,63840.0,2157
2026-02-06 00:40:00+01:00,63800.0,63810.0,63420.0,63450.0,1067
2026-02-06 00:50:00+01:00,63440.0,63440.0,62810.0,63000.0,1765
2026-02-06 01:00:00+01:00,63020.0,63155.0,61210.0,61550.0,5627
2026-02-06 01:10:00+01:00,61500.0,61750.0,60205.0,60320.0,18199
2026-02-06 01:20:00+01:00,60400.0,62025.0,60400.0,61540.0,12144
2026-02-06 01:30:00+01:00,61585.0,63530.0,61495.0,63365.0,4338
2026-02-06 01:40:00+01:00,63370.0,63770.0,62655.0,63025.0,3403
2026-02-06 01:50:00+01:00,63070.0,64000.0,63025.0,63685.0,2036
2026-02-06 02:00:00+01:00,63685.0,64825.0,63685.0,64645.0,2805
2026-02-06 02:10:00+01:00,64615.0,65110.0,64120.0,64245.0,2815
2026-02-06 02:20:00+01:00,64235.0,64650.0,64175.0,64245.0,1178
2026-02-06 02:30:00+01:00,64265.0,64985.0,64170.0,64595.0,1272
2026-02-06 02:40:00+01:00,64630.0,65660.0,64430.0,65490.0,2143
2026-02-06 02:50:00+01:00,65465.0,65940.0,65310.0,65900.0,1617
2026-02-06 03:00:00+01:00,65915.0,66200.0,65250.0,65345.0,2165
2026-02-06 03:10:00+01:00,65290.0,65345.0,64870.0,64945.0,1356
2026-02-06 03:20:00+01:00,64995.0,65000.0,64445.0,64845.0,1436
2026-02-06 03:30:00+01:00,64835.0,65270.0,64655.0,65270.0,1028
2026-02-06 03:40:00+01:00,65240.0,65590.0,64850.0,65100.0,1735
2026-02-06 03:50:00+01:00,65260.0,65390.0,64930.0,65175.0,587
2026-02-06 04:00:00+01:00,65170.0,65370.0,64800.0,64880.0,834
2026-02-06 04:10:00+01:00,64885.0,64905.0,64520.0,64830.0,1025
2026-02-06 04:20:00+01:00,64830.0,65115.0,64645.0,64920.0,626
2026-02-06 04:30:00+01:00,64905.0,65155.0,64830.0,64915.0,430
2026-02-06 04:40:00+01:00,64900.0,64900.0,64125.0,64375.0,1289
2026-02-06 04:50:00+01:00,64415.0,64575.0,63915.0,64375.0,1206
2026-02-06 05:00:00+01:00,64350.0,64725.0,64120.0,64475.0,925
2026-02-06 05:10:00+01:00,64470.0,65055.0,64385.0,64965.0,529
2026-02-06 05:20:00+01:00,64960.0,65210.0,64800.0,65095.0,360
2026-02-06 05:30:00+01:00,65095.0,65130.0,64790.0,64805.0,366
2026-02-06 05:40:00+01:00,64840.0,65180.0,64715.0,65160.0,445
2026-02-06 05:50:00+01:00,65090.0,65200.0,65000.0,65095.0,180
2026-02-06 06:00:00+01:00,65065.0,65645.0,64970.0,65295.0,617
2026-02-06 06:10:00+01:00,65295.0,65775.0,65250.0,65705.0,403
2026-02-06 06:20:00+01:00,65690.0,65885.0,65440.0,65600.0,312
2026-02-06 06:30:00+01:00,65610.0,66040.0,65520.0,66000.0,396
2026-02-06 06:40:00+01:00,65930.0,66135.0,65925.0,66115.0,287
2026-02-06 06:50:00+01:00,66115.0,66915.0,66115.0,66520.0,2063
2026-02-06 07:00:00+01:00,66545.0,66895.0,66465.0,66590.0,1247
2026-02-06 07:10:00+01:00,66550.0,66575.0,65855.0,65865.0,2432
2026-02-06 07:20:00+01:00,65875.0,66095.0,65690.0,65945.0,712
2026-02-06 07:30:00+01:00,65935.0,65970.0,65310.0,65385.0,1843
2026-02-06 07:40:00+01:00,65450.0,65590.0,65035.0,65095.0,1155
2026-02-06 07:50:00+01:00,65090.0,65410.0,65090.0,65130.0,624
2026-02-06 08:00:00+01:00,65130.0,65230.0,64740.0,64875.0,1524
2026-02-06 08:10:00+01:00,64925.0,65175.0,64825.0,65165.0,464
2026-02-06 08:20:00+01:00,65150.0,65470.0,64900.0,65075.0,884
2026-02-06 08:30:00+01:00,65065.0,65500.0,65015.0,65395.0,444
2026-02-06 08:40:00+01:00,65450.0,65620.0,64870.0,64890.0,562
2026-02-06 08:50:00+01:00,64815.0,65100.0,64730.0,64915.0,1231
2026-02-06 09:00:00+01:00,64905.0,65280.0,64550.0,65240.0,2777
2026-02-06 09:10:00+01:00,65210.0,65255.0,64835.0,64955.0,511
2026-02-06 09:20:00+01:00,64990.0,65315.0,64850.0,64875.0,846
2026-02-06 09:30:00+01:00,64885.0,65050.0,64580.0,65015.0,738
2026-02-06 09:40:00+01:00,65000.0,65140.0,64685.0,65110.0,840
2026-02-06 09:50:00+01:00,65070.0,65265.0,64935.0,65000.0,176
2026-02-06 10:00:00+01:00,65040.0,65115.0,64875.0,65030.0,181
2026-02-06 10:10:00+01:00,65060.0,65550.0,65060.0,65430.0,616
2026-02-06 10:20:00+01:00,65385.0,65800.0,65340.0,65735.0,772
2026-02-06 10:30:00+01:00,65775.0,66210.0,65730.0,65885.0,1081
2026-02-06 10:40:00+01:00,65835.0,66120.0,65700.0,66020.0,489
2026-02-06 10:50:00+01:00,66045.0,66275.0,65890.0,65935.0,494
2026-02-06 11:00:00+01:00,65900.0,66030.0,65795.0,66030.0,271
2026-02-06 11:10:00+01:00,66035.0,66205.0,65650.0,66165.0,732
2026-02-06 11:20:00+01:00,66120.0,66345.0,66020.0,66160.0,411
2026-02-06 11:30:00+01:00,66150.0,66290.0,66070.0,66115.0,497
2026-02-06 11:40:00+01:00,66090.0,66245.0,66090.0,66155.0,401
2026-02-06 11:50:00+01:00,66150.0,66195.0,65935.0,66050.0,285
2026-02-06 12:00:00+01:00,66095.0,66135.0,65900.0,65950.0,318
2026-02-06 12:10:00+01:00,65970.0,66265.0,65970.0,66030.0,775
2026-02-06 12:20:00+01:00,66045.0,66225.0,66040.0,66225.0,407
2026-02-06 12:30:00+01:00,66215.0,66590.0,66170.0,66350.0,1070
2026-02-06 12:40:00+01:00,66355.0,66565.0,66305.0,66440.0,1015
2026-02-06 12:50:00+01:00,66450.0,66900.0,66450.0,66760.0,875
2026-02-06 13:00:00+01:00,66760.0,66775.0,66400.0,66540.0,1234
2026-02-06 13:10:00+01:00,66530.0,66585.0,66330.0,66435.0,577
2026-02-06 13:20:00+01:00,66420.0,66625.0,66410.0,66550.0,420
2026-02-06 13:30:00+01:00,66490.0,66490.0,66235.0,66330.0,388
2026-02-06 13:40:00+01:00,66300.0,66580.0,66290.0,66515.0,424
2026-02-06 14:00:00+01:00,66760.0,67040.0,66610.0,66790.0,1164
2026-02-06 14:10:00+01:00,66785.0,67385.0,66750.0,67380.0,2044
2026-02-06 14:20:00+01:00,67405.0,67630.0,66945.0,67050.0,1889
2026-02-06 14:30:00+01:00,67055.0,67445.0,66940.0,67365.0,1219
2026-02-06 14:40:00+01:00,67335.0,67715.0,67305.0,67710.0,717
2026-02-06 14:50:00+01:00,67700.0,67825.0,67410.0,67465.0,937
2026-02-06 15:00:00+01:00,67455.0,67545.0,67050.0,67165.0,1198
2026-02-06 15:10:00+01:00,67175.0,67365.0,67025.0,67065.0,701
2026-02-06 15:20:00+01:00,67055.0,67325.0,66795.0,67295.0,2070
2026-02-06 15:30:00+01:00,67285.0,68560.0,67210.0,68245.0,6231
2026-02-06 15:40:00+01:00,68235.0,68860.0,68065.0,68440.0,3988
2026-02-06 15:50:00+01:00,68470.0,68785.0,68095.0,68415.0,2566
2026-02-06 16:00:00+01:00,68415.0,68615.0,67955.0,68465.0,4000
2026-02-06 16:10:00+01:00,68475.0,68880.0,68055.0,68440.0,2832
2026-02-06 16:20:00+01:00,68395.0,68800.0,68170.0,68405.0,1449
2026-02-06 16:30:00+01:00,68415.0,68995.0,68260.0,68870.0,2258
2026-02-06 16:40:00+01:00,68865.0,69400.0,68650.0,69210.0,2015
2026-02-06 16:50:00+01:00,69185.0,69185.0,68550.0,68835.0,1508
2026-02-06 17:00:00+01:00,68840.0,69580.0,68645.0,69525.0,2039
2026-02-06 17:10:00+01:00,69510.0,69880.0,69375.0,69840.0,1444
2026-02-06 17:20:00+01:00,69850.0,70040.0,69585.0,69725.0,1836
2026-02-06 17:30:00+01:00,69690.0,70000.0,69615.0,69745.0,2024
2026-02-06 17:40:00+01:00,69745.0,70220.0,69705.0,70175.0,2005
2026-02-06 17:50:00+01:00,70145.0,70420.0,69830.0,70135.0,2755
2026-02-06 18:00:00+01:00,70125.0,70400.0,69755.0,70400.0,1343
2026-02-06 18:10:00+01:00,70410.0,70905.0,70270.0,70865.0,2197
2026-02-06 18:20:00+01:00,70850.0,71235.0,70690.0,71180.0,2079
2026-02-06 18:30:00+01:00,71170.0,71720.0,70960.0,71145.0,3347
2026-02-06 18:40:00+01:00,71140.0,71565.0,71015.0,71175.0,1120
2026-02-06 18:50:00+01:00,71200.0,71255.0,70745.0,70985.0,1856
2026-02-06 19:00:00+01:00,70955.0,71050.0,69930.0,69980.0,3125
2026-02-06 19:10:00+01:00,69965.0,70345.0,69965.0,70170.0,1294
2026-02-06 19:20:00+01:00,70180.0,70200.0,69550.0,69770.0,2191
2026-02-06 19:30:00+01:00,69755.0,70460.0,69570.0,70390.0,1442
2026-02-06 19:40:00+01:00,70365.0,70520.0,70155.0,70370.0,1166
2026-02-06 19:50:00+01:00,70330.0,70365.0,69940.0,69955.0,1050
2026-02-06 20:00:00+01:00,69975.0,70420.0,69890.0,70105.0,982
2026-02-06 20:10:00+01:00,70110.0,70170.0,69820.0,70075.0,619
2026-02-06 20:20:00+01:00,70095.0,70690.0,70080.0,70455.0,1275
2026-02-06 20:30:00+01:00,70470.0,70720.0,70330.0,70565.0,530
2026-02-06 20:40:00+01:00,70505.0,70905.0,70400.0,70830.0,885
2026-02-06 20:50:00+01:00,70805.0,71120.0,70660.0,70905.0,1093
2026-02-06 21:00:00+01:00,70875.0,71035.0,70585.0,70670.0,976
2026-02-06 21:10:00+01:00,70670.0,70750.0,70415.0,70605.0,595
2026-02-06 21:20:00+01:00,70610.0,70875.0,70580.0,70740.0,632
2026-02-06 21:30:00+01:00,70755.0,71160.0,70560.0,70610.0,1837
2026-02-06 21:40:00+01:00,70575.0,70615.0,70315.0,70565.0,768
2026-02-06 21:50:00+01:00,70595.0,70765.0,70140.0,70190.0,2278
2026-02-06 22:00:00+01:00,70190.0,70400.0,70035.0,70155.0,1338
2026-02-06 22:10:00+01:00,70150.0,70465.0,70120.0,70420.0,576
2026-02-06 22:20:00+01:00,70405.0,70700.0,70400.0,70630.0,545
2026-02-06 22:30:00+01:00,70610.0,70620.0,70310.0,70460.0,352
2026-02-06 22:40:00+01:00,70470.0,70565.0,70420.0,70475.0,375
2026-02-06 22:50:00+01:00,70460.0,70660.0,70460.0,70505.0,548
2026-02-09 00:00:00+01:00,71050.0,72615.0,71050.0,72185.0,3861
2026-02-09 00:10:00+01:00,72185.0,72190.0,71415.0,71455.0,1075
2026-02-09 00:20:00+01:00,71460.0,71630.0,70545.0,70750.0,1043
2026-02-09 00:30:00+01:00,70705.0,70715.0,70115.0,70315.0,1755
2026-02-09 00:40:00+01:00,70360.0,70880.0,70155.0,70860.0,1345
2026-02-09 00:50:00+01:00,70900.0,70985.0,70365.0,70475.0,724
2026-02-09 01:00:00+01:00,70460.0,70755.0,70400.0,70645.0,1024
2026-02-09 01:10:00+01:00,70640.0,70755.0,70455.0,70665.0,521
2026-02-09 01:20:00+01:00,70680.0,70925.0,70535.0,70550.0,580
2026-02-09 01:30:00+01:00,70575.0,70745.0,70465.0,70510.0,284
2026-02-09 01:40:00+01:00,70490.0,70620.0,70215.0,70615.0,551
2026-02-09 01:50:00+01:00,70600.0,70675.0,70455.0,70615.0,354
2026-02-09 02:00:00+01:00,70605.0,70785.0,70400.0,70570.0,394
2026-02-09 02:10:00+01:00,70575.0,70750.0,70390.0,70750.0,192
2026-02-09 02:20:00+01:00,70785.0,71065.0,70700.0,70815.0,447
2026-02-09 02:30:00+01:00,70860.0,70920.0,70540.0,70570.0,507
2026-02-09 02:40:00+01:00,70585.0,70585.0,70170.0,70175.0,1013
2026-02-09 02:50:00+01:00,70215.0,70620.0,70155.0,70480.0,677
2026-02-09 03:00:00+01:00,70500.0,70645.0,70300.0,70595.0,640
2026-02-09 03:10:00+01:00,70550.0,70605.0,70395.0,70525.0,243
2026-02-09 03:20:00+01:00,70535.0,70620.0,70465.0,70555.0,302
2026-02-09 03:30:00+01:00,70560.0,70830.0,70555.0,70790.0,702
2026-02-09 03:40:00+01:00,70775.0,71140.0,70760.0,70940.0,592
2026-02-09 03:50:00+01:00,70900.0,70905.0,70690.0,70745.0,200
2026-02-09 04:00:00+01:00,70750.0,70985.0,70745.0,70900.0,232
2026-02-09 04:10:00+01:00,70930.0,71080.0,70820.0,70915.0,148
2026-02-09 04:20:00+01:00,70920.0,70985.0,70805.0,70950.0,285
2026-02-09 04:30:00+01:00,70985.0,71235.0,70975.0,71230.0,392
2026-02-09 04:40:00+01:00,71190.0,71445.0,71110.0,71325.0,661
2026-02-09 04:50:00+01:00,71320.0,71540.0,71190.0,71445.0,398
2026-02-09 05:00:00+01:00,71400.0,71450.0,71185.0,71190.0,223
2026-02-09 05:10:00+01:00,71200.0,71345.0,71110.0,71345.0,162
2026-02-09 05:20:00+01:00,71325.0,71410.0,71260.0,71380.0,258
2026-02-09 06:00:00+01:00,71095.0,71100.0,70950.0,70965.0,255
2026-02-09 06:10:00+01:00,70985.0,71065.0,70915.0,70945.0,143
2026-02-09 06:30:00+01:00,71170.0,71260.0,71000.0,71185.0,293
2026-02-09 06:40:00+01:00,71165.0,71165.0,70965.0,70965.0,124
2026-02-09 06:50:00+01:00,70985.0,71175.0,70985.0,71140.0,382
2026-02-09 07:20:00+01:00,70620.0,70675.0,70405.0,70510.0,421
2026-02-09 07:30:00+01:00,70510.0,70700.0,70495.0,70655.0,289
2026-02-09 08:00:00+01:00,70720.0,70820.0,70580.0,70750.0,309
2026-02-09 08:10:00+01:00,70805.0,70945.0,70760.0,70925.0,215
2026-02-09 08:20:00+01:00,70895.0,70970.0,70735.0,70820.0,324
2026-02-09 08:30:00+01:00,70780.0,70815.0,70490.0,70550.0,211
2026-02-09 08:40:00+01:00,70550.0,70610.0,70455.0,70515.0,206
2026-02-09 09:00:00+01:00,70520.0,70640.0,70410.0,70595.0,209
2026-02-09 09:20:00+01:00,70490.0,70490.0,70140.0,70185.0,919
2026-02-09 09:30:00+01:00,70175.0,70175.0,69495.0,69935.0,1224
2026-02-09 09:40:00+01:00,69925.0,70025.0,69845.0,69980.0,427
2026-02-09 09:50:00+01:00,69975.0,70130.0,69830.0,69970.0,206
2026-02-09 10:00:00+01:00,69960.0,70230.0,69955.0,70105.0,543
2026-02-09 10:10:00+01:00,70120.0,70140.0,69820.0,69880.0,384
2026-02-09 10:20:00+01:00,69950.0,70055.0,69860.0,69970.0,287
2026-02-09 10:30:00+01:00,69965.0,70070.0,69685.0,69745.0,196
2026-02-09 10:40:00+01:00,69730.0,69910.0,69635.0,69860.0,430
2026-02-09 10:50:00+01:00,69840.0,69840.0,69555.0,69690.0,765
2026-02-09 11:00:00+01:00,69695.0,69715.0,69430.0,69715.0,407
2026-02-09 11:20:00+01:00,69325.0,69380.0,69060.0,69105.0,488
2026-02-09 11:30:00+01:00,69100.0,69120.0,68650.0,68770.0,1218
2026-02-09 11:40:00+01:00,68800.0,68850.0,68475.0,68525.0,823
2026-02-09 11:50:00+01:00,68600.0,68910.0,68560.0,68780.0,516
2026-02-09 12:00:00+01:00,68790.0,69050.0,68790.0,68920.0,494
2026-02-09 12:10:00+01:00,68890.0,68910.0,68645.0,68770.0,211
2026-02-09 12:20:00+01:00,68760.0,69015.0,68715.0,68945.0,177
2026-02-09 12:40:00+01:00,68980.0,69075.0,68840.0,68910.0,237
2026-02-09 13:00:00+01:00,69025.0,69290.0,68960.0,69250.0,908
2026-02-09 13:10:00+01:00,69260.0,69350.0,69140.0,69230.0,436
2026-02-09 13:20:00+01:00,69225.0,69230.0,69065.0,69120.0,326
2026-02-09 13:40:00+01:00,69210.0,69370.0,69180.0,69190.0,510
2026-02-09 13:50:00+01:00,69180.0,69265.0,69090.0,69265.0,181
2026-02-09 14:00:00+01:00,69285.0,69285.0,69015.0,69185.0,333
2026-02-09 14:10:00+01:00,69165.0,69395.0,69080.0,69230.0,352
2026-02-09 14:20:00+01:00,69225.0,69375.0,69225.0,69325.0,150
2026-02-09 14:30:00+01:00,69335.0,69335.0,69150.0,69280.0,283
2026-02-09 14:40:00+01:00,69290.0,69295.0,69050.0,69065.0,259
2026-02-09 14:50:00+01:00,69040.0,69085.0,68670.0,68670.0,710
2026-02-09 15:00:00+01:00,68680.0,68930.0,68450.0,68600.0,672
2026-02-09 15:10:00+01:00,68630.0,68760.0,68370.0,68635.0,655
2026-02-09 15:20:00+01:00,68670.0,69145.0,68585.0,69110.0,1719
2026-02-09 15:30:00+01:00,69115.0,69505.0,68580.0,69435.0,3364
2026-02-09 15:40:00+01:00,69480.0,69845.0,69090.0,69465.0,3081
2026-02-09 15:50:00+01:00,69465.0,69595.0,69265.0,69435.0,1232
2026-02-09 16:00:00+01:00,69415.0,70025.0,69415.0,69775.0,2169
2026-02-09 16:10:00+01:00,69725.0,69810.0,69405.0,69535.0,1430
2026-02-09 16:20:00+01:00,69525.0,69560.0,68935.0,69045.0,1038
2026-02-09 16:30:00+01:00,69075.0,69665.0,68960.0,69570.0,1024
2026-02-09 16:40:00+01:00,69590.0,69795.0,69435.0,69580.0,900
2026-02-09 16:50:00+01:00,69530.0,69755.0,69330.0,69735.0,475
2026-02-09 17:00:00+01:00,69680.0,69870.0,69250.0,69315.0,701
2026-02-09 17:10:00+01:00,69360.0,69540.0,69205.0,69350.0,581
2026-02-09 17:20:00+01:00,69385.0,69785.0,69370.0,69770.0,707
2026-02-09 17:30:00+01:00,69760.0,69865.0,69480.0,69595.0,537
2026-02-09 17:40:00+01:00,69600.0,70575.0,69600.0,70245.0,2392
2026-02-09 17:50:00+01:00,70285.0,70380.0,70085.0,70260.0,932
2026-02-09 18:00:00+01:00,70245.0,70490.0,70135.0,70180.0,973
2026-02-09 18:10:00+01:00,70215.0,70380.0,70035.0,70270.0,511
2026-02-09 18:20:00+01:00,70240.0,70280.0,70005.0,70180.0,348
2026-02-09 18:30:00+01:00,70190.0,70770.0,70135.0,70700.0,1489
2026-02-09 18:40:00+01:00,70710.0,71145.0,70675.0,70935.0,2055
2026-02-09 18:50:00+01:00,70945.0,71050.0,70760.0,70785.0,571
2026-02-09 19:00:00+01:00,70770.0,71205.0,70700.0,70815.0,627
2026-02-09 19:10:00+01:00,70785.0,70810.0,70515.0,70660.0,780
2026-02-09 19:20:00+01:00,70660.0,70760.0,70225.0,70445.0,1199
2026-02-09 19:30:00+01:00,70455.0,70650.0,70270.0,70525.0,452
2026-02-09 19:40:00+01:00,70540.0,70680.0,70385.0,70560.0,344
2026-02-09 19:50:00+01:00,70535.0,70620.0,70400.0,70590.0,318
2026-02-09 20:00:00+01:00,70580.0,70685.0,70420.0,70630.0,299
2026-02-09 20:10:00+01:00,70680.0,70815.0,70535.0,70725.0,410
2026-02-09 20:30:00+01:00,70820.0,71100.0,70820.0,71100.0,496
2026-02-09 20:40:00+01:00,71075.0,71165.0,70970.0,71125.0,441
2026-02-09 20:50:00+01:00,71140.0,71255.0,71035.0,71155.0,682
2026-02-09 21:00:00+01:00,71090.0,71330.0,70870.0,71200.0,679
2026-02-09 21:10:00+01:00,71205.0,71270.0,70740.0,70895.0,603
2026-02-09 21:20:00+01:00,70835.0,70915.0,70665.0,70710.0,607
2026-02-09 21:30:00+01:00,70710.0,70995.0,70685.0,70945.0,501
2026-02-09 21:40:00+01:00,70940.0,71040.0,70875.0,70970.0,626
2026-02-09 21:50:00+01:00,70950.0,71050.0,70840.0,70910.0,1581
2026-02-09 22:00:00+01:00,70915.0,70970.0,70555.0,70630.0,779
2026-02-09 22:10:00+01:00,70645.0,70685.0,70460.0,70555.0,432
2026-02-09 22:20:00+01:00,70535.0,70675.0,70455.0,70455.0,394
2026-02-09 22:30:00+01:00,70520.0,70535.0,70040.0,70135.0,867
2026-02-09 22:40:00+01:00,70160.0,70280.0,70005.0,70220.0,647
2026-02-09 22:50:00+01:00,70240.0,70660.0,70230.0,70565.0,428
2026-02-10 00:00:00+01:00,70535.0,70745.0,70465.0,70720.0,438
2026-02-10 00:10:00+01:00,70695.0,70715.0,70475.0,70590.0,189
2026-02-10 00:20:00+01:00,70610.0,70640.0,70430.0,70450.0,125
2026-02-10 00:30:00+01:00,70465.0,70515.0,70425.0,70495.0,123
2026-02-10 00:40:00+01:00,70515.0,70610.0,70355.0,70360.0,260
2026-02-10 00:50:00+01:00,70365.0,70385.0,70235.0,70305.0,355
2026-02-10 01:00:00+01:00,70335.0,70445.0,70100.0,70140.0,317
2026-02-10 01:10:00+01:00,70135.0,70370.0,70115.0,70170.0,340
2026-02-10 01:20:00+01:00,70170.0,70195.0,70000.0,70115.0,406
2026-02-10 01:30:00+01:00,70110.0,70260.0,70065.0,70105.0,157
2026-02-10 01:40:00+01:00,70085.0,70090.0,69875.0,69875.0,427
2026-02-10 01:50:00+01:00,69870.0,70065.0,69870.0,69960.0,193
2026-02-10 02:00:00+01:00,69965.0,70270.0,69965.0,70250.0,239
2026-02-10 02:10:00+01:00,70260.0,70355.0,70185.0,70320.0,227
2026-02-10 02:20:00+01:00,70340.0,70610.0,70340.0,70495.0,277
2026-02-10 02:30:00+01:00,70495.0,70665.0,70385.0,70600.0,218
2026-02-10 02:40:00+01:00,70535.0,70645.0,70525.0,70555.0,128
2026-02-10 02:50:00+01:00,70525.0,70615.0,70430.0,70610.0,229
2026-02-10 03:00:00+01:00,70535.0,70575.0,70415.0,70415.0,125
2026-02-10 03:10:00+01:00,70430.0,70585.0,70360.0,70410.0,146
2026-02-10 03:20:00+01:00,70445.0,70500.0,70370.0,70395.0,97
2026-02-10 03:40:00+01:00,70220.0,70340.0,70110.0,70275.0,178
2026-02-10 04:00:00+01:00,70240.0,70270.0,69870.0,69925.0,378
2026-02-10 04:10:00+01:00,69950.0,70045.0,69690.0,69700.0,448
2026-02-10 04:20:00+01:00,69685.0,69835.0,69600.0,69670.0,642
2026-02-10 04:30:00+01:00,69645.0,69645.0,69325.0,69500.0,660
2026-02-10 04:40:00+01:00,69490.0,69655.0,69420.0,69650.0,164
2026-02-10 04:50:00+01:00,69640.0,69730.0,69590.0,69625.0,173
2026-02-10 05:00:00+01:00,69625.0,69895.0,69585.0,69870.0,215
2026-02-10 05:10:00+01:00,69865.0,69970.0,69770.0,69790.0,466
2026-02-10 05:20:00+01:00,69800.0,69915.0,69720.0,69890.0,180
2026-02-10 05:40:00+01:00,69855.0,69910.0,69735.0,69910.0,98
2026-02-10 05:50:00+01:00,69920.0,70035.0,69890.0,69960.0,90
2026-02-10 06:10:00+01:00,69865.0,69930.0,69730.0,69790.0,156
2026-02-10 06:30:00+01:00,69610.0,69820.0,69500.0,69725.0,285
2026-02-10 06:40:00+01:00,69760.0,69760.0,69370.0,69400.0,184
2026-02-10 06:50:00+01:00,69410.0,69615.0,69325.0,69585.0,154
2026-02-10 07:10:00+01:00,69455.0,69495.0,69355.0,69410.0,128
2026-02-10 07:20:00+01:00,69480.0,69485.0,69195.0,69335.0,409
2026-02-10 07:30:00+01:00,69370.0,69425.0,69285.0,69300.0,318
2026-02-10 07:40:00+01:00,69250.0,69250.0,68805.0,68950.0,834
2026-02-10 07:50:00+01:00,69020.0,69110.0,68885.0,69060.0,398
2026-02-10 08:00:00+01:00,69035.0,69310.0,68980.0,69120.0,452
2026-02-10 08:10:00+01:00,69115.0,69320.0,69070.0,69165.0,211
2026-02-10 08:30:00+01:00,69245.0,69275.0,68995.0,69075.0,144
2026-02-10 08:40:00+01:00,69070.0,69185.0,69065.0,69120.0,123
2026-02-10 09:00:00+01:00,69055.0,69120.0,68975.0,69105.0,228
2026-02-10 09:10:00+01:00,69105.0,69150.0,68845.0,68930.0,321
2026-02-10 09:20:00+01:00,68920.0,69240.0,68860.0,69145.0,315
2026-02-10 09:30:00+01:00,69150.0,69275.0,68960.0,69120.0,244
2026-02-10 09:40:00+01:00,69100.0,69315.0,69060.0,69315.0,185
2026-02-10 09:50:00+01:00,69320.0,69365.0,69205.0,69270.0,222
2026-02-10 10:00:00+01:00,69240.0,69485.0,69230.0,69450.0,600
2026-02-10 10:10:00+01:00,69435.0,69480.0,69350.0,69480.0,167
2026-02-10 10:30:00+01:00,69385.0,69405.0,69240.0,69285.0,107
2026-02-10 10:40:00+01:00,69275.0,69370.0,69105.0,69120.0,144
2026-02-10 12:00:00+01:00,69020.0,69100.0,68910.0,68965.0,237
2026-02-10 12:20:00+01:00,69100.0,69100.0,69010.0,69050.0,134
2026-02-10 12:40:00+01:00,69105.0,69105.0,68560.0,68805.0,1505
2026-02-10 12:50:00+01:00,68800.0,68895.0,68585.0,68625.0,397
2026-02-10 13:00:00+01:00,68630.0,68930.0,68630.0,68815.0,431
2026-02-10 13:10:00+01:00,68780.0,68865.0,68680.0,68680.0,191
2026-02-10 13:20:00+01:00,68670.0,68900.0,68670.0,68850.0,118
2026-02-10 13:30:00+01:00,68865.0,68960.0,68705.0,68735.0,171
2026-02-10 13:40:00+01:00,68755.0,68760.0,68515.0,68650.0,294
2026-02-10 13:50:00+01:00,68670.0,68790.0,68650.0,68705.0,142
2026-02-10 14:00:00+01:00,68685.0,68720.0,68450.0,68665.0,537
2026-02-10 14:10:00+01:00,68675.0,68820.0,68550.0,68740.0,449
2026-02-10 14:20:00+01:00,68750.0,68915.0,68740.0,68785.0,241
2026-02-10 14:30:00+01:00,68810.0,69190.0,68780.0,69065.0,1012
2026-02-10 14:40:00+01:00,69070.0,69255.0,68975.0,69040.0,392
2026-02-10 14:50:00+01:00,69055.0,69150.0,68965.0,69140.0,220
2026-02-10 15:00:00+01:00,69135.0,69200.0,68950.0,69200.0,405
2026-02-10 15:10:00+01:00,69205.0,69700.0,69165.0,69605.0,1638
2026-02-10 15:20:00+01:00,69605.0,69605.0,69295.0,69310.0,713
2026-02-10 15:30:00+01:00,69300.0,69535.0,68455.0,68675.0,2683
2026-02-10 15:40:00+01:00,68670.0,68680.0,68010.0,68100.0,4228
2026-02-10 15:50:00+01:00,68130.0,68700.0,68050.0,68535.0,1853
2026-02-10 16:00:00+01:00,68525.0,69265.0,68385.0,69050.0,1572
2026-02-10 16:10:00+01:00,69075.0,69240.0,68635.0,68980.0,2070
2026-02-10 16:20:00+01:00,69025.0,69455.0,68945.0,69350.0,1009
2026-02-10 16:30:00+01:00,69355.0,69655.0,69290.0,69465.0,1024
2026-02-10 16:40:00+01:00,69465.0,69635.0,69235.0,69515.0,1185
2026-02-10 16:50:00+01:00,69500.0,69560.0,69225.0,69405.0,662
2026-02-10 17:00:00+01:00,69400.0,69415.0,69030.0,69135.0,871
2026-02-10 17:10:00+01:00,69140.0,69980.0,69140.0,69625.0,1249
2026-02-10 17:20:00+01:00,69625.0,69680.0,69380.0,69555.0,475
2026-02-10 17:30:00+01:00,69510.0,69820.0,69395.0,69695.0,408
2026-02-10 17:40:00+01:00,69740.0,69790.0,69465.0,69560.0,190
2026-02-10 17:50:00+01:00,69550.0,69755.0,69410.0,69630.0,254
2026-02-10 18:00:00+01:00,69615.0,69665.0,69425.0,69570.0,183
2026-02-10 18:10:00+01:00,69640.0,69835.0,69460.0,69780.0,331
2026-02-10 18:20:00+01:00,69755.0,69975.0,69720.0,69815.0,522
2026-02-10 18:30:00+01:00,69790.0,70110.0,69770.0,70010.0,699
2026-02-10 18:40:00+01:00,69990.0,70165.0,69945.0,69995.0,460
2026-02-10 19:00:00+01:00,70065.0,70105.0,69700.0,69805.0,585
2026-02-10 19:10:00+01:00,69830.0,69835.0,69615.0,69700.0,355
2026-02-10 19:20:00+01:00,69680.0,69715.0,69005.0,69045.0,996
2026-02-10 19:30:00+01:00,69030.0,69245.0,68930.0,69125.0,851
2026-02-10 19:40:00+01:00,69110.0,69215.0,68755.0,68880.0,460
2026-02-10 19:50:00+01:00,68895.0,69210.0,68850.0,69040.0,568
2026-02-10 20:00:00+01:00,69030.0,69150.0,68840.0,69050.0,422
2026-02-10 20:10:00+01:00,69090.0,69130.0,68900.0,68975.0,249
2026-02-10 20:20:00+01:00,68990.0,69100.0,68890.0,69100.0,258
2026-02-10 20:30:00+01:00,69110.0,69450.0,69035.0,69375.0,611
2026-02-10 20:40:00+01:00,69385.0,69475.0,69285.0,69380.0,254
2026-02-10 21:00:00+01:00,69220.0,69290.0,69075.0,69125.0,288
2026-02-10 21:10:00+01:00,69125.0,69145.0,68850.0,69020.0,668
2026-02-10 21:20:00+01:00,69015.0,69070.0,68860.0,68965.0,434
2026-02-10 21:30:00+01:00,68965.0,69110.0,68780.0,68960.0,668
2026-02-10 21:40:00+01:00,68980.0,69130.0,68935.0,69030.0,892
2026-02-10 21:50:00+01:00,69025.0,69055.0,68855.0,68935.0,2248
2026-02-10 22:00:00+01:00,68935.0,69145.0,68855.0,69020.0,650
2026-02-10 22:10:00+01:00,69060.0,69060.0,68935.0,69050.0,296
2026-02-10 22:20:00+01:00,69040.0,69055.0,68795.0,68795.0,191
2026-02-10 22:30:00+01:00,68775.0,68775.0,68490.0,68625.0,744
2026-02-10 22:40:00+01:00,68570.0,68740.0,68480.0,68680.0,223
2026-02-10 22:50:00+01:00,68705.0,68860.0,68690.0,68820.0,269
2026-02-11 00:00:00+01:00,68750.0,68910.0,68700.0,68730.0,210
2026-02-11 00:10:00+01:00,68750.0,68820.0,68615.0,68730.0,158
2026-02-11 00:20:00+01:00,68745.0,68810.0,68645.0,68775.0,251
2026-02-11 00:30:00+01:00,68750.0,68900.0,68690.0,68850.0,85
2026-02-11 00:40:00+01:00,68835.0,68965.0,68805.0,68930.0,102
2026-02-11 00:50:00+01:00,68965.0,68990.0,68900.0,68965.0,80
2026-02-11 01:00:00+01:00,68940.0,69090.0,68920.0,69025.0,170
2026-02-11 01:20:00+01:00,69095.0,69345.0,69070.0,69320.0,469
2026-02-11 01:30:00+01:00,69315.0,69340.0,69175.0,69205.0,107
2026-02-11 01:40:00+01:00,69210.0,69250.0,69145.0,69250.0,93
2026-02-11 01:50:00+01:00,69235.0,69350.0,69220.0,69330.0,135
2026-02-11 02:00:00+01:00,69335.0,69440.0,69245.0,69290.0,458
2026-02-11 02:10:00+01:00,69290.0,69405.0,69220.0,69275.0,71
2026-02-11 02:30:00+01:00,69055.0,69150.0,69000.0,69035.0,169
2026-02-11 03:00:00+01:00,69115.0,69285.0,69115.0,69185.0,125
2026-02-11 03:20:00+01:00,69150.0,69245.0,69085.0,69180.0,173
2026-02-11 03:30:00+01:00,69175.0,69245.0,69125.0,69155.0,99
2026-02-11 03:40:00+01:00,69120.0,69150.0,68715.0,68755.0,866
2026-02-11 03:50:00+01:00,68785.0,68840.0,68710.0,68805.0,105
2026-02-11 04:00:00+01:00,68800.0,68825.0,68625.0,68785.0,215
2026-02-11 04:10:00+01:00,68825.0,68870.0,68185.0,68225.0,763
2026-02-11 04:20:00+01:00,68255.0,68515.0,68115.0,68410.0,579
2026-02-11 04:40:00+01:00,68480.0,68675.0,68460.0,68505.0,228
2026-02-11 04:50:00+01:00,68485.0,68500.0,68250.0,68270.0,339
2026-02-11 05:00:00+01:00,68270.0,68400.0,68235.0,68355.0,230
2026-02-11 05:10:00+01:00,68330.0,68335.0,68055.0,68235.0,454
2026-02-11 05:20:00+01:00,68245.0,68245.0,67640.0,67670.0,2147
2026-02-11 05:30:00+01:00,67675.0,67805.0,67520.0,67560.0,651
2026-02-11 05:40:00+01:00,67580.0,67800.0,67435.0,67675.0,686
2026-02-11 05:50:00+01:00,67675.0,67750.0,67445.0,67655.0,429
2026-02-11 06:00:00+01:00,67680.0,67895.0,67680.0,67830.0,515
2026-02-11 06:10:00+01:00,67865.0,67915.0,67760.0,67760.0,304
2026-02-11 06:20:00+01:00,67735.0,67900.0,67615.0,67640.0,215
2026-02-11 06:30:00+01:00,67665.0,67700.0,67470.0,67655.0,437
2026-02-11 06:50:00+01:00,67660.0,67680.0,67510.0,67545.0,105
2026-02-11 07:00:00+01:00,67525.0,67605.0,67210.0,67230.0,708
2026-02-11 07:10:00+01:00,67200.0,67295.0,66775.0,67000.0,1145
2026-02-11 07:20:00+01:00,67015.0,67295.0,66920.0,67245.0,626
2026-02-11 07:30:00+01:00,67260.0,67295.0,67110.0,67175.0,189
2026-02-11 07:40:00+01:00,67130.0,67140.0,66810.0,66845.0,291
2026-02-11 07:50:00+01:00,66865.0,66995.0,66650.0,66945.0,538
2026-02-11 08:00:00+01:00,66940.0,67120.0,66845.0,66915.0,439
2026-02-11 08:10:00+01:00,66915.0,67020.0,66750.0,66970.0,318
2026-02-11 08:20:00+01:00,66955.0,67160.0,66865.0,67120.0,476
2026-02-11 08:30:00+01:00,67130.0,67365.0,67085.0,67270.0,339
2026-02-11 08:40:00+01:00,67235.0,67320.0,67140.0,67215.0,383
2026-02-11 08:50:00+01:00,67225.0,67400.0,67140.0,67150.0,276
2026-02-11 09:10:00+01:00,67045.0,67145.0,66935.0,67110.0,317
2026-02-11 09:20:00+01:00,67125.0,67205.0,66940.0,67030.0,157
2026-02-11 09:30:00+01:00,66995.0,67165.0,66885.0,67065.0,236
2026-02-11 09:50:00+01:00,67080.0,67160.0,67025.0,67120.0,106
2026-02-11 10:00:00+01:00,67110.0,67230.0,66950.0,66950.0,172
2026-02-11 10:10:00+01:00,66985.0,67100.0,66925.0,66930.0,177
2026-02-11 10:20:00+01:00,66955.0,67110.0,66910.0,67110.0,217
2026-02-11 10:40:00+01:00,66980.0,67010.0,66840.0,66850.0,295
2026-02-11 10:50:00+01:00,66900.0,66995.0,66860.0,66990.0,258
2026-02-11 11:00:00+01:00,66985.0,67000.0,66760.0,66790.0,324
2026-02-11 11:10:00+01:00,66800.0,66955.0,66785.0,66800.0,157
2026-02-11 11:20:00+01:00,66805.0,66995.0,66790.0,66985.0,209
2026-02-11 11:30:00+01:00,66980.0,66985.0,66655.0,66805.0,294
2026-02-11 11:40:00+01:00,66820.0,66895.0,66695.0,66710.0,206
2026-02-11 11:50:00+01:00,66695.0,66830.0,66475.0,66620.0,720
2026-02-11 12:00:00+01:00,66625.0,66835.0,66610.0,66775.0,262
2026-02-11 12:10:00+01:00,66780.0,66980.0,66750.0,66955.0,258
2026-02-11 12:20:00+01:00,66965.0,67230.0,66965.0,67115.0,395
2026-02-11 12:30:00+01:00,67110.0,67145.0,67000.0,67070.0,165
2026-02-11 12:40:00+01:00,67065.0,67170.0,67010.0,67115.0,109
2026-02-11 12:50:00+01:00,67125.0,67210.0,67125.0,67200.0,100
2026-02-11 13:10:00+01:00,67350.0,67350.0,67185.0,67305.0,514
2026-02-11 13:20:00+01:00,67325.0,67565.0,67325.0,67335.0,740
2026-02-11 13:30:00+01:00,67335.0,67420.0,67255.0,67280.0,600
2026-02-11 13:40:00+01:00,67255.0,67265.0,67125.0,67180.0,429
2026-02-11 13:50:00+01:00,67185.0,67305.0,67115.0,67220.0,274
2026-02-11 14:10:00+01:00,67080.0,67080.0,66905.0,66925.0,353
2026-02-11 14:20:00+01:00,66970.0,67135.0,66920.0,67080.0,305
2026-02-11 14:30:00+01:00,67155.0,67790.0,67045.0,67580.0,3767
2026-02-11 14:40:00+01:00,67520.0,67525.0,67245.0,67375.0,627
2026-02-11 14:50:00+01:00,67375.0,67705.0,67015.0,67580.0,1270
2026-02-11 15:00:00+01:00,67575.0,68180.0,67560.0,68155.0,2231
2026-02-11 15:10:00+01:00,68170.0,68935.0,68110.0,68495.0,4496
2026-02-11 15:20:00+01:00,68445.0,68470.0,68090.0,68135.0,1312
2026-02-11 15:30:00+01:00,68145.0,68380.0,67300.0,67350.0,3486
2026-02-11 15:40:00+01:00,67395.0,67535.0,66925.0,67005.0,3022
2026-02-11 15:50:00+01:00,67015.0,67200.0,66535.0,66660.0,2212
2026-02-11 16:00:00+01:00,66680.0,66880.0,65930.0,66020.0,2865
2026-02-11 16:10:00+01:00,65995.0,66495.0,65825.0,66295.0,2515
2026-02-11 16:20:00+01:00,66295.0,66640.0,65970.0,66265.0,1491
2026-02-11 16:30:00+01:00,66235.0,66605.0,66180.0,66495.0,954
2026-02-11 16:40:00+01:00,66530.0,66920.0,66240.0,66260.0,1534
2026-02-11 16:50:00+01:00,66285.0,66805.0,66120.0,66630.0,1502
2026-02-11 17:00:00+01:00,66600.0,66820.0,66510.0,66780.0,616
2026-02-11 17:10:00+01:00,66760.0,67370.0,66745.0,67100.0,1599
2026-02-11 17:20:00+01:00,67100.0,67265.0,66650.0,66720.0,849
2026-02-11 17:30:00+01:00,66660.0,66825.0,66225.0,66445.0,567
2026-02-11 17:40:00+01:00,66490.0,66565.0,66040.0,66120.0,1700
2026-02-11 17:50:00+01:00,66110.0,66310.0,66080.0,66130.0,588
2026-02-11 18:00:00+01:00,66100.0,66335.0,65945.0,66335.0,983
2026-02-11 18:10:00+01:00,66330.0,66565.0,66255.0,66475.0,517
2026-02-11 18:20:00+01:00,66510.0,66845.0,66490.0,66765.0,686
2026-02-11 18:30:00+01:00,66760.0,67035.0,66685.0,66845.0,762
2026-02-11 18:40:00+01:00,66840.0,66865.0,66550.0,66750.0,837
2026-02-11 18:50:00+01:00,66755.0,66885.0,66580.0,66615.0,420
2026-02-11 19:00:00+01:00,66615.0,66640.0,66290.0,66330.0,620
2026-02-11 19:10:00+01:00,66325.0,66930.0,66220.0,66890.0,851
2026-02-11 19:20:00+01:00,66865.0,67225.0,66770.0,67020.0,965
2026-02-11 19:30:00+01:00,67060.0,67270.0,66905.0,67220.0,691
2026-02-11 19:40:00+01:00,67220.0,67355.0,67040.0,67340.0,717
2026-02-11 19:50:00+01:00,67375.0,67450.0,67180.0,67405.0,776
2026-02-11 20:00:00+01:00,67390.0,67765.0,67220.0,67590.0,1182
2026-02-11 20:10:00+01:00,67560.0,67880.0,67505.0,67625.0,1026
2026-02-11 20:20:00+01:00,67590.0,67780.0,67530.0,67555.0,537
2026-02-11 20:30:00+01:00,67525.0,67840.0,67395.0,67780.0,379
2026-02-11 20:40:00+01:00,67785.0,67995.0,67720.0,67750.0,569
2026-02-11 20:50:00+01:00,67805.0,67840.0,67635.0,67710.0,235
2026-02-11 21:00:00+01:00,67695.0,67855.0,67535.0,67645.0,373
2026-02-11 21:10:00+01:00,67650.0,67885.0,67625.0,67715.0,515
2026-02-11 21:20:00+01:00,67725.0,67745.0,67305.0,67305.0,808
2026-02-11 21:30:00+01:00,67310.0,67560.0,67280.0,67510.0,587
2026-02-11 21:40:00+01:00,67505.0,67790.0,67405.0,67745.0,589
2026-02-11 21:50:00+01:00,67760.0,67770.0,67605.0,67685.0,1257
2026-02-11 22:00:00+01:00,67680.0,67835.0,67515.0,67810.0,577
2026-02-11 22:10:00+01:00,67820.0,67880.0,67710.0,67780.0,225
2026-02-11 22:20:00+01:00,67770.0,68340.0,67715.0,68285.0,1075
2026-02-11 22:30:00+01:00,68300.0,68450.0,68075.0,68235.0,782
2026-02-11 22:40:00+01:00,68260.0,68270.0,68000.0,68010.0,218
2026-02-11 22:50:00+01:00,68020.0,68095.0,67885.0,67885.0,288
2026-02-12 00:00:00+01:00,67620.0,67665.0,67300.0,67470.0,453
2026-02-12 00:10:00+01:00,67475.0,67510.0,67305.0,67405.0,457
2026-02-12 00:20:00+01:00,67380.0,67380.0,66980.0,67125.0,956
2026-02-12 00:30:00+01:00,67105.0,67205.0,66870.0,67170.0,304
2026-02-12 00:40:00+01:00,67185.0,67225.0,67015.0,67015.0,260
2026-02-12 00:50:00+01:00,67025.0,67205.0,66975.0,67175.0,271
2026-02-12 01:00:00+01:00,67200.0,67440.0,67160.0,67435.0,725
2026-02-12 01:10:00+01:00,67435.0,67525.0,67400.0,67475.0,219
2026-02-12 01:20:00+01:00,67485.0,67620.0,67390.0,67485.0,811
2026-02-12 01:30:00+01:00,67525.0,67800.0,67485.0,67615.0,437
2026-02-12 01:40:00+01:00,67650.0,67800.0,67600.0,67635.0,156
2026-02-12 01:50:00+01:00,67645.0,67700.0,67540.0,67555.0,173
2026-02-12 02:00:00+01:00,67565.0,67710.0,67565.0,67635.0,126
2026-02-12 02:10:00+01:00,67615.0,67865.0,67615.0,67740.0,469
2026-02-12 02:30:00+01:00,67890.0,68185.0,67845.0,68040.0,490
2026-02-12 02:40:00+01:00,68000.0,68070.0,67740.0,67770.0,303
2026-02-12 02:50:00+01:00,67725.0,67810.0,67675.0,67770.0,263
2026-02-12 03:00:00+01:00,67755.0,67875.0,67620.0,67805.0,332
2026-02-12 03:10:00+01:00,67790.0,67790.0,67475.0,67540.0,179
2026-02-12 03:20:00+01:00,67540.0,67665.0,67500.0,67610.0,218
2026-02-12 03:30:00+01:00,67585.0,67840.0,67565.0,67725.0,242
2026-02-12 03:40:00+01:00,67770.0,67840.0,67760.0,67800.0,61
2026-02-12 03:50:00+01:00,67830.0,67855.0,67495.0,67525.0,225
2026-02-12 04:00:00+01:00,67540.0,67635.0,67445.0,67550.0,101
2026-02-12 04:10:00+01:00,67600.0,67635.0,67485.0,67485.0,116
2026-02-12 04:20:00+01:00,67480.0,67525.0,67390.0,67445.0,303
2026-02-12 04:30:00+01:00,67450.0,67555.0,67400.0,67555.0,163
2026-02-12 04:40:00+01:00,67570.0,67620.0,67525.0,67545.0,98
2026-02-12 04:50:00+01:00,67545.0,67665.0,67495.0,67655.0,175
2026-02-12 05:10:00+01:00,67660.0,67765.0,67370.0,67455.0,363
2026-02-12 05:20:00+01:00,67475.0,67500.0,67280.0,67295.0,180
2026-02-12 05:30:00+01:00,67275.0,67375.0,67110.0,67365.0,564
2026-02-12 05:40:00+01:00,67340.0,67365.0,67215.0,67260.0,323
2026-02-12 05:50:00+01:00,67265.0,67315.0,67040.0,67065.0,230
2026-02-12 06:00:00+01:00,67070.0,67310.0,67025.0,67100.0,725
2026-02-12 06:10:00+01:00,67090.0,67125.0,66735.0,66775.0,639
2026-02-12 06:20:00+01:00,66840.0,67060.0,66835.0,66960.0,290
2026-02-12 06:30:00+01:00,66960.0,67210.0,66940.0,67060.0,460
2026-02-12 06:40:00+01:00,67100.0,67215.0,67100.0,67100.0,140
2026-02-12 07:30:00+01:00,67410.0,67445.0,67240.0,67355.0,193
2026-02-12 07:40:00+01:00,67355.0,67425.0,67255.0,67285.0,84
2026-02-12 08:00:00+01:00,67195.0,67240.0,67050.0,67085.0,111
2026-02-12 08:10:00+01:00,67075.0,67170.0,67000.0,67155.0,204
2026-02-12 08:20:00+01:00,67175.0,67440.0,67165.0,67305.0,240
2026-02-12 08:30:00+01:00,67275.0,67330.0,67200.0,67265.0,132
2026-02-12 08:40:00+01:00,67275.0,67315.0,67155.0,67185.0,194
2026-02-12 08:50:00+01:00,67235.0,67310.0,67175.0,67290.0,104
2026-02-12 09:00:00+01:00,67265.0,67415.0,67160.0,67355.0,172
2026-02-12 09:10:00+01:00,67370.0,67370.0,67130.0,67130.0,233
2026-02-12 09:20:00+01:00,67140.0,67185.0,66930.0,66965.0,555
2026-02-12 09:30:00+01:00,66990.0,67105.0,66975.0,67045.0,246
2026-02-12 09:50:00+01:00,67060.0,67230.0,67060.0,67200.0,89
2026-02-12 10:00:00+01:00,67220.0,67220.0,67110.0,67135.0,130
2026-02-12 10:10:00+01:00,67145.0,67360.0,67130.0,67305.0,232
2026-02-12 10:20:00+01:00,67310.0,67425.0,67310.0,67385.0,162
2026-02-12 10:40:00+01:00,67455.0,67540.0,67445.0,67465.0,220
2026-02-12 10:50:00+01:00,67455.0,67790.0,67450.0,67630.0,729
2026-02-12 11:00:00+01:00,67625.0,67725.0,67580.0,67645.0,155
2026-02-12 11:10:00+01:00,67620.0,67640.0,67540.0,67600.0,110
2026-02-12 11:30:00+01:00,67730.0,67935.0,67715.0,67815.0,322
2026-02-12 11:40:00+01:00,67790.0,68030.0,67730.0,67945.0,251
2026-02-12 11:50:00+01:00,67910.0,68160.0,67865.0,68120.0,830
2026-02-12 12:00:00+01:00,68135.0,68240.0,67995.0,68095.0,482
2026-02-12 12:10:00+01:00,68020.0,68115.0,67880.0,68050.0,682
2026-02-12 12:20:00+01:00,68065.0,68380.0,68065.0,68355.0,433
2026-02-12 12:30:00+01:00,68315.0,68380.0,68190.0,68260.0,240
2026-02-12 12:40:00+01:00,68260.0,68260.0,68135.0,68145.0,110
2026-02-12 12:50:00+01:00,68170.0,68290.0,68120.0,68210.0,124
2026-02-12 13:00:00+01:00,68180.0,68200.0,67975.0,68055.0,187
2026-02-12 13:10:00+01:00,68075.0,68170.0,68000.0,68025.0,160
2026-02-12 13:20:00+01:00,68025.0,68095.0,67945.0,68090.0,142
2026-02-12 13:40:00+01:00,68010.0,68050.0,67895.0,68010.0,224
2026-02-12 14:00:00+01:00,67950.0,68010.0,67765.0,67905.0,465
2026-02-12 14:10:00+01:00,67930.0,68160.0,67875.0,68030.0,218
2026-02-12 14:20:00+01:00,68095.0,68150.0,67770.0,67855.0,263
2026-02-12 14:30:00+01:00,67840.0,68095.0,67815.0,68015.0,339
2026-02-12 14:40:00+01:00,68080.0,68270.0,68065.0,68110.0,322
2026-02-12 14:50:00+01:00,68125.0,68520.0,68070.0,68490.0,783
2026-02-12 15:00:00+01:00,68480.0,68535.0,67920.0,68055.0,845
2026-02-12 15:10:00+01:00,68075.0,68205.0,67950.0,68050.0,549
2026-02-12 15:20:00+01:00,68035.0,68180.0,68000.0,68065.0,396
2026-02-12 15:30:00+01:00,68060.0,68375.0,67805.0,67935.0,1651
2026-02-12 15:40:00+01:00,67990.0,68130.0,67545.0,67715.0,1656
2026-02-12 15:50:00+01:00,67715.0,68100.0,67640.0,67650.0,1388
2026-02-12 16:00:00+01:00,67680.0,67880.0,67150.0,67235.0,2260
2026-02-12 16:10:00+01:00,67240.0,67775.0,67065.0,67550.0,944
2026-02-12 16:20:00+01:00,67570.0,68060.0,67565.0,67960.0,861
2026-02-12 16:30:00+01:00,67970.0,68120.0,67325.0,67415.0,1004
2026-02-12 16:40:00+01:00,67435.0,67650.0,67305.0,67600.0,800
2026-02-12 16:50:00+01:00,67580.0,67610.0,67125.0,67200.0,1699
2026-02-12 17:00:00+01:00,67200.0,67320.0,66655.0,66740.0,2084
2026-02-12 17:10:00+01:00,66745.0,66935.0,66480.0,66590.0,2642
2026-02-12 17:20:00+01:00,66575.0,66690.0,66005.0,66090.0,2489
2026-02-12 17:30:00+01:00,66065.0,66585.0,65960.0,66415.0,1983
2026-02-12 17:40:00+01:00,66445.0,66625.0,66055.0,66155.0,811
2026-02-12 17:50:00+01:00,66160.0,66255.0,65600.0,65900.0,2311
2026-02-12 18:00:00+01:00,65890.0,66060.0,65700.0,65995.0,1011
2026-02-12 18:10:00+01:00,65980.0,66005.0,65575.0,65680.0,680
2026-02-12 18:20:00+01:00,65730.0,66325.0,65730.0,66200.0,1416
2026-02-12 18:30:00+01:00,66195.0,66245.0,65840.0,66005.0,1037
2026-02-12 18:40:00+01:00,65955.0,66085.0,65795.0,65835.0,466
2026-02-12 18:50:00+01:00,65840.0,65950.0,65385.0,65435.0,1510
2026-02-12 19:00:00+01:00,65435.0,65855.0,65390.0,65735.0,891
2026-02-12 19:10:00+01:00,65715.0,65800.0,65275.0,65300.0,539
2026-02-12 19:20:00+01:00,65295.0,65625.0,65275.0,65345.0,1042
2026-02-12 19:30:00+01:00,65345.0,65620.0,65180.0,65510.0,928
2026-02-12 19:40:00+01:00,65540.0,65760.0,65470.0,65690.0,475
2026-02-12 19:50:00+01:00,65695.0,65790.0,65555.0,65655.0,570
2026-02-12 20:00:00+01:00,65655.0,65810.0,65420.0,65420.0,406
2026-02-12 20:10:00+01:00,65425.0,65675.0,65305.0,65665.0,760
2026-02-12 20:20:00+01:00,65695.0,66025.0,65665.0,65830.0,706
2026-02-12 20:30:00+01:00,65845.0,66170.0,65830.0,66030.0,567
2026-02-12 20:40:00+01:00,66045.0,66180.0,65975.0,66115.0,563
2026-02-12 20:50:00+01:00,66120.0,66210.0,65830.0,65865.0,500
2026-02-12 21:00:00+01:00,65875.0,66135.0,65815.0,65925.0,342
2026-02-12 21:10:00+01:00,65905.0,65905.0,65655.0,65795.0,523
2026-02-12 21:20:00+01:00,65765.0,65765.0,65545.0,65580.0,279
2026-02-12 21:30:00+01:00,65580.0,65710.0,65445.0,65700.0,584
2026-02-12 21:40:00+01:00,65705.0,65755.0,65385.0,65405.0,525
2026-02-12 21:50:00+01:00,65405.0,65550.0,65255.0,65490.0,2541
2026-02-12 22:00:00+01:00,65490.0,65720.0,65475.0,65685.0,763
2026-02-12 22:10:00+01:00,65675.0,65835.0,65635.0,65835.0,252
2026-02-12 22:20:00+01:00,65840.0,65865.0,65535.0,65675.0,259
2026-02-12 22:30:00+01:00,65700.0,65930.0,65650.0,65860.0,228
2026-02-12 22:40:00+01:00,65810.0,65895.0,65795.0,65795.0,168
2026-02-12 22:50:00+01:00,65835.0,65955.0,65805.0,65830.0,238
2026-02-13 00:00:00+01:00,66400.0,66520.0,66050.0,66475.0,761
2026-02-13 00:10:00+01:00,66455.0,66460.0,66275.0,66390.0,413
2026-02-13 00:20:00+01:00,66390.0,66525.0,66380.0,66410.0,440
2026-02-13 00:30:00+01:00,66420.0,66510.0,66260.0,66280.0,352
2026-02-13 00:40:00+01:00,66300.0,66330.0,66205.0,66240.0,346
2026-02-13 00:50:00+01:00,66275.0,66365.0,66220.0,66295.0,219
2026-02-13 01:00:00+01:00,66305.0,66580.0,66185.0,66490.0,521
2026-02-13 01:10:00+01:00,66480.0,66540.0,66225.0,66235.0,215
2026-02-13 01:20:00+01:00,66210.0,66275.0,66070.0,66085.0,345
2026-02-13 01:30:00+01:00,66110.0,66190.0,65955.0,66175.0,267
2026-02-13 01:40:00+01:00,66175.0,66215.0,65935.0,66035.0,295
2026-02-13 01:50:00+01:00,66010.0,66115.0,65915.0,65995.0,258
2026-02-13 02:00:00+01:00,65980.0,66330.0,65980.0,66250.0,514
2026-02-13 02:10:00+01:00,66285.0,66370.0,66225.0,66285.0,99
2026-02-13 02:20:00+01:00,66330.0,66330.0,66145.0,66290.0,195
2026-02-13 02:30:00+01:00,66310.0,66545.0,66310.0,66520.0,130
2026-02-13 02:40:00+01:00,66550.0,66685.0,66490.0,66595.0,455
2026-02-13 02:50:00+01:00,66605.0,66615.0,66390.0,66520.0,274
2026-02-13 03:00:00+01:00,66470.0,66600.0,66435.0,66600.0,108
2026-02-13 03:10:00+01:00,66620.0,66635.0,66525.0,66525.0,176
2026-02-13 03:20:00+01:00,66550.0,66725.0,66415.0,66625.0,207
2026-02-13 03:30:00+01:00,66610.0,66695.0,66555.0,66565.0,79
2026-02-13 03:50:00+01:00,66625.0,66855.0,66625.0,66745.0,238
2026-02-13 04:10:00+01:00,66645.0,66675.0,66550.0,66670.0,165
2026-02-13 04:20:00+01:00,66650.0,66770.0,66595.0,66770.0,110
2026-02-13 04:30:00+01:00,66750.0,66885.0,66670.0,66745.0,136
2026-02-13 04:40:00+01:00,66730.0,66805.0,66590.0,66595.0,102
2026-02-13 04:50:00+01:00,66625.0,66625.0,66525.0,66600.0,139
2026-02-13 05:00:00+01:00,66635.0,66700.0,66510.0,66570.0,217
2026-02-13 05:10:00+01:00,66595.0,66755.0,66530.0,66720.0,150
2026-02-13 05:20:00+01:00,66725.0,66735.0,66535.0,66535.0,153
2026-02-13 05:40:00+01:00,66505.0,66510.0,66345.0,66405.0,157
2026-02-13 05:50:00+01:00,66395.0,66530.0,66365.0,66390.0,142
2026-02-13 06:00:00+01:00,66415.0,66515.0,66275.0,66320.0,214
2026-02-13 06:10:00+01:00,66365.0,66400.0,66295.0,66375.0,109
2026-02-13 06:30:00+01:00,66365.0,66535.0,66360.0,66420.0,117
2026-02-13 06:40:00+01:00,66415.0,66560.0,66405.0,66485.0,109
2026-02-13 06:50:00+01:00,66535.0,66535.0,66215.0,66225.0,226
2026-02-13 07:00:00+01:00,66245.0,66330.0,66205.0,66300.0,203
2026-02-13 07:10:00+01:00,66315.0,66375.0,66240.0,66260.0,148
2026-02-13 07:20:00+01:00,66290.0,66310.0,66070.0,66145.0,215
2026-02-13 07:30:00+01:00,66140.0,66190.0,66065.0,66120.0,147
2026-02-13 07:50:00+01:00,66185.0,66490.0,66185.0,66440.0,159
2026-02-13 08:10:00+01:00,66500.0,66650.0,66500.0,66515.0,288
2026-02-13 08:30:00+01:00,66565.0,66570.0,66225.0,66295.0,161
2026-02-13 08:40:00+01:00,66285.0,66285.0,66125.0,66210.0,54
2026-02-13 08:50:00+01:00,66185.0,66375.0,66095.0,66260.0,211
2026-02-13 09:10:00+01:00,66365.0,66430.0,66280.0,66385.0,134
2026-02-13 09:30:00+01:00,66455.0,66630.0,66435.0,66520.0,182
2026-02-13 09:40:00+01:00,66515.0,66835.0,66500.0,66745.0,236
2026-02-13 09:50:00+01:00,66710.0,66795.0,66670.0,66795.0,411
2026-02-13 10:00:00+01:00,66765.0,66900.0,66695.0,66855.0,438
2026-02-13 10:10:00+01:00,66850.0,66945.0,66725.0,66800.0,262
2026-02-13 10:20:00+01:00,66810.0,66925.0,66770.0,66925.0,234
2026-02-13 10:30:00+01:00,66905.0,67025.0,66865.0,66960.0,201
2026-02-13 10:40:00+01:00,66945.0,67175.0,66920.0,67110.0,287
2026-02-13 10:50:00+01:00,67115.0,67130.0,67005.0,67070.0,274
2026-02-13 11:00:00+01:00,67030.0,67050.0,66895.0,66920.0,146
2026-02-13 11:10:00+01:00,66950.0,67175.0,66930.0,67095.0,150
2026-02-13 11:20:00+01:00,67030.0,67040.0,66885.0,66980.0,107
2026-02-13 11:40:00+01:00,67020.0,67215.0,67020.0,67125.0,393
2026-02-13 11:50:00+01:00,67115.0,67170.0,67065.0,67080.0,227
2026-02-13 12:00:00+01:00,67065.0,67145.0,66945.0,67020.0,353
2026-02-13 12:10:00+01:00,67025.0,67040.0,66930.0,67040.0,145
2026-02-13 12:20:00+01:00,67025.0,67110.0,66980.0,67065.0,300
2026-02-13 12:40:00+01:00,67035.0,67150.0,67010.0,67110.0,336
2026-02-13 12:50:00+01:00,67110.0,67345.0,67090.0,67260.0,408
2026-02-13 13:00:00+01:00,67260.0,67270.0,67035.0,67130.0,225
2026-02-13 13:10:00+01:00,67105.0,67195.0,67030.0,67095.0,93
2026-02-13 13:20:00+01:00,67100.0,67230.0,67100.0,67230.0,308
2026-02-13 13:50:00+01:00,67215.0,67330.0,67145.0,67165.0,264
2026-02-13 14:10:00+01:00,67060.0,67200.0,67025.0,67185.0,306
2026-02-13 14:20:00+01:00,67195.0,67555.0,67120.0,67490.0,1179
2026-02-13 14:30:00+01:00,67440.0,67740.0,67320.0,67405.0,2469
2026-02-13 14:40:00+01:00,67395.0,67510.0,67205.0,67390.0,814
2026-02-13 14:50:00+01:00,67410.0,67520.0,67345.0,67405.0,295
2026-02-13 15:00:00+01:00,67360.0,67410.0,67215.0,67325.0,376
2026-02-13 15:10:00+01:00,67385.0,67460.0,67230.0,67425.0,286
2026-02-13 15:20:00+01:00,67430.0,67490.0,67285.0,67405.0,637
2026-02-13 15:30:00+01:00,67415.0,67715.0,67280.0,67515.0,2929
2026-02-13 15:40:00+01:00,67470.0,68155.0,66925.0,67990.0,5121
2026-02-13 15:50:00+01:00,68000.0,68080.0,67705.0,67840.0,2024
2026-02-13 16:00:00+01:00,67880.0,68415.0,67790.0,68395.0,2026
2026-02-13 16:10:00+01:00,68390.0,68740.0,68315.0,68385.0,3005
2026-02-13 16:20:00+01:00,68385.0,69050.0,68230.0,69050.0,1976
2026-02-13 16:30:00+01:00,69055.0,69435.0,69015.0,69085.0,3068
2026-02-13 16:40:00+01:00,69080.0,69150.0,68490.0,68510.0,2362
2026-02-13 16:50:00+01:00,68535.0,68840.0,68510.0,68790.0,1647
2026-02-13 17:00:00+01:00,68785.0,69285.0,68635.0,69170.0,1990
2026-02-13 17:10:00+01:00,69125.0,69295.0,68935.0,69095.0,1344
2026-02-13 17:20:00+01:00,69090.0,69255.0,68920.0,69210.0,1189
2026-02-13 17:30:00+01:00,69190.0,69600.0,69095.0,69490.0,1543
2026-02-13 17:40:00+01:00,69480.0,69500.0,69130.0,69175.0,717
2026-02-13 17:50:00+01:00,69160.0,69345.0,69000.0,69060.0,674
2026-02-13 18:00:00+01:00,69075.0,69175.0,68745.0,68755.0,1128
2026-02-13 18:10:00+01:00,68760.0,69195.0,68750.0,69090.0,1047
2026-02-13 18:20:00+01:00,69060.0,69280.0,68985.0,69070.0,616
2026-02-13 18:30:00+01:00,69090.0,69310.0,69055.0,69285.0,428
2026-02-13 18:40:00+01:00,69285.0,69390.0,69125.0,69260.0,504
2026-02-13 18:50:00+01:00,69255.0,69290.0,69130.0,69145.0,330
2026-02-13 19:00:00+01:00,69165.0,69330.0,69025.0,69295.0,729
2026-02-13 19:10:00+01:00,69295.0,69345.0,69020.0,69100.0,629
2026-02-13 19:20:00+01:00,69105.0,69290.0,69100.0,69185.0,394
2026-02-13 19:30:00+01:00,69180.0,69405.0,69120.0,69375.0,567
2026-02-13 19:40:00+01:00,69350.0,69530.0,69290.0,69315.0,442
2026-02-13 19:50:00+01:00,69290.0,69405.0,69200.0,69240.0,344
2026-02-13 20:00:00+01:00,69225.0,69310.0,69080.0,69200.0,287
2026-02-13 20:10:00+01:00,69245.0,69330.0,69185.0,69310.0,332
2026-02-13 20:20:00+01:00,69295.0,69360.0,69120.0,69125.0,324
2026-02-13 20:30:00+01:00,69115.0,69240.0,69075.0,69130.0,511
2026-02-13 20:40:00+01:00,69135.0,69175.0,69010.0,69105.0,433
2026-02-13 20:50:00+01:00,69155.0,69200.0,69025.0,69040.0,436
2026-02-13 21:00:00+01:00,69030.0,69095.0,68950.0,69040.0,324
2026-02-13 21:10:00+01:00,69050.0,69080.0,68805.0,68960.0,681
2026-02-13 21:20:00+01:00,68925.0,69010.0,68825.0,68925.0,519
2026-02-13 21:30:00+01:00,68920.0,69070.0,68820.0,68890.0,567
2026-02-13 21:40:00+01:00,68925.0,68985.0,68870.0,68950.0,722
2026-02-13 21:50:00+01:00,68935.0,68980.0,68770.0,68845.0,2146
2026-02-13 22:00:00+01:00,68855.0,69145.0,68810.0,69100.0,1248
2026-02-13 22:10:00+01:00,69075.0,69205.0,69035.0,69045.0,526
2026-02-13 22:20:00+01:00,69055.0,69135.0,68990.0,69005.0,198
2026-02-13 22:30:00+01:00,69025.0,69025.0,68905.0,68955.0,264
2026-02-13 22:40:00+01:00,68955.0,69055.0,68925.0,69040.0,167
2026-02-13 22:50:00+01:00,69050.0,69050.0,68880.0,69000.0,261
2026-02-16 00:00:00+01:00,69040.0,69245.0,68355.0,68415.0,1539
2026-02-16 00:10:00+01:00,68435.0,68645.0,68425.0,68580.0,575
2026-02-16 00:20:00+01:00,68565.0,68750.0,68470.0,68715.0,382
2026-02-16 00:30:00+01:00,68750.0,68870.0,68620.0,68620.0,222
2026-02-16 00:40:00+01:00,68635.0,68820.0,68635.0,68730.0,131
2026-02-16 00:50:00+01:00,68815.0,68930.0,68815.0,68900.0,117
2026-02-16 01:00:00+01:00,68905.0,69070.0,68810.0,69035.0,285
2026-02-16 01:10:00+01:00,69055.0,69140.0,68935.0,68935.0,236
2026-02-16 01:20:00+01:00,68925.0,68965.0,68815.0,68900.0,236
2026-02-16 01:30:00+01:00,68885.0,69040.0,68885.0,68915.0,97
2026-02-16 02:00:00+01:00,68890.0,69065.0,68840.0,69050.0,130
2026-02-16 02:10:00+01:00,69040.0,69140.0,68925.0,68960.0,188
2026-02-16 02:20:00+01:00,68905.0,68915.0,68705.0,68770.0,225
2026-02-16 02:30:00+01:00,68805.0,68835.0,68505.0,68525.0,312
2026-02-16 02:40:00+01:00,68545.0,68745.0,68480.0,68745.0,285
2026-02-16 03:00:00+01:00,68680.0,68820.0,68635.0,68705.0,209
2026-02-16 03:10:00+01:00,68610.0,68670.0,68500.0,68525.0,136
2026-02-16 03:20:00+01:00,68500.0,68515.0,68395.0,68425.0,154
2026-02-16 03:30:00+01:00,68470.0,68590.0,68395.0,68505.0,155
2026-02-16 03:40:00+01:00,68535.0,68580.0,68390.0,68395.0,111
2026-02-16 04:00:00+01:00,68415.0,68475.0,68375.0,68410.0,66
2026-02-16 04:10:00+01:00,68425.0,68505.0,68380.0,68400.0,119
2026-02-16 04:20:00+01:00,68395.0,68415.0,68195.0,68235.0,201
2026-02-16 04:30:00+01:00,68230.0,68300.0,68180.0,68295.0,126
2026-02-16 04:40:00+01:00,68295.0,68470.0,68275.0,68470.0,150
2026-02-16 04:50:00+01:00,68460.0,68505.0,68420.0,68465.0,103
2026-02-16 05:00:00+01:00,68475.0,68695.0,68475.0,68685.0,107
2026-02-16 05:10:00+01:00,68665.0,68815.0,68650.0,68815.0,189
2026-02-16 05:20:00+01:00,68780.0,68850.0,68775.0,68815.0,84
2026-02-16 05:30:00+01:00,68850.0,68860.0,68725.0,68765.0,148
2026-02-16 05:50:00+01:00,68795.0,68950.0,68790.0,68930.0,67
2026-02-16 06:00:00+01:00,68950.0,68955.0,68680.0,68760.0,77
2026-02-16 06:10:00+01:00,68735.0,68755.0,68500.0,68570.0,155
2026-02-16 06:20:00+01:00,68555.0,68595.0,68455.0,68525.0,83
2026-02-16 06:40:00+01:00,68365.0,68455.0,68350.0,68435.0,114
2026-02-16 06:50:00+01:00,68450.0,68510.0,68430.0,68445.0,112
2026-02-16 07:30:00+01:00,68400.0,68590.0,68385.0,68545.0,150
2026-02-16 08:00:00+01:00,68505.0,68605.0,68440.0,68605.0,147
2026-02-16 08:40:00+01:00,68550.0,68640.0,68500.0,68635.0,79
2026-02-16 09:00:00+01:00,68635.0,68750.0,68635.0,68705.0,65
2026-02-16 09:50:00+01:00,68775.0,68890.0,68740.0,68850.0,182
2026-02-16 10:00:00+01:00,68870.0,69060.0,68835.0,68955.0,446
2026-02-16 10:40:00+01:00,69145.0,69170.0,69025.0,69080.0,170
2026-02-16 11:20:00+01:00,69015.0,69030.0,68790.0,68905.0,110
2026-02-16 11:30:00+01:00,68895.0,69035.0,68840.0,68890.0,146
2026-02-16 11:40:00+01:00,68890.0,68930.0,68845.0,68920.0,280
2026-02-16 12:40:00+01:00,68720.0,68770.0,68640.0,68735.0,33
2026-02-16 13:00:00+01:00,68915.0,69080.0,68915.0,69075.0,198
2026-02-16 13:20:00+01:00,68925.0,69715.0,68890.0,69595.0,740
2026-02-16 13:30:00+01:00,69585.0,69605.0,69350.0,69595.0,345
2026-02-16 13:40:00+01:00,69595.0,69630.0,69390.0,69565.0,461
2026-02-16 13:50:00+01:00,69590.0,69920.0,69555.0,69835.0,548
2026-02-16 14:00:00+01:00,69850.0,70190.0,69765.0,69805.0,633
2026-02-16 14:10:00+01:00,69825.0,69825.0,69655.0,69660.0,237
2026-02-16 14:20:00+01:00,69655.0,69675.0,68590.0,68700.0,1110
2026-02-16 14:30:00+01:00,68715.0,68970.0,68345.0,68405.0,849
2026-02-16 14:40:00+01:00,68395.0,68570.0,68315.0,68370.0,355
2026-02-16 14:50:00+01:00,68345.0,68495.0,68260.0,68435.0,598
2026-02-16 15:00:00+01:00,68435.0,68610.0,68305.0,68525.0,355
2026-02-16 15:10:00+01:00,68515.0,68585.0,68310.0,68550.0,244
2026-02-16 15:20:00+01:00,68520.0,68690.0,68300.0,68355.0,362
2026-02-16 15:30:00+01:00,68380.0,68655.0,68380.0,68540.0,413
2026-02-16 15:50:00+01:00,68635.0,68770.0,68315.0,68450.0,422
2026-02-16 16:00:00+01:00,68445.0,68610.0,68440.0,68580.0,289
2026-02-16 16:10:00+01:00,68535.0,68560.0,68285.0,68335.0,483
2026-02-16 16:20:00+01:00,68345.0,68440.0,68235.0,68270.0,222
2026-02-16 16:30:00+01:00,68250.0,68260.0,67325.0,67400.0,2463
2026-02-16 16:40:00+01:00,67450.0,67610.0,67315.0,67510.0,518
2026-02-16 16:50:00+01:00,67525.0,67760.0,67510.0,67550.0,316
2026-02-16 17:00:00+01:00,67555.0,67855.0,67535.0,67780.0,311
2026-02-16 17:10:00+01:00,67790.0,67885.0,67595.0,67605.0,370
2026-02-16 17:20:00+01:00,67630.0,67850.0,67575.0,67795.0,281
2026-02-16 17:30:00+01:00,67810.0,67870.0,67675.0,67705.0,196
2026-02-16 17:40:00+01:00,67680.0,68010.0,67640.0,67945.0,269
2026-02-16 17:50:00+01:00,67930.0,67985.0,67825.0,67945.0,256
2026-02-16 18:00:00+01:00,67935.0,68045.0,67810.0,67810.0,270
2026-02-16 18:10:00+01:00,67815.0,67850.0,67640.0,67730.0,249
2026-02-16 18:20:00+01:00,67750.0,68025.0,67735.0,68000.0,139
2026-02-16 18:40:00+01:00,68135.0,68135.0,67965.0,68010.0,208
2026-02-16 18:50:00+01:00,67995.0,68035.0,67950.0,68035.0,102
2026-02-16 19:10:00+01:00,68170.0,68240.0,68100.0,68165.0,210
2026-02-16 19:30:00+01:00,68125.0,68175.0,68010.0,68040.0,191
2026-02-16 20:10:00+01:00,67980.0,68055.0,67905.0,67905.0,62
2026-02-16 21:40:00+01:00,68125.0,68340.0,68120.0,68265.0,115
2026-02-16 21:50:00+01:00,68270.0,68595.0,68270.0,68570.0,278
2026-02-16 22:00:00+01:00,68580.0,68625.0,68465.0,68615.0,195
2026-02-16 22:30:00+01:00,68570.0,68690.0,68505.0,68565.0,139
2026-02-16 22:40:00+01:00,68540.0,68630.0,68500.0,68600.0,76
2026-02-16 22:50:00+01:00,68580.0,68990.0,68565.0,68885.0,278
2026-02-17 00:00:00+01:00,68830.0,68850.0,68610.0,68745.0,726
2026-02-17 00:20:00+01:00,68790.0,68835.0,68695.0,68725.0,104
2026-02-17 00:30:00+01:00,68710.0,68800.0,68695.0,68775.0,75
2026-02-17 00:40:00+01:00,68785.0,68970.0,68735.0,68950.0,191
2026-02-17 00:50:00+01:00,68960.0,69065.0,68915.0,68955.0,325
2026-02-17 01:00:00+01:00,68965.0,68970.0,68805.0,68905.0,149
2026-02-17 01:10:00+01:00,68895.0,68955.0,68750.0,68805.0,221
2026-02-17 01:30:00+01:00,68965.0,68965.0,68875.0,68955.0,60
2026-02-17 01:40:00+01:00,68995.0,69120.0,68885.0,69090.0,234
2026-02-17 01:50:00+01:00,69090.0,69095.0,68890.0,68935.0,84
2026-02-17 02:00:00+01:00,68945.0,69030.0,68815.0,68955.0,213
2026-02-17 02:20:00+01:00,68985.0,69035.0,68910.0,68915.0,86
2026-02-17 02:50:00+01:00,68855.0,68865.0,68585.0,68635.0,440
2026-02-17 03:00:00+01:00,68640.0,68860.0,68405.0,68845.0,463
2026-02-17 03:10:00+01:00,68870.0,69310.0,68870.0,69065.0,579
2026-02-17 03:20:00+01:00,69060.0,69170.0,69060.0,69075.0,74
2026-02-17 03:50:00+01:00,69050.0,69080.0,68860.0,68860.0,93
2026-02-17 04:00:00+01:00,68860.0,68880.0,68660.0,68735.0,193
2026-02-17 04:30:00+01:00,68650.0,68655.0,68490.0,68575.0,451
2026-02-17 04:50:00+01:00,68540.0,68595.0,68475.0,68475.0,178
2026-02-17 05:00:00+01:00,68475.0,68545.0,68395.0,68515.0,188
2026-02-17 05:10:00+01:00,68530.0,68640.0,68490.0,68570.0,154
2026-02-17 05:30:00+01:00,68605.0,68605.0,68300.0,68470.0,249
2026-02-17 06:20:00+01:00,68205.0,68240.0,67935.0,68085.0,507
2026-02-17 06:30:00+01:00,68085.0,68120.0,67935.0,68100.0,208
2026-02-17 06:40:00+01:00,68100.0,68260.0,68075.0,68255.0,174
2026-02-17 06:50:00+01:00,68230.0,68330.0,68205.0,68285.0,122
2026-02-17 07:00:00+01:00,68310.0,68470.0,68285.0,68460.0,200
2026-02-17 07:20:00+01:00,68400.0,68555.0,68340.0,68505.0,288
2026-02-17 07:40:00+01:00,68515.0,68585.0,68450.0,68450.0,77
2026-02-17 08:20:00+01:00,68340.0,68405.0,68245.0,68250.0,75
2026-02-17 08:30:00+01:00,68275.0,68530.0,68205.0,68530.0,151
2026-02-17 08:40:00+01:00,68495.0,68525.0,68415.0,68505.0,69
2026-02-17 08:50:00+01:00,68505.0,68545.0,68420.0,68420.0,89
2026-02-17 10:10:00+01:00,68260.0,68260.0,68005.0,68060.0,281
2026-02-17 10:20:00+01:00,68060.0,68125.0,67990.0,68025.0,435
2026-02-17 10:40:00+01:00,68035.0,68205.0,67990.0,68065.0,371
2026-02-17 10:50:00+01:00,68080.0,68205.0,68065.0,68135.0,267
2026-02-17 11:00:00+01:00,68135.0,68215.0,68125.0,68210.0,247
2026-02-17 11:10:00+01:00,68215.0,68245.0,67795.0,67875.0,283
2026-02-17 11:20:00+01:00,67895.0,67995.0,67890.0,67955.0,117
2026-02-17 11:30:00+01:00,67950.0,67980.0,67775.0,67880.0,362
2026-02-17 11:40:00+01:00,67875.0,67890.0,67760.0,67840.0,184
2026-02-17 11:50:00+01:00,67835.0,67865.0,67715.0,67865.0,266
2026-02-17 12:00:00+01:00,67855.0,67930.0,67680.0,67845.0,278
2026-02-17 12:10:00+01:00,67840.0,67940.0,67825.0,67900.0,205
2026-02-17 12:20:00+01:00,67895.0,67940.0,67760.0,67925.0,198
2026-02-17 12:30:00+01:00,67935.0,67950.0,67805.0,67825.0,108
2026-02-17 12:40:00+01:00,67815.0,67840.0,67745.0,67825.0,98
2026-02-17 12:50:00+01:00,67830.0,67930.0,67815.0,67885.0,139
2026-02-17 13:00:00+01:00,67875.0,68200.0,67855.0,68160.0,436
2026-02-17 13:10:00+01:00,68135.0,68170.0,68050.0,68095.0,151
2026-02-17 13:20:00+01:00,68125.0,68200.0,68085.0,68130.0,132
2026-02-17 13:30:00+01:00,68140.0,68335.0,68120.0,68205.0,253
2026-02-17 14:00:00+01:00,67970.0,67995.0,67735.0,67980.0,431
2026-02-17 14:10:00+01:00,68030.0,68155.0,67985.0,68055.0,232
2026-02-17 14:20:00+01:00,68095.0,68385.0,68055.0,68140.0,373
2026-02-17 14:30:00+01:00,68135.0,68145.0,67960.0,68070.0,387
2026-02-17 14:40:00+01:00,68070.0,68070.0,67985.0,68050.0,108
2026-02-17 14:50:00+01:00,68040.0,68390.0,68035.0,68155.0,840
2026-02-17 15:00:00+01:00,68165.0,68370.0,68070.0,68205.0,433
2026-02-17 15:10:00+01:00,68200.0,68245.0,68100.0,68205.0,436
2026-02-17 15:20:00+01:00,68190.0,68190.0,68010.0,68065.0,367
2026-02-17 15:30:00+01:00,68085.0,68320.0,67480.0,67660.0,2165
2026-02-17 15:40:00+01:00,67630.0,67660.0,66850.0,67105.0,2821
2026-02-17 15:50:00+01:00,67135.0,67150.0,66700.0,66875.0,2026
2026-02-17 16:00:00+01:00,66850.0,67250.0,66850.0,67035.0,977
2026-02-17 16:10:00+01:00,67095.0,67190.0,66810.0,67185.0,1023
2026-02-17 16:20:00+01:00,67190.0,67215.0,66745.0,66865.0,558
2026-02-17 16:30:00+01:00,66900.0,67010.0,66625.0,66825.0,1214
2026-02-17 16:40:00+01:00,66880.0,67325.0,66855.0,67245.0,806
2026-02-17 16:50:00+01:00,67230.0,67470.0,67145.0,67415.0,1123
2026-02-17 17:00:00+01:00,67460.0,68045.0,67370.0,67810.0,2103
2026-02-17 17:10:00+01:00,67800.0,68035.0,67705.0,68000.0,1056
2026-02-17 17:20:00+01:00,67995.0,68005.0,67550.0,67590.0,462
2026-02-17 17:30:00+01:00,67585.0,68230.0,67480.0,68020.0,1421
2026-02-17 17:40:00+01:00,68020.0,68025.0,67590.0,67595.0,588
2026-02-17 17:50:00+01:00,67635.0,67860.0,67555.0,67575.0,429
2026-02-17 18:00:00+01:00,67575.0,67780.0,67510.0,67570.0,228
2026-02-17 18:10:00+01:00,67560.0,67580.0,67130.0,67420.0,986
2026-02-17 18:20:00+01:00,67430.0,67545.0,67240.0,67540.0,348
2026-02-17 18:30:00+01:00,67550.0,67575.0,67100.0,67235.0,820
2026-02-17 18:40:00+01:00,67230.0,67245.0,66910.0,67160.0,892
2026-02-17 18:50:00+01:00,67200.0,67370.0,67130.0,67310.0,571
2026-02-17 19:00:00+01:00,67310.0,67325.0,67175.0,67300.0,162
2026-02-17 19:10:00+01:00,67310.0,67455.0,67260.0,67330.0,495
2026-02-17 19:20:00+01:00,67350.0,67905.0,67350.0,67815.0,1042
2026-02-17 19:30:00+01:00,67815.0,67945.0,67760.0,67920.0,464
2026-02-17 19:40:00+01:00,67920.0,68185.0,67900.0,67985.0,1247
2026-02-17 19:50:00+01:00,67975.0,68285.0,67960.0,68175.0,854
2026-02-17 20:00:00+01:00,68175.0,68215.0,68065.0,68125.0,312
2026-02-17 20:10:00+01:00,68150.0,68340.0,67950.0,67950.0,578
2026-02-17 20:20:00+01:00,67995.0,68195.0,67930.0,67935.0,471
2026-02-17 20:30:00+01:00,67970.0,68010.0,67880.0,67960.0,183
2026-02-17 20:40:00+01:00,67965.0,68140.0,67915.0,67985.0,296
2026-02-17 20:50:00+01:00,68005.0,68005.0,67815.0,67850.0,311
2026-02-17 21:00:00+01:00,67875.0,67920.0,67600.0,67625.0,447
2026-02-17 21:20:00+01:00,67625.0,67870.0,67540.0,67820.0,423
2026-02-17 21:30:00+01:00,67815.0,67815.0,67605.0,67770.0,170
2026-02-17 21:40:00+01:00,67825.0,68010.0,67825.0,67890.0,226
2026-02-17 21:50:00+01:00,67885.0,67920.0,67795.0,67835.0,613
2026-02-17 22:00:00+01:00,67820.0,67860.0,67735.0,67790.0,615
2026-02-17 22:10:00+01:00,67795.0,68000.0,67775.0,67815.0,162
2026-02-17 22:20:00+01:00,67825.0,67825.0,67610.0,67620.0,309
2026-02-17 22:30:00+01:00,67625.0,67635.0,67595.0,67600.0,156
2026-02-17 22:40:00+01:00,67630.0,67725.0,67600.0,67705.0,215
2026-02-17 22:50:00+01:00,67650.0,67750.0,67650.0,67750.0,150
2026-02-18 00:00:00+01:00,67770.0,67770.0,67410.0,67485.0,378
2026-02-18 00:10:00+01:00,67485.0,67635.0,67435.0,67630.0,189
2026-02-18 01:00:00+01:00,67540.0,67690.0,67540.0,67670.0,162
2026-02-18 01:10:00+01:00,67670.0,67715.0,67600.0,67650.0,88
2026-02-18 01:40:00+01:00,67630.0,67630.0,67355.0,67410.0,267
2026-02-18 01:50:00+01:00,67410.0,67425.0,67305.0,67350.0,204
2026-02-18 02:00:00+01:00,67395.0,67420.0,67110.0,67135.0,665
2026-02-18 02:10:00+01:00,67125.0,67200.0,67080.0,67155.0,198
2026-02-18 02:20:00+01:00,67175.0,67295.0,67060.0,67065.0,179
2026-02-18 02:30:00+01:00,67055.0,67105.0,66925.0,67000.0,325
2026-02-18 02:40:00+01:00,67005.0,67215.0,66965.0,67140.0,260
2026-02-18 02:50:00+01:00,67125.0,67205.0,67095.0,67195.0,63
2026-02-18 03:00:00+01:00,67200.0,67440.0,67200.0,67420.0,281
2026-02-18 03:30:00+01:00,67285.0,67480.0,67245.0,67415.0,94
2026-02-18 03:40:00+01:00,67425.0,67455.0,67295.0,67310.0,165
2026-02-18 04:10:00+01:00,67420.0,67530.0,67415.0,67485.0,120
2026-02-18 04:30:00+01:00,67605.0,67735.0,67575.0,67670.0,284
2026-02-18 04:40:00+01:00,67640.0,67750.0,67640.0,67725.0,169
2026-02-18 04:50:00+01:00,67725.0,67795.0,67680.0,67680.0,204
2026-02-18 05:20:00+01:00,67770.0,67780.0,67680.0,67740.0,203
2026-02-18 05:30:00+01:00,67760.0,67840.0,67705.0,67785.0,109
2026-02-18 05:50:00+01:00,67830.0,67990.0,67815.0,67890.0,277
2026-02-18 06:00:00+01:00,67880.0,67900.0,67830.0,67850.0,106
2026-02-18 06:10:00+01:00,67860.0,68020.0,67845.0,68000.0,244
2026-02-18 06:20:00+01:00,68010.0,68040.0,67795.0,67815.0,330
2026-02-18 08:40:00+01:00,68060.0,68320.0,68025.0,68270.0,384
2026-02-18 08:50:00+01:00,68250.0,68300.0,68185.0,68195.0,135
2026-02-18 09:10:00+01:00,68250.0,68540.0,68250.0,68410.0,625
2026-02-18 09:20:00+01:00,68415.0,68570.0,68340.0,68390.0,229
2026-02-18 09:30:00+01:00,68410.0,68415.0,68220.0,68240.0,198
2026-02-18 09:40:00+01:00,68250.0,68300.0,68220.0,68245.0,126
2026-02-18 09:50:00+01:00,68255.0,68305.0,68155.0,68225.0,74
2026-02-18 10:00:00+01:00,68225.0,68240.0,68105.0,68130.0,103
2026-02-18 10:10:00+01:00,68150.0,68365.0,68130.0,68315.0,181
2026-02-18 10:30:00+01:00,68240.0,68345.0,68210.0,68315.0,94
2026-02-18 11:20:00+01:00,68125.0,68130.0,68025.0,68125.0,201
2026-02-18 11:40:00+01:00,67955.0,67990.0,67785.0,67870.0,480
2026-02-18 11:50:00+01:00,67850.0,67910.0,67810.0,67840.0,231
2026-02-18 12:00:00+01:00,67840.0,67850.0,67180.0,67220.0,801
2026-02-18 12:10:00+01:00,67220.0,67485.0,67125.0,67355.0,472
2026-02-18 12:20:00+01:00,67400.0,67540.0,67345.0,67515.0,216
2026-02-18 12:30:00+01:00,67500.0,67635.0,67455.0,67570.0,193
2026-02-18 12:50:00+01:00,67610.0,67620.0,67430.0,67440.0,129
2026-02-18 13:10:00+01:00,67605.0,67715.0,67595.0,67610.0,125
2026-02-18 13:20:00+01:00,67600.0,67645.0,67530.0,67615.0,83
2026-02-18 13:30:00+01:00,67630.0,67635.0,67395.0,67525.0,366
2026-02-18 13:40:00+01:00,67510.0,67635.0,67500.0,67635.0,142
2026-02-18 14:00:00+01:00,67575.0,67635.0,67445.0,67600.0,213
2026-02-18 14:10:00+01:00,67610.0,67640.0,67510.0,67520.0,282
2026-02-18 14:20:00+01:00,67535.0,67565.0,67450.0,67510.0,233
2026-02-18 14:30:00+01:00,67515.0,67540.0,67400.0,67425.0,382
2026-02-18 14:40:00+01:00,67425.0,67425.0,67170.0,67195.0,711
2026-02-18 14:50:00+01:00,67195.0,67305.0,67080.0,67290.0,610
2026-02-18 15:00:00+01:00,67340.0,67420.0,67265.0,67375.0,397
2026-02-18 15:10:00+01:00,67350.0,67355.0,67115.0,67175.0,504
2026-02-18 15:20:00+01:00,67175.0,67255.0,67095.0,67095.0,769
2026-02-18 15:30:00+01:00,67120.0,67385.0,67045.0,67215.0,1251
2026-02-18 15:40:00+01:00,67215.0,67410.0,66745.0,66810.0,2534
2026-02-18 15:50:00+01:00,66805.0,67350.0,66805.0,67280.0,1389
2026-02-18 16:00:00+01:00,67290.0,67635.0,67260.0,67450.0,1504
2026-02-18 16:10:00+01:00,67450.0,67605.0,67325.0,67475.0,971
2026-02-18 16:20:00+01:00,67475.0,67585.0,67390.0,67395.0,530
2026-02-18 16:30:00+01:00,67390.0,68250.0,67380.0,68225.0,2296
2026-02-18 16:40:00+01:00,68220.0,68455.0,67930.0,67930.0,1978
2026-02-18 16:50:00+01:00,67940.0,68025.0,67690.0,67775.0,790
2026-02-18 17:00:00+01:00,67785.0,67790.0,67120.0,67180.0,2475
2026-02-18 17:10:00+01:00,67180.0,67300.0,67030.0,67265.0,1870
2026-02-18 17:20:00+01:00,67270.0,67430.0,67175.0,67340.0,691
2026-02-18 17:30:00+01:00,67335.0,67395.0,67090.0,67270.0,718
2026-02-18 17:40:00+01:00,67265.0,67360.0,67190.0,67195.0,223
2026-02-18 18:00:00+01:00,67200.0,67570.0,67180.0,67380.0,449
2026-02-18 18:10:00+01:00,67390.0,67420.0,67105.0,67245.0,529
2026-02-18 18:20:00+01:00,67230.0,67260.0,67130.0,67190.0,161
2026-02-18 18:30:00+01:00,67200.0,67310.0,67170.0,67275.0,378
2026-02-18 18:40:00+01:00,67285.0,67305.0,67150.0,67255.0,340
2026-02-18 18:50:00+01:00,67240.0,67325.0,67155.0,67270.0,598
2026-02-18 19:00:00+01:00,67275.0,67320.0,67145.0,67185.0,438
2026-02-18 19:10:00+01:00,67200.0,67260.0,66940.0,66960.0,359
2026-02-18 19:20:00+01:00,66965.0,66995.0,66700.0,66925.0,1769
2026-02-18 19:30:00+01:00,66920.0,67005.0,66705.0,66935.0,481
2026-02-18 19:40:00+01:00,66930.0,66930.0,66210.0,66540.0,3144
2026-02-18 19:50:00+01:00,66585.0,66585.0,66325.0,66425.0,1067
2026-02-18 20:00:00+01:00,66390.0,66595.0,66370.0,66510.0,453
2026-02-18 20:10:00+01:00,66550.0,66700.0,66320.0,66455.0,463
2026-02-18 20:20:00+01:00,66480.0,66525.0,66150.0,66260.0,703
2026-02-18 20:30:00+01:00,66305.0,66355.0,65880.0,66010.0,1084
2026-02-18 20:40:00+01:00,66015.0,66435.0,66015.0,66265.0,852
2026-02-18 20:50:00+01:00,66265.0,66355.0,66105.0,66225.0,696
2026-02-18 21:00:00+01:00,66230.0,66380.0,66180.0,66295.0,437
2026-02-18 21:20:00+01:00,66315.0,66450.0,66230.0,66415.0,351
2026-02-18 21:30:00+01:00,66365.0,66615.0,66365.0,66570.0,621
2026-02-18 21:40:00+01:00,66560.0,66590.0,66460.0,66535.0,324
2026-02-18 21:50:00+01:00,66555.0,66565.0,66250.0,66325.0,1769
2026-02-18 22:00:00+01:00,66330.0,66400.0,66155.0,66195.0,1130
2026-02-18 22:10:00+01:00,66195.0,66430.0,66185.0,66410.0,466
2026-02-18 22:20:00+01:00,66420.0,66450.0,66345.0,66445.0,244
2026-02-18 22:30:00+01:00,66455.0,66505.0,66410.0,66500.0,79
2026-02-18 22:40:00+01:00,66505.0,66520.0,66460.0,66505.0,163
2026-02-18 22:50:00+01:00,66500.0,66505.0,66295.0,66415.0,304
2026-02-19 00:00:00+01:00,66290.0,66600.0,66290.0,66335.0,282
2026-02-19 00:10:00+01:00,66335.0,66455.0,66325.0,66425.0,131
2026-02-19 00:20:00+01:00,66420.0,66445.0,66345.0,66370.0,128
2026-02-19 00:30:00+01:00,66400.0,66530.0,66390.0,66460.0,154
2026-02-19 00:40:00+01:00,66465.0,66550.0,66465.0,66525.0,100
2026-02-19 01:00:00+01:00,66500.0,66655.0,66420.0,66590.0,383
2026-02-19 01:10:00+01:00,66570.0,66605.0,66435.0,66530.0,240
2026-02-19 01:20:00+01:00,66535.0,66535.0,66370.0,66425.0,159
2026-02-19 01:30:00+01:00,66435.0,66510.0,66380.0,66495.0,185
2026-02-19 01:40:00+01:00,66520.0,66605.0,66425.0,66425.0,107
2026-02-19 02:00:00+01:00,66490.0,66675.0,66490.0,66625.0,236
2026-02-19 02:10:00+01:00,66625.0,66820.0,66595.0,66640.0,583
2026-02-19 02:20:00+01:00,66640.0,66785.0,66565.0,66730.0,306
2026-02-19 02:30:00+01:00,66725.0,66825.0,66680.0,66740.0,213
2026-02-19 02:40:00+01:00,66765.0,66895.0,66765.0,66870.0,158
2026-02-19 02:50:00+01:00,66850.0,66950.0,66805.0,66945.0,291
2026-02-19 03:00:00+01:00,66910.0,66950.0,66810.0,66910.0,538
2026-02-19 03:10:00+01:00,66915.0,66965.0,66805.0,66905.0,207
2026-02-19 03:20:00+01:00,66915.0,67035.0,66915.0,67010.0,231
2026-02-19 03:30:00+01:00,67015.0,67015.0,66720.0,66740.0,229
2026-02-19 03:40:00+01:00,66735.0,66780.0,66690.0,66745.0,112
2026-02-19 03:50:00+01:00,66755.0,66935.0,66735.0,66890.0,143
2026-02-19 04:00:00+01:00,66900.0,66955.0,66825.0,66830.0,56
2026-02-19 04:10:00+01:00,66840.0,67005.0,66780.0,66955.0,171
2026-02-19 04:20:00+01:00,66960.0,67050.0,66960.0,67035.0,105
2026-02-19 04:50:00+01:00,66955.0,67075.0,66935.0,67055.0,163
2026-02-19 05:00:00+01:00,67050.0,67170.0,67000.0,67010.0,334
2026-02-19 05:20:00+01:00,67040.0,67040.0,66930.0,66960.0,149
2026-02-19 05:40:00+01:00,67000.0,67015.0,66805.0,66885.0,330
2026-02-19 05:50:00+01:00,66900.0,66900.0,66810.0,66855.0,125
2026-02-19 06:20:00+01:00,66900.0,66910.0,66735.0,66805.0,80
2026-02-19 06:30:00+01:00,66800.0,66870.0,66775.0,66845.0,49
2026-02-19 07:00:00+01:00,66960.0,67090.0,66950.0,67050.0,129
2026-02-19 07:10:00+01:00,67040.0,67230.0,67040.0,67215.0,254
2026-02-19 07:20:00+01:00,67200.0,67320.0,67200.0,67260.0,272
2026-02-19 07:30:00+01:00,67270.0,67390.0,67155.0,67215.0,398
2026-02-19 07:40:00+01:00,67235.0,67245.0,67165.0,67230.0,133
2026-02-19 08:10:00+01:00,67160.0,67295.0,67150.0,67265.0,241
2026-02-19 08:30:00+01:00,67300.0,67425.0,67260.0,67285.0,177
2026-02-19 08:40:00+01:00,67245.0,67300.0,67215.0,67300.0,92
2026-02-19 08:50:00+01:00,67280.0,67320.0,67265.0,67300.0,51
2026-02-19 09:00:00+01:00,67310.0,67310.0,67110.0,67160.0,222
2026-02-19 09:10:00+01:00,67180.0,67190.0,67070.0,67160.0,213
2026-02-19 09:30:00+01:00,66975.0,67020.0,66860.0,66975.0,162
2026-02-19 09:40:00+01:00,67000.0,67020.0,66895.0,66925.0,134
2026-02-19 10:00:00+01:00,67025.0,67085.0,66935.0,67085.0,246
2026-02-19 10:10:00+01:00,67095.0,67120.0,67040.0,67070.0,102
2026-02-19 10:20:00+01:00,67070.0,67255.0,67035.0,67200.0,138
2026-02-19 10:30:00+01:00,67210.0,67215.0,67095.0,67100.0,82
2026-02-19 10:50:00+01:00,66840.0,66950.0,66820.0,66885.0,121
2026-02-19 11:00:00+01:00,66885.0,66945.0,66820.0,66935.0,112
2026-02-19 11:30:00+01:00,66945.0,67025.0,66870.0,67000.0,207
2026-02-19 11:40:00+01:00,66995.0,67005.0,66945.0,66945.0,48
2026-02-19 11:50:00+01:00,66910.0,66910.0,66810.0,66880.0,78
2026-02-19 12:00:00+01:00,66880.0,66960.0,66855.0,66960.0,62
2026-02-19 12:20:00+01:00,66925.0,66955.0,66860.0,66890.0,73
2026-02-19 12:30:00+01:00,66870.0,66905.0,66685.0,66745.0,232
2026-02-19 12:40:00+01:00,66750.0,66785.0,66695.0,66720.0,154
2026-02-19 12:50:00+01:00,66715.0,66715.0,66505.0,66530.0,388
2026-02-19 13:00:00+01:00,66525.0,66595.0,66360.0,66595.0,701
2026-02-19 13:10:00+01:00,66575.0,66645.0,66535.0,66550.0,165
2026-02-19 13:20:00+01:00,66585.0,66740.0,66585.0,66730.0,255
2026-02-19 13:30:00+01:00,66710.0,66725.0,66520.0,66655.0,320
2026-02-19 14:00:00+01:00,66575.0,66630.0,66265.0,66405.0,385
2026-02-19 14:10:00+01:00,66390.0,66490.0,66225.0,66280.0,500
2026-02-19 14:20:00+01:00,66295.0,66345.0,66180.0,66240.0,369
2026-02-19 14:30:00+01:00,66245.0,66360.0,66135.0,66135.0,851
2026-02-19 14:40:00+01:00,66155.0,66155.0,65820.0,65850.0,1002
2026-02-19 14:50:00+01:00,65830.0,66050.0,65795.0,65955.0,555
2026-02-19 15:00:00+01:00,65985.0,66040.0,65870.0,66020.0,519
2026-02-19 15:10:00+01:00,66000.0,66150.0,65935.0,65975.0,697
2026-02-19 15:20:00+01:00,65965.0,66110.0,65915.0,66025.0,886
2026-02-19 15:30:00+01:00,66040.0,66295.0,65670.0,66160.0,2149
2026-02-19 15:40:00+01:00,66150.0,66480.0,66095.0,66305.0,1788
2026-02-19 15:50:00+01:00,66345.0,66775.0,66310.0,66480.0,1780
2026-02-19 16:00:00+01:00,66500.0,66840.0,66430.0,66460.0,1290
2026-02-19 16:10:00+01:00,66465.0,66505.0,66100.0,66245.0,1015
2026-02-19 16:20:00+01:00,66245.0,66285.0,66015.0,66085.0,665
2026-02-19 16:30:00+01:00,66095.0,66640.0,66025.0,66490.0,624
2026-02-19 16:40:00+01:00,66495.0,66680.0,66355.0,66355.0,596
2026-02-19 16:50:00+01:00,66360.0,66495.0,66170.0,66480.0,505
2026-02-19 17:00:00+01:00,66445.0,66455.0,65920.0,66195.0,591
2026-02-19 17:10:00+01:00,66195.0,66465.0,66060.0,66370.0,480
2026-02-19 17:20:00+01:00,66405.0,66410.0,66150.0,66230.0,120
2026-02-19 17:30:00+01:00,66280.0,66595.0,66270.0,66545.0,501
2026-02-19 17:40:00+01:00,66590.0,66595.0,66335.0,66375.0,443
2026-02-19 17:50:00+01:00,66360.0,66525.0,66260.0,66385.0,282
2026-02-19 18:00:00+01:00,66360.0,66560.0,66330.0,66480.0,289
2026-02-19 18:10:00+01:00,66435.0,67155.0,66435.0,67055.0,2234
2026-02-19 18:20:00+01:00,67065.0,67070.0,66660.0,66680.0,861
2026-02-19 18:30:00+01:00,66690.0,66745.0,66525.0,66540.0,1199
2026-02-19 18:40:00+01:00,66595.0,66815.0,66450.0,66525.0,543
2026-02-19 18:50:00+01:00,66525.0,66585.0,66210.0,66410.0,852
2026-02-19 19:00:00+01:00,66430.0,66550.0,66290.0,66470.0,415
2026-02-19 19:10:00+01:00,66465.0,66735.0,66395.0,66635.0,542
2026-02-19 19:20:00+01:00,66630.0,67015.0,66540.0,66970.0,745
2026-02-19 19:30:00+01:00,66990.0,67035.0,66780.0,66900.0,808
2026-02-19 19:40:00+01:00,66900.0,67175.0,66880.0,67100.0,677
2026-02-19 19:50:00+01:00,67070.0,67155.0,66970.0,67110.0,527
2026-02-19 20:00:00+01:00,67115.0,67315.0,66945.0,67180.0,628
2026-02-19 20:10:00+01:00,67210.0,67210.0,66935.0,67075.0,599
2026-02-19 20:20:00+01:00,67065.0,67170.0,66975.0,66995.0,231
2026-02-19 20:30:00+01:00,67015.0,67035.0,66790.0,66795.0,251
2026-02-19 20:40:00+01:00,66810.0,67000.0,66780.0,66920.0,394
2026-02-19 20:50:00+01:00,66925.0,67220.0,66925.0,67145.0,652
2026-02-19 21:00:00+01:00,67140.0,67230.0,67060.0,67090.0,321
2026-02-19 21:10:00+01:00,67095.0,67110.0,66900.0,67020.0,406
2026-02-19 21:20:00+01:00,67020.0,67075.0,66960.0,67025.0,268
2026-02-19 21:30:00+01:00,67005.0,67135.0,66975.0,66975.0,281
2026-02-19 21:40:00+01:00,66980.0,67275.0,66980.0,67200.0,404
2026-02-19 21:50:00+01:00,67170.0,67280.0,67135.0,67215.0,1118
2026-02-19 22:00:00+01:00,67220.0,67265.0,67130.0,67215.0,683
2026-02-19 22:10:00+01:00,67220.0,67235.0,67100.0,67135.0,207
2026-02-19 22:20:00+01:00,67120.0,67170.0,67080.0,67100.0,297
2026-02-19 22:30:00+01:00,67135.0,67205.0,67090.0,67125.0,99
2026-02-19 22:40:00+01:00,67115.0,67125.0,67065.0,67095.0,119
2026-02-19 22:50:00+01:00,67080.0,67105.0,66990.0,67035.0,570
2026-02-20 00:00:00+01:00,66950.0,67085.0,66810.0,66975.0,158
2026-02-20 00:10:00+01:00,66990.0,67020.0,66895.0,67015.0,162
2026-02-20 00:20:00+01:00,67025.0,67135.0,67020.0,67065.0,244
2026-02-20 00:40:00+01:00,67030.0,67135.0,67020.0,67095.0,77
2026-02-20 00:50:00+01:00,67075.0,67100.0,67000.0,67100.0,75
2026-02-20 01:00:00+01:00,67075.0,67135.0,67040.0,67085.0,64
2026-02-20 01:10:00+01:00,67075.0,67405.0,67075.0,67270.0,845
2026-02-20 01:20:00+01:00,67265.0,67595.0,67225.0,67500.0,736
2026-02-20 01:30:00+01:00,67485.0,67500.0,67350.0,67455.0,227
2026-02-20 01:40:00+01:00,67430.0,67465.0,67355.0,67375.0,126
2026-02-20 02:20:00+01:00,67345.0,67395.0,67255.0,67300.0,111
2026-02-20 02:30:00+01:00,67305.0,67450.0,67295.0,67410.0,61
2026-02-20 02:40:00+01:00,67435.0,67465.0,67325.0,67355.0,59
2026-02-20 02:50:00+01:00,67380.0,67420.0,67280.0,67380.0,97
2026-02-20 03:00:00+01:00,67365.0,67460.0,67365.0,67400.0,63
2026-02-20 03:30:00+01:00,67295.0,67405.0,67295.0,67385.0,44
2026-02-20 04:20:00+01:00,67390.0,67590.0,67375.0,67520.0,206
2026-02-20 04:40:00+01:00,67590.0,67595.0,67400.0,67420.0,171
2026-02-20 05:00:00+01:00,67480.0,67515.0,67355.0,67395.0,247
2026-02-20 05:30:00+01:00,67305.0,67395.0,67255.0,67385.0,131
2026-02-20 06:30:00+01:00,67540.0,68075.0,67535.0,67975.0,877
2026-02-20 06:40:00+01:00,67995.0,68145.0,67900.0,68110.0,328
2026-02-20 06:50:00+01:00,68125.0,68175.0,67860.0,67910.0,316
2026-02-20 07:00:00+01:00,67950.0,68010.0,67845.0,67960.0,110
2026-02-20 07:10:00+01:00,67965.0,68030.0,67925.0,68020.0,135
2026-02-20 07:30:00+01:00,67845.0,67985.0,67785.0,67920.0,105
2026-02-20 07:50:00+01:00,67975.0,68030.0,67955.0,67990.0,135
2026-02-20 08:10:00+01:00,67935.0,68050.0,67890.0,67970.0,72
2026-02-20 08:30:00+01:00,68055.0,68075.0,67990.0,68020.0,51
2026-02-20 08:40:00+01:00,68040.0,68040.0,67960.0,68010.0,92
2026-02-20 08:50:00+01:00,68010.0,68065.0,67895.0,67955.0,174
2026-02-20 09:10:00+01:00,68000.0,68065.0,67975.0,68025.0,94
2026-02-20 09:50:00+01:00,67985.0,68030.0,67970.0,68010.0,30
2026-02-20 10:00:00+01:00,68025.0,68375.0,68005.0,68285.0,730
2026-02-20 10:10:00+01:00,68300.0,68350.0,68235.0,68255.0,190
2026-02-20 10:20:00+01:00,68255.0,68360.0,68255.0,68345.0,186
2026-02-20 10:30:00+01:00,68355.0,68390.0,68250.0,68290.0,161
2026-02-20 10:40:00+01:00,68280.0,68320.0,68270.0,68290.0,57
2026-02-20 10:50:00+01:00,68300.0,68375.0,68285.0,68345.0,163
2026-02-20 11:00:00+01:00,68345.0,68455.0,68290.0,68355.0,217
2026-02-20 11:20:00+01:00,68370.0,68435.0,68255.0,68395.0,143
2026-02-20 11:30:00+01:00,68410.0,68430.0,68330.0,68355.0,100
2026-02-20 11:40:00+01:00,68340.0,68360.0,68170.0,68200.0,169
2026-02-20 11:50:00+01:00,68205.0,68225.0,68005.0,68070.0,779
2026-02-20 12:00:00+01:00,68060.0,68110.0,68010.0,68085.0,468
2026-02-20 12:10:00+01:00,68080.0,68100.0,67890.0,67945.0,558
2026-02-20 12:20:00+01:00,67935.0,68005.0,67905.0,67980.0,498
2026-02-20 12:30:00+01:00,67990.0,67995.0,67760.0,67810.0,458
2026-02-20 12:40:00+01:00,67815.0,67845.0,67500.0,67565.0,904
2026-02-20 12:50:00+01:00,67580.0,67725.0,67370.0,67415.0,699
2026-02-20 13:00:00+01:00,67425.0,67545.0,67365.0,67515.0,582
2026-02-20 13:10:00+01:00,67520.0,67625.0,67405.0,67405.0,657
2026-02-20 13:20:00+01:00,67460.0,67545.0,67365.0,67415.0,274
2026-02-20 13:30:00+01:00,67425.0,67560.0,67400.0,67480.0,270
2026-02-20 13:40:00+01:00,67495.0,67605.0,67485.0,67585.0,178
2026-02-20 13:50:00+01:00,67605.0,67700.0,67545.0,67640.0,354
2026-02-20 14:00:00+01:00,67630.0,67635.0,67160.0,67340.0,1063
2026-02-20 14:10:00+01:00,67345.0,67385.0,67200.0,67320.0,431
2026-02-20 14:20:00+01:00,67310.0,67320.0,67055.0,67295.0,625
2026-02-20 14:30:00+01:00,67270.0,67270.0,66595.0,66615.0,1564
2026-02-20 14:40:00+01:00,66630.0,66885.0,66545.0,66880.0,1001
2026-02-20 14:50:00+01:00,66885.0,67050.0,66820.0,66890.0,1190
2026-02-20 15:00:00+01:00,66870.0,67105.0,66855.0,67070.0,525
2026-02-20 15:10:00+01:00,67045.0,67060.0,66875.0,66895.0,336
2026-02-20 15:20:00+01:00,66890.0,67190.0,66755.0,67095.0,676
2026-02-20 15:30:00+01:00,67085.0,67420.0,66955.0,67215.0,1729
2026-02-20 15:40:00+01:00,67185.0,67330.0,66945.0,67055.0,936
2026-02-20 15:50:00+01:00,67070.0,67250.0,67015.0,67155.0,422
2026-02-20 16:00:00+01:00,67185.0,68200.0,67180.0,67495.0,4737
2026-02-20 16:10:00+01:00,67460.0,67585.0,66605.0,67195.0,1713
2026-02-20 16:20:00+01:00,67200.0,67670.0,67170.0,67560.0,926
2026-02-20 16:30:00+01:00,67555.0,67570.0,67015.0,67230.0,1043
2026-02-20 16:40:00+01:00,67230.0,67480.0,67035.0,67375.0,398
2026-02-20 16:50:00+01:00,67355.0,67760.0,67270.0,67660.0,1240
2026-02-20 17:00:00+01:00,67695.0,67915.0,67595.0,67855.0,1008
2026-02-20 17:10:00+01:00,67855.0,67925.0,67670.0,67700.0,524
2026-02-20 17:20:00+01:00,67730.0,68030.0,67400.0,67420.0,1259
2026-02-20 17:30:00+01:00,67400.0,67640.0,67385.0,67625.0,418
2026-02-20 17:40:00+01:00,67625.0,67800.0,67465.0,67745.0,303
2026-02-20 17:50:00+01:00,67735.0,68005.0,67680.0,67895.0,822
2026-02-20 18:00:00+01:00,67885.0,67890.0,67360.0,67400.0,673
2026-02-20 18:10:00+01:00,67400.0,67400.0,67140.0,67205.0,1182
2026-02-20 18:20:00+01:00,67190.0,67260.0,67075.0,67105.0,1072
2026-02-20 18:30:00+01:00,67080.0,67410.0,67015.0,67390.0,455
2026-02-20 18:40:00+01:00,67385.0,67625.0,67180.0,67605.0,2946
2026-02-20 18:50:00+01:00,67595.0,67765.0,67515.0,67715.0,1616
2026-02-20 19:00:00+01:00,67715.0,67890.0,67580.0,67685.0,1002
2026-02-20 19:10:00+01:00,67675.0,67700.0,67610.0,67640.0,125
2026-02-20 19:20:00+01:00,67635.0,67800.0,67535.0,67780.0,429
2026-02-20 19:30:00+01:00,67745.0,68140.0,67625.0,67815.0,1216
2026-02-20 19:40:00+01:00,67820.0,68070.0,67810.0,67895.0,655
2026-02-20 19:50:00+01:00,67920.0,68100.0,67770.0,68050.0,918
2026-02-20 20:00:00+01:00,68050.0,68130.0,67800.0,67895.0,518
2026-02-20 20:10:00+01:00,67925.0,67935.0,67795.0,67835.0,361
2026-02-20 20:20:00+01:00,67850.0,67915.0,67650.0,67730.0,485
2026-02-20 20:30:00+01:00,67755.0,67950.0,67750.0,67865.0,244
2026-02-20 20:40:00+01:00,67850.0,67850.0,67640.0,67690.0,294
2026-02-20 20:50:00+01:00,67690.0,67830.0,67690.0,67730.0,130
2026-02-20 21:00:00+01:00,67735.0,67935.0,67730.0,67865.0,188
2026-02-20 21:10:00+01:00,67880.0,67945.0,67780.0,67820.0,207
2026-02-20 21:20:00+01:00,67825.0,67825.0,67670.0,67680.0,152
2026-02-20 21:30:00+01:00,67680.0,67795.0,67610.0,67785.0,199
2026-02-20 21:40:00+01:00,67790.0,67875.0,67785.0,67795.0,189
2026-02-20 21:50:00+01:00,67805.0,67850.0,67730.0,67820.0,1514
2026-02-20 22:00:00+01:00,67820.0,67940.0,67710.0,67855.0,1576
2026-02-20 22:10:00+01:00,67885.0,67885.0,67755.0,67800.0,336
2026-02-20 22:20:00+01:00,67820.0,67845.0,67770.0,67835.0,84
2026-02-20 22:40:00+01:00,67880.0,67940.0,67825.0,67885.0,96
2026-02-20 22:50:00+01:00,67890.0,67940.0,67865.0,67870.0,246
2026-02-23 00:00:00+01:00,67705.0,67850.0,67590.0,67595.0,751
2026-02-23 00:10:00+01:00,67590.0,67635.0,67470.0,67525.0,641
2026-02-23 00:20:00+01:00,67540.0,67675.0,67480.0,67650.0,211
2026-02-23 00:30:00+01:00,67625.0,67635.0,67565.0,67595.0,194
2026-02-23 01:10:00+01:00,67665.0,67680.0,67550.0,67590.0,426
2026-02-23 01:20:00+01:00,67585.0,67585.0,67415.0,67500.0,429
2026-02-23 01:30:00+01:00,67490.0,67490.0,67195.0,67265.0,269
2026-02-23 01:40:00+01:00,67215.0,67300.0,66990.0,67135.0,506
2026-02-23 01:50:00+01:00,67130.0,67210.0,66735.0,66750.0,555
2026-02-23 02:00:00+01:00,66755.0,66755.0,65395.0,65620.0,3516
2026-02-23 02:10:00+01:00,65585.0,65640.0,65155.0,65155.0,2034
2026-02-23 02:20:00+01:00,65195.0,65345.0,65030.0,65100.0,1241
2026-02-23 02:30:00+01:00,65100.0,65440.0,65050.0,65420.0,1364
2026-02-23 02:40:00+01:00,65420.0,65440.0,64330.0,64700.0,2827
2026-02-23 02:50:00+01:00,64730.0,64910.0,64380.0,64480.0,3550
2026-02-23 03:00:00+01:00,64475.0,64795.0,64365.0,64780.0,1249
2026-02-23 03:10:00+01:00,64790.0,64855.0,64635.0,64740.0,563
2026-02-23 03:20:00+01:00,64755.0,64825.0,64535.0,64815.0,574
2026-02-23 03:30:00+01:00,64825.0,64990.0,64760.0,64810.0,773
2026-02-23 03:40:00+01:00,64825.0,64935.0,64730.0,64835.0,346
2026-02-23 03:50:00+01:00,64810.0,64885.0,64710.0,64830.0,374
2026-02-23 04:00:00+01:00,64835.0,65115.0,64800.0,65005.0,637
2026-02-23 04:10:00+01:00,64995.0,64995.0,64750.0,64810.0,378
2026-02-23 04:20:00+01:00,64810.0,64845.0,64720.0,64800.0,177
2026-02-23 04:30:00+01:00,64805.0,64960.0,64735.0,64940.0,274
2026-02-23 04:40:00+01:00,64915.0,65050.0,64915.0,64975.0,350
2026-02-23 04:50:00+01:00,64980.0,65050.0,64955.0,64985.0,168
2026-02-23 05:00:00+01:00,64995.0,65030.0,64840.0,64975.0,278
2026-02-23 05:10:00+01:00,64950.0,65055.0,64930.0,64980.0,213
2026-02-23 05:20:00+01:00,64965.0,64970.0,64735.0,64800.0,208
2026-02-23 05:30:00+01:00,64795.0,64850.0,64690.0,64700.0,149
2026-02-23 05:40:00+01:00,64720.0,64780.0,64695.0,64770.0,105
2026-02-23 05:50:00+01:00,64735.0,64870.0,64735.0,64845.0,105
2026-02-23 06:00:00+01:00,64850.0,65030.0,64850.0,65030.0,157
2026-02-23 06:10:00+01:00,65035.0,65275.0,65025.0,65160.0,630
2026-02-23 06:20:00+01:00,65165.0,65180.0,64950.0,65075.0,394
2026-02-23 06:40:00+01:00,65080.0,65135.0,65000.0,65055.0,106
2026-02-23 07:10:00+01:00,65220.0,65435.0,65210.0,65385.0,460
2026-02-23 07:20:00+01:00,65395.0,65525.0,65355.0,65360.0,282
2026-02-23 07:30:00+01:00,65370.0,65730.0,65325.0,65670.0,510
2026-02-23 07:40:00+01:00,65680.0,65780.0,65555.0,65725.0,469
2026-02-23 07:50:00+01:00,65775.0,65890.0,65720.0,65810.0,352
2026-02-23 08:00:00+01:00,65830.0,65970.0,65815.0,65820.0,531
2026-02-23 08:10:00+01:00,65815.0,65955.0,65710.0,65850.0,591
2026-02-23 08:20:00+01:00,65840.0,65885.0,65755.0,65755.0,263
2026-02-23 08:30:00+01:00,65765.0,66030.0,65755.0,66030.0,276
2026-02-23 08:40:00+01:00,66040.0,66090.0,65980.0,66015.0,395
2026-02-23 08:50:00+01:00,66005.0,66050.0,66000.0,66025.0,101
2026-02-23 09:00:00+01:00,66030.0,66055.0,65780.0,65790.0,424
2026-02-23 09:10:00+01:00,65830.0,65960.0,65815.0,65840.0,182
2026-02-23 09:20:00+01:00,65825.0,65840.0,65665.0,65770.0,273
2026-02-23 09:30:00+01:00,65770.0,65805.0,65645.0,65710.0,176
2026-02-23 09:40:00+01:00,65700.0,65715.0,65660.0,65685.0,199
2026-02-23 09:50:00+01:00,65710.0,65915.0,65650.0,65755.0,157
2026-02-23 10:00:00+01:00,65770.0,65920.0,65770.0,65875.0,218
2026-02-23 10:10:00+01:00,65870.0,65935.0,65805.0,65805.0,110
2026-02-23 10:30:00+01:00,65950.0,66410.0,65950.0,66360.0,511
2026-02-23 10:40:00+01:00,66355.0,66490.0,66305.0,66405.0,588
2026-02-23 10:50:00+01:00,66400.0,66570.0,66330.0,66490.0,298
2026-02-23 11:00:00+01:00,66505.0,66685.0,66430.0,66435.0,398
2026-02-23 11:10:00+01:00,66475.0,66560.0,66360.0,66560.0,193
2026-02-23 11:20:00+01:00,66550.0,66580.0,66435.0,66440.0,128
2026-02-23 11:30:00+01:00,66445.0,66470.0,66305.0,66360.0,114
2026-02-23 11:40:00+01:00,66360.0,66470.0,66330.0,66390.0,207
2026-02-23 11:50:00+01:00,66620.0,66655.0,66390.0,66420.0,138
2026-02-23 12:30:00+01:00,66410.0,66410.0,66230.0,66250.0,233
2026-02-23 12:50:00+01:00,66255.0,66340.0,66250.0,66295.0,205
2026-02-23 13:10:00+01:00,66310.0,66335.0,66250.0,66270.0,138
2026-02-23 13:20:00+01:00,66255.0,66490.0,66140.0,66245.0,252
2026-02-23 13:30:00+01:00,66245.0,66475.0,65975.0,66330.0,589
2026-02-23 13:40:00+01:00,66350.0,66615.0,66335.0,66450.0,422
2026-02-23 13:50:00+01:00,66470.0,66700.0,66330.0,66370.0,186
2026-02-23 14:00:00+01:00,66405.0,66465.0,66315.0,66410.0,216
2026-02-23 14:10:00+01:00,66410.0,66425.0,66220.0,66265.0,236
2026-02-23 14:20:00+01:00,66255.0,66490.0,66200.0,66300.0,159
2026-02-23 14:40:00+01:00,66305.0,66500.0,66295.0,66470.0,281
2026-02-23 14:50:00+01:00,66435.0,66465.0,66160.0,66200.0,368
2026-02-23 15:00:00+01:00,66245.0,66340.0,66180.0,66315.0,248
2026-02-23 15:10:00+01:00,66330.0,66340.0,66195.0,66225.0,110
2026-02-23 15:20:00+01:00,66185.0,66185.0,66095.0,66170.0,421
2026-02-23 15:30:00+01:00,66140.0,66305.0,65830.0,65885.0,1901
2026-02-23 15:40:00+01:00,65865.0,66025.0,65530.0,65705.0,1828
2026-02-23 15:50:00+01:00,65675.0,66190.0,65675.0,65985.0,947
2026-02-23 16:00:00+01:00,66000.0,66150.0,65760.0,65935.0,1026
2026-02-23 16:10:00+01:00,65915.0,66315.0,65915.0,66090.0,968
2026-02-23 16:20:00+01:00,66090.0,66120.0,65795.0,65850.0,508
2026-02-23 16:30:00+01:00,65845.0,66000.0,65805.0,65870.0,633
2026-02-23 16:40:00+01:00,65860.0,65985.0,65740.0,65860.0,693
2026-02-23 16:50:00+01:00,65870.0,65870.0,65610.0,65690.0,881
2026-02-23 17:00:00+01:00,65665.0,65730.0,65315.0,65450.0,1319
2026-02-23 17:10:00+01:00,65455.0,65630.0,65205.0,65545.0,1309
2026-02-23 17:20:00+01:00,65590.0,65735.0,65440.0,65685.0,600
2026-02-23 17:30:00+01:00,65680.0,65780.0,65485.0,65670.0,379
2026-02-23 17:40:00+01:00,65635.0,65700.0,65365.0,65465.0,495
2026-02-23 17:50:00+01:00,65455.0,65540.0,65340.0,65410.0,258
2026-02-23 18:00:00+01:00,65435.0,65505.0,65360.0,65415.0,199
2026-02-23 18:10:00+01:00,65385.0,65430.0,64840.0,64840.0,916
2026-02-23 18:20:00+01:00,64835.0,64940.0,64595.0,64595.0,1304
2026-02-23 18:30:00+01:00,64600.0,64715.0,64365.0,64390.0,1275
2026-02-23 18:40:00+01:00,64390.0,64685.0,64355.0,64475.0,939
2026-02-23 18:50:00+01:00,64460.0,64820.0,64185.0,64820.0,1904
2026-02-23 19:00:00+01:00,64850.0,64910.0,64675.0,64860.0,508
2026-02-23 19:10:00+01:00,64865.0,64865.0,64675.0,64680.0,481
2026-02-23 19:20:00+01:00,64675.0,64960.0,64630.0,64860.0,448
2026-02-23 19:30:00+01:00,64875.0,65225.0,64775.0,65140.0,474
2026-02-23 19:40:00+01:00,65100.0,65105.0,64775.0,64860.0,382
2026-02-23 19:50:00+01:00,64855.0,65115.0,64620.0,64685.0,467
2026-02-23 20:00:00+01:00,64680.0,64855.0,64650.0,64835.0,454
2026-02-23 20:10:00+01:00,64870.0,64905.0,64635.0,64660.0,370
2026-02-23 20:20:00+01:00,64680.0,64720.0,64410.0,64495.0,664
2026-02-23 20:30:00+01:00,64480.0,64600.0,64120.0,64190.0,1101
2026-02-23 20:40:00+01:00,64215.0,64370.0,64120.0,64185.0,587
2026-02-23 20:50:00+01:00,64210.0,64385.0,64170.0,64325.0,442
2026-02-23 21:00:00+01:00,64315.0,64400.0,64165.0,64220.0,204
2026-02-23 21:10:00+01:00,64215.0,64215.0,63920.0,64070.0,859
2026-02-23 21:20:00+01:00,64070.0,64220.0,64020.0,64055.0,470
2026-02-23 21:30:00+01:00,64055.0,64385.0,64055.0,64280.0,797
2026-02-23 21:40:00+01:00,64290.0,64355.0,64225.0,64330.0,259
2026-02-23 21:50:00+01:00,64345.0,64550.0,64300.0,64535.0,1362
2026-02-23 22:00:00+01:00,64535.0,64780.0,64510.0,64590.0,1493
2026-02-23 22:10:00+01:00,64600.0,64710.0,64600.0,64695.0,657
2026-02-23 22:20:00+01:00,64690.0,64705.0,64585.0,64625.0,488
2026-02-23 22:30:00+01:00,64630.0,64665.0,64590.0,64590.0,156
2026-02-23 22:40:00+01:00,64610.0,64845.0,64610.0,64775.0,433
2026-02-23 22:50:00+01:00,64775.0,64775.0,64625.0,64625.0,205
2026-02-24 00:00:00+01:00,64600.0,64950.0,64590.0,64940.0,455
2026-02-24 00:10:00+01:00,64930.0,64960.0,64885.0,64885.0,228
2026-02-24 00:20:00+01:00,64900.0,64920.0,64825.0,64890.0,256
2026-02-24 00:30:00+01:00,64890.0,64935.0,64750.0,64790.0,370
2026-02-24 00:40:00+01:00,64790.0,64810.0,64655.0,64695.0,197
2026-02-24 00:50:00+01:00,64685.0,64730.0,64565.0,64705.0,312
2026-02-24 01:00:00+01:00,64710.0,64815.0,64710.0,64810.0,272
2026-02-24 01:10:00+01:00,64815.0,65020.0,64805.0,65020.0,329
2026-02-24 01:20:00+01:00,65020.0,65105.0,64850.0,64910.0,256
2026-02-24 01:30:00+01:00,64915.0,65025.0,64885.0,65000.0,162
2026-02-24 01:40:00+01:00,65005.0,65055.0,64970.0,65020.0,102
2026-02-24 01:50:00+01:00,65035.0,65060.0,64935.0,64995.0,86
2026-02-24 02:10:00+01:00,64665.0,64680.0,63495.0,63815.0,2221
2026-02-24 02:20:00+01:00,63780.0,64580.0,63750.0,64465.0,704
2026-02-24 02:30:00+01:00,64475.0,64645.0,64180.0,64190.0,376
2026-02-24 02:40:00+01:00,64220.0,64475.0,64120.0,64305.0,483
2026-02-24 02:50:00+01:00,64340.0,64345.0,64175.0,64200.0,129
2026-02-24 03:00:00+01:00,64195.0,64290.0,64030.0,64140.0,462
2026-02-24 03:10:00+01:00,64150.0,64350.0,64050.0,64185.0,257
2026-02-24 03:20:00+01:00,64170.0,64375.0,64155.0,64370.0,219
2026-02-24 03:30:00+01:00,64355.0,64555.0,64225.0,64325.0,475
2026-02-24 03:40:00+01:00,64305.0,64305.0,64115.0,64230.0,222
2026-02-24 03:50:00+01:00,64215.0,64215.0,64090.0,64150.0,158
2026-02-24 04:00:00+01:00,64135.0,64135.0,63685.0,63820.0,690
2026-02-24 04:10:00+01:00,63885.0,63890.0,63595.0,63850.0,359
2026-02-24 04:20:00+01:00,63865.0,63905.0,63695.0,63700.0,144
2026-02-24 04:30:00+01:00,63730.0,63780.0,63670.0,63715.0,150
2026-02-24 04:40:00+01:00,63730.0,63800.0,63555.0,63565.0,333
2026-02-24 04:50:00+01:00,63550.0,63690.0,63345.0,63570.0,822
2026-02-24 05:00:00+01:00,63610.0,63635.0,63240.0,63330.0,963
2026-02-24 05:10:00+01:00,63330.0,63475.0,62895.0,63015.0,1195
2026-02-24 05:20:00+01:00,63020.0,63420.0,63010.0,63265.0,1333
2026-02-24 05:30:00+01:00,63260.0,63350.0,63030.0,63320.0,360
2026-02-24 05:40:00+01:00,63305.0,63435.0,63300.0,63355.0,365
2026-02-24 05:50:00+01:00,63345.0,63405.0,63260.0,63405.0,127
2026-02-24 06:00:00+01:00,63395.0,63560.0,63310.0,63545.0,327
2026-02-24 06:10:00+01:00,63540.0,63600.0,63265.0,63265.0,353
2026-02-24 06:20:00+01:00,63265.0,63310.0,62730.0,62865.0,1193
2026-02-24 06:30:00+01:00,62870.0,63095.0,62770.0,63005.0,544
2026-02-24 06:40:00+01:00,62980.0,63105.0,62925.0,63040.0,153
2026-02-24 06:50:00+01:00,63010.0,63165.0,62975.0,63140.0,153
2026-02-24 07:00:00+01:00,63145.0,63250.0,62930.0,63250.0,267
2026-02-24 07:10:00+01:00,63235.0,63290.0,63135.0,63275.0,129
2026-02-24 07:20:00+01:00,63280.0,63375.0,63200.0,63250.0,219
2026-02-24 07:30:00+01:00,63255.0,63365.0,63200.0,63295.0,99
2026-02-24 07:40:00+01:00,63285.0,63365.0,63150.0,63250.0,142
2026-02-24 07:50:00+01:00,63225.0,63265.0,62995.0,63125.0,223
2026-02-24 08:00:00+01:00,63130.0,63330.0,62955.0,63330.0,362
2026-02-24 08:10:00+01:00,63345.0,63425.0,63220.0,63245.0,496
2026-02-24 08:20:00+01:00,63260.0,63325.0,63180.0,63320.0,286
2026-02-24 08:30:00+01:00,63305.0,63330.0,63195.0,63255.0,201
2026-02-24 08:40:00+01:00,63250.0,63250.0,63045.0,63055.0,199
2026-02-24 08:50:00+01:00,63110.0,63205.0,63055.0,63185.0,184
2026-02-24 09:00:00+01:00,63220.0,63235.0,63050.0,63210.0,297
2026-02-24 09:10:00+01:00,63285.0,63325.0,63135.0,63145.0,98
2026-02-24 09:20:00+01:00,63160.0,63375.0,63135.0,63350.0,151
2026-02-24 09:30:00+01:00,63365.0,63480.0,63320.0,63420.0,214
2026-02-24 09:40:00+01:00,63430.0,63465.0,63365.0,63395.0,179
2026-02-24 09:50:00+01:00,63395.0,63675.0,63380.0,63675.0,111
2026-02-24 10:00:00+01:00,63425.0,63445.0,63280.0,63295.0,101
2026-02-24 10:20:00+01:00,63210.0,63225.0,63140.0,63165.0,149
2026-02-24 10:30:00+01:00,63160.0,63210.0,62975.0,63115.0,327
2026-02-24 10:40:00+01:00,63120.0,63240.0,63100.0,63215.0,117
2026-02-24 11:10:00+01:00,63235.0,63345.0,63205.0,63300.0,117
2026-02-24 11:20:00+01:00,63325.0,63375.0,63305.0,63325.0,199
2026-02-24 11:30:00+01:00,63320.0,63355.0,63215.0,63225.0,98
2026-02-24 11:40:00+01:00,63215.0,63270.0,63205.0,63240.0,46
2026-02-24 11:50:00+01:00,63245.0,63415.0,63245.0,63320.0,156
2026-02-24 12:10:00+01:00,63240.0,63305.0,63225.0,63250.0,43
2026-02-24 12:20:00+01:00,63245.0,63280.0,63205.0,63225.0,149
2026-02-24 13:00:00+01:00,63260.0,63295.0,63150.0,63275.0,278
2026-02-24 13:10:00+01:00,63255.0,63360.0,63255.0,63295.0,233
2026-02-24 13:20:00+01:00,63300.0,63400.0,63275.0,63385.0,142
2026-02-24 13:30:00+01:00,63350.0,63390.0,63145.0,63145.0,224
2026-02-24 13:40:00+01:00,63160.0,63165.0,63035.0,63035.0,294
2026-02-24 13:50:00+01:00,63055.0,63150.0,62980.0,62990.0,325
2026-02-24 14:00:00+01:00,62990.0,63085.0,62935.0,63055.0,305
2026-02-24 14:10:00+01:00,63110.0,63160.0,63020.0,63075.0,312
2026-02-24 14:20:00+01:00,63070.0,63080.0,62915.0,62970.0,407
2026-02-24 14:30:00+01:00,62975.0,63040.0,62580.0,62995.0,2199
2026-02-24 14:40:00+01:00,62975.0,63145.0,62950.0,63005.0,507
2026-02-24 14:50:00+01:00,62965.0,63080.0,62930.0,62930.0,290
2026-02-24 15:00:00+01:00,62930.0,63065.0,62825.0,62955.0,250
2026-02-24 15:10:00+01:00,62960.0,63025.0,62865.0,62930.0,325
2026-02-24 15:20:00+01:00,62965.0,63080.0,62965.0,63050.0,277
2026-02-24 15:30:00+01:00,63050.0,63345.0,62830.0,63225.0,1504
2026-02-24 15:40:00+01:00,63250.0,63755.0,63185.0,63675.0,2166
2026-02-24 15:50:00+01:00,63665.0,63920.0,63495.0,63540.0,1279
2026-02-24 16:00:00+01:00,63550.0,63640.0,63360.0,63585.0,1064
2026-02-24 16:10:00+01:00,63600.0,63905.0,63555.0,63895.0,1045
2026-02-24 16:20:00+01:00,63845.0,64055.0,63710.0,64015.0,994
2026-02-24 16:30:00+01:00,64025.0,64080.0,63810.0,63845.0,902
2026-02-24 16:40:00+01:00,63830.0,63970.0,63735.0,63965.0,378
2026-02-24 16:50:00+01:00,63950.0,64135.0,63820.0,64045.0,530
2026-02-24 17:00:00+01:00,64050.0,64530.0,64025.0,64290.0,1120
2026-02-24 17:10:00+01:00,64250.0,64340.0,64075.0,64215.0,802
2026-02-24 17:20:00+01:00,64205.0,64210.0,63945.0,64030.0,517
2026-02-24 17:30:00+01:00,64005.0,64040.0,63770.0,64040.0,754
2026-02-24 17:40:00+01:00,64025.0,64215.0,63950.0,63970.0,403
2026-02-24 17:50:00+01:00,63970.0,64365.0,63895.0,64355.0,774
2026-02-24 18:00:00+01:00,64355.0,64595.0,64230.0,64485.0,943
2026-02-24 18:10:00+01:00,64490.0,64555.0,64270.0,64320.0,672
2026-02-24 18:20:00+01:00,64300.0,64390.0,64195.0,64235.0,461
2026-02-24 18:30:00+01:00,64250.0,64350.0,64165.0,64320.0,169
2026-02-24 18:40:00+01:00,64300.0,64330.0,64155.0,64265.0,313
2026-02-24 18:50:00+01:00,64210.0,64355.0,64125.0,64305.0,187
2026-02-24 19:00:00+01:00,64280.0,64475.0,64210.0,64270.0,351
2026-02-24 19:10:00+01:00,64250.0,64310.0,63985.0,64300.0,525
2026-02-24 19:20:00+01:00,64315.0,64445.0,64305.0,64360.0,290
2026-02-24 19:30:00+01:00,64385.0,64475.0,64355.0,64415.0,331
2026-02-24 19:40:00+01:00,64435.0,64590.0,64420.0,64535.0,422
2026-02-24 19:50:00+01:00,64545.0,64585.0,64425.0,64495.0,320
2026-02-24 20:00:00+01:00,64500.0,64805.0,64490.0,64620.0,676
2026-02-24 20:10:00+01:00,64645.0,64650.0,64300.0,64330.0,275
2026-02-24 20:20:00+01:00,64360.0,64505.0,64350.0,64380.0,190
2026-02-24 20:30:00+01:00,64370.0,64510.0,64360.0,64495.0,100
2026-02-24 20:40:00+01:00,64510.0,64590.0,64510.0,64530.0,156
2026-02-24 20:50:00+01:00,64530.0,64575.0,64465.0,64510.0,211
2026-02-24 21:00:00+01:00,64515.0,64560.0,64360.0,64370.0,164
2026-02-24 21:10:00+01:00,64395.0,64585.0,64380.0,64505.0,362
2026-02-24 21:20:00+01:00,64530.0,64590.0,64510.0,64545.0,95
2026-02-24 21:30:00+01:00,64535.0,64655.0,64435.0,64540.0,260
2026-02-24 21:40:00+01:00,64550.0,64585.0,64490.0,64490.0,264
2026-02-24 21:50:00+01:00,64490.0,64595.0,64470.0,64535.0,542
2026-02-24 22:00:00+01:00,64530.0,64530.0,64210.0,64300.0,638
2026-02-24 22:20:00+01:00,64100.0,64175.0,63910.0,63995.0,315
2026-02-24 22:30:00+01:00,64005.0,64145.0,63955.0,64080.0,296
2026-02-24 22:50:00+01:00,64100.0,64160.0,64045.0,64105.0,129
2026-02-25 00:00:00+01:00,64125.0,64260.0,63920.0,63935.0,248
2026-02-25 00:10:00+01:00,63940.0,64205.0,63940.0,64205.0,126
2026-02-25 00:20:00+01:00,64195.0,64310.0,64155.0,64260.0,229
2026-02-25 00:30:00+01:00,64235.0,64325.0,64195.0,64285.0,154
2026-02-25 00:40:00+01:00,64305.0,64310.0,64150.0,64160.0,142
2026-02-25 00:50:00+01:00,64175.0,64185.0,64085.0,64120.0,126
2026-02-25 01:00:00+01:00,64155.0,64160.0,64055.0,64070.0,119
2026-02-25 01:10:00+01:00,64085.0,64155.0,63995.0,64125.0,117
2026-02-25 01:20:00+01:00,64105.0,64310.0,63995.0,64000.0,83
2026-02-25 01:30:00+01:00,64040.0,64390.0,64035.0,64250.0,119
2026-02-25 01:40:00+01:00,64250.0,64330.0,64165.0,64280.0,149
2026-02-25 01:50:00+01:00,64300.0,64385.0,64245.0,64270.0,210
2026-02-25 02:00:00+01:00,64265.0,64545.0,64185.0,64500.0,440
2026-02-25 02:10:00+01:00,64485.0,66045.0,64485.0,65945.0,4005
2026-02-25 02:20:00+01:00,65930.0,66380.0,65840.0,66045.0,1405
2026-02-25 02:30:00+01:00,66065.0,66350.0,66025.0,66205.0,699
2026-02-25 02:40:00+01:00,66225.0,66240.0,65860.0,66100.0,663
2026-02-25 02:50:00+01:00,66095.0,66120.0,65920.0,65975.0,402
2026-02-25 03:00:00+01:00,65950.0,66390.0,65950.0,66165.0,1143
2026-02-25 03:10:00+01:00,66125.0,66340.0,66110.0,66175.0,427
2026-02-25 03:20:00+01:00,66185.0,66265.0,66065.0,66155.0,309
2026-02-25 03:30:00+01:00,66175.0,66230.0,66010.0,66015.0,228
2026-02-25 03:40:00+01:00,66010.0,66075.0,65935.0,66025.0,225
2026-02-25 03:50:00+01:00,66045.0,66085.0,65930.0,65965.0,93
2026-02-25 04:00:00+01:00,65980.0,66005.0,65845.0,65935.0,379
2026-02-25 04:10:00+01:00,65925.0,66185.0,65595.0,65615.0,591
2026-02-25 04:20:00+01:00,65630.0,65755.0,65545.0,65660.0,268
2026-02-25 04:30:00+01:00,65605.0,65710.0,65420.0,65535.0,385
2026-02-25 04:40:00+01:00,65525.0,65635.0,65425.0,65465.0,473
2026-02-25 04:50:00+01:00,65425.0,65580.0,65425.0,65435.0,424
2026-02-25 05:00:00+01:00,65440.0,65445.0,65155.0,65375.0,433
2026-02-25 05:10:00+01:00,65340.0,65605.0,65340.0,65540.0,1031
2026-02-25 05:20:00+01:00,65555.0,65685.0,65545.0,65630.0,252
2026-02-25 05:30:00+01:00,65660.0,65685.0,65575.0,65670.0,103
2026-02-25 05:50:00+01:00,65595.0,65595.0,65455.0,65515.0,142
2026-02-25 06:00:00+01:00,65520.0,65570.0,65430.0,65510.0,157
2026-02-25 06:20:00+01:00,65345.0,65350.0,65200.0,65230.0,184
2026-02-25 06:30:00+01:00,65280.0,65285.0,64820.0,64935.0,601
2026-02-25 06:40:00+01:00,64935.0,65020.0,64790.0,64955.0,285
2026-02-25 06:50:00+01:00,64980.0,65050.0,64880.0,64910.0,306
2026-02-25 07:00:00+01:00,64930.0,65040.0,64930.0,65025.0,104
2026-02-25 07:10:00+01:00,65030.0,65040.0,64930.0,64960.0,63
2026-02-25 07:20:00+01:00,65015.0,65170.0,65015.0,65095.0,137
2026-02-25 07:30:00+01:00,65045.0,65170.0,65015.0,65170.0,52
2026-02-25 07:50:00+01:00,65020.0,65020.0,64880.0,64925.0,83
2026-02-25 08:10:00+01:00,64995.0,65245.0,64950.0,65165.0,466
2026-02-25 09:00:00+01:00,65090.0,65330.0,64995.0,65040.0,27
2026-02-25 09:10:00+01:00,65045.0,65295.0,65025.0,65145.0,89
2026-02-25 09:20:00+01:00,65385.0,65385.0,65180.0,65220.0,118
2026-02-25 09:30:00+01:00,65230.0,65515.0,65230.0,65465.0,253
2026-02-25 09:40:00+01:00,65470.0,65515.0,65430.0,65475.0,178
2026-02-25 09:50:00+01:00,65480.0,65810.0,65445.0,65565.0,98
2026-02-25 10:10:00+01:00,65900.0,65900.0,65545.0,65630.0,260
2026-02-25 10:20:00+01:00,65595.0,65720.0,65565.0,65615.0,156
2026-02-25 10:30:00+01:00,65600.0,65600.0,65490.0,65560.0,122
2026-02-25 10:50:00+01:00,65585.0,65640.0,65585.0,65620.0,61
2026-02-25 11:10:00+01:00,65600.0,65725.0,65540.0,65555.0,118
2026-02-25 11:20:00+01:00,65525.0,65525.0,65405.0,65410.0,119
2026-02-25 11:30:00+01:00,65405.0,65495.0,65390.0,65460.0,43
2026-02-25 12:00:00+01:00,65455.0,65465.0,65190.0,65330.0,1062
2026-02-25 12:10:00+01:00,65345.0,65380.0,65225.0,65230.0,147
2026-02-25 12:20:00+01:00,65235.0,65640.0,65235.0,65640.0,117
2026-02-25 12:30:00+01:00,65400.0,65515.0,65365.0,65515.0,123
2026-02-25 12:40:00+01:00,65515.0,65535.0,65435.0,65445.0,166
2026-02-25 13:00:00+01:00,65495.0,65585.0,65355.0,65525.0,183
2026-02-25 13:10:00+01:00,65530.0,65810.0,65525.0,65765.0,273
2026-02-25 13:20:00+01:00,65785.0,65970.0,65785.0,65830.0,286
2026-02-25 13:30:00+01:00,65815.0,65920.0,65795.0,65800.0,206
2026-02-25 13:40:00+01:00,65830.0,66115.0,65830.0,66050.0,124
2026-02-25 13:50:00+01:00,66070.0,66260.0,66050.0,66105.0,660
2026-02-25 14:00:00+01:00,66135.0,66315.0,66065.0,66150.0,680
2026-02-25 14:20:00+01:00,66065.0,66310.0,66050.0,66245.0,328
2026-02-25 14:30:00+01:00,66220.0,66365.0,66175.0,66335.0,384
2026-02-25 14:40:00+01:00,66325.0,66760.0,66315.0,66705.0,1117
2026-02-25 14:50:00+01:00,66685.0,66685.0,66260.0,66275.0,464
2026-02-25 15:00:00+01:00,66320.0,66535.0,66250.0,66475.0,561
2026-02-25 15:10:00+01:00,66485.0,66610.0,66455.0,66545.0,506
2026-02-25 15:20:00+01:00,66600.0,66675.0,66565.0,66630.0,312
2026-02-25 15:30:00+01:00,66615.0,66830.0,66285.0,66320.0,1299
2026-02-25 15:40:00+01:00,66260.0,66930.0,66230.0,66860.0,1073
2026-02-25 15:50:00+01:00,66835.0,67115.0,66700.0,67050.0,1782
2026-02-25 16:00:00+01:00,67025.0,67335.0,66860.0,66875.0,2075
2026-02-25 16:10:00+01:00,66900.0,67075.0,66825.0,66915.0,536
2026-02-25 16:20:00+01:00,66895.0,67150.0,66775.0,67150.0,350
2026-02-25 16:30:00+01:00,67160.0,67550.0,67045.0,67415.0,1025
2026-02-25 16:40:00+01:00,67400.0,67670.0,67355.0,67610.0,877
2026-02-25 16:50:00+01:00,67580.0,67605.0,67290.0,67500.0,849
2026-02-25 17:00:00+01:00,67510.0,67755.0,67500.0,67565.0,587
2026-02-25 17:10:00+01:00,67565.0,67975.0,67565.0,67940.0,721
2026-02-25 17:20:00+01:00,67930.0,68165.0,67830.0,67955.0,832
2026-02-25 17:30:00+01:00,67950.0,68085.0,67885.0,67985.0,585
2026-02-25 17:40:00+01:00,67990.0,68205.0,67955.0,68190.0,436
2026-02-25 17:50:00+01:00,68165.0,68420.0,68065.0,68370.0,641
2026-02-25 18:00:00+01:00,68380.0,68605.0,68120.0,68390.0,1602
2026-02-25 18:10:00+01:00,68365.0,68730.0,68360.0,68405.0,999
2026-02-25 18:20:00+01:00,68425.0,68820.0,68400.0,68640.0,536
2026-02-25 18:30:00+01:00,68665.0,68795.0,68510.0,68705.0,514
2026-02-25 18:40:00+01:00,68715.0,68965.0,68680.0,68830.0,573
2026-02-25 18:50:00+01:00,68860.0,68990.0,68690.0,68775.0,1160
2026-02-25 19:00:00+01:00,68770.0,68855.0,68470.0,68840.0,798
2026-02-25 19:10:00+01:00,68860.0,69070.0,68820.0,68890.0,828
2026-02-25 19:20:00+01:00,68910.0,69535.0,68885.0,69445.0,1451
2026-02-25 19:30:00+01:00,69455.0,69620.0,69290.0,69540.0,782
2026-02-25 19:40:00+01:00,69540.0,69635.0,69370.0,69390.0,623
2026-02-25 19:50:00+01:00,69420.0,69600.0,69360.0,69425.0,310
2026-02-25 20:00:00+01:00,69480.0,69480.0,69100.0,69150.0,709
2026-02-25 20:10:00+01:00,69150.0,69170.0,68890.0,68970.0,958
2026-02-25 20:20:00+01:00,69000.0,69240.0,68980.0,69060.0,416
2026-02-25 20:30:00+01:00,69070.0,69090.0,68865.0,68960.0,394
2026-02-25 20:40:00+01:00,68945.0,69175.0,68890.0,69165.0,536
2026-02-25 20:50:00+01:00,69155.0,69190.0,69070.0,69120.0,359
2026-02-25 21:00:00+01:00,69140.0,69185.0,68955.0,69010.0,414
2026-02-25 21:10:00+01:00,69005.0,69005.0,68715.0,68860.0,836
2026-02-25 21:20:00+01:00,68865.0,68960.0,68800.0,68895.0,364
2026-02-25 21:30:00+01:00,68875.0,69275.0,68850.0,69165.0,767
2026-02-25 21:40:00+01:00,69195.0,69465.0,69170.0,69365.0,539
2026-02-25 21:50:00+01:00,69335.0,69450.0,69200.0,69225.0,2113
2026-02-25 22:00:00+01:00,69220.0,69310.0,69135.0,69255.0,588
2026-02-25 22:10:00+01:00,69220.0,69220.0,68975.0,69030.0,376
2026-02-25 22:20:00+01:00,69015.0,69115.0,68860.0,68860.0,416
2026-02-25 22:30:00+01:00,68865.0,70065.0,68840.0,69455.0,3134
2026-02-25 22:40:00+01:00,69485.0,69530.0,68890.0,69075.0,1453
2026-02-25 22:50:00+01:00,69090.0,69210.0,68905.0,68965.0,381
2026-02-26 00:00:00+01:00,68550.0,68780.0,68255.0,68650.0,574
2026-02-26 00:10:00+01:00,68695.0,68700.0,68395.0,68400.0,673
2026-02-26 00:20:00+01:00,68420.0,68440.0,68335.0,68350.0,257
2026-02-26 00:30:00+01:00,68355.0,68375.0,68060.0,68095.0,455
2026-02-26 00:40:00+01:00,68095.0,68095.0,67670.0,67780.0,642
2026-02-26 00:50:00+01:00,67825.0,68050.0,67825.0,68040.0,274
2026-02-26 01:00:00+01:00,68030.0,68160.0,67785.0,68160.0,557
2026-02-26 01:10:00+01:00,68145.0,68390.0,68045.0,68250.0,366
2026-02-26 01:20:00+01:00,68260.0,68515.0,68240.0,68355.0,335
2026-02-26 01:30:00+01:00,68355.0,68585.0,68185.0,68205.0,462
2026-02-26 01:40:00+01:00,68250.0,68355.0,68030.0,68325.0,316
2026-02-26 01:50:00+01:00,68280.0,68450.0,68210.0,68405.0,145
2026-02-26 02:00:00+01:00,68375.0,68775.0,68310.0,68610.0,589
2026-02-26 02:10:00+01:00,68605.0,68645.0,68490.0,68540.0,375
2026-02-26 02:20:00+01:00,68545.0,68595.0,68415.0,68415.0,124
2026-02-26 02:30:00+01:00,68415.0,68465.0,68300.0,68430.0,185
2026-02-26 02:40:00+01:00,68485.0,68635.0,68345.0,68400.0,285
2026-02-26 02:50:00+01:00,68420.0,68660.0,68295.0,68295.0,65
2026-02-26 03:00:00+01:00,68310.0,68310.0,67960.0,68025.0,650
2026-02-26 03:10:00+01:00,68035.0,68205.0,67830.0,68075.0,395
2026-02-26 03:20:00+01:00,68370.0,68380.0,67925.0,67955.0,140
2026-02-26 03:30:00+01:00,67995.0,68385.0,67980.0,68010.0,196
2026-02-26 03:40:00+01:00,68010.0,68315.0,68000.0,68195.0,141
2026-02-26 03:50:00+01:00,68210.0,68565.0,68210.0,68315.0,105
2026-02-26 04:00:00+01:00,68325.0,68420.0,68100.0,68125.0,320
2026-02-26 04:10:00+01:00,68125.0,68460.0,68115.0,68215.0,40
2026-02-26 04:20:00+01:00,68200.0,68500.0,68130.0,68190.0,67
2026-02-26 04:30:00+01:00,68115.0,68340.0,68090.0,68195.0,82
2026-02-26 04:40:00+01:00,68450.0,68525.0,68255.0,68325.0,55
2026-02-26 04:50:00+01:00,68320.0,68370.0,68230.0,68260.0,77
2026-02-26 05:00:00+01:00,68240.0,68495.0,68200.0,68495.0,99
2026-02-26 05:10:00+01:00,68520.0,68730.0,68520.0,68650.0,307
2026-02-26 05:20:00+01:00,68585.0,68660.0,68470.0,68645.0,95
2026-02-26 05:30:00+01:00,68585.0,68905.0,68580.0,68785.0,303
2026-02-26 05:40:00+01:00,68780.0,69070.0,68715.0,68750.0,204
2026-02-26 05:50:00+01:00,68730.0,68740.0,68620.0,68625.0,91
2026-02-26 06:00:00+01:00,68575.0,68605.0,68315.0,68385.0,202
2026-02-26 06:10:00+01:00,68350.0,68405.0,68160.0,68310.0,220
2026-02-26 06:20:00+01:00,68325.0,68710.0,68285.0,68710.0,121
2026-02-26 06:30:00+01:00,68375.0,68465.0,68320.0,68425.0,150
2026-02-26 06:40:00+01:00,68415.0,68555.0,68390.0,68490.0,68
2026-02-26 06:50:00+01:00,68480.0,68510.0,68430.0,68510.0,91
2026-02-26 07:10:00+01:00,68490.0,68530.0,68355.0,68375.0,83
2026-02-26 07:20:00+01:00,68395.0,68705.0,68285.0,68300.0,68
2026-02-26 07:30:00+01:00,68275.0,68300.0,68170.0,68240.0,180
2026-02-26 08:00:00+01:00,68205.0,68310.0,68205.0,68255.0,224
2026-02-26 08:10:00+01:00,68310.0,68530.0,68180.0,68185.0,131
2026-02-26 08:20:00+01:00,68140.0,68460.0,68125.0,68225.0,42
2026-02-26 08:30:00+01:00,68220.0,68250.0,68080.0,68095.0,104
2026-02-26 08:40:00+01:00,68135.0,68340.0,67980.0,68030.0,101
2026-02-26 08:50:00+01:00,68040.0,68215.0,67870.0,67885.0,154
2026-02-26 09:00:00+01:00,67905.0,68235.0,67840.0,67945.0,148
2026-02-26 09:10:00+01:00,67975.0,68160.0,67975.0,68105.0,131
2026-02-26 09:20:00+01:00,68100.0,68270.0,68025.0,68080.0,167
2026-02-26 09:30:00+01:00,68080.0,68345.0,68000.0,68160.0,99
2026-02-26 09:40:00+01:00,68120.0,68315.0,68000.0,68150.0,45
2026-02-26 09:50:00+01:00,68115.0,68425.0,67940.0,68000.0,89
2026-02-26 10:00:00+01:00,68025.0,68160.0,67985.0,68145.0,133
2026-02-26 10:10:00+01:00,68165.0,68475.0,68160.0,68245.0,629
2026-02-26 10:20:00+01:00,68230.0,68280.0,68200.0,68225.0,113
2026-02-26 10:30:00+01:00,68205.0,68535.0,68185.0,68535.0,199
2026-02-26 10:40:00+01:00,68480.0,68600.0,68450.0,68600.0,116
2026-02-26 10:50:00+01:00,68570.0,68700.0,68565.0,68615.0,218
2026-02-26 11:00:00+01:00,68625.0,68700.0,68605.0,68680.0,146
2026-02-26 11:10:00+01:00,68680.0,68780.0,68490.0,68545.0,310
2026-02-26 11:20:00+01:00,68485.0,68825.0,68440.0,68660.0,96
2026-02-26 11:30:00+01:00,68670.0,68715.0,68355.0,68490.0,106
2026-02-26 11:50:00+01:00,68425.0,68445.0,68300.0,68375.0,154
2026-02-26 12:10:00+01:00,68350.0,68685.0,68260.0,68260.0,64
2026-02-26 12:20:00+01:00,68265.0,68600.0,68190.0,68190.0,129
2026-02-26 12:40:00+01:00,68225.0,68455.0,68040.0,68055.0,107
2026-02-26 12:50:00+01:00,68045.0,68090.0,68020.0,68090.0,184
2026-02-26 13:10:00+01:00,68260.0,68305.0,68200.0,68255.0,381
2026-02-26 13:20:00+01:00,68260.0,68350.0,68165.0,68190.0,292
2026-02-26 13:30:00+01:00,68210.0,68335.0,68175.0,68335.0,180
2026-02-26 13:40:00+01:00,68300.0,68320.0,68045.0,68230.0,257
2026-02-26 13:50:00+01:00,68265.0,68265.0,68175.0,68220.0,106
2026-02-26 14:00:00+01:00,68215.0,68535.0,68170.0,68170.0,111
2026-02-26 14:10:00+01:00,68165.0,68165.0,68030.0,68040.0,177
2026-02-26 14:20:00+01:00,68050.0,68225.0,67980.0,68210.0,216
2026-02-26 14:30:00+01:00,68195.0,68245.0,68010.0,68070.0,217
2026-02-26 14:50:00+01:00,68120.0,68140.0,67880.0,67935.0,266
2026-02-26 15:00:00+01:00,67925.0,67940.0,67720.0,67785.0,562
2026-02-26 15:10:00+01:00,67805.0,68315.0,67805.0,67920.0,416
2026-02-26 15:20:00+01:00,67935.0,68195.0,67910.0,68160.0,491
2026-02-26 15:30:00+01:00,68140.0,68335.0,67760.0,67915.0,1654
2026-02-26 15:40:00+01:00,67890.0,68055.0,67320.0,67395.0,1757
2026-02-26 15:50:00+01:00,67475.0,67810.0,67300.0,67730.0,786
2026-02-26 16:00:00+01:00,67720.0,67795.0,67405.0,67405.0,516
2026-02-26 16:10:00+01:00,67490.0,67660.0,66955.0,66995.0,2312
2026-02-26 16:20:00+01:00,67030.0,67320.0,66860.0,67040.0,1658
2026-02-26 16:30:00+01:00,67005.0,67340.0,66780.0,67335.0,1173
2026-02-26 16:40:00+01:00,67335.0,67650.0,67280.0,67500.0,1724
2026-02-26 16:50:00+01:00,67480.0,67510.0,67265.0,67420.0,324
2026-02-26 17:00:00+01:00,67465.0,67480.0,67130.0,67165.0,419
2026-02-26 17:10:00+01:00,67155.0,67370.0,67095.0,67265.0,426
2026-02-26 17:20:00+01:00,67265.0,67610.0,67245.0,67490.0,551
2026-02-26 17:30:00+01:00,67485.0,67500.0,66930.0,67110.0,946
2026-02-26 17:40:00+01:00,67120.0,67180.0,66730.0,67035.0,718
2026-02-26 17:50:00+01:00,67070.0,67070.0,66535.0,66665.0,1611
2026-02-26 18:00:00+01:00,66655.0,67020.0,66620.0,66955.0,602
2026-02-26 18:10:00+01:00,66975.0,67100.0,66880.0,66955.0,439
2026-02-26 18:20:00+01:00,66950.0,67045.0,66795.0,66975.0,312
2026-02-26 18:30:00+01:00,66975.0,67060.0,66825.0,66835.0,264
2026-02-26 18:40:00+01:00,66855.0,66910.0,66700.0,66725.0,283
2026-02-26 18:50:00+01:00,66740.0,66905.0,66665.0,66885.0,471
2026-02-26 19:00:00+01:00,66900.0,66930.0,66605.0,66705.0,441
2026-02-26 19:10:00+01:00,66695.0,67090.0,66690.0,67055.0,773
2026-02-26 19:20:00+01:00,67040.0,67055.0,66855.0,66905.0,234
2026-02-26 19:30:00+01:00,66885.0,67430.0,66885.0,67295.0,978
2026-02-26 19:40:00+01:00,67285.0,67395.0,67175.0,67280.0,608
2026-02-26 19:50:00+01:00,67285.0,67420.0,67230.0,67370.0,315
2026-02-26 20:00:00+01:00,67380.0,67945.0,67365.0,67585.0,1038
2026-02-26 20:10:00+01:00,67545.0,67870.0,67505.0,67590.0,754
2026-02-26 20:20:00+01:00,67610.0,67800.0,67575.0,67605.0,244
2026-02-26 20:30:00+01:00,67600.0,67770.0,67540.0,67585.0,378
2026-02-26 20:40:00+01:00,67575.0,67625.0,67450.0,67590.0,172
2026-02-26 20:50:00+01:00,67555.0,67735.0,67535.0,67665.0,517
2026-02-26 21:00:00+01:00,67630.0,67885.0,67630.0,67740.0,669
2026-02-26 21:10:00+01:00,67765.0,67880.0,67715.0,67800.0,228
2026-02-26 21:20:00+01:00,67820.0,67825.0,67590.0,67605.0,239
2026-02-26 21:30:00+01:00,67600.0,67600.0,67385.0,67450.0,578
2026-02-26 21:40:00+01:00,67470.0,67520.0,67455.0,67460.0,139
2026-02-26 21:50:00+01:00,67455.0,67485.0,67315.0,67455.0,806
2026-02-26 22:00:00+01:00,67445.0,67505.0,67200.0,67215.0,575
2026-02-26 22:10:00+01:00,67200.0,67730.0,67145.0,67430.0,93
2026-02-26 22:20:00+01:00,67710.0,67725.0,67385.0,67500.0,154
2026-02-26 22:30:00+01:00,67515.0,67810.0,67380.0,67380.0,78
2026-02-26 22:40:00+01:00,67725.0,67725.0,67380.0,67585.0,125
2026-02-26 22:50:00+01:00,67580.0,67610.0,67380.0,67380.0,168
2026-02-27 00:00:00+01:00,67645.0,67805.0,67365.0,67785.0,226
2026-02-27 00:10:00+01:00,67465.0,67880.0,67445.0,67535.0,83
2026-02-27 00:20:00+01:00,67580.0,67955.0,67545.0,67630.0,72
2026-02-27 00:40:00+01:00,67600.0,67850.0,67450.0,67570.0,121
2026-02-27 00:50:00+01:00,67455.0,67825.0,67430.0,67540.0,116
2026-02-27 01:00:00+01:00,67795.0,67880.0,67420.0,67805.0,137
2026-02-27 01:10:00+01:00,67800.0,67800.0,67295.0,67365.0,78
2026-02-27 01:20:00+01:00,67655.0,67665.0,67160.0,67635.0,102
2026-02-27 01:30:00+01:00,67625.0,67650.0,67080.0,67220.0,69
2026-02-27 01:40:00+01:00,67185.0,67495.0,67095.0,67245.0,65
2026-02-27 01:50:00+01:00,67165.0,67610.0,67010.0,67245.0,78
2026-02-27 02:00:00+01:00,67555.0,67555.0,66870.0,66995.0,88
2026-02-27 02:10:00+01:00,67225.0,67430.0,66955.0,67385.0,190
2026-02-27 02:30:00+01:00,67395.0,67625.0,67120.0,67625.0,136
2026-02-27 02:40:00+01:00,67370.0,67670.0,67225.0,67585.0,379
2026-02-27 02:50:00+01:00,67550.0,67710.0,67255.0,67685.0,105
2026-02-27 03:00:00+01:00,67400.0,67840.0,67400.0,67780.0,44
2026-02-27 03:20:00+01:00,67610.0,67820.0,67355.0,67755.0,62
2026-02-27 03:30:00+01:00,67815.0,67910.0,67440.0,67550.0,66
2026-02-27 03:50:00+01:00,67545.0,67780.0,67280.0,67280.0,83
2026-02-27 04:00:00+01:00,67270.0,67635.0,67165.0,67260.0,68
2026-02-27 04:10:00+01:00,67290.0,67575.0,67240.0,67530.0,57
2026-02-27 04:20:00+01:00,67290.0,67565.0,67290.0,67455.0,138
2026-02-27 04:30:00+01:00,67195.0,67630.0,67195.0,67320.0,57
2026-02-27 04:50:00+01:00,67790.0,68000.0,67520.0,67930.0,116
2026-02-27 05:00:00+01:00,67690.0,68150.0,67690.0,68145.0,100
2026-02-27 05:10:00+01:00,67910.0,68220.0,67880.0,68170.0,218
2026-02-27 05:20:00+01:00,68215.0,68340.0,67950.0,68050.0,40
2026-02-27 05:30:00+01:00,68040.0,68225.0,67670.0,68150.0,38
2026-02-27 05:40:00+01:00,67875.0,68115.0,67745.0,67920.0,28
2026-02-27 05:50:00+01:00,67875.0,68280.0,67710.0,67725.0,50
2026-02-27 06:00:00+01:00,67800.0,68150.0,67800.0,68105.0,128
2026-02-27 06:10:00+01:00,67880.0,68200.0,67865.0,68180.0,26
2026-02-27 06:50:00+01:00,67870.0,68110.0,67730.0,67795.0,49
2026-02-27 07:00:00+01:00,67800.0,68050.0,67705.0,67705.0,38
2026-02-27 07:10:00+01:00,68015.0,68020.0,67680.0,67970.0,88
2026-02-27 07:20:00+01:00,67975.0,67975.0,67490.0,67700.0,60
2026-02-27 07:30:00+01:00,67705.0,68060.0,67630.0,67820.0,50
2026-02-27 07:50:00+01:00,67825.0,68025.0,67650.0,67650.0,50
2026-02-27 08:00:00+01:00,67650.0,68030.0,67650.0,68030.0,66
2026-02-27 08:10:00+01:00,67675.0,67975.0,67655.0,67655.0,63
2026-02-27 08:20:00+01:00,67955.0,67960.0,67525.0,67525.0,71
2026-02-27 08:30:00+01:00,67815.0,67890.0,67595.0,67635.0,106
2026-02-27 08:40:00+01:00,67515.0,67935.0,67475.0,67700.0,105
2026-02-27 08:50:00+01:00,67700.0,68020.0,67670.0,67705.0,137
2026-02-27 09:00:00+01:00,67970.0,68195.0,67725.0,68000.0,159
2026-02-27 09:10:00+01:00,68080.0,68345.0,67920.0,68000.0,113
2026-02-27 09:30:00+01:00,68305.0,68365.0,67785.0,67785.0,178
2026-02-27 09:40:00+01:00,68140.0,68425.0,67980.0,68315.0,167
2026-02-27 09:50:00+01:00,68320.0,68350.0,68060.0,68280.0,105
2026-02-27 10:20:00+01:00,68100.0,68445.0,67975.0,68030.0,245
2026-02-27 10:30:00+01:00,68020.0,68120.0,67860.0,68120.0,168
2026-02-27 10:40:00+01:00,68125.0,68130.0,67380.0,67440.0,208
2026-02-27 10:50:00+01:00,67470.0,67775.0,67305.0,67380.0,202
2026-02-27 11:00:00+01:00,67360.0,67400.0,67190.0,67225.0,165
2026-02-27 11:10:00+01:00,67240.0,67325.0,66875.0,66945.0,117
2026-02-27 11:20:00+01:00,66975.0,67080.0,66725.0,67055.0,266
2026-02-27 11:30:00+01:00,67040.0,67150.0,66895.0,67075.0,98
2026-02-27 11:40:00+01:00,66770.0,67135.0,66720.0,66780.0,154
2026-02-27 11:50:00+01:00,66760.0,66925.0,66585.0,66625.0,61
2026-02-27 12:00:00+01:00,66655.0,67075.0,66655.0,67005.0,360
2026-02-27 12:10:00+01:00,67015.0,67050.0,66400.0,66400.0,185
2026-02-27 12:20:00+01:00,66665.0,66765.0,66400.0,66550.0,211
2026-02-27 12:30:00+01:00,66805.0,66855.0,66060.0,66385.0,614
2026-02-27 12:40:00+01:00,66385.0,66435.0,65955.0,66375.0,353
2026-02-27 12:50:00+01:00,66365.0,66370.0,66000.0,66090.0,208
2026-02-27 13:00:00+01:00,66080.0,66375.0,66015.0,66155.0,70
2026-02-27 13:10:00+01:00,66005.0,66275.0,65850.0,65965.0,158
2026-02-27 13:20:00+01:00,66210.0,66365.0,65905.0,65905.0,164
2026-02-27 13:30:00+01:00,65915.0,66295.0,65915.0,66010.0,262
2026-02-27 13:40:00+01:00,66200.0,66220.0,65750.0,65810.0,103
2026-02-27 13:50:00+01:00,65740.0,66115.0,65735.0,65890.0,93
2026-02-27 14:00:00+01:00,66200.0,66455.0,65930.0,66095.0,362
2026-02-27 14:10:00+01:00,66010.0,66415.0,66010.0,66095.0,385
2026-02-27 14:20:00+01:00,66430.0,66430.0,66000.0,66105.0,182
2026-02-27 14:30:00+01:00,66265.0,66310.0,65675.0,66045.0,470
2026-02-27 14:40:00+01:00,65810.0,66405.0,65810.0,66185.0,114
2026-02-27 14:50:00+01:00,66190.0,66590.0,66180.0,66210.0,193
2026-02-27 15:00:00+01:00,66235.0,66510.0,66205.0,66205.0,128
2026-02-27 15:10:00+01:00,66170.0,66590.0,66150.0,66150.0,108
2026-02-27 15:20:00+01:00,66145.0,66380.0,66025.0,66200.0,57
2026-02-27 15:30:00+01:00,66165.0,66565.0,66035.0,66300.0,194
2026-02-27 15:40:00+01:00,66185.0,66250.0,65710.0,66175.0,341
2026-02-27 15:50:00+01:00,65820.0,66190.0,65800.0,66160.0,150
2026-02-27 16:00:00+01:00,65950.0,66500.0,65950.0,66385.0,346
2026-02-27 16:10:00+01:00,66100.0,66435.0,65900.0,65900.0,237
2026-02-27 16:20:00+01:00,66045.0,66465.0,65990.0,66060.0,202
2026-02-27 16:30:00+01:00,66050.0,66400.0,65985.0,66305.0,383
2026-02-27 16:40:00+01:00,66000.0,66505.0,65895.0,66115.0,155
2026-02-27 16:50:00+01:00,66415.0,66485.0,66000.0,66060.0,194
2026-02-27 17:00:00+01:00,66395.0,66415.0,66030.0,66220.0,1379
2026-02-27 17:10:00+01:00,66210.0,66330.0,66100.0,66210.0,369
2026-02-27 17:20:00+01:00,66215.0,66375.0,66120.0,66305.0,364
2026-02-27 17:30:00+01:00,66305.0,66375.0,66175.0,66240.0,325
2026-02-27 17:40:00+01:00,66205.0,66210.0,65730.0,65770.0,1358
2026-02-27 17:50:00+01:00,65795.0,65935.0,65735.0,65765.0,669
2026-02-27 18:00:00+01:00,65770.0,65990.0,65755.0,65970.0,688
2026-02-27 18:10:00+01:00,65945.0,65950.0,65590.0,65655.0,873
2026-02-27 18:20:00+01:00,65650.0,65665.0,65465.0,65480.0,815
2026-02-27 18:30:00+01:00,65465.0,65785.0,65380.0,65675.0,1059
2026-02-27 18:40:00+01:00,65695.0,65815.0,65630.0,65725.0,410
2026-02-27 18:50:00+01:00,65715.0,66040.0,65690.0,65990.0,762
2026-02-27 19:00:00+01:00,66005.0,66070.0,65805.0,65830.0,667
2026-02-27 19:10:00+01:00,65870.0,65900.0,65765.0,65825.0,392
2026-02-27 19:20:00+01:00,65820.0,65925.0,65670.0,65895.0,335
2026-02-27 19:30:00+01:00,65880.0,65970.0,65790.0,65825.0,333
2026-02-27 19:40:00+01:00,65825.0,65935.0,65740.0,65745.0,177
2026-02-27 19:50:00+01:00,65725.0,65745.0,65510.0,65595.0,975
2026-02-27 20:00:00+01:00,65590.0,65740.0,65450.0,65480.0,354
2026-02-27 20:10:00+01:00,65515.0,65635.0,65475.0,65500.0,435
2026-02-27 20:20:00+01:00,65505.0,65705.0,65465.0,65615.0,505
2026-02-27 20:30:00+01:00,65620.0,65705.0,65610.0,65635.0,233
2026-02-27 20:40:00+01:00,65625.0,65715.0,65520.0,65545.0,265
2026-02-27 20:50:00+01:00,65535.0,65760.0,65535.0,65685.0,325
2026-02-27 21:00:00+01:00,65690.0,65870.0,65670.0,65780.0,461
2026-02-27 21:10:00+01:00,65770.0,65910.0,65750.0,65880.0,278
2026-02-27 21:20:00+01:00,65860.0,65950.0,65840.0,65875.0,209
2026-02-27 21:30:00+01:00,65875.0,65895.0,65750.0,65870.0,457
2026-02-27 21:40:00+01:00,65890.0,65980.0,65855.0,65935.0,601
2026-02-27 21:50:00+01:00,65945.0,65985.0,65820.0,65900.0,1154
2026-02-27 22:00:00+01:00,65895.0,66005.0,65775.0,65950.0,1169
2026-02-27 22:10:00+01:00,65940.0,65970.0,65855.0,65970.0,251
2026-02-27 22:20:00+01:00,65965.0,66030.0,65960.0,65980.0,244
2026-02-27 22:30:00+01:00,65990.0,66010.0,65850.0,65885.0,188
2026-02-27 22:40:00+01:00,65890.0,65910.0,65825.0,65850.0,140
2026-02-27 22:50:00+01:00,65850.0,65870.0,65670.0,65775.0,232
2026-03-02 00:00:00+01:00,65500.0,66365.0,65185.0,66345.0,1983
2026-03-02 00:10:00+01:00,66330.0,66420.0,66045.0,66125.0,881
2026-03-02 00:20:00+01:00,66095.0,66185.0,65865.0,65905.0,579
2026-03-02 00:30:00+01:00,65885.0,66140.0,65850.0,66140.0,387
2026-03-02 00:40:00+01:00,66140.0,66140.0,65920.0,66105.0,602
2026-03-02 00:50:00+01:00,66100.0,66110.0,65905.0,66025.0,191
2026-03-02 01:00:00+01:00,66040.0,66315.0,66020.0,66290.0,340
2026-03-02 01:10:00+01:00,66325.0,66515.0,66075.0,66195.0,1080
2026-03-02 01:20:00+01:00,66220.0,66350.0,66120.0,66240.0,489
2026-03-02 01:30:00+01:00,66215.0,66495.0,66215.0,66445.0,317
2026-03-02 01:40:00+01:00,66460.0,67150.0,66395.0,66890.0,1243
2026-03-02 01:50:00+01:00,66830.0,67075.0,66785.0,66825.0,466
2026-03-02 02:00:00+01:00,66855.0,67115.0,66680.0,67050.0,846
2026-03-02 02:10:00+01:00,67070.0,67415.0,67070.0,67140.0,784
2026-03-02 02:20:00+01:00,67100.0,67145.0,66795.0,66860.0,417
2026-03-02 02:30:00+01:00,66885.0,66975.0,66835.0,66940.0,349
2026-03-02 02:50:00+01:00,66795.0,66970.0,66755.0,66830.0,412
2026-03-02 03:00:00+01:00,66855.0,66915.0,66400.0,66470.0,1055
2026-03-02 03:10:00+01:00,66425.0,66545.0,66160.0,66400.0,898
2026-03-02 03:20:00+01:00,66400.0,66610.0,66345.0,66535.0,422
2026-03-02 03:30:00+01:00,66510.0,66765.0,66475.0,66700.0,242
2026-03-02 03:40:00+01:00,66710.0,66735.0,66530.0,66530.0,271
2026-03-02 04:00:00+01:00,66615.0,66695.0,66400.0,66675.0,241
2026-03-02 04:10:00+01:00,66685.0,66975.0,66680.0,66970.0,564
2026-03-02 04:20:00+01:00,66990.0,67185.0,66950.0,67085.0,263
2026-03-02 04:30:00+01:00,67075.0,67385.0,67010.0,67180.0,803
2026-03-02 04:40:00+01:00,67190.0,67255.0,67155.0,67205.0,136
2026-03-02 04:50:00+01:00,67225.0,67335.0,67110.0,67130.0,308
2026-03-02 05:00:00+01:00,67155.0,67155.0,66995.0,67010.0,264
2026-03-02 05:10:00+01:00,66990.0,67145.0,66960.0,67010.0,483
2026-03-02 05:20:00+01:00,67020.0,67255.0,66980.0,67225.0,280
2026-03-02 05:30:00+01:00,67260.0,67280.0,67060.0,67140.0,262
2026-03-02 05:40:00+01:00,67155.0,67200.0,66930.0,66965.0,261
2026-03-02 05:50:00+01:00,66960.0,67195.0,66920.0,67175.0,321
2026-03-02 06:00:00+01:00,67195.0,67225.0,66870.0,66955.0,438
2026-03-02 06:10:00+01:00,66955.0,67155.0,66955.0,67080.0,143
2026-03-02 06:20:00+01:00,67075.0,67085.0,66895.0,66980.0,61
2026-03-02 06:40:00+01:00,67080.0,67330.0,67065.0,67205.0,396
2026-03-02 06:50:00+01:00,67215.0,67215.0,66975.0,67020.0,227
2026-03-02 07:00:00+01:00,67020.0,67025.0,66805.0,66855.0,232
2026-03-02 07:10:00+01:00,66880.0,66920.0,66490.0,66505.0,555
2026-03-02 07:20:00+01:00,66525.0,66590.0,66325.0,66555.0,518
2026-03-02 07:30:00+01:00,66555.0,66595.0,66450.0,66520.0,123
2026-03-02 07:50:00+01:00,66445.0,66570.0,66310.0,66515.0,132
2026-03-02 08:00:00+01:00,66500.0,66520.0,65935.0,65960.0,444
2026-03-02 08:10:00+01:00,65955.0,66100.0,65820.0,65835.0,564
2026-03-02 08:20:00+01:00,65835.0,66110.0,65810.0,66090.0,228
2026-03-02 08:40:00+01:00,66260.0,66300.0,66185.0,66250.0,92
2026-03-02 08:50:00+01:00,66245.0,66310.0,66195.0,66280.0,434
2026-03-02 09:00:00+01:00,66300.0,66320.0,66045.0,66185.0,901
2026-03-02 09:10:00+01:00,66200.0,66440.0,65960.0,66290.0,1057
2026-03-02 09:20:00+01:00,66295.0,66295.0,65945.0,66045.0,566
2026-03-02 09:30:00+01:00,66035.0,66290.0,66025.0,66255.0,477
2026-03-02 09:40:00+01:00,66250.0,66410.0,66240.0,66395.0,250
2026-03-02 09:50:00+01:00,66385.0,66650.0,66385.0,66625.0,277
2026-03-02 10:00:00+01:00,66610.0,66730.0,66530.0,66700.0,480
2026-03-02 10:10:00+01:00,66710.0,66940.0,66690.0,66870.0,523
2026-03-02 10:20:00+01:00,66865.0,67060.0,66710.0,66740.0,355
2026-03-02 10:30:00+01:00,66750.0,66885.0,66725.0,66730.0,446
2026-03-02 10:40:00+01:00,66735.0,66760.0,66645.0,66690.0,311
2026-03-02 10:50:00+01:00,66690.0,66690.0,66475.0,66500.0,474
2026-03-02 11:00:00+01:00,66480.0,66670.0,66425.0,66635.0,217
2026-03-02 11:10:00+01:00,66640.0,66640.0,66400.0,66490.0,144
2026-03-02 11:20:00+01:00,66470.0,66560.0,66440.0,66560.0,198
2026-03-02 11:30:00+01:00,66565.0,66715.0,66450.0,66705.0,215
2026-03-02 11:40:00+01:00,66695.0,66695.0,66540.0,66610.0,186
2026-03-02 11:50:00+01:00,66610.0,66635.0,66440.0,66635.0,147
2026-03-02 12:00:00+01:00,66625.0,66625.0,66360.0,66455.0,447
2026-03-02 12:10:00+01:00,66425.0,66510.0,66350.0,66475.0,242
2026-03-02 12:20:00+01:00,66560.0,66560.0,66335.0,66380.0,374
2026-03-02 12:30:00+01:00,66375.0,66570.0,66305.0,66545.0,172
2026-03-02 12:40:00+01:00,66530.0,66800.0,66505.0,66670.0,537
2026-03-02 13:00:00+01:00,66675.0,66730.0,66555.0,66660.0,295
2026-03-02 13:10:00+01:00,66655.0,66685.0,66500.0,66525.0,131
2026-03-02 13:30:00+01:00,66430.0,66445.0,66270.0,66350.0,335
2026-03-02 13:40:00+01:00,66345.0,66355.0,66210.0,66300.0,180
2026-03-02 13:50:00+01:00,66305.0,66355.0,66240.0,66260.0,156
2026-03-02 14:00:00+01:00,66240.0,66300.0,66065.0,66135.0,256
2026-03-02 14:20:00+01:00,66250.0,66430.0,66030.0,66090.0,403
2026-03-02 14:30:00+01:00,66115.0,66200.0,65970.0,66015.0,339
2026-03-02 14:40:00+01:00,66025.0,66065.0,65730.0,65760.0,1046
2026-03-02 14:50:00+01:00,65765.0,65765.0,65610.0,65705.0,460
2026-03-02 15:00:00+01:00,65720.0,65825.0,65515.0,65795.0,508
2026-03-02 15:10:00+01:00,65775.0,65900.0,65715.0,65730.0,271
2026-03-02 15:20:00+01:00,65775.0,65935.0,65635.0,65860.0,556
2026-03-02 15:30:00+01:00,65840.0,66775.0,65825.0,66670.0,3411
2026-03-02 15:40:00+01:00,66675.0,67330.0,66540.0,67285.0,2003
2026-03-02 15:50:00+01:00,67265.0,67560.0,67145.0,67530.0,1919
2026-03-02 16:00:00+01:00,67515.0,68195.0,67265.0,68125.0,4327
2026-03-02 16:10:00+01:00,68120.0,68970.0,68120.0,68750.0,4291
2026-03-02 16:20:00+01:00,68795.0,69175.0,68760.0,68950.0,2558
2026-03-02 16:30:00+01:00,68955.0,69825.0,68825.0,69795.0,2725
2026-03-02 16:40:00+01:00,69805.0,69975.0,69590.0,69670.0,2251
2026-03-02 16:50:00+01:00,69660.0,69880.0,69160.0,69505.0,2149
2026-03-02 17:00:00+01:00,69480.0,70125.0,69295.0,70110.0,2135
2026-03-02 17:10:00+01:00,70115.0,70145.0,69765.0,69785.0,1128
2026-03-02 17:20:00+01:00,69810.0,70105.0,69640.0,69750.0,844
2026-03-02 17:30:00+01:00,69790.0,69885.0,69400.0,69500.0,1325
2026-03-02 17:40:00+01:00,69505.0,70445.0,69505.0,70165.0,2581
2026-03-02 17:50:00+01:00,70130.0,70185.0,69735.0,69785.0,850
2026-03-02 18:00:00+01:00,69790.0,69930.0,69625.0,69650.0,452
2026-03-02 18:10:00+01:00,69670.0,69875.0,69535.0,69645.0,433
2026-03-02 18:20:00+01:00,69625.0,69810.0,69545.0,69720.0,442
2026-03-02 18:30:00+01:00,69720.0,69780.0,69400.0,69435.0,623
2026-03-02 18:40:00+01:00,69440.0,69530.0,69105.0,69285.0,1021
2026-03-02 18:50:00+01:00,69290.0,69515.0,69235.0,69515.0,600
2026-03-02 19:00:00+01:00,69515.0,69515.0,69035.0,69325.0,620
2026-03-02 19:10:00+01:00,69360.0,69500.0,69245.0,69310.0,455
2026-03-02 19:20:00+01:00,69330.0,69530.0,69270.0,69380.0,662
2026-03-02 19:30:00+01:00,69420.0,69600.0,69300.0,69375.0,583
2026-03-02 19:40:00+01:00,69355.0,69480.0,69230.0,69430.0,401
2026-03-02 19:50:00+01:00,69425.0,69460.0,69105.0,69205.0,1286
2026-03-02 20:00:00+01:00,69200.0,69270.0,68865.0,69080.0,2478
2026-03-02 20:10:00+01:00,69060.0,69215.0,68855.0,69170.0,669
2026-03-02 20:20:00+01:00,69135.0,69270.0,69060.0,69125.0,535
2026-03-02 20:30:00+01:00,69140.0,69330.0,69005.0,69205.0,749
2026-03-02 20:40:00+01:00,69180.0,69220.0,69040.0,69220.0,467
2026-03-02 20:50:00+01:00,69190.0,69320.0,69140.0,69250.0,1083
2026-03-02 21:00:00+01:00,69215.0,69520.0,69085.0,69155.0,1203
2026-03-02 21:10:00+01:00,69165.0,69305.0,68860.0,69195.0,1026
2026-03-02 21:20:00+01:00,69165.0,69380.0,69135.0,69275.0,638
2026-03-02 21:30:00+01:00,69290.0,69495.0,69230.0,69415.0,367
2026-03-02 21:40:00+01:00,69430.0,69760.0,69360.0,69715.0,821
2026-03-02 21:50:00+01:00,69730.0,69825.0,69390.0,69400.0,1949
2026-03-02 22:00:00+01:00,69400.0,69560.0,69280.0,69475.0,1182
2026-03-02 22:10:00+01:00,69485.0,69585.0,69385.0,69485.0,134
2026-03-02 22:20:00+01:00,69510.0,69740.0,69495.0,69725.0,322
2026-03-02 22:30:00+01:00,69740.0,69775.0,69670.0,69750.0,320
2026-03-02 22:40:00+01:00,69710.0,69855.0,69680.0,69765.0,454
2026-03-02 22:50:00+01:00,69770.0,69840.0,69690.0,69730.0,381
2026-03-03 00:00:00+01:00,69730.0,69800.0,69565.0,69630.0,333
2026-03-03 00:10:00+01:00,69610.0,69650.0,69415.0,69525.0,363
2026-03-03 00:20:00+01:00,69495.0,69535.0,69270.0,69310.0,773
2026-03-03 00:30:00+01:00,69305.0,69310.0,69045.0,69080.0,754
2026-03-03 00:40:00+01:00,69090.0,69240.0,68960.0,69175.0,545
2026-03-03 00:50:00+01:00,69185.0,69185.0,69010.0,69100.0,268
2026-03-03 01:00:00+01:00,69085.0,69275.0,69015.0,69235.0,354
2026-03-03 01:10:00+01:00,69225.0,69225.0,68960.0,68995.0,238
2026-03-03 01:20:00+01:00,69015.0,69075.0,68900.0,69075.0,207
2026-03-03 01:30:00+01:00,69075.0,69420.0,68960.0,69400.0,422
2026-03-03 01:40:00+01:00,69385.0,69480.0,69185.0,69245.0,230
2026-03-03 01:50:00+01:00,69260.0,69395.0,69175.0,69375.0,193
2026-03-03 02:00:00+01:00,69380.0,69455.0,69170.0,69375.0,253
2026-03-03 02:10:00+01:00,69355.0,69555.0,69160.0,69190.0,695
2026-03-03 02:20:00+01:00,69210.0,69330.0,69150.0,69175.0,500
2026-03-03 02:30:00+01:00,69160.0,69325.0,69005.0,69275.0,640
2026-03-03 02:40:00+01:00,69260.0,69345.0,69130.0,69305.0,237
2026-03-03 02:50:00+01:00,69285.0,69295.0,69000.0,69005.0,323
2026-03-03 03:00:00+01:00,69040.0,69040.0,68600.0,68860.0,1483
2026-03-03 03:10:00+01:00,68920.0,68945.0,68740.0,68800.0,269
2026-03-03 03:20:00+01:00,68775.0,68775.0,68490.0,68715.0,913
2026-03-03 03:30:00+01:00,68695.0,68795.0,68635.0,68660.0,381
2026-03-03 03:40:00+01:00,68620.0,68905.0,68620.0,68840.0,161
2026-03-03 03:50:00+01:00,68825.0,68825.0,68720.0,68795.0,115
2026-03-03 04:00:00+01:00,68765.0,68835.0,68575.0,68605.0,187
2026-03-03 04:10:00+01:00,68605.0,68730.0,68515.0,68560.0,157
2026-03-03 04:20:00+01:00,68535.0,68700.0,68470.0,68670.0,205
2026-03-03 04:30:00+01:00,68675.0,68790.0,68580.0,68710.0,161
2026-03-03 04:40:00+01:00,68685.0,68695.0,68570.0,68595.0,146
2026-03-03 05:00:00+01:00,68620.0,68725.0,68550.0,68550.0,146
2026-03-03 05:10:00+01:00,68580.0,68675.0,68505.0,68605.0,114
2026-03-03 05:20:00+01:00,68590.0,68640.0,68505.0,68545.0,124
2026-03-03 05:30:00+01:00,68555.0,68625.0,68455.0,68485.0,126
2026-03-03 05:40:00+01:00,68480.0,68500.0,68295.0,68340.0,450
2026-03-03 05:50:00+01:00,68335.0,68390.0,68275.0,68350.0,176
2026-03-03 06:00:00+01:00,68385.0,68565.0,68270.0,68540.0,248
2026-03-03 06:10:00+01:00,68525.0,68805.0,68495.0,68770.0,469
2026-03-03 06:20:00+01:00,68755.0,68760.0,68545.0,68650.0,106
2026-03-03 06:30:00+01:00,68630.0,68630.0,68295.0,68405.0,323
2026-03-03 06:40:00+01:00,68365.0,68405.0,68080.0,68105.0,291
2026-03-03 06:50:00+01:00,68085.0,68245.0,68060.0,68175.0,209
2026-03-03 07:00:00+01:00,68160.0,68265.0,68095.0,68170.0,130
2026-03-03 07:10:00+01:00,68130.0,68205.0,68050.0,68160.0,190
2026-03-03 07:20:00+01:00,68160.0,68235.0,68100.0,68120.0,250
2026-03-03 07:30:00+01:00,68110.0,68200.0,68060.0,68175.0,255
2026-03-03 07:50:00+01:00,68120.0,68475.0,68115.0,68340.0,844
2026-03-03 08:00:00+01:00,68315.0,68355.0,68180.0,68225.0,267
2026-03-03 08:20:00+01:00,68440.0,68470.0,68385.0,68445.0,192
2026-03-03 08:30:00+01:00,68440.0,68470.0,68295.0,68330.0,116
2026-03-03 08:40:00+01:00,68305.0,68515.0,68305.0,68420.0,155
2026-03-03 09:00:00+01:00,68405.0,68485.0,68330.0,68395.0,181
2026-03-03 09:10:00+01:00,68435.0,68575.0,68170.0,68235.0,1083
2026-03-03 09:20:00+01:00,68260.0,68260.0,67925.0,67945.0,1534
2026-03-03 09:30:00+01:00,67950.0,67980.0,67710.0,67720.0,481
2026-03-03 09:40:00+01:00,67730.0,67735.0,67300.0,67370.0,911
2026-03-03 09:50:00+01:00,67340.0,67400.0,67075.0,67175.0,724
2026-03-03 10:00:00+01:00,67210.0,67395.0,67065.0,67350.0,530
2026-03-03 10:10:00+01:00,67335.0,67350.0,67200.0,67290.0,366
2026-03-03 10:20:00+01:00,67295.0,67310.0,66775.0,66825.0,670
2026-03-03 10:30:00+01:00,66820.0,66920.0,66515.0,66845.0,874
2026-03-03 10:40:00+01:00,66800.0,66800.0,66615.0,66665.0,273
2026-03-03 10:50:00+01:00,66635.0,66870.0,66595.0,66840.0,281
2026-03-03 11:00:00+01:00,66815.0,66840.0,66670.0,66690.0,322
2026-03-03 11:10:00+01:00,66665.0,66790.0,66650.0,66710.0,158
2026-03-03 11:20:00+01:00,66750.0,66895.0,66660.0,66700.0,393
2026-03-03 11:30:00+01:00,66690.0,66735.0,66620.0,66685.0,218
2026-03-03 11:40:00+01:00,66665.0,67195.0,66665.0,67160.0,1071
2026-03-03 11:50:00+01:00,67150.0,67160.0,66860.0,66970.0,397
2026-03-03 12:00:00+01:00,67005.0,67195.0,66985.0,67125.0,239
2026-03-03 12:10:00+01:00,67135.0,67250.0,66945.0,66955.0,323
2026-03-03 12:20:00+01:00,66990.0,67200.0,66955.0,67025.0,347
2026-03-03 12:30:00+01:00,67045.0,67280.0,67005.0,67280.0,448
2026-03-03 12:40:00+01:00,67270.0,67390.0,67200.0,67300.0,214
2026-03-03 12:50:00+01:00,67250.0,67335.0,67150.0,67265.0,242
2026-03-03 13:00:00+01:00,67245.0,67735.0,67245.0,67690.0,736
2026-03-03 13:10:00+01:00,67700.0,68150.0,67630.0,67750.0,976
2026-03-03 13:20:00+01:00,67725.0,67825.0,67595.0,67770.0,160
2026-03-03 13:30:00+01:00,67710.0,67765.0,67540.0,67640.0,529
2026-03-03 13:40:00+01:00,67660.0,67665.0,67490.0,67605.0,261
2026-03-03 13:50:00+01:00,67540.0,67715.0,67460.0,67615.0,244
2026-03-03 14:00:00+01:00,67635.0,67635.0,67300.0,67395.0,415
2026-03-03 14:10:00+01:00,67400.0,67460.0,67190.0,67360.0,1324
2026-03-03 14:20:00+01:00,67340.0,67435.0,67250.0,67325.0,2060
2026-03-03 14:30:00+01:00,67310.0,67310.0,67030.0,67195.0,1442
2026-03-03 14:40:00+01:00,67185.0,67215.0,66850.0,66950.0,311
2026-03-03 14:50:00+01:00,66950.0,67185.0,66950.0,67140.0,320
2026-03-03 15:00:00+01:00,67135.0,67460.0,67055.0,67420.0,4839
2026-03-03 15:10:00+01:00,67405.0,67405.0,67210.0,67345.0,457
2026-03-03 15:20:00+01:00,67315.0,67565.0,67270.0,67280.0,579
2026-03-03 15:30:00+01:00,67315.0,67785.0,66960.0,67155.0,2821
2026-03-03 15:40:00+01:00,67145.0,67275.0,66365.0,66545.0,2226
2026-03-03 15:50:00+01:00,66485.0,67035.0,66475.0,66780.0,1390
2026-03-03 16:00:00+01:00,66760.0,67125.0,66700.0,66920.0,1234
2026-03-03 16:10:00+01:00,66910.0,67240.0,66760.0,66780.0,1155
2026-03-03 16:20:00+01:00,66735.0,67095.0,66640.0,67050.0,874
2026-03-03 16:30:00+01:00,67055.0,67810.0,67055.0,67810.0,1227
2026-03-03 16:40:00+01:00,67785.0,68065.0,67700.0,68000.0,1533
2026-03-03 16:50:00+01:00,67975.0,68040.0,67725.0,68000.0,656
2026-03-03 17:00:00+01:00,68005.0,68855.0,67900.0,68855.0,1899
2026-03-03 17:10:00+01:00,68840.0,68905.0,68480.0,68655.0,3064
2026-03-03 17:20:00+01:00,68645.0,69290.0,68605.0,69095.0,5555
2026-03-03 17:30:00+01:00,69075.0,69075.0,68060.0,68120.0,2964
2026-03-03 17:40:00+01:00,68120.0,68480.0,67735.0,68330.0,2481
2026-03-03 17:50:00+01:00,68345.0,68750.0,68210.0,68455.0,1454
2026-03-03 18:00:00+01:00,68465.0,68500.0,68100.0,68170.0,1206
2026-03-03 18:10:00+01:00,68190.0,68385.0,67890.0,68355.0,1071
2026-03-03 18:20:00+01:00,68380.0,68570.0,68165.0,68530.0,843
2026-03-03 18:30:00+01:00,68465.0,68465.0,67990.0,68260.0,678
2026-03-03 18:40:00+01:00,68270.0,68680.0,68245.0,68570.0,411
2026-03-03 18:50:00+01:00,68580.0,68695.0,68400.0,68595.0,445
2026-03-03 19:00:00+01:00,68595.0,68735.0,68490.0,68530.0,776
2026-03-03 19:10:00+01:00,68515.0,68675.0,68225.0,68555.0,716
2026-03-03 19:20:00+01:00,68595.0,68880.0,68595.0,68725.0,627
2026-03-03 19:30:00+01:00,68720.0,69185.0,68710.0,69055.0,1063
2026-03-03 19:40:00+01:00,69060.0,69120.0,68795.0,68980.0,480
2026-03-03 19:50:00+01:00,68965.0,69025.0,68800.0,68875.0,220
2026-03-03 20:00:00+01:00,68930.0,69000.0,68625.0,68645.0,724
2026-03-03 20:10:00+01:00,68665.0,68965.0,68580.0,68935.0,564
2026-03-03 20:20:00+01:00,68950.0,69175.0,68855.0,68910.0,488
2026-03-03 20:30:00+01:00,68955.0,69070.0,68620.0,68875.0,732
2026-03-03 20:40:00+01:00,68880.0,69025.0,68730.0,68850.0,737
2026-03-03 20:50:00+01:00,68845.0,68980.0,68670.0,68670.0,372
2026-03-03 21:00:00+01:00,68675.0,68755.0,68555.0,68610.0,465
2026-03-03 21:10:00+01:00,68605.0,68615.0,68405.0,68490.0,487
2026-03-03 21:20:00+01:00,68510.0,68750.0,68510.0,68640.0,284
2026-03-03 21:30:00+01:00,68645.0,68865.0,68595.0,68605.0,414
2026-03-03 21:40:00+01:00,68660.0,68765.0,68545.0,68675.0,245
2026-03-03 21:50:00+01:00,68680.0,68680.0,68325.0,68505.0,1183
2026-03-03 22:00:00+01:00,68505.0,68505.0,68090.0,68290.0,1787
2026-03-03 22:10:00+01:00,68290.0,68320.0,68195.0,68295.0,201
2026-03-03 22:30:00+01:00,68175.0,68270.0,68145.0,68200.0,150
2026-03-03 22:40:00+01:00,68155.0,68300.0,68145.0,68275.0,119
2026-03-03 22:50:00+01:00,68245.0,68330.0,68230.0,68250.0,170
2026-03-04 00:00:00+01:00,68475.0,68795.0,68455.0,68680.0,515
2026-03-04 00:10:00+01:00,68695.0,69095.0,68695.0,68780.0,1013
2026-03-04 00:20:00+01:00,68770.0,68855.0,68665.0,68705.0,335
2026-03-04 00:30:00+01:00,68710.0,68845.0,68645.0,68685.0,112
2026-03-04 00:40:00+01:00,68720.0,68790.0,68655.0,68685.0,129
2026-03-04 00:50:00+01:00,68680.0,68690.0,68495.0,68555.0,83
2026-03-04 01:00:00+01:00,68530.0,68570.0,68360.0,68440.0,222
2026-03-04 01:10:00+01:00,68435.0,68610.0,68305.0,68590.0,656
2026-03-04 01:20:00+01:00,68575.0,68675.0,68510.0,68565.0,240
2026-03-04 01:30:00+01:00,68595.0,68595.0,68110.0,68200.0,1070
2026-03-04 01:40:00+01:00,68255.0,68480.0,68155.0,68480.0,194
2026-03-04 01:50:00+01:00,68515.0,68515.0,68315.0,68345.0,61
2026-03-04 02:00:00+01:00,68375.0,68540.0,68315.0,68490.0,202
2026-03-04 02:20:00+01:00,68345.0,68590.0,68180.0,68525.0,755
2026-03-04 02:30:00+01:00,68480.0,68950.0,68480.0,68950.0,1098
2026-03-04 02:40:00+01:00,68930.0,69185.0,68640.0,68655.0,1103
2026-03-04 02:50:00+01:00,68665.0,68755.0,68605.0,68670.0,219
2026-03-04 03:00:00+01:00,68690.0,68715.0,68430.0,68565.0,457
2026-03-04 03:10:00+01:00,68600.0,68690.0,68370.0,68495.0,359
2026-03-04 03:20:00+01:00,68530.0,68565.0,68295.0,68330.0,170
2026-03-04 03:30:00+01:00,68345.0,68390.0,68225.0,68325.0,132
2026-03-04 03:50:00+01:00,68565.0,68670.0,68510.0,68545.0,102
2026-03-04 04:00:00+01:00,68550.0,68570.0,68330.0,68525.0,151
2026-03-04 04:10:00+01:00,68475.0,68615.0,68420.0,68535.0,248
2026-03-04 04:20:00+01:00,68620.0,68655.0,68195.0,68245.0,215
2026-03-04 04:30:00+01:00,68225.0,68245.0,67605.0,67845.0,1879
2026-03-04 04:40:00+01:00,67910.0,67930.0,67645.0,67840.0,377
2026-03-04 04:50:00+01:00,67865.0,68000.0,67785.0,67965.0,156
2026-03-04 05:10:00+01:00,67975.0,68225.0,67805.0,67860.0,595
2026-03-04 05:20:00+01:00,67860.0,67890.0,67685.0,67815.0,430
2026-03-04 05:30:00+01:00,67780.0,67895.0,67705.0,67815.0,177
2026-03-04 05:40:00+01:00,67780.0,67930.0,67675.0,67910.0,227
2026-03-04 05:50:00+01:00,67900.0,68070.0,67900.0,68005.0,248
2026-03-04 06:00:00+01:00,67985.0,68140.0,67890.0,68100.0,175
2026-03-04 06:10:00+01:00,68115.0,68175.0,68055.0,68170.0,103
2026-03-04 06:40:00+01:00,68200.0,68545.0,68190.0,68395.0,255
2026-03-04 06:50:00+01:00,68405.0,68610.0,68385.0,68435.0,310
2026-03-04 07:00:00+01:00,68430.0,68470.0,68290.0,68410.0,155
2026-03-04 07:10:00+01:00,68385.0,68460.0,68305.0,68365.0,184
2026-03-04 07:30:00+01:00,68380.0,68840.0,68370.0,68840.0,385
2026-03-04 07:40:00+01:00,68815.0,68975.0,68780.0,68925.0,399
2026-03-04 07:50:00+01:00,68935.0,68935.0,68715.0,68785.0,162
2026-03-04 08:00:00+01:00,68770.0,68895.0,68660.0,68740.0,453
2026-03-04 08:30:00+01:00,69055.0,69070.0,68905.0,69050.0,376
2026-03-04 08:40:00+01:00,69060.0,69845.0,69030.0,69705.0,1954
2026-03-04 08:50:00+01:00,69705.0,69900.0,69550.0,69755.0,669
2026-03-04 09:00:00+01:00,69785.0,69990.0,69650.0,69975.0,614
2026-03-04 09:10:00+01:00,69965.0,69980.0,69545.0,69550.0,695
2026-03-04 09:20:00+01:00,69560.0,69655.0,69420.0,69600.0,273
2026-03-04 09:30:00+01:00,69615.0,69840.0,69605.0,69805.0,245
2026-03-04 09:40:00+01:00,69850.0,70965.0,69825.0,70885.0,2370
2026-03-04 09:50:00+01:00,70920.0,71475.0,70815.0,71340.0,1925
2026-03-04 10:00:00+01:00,71335.0,71625.0,71050.0,71370.0,1303
2026-03-04 10:10:00+01:00,71350.0,71840.0,71250.0,71540.0,1305
2026-03-04 10:20:00+01:00,71505.0,71725.0,71445.0,71640.0,740
2026-03-04 10:30:00+01:00,71645.0,72160.0,71535.0,72000.0,1839
2026-03-04 10:40:00+01:00,71995.0,72230.0,71975.0,72190.0,678
2026-03-04 10:50:00+01:00,72180.0,72260.0,71685.0,71895.0,1100
2026-03-04 11:00:00+01:00,71895.0,72230.0,71770.0,72200.0,716
2026-03-04 11:10:00+01:00,72165.0,72210.0,71805.0,71835.0,367
2026-03-04 11:20:00+01:00,71830.0,71890.0,71690.0,71880.0,460
2026-03-04 11:30:00+01:00,71880.0,71890.0,71645.0,71695.0,348
2026-03-04 11:40:00+01:00,71715.0,71795.0,71525.0,71615.0,535
2026-03-04 11:50:00+01:00,71620.0,71850.0,71550.0,71685.0,582
2026-03-04 12:00:00+01:00,71710.0,71775.0,71570.0,71595.0,306
2026-03-04 12:10:00+01:00,71655.0,71830.0,71655.0,71795.0,190
2026-03-04 12:20:00+01:00,71830.0,71845.0,71540.0,71580.0,123
2026-03-04 12:30:00+01:00,71600.0,71675.0,71260.0,71310.0,874
2026-03-04 12:40:00+01:00,71330.0,71500.0,71330.0,71380.0,375
2026-03-04 12:50:00+01:00,71375.0,71575.0,71300.0,71440.0,358
2026-03-04 13:00:00+01:00,71460.0,71465.0,71145.0,71185.0,391
2026-03-04 13:10:00+01:00,71215.0,71290.0,71005.0,71100.0,903
2026-03-04 13:20:00+01:00,71110.0,71160.0,70960.0,70965.0,436
2026-03-04 13:30:00+01:00,70950.0,71265.0,70920.0,71240.0,748
2026-03-04 13:40:00+01:00,71235.0,71450.0,71175.0,71430.0,605
2026-03-04 13:50:00+01:00,71420.0,71695.0,71390.0,71680.0,551
2026-03-04 14:00:00+01:00,71685.0,71965.0,71605.0,71840.0,1204
2026-03-04 14:10:00+01:00,71860.0,71870.0,71560.0,71585.0,636
2026-03-04 14:30:00+01:00,71675.0,71775.0,71570.0,71760.0,373
2026-03-04 14:50:00+01:00,71700.0,71860.0,71610.0,71790.0,341
2026-03-04 15:00:00+01:00,71765.0,71995.0,71710.0,71850.0,774
2026-03-04 15:10:00+01:00,71865.0,72330.0,71865.0,72010.0,1031
2026-03-04 15:20:00+01:00,72015.0,72075.0,71875.0,72050.0,927
2026-03-04 15:30:00+01:00,72055.0,72940.0,71970.0,72225.0,5200
2026-03-04 15:40:00+01:00,72225.0,72400.0,71585.0,71960.0,3868
2026-03-04 15:50:00+01:00,71960.0,72125.0,71825.0,71955.0,1331
2026-03-04 16:00:00+01:00,71955.0,72460.0,71920.0,72315.0,2228
2026-03-04 16:10:00+01:00,72325.0,72715.0,72275.0,72685.0,1994
2026-03-04 16:20:00+01:00,72685.0,73355.0,72500.0,73345.0,3768
2026-03-04 16:30:00+01:00,73345.0,73470.0,73000.0,73045.0,2615
2026-03-04 16:40:00+01:00,73020.0,73335.0,72910.0,73195.0,1040
2026-03-04 16:50:00+01:00,73230.0,73870.0,73210.0,73780.0,2862
2026-03-04 17:00:00+01:00,73780.0,73900.0,73235.0,73265.0,1828
2026-03-04 17:10:00+01:00,73275.0,73365.0,73070.0,73125.0,1694
2026-03-04 17:20:00+01:00,73145.0,73355.0,72825.0,73300.0,1490
2026-03-04 17:30:00+01:00,73310.0,73605.0,73250.0,73520.0,912
2026-03-04 17:40:00+01:00,73520.0,73680.0,73440.0,73595.0,953
2026-03-04 17:50:00+01:00,73600.0,73830.0,73505.0,73650.0,678
2026-03-04 18:00:00+01:00,73660.0,73860.0,73540.0,73805.0,691
2026-03-04 18:10:00+01:00,73800.0,74140.0,73635.0,73650.0,2345
2026-03-04 18:20:00+01:00,73630.0,73655.0,73305.0,73430.0,1416
2026-03-04 18:30:00+01:00,73450.0,73620.0,73405.0,73460.0,2067
2026-03-04 18:40:00+01:00,73495.0,73615.0,73380.0,73565.0,352
2026-03-04 18:50:00+01:00,73565.0,73725.0,73490.0,73540.0,510
2026-03-04 19:00:00+01:00,73525.0,73730.0,73490.0,73600.0,629
2026-03-04 19:10:00+01:00,73610.0,73700.0,73225.0,73675.0,947
2026-03-04 19:20:00+01:00,73705.0,73765.0,73615.0,73755.0,354
2026-03-04 19:30:00+01:00,73735.0,73830.0,73480.0,73550.0,768
2026-03-04 19:40:00+01:00,73600.0,73965.0,73600.0,73870.0,638
2026-03-04 19:50:00+01:00,73850.0,74030.0,73820.0,74010.0,575
2026-03-04 20:00:00+01:00,74010.0,74160.0,73920.0,73950.0,916
2026-03-04 20:10:00+01:00,73980.0,74350.0,73960.0,74305.0,2129
2026-03-04 20:20:00+01:00,74305.0,74365.0,73840.0,73890.0,1463
2026-03-04 20:30:00+01:00,73900.0,74175.0,73850.0,74130.0,373
2026-03-04 20:40:00+01:00,74130.0,74200.0,73935.0,73995.0,536
2026-03-04 20:50:00+01:00,74030.0,74120.0,73910.0,73945.0,483
2026-03-04 21:00:00+01:00,73935.0,74060.0,73635.0,73640.0,565
2026-03-04 21:10:00+01:00,73655.0,73940.0,73655.0,73710.0,672
2026-03-04 21:20:00+01:00,73725.0,73870.0,73610.0,73810.0,587
2026-03-04 21:30:00+01:00,73815.0,73915.0,73650.0,73750.0,597
2026-03-04 21:40:00+01:00,73765.0,73880.0,73755.0,73800.0,354
2026-03-04 21:50:00+01:00,73800.0,73810.0,73325.0,73375.0,2229
2026-03-04 22:00:00+01:00,73370.0,73450.0,73170.0,73300.0,1725
2026-03-04 22:10:00+01:00,73305.0,73410.0,73265.0,73405.0,659
2026-03-04 22:20:00+01:00,73375.0,73535.0,73360.0,73450.0,319
2026-03-04 22:30:00+01:00,73440.0,73605.0,73350.0,73605.0,172
2026-03-04 22:40:00+01:00,73585.0,73605.0,73485.0,73520.0,219
2026-03-04 22:50:00+01:00,73535.0,73615.0,73470.0,73615.0,256
2026-03-05 00:00:00+01:00,72810.0,73140.0,72800.0,72970.0,1167
2026-03-05 00:10:00+01:00,72955.0,73160.0,72910.0,73000.0,341
2026-03-05 00:20:00+01:00,72995.0,72995.0,72770.0,72825.0,533
2026-03-05 00:30:00+01:00,72855.0,73045.0,72610.0,72980.0,766
2026-03-05 00:40:00+01:00,72970.0,73105.0,72920.0,72980.0,392
2026-03-05 00:50:00+01:00,72965.0,73050.0,72880.0,72965.0,277
2026-03-05 01:00:00+01:00,73015.0,73175.0,72865.0,72870.0,245
2026-03-05 01:10:00+01:00,72915.0,73215.0,72830.0,73210.0,333
2026-03-05 01:20:00+01:00,73225.0,73290.0,73015.0,73125.0,212
2026-03-05 01:30:00+01:00,73075.0,73195.0,73040.0,73090.0,138
2026-03-05 01:40:00+01:00,73080.0,73310.0,73080.0,73175.0,423
2026-03-05 01:50:00+01:00,73200.0,73200.0,72995.0,73045.0,409
2026-03-05 02:00:00+01:00,73050.0,73395.0,72955.0,73390.0,380
2026-03-05 02:10:00+01:00,73400.0,73615.0,73230.0,73325.0,881
2026-03-05 02:20:00+01:00,73290.0,73345.0,73080.0,73235.0,209
2026-03-05 02:30:00+01:00,73230.0,73240.0,73045.0,73090.0,186
2026-03-05 02:40:00+01:00,73090.0,73155.0,72845.0,72880.0,742
2026-03-05 02:50:00+01:00,72870.0,72885.0,72665.0,72805.0,561
2026-03-05 03:00:00+01:00,72830.0,73155.0,72830.0,73010.0,406
2026-03-05 03:10:00+01:00,73040.0,73175.0,72945.0,73060.0,200
2026-03-05 03:20:00+01:00,73035.0,73120.0,72915.0,72985.0,127
2026-03-05 03:30:00+01:00,72980.0,72980.0,72635.0,72685.0,424
2026-03-05 03:40:00+01:00,72695.0,72820.0,72615.0,72810.0,448
2026-03-05 03:50:00+01:00,72800.0,72880.0,72640.0,72790.0,233
2026-03-05 04:00:00+01:00,72790.0,73050.0,72765.0,72935.0,399
2026-03-05 04:10:00+01:00,72910.0,72920.0,72780.0,72790.0,180
2026-03-05 04:20:00+01:00,72790.0,72915.0,72745.0,72790.0,200
2026-03-05 04:30:00+01:00,72795.0,72795.0,72570.0,72655.0,313
2026-03-05 04:40:00+01:00,72720.0,72735.0,72605.0,72700.0,187
2026-03-05 04:50:00+01:00,72655.0,72845.0,72655.0,72750.0,194
2026-03-05 05:00:00+01:00,72790.0,72910.0,72690.0,72825.0,257
2026-03-05 05:10:00+01:00,72855.0,72990.0,72835.0,72950.0,210
2026-03-05 05:20:00+01:00,72935.0,73110.0,72910.0,73075.0,201
2026-03-05 05:30:00+01:00,73085.0,73115.0,72820.0,73065.0,362
2026-03-05 05:40:00+01:00,73025.0,73360.0,73015.0,73130.0,498
2026-03-05 06:00:00+01:00,73090.0,73190.0,72975.0,73035.0,169
2026-03-05 06:10:00+01:00,73095.0,73105.0,72940.0,72970.0,89
2026-03-05 06:20:00+01:00,72945.0,72945.0,72720.0,72730.0,217
2026-03-05 06:30:00+01:00,72755.0,72865.0,72625.0,72680.0,265
2026-03-05 06:40:00+01:00,72640.0,72780.0,72615.0,72685.0,112
2026-03-05 06:50:00+01:00,72685.0,72750.0,72515.0,72690.0,221
2026-03-05 07:00:00+01:00,72700.0,72730.0,72350.0,72385.0,895
2026-03-05 07:10:00+01:00,72390.0,72595.0,72290.0,72595.0,253
2026-03-05 07:20:00+01:00,72580.0,72830.0,72575.0,72675.0,576
2026-03-05 07:30:00+01:00,72670.0,72795.0,72560.0,72790.0,176
2026-03-05 07:40:00+01:00,72790.0,72815.0,72680.0,72795.0,433
2026-03-05 07:50:00+01:00,72855.0,72980.0,72790.0,72800.0,226
2026-03-05 08:00:00+01:00,72825.0,72940.0,72675.0,72740.0,212
2026-03-05 08:10:00+01:00,72775.0,72955.0,72775.0,72900.0,125
2026-03-05 08:30:00+01:00,72765.0,72765.0,72460.0,72510.0,369
2026-03-05 08:40:00+01:00,72520.0,72540.0,72410.0,72415.0,205
2026-03-05 08:50:00+01:00,72415.0,72425.0,72040.0,72290.0,1275
2026-03-05 09:00:00+01:00,72310.0,72335.0,72080.0,72150.0,445
2026-03-05 09:10:00+01:00,72130.0,72265.0,72060.0,72135.0,233
2026-03-05 09:20:00+01:00,72130.0,72335.0,72010.0,72140.0,189
2026-03-05 09:30:00+01:00,72095.0,72445.0,72065.0,72335.0,212
2026-03-05 09:40:00+01:00,72300.0,72575.0,72215.0,72550.0,887
2026-03-05 09:50:00+01:00,72535.0,72640.0,72485.0,72595.0,164
2026-03-05 10:00:00+01:00,72610.0,72895.0,72560.0,72825.0,548
2026-03-05 10:10:00+01:00,72840.0,73065.0,72760.0,72800.0,487
2026-03-05 10:20:00+01:00,72790.0,73015.0,72745.0,72990.0,795
2026-03-05 10:30:00+01:00,73000.0,73185.0,72800.0,72805.0,862
2026-03-05 10:40:00+01:00,72805.0,72900.0,72740.0,72775.0,388
2026-03-05 11:00:00+01:00,72875.0,73075.0,72825.0,73030.0,284
2026-03-05 11:10:00+01:00,73040.0,73150.0,72955.0,73105.0,194
2026-03-05 11:20:00+01:00,73090.0,73800.0,73040.0,73455.0,1501
2026-03-05 11:30:00+01:00,73480.0,73800.0,73450.0,73560.0,415
2026-03-05 11:40:00+01:00,73535.0,73680.0,73480.0,73660.0,258
2026-03-05 11:50:00+01:00,73635.0,73840.0,73600.0,73665.0,450
2026-03-05 12:00:00+01:00,73680.0,73720.0,73330.0,73450.0,835
2026-03-05 12:10:00+01:00,73440.0,73490.0,73340.0,73365.0,122
2026-03-05 12:20:00+01:00,73385.0,73420.0,73170.0,73410.0,226
2026-03-05 12:40:00+01:00,73075.0,73230.0,73040.0,73150.0,171
2026-03-05 12:50:00+01:00,73195.0,73195.0,73060.0,73195.0,136
2026-03-05 13:00:00+01:00,73175.0,73225.0,72920.0,73190.0,679
2026-03-05 13:10:00+01:00,73190.0,73290.0,72955.0,73160.0,422
2026-03-05 13:30:00+01:00,73045.0,73105.0,72935.0,73075.0,176
2026-03-05 13:40:00+01:00,73085.0,73350.0,73040.0,73350.0,271
2026-03-05 13:50:00+01:00,73325.0,73325.0,73135.0,73135.0,311
2026-03-05 14:00:00+01:00,73140.0,73195.0,72935.0,72970.0,282
2026-03-05 14:10:00+01:00,72990.0,73040.0,72825.0,72920.0,499
2026-03-05 14:20:00+01:00,72920.0,73010.0,72575.0,72800.0,965
2026-03-05 14:30:00+01:00,72785.0,72790.0,72420.0,72625.0,807
2026-03-05 14:40:00+01:00,72625.0,72925.0,72535.0,72875.0,857
2026-03-05 14:50:00+01:00,72870.0,72950.0,72625.0,72710.0,927
2026-03-05 15:00:00+01:00,72725.0,72865.0,72565.0,72780.0,290
2026-03-05 15:10:00+01:00,72800.0,72910.0,72655.0,72730.0,273
2026-03-05 15:20:00+01:00,72720.0,72860.0,72650.0,72780.0,781
2026-03-05 15:30:00+01:00,72795.0,73090.0,72365.0,72465.0,1934
2026-03-05 15:40:00+01:00,72445.0,72620.0,72190.0,72350.0,1911
2026-03-05 15:50:00+01:00,72380.0,73045.0,72380.0,72880.0,1213
2026-03-05 16:00:00+01:00,72890.0,73025.0,72040.0,72095.0,1532
2026-03-05 16:10:00+01:00,72090.0,72175.0,71750.0,71920.0,2470
2026-03-05 16:20:00+01:00,71925.0,72080.0,71435.0,71500.0,1732
2026-03-05 16:30:00+01:00,71500.0,71905.0,71360.0,71905.0,1490
2026-03-05 16:40:00+01:00,71910.0,71930.0,71530.0,71575.0,984
2026-03-05 16:50:00+01:00,71600.0,72010.0,71595.0,71905.0,832
2026-03-05 17:00:00+01:00,71910.0,71910.0,71080.0,71095.0,2232
2026-03-05 17:10:00+01:00,71070.0,71355.0,71015.0,71125.0,1082
2026-03-05 17:20:00+01:00,71155.0,71370.0,71125.0,71215.0,608
2026-03-05 17:30:00+01:00,71220.0,71675.0,71210.0,71645.0,887
2026-03-05 17:50:00+01:00,71590.0,71650.0,71415.0,71535.0,576
2026-03-05 18:00:00+01:00,71540.0,71820.0,71305.0,71305.0,782
2026-03-05 18:10:00+01:00,71280.0,71440.0,71190.0,71215.0,1175
2026-03-05 18:20:00+01:00,71235.0,71375.0,71085.0,71135.0,601
2026-03-05 18:30:00+01:00,71120.0,71180.0,70905.0,71095.0,1230
2026-03-05 18:40:00+01:00,71140.0,71230.0,70865.0,70865.0,475
2026-03-05 18:50:00+01:00,70905.0,71150.0,70825.0,70900.0,780
2026-03-05 19:00:00+01:00,70930.0,71225.0,70835.0,71165.0,572
2026-03-05 19:10:00+01:00,71170.0,71285.0,71080.0,71085.0,309
2026-03-05 19:20:00+01:00,71115.0,71260.0,70965.0,71040.0,237
2026-03-05 19:30:00+01:00,71065.0,71295.0,71005.0,71115.0,249
2026-03-05 19:40:00+01:00,71105.0,71265.0,71050.0,71120.0,210
2026-03-05 19:50:00+01:00,71130.0,71250.0,71000.0,71220.0,540
2026-03-05 20:00:00+01:00,71220.0,71485.0,71195.0,71485.0,574
2026-03-05 20:10:00+01:00,71500.0,71630.0,71395.0,71525.0,594
2026-03-05 20:20:00+01:00,71550.0,71650.0,71260.0,71290.0,508
2026-03-05 20:30:00+01:00,71300.0,71300.0,71125.0,71140.0,442
2026-03-05 20:40:00+01:00,71230.0,71370.0,71195.0,71270.0,181
2026-03-05 20:50:00+01:00,71275.0,71305.0,71055.0,71155.0,280
2026-03-05 21:00:00+01:00,71170.0,71325.0,71040.0,71300.0,447
2026-03-05 21:10:00+01:00,71275.0,71485.0,71210.0,71425.0,588
2026-03-05 21:20:00+01:00,71410.0,71570.0,71325.0,71375.0,644
2026-03-05 21:30:00+01:00,71380.0,71610.0,71355.0,71420.0,269
2026-03-05 21:40:00+01:00,71415.0,71440.0,71265.0,71390.0,860
2026-03-05 21:50:00+01:00,71415.0,71600.0,71225.0,71475.0,900
2026-03-05 22:00:00+01:00,71470.0,71610.0,71450.0,71540.0,485
2026-03-05 22:10:00+01:00,71565.0,71750.0,71500.0,71695.0,300
2026-03-05 22:20:00+01:00,71710.0,71780.0,71645.0,71740.0,179
2026-03-05 22:30:00+01:00,71760.0,71800.0,71350.0,71390.0,344
2026-03-05 22:40:00+01:00,71385.0,71585.0,71380.0,71585.0,171
2026-03-05 22:50:00+01:00,71560.0,71585.0,71235.0,71340.0,341
2026-03-06 00:00:00+01:00,71510.0,71710.0,71250.0,71460.0,475
2026-03-06 00:10:00+01:00,71460.0,71475.0,71365.0,71425.0,144
2026-03-06 00:20:00+01:00,71420.0,71540.0,71395.0,71460.0,135
2026-03-06 00:30:00+01:00,71410.0,71415.0,71110.0,71245.0,274
2026-03-06 00:40:00+01:00,71220.0,71220.0,71080.0,71080.0,104
2026-03-06 00:50:00+01:00,71075.0,71120.0,71000.0,71100.0,279
2026-03-06 01:00:00+01:00,71125.0,71180.0,71055.0,71130.0,180
2026-03-06 01:10:00+01:00,71105.0,71285.0,71100.0,71240.0,274
2026-03-06 01:20:00+01:00,71225.0,71245.0,71100.0,71135.0,113
2026-03-06 01:30:00+01:00,71140.0,71245.0,71100.0,71160.0,111
2026-03-06 01:40:00+01:00,71145.0,71235.0,71095.0,71140.0,82
2026-03-06 02:00:00+01:00,71185.0,71270.0,71110.0,71130.0,152
2026-03-06 02:10:00+01:00,71145.0,71155.0,70970.0,71090.0,239
2026-03-06 02:20:00+01:00,71075.0,71105.0,70590.0,70655.0,727
2026-03-06 02:30:00+01:00,70655.0,71305.0,70640.0,71235.0,685
2026-03-06 02:40:00+01:00,71255.0,71485.0,71255.0,71400.0,382
2026-03-06 02:50:00+01:00,71375.0,71525.0,71365.0,71490.0,203
2026-03-06 03:00:00+01:00,71485.0,71570.0,71405.0,71520.0,252
2026-03-06 03:10:00+01:00,71470.0,71640.0,71385.0,71420.0,357
2026-03-06 03:20:00+01:00,71385.0,71665.0,71255.0,71560.0,260
2026-03-06 03:40:00+01:00,71485.0,71620.0,71475.0,71575.0,120
2026-03-06 04:00:00+01:00,71530.0,71545.0,71415.0,71470.0,91
2026-03-06 04:10:00+01:00,71475.0,71475.0,71215.0,71265.0,211
2026-03-06 04:40:00+01:00,71325.0,71380.0,71270.0,71305.0,78
2026-03-06 04:50:00+01:00,71335.0,71350.0,71225.0,71290.0,160
2026-03-06 05:00:00+01:00,71290.0,71325.0,71155.0,71185.0,208
2026-03-06 05:10:00+01:00,71165.0,71170.0,71080.0,71120.0,187
2026-03-06 05:30:00+01:00,71070.0,71160.0,70885.0,70925.0,193
2026-03-06 05:40:00+01:00,70925.0,70925.0,70500.0,70800.0,1180
2026-03-06 06:00:00+01:00,70820.0,70885.0,70655.0,70720.0,174
2026-03-06 06:20:00+01:00,70790.0,70815.0,70535.0,70615.0,158
2026-03-06 06:30:00+01:00,70600.0,70720.0,70445.0,70515.0,454
2026-03-06 06:40:00+01:00,70525.0,70525.0,70315.0,70365.0,325
2026-03-06 06:50:00+01:00,70335.0,70690.0,70330.0,70640.0,365
2026-03-06 07:10:00+01:00,70500.0,70575.0,70450.0,70575.0,91
2026-03-06 07:30:00+01:00,70645.0,70770.0,70575.0,70730.0,177
2026-03-06 07:40:00+01:00,70685.0,71040.0,70685.0,70935.0,266
2026-03-06 07:50:00+01:00,70940.0,70940.0,70780.0,70810.0,160
2026-03-06 08:00:00+01:00,70835.0,71030.0,70835.0,70845.0,447
2026-03-06 08:10:00+01:00,70820.0,70865.0,70660.0,70850.0,432
2026-03-06 08:30:00+01:00,71080.0,71230.0,71080.0,71080.0,220
2026-03-06 08:40:00+01:00,71110.0,71390.0,71110.0,71285.0,191
2026-03-06 08:50:00+01:00,71330.0,71340.0,71235.0,71245.0,110
2026-03-06 09:00:00+01:00,71260.0,71270.0,71110.0,71135.0,212
2026-03-06 09:50:00+01:00,71100.0,71100.0,70915.0,70985.0,118
2026-03-06 10:00:00+01:00,70990.0,71015.0,70780.0,70840.0,153
2026-03-06 10:10:00+01:00,70855.0,70855.0,70570.0,70775.0,180
2026-03-06 10:20:00+01:00,70730.0,70730.0,70555.0,70600.0,169
2026-03-06 10:30:00+01:00,70595.0,70650.0,70480.0,70520.0,623
2026-03-06 10:40:00+01:00,70520.0,70835.0,70455.0,70665.0,578
2026-03-06 10:50:00+01:00,70660.0,70815.0,70655.0,70770.0,204
2026-03-06 11:00:00+01:00,70765.0,70895.0,70735.0,70885.0,187
2026-03-06 11:10:00+01:00,70855.0,70960.0,70820.0,70835.0,226
2026-03-06 11:40:00+01:00,70740.0,70795.0,70685.0,70745.0,97
2026-03-06 12:10:00+01:00,70625.0,70785.0,70600.0,70725.0,154
2026-03-06 12:40:00+01:00,70775.0,70805.0,70475.0,70480.0,220
2026-03-06 12:50:00+01:00,70500.0,70500.0,70355.0,70425.0,571
2026-03-06 13:00:00+01:00,70405.0,70410.0,69910.0,70010.0,1274
2026-03-06 13:10:00+01:00,69995.0,70365.0,69965.0,70365.0,601
2026-03-06 13:20:00+01:00,70380.0,70395.0,70175.0,70175.0,177
2026-03-06 13:30:00+01:00,70200.0,70230.0,69860.0,69950.0,674
2026-03-06 13:40:00+01:00,69965.0,70050.0,69835.0,69945.0,407
2026-03-06 13:50:00+01:00,69925.0,70255.0,69925.0,70105.0,450
2026-03-06 14:00:00+01:00,70090.0,70215.0,70075.0,70165.0,484
2026-03-06 14:10:00+01:00,70170.0,70240.0,70115.0,70225.0,136
2026-03-06 14:20:00+01:00,70215.0,70390.0,70030.0,70255.0,753
2026-03-06 14:30:00+01:00,70195.0,70525.0,69875.0,70255.0,1371
2026-03-06 14:40:00+01:00,70245.0,70295.0,70005.0,70135.0,538
2026-03-06 14:50:00+01:00,70145.0,70190.0,69355.0,69380.0,2912
2026-03-06 15:00:00+01:00,69375.0,69440.0,68810.0,68850.0,2840
2026-03-06 15:10:00+01:00,68840.0,69170.0,68780.0,69155.0,1554
2026-03-06 15:20:00+01:00,69145.0,69255.0,69020.0,69150.0,1192
2026-03-06 15:30:00+01:00,69160.0,69280.0,68555.0,68815.0,2469
2026-03-06 15:40:00+01:00,68840.0,69085.0,68535.0,68565.0,1390
2026-03-06 15:50:00+01:00,68555.0,68700.0,68290.0,68555.0,1622
2026-03-06 16:00:00+01:00,68570.0,68850.0,68465.0,68465.0,1446
2026-03-06 16:10:00+01:00,68465.0,68970.0,68465.0,68945.0,891
2026-03-06 16:20:00+01:00,68940.0,69210.0,68875.0,69045.0,1265
2026-03-06 16:30:00+01:00,69050.0,69305.0,68960.0,69110.0,889
2026-03-06 16:40:00+01:00,69075.0,69075.0,68700.0,68735.0,811
2026-03-06 16:50:00+01:00,68725.0,68765.0,68430.0,68665.0,1178
2026-03-06 17:00:00+01:00,68655.0,68970.0,68530.0,68535.0,917
2026-03-06 17:10:00+01:00,68540.0,68610.0,68375.0,68520.0,975
2026-03-06 17:20:00+01:00,68490.0,68720.0,68415.0,68690.0,566
2026-03-06 17:30:00+01:00,68680.0,68840.0,68475.0,68830.0,385
2026-03-06 17:40:00+01:00,68835.0,68880.0,68670.0,68760.0,398
2026-03-06 17:50:00+01:00,68745.0,68870.0,68475.0,68605.0,407
2026-03-06 18:00:00+01:00,68585.0,68820.0,68550.0,68715.0,280
2026-03-06 18:10:00+01:00,68690.0,68715.0,68400.0,68570.0,291
2026-03-06 18:20:00+01:00,68650.0,68750.0,68340.0,68400.0,519
2026-03-06 18:30:00+01:00,68410.0,68465.0,67930.0,68020.0,1812
2026-03-06 18:40:00+01:00,68015.0,68160.0,67870.0,68105.0,814
2026-03-06 18:50:00+01:00,68125.0,68190.0,68015.0,68095.0,367
2026-03-06 19:00:00+01:00,68095.0,68430.0,68080.0,68380.0,608
2026-03-06 19:10:00+01:00,68380.0,68575.0,68320.0,68555.0,481
2026-03-06 19:20:00+01:00,68545.0,68615.0,68425.0,68455.0,576
2026-03-06 19:30:00+01:00,68470.0,68655.0,68470.0,68555.0,340
2026-03-06 19:40:00+01:00,68590.0,68645.0,68520.0,68530.0,144
2026-03-06 19:50:00+01:00,68560.0,68560.0,68320.0,68330.0,428
2026-03-06 20:00:00+01:00,68355.0,68495.0,68355.0,68450.0,162
2026-03-06 20:10:00+01:00,68420.0,68645.0,68415.0,68640.0,231
2026-03-06 20:20:00+01:00,68620.0,68625.0,68270.0,68360.0,409
2026-03-06 20:40:00+01:00,68330.0,68475.0,68185.0,68230.0,252
2026-03-06 20:50:00+01:00,68220.0,68310.0,68130.0,68270.0,384
2026-03-06 21:00:00+01:00,68275.0,68455.0,68275.0,68325.0,509
2026-03-06 21:10:00+01:00,68325.0,68345.0,68110.0,68230.0,537
2026-03-06 21:20:00+01:00,68200.0,68260.0,67905.0,67975.0,754
2026-03-06 21:30:00+01:00,67950.0,68060.0,67930.0,68040.0,493
2026-03-06 21:40:00+01:00,68040.0,68270.0,67975.0,68245.0,685
2026-03-06 21:50:00+01:00,68250.0,68375.0,68190.0,68300.0,1666
2026-03-06 22:00:00+01:00,68290.0,68345.0,68230.0,68290.0,786
2026-03-06 22:10:00+01:00,68285.0,68305.0,68230.0,68275.0,334
2026-03-06 22:20:00+01:00,68270.0,68270.0,68055.0,68155.0,369
2026-03-06 22:30:00+01:00,68125.0,68305.0,68115.0,68290.0,213
2026-03-06 22:40:00+01:00,68300.0,68435.0,68300.0,68405.0,233
2026-03-06 22:50:00+01:00,68430.0,68475.0,68290.0,68435.0,485
2026-03-08 23:00:00+01:00,67225.0,67225.0,65680.0,66065.0,4989
2026-03-08 23:10:00+01:00,66075.0,66275.0,65765.0,65860.0,2770
2026-03-08 23:20:00+01:00,65870.0,66130.0,65740.0,66035.0,596
2026-03-08 23:30:00+01:00,66045.0,66425.0,65865.0,66135.0,669
2026-03-08 23:40:00+01:00,66150.0,66430.0,66125.0,66275.0,521
2026-03-08 23:50:00+01:00,66250.0,66370.0,66170.0,66355.0,278
2026-03-09 00:00:00+01:00,66355.0,66580.0,66305.0,66365.0,691
2026-03-09 00:10:00+01:00,66325.0,66560.0,66250.0,66430.0,292
2026-03-09 00:20:00+01:00,66420.0,66725.0,66420.0,66605.0,304
2026-03-09 00:30:00+01:00,66595.0,66645.0,66325.0,66370.0,240
2026-03-09 00:40:00+01:00,66365.0,66400.0,66100.0,66260.0,256
2026-03-09 00:50:00+01:00,66310.0,66345.0,66035.0,66095.0,321
2026-03-09 01:00:00+01:00,66095.0,66460.0,66055.0,66415.0,385
2026-03-09 01:10:00+01:00,66455.0,66540.0,66340.0,66340.0,202
2026-03-09 01:20:00+01:00,66325.0,66375.0,65925.0,66275.0,314
2026-03-09 01:30:00+01:00,66285.0,66930.0,66285.0,66700.0,1243
2026-03-09 01:40:00+01:00,66685.0,66695.0,66475.0,66500.0,786
2026-03-09 01:50:00+01:00,66520.0,66625.0,66400.0,66500.0,316
2026-03-09 02:00:00+01:00,66510.0,66535.0,66245.0,66330.0,493
2026-03-09 02:10:00+01:00,66355.0,66580.0,66345.0,66475.0,524
2026-03-09 02:20:00+01:00,66450.0,66810.0,66345.0,66615.0,1031
2026-03-09 02:30:00+01:00,66610.0,66860.0,66540.0,66725.0,295
2026-03-09 02:40:00+01:00,66700.0,66805.0,66605.0,66625.0,196
2026-03-09 02:50:00+01:00,66620.0,66630.0,66295.0,66340.0,1136
2026-03-09 03:00:00+01:00,66330.0,66440.0,66165.0,66370.0,365
2026-03-09 03:10:00+01:00,66365.0,66465.0,66070.0,66145.0,473
2026-03-09 03:20:00+01:00,66140.0,66275.0,66050.0,66230.0,181
2026-03-09 03:30:00+01:00,66235.0,66735.0,66205.0,66620.0,1237
2026-03-09 03:40:00+01:00,66610.0,66785.0,66605.0,66770.0,378
2026-03-09 03:50:00+01:00,66775.0,66860.0,66695.0,66695.0,308
2026-03-09 04:00:00+01:00,66715.0,67325.0,66715.0,67235.0,849
2026-03-09 04:10:00+01:00,67270.0,67835.0,67250.0,67835.0,959
2026-03-09 04:20:00+01:00,67830.0,67835.0,67245.0,67380.0,404
2026-03-09 04:30:00+01:00,67400.0,67555.0,67310.0,67310.0,188
2026-03-09 04:40:00+01:00,67260.0,67320.0,67205.0,67285.0,124
2026-03-09 04:50:00+01:00,67270.0,67410.0,67225.0,67370.0,150
2026-03-09 05:00:00+01:00,67375.0,67450.0,67350.0,67365.0,182
2026-03-09 05:20:00+01:00,67410.0,67775.0,67410.0,67765.0,200
2026-03-09 05:40:00+01:00,67680.0,67680.0,67555.0,67620.0,121
2026-03-09 05:50:00+01:00,67620.0,67650.0,67275.0,67305.0,186
2026-03-09 06:10:00+01:00,67355.0,67385.0,67270.0,67355.0,72
2026-03-09 06:20:00+01:00,67340.0,67600.0,67305.0,67550.0,267
2026-03-09 06:30:00+01:00,67565.0,67855.0,67510.0,67745.0,351
2026-03-09 06:40:00+01:00,67745.0,68205.0,67715.0,68195.0,583
2026-03-09 06:50:00+01:00,68180.0,68215.0,67945.0,68075.0,316
2026-03-09 07:00:00+01:00,68050.0,68070.0,67780.0,67795.0,176
2026-03-09 07:10:00+01:00,67775.0,67880.0,67715.0,67725.0,285
2026-03-09 07:20:00+01:00,67725.0,67770.0,67620.0,67630.0,223
2026-03-09 07:30:00+01:00,67650.0,67695.0,67520.0,67535.0,137
2026-03-09 07:40:00+01:00,67535.0,67540.0,67390.0,67495.0,169
2026-03-09 07:50:00+01:00,67495.0,67525.0,67385.0,67410.0,89
2026-03-09 08:00:00+01:00,67400.0,67440.0,67255.0,67355.0,231
2026-03-09 08:10:00+01:00,67395.0,67455.0,67000.0,67105.0,1069
2026-03-09 08:20:00+01:00,67125.0,67430.0,67125.0,67340.0,172
2026-03-09 08:30:00+01:00,67345.0,67615.0,67345.0,67530.0,328
2026-03-09 08:40:00+01:00,67540.0,67655.0,67525.0,67605.0,149
2026-03-09 08:50:00+01:00,67630.0,67715.0,67540.0,67655.0,123
2026-03-09 09:00:00+01:00,67710.0,67795.0,67610.0,67750.0,424
2026-03-09 09:10:00+01:00,67740.0,67750.0,67570.0,67655.0,165
2026-03-09 09:20:00+01:00,67595.0,67990.0,67595.0,67955.0,492
2026-03-09 09:30:00+01:00,67950.0,68050.0,67845.0,67880.0,619
2026-03-09 09:40:00+01:00,67885.0,68020.0,67835.0,67900.0,311
2026-03-09 09:50:00+01:00,67900.0,68090.0,67900.0,67960.0,228
2026-03-09 10:00:00+01:00,67970.0,67990.0,67720.0,67795.0,300
2026-03-09 10:10:00+01:00,67800.0,68120.0,67755.0,67980.0,567
2026-03-09 10:20:00+01:00,67980.0,68210.0,67980.0,68185.0,237
2026-03-09 10:30:00+01:00,68170.0,68560.0,68055.0,68455.0,1249
2026-03-09 10:40:00+01:00,68450.0,68685.0,68375.0,68440.0,841
2026-03-09 10:50:00+01:00,68440.0,68455.0,68105.0,68145.0,517
2026-03-09 11:00:00+01:00,68150.0,68230.0,68030.0,68165.0,516
2026-03-09 11:10:00+01:00,68150.0,68170.0,67915.0,67980.0,425
2026-03-09 11:20:00+01:00,68000.0,68115.0,67900.0,67915.0,182
2026-03-09 11:30:00+01:00,67900.0,67985.0,67765.0,67820.0,506
2026-03-09 11:40:00+01:00,67850.0,67890.0,67700.0,67775.0,405
2026-03-09 12:00:00+01:00,67745.0,67905.0,67740.0,67865.0,152
2026-03-09 12:10:00+01:00,67850.0,67870.0,67535.0,67540.0,218
2026-03-09 12:20:00+01:00,67540.0,67650.0,67465.0,67580.0,168
2026-03-09 12:30:00+01:00,67580.0,67775.0,67580.0,67770.0,260
2026-03-09 12:40:00+01:00,67745.0,67860.0,67720.0,67755.0,135
2026-03-09 13:00:00+01:00,67905.0,68035.0,67885.0,68000.0,222
2026-03-09 13:10:00+01:00,67970.0,68155.0,67940.0,68140.0,184
2026-03-09 13:20:00+01:00,68150.0,68315.0,68105.0,68295.0,281
2026-03-09 13:30:00+01:00,68305.0,68500.0,68140.0,68430.0,1217
2026-03-09 13:40:00+01:00,68430.0,68505.0,68235.0,68240.0,351
2026-03-09 13:50:00+01:00,68215.0,68380.0,68170.0,68310.0,292
2026-03-09 14:00:00+01:00,68315.0,68485.0,68295.0,68445.0,293
2026-03-09 14:10:00+01:00,68460.0,68785.0,68435.0,68440.0,957
2026-03-09 14:20:00+01:00,68450.0,68980.0,68345.0,68945.0,3302
2026-03-09 14:30:00+01:00,68945.0,69215.0,68915.0,68935.0,2330
2026-03-09 14:40:00+01:00,68925.0,69510.0,68925.0,69140.0,2544
2026-03-09 14:50:00+01:00,69125.0,69305.0,68995.0,69200.0,1249
2026-03-09 15:00:00+01:00,69145.0,69470.0,68915.0,68945.0,1344
2026-03-09 15:10:00+01:00,68920.0,69475.0,68895.0,69290.0,2069
2026-03-09 15:20:00+01:00,69255.0,69480.0,69185.0,69325.0,760
2026-03-09 15:30:00+01:00,69355.0,69675.0,69320.0,69570.0,1375
2026-03-09 15:40:00+01:00,69555.0,69690.0,69385.0,69440.0,1346
2026-03-09 15:50:00+01:00,69435.0,69560.0,69270.0,69360.0,802
2026-03-09 16:00:00+01:00,69360.0,69460.0,69160.0,69200.0,696
2026-03-09 16:10:00+01:00,69195.0,69450.0,69195.0,69205.0,736
2026-03-09 16:20:00+01:00,69210.0,69380.0,69185.0,69300.0,317
2026-03-09 16:30:00+01:00,69300.0,69395.0,68950.0,68990.0,902
2026-03-09 16:40:00+01:00,68990.0,69110.0,68945.0,69065.0,489
2026-03-09 16:50:00+01:00,69060.0,69270.0,69000.0,69075.0,477
2026-03-09 17:00:00+01:00,69080.0,69260.0,69000.0,69050.0,577
2026-03-09 17:10:00+01:00,69050.0,69050.0,68950.0,69025.0,378
2026-03-09 17:20:00+01:00,68985.0,69225.0,68925.0,69160.0,610
2026-03-09 17:30:00+01:00,69160.0,69190.0,68810.0,69165.0,949
2026-03-09 17:40:00+01:00,69200.0,69330.0,69135.0,69205.0,454
2026-03-09 17:50:00+01:00,69190.0,69430.0,69085.0,69150.0,319
2026-03-09 18:00:00+01:00,69160.0,69240.0,69060.0,69215.0,211
2026-03-09 18:10:00+01:00,69215.0,69260.0,69060.0,69060.0,161
2026-03-09 18:20:00+01:00,69095.0,69100.0,68790.0,68800.0,474
2026-03-09 18:30:00+01:00,68785.0,68925.0,68575.0,68590.0,380
2026-03-09 18:40:00+01:00,68590.0,68715.0,68430.0,68610.0,1424
2026-03-09 18:50:00+01:00,68610.0,68845.0,68595.0,68780.0,392
2026-03-09 19:00:00+01:00,68760.0,68795.0,68390.0,68530.0,524
2026-03-09 19:10:00+01:00,68520.0,68825.0,68520.0,68800.0,462
2026-03-09 19:20:00+01:00,68760.0,68795.0,68650.0,68715.0,209
2026-03-09 19:30:00+01:00,68810.0,68880.0,68655.0,68695.0,565
2026-03-09 19:40:00+01:00,68680.0,68730.0,68565.0,68565.0,234
2026-03-09 19:50:00+01:00,68560.0,68620.0,68480.0,68525.0,172
2026-03-09 20:00:00+01:00,68535.0,68685.0,68525.0,68685.0,194
2026-03-09 20:10:00+01:00,68675.0,69060.0,68540.0,69055.0,478
2026-03-09 20:20:00+01:00,69045.0,69590.0,68895.0,69585.0,2800
2026-03-09 20:30:00+01:00,69570.0,69750.0,69170.0,69275.0,1644
2026-03-09 20:40:00+01:00,69255.0,69260.0,68980.0,69115.0,1742
2026-03-09 20:50:00+01:00,69130.0,69275.0,69015.0,69185.0,1802
2026-03-09 21:00:00+01:00,69195.0,69360.0,69130.0,69150.0,565
2026-03-09 21:10:00+01:00,69120.0,69295.0,69065.0,69240.0,581
2026-03-09 21:20:00+01:00,69220.0,69220.0,69085.0,69140.0,220
2026-03-09 21:30:00+01:00,69110.0,69140.0,68955.0,69035.0,731
2026-03-09 21:50:00+01:00,69020.0,69200.0,68925.0,69155.0,393
2026-03-09 23:00:00+01:00,69260.0,69260.0,68895.0,68930.0,250
2026-03-09 23:10:00+01:00,68910.0,69000.0,68830.0,68900.0,182
2026-03-09 23:20:00+01:00,68900.0,69015.0,68900.0,68965.0,151
2026-03-09 23:40:00+01:00,68775.0,68955.0,68750.0,68950.0,218
2026-03-09 23:50:00+01:00,68925.0,68945.0,68770.0,68810.0,258
2026-03-10 00:00:00+01:00,68805.0,68860.0,68700.0,68825.0,228
2026-03-10 00:20:00+01:00,68725.0,68805.0,68680.0,68745.0,166
2026-03-10 00:30:00+01:00,68735.0,68775.0,68670.0,68700.0,108
2026-03-10 00:40:00+01:00,68685.0,68745.0,68600.0,68665.0,411
2026-03-10 00:50:00+01:00,68670.0,68675.0,68490.0,68565.0,218
2026-03-10 01:00:00+01:00,68540.0,68630.0,68505.0,68610.0,189
2026-03-10 01:10:00+01:00,68590.0,68860.0,68545.0,68845.0,266
2026-03-10 01:20:00+01:00,68820.0,69210.0,68810.0,69165.0,858
2026-03-10 01:30:00+01:00,69150.0,69400.0,69060.0,69400.0,773
2026-03-10 01:40:00+01:00,69385.0,69525.0,69275.0,69410.0,358
2026-03-10 01:50:00+01:00,69420.0,69430.0,69210.0,69360.0,372
2026-03-10 02:00:00+01:00,69330.0,69455.0,69245.0,69365.0,262
2026-03-10 02:10:00+01:00,69350.0,69385.0,69055.0,69070.0,528
2026-03-10 02:30:00+01:00,69125.0,69270.0,68955.0,69050.0,326
2026-03-10 02:50:00+01:00,69255.0,69605.0,69255.0,69455.0,602
2026-03-10 03:00:00+01:00,69515.0,69530.0,69270.0,69310.0,174
2026-03-10 03:20:00+01:00,69395.0,69585.0,69315.0,69555.0,233
2026-03-10 03:30:00+01:00,69560.0,70415.0,69560.0,70230.0,2174
2026-03-10 03:40:00+01:00,70230.0,70795.0,70210.0,70760.0,1903
2026-03-10 03:50:00+01:00,70735.0,70770.0,70425.0,70465.0,671
2026-03-10 04:00:00+01:00,70460.0,70580.0,70230.0,70375.0,627
2026-03-10 04:10:00+01:00,70400.0,70450.0,70315.0,70395.0,158
2026-03-10 04:20:00+01:00,70360.0,70490.0,70285.0,70290.0,136
2026-03-10 04:30:00+01:00,70300.0,70310.0,70210.0,70270.0,244
2026-03-10 04:40:00+01:00,70260.0,70300.0,69610.0,69735.0,1013
2026-03-10 04:50:00+01:00,69705.0,69730.0,69545.0,69600.0,320
2026-03-10 05:00:00+01:00,69610.0,69810.0,69600.0,69765.0,357
2026-03-10 05:10:00+01:00,69785.0,69910.0,69745.0,69795.0,193
2026-03-10 05:20:00+01:00,69780.0,70000.0,69760.0,69905.0,133
2026-03-10 05:30:00+01:00,69930.0,70155.0,69925.0,70130.0,161
2026-03-10 05:40:00+01:00,70125.0,70215.0,70025.0,70135.0,246
2026-03-10 06:00:00+01:00,70270.0,70440.0,70220.0,70380.0,207
2026-03-10 06:10:00+01:00,70405.0,70550.0,70320.0,70465.0,242
2026-03-10 06:30:00+01:00,70235.0,70335.0,70125.0,70160.0,150
2026-03-10 06:50:00+01:00,70140.0,70200.0,70115.0,70180.0,54
2026-03-10 07:00:00+01:00,70185.0,70185.0,70055.0,70095.0,168
2026-03-10 07:10:00+01:00,70085.0,70105.0,69990.0,70035.0,192
2026-03-10 08:00:00+01:00,70105.0,70465.0,70050.0,70365.0,578
2026-03-10 08:10:00+01:00,70360.0,70650.0,70360.0,70620.0,446
2026-03-10 08:20:00+01:00,70620.0,70780.0,70520.0,70560.0,317
2026-03-10 08:40:00+01:00,70560.0,70650.0,70525.0,70650.0,126
2026-03-10 08:50:00+01:00,70645.0,70725.0,70550.0,70605.0,121
2026-03-10 09:00:00+01:00,70640.0,71180.0,70625.0,71170.0,1396
2026-03-10 09:10:00+01:00,71165.0,71220.0,70970.0,71085.0,414
2026-03-10 09:20:00+01:00,71095.0,71190.0,71010.0,71075.0,240
2026-03-10 09:30:00+01:00,71075.0,71285.0,71075.0,71200.0,484
2026-03-10 09:40:00+01:00,71175.0,71320.0,70995.0,71060.0,452
2026-03-10 09:50:00+01:00,71065.0,71110.0,70850.0,70925.0,417
2026-03-10 10:00:00+01:00,70915.0,71050.0,70890.0,70970.0,118
2026-03-10 10:10:00+01:00,70980.0,71150.0,70935.0,71095.0,170
2026-03-10 10:20:00+01:00,71090.0,71520.0,71070.0,71455.0,377
2026-03-10 10:30:00+01:00,71475.0,71530.0,71320.0,71340.0,247
2026-03-10 10:40:00+01:00,71380.0,71415.0,71170.0,71195.0,203
2026-03-10 11:00:00+01:00,71275.0,71295.0,71095.0,71135.0,159
2026-03-10 11:30:00+01:00,70995.0,71170.0,70905.0,70930.0,471
2026-03-10 11:40:00+01:00,70920.0,70975.0,70875.0,70895.0,140
2026-03-10 12:00:00+01:00,70985.0,71115.0,70835.0,70930.0,456
2026-03-10 12:20:00+01:00,70855.0,70990.0,70830.0,70870.0,278
2026-03-10 12:40:00+01:00,70835.0,70870.0,70735.0,70860.0,248
2026-03-10 12:50:00+01:00,70865.0,70925.0,70790.0,70805.0,189
2026-03-10 13:00:00+01:00,70805.0,70840.0,70580.0,70615.0,677
2026-03-10 13:10:00+01:00,70610.0,70695.0,70585.0,70660.0,382
2026-03-10 13:20:00+01:00,70655.0,70770.0,70560.0,70575.0,309
2026-03-10 13:30:00+01:00,70590.0,70695.0,70490.0,70630.0,345
2026-03-10 13:40:00+01:00,70660.0,70730.0,70620.0,70700.0,148
2026-03-10 13:50:00+01:00,70725.0,70795.0,70660.0,70700.0,168
2026-03-10 14:00:00+01:00,70750.0,70930.0,70730.0,70930.0,294
2026-03-10 14:10:00+01:00,70930.0,71035.0,70875.0,70905.0,355
2026-03-10 14:20:00+01:00,70905.0,71115.0,70840.0,71055.0,400
2026-03-10 14:30:00+01:00,71050.0,71120.0,69890.0,69925.0,3298
2026-03-10 14:40:00+01:00,69920.0,70390.0,69860.0,70325.0,1469
2026-03-10 14:50:00+01:00,70375.0,70470.0,70035.0,70075.0,966
2026-03-10 15:00:00+01:00,70085.0,70315.0,69600.0,69740.0,1860
2026-03-10 15:10:00+01:00,69745.0,69800.0,69440.0,69730.0,2758
2026-03-10 15:20:00+01:00,69735.0,70095.0,69715.0,69960.0,794
2026-03-10 15:30:00+01:00,69975.0,70355.0,69950.0,70345.0,651
2026-03-10 15:40:00+01:00,70360.0,70895.0,70355.0,70860.0,2543
2026-03-10 15:50:00+01:00,70865.0,71760.0,70865.0,71715.0,3563
2026-03-10 16:00:00+01:00,71705.0,72025.0,71385.0,71415.0,2987
2026-03-10 16:10:00+01:00,71395.0,71550.0,71215.0,71435.0,1015
2026-03-10 16:20:00+01:00,71440.0,71690.0,71295.0,71615.0,709
2026-03-10 16:30:00+01:00,71595.0,71865.0,71315.0,71350.0,1043
2026-03-10 16:40:00+01:00,71330.0,71445.0,71175.0,71290.0,692
2026-03-10 16:50:00+01:00,71295.0,71585.0,71125.0,71560.0,493
2026-03-10 17:00:00+01:00,71575.0,71665.0,71165.0,71345.0,638
2026-03-10 17:10:00+01:00,71350.0,71700.0,71275.0,71695.0,529
2026-03-10 17:20:00+01:00,71680.0,71930.0,71545.0,71635.0,1153
2026-03-10 17:30:00+01:00,71615.0,71700.0,71485.0,71545.0,593
2026-03-10 17:40:00+01:00,71520.0,71645.0,71390.0,71490.0,357
2026-03-10 17:50:00+01:00,71470.0,71635.0,71415.0,71495.0,256
2026-03-10 18:00:00+01:00,71495.0,71685.0,71450.0,71555.0,218
2026-03-10 18:10:00+01:00,71545.0,71600.0,71410.0,71485.0,235
2026-03-10 18:20:00+01:00,71475.0,71560.0,71215.0,71285.0,357
2026-03-10 18:30:00+01:00,71285.0,71450.0,70760.0,70890.0,1238
2026-03-10 18:40:00+01:00,70870.0,71115.0,70730.0,71010.0,760
2026-03-10 18:50:00+01:00,70990.0,71190.0,70985.0,71110.0,629
2026-03-10 19:10:00+01:00,70925.0,71010.0,70250.0,70410.0,2310
2026-03-10 19:20:00+01:00,70395.0,70655.0,70320.0,70510.0,1212
2026-03-10 19:30:00+01:00,70550.0,70670.0,70285.0,70310.0,582
2026-03-10 19:40:00+01:00,70285.0,70400.0,70080.0,70375.0,677
2026-03-10 19:50:00+01:00,70350.0,70405.0,70050.0,70190.0,606
2026-03-10 20:00:00+01:00,70190.0,70350.0,70030.0,70295.0,408
2026-03-10 20:10:00+01:00,70290.0,70475.0,70030.0,70420.0,269
2026-03-10 20:20:00+01:00,70410.0,70425.0,70075.0,70130.0,395
2026-03-10 20:30:00+01:00,70125.0,70170.0,69875.0,70090.0,700
2026-03-10 20:40:00+01:00,70105.0,70280.0,70035.0,70155.0,395
2026-03-10 20:50:00+01:00,70175.0,70245.0,70105.0,70195.0,852
2026-03-10 21:00:00+01:00,70195.0,70445.0,70160.0,70255.0,788
2026-03-10 21:10:00+01:00,70260.0,70305.0,70190.0,70265.0,215
2026-03-10 21:20:00+01:00,70335.0,70450.0,70330.0,70410.0,112
2026-03-10 21:30:00+01:00,70405.0,70480.0,70375.0,70455.0,146
2026-03-10 21:40:00+01:00,70460.0,70500.0,70370.0,70385.0,143
2026-03-10 21:50:00+01:00,70430.0,70430.0,70355.0,70385.0,92
2026-03-10 23:00:00+01:00,70280.0,70280.0,69765.0,69790.0,450
2026-03-10 23:10:00+01:00,69780.0,69810.0,69610.0,69665.0,582
2026-03-10 23:20:00+01:00,69640.0,69920.0,69620.0,69765.0,229
2026-03-10 23:30:00+01:00,69775.0,69790.0,69630.0,69780.0,201
2026-03-10 23:50:00+01:00,69880.0,69955.0,69815.0,69870.0,151
2026-03-11 00:20:00+01:00,69935.0,70005.0,69875.0,69985.0,234
2026-03-11 00:30:00+01:00,69985.0,70160.0,69950.0,70080.0,561
2026-03-11 00:40:00+01:00,70070.0,70170.0,70035.0,70035.0,296
2026-03-11 00:50:00+01:00,70110.0,70145.0,70015.0,70135.0,165
2026-03-11 01:00:00+01:00,70100.0,70245.0,69920.0,70165.0,660
2026-03-11 01:10:00+01:00,70145.0,70285.0,70055.0,70230.0,594
2026-03-11 01:20:00+01:00,70225.0,70340.0,70145.0,70245.0,226
2026-03-11 01:30:00+01:00,70235.0,70235.0,70040.0,70105.0,295
2026-03-11 01:40:00+01:00,70065.0,70175.0,69980.0,70155.0,270
2026-03-11 01:50:00+01:00,70185.0,70360.0,70170.0,70205.0,200
2026-03-11 02:00:00+01:00,70245.0,70290.0,70160.0,70240.0,121
2026-03-11 02:10:00+01:00,70245.0,70335.0,70160.0,70300.0,157
2026-03-11 02:20:00+01:00,70290.0,70290.0,70135.0,70255.0,114
2026-03-11 02:30:00+01:00,70250.0,70250.0,70030.0,70075.0,137
2026-03-11 02:40:00+01:00,70055.0,70155.0,70045.0,70155.0,124
2026-03-11 02:50:00+01:00,70190.0,70290.0,70175.0,70250.0,114
2026-03-11 03:00:00+01:00,70270.0,70290.0,70205.0,70210.0,84
2026-03-11 03:20:00+01:00,70135.0,70170.0,70070.0,70125.0,137
2026-03-11 03:30:00+01:00,70100.0,70125.0,69760.0,69875.0,280
2026-03-11 03:40:00+01:00,69860.0,69925.0,69775.0,69880.0,262
2026-03-11 03:50:00+01:00,69885.0,69990.0,69830.0,69965.0,212
2026-03-11 04:00:00+01:00,69985.0,70080.0,69875.0,69885.0,206
2026-03-11 04:10:00+01:00,69950.0,69950.0,69745.0,69760.0,158
2026-03-11 04:20:00+01:00,69785.0,69785.0,69655.0,69700.0,189
2026-03-11 04:30:00+01:00,69710.0,69805.0,69665.0,69760.0,210
2026-03-11 04:40:00+01:00,69760.0,69775.0,69665.0,69735.0,237
2026-03-11 04:50:00+01:00,69745.0,69805.0,69695.0,69725.0,211
2026-03-11 05:00:00+01:00,69715.0,69760.0,69650.0,69690.0,172
2026-03-11 05:10:00+01:00,69710.0,69910.0,69710.0,69885.0,190
2026-03-11 05:20:00+01:00,69885.0,70170.0,69875.0,70145.0,316
2026-03-11 05:30:00+01:00,70150.0,70200.0,70065.0,70130.0,201
2026-03-11 05:40:00+01:00,70130.0,70250.0,70100.0,70225.0,205
2026-03-11 05:50:00+01:00,70255.0,70465.0,70225.0,70325.0,539
2026-03-11 06:00:00+01:00,70335.0,70385.0,70175.0,70190.0,195
2026-03-11 06:10:00+01:00,70185.0,70215.0,70100.0,70110.0,64
2026-03-11 06:40:00+01:00,69930.0,69930.0,69555.0,69715.0,1122
2026-03-11 06:50:00+01:00,69730.0,69760.0,69625.0,69625.0,115
2026-03-11 07:00:00+01:00,69650.0,69825.0,69635.0,69775.0,350
2026-03-11 07:50:00+01:00,69915.0,70150.0,69915.0,70095.0,187
2026-03-11 08:00:00+01:00,70095.0,70200.0,70055.0,70080.0,109
2026-03-11 08:20:00+01:00,70020.0,70035.0,69920.0,69960.0,67
2026-03-11 08:40:00+01:00,69700.0,69825.0,69635.0,69785.0,186
2026-03-11 09:20:00+01:00,69715.0,69755.0,69640.0,69645.0,203
2026-03-11 09:30:00+01:00,69645.0,69950.0,69625.0,69785.0,514
2026-03-11 10:40:00+01:00,69670.0,69885.0,69650.0,69825.0,136
2026-03-11 11:10:00+01:00,69640.0,69755.0,69560.0,69695.0,280
2026-03-11 11:20:00+01:00,69685.0,69690.0,69590.0,69645.0,183
2026-03-11 11:30:00+01:00,69635.0,69725.0,69620.0,69655.0,127
2026-03-11 11:50:00+01:00,69755.0,69795.0,69720.0,69770.0,80
2026-03-11 12:00:00+01:00,69790.0,69835.0,69705.0,69810.0,250
2026-03-11 12:40:00+01:00,69620.0,69650.0,69525.0,69570.0,162
2026-03-11 12:50:00+01:00,69560.0,69645.0,69280.0,69295.0,1394
2026-03-11 13:00:00+01:00,69290.0,69395.0,69100.0,69180.0,604
2026-03-11 13:20:00+01:00,69335.0,69610.0,69305.0,69555.0,516
2026-03-11 13:30:00+01:00,69600.0,69910.0,69380.0,69485.0,1428
2026-03-11 13:40:00+01:00,69485.0,69540.0,69280.0,69470.0,451
2026-03-11 13:50:00+01:00,69430.0,69565.0,69430.0,69505.0,71
2026-03-11 14:00:00+01:00,69485.0,69650.0,69480.0,69610.0,317
2026-03-11 14:10:00+01:00,69615.0,70265.0,69615.0,70255.0,1379
2026-03-11 14:20:00+01:00,70250.0,70750.0,70245.0,70410.0,2776
2026-03-11 14:30:00+01:00,70430.0,71290.0,70400.0,71210.0,3305
2026-03-11 14:40:00+01:00,71215.0,71315.0,70325.0,70525.0,2249
2026-03-11 14:50:00+01:00,70520.0,70520.0,69955.0,70345.0,1966
2026-03-11 15:00:00+01:00,70345.0,70960.0,70335.0,70385.0,2750
2026-03-11 15:10:00+01:00,70360.0,70705.0,70135.0,70650.0,791
2026-03-11 15:20:00+01:00,70670.0,70890.0,70430.0,70855.0,923
2026-03-11 15:30:00+01:00,70850.0,71170.0,70615.0,71025.0,1370
2026-03-11 15:40:00+01:00,71050.0,71225.0,70820.0,70975.0,797
2026-03-11 15:50:00+01:00,70965.0,70995.0,70695.0,70750.0,532
2026-03-11 16:00:00+01:00,70800.0,70880.0,70420.0,70500.0,669
2026-03-11 16:10:00+01:00,70540.0,70575.0,70155.0,70415.0,972
2026-03-11 16:20:00+01:00,70420.0,70665.0,70360.0,70380.0,609
2026-03-11 16:30:00+01:00,70350.0,70405.0,69845.0,70320.0,1249
2026-03-11 16:40:00+01:00,70340.0,70455.0,70065.0,70180.0,525
2026-03-11 16:50:00+01:00,70200.0,70520.0,70200.0,70395.0,546
2026-03-11 17:00:00+01:00,70420.0,70650.0,70340.0,70540.0,533
2026-03-11 17:10:00+01:00,70560.0,70685.0,70430.0,70565.0,390
2026-03-11 17:20:00+01:00,70570.0,70800.0,70460.0,70670.0,464
2026-03-11 17:30:00+01:00,70665.0,71000.0,70665.0,70890.0,1195
2026-03-11 17:40:00+01:00,70880.0,71065.0,70810.0,70925.0,633
2026-03-11 17:50:00+01:00,70930.0,70985.0,70725.0,70790.0,440
2026-03-11 18:00:00+01:00,70800.0,71175.0,70770.0,71110.0,593
2026-03-11 18:10:00+01:00,71090.0,71265.0,71040.0,71220.0,460
2026-03-11 18:20:00+01:00,71205.0,71570.0,71140.0,71495.0,1193
2026-03-11 18:30:00+01:00,71495.0,71560.0,70700.0,70910.0,1445
2026-03-11 18:40:00+01:00,70965.0,71140.0,70845.0,71070.0,580
2026-03-11 18:50:00+01:00,71090.0,71190.0,70840.0,71000.0,347
2026-03-11 19:00:00+01:00,71015.0,71115.0,70935.0,70940.0,264
2026-03-11 19:10:00+01:00,70940.0,71035.0,70835.0,70905.0,471
2026-03-11 19:20:00+01:00,70940.0,71125.0,70835.0,70935.0,775
2026-03-11 19:30:00+01:00,70925.0,70970.0,70655.0,70660.0,702
2026-03-11 19:40:00+01:00,70670.0,70870.0,70635.0,70870.0,735
2026-03-11 19:50:00+01:00,70880.0,70995.0,70815.0,70835.0,318
2026-03-11 20:00:00+01:00,70860.0,70865.0,70650.0,70690.0,455
2026-03-11 20:10:00+01:00,70660.0,70725.0,70560.0,70715.0,456
2026-03-11 20:20:00+01:00,70690.0,70800.0,70675.0,70735.0,153
2026-03-11 20:30:00+01:00,70750.0,70970.0,70685.0,70885.0,317
2026-03-11 20:40:00+01:00,70885.0,70910.0,70810.0,70870.0,419
2026-03-11 20:50:00+01:00,70860.0,70945.0,70780.0,70845.0,798
2026-03-11 21:00:00+01:00,70850.0,70865.0,70665.0,70730.0,529
2026-03-11 21:10:00+01:00,70710.0,70725.0,70605.0,70725.0,192
2026-03-11 21:20:00+01:00,70690.0,70690.0,70570.0,70610.0,412
2026-03-11 21:30:00+01:00,70640.0,70720.0,70625.0,70685.0,190
2026-03-11 21:50:00+01:00,70720.0,70880.0,70655.0,70780.0,656
2026-03-11 23:00:00+01:00,70750.0,71110.0,70750.0,70855.0,287
2026-03-11 23:10:00+01:00,70850.0,71165.0,70835.0,70950.0,296
2026-03-11 23:30:00+01:00,70665.0,70685.0,70430.0,70535.0,429
2026-03-11 23:40:00+01:00,70495.0,70665.0,70485.0,70555.0,347
2026-03-12 00:00:00+01:00,70605.0,70665.0,70545.0,70565.0,112
2026-03-12 00:10:00+01:00,70605.0,70695.0,70500.0,70520.0,138
2026-03-12 00:20:00+01:00,70515.0,70560.0,70460.0,70530.0,172
2026-03-12 00:30:00+01:00,70470.0,70600.0,70375.0,70525.0,177
2026-03-12 00:50:00+01:00,70420.0,70450.0,70330.0,70355.0,94
2026-03-12 01:00:00+01:00,70380.0,70470.0,70300.0,70450.0,168
2026-03-12 01:10:00+01:00,70480.0,70535.0,70360.0,70415.0,168
2026-03-12 01:20:00+01:00,70400.0,70545.0,70350.0,70430.0,124
2026-03-12 01:40:00+01:00,70530.0,70530.0,70390.0,70455.0,109
2026-03-12 02:00:00+01:00,70395.0,70415.0,70030.0,70150.0,583
2026-03-12 02:10:00+01:00,70140.0,70185.0,70010.0,70125.0,259
2026-03-12 02:20:00+01:00,70120.0,70150.0,70045.0,70070.0,268
2026-03-12 02:30:00+01:00,70095.0,70125.0,69940.0,70010.0,349
2026-03-12 02:40:00+01:00,70045.0,70145.0,69990.0,70000.0,143
2026-03-12 02:50:00+01:00,69990.0,70025.0,69900.0,69985.0,382
2026-03-12 03:00:00+01:00,69975.0,70035.0,69885.0,69985.0,161
2026-03-12 03:10:00+01:00,69970.0,70020.0,69725.0,69750.0,356
2026-03-12 03:20:00+01:00,69715.0,69800.0,69635.0,69765.0,418
2026-03-12 03:30:00+01:00,69750.0,69755.0,69520.0,69550.0,654
2026-03-12 03:40:00+01:00,69530.0,69615.0,69475.0,69545.0,232
2026-03-12 03:50:00+01:00,69530.0,69555.0,69335.0,69435.0,277
2026-03-12 04:00:00+01:00,69410.0,69560.0,69370.0,69495.0,276
2026-03-12 04:20:00+01:00,69560.0,69640.0,69530.0,69565.0,116
2026-03-12 04:30:00+01:00,69530.0,69740.0,69515.0,69700.0,253
2026-03-12 04:50:00+01:00,69570.0,69620.0,69505.0,69590.0,137
2026-03-12 05:00:00+01:00,69585.0,69840.0,69585.0,69810.0,368
2026-03-12 05:10:00+01:00,69810.0,69865.0,69680.0,69750.0,331
2026-03-12 05:20:00+01:00,69725.0,69725.0,69605.0,69655.0,58
2026-03-12 05:30:00+01:00,69625.0,69635.0,69420.0,69580.0,238
2026-03-12 05:40:00+01:00,69590.0,69590.0,69450.0,69450.0,79
2026-03-12 05:50:00+01:00,69500.0,69555.0,69440.0,69510.0,127
2026-03-12 06:20:00+01:00,69520.0,69520.0,69350.0,69405.0,161
2026-03-12 06:30:00+01:00,69420.0,69595.0,69415.0,69595.0,92
2026-03-12 07:00:00+01:00,69610.0,69625.0,69490.0,69590.0,136
2026-03-12 07:30:00+01:00,69700.0,69700.0,69595.0,69595.0,121
2026-03-12 07:50:00+01:00,69620.0,69650.0,69555.0,69625.0,137
2026-03-12 08:00:00+01:00,69635.0,69675.0,69550.0,69555.0,198
2026-03-12 08:20:00+01:00,69670.0,69775.0,69650.0,69755.0,337
2026-03-12 08:30:00+01:00,69755.0,69915.0,69740.0,69810.0,529
2026-03-12 08:50:00+01:00,69995.0,69995.0,69920.0,69970.0,159
2026-03-12 09:00:00+01:00,69965.0,70050.0,69870.0,69890.0,282
2026-03-12 09:10:00+01:00,69880.0,70260.0,69860.0,70165.0,404
2026-03-12 09:20:00+01:00,70135.0,70135.0,69915.0,69950.0,195
2026-03-12 09:30:00+01:00,69925.0,70045.0,69915.0,69940.0,207
2026-03-12 09:40:00+01:00,69925.0,69990.0,69825.0,69980.0,184
2026-03-12 09:50:00+01:00,69980.0,70050.0,69965.0,70050.0,225
2026-03-12 10:00:00+01:00,70055.0,70055.0,69930.0,69940.0,80
2026-03-12 10:10:00+01:00,69965.0,69975.0,69745.0,69780.0,213
2026-03-12 10:20:00+01:00,69765.0,69895.0,69705.0,69835.0,159
2026-03-12 10:40:00+01:00,70015.0,70550.0,70015.0,70095.0,964
2026-03-12 10:50:00+01:00,70120.0,70175.0,70085.0,70130.0,134
2026-03-12 11:10:00+01:00,70030.0,70195.0,70015.0,70180.0,134
2026-03-12 11:20:00+01:00,70165.0,70335.0,70165.0,70315.0,271
2026-03-12 11:30:00+01:00,70300.0,70580.0,70300.0,70530.0,417
2026-03-12 11:40:00+01:00,70530.0,70695.0,70530.0,70570.0,494
2026-03-12 11:50:00+01:00,70560.0,70630.0,70415.0,70590.0,450
2026-03-12 12:00:00+01:00,70550.0,70685.0,70540.0,70655.0,489
2026-03-12 12:10:00+01:00,70640.0,70735.0,70565.0,70690.0,285
2026-03-12 12:20:00+01:00,70695.0,70815.0,70555.0,70715.0,241
2026-03-12 12:30:00+01:00,70790.0,70860.0,70665.0,70820.0,183
2026-03-12 12:40:00+01:00,70820.0,71005.0,70760.0,70810.0,536
2026-03-12 12:50:00+01:00,70790.0,70795.0,70570.0,70610.0,285
2026-03-12 13:00:00+01:00,70600.0,70650.0,70450.0,70495.0,294
2026-03-12 13:10:00+01:00,70485.0,70605.0,70460.0,70580.0,260
2026-03-12 13:20:00+01:00,70570.0,70645.0,70535.0,70610.0,188
2026-03-12 13:30:00+01:00,70600.0,70605.0,70430.0,70505.0,300
2026-03-12 13:40:00+01:00,70525.0,70815.0,70510.0,70770.0,383
2026-03-12 13:50:00+01:00,70780.0,70780.0,70490.0,70570.0,200
2026-03-12 14:00:00+01:00,70565.0,70705.0,70510.0,70625.0,219
2026-03-12 14:10:00+01:00,70595.0,70625.0,70350.0,70370.0,419
2026-03-12 14:20:00+01:00,70385.0,70390.0,70135.0,70255.0,831
2026-03-12 14:30:00+01:00,70230.0,70640.0,70080.0,70460.0,1897
2026-03-12 14:40:00+01:00,70465.0,70560.0,69845.0,70220.0,2529
2026-03-12 14:50:00+01:00,70230.0,70330.0,69825.0,70120.0,1363
2026-03-12 15:00:00+01:00,70135.0,70580.0,70120.0,70475.0,2310
2026-03-12 15:10:00+01:00,70505.0,70855.0,70275.0,70325.0,1085
2026-03-12 15:20:00+01:00,70295.0,70435.0,70045.0,70110.0,1733
2026-03-12 15:30:00+01:00,70100.0,70150.0,69670.0,69705.0,2346
2026-03-12 15:40:00+01:00,69695.0,69915.0,69485.0,69580.0,2069
2026-03-12 15:50:00+01:00,69600.0,69755.0,69475.0,69725.0,652
2026-03-12 16:00:00+01:00,69740.0,69930.0,69655.0,69715.0,585
2026-03-12 16:10:00+01:00,69720.0,70040.0,69615.0,69975.0,628
2026-03-12 16:20:00+01:00,69985.0,70635.0,69920.0,70505.0,2965
2026-03-12 16:30:00+01:00,70485.0,70790.0,70340.0,70770.0,1857
2026-03-12 16:40:00+01:00,70770.0,70770.0,70440.0,70585.0,1356
2026-03-12 16:50:00+01:00,70595.0,70660.0,70420.0,70525.0,1000
2026-03-12 17:00:00+01:00,70525.0,70700.0,70070.0,70150.0,1642
2026-03-12 17:10:00+01:00,70150.0,70520.0,70095.0,70480.0,1145
2026-03-12 17:20:00+01:00,70490.0,70805.0,70210.0,70230.0,2927
2026-03-12 17:30:00+01:00,70200.0,70645.0,70195.0,70635.0,786
2026-03-12 17:40:00+01:00,70635.0,70720.0,70430.0,70710.0,873
2026-03-12 17:50:00+01:00,70690.0,70720.0,70560.0,70575.0,447
2026-03-12 18:00:00+01:00,70585.0,70775.0,70550.0,70575.0,565
2026-03-12 18:10:00+01:00,70575.0,70695.0,70405.0,70420.0,396
2026-03-12 18:20:00+01:00,70400.0,70740.0,70370.0,70515.0,716
2026-03-12 18:30:00+01:00,70525.0,70645.0,70480.0,70595.0,231
2026-03-12 18:40:00+01:00,70605.0,70645.0,70350.0,70515.0,352
2026-03-12 18:50:00+01:00,70540.0,70635.0,70235.0,70385.0,364
2026-03-12 19:00:00+01:00,70405.0,70520.0,70265.0,70455.0,304
2026-03-12 19:10:00+01:00,70455.0,70485.0,70310.0,70315.0,209
2026-03-12 19:20:00+01:00,70275.0,70275.0,70035.0,70185.0,1055
2026-03-12 19:30:00+01:00,70190.0,70300.0,70075.0,70190.0,296
2026-03-12 19:40:00+01:00,70160.0,70170.0,69950.0,69990.0,479
2026-03-12 19:50:00+01:00,69985.0,70105.0,69965.0,69975.0,247
2026-03-12 20:00:00+01:00,69970.0,70125.0,69940.0,70085.0,245
2026-03-12 20:10:00+01:00,70065.0,70300.0,69905.0,70240.0,504
2026-03-12 20:30:00+01:00,70405.0,70540.0,70405.0,70505.0,240
2026-03-12 20:40:00+01:00,70495.0,70660.0,70425.0,70645.0,379
2026-03-12 20:50:00+01:00,70650.0,70730.0,70560.0,70615.0,836
2026-03-12 21:00:00+01:00,70615.0,70770.0,70610.0,70645.0,600
2026-03-12 21:10:00+01:00,70660.0,70660.0,70485.0,70505.0,255
2026-03-12 21:20:00+01:00,70505.0,70570.0,70455.0,70490.0,251
2026-03-12 21:30:00+01:00,70460.0,70460.0,70360.0,70385.0,169
2026-03-12 21:50:00+01:00,70405.0,70415.0,70320.0,70355.0,230
2026-03-12 23:10:00+01:00,70350.0,70415.0,70255.0,70330.0,92
2026-03-12 23:30:00+01:00,70330.0,70380.0,70255.0,70270.0,65
2026-03-12 23:40:00+01:00,70235.0,70305.0,70185.0,70205.0,151
2026-03-12 23:50:00+01:00,70225.0,70320.0,70160.0,70320.0,184
2026-03-13 00:00:00+01:00,70320.0,70660.0,70320.0,70600.0,610
2026-03-13 00:10:00+01:00,70605.0,70850.0,70555.0,70810.0,493
2026-03-13 00:20:00+01:00,70785.0,70945.0,70650.0,70720.0,329
2026-03-13 00:30:00+01:00,70695.0,70730.0,70645.0,70720.0,120
2026-03-13 01:00:00+01:00,70670.0,70820.0,70545.0,70785.0,313
2026-03-13 01:10:00+01:00,70825.0,71915.0,70825.0,71495.0,3875
2026-03-13 01:20:00+01:00,71490.0,71985.0,71470.0,71625.0,1101
2026-03-13 01:30:00+01:00,71720.0,72265.0,71720.0,71970.0,1513
2026-03-13 01:40:00+01:00,71965.0,72000.0,71500.0,71540.0,1060
2026-03-13 01:50:00+01:00,71555.0,71730.0,71455.0,71720.0,662
2026-03-13 02:00:00+01:00,71695.0,71955.0,71685.0,71885.0,656
2026-03-13 02:10:00+01:00,71900.0,71985.0,71760.0,71790.0,315
2026-03-13 02:20:00+01:00,71815.0,71865.0,71665.0,71740.0,337
2026-03-13 02:30:00+01:00,71725.0,71830.0,71465.0,71585.0,607
2026-03-13 02:40:00+01:00,71570.0,71935.0,71550.0,71835.0,834
2026-03-13 02:50:00+01:00,71850.0,71910.0,71790.0,71885.0,183
2026-03-13 03:00:00+01:00,71905.0,71905.0,71705.0,71770.0,256
2026-03-13 03:10:00+01:00,71800.0,71870.0,71650.0,71820.0,308
2026-03-13 03:20:00+01:00,71800.0,71800.0,71660.0,71670.0,108
2026-03-13 03:30:00+01:00,71665.0,71710.0,71420.0,71440.0,483
2026-03-13 03:40:00+01:00,71420.0,71510.0,71285.0,71435.0,694
2026-03-13 03:50:00+01:00,71435.0,71485.0,71220.0,71325.0,391
2026-03-13 04:00:00+01:00,71340.0,71465.0,71265.0,71425.0,274
2026-03-13 04:10:00+01:00,71445.0,71445.0,71330.0,71400.0,137
2026-03-13 04:20:00+01:00,71400.0,71480.0,71260.0,71265.0,250
2026-03-13 04:30:00+01:00,71285.0,71390.0,71115.0,71230.0,241
2026-03-13 04:40:00+01:00,71235.0,71450.0,71235.0,71350.0,86
2026-03-13 04:50:00+01:00,71375.0,71715.0,71375.0,71590.0,342
2026-03-13 05:00:00+01:00,71590.0,71690.0,71540.0,71685.0,127
2026-03-13 05:10:00+01:00,71700.0,71720.0,71520.0,71555.0,111
2026-03-13 05:40:00+01:00,71580.0,71635.0,71545.0,71560.0,76
2026-03-13 06:10:00+01:00,71600.0,71620.0,71410.0,71560.0,92
2026-03-13 06:30:00+01:00,71625.0,71815.0,71625.0,71750.0,343
2026-03-13 06:40:00+01:00,71750.0,71835.0,71690.0,71690.0,163
2026-03-13 06:50:00+01:00,71685.0,71825.0,71680.0,71750.0,143
2026-03-13 07:00:00+01:00,71760.0,71760.0,71610.0,71725.0,140
2026-03-13 07:20:00+01:00,71665.0,71670.0,71385.0,71415.0,358
2026-03-13 07:30:00+01:00,71425.0,71525.0,71335.0,71495.0,320
2026-03-13 07:40:00+01:00,71465.0,71505.0,71355.0,71430.0,102
2026-03-13 07:50:00+01:00,71420.0,71590.0,71415.0,71545.0,282
2026-03-13 08:00:00+01:00,71530.0,71695.0,71425.0,71655.0,846
2026-03-13 08:10:00+01:00,71650.0,71730.0,71580.0,71710.0,205
2026-03-13 08:20:00+01:00,71685.0,71795.0,71650.0,71740.0,305
2026-03-13 08:30:00+01:00,71770.0,71815.0,71590.0,71690.0,165
2026-03-13 08:40:00+01:00,71685.0,71835.0,71685.0,71825.0,256
2026-03-13 08:50:00+01:00,71845.0,71910.0,71755.0,71845.0,280
2026-03-13 09:00:00+01:00,71835.0,71870.0,71655.0,71660.0,220
2026-03-13 09:10:00+01:00,71650.0,71830.0,71610.0,71770.0,315
2026-03-13 09:20:00+01:00,71745.0,71840.0,71705.0,71810.0,89
2026-03-13 09:30:00+01:00,71820.0,72420.0,71815.0,72250.0,1765
2026-03-13 09:40:00+01:00,72265.0,72330.0,71910.0,72105.0,669
2026-03-13 09:50:00+01:00,72110.0,72110.0,71965.0,72060.0,119
2026-03-13 10:00:00+01:00,72040.0,72215.0,72025.0,72045.0,372
2026-03-13 10:10:00+01:00,72055.0,72080.0,71770.0,72000.0,366
2026-03-13 10:20:00+01:00,71985.0,72055.0,71905.0,72055.0,71
2026-03-13 10:50:00+01:00,72205.0,72315.0,72190.0,72220.0,295
2026-03-13 11:00:00+01:00,72225.0,72520.0,72210.0,72370.0,762
2026-03-13 11:10:00+01:00,72375.0,72740.0,72375.0,72725.0,1073
2026-03-13 11:20:00+01:00,72740.0,72765.0,72505.0,72610.0,501
2026-03-13 11:30:00+01:00,72630.0,72820.0,72585.0,72740.0,338
2026-03-13 11:40:00+01:00,72735.0,72860.0,72695.0,72855.0,551
2026-03-13 11:50:00+01:00,72860.0,72865.0,72615.0,72695.0,508
2026-03-13 12:00:00+01:00,72695.0,72790.0,72520.0,72525.0,784
2026-03-13 12:10:00+01:00,72515.0,72695.0,72470.0,72645.0,877
2026-03-13 12:20:00+01:00,72635.0,72715.0,72515.0,72555.0,288
2026-03-13 12:30:00+01:00,72540.0,72610.0,72485.0,72530.0,218
2026-03-13 12:40:00+01:00,72520.0,72600.0,72485.0,72485.0,149
2026-03-13 12:50:00+01:00,72485.0,72570.0,72450.0,72490.0,117
2026-03-13 13:00:00+01:00,72480.0,72715.0,72480.0,72645.0,459
2026-03-13 13:10:00+01:00,72665.0,72680.0,72555.0,72595.0,252
2026-03-13 13:20:00+01:00,72585.0,72765.0,72560.0,72640.0,649
2026-03-13 13:30:00+01:00,72640.0,72880.0,72480.0,72650.0,2214
2026-03-13 13:40:00+01:00,72660.0,73100.0,72560.0,72975.0,1114
2026-03-13 13:50:00+01:00,73000.0,73115.0,72900.0,73025.0,701
2026-03-13 14:00:00+01:00,73045.0,73180.0,72905.0,72960.0,892
2026-03-13 14:10:00+01:00,72970.0,73500.0,72915.0,73430.0,1958
2026-03-13 14:20:00+01:00,73455.0,73465.0,73245.0,73275.0,1443
2026-03-13 14:30:00+01:00,73265.0,73590.0,72980.0,73205.0,2701
2026-03-13 14:40:00+01:00,73195.0,73690.0,73135.0,73550.0,2623
2026-03-13 14:50:00+01:00,73530.0,73895.0,73490.0,73635.0,2620
2026-03-13 15:00:00+01:00,73650.0,73870.0,73525.0,73650.0,1472
2026-03-13 15:10:00+01:00,73695.0,73840.0,73575.0,73785.0,801
2026-03-13 15:20:00+01:00,73790.0,74200.0,73790.0,74005.0,2352
2026-03-13 15:30:00+01:00,74010.0,74205.0,73690.0,73755.0,1246
2026-03-13 15:40:00+01:00,73755.0,73855.0,72935.0,72990.0,4028
2026-03-13 15:50:00+01:00,72990.0,73055.0,72540.0,72595.0,4953
2026-03-13 16:00:00+01:00,72575.0,72865.0,72335.0,72850.0,2612
2026-03-13 16:10:00+01:00,72815.0,73070.0,72785.0,72915.0,1539
2026-03-13 16:20:00+01:00,72900.0,73030.0,72655.0,72660.0,675
2026-03-13 16:30:00+01:00,72660.0,72795.0,72440.0,72535.0,916
2026-03-13 16:40:00+01:00,72515.0,72545.0,72040.0,72360.0,3016
2026-03-13 16:50:00+01:00,72335.0,72425.0,71875.0,71975.0,1995
2026-03-13 17:00:00+01:00,71995.0,72115.0,71735.0,71885.0,1654
2026-03-13 17:10:00+01:00,71865.0,72020.0,71495.0,71535.0,2152
2026-03-13 17:20:00+01:00,71540.0,71665.0,71270.0,71510.0,2804
2026-03-13 17:30:00+01:00,71505.0,72065.0,71505.0,72030.0,2522
2026-03-13 17:40:00+01:00,72015.0,72125.0,71945.0,72110.0,911
2026-03-13 17:50:00+01:00,72110.0,72305.0,72040.0,72070.0,1065
2026-03-13 18:00:00+01:00,72060.0,72275.0,72060.0,72270.0,538
2026-03-13 18:10:00+01:00,72250.0,72465.0,72170.0,72305.0,1067
2026-03-13 18:20:00+01:00,72300.0,72315.0,71780.0,71840.0,975
2026-03-13 18:30:00+01:00,71855.0,71880.0,71555.0,71615.0,976
2026-03-13 18:40:00+01:00,71630.0,71645.0,71190.0,71235.0,1938
2026-03-13 18:50:00+01:00,71225.0,71355.0,71025.0,71190.0,2394
2026-03-13 19:00:00+01:00,71180.0,71265.0,71130.0,71185.0,474
2026-03-13 19:10:00+01:00,71180.0,71400.0,70985.0,71180.0,1323
2026-03-13 19:20:00+01:00,71185.0,71370.0,71005.0,71370.0,770
2026-03-13 19:30:00+01:00,71360.0,71490.0,71340.0,71415.0,374
2026-03-13 19:40:00+01:00,71440.0,71520.0,71190.0,71330.0,541
2026-03-13 19:50:00+01:00,71330.0,71330.0,71150.0,71195.0,275
2026-03-13 20:00:00+01:00,71220.0,71405.0,71145.0,71365.0,387
2026-03-13 20:10:00+01:00,71375.0,71495.0,71345.0,71355.0,434
2026-03-13 20:20:00+01:00,71365.0,71365.0,71130.0,71205.0,376
2026-03-13 20:30:00+01:00,71235.0,71365.0,71170.0,71195.0,297
2026-03-13 20:40:00+01:00,71210.0,71385.0,71180.0,71300.0,767
2026-03-13 20:50:00+01:00,71310.0,71415.0,71215.0,71335.0,863
2026-03-13 21:00:00+01:00,71350.0,71455.0,71300.0,71425.0,779
2026-03-13 21:10:00+01:00,71405.0,71650.0,71400.0,71645.0,515
2026-03-13 21:20:00+01:00,71630.0,71645.0,71440.0,71480.0,499
2026-03-13 21:30:00+01:00,71480.0,71525.0,71455.0,71510.0,299
2026-03-13 21:40:00+01:00,71510.0,71615.0,71465.0,71580.0,444
2026-03-13 21:50:00+01:00,71585.0,71665.0,71475.0,71540.0,404
2026-03-16 13:35:00+01:00,74005.0,74015.0,73885.0,73945.0,580
2026-03-16 13:45:00+01:00,73960.0,74025.0,73860.0,73930.0,182
2026-03-16 13:55:00+01:00,73930.0,74075.0,73930.0,74070.0,162
2026-03-16 14:05:00+01:00,74070.0,74180.0,73995.0,74140.0,356
2026-03-16 14:15:00+01:00,74160.0,74180.0,73950.0,74125.0,394
2026-03-16 14:25:00+01:00,74110.0,74525.0,74015.0,74490.0,1147
2026-03-16 14:35:00+01:00,74480.0,74750.0,74165.0,74270.0,2366
2026-03-16 14:45:00+01:00,74260.0,74610.0,74035.0,74060.0,1622
2026-03-16 14:55:00+01:00,74075.0,74520.0,74000.0,74400.0,1070
2026-03-16 15:05:00+01:00,74380.0,74665.0,74295.0,74500.0,854
2026-03-16 15:15:00+01:00,74490.0,74560.0,74260.0,74340.0,451
2026-03-16 15:25:00+01:00,74320.0,74320.0,73395.0,73590.0,2374
2026-03-16 15:35:00+01:00,73575.0,73680.0,73100.0,73255.0,1994
2026-03-16 15:45:00+01:00,73265.0,73525.0,73120.0,73525.0,957
2026-03-16 15:55:00+01:00,73485.0,73765.0,73480.0,73680.0,527
2026-03-16 16:05:00+01:00,73670.0,73910.0,73470.0,73795.0,488
2026-03-16 16:15:00+01:00,73790.0,74100.0,73675.0,74035.0,707
2026-03-16 16:25:00+01:00,74020.0,74230.0,73870.0,73915.0,579
2026-03-16 16:35:00+01:00,73905.0,74000.0,73640.0,73700.0,605
2026-03-16 16:45:00+01:00,73705.0,73750.0,73425.0,73530.0,695
2026-03-16 16:55:00+01:00,73500.0,73500.0,73275.0,73395.0,660
2026-03-16 17:05:00+01:00,73400.0,73650.0,73365.0,73470.0,359
2026-03-16 17:15:00+01:00,73460.0,73620.0,73460.0,73530.0,311
2026-03-16 17:25:00+01:00,73495.0,73680.0,73415.0,73550.0,394
2026-03-16 17:35:00+01:00,73580.0,73815.0,73485.0,73780.0,285
2026-03-16 17:45:00+01:00,73770.0,74050.0,73740.0,73985.0,421
2026-03-16 17:55:00+01:00,74010.0,74110.0,73845.0,73905.0,405
2026-03-16 18:05:00+01:00,73940.0,74030.0,73820.0,73975.0,162
2026-03-16 18:15:00+01:00,73955.0,74040.0,73890.0,73920.0,136
2026-03-16 18:25:00+01:00,73935.0,74000.0,73770.0,73770.0,348
2026-03-16 18:35:00+01:00,73780.0,74105.0,73780.0,74025.0,376
2026-03-16 18:45:00+01:00,74045.0,74170.0,73900.0,74095.0,367
2026-03-16 18:55:00+01:00,74055.0,74135.0,74045.0,74135.0,168
2026-03-16 19:05:00+01:00,74120.0,74490.0,74080.0,74355.0,873
2026-03-16 19:15:00+01:00,74365.0,74450.0,74265.0,74370.0,393
2026-03-16 19:25:00+01:00,74375.0,74500.0,74300.0,74440.0,265
2026-03-16 19:35:00+01:00,74450.0,74505.0,74160.0,74320.0,413
2026-03-16 19:45:00+01:00,74320.0,74320.0,74085.0,74120.0,299
2026-03-16 19:55:00+01:00,74110.0,74125.0,73915.0,73970.0,338
2026-03-16 20:05:00+01:00,73975.0,74540.0,73950.0,74305.0,699
2026-03-16 20:15:00+01:00,74300.0,74395.0,74175.0,74210.0,263
2026-03-16 20:25:00+01:00,74220.0,74380.0,74090.0,74285.0,219
2026-03-16 20:35:00+01:00,74290.0,74355.0,74230.0,74260.0,191
2026-03-16 20:45:00+01:00,74270.0,74270.0,73950.0,74020.0,403
2026-03-16 20:55:00+01:00,74025.0,74185.0,74000.0,74050.0,991
2026-03-16 21:05:00+01:00,74055.0,74090.0,73970.0,74015.0,238
2026-03-16 21:15:00+01:00,74000.0,74150.0,74000.0,74140.0,158
2026-03-16 21:25:00+01:00,74130.0,74230.0,74120.0,74175.0,174
2026-03-16 21:35:00+01:00,74175.0,74235.0,74140.0,74190.0,105
2026-03-16 21:45:00+01:00,74190.0,74380.0,74175.0,74275.0,332
2026-03-16 21:55:00+01:00,74315.0,74370.0,74285.0,74335.0,58
2026-03-16 23:00:00+01:00,74425.0,75060.0,74425.0,75010.0,1189
2026-03-16 23:10:00+01:00,75035.0,75100.0,74940.0,75025.0,397
2026-03-16 23:20:00+01:00,75030.0,75040.0,74750.0,74830.0,875
2026-03-16 23:30:00+01:00,74800.0,74915.0,74765.0,74900.0,300
2026-03-16 23:40:00+01:00,74895.0,75030.0,74825.0,74985.0,332
2026-03-16 23:50:00+01:00,75020.0,75025.0,74815.0,74935.0,283
2026-03-17 00:00:00+01:00,74950.0,74955.0,74390.0,74445.0,910
2026-03-17 00:10:00+01:00,74505.0,74720.0,74460.0,74650.0,263
2026-03-17 00:20:00+01:00,74670.0,74790.0,74610.0,74790.0,255
2026-03-17 00:30:00+01:00,74765.0,74925.0,74755.0,74870.0,240
2026-03-17 00:40:00+01:00,74880.0,75080.0,74860.0,74990.0,390
2026-03-17 01:00:00+01:00,75000.0,75385.0,74750.0,75200.0,1869
2026-03-17 01:10:00+01:00,75195.0,75710.0,75195.0,75425.0,1503
2026-03-17 01:20:00+01:00,75405.0,75435.0,74975.0,75250.0,749
2026-03-17 01:30:00+01:00,75270.0,75420.0,75120.0,75155.0,645
2026-03-17 01:40:00+01:00,75150.0,75280.0,75075.0,75235.0,316
2026-03-17 01:50:00+01:00,75210.0,75490.0,75100.0,75485.0,438
2026-03-17 02:00:00+01:00,75515.0,75625.0,75270.0,75505.0,491
2026-03-17 02:10:00+01:00,75530.0,76145.0,75500.0,76000.0,1836
2026-03-17 02:20:00+01:00,76015.0,76150.0,75805.0,76105.0,911
2026-03-17 02:30:00+01:00,76095.0,76200.0,75805.0,75835.0,1174
2026-03-17 02:40:00+01:00,75860.0,75940.0,75630.0,75795.0,1418
2026-03-17 02:50:00+01:00,75785.0,75865.0,75625.0,75820.0,588
2026-03-17 03:00:00+01:00,75805.0,75880.0,75385.0,75445.0,741
2026-03-17 03:10:00+01:00,75455.0,75485.0,75325.0,75365.0,517
2026-03-17 03:20:00+01:00,75350.0,75445.0,75290.0,75350.0,312
2026-03-17 03:30:00+01:00,75360.0,75630.0,75305.0,75595.0,228
2026-03-17 03:40:00+01:00,75610.0,75655.0,75445.0,75480.0,227
2026-03-17 03:50:00+01:00,75435.0,75535.0,75300.0,75375.0,181
2026-03-17 04:00:00+01:00,75415.0,75545.0,75330.0,75390.0,231
2026-03-17 04:10:00+01:00,75375.0,75385.0,75085.0,75170.0,988
2026-03-17 04:20:00+01:00,75180.0,75180.0,74895.0,74990.0,1196
2026-03-17 04:30:00+01:00,74990.0,75025.0,74660.0,74750.0,1650
2026-03-17 04:40:00+01:00,74735.0,74735.0,74425.0,74445.0,1191
2026-03-17 04:50:00+01:00,74430.0,74635.0,74400.0,74590.0,662
2026-03-17 05:00:00+01:00,74590.0,74805.0,74550.0,74755.0,1222
2026-03-17 05:10:00+01:00,74745.0,74845.0,74580.0,74635.0,511
2026-03-17 05:20:00+01:00,74620.0,74650.0,74445.0,74560.0,620
2026-03-17 05:30:00+01:00,74575.0,74645.0,74170.0,74215.0,1106
2026-03-17 05:40:00+01:00,74195.0,74410.0,74125.0,74360.0,483
2026-03-17 05:50:00+01:00,74390.0,74465.0,74330.0,74360.0,325
2026-03-17 06:00:00+01:00,74360.0,74480.0,74220.0,74455.0,442
2026-03-17 06:10:00+01:00,74445.0,74575.0,74430.0,74495.0,232
2026-03-17 06:20:00+01:00,74490.0,74585.0,74355.0,74570.0,167
2026-03-17 06:30:00+01:00,74575.0,74610.0,74255.0,74330.0,157
2026-03-17 06:40:00+01:00,74315.0,74325.0,73970.0,74045.0,457
2026-03-17 06:50:00+01:00,74060.0,74245.0,74060.0,74185.0,152
2026-03-17 07:00:00+01:00,74205.0,74250.0,74015.0,74100.0,378
2026-03-17 07:10:00+01:00,74135.0,74330.0,74015.0,74240.0,208
2026-03-17 07:30:00+01:00,74360.0,74425.0,74230.0,74395.0,152
2026-03-17 07:50:00+01:00,74125.0,74245.0,74125.0,74205.0,93
2026-03-17 08:00:00+01:00,74225.0,74385.0,74200.0,74345.0,195
2026-03-17 08:10:00+01:00,74350.0,74590.0,74350.0,74570.0,374
2026-03-17 08:20:00+01:00,74575.0,74640.0,74500.0,74570.0,205
2026-03-17 08:30:00+01:00,74560.0,74575.0,74460.0,74515.0,77
2026-03-17 08:40:00+01:00,74530.0,74575.0,74465.0,74465.0,243
2026-03-17 08:50:00+01:00,74450.0,74450.0,74345.0,74375.0,251
2026-03-17 09:00:00+01:00,74370.0,74595.0,74370.0,74425.0,514
2026-03-17 09:10:00+01:00,74420.0,74445.0,74215.0,74420.0,412
2026-03-17 09:20:00+01:00,74460.0,74495.0,74385.0,74435.0,80
2026-03-17 09:30:00+01:00,74475.0,74495.0,74295.0,74340.0,191
2026-03-17 09:40:00+01:00,74345.0,74590.0,74330.0,74515.0,323
2026-03-17 09:50:00+01:00,74525.0,74525.0,74260.0,74300.0,284
2026-03-17 10:00:00+01:00,74315.0,74400.0,74145.0,74225.0,182
2026-03-17 10:10:00+01:00,74195.0,74320.0,74105.0,74320.0,155
2026-03-17 10:20:00+01:00,74335.0,74555.0,74230.0,74455.0,568
2026-03-17 10:40:00+01:00,74350.0,74365.0,74240.0,74265.0,200
2026-03-17 10:50:00+01:00,74285.0,74310.0,73940.0,74065.0,374
2026-03-17 11:00:00+01:00,74060.0,74075.0,73695.0,73770.0,1394
2026-03-17 11:10:00+01:00,73775.0,73875.0,73685.0,73875.0,875
2026-03-17 11:20:00+01:00,73875.0,73945.0,73810.0,73850.0,149
2026-03-17 11:30:00+01:00,73830.0,73900.0,73695.0,73845.0,495
2026-03-17 11:40:00+01:00,73845.0,73900.0,73760.0,73790.0,148
2026-03-17 12:00:00+01:00,73865.0,74050.0,73785.0,74030.0,298
2026-03-17 12:10:00+01:00,74035.0,74135.0,74005.0,74120.0,283
2026-03-17 12:20:00+01:00,74120.0,74205.0,74035.0,74130.0,466
2026-03-17 12:30:00+01:00,74125.0,74265.0,74075.0,74260.0,248
2026-03-17 12:40:00+01:00,74255.0,74360.0,74210.0,74275.0,279
2026-03-17 12:50:00+01:00,74295.0,74330.0,74125.0,74175.0,273
2026-03-17 13:00:00+01:00,74160.0,74305.0,74145.0,74300.0,757
2026-03-17 13:10:00+01:00,74300.0,74330.0,74060.0,74210.0,202
2026-03-17 13:20:00+01:00,74230.0,74290.0,73900.0,73910.0,826
2026-03-17 13:30:00+01:00,73915.0,74050.0,73810.0,74035.0,861
2026-03-17 13:40:00+01:00,74035.0,74045.0,73855.0,73885.0,186
2026-03-17 13:50:00+01:00,73850.0,73920.0,73785.0,73845.0,275
2026-03-17 14:00:00+01:00,73835.0,73950.0,73790.0,73900.0,292
2026-03-17 14:10:00+01:00,73905.0,73960.0,73840.0,73925.0,310
2026-03-17 14:20:00+01:00,73935.0,74000.0,73775.0,73825.0,299
2026-03-17 14:30:00+01:00,73835.0,74260.0,73795.0,74185.0,1762
2026-03-17 14:40:00+01:00,74180.0,74320.0,73800.0,73965.0,1504
2026-03-17 14:50:00+01:00,73955.0,73960.0,73490.0,73740.0,1630
2026-03-17 15:00:00+01:00,73780.0,73925.0,73550.0,73855.0,772
2026-03-17 15:10:00+01:00,73845.0,73960.0,73640.0,73785.0,351
2026-03-17 15:20:00+01:00,73830.0,74110.0,73830.0,74060.0,490
2026-03-17 15:30:00+01:00,74045.0,74405.0,74045.0,74310.0,966
2026-03-17 15:40:00+01:00,74310.0,74620.0,74295.0,74415.0,1776
2026-03-17 15:50:00+01:00,74430.0,74595.0,74285.0,74575.0,522
2026-03-17 16:00:00+01:00,74590.0,75110.0,74540.0,74560.0,2737
2026-03-17 16:10:00+01:00,74555.0,74555.0,74240.0,74400.0,1266
2026-03-17 16:20:00+01:00,74410.0,74460.0,74150.0,74205.0,615
2026-03-17 16:30:00+01:00,74235.0,74355.0,73805.0,74020.0,1078
2026-03-17 16:40:00+01:00,74020.0,74095.0,73865.0,73875.0,528
2026-03-17 16:50:00+01:00,73930.0,74230.0,73930.0,74090.0,486
2026-03-17 17:00:00+01:00,74100.0,74300.0,74025.0,74255.0,386
2026-03-17 17:10:00+01:00,74250.0,74395.0,74100.0,74380.0,357
2026-03-17 17:20:00+01:00,74390.0,74540.0,74295.0,74390.0,752
2026-03-17 17:30:00+01:00,74390.0,74425.0,74155.0,74235.0,457
2026-03-17 17:40:00+01:00,74245.0,74335.0,74180.0,74280.0,194
2026-03-17 17:50:00+01:00,74290.0,74435.0,74255.0,74320.0,222
2026-03-17 18:00:00+01:00,74360.0,74510.0,74325.0,74395.0,257
2026-03-17 18:10:00+01:00,74370.0,74460.0,74160.0,74420.0,289
2026-03-17 18:20:00+01:00,74460.0,74620.0,74425.0,74460.0,347
2026-03-17 18:30:00+01:00,74470.0,74575.0,74390.0,74570.0,210
2026-03-17 18:40:00+01:00,74585.0,74705.0,74525.0,74700.0,454
2026-03-17 18:50:00+01:00,74690.0,74790.0,74640.0,74705.0,566
2026-03-17 19:00:00+01:00,74700.0,74825.0,74610.0,74805.0,366
2026-03-17 19:10:00+01:00,74800.0,74860.0,74700.0,74790.0,387
2026-03-17 19:20:00+01:00,74775.0,74835.0,74570.0,74575.0,325
2026-03-17 19:30:00+01:00,74575.0,74915.0,74575.0,74825.0,237
2026-03-17 19:40:00+01:00,74840.0,74900.0,74790.0,74875.0,195
2026-03-17 19:50:00+01:00,74870.0,74970.0,74755.0,74860.0,334
2026-03-17 20:00:00+01:00,74870.0,74965.0,74815.0,74905.0,258
2026-03-17 20:10:00+01:00,74915.0,74995.0,74915.0,74920.0,371
2026-03-17 20:20:00+01:00,74925.0,74960.0,74720.0,74810.0,481
2026-03-17 20:30:00+01:00,74810.0,74950.0,74690.0,74905.0,238
2026-03-17 20:40:00+01:00,74910.0,74910.0,74625.0,74720.0,353
2026-03-17 20:50:00+01:00,74745.0,74750.0,74565.0,74685.0,583
2026-03-17 21:00:00+01:00,74695.0,74715.0,74540.0,74590.0,378
2026-03-17 21:10:00+01:00,74610.0,74670.0,74525.0,74605.0,244
2026-03-17 21:20:00+01:00,74600.0,74855.0,74600.0,74820.0,325
2026-03-17 21:40:00+01:00,74720.0,74740.0,74625.0,74700.0,267
2026-03-17 21:50:00+01:00,74710.0,74715.0,74640.0,74640.0,102
2026-03-17 23:00:00+01:00,74650.0,74965.0,74650.0,74810.0,245
2026-03-17 23:10:00+01:00,74805.0,74805.0,74670.0,74700.0,173
2026-03-17 23:20:00+01:00,74675.0,74710.0,74520.0,74535.0,127
2026-03-17 23:30:00+01:00,74550.0,74560.0,74080.0,74145.0,925
2026-03-17 23:40:00+01:00,74145.0,74380.0,74095.0,74375.0,291
2026-03-17 23:50:00+01:00,74355.0,74510.0,74335.0,74475.0,174
2026-03-18 00:00:00+01:00,74465.0,74545.0,74355.0,74525.0,188
2026-03-18 00:10:00+01:00,74530.0,74600.0,74390.0,74485.0,256
2026-03-18 00:20:00+01:00,74495.0,74510.0,74235.0,74360.0,216
2026-03-18 00:30:00+01:00,74330.0,74330.0,74200.0,74245.0,162
2026-03-18 00:50:00+01:00,74185.0,74210.0,74010.0,74045.0,189
2026-03-18 01:00:00+01:00,74035.0,74230.0,73940.0,74155.0,915
2026-03-18 01:20:00+01:00,74010.0,74080.0,73775.0,73910.0,923
2026-03-18 01:30:00+01:00,73870.0,73950.0,73650.0,73700.0,351
2026-03-18 01:40:00+01:00,73680.0,73980.0,73635.0,73930.0,455
2026-03-18 01:50:00+01:00,73960.0,74025.0,73920.0,73995.0,200
2026-03-18 02:00:00+01:00,74045.0,74145.0,73945.0,74100.0,408
2026-03-18 02:10:00+01:00,74140.0,74140.0,73980.0,74080.0,134
2026-03-18 02:20:00+01:00,74055.0,74210.0,74055.0,74175.0,171
2026-03-18 02:30:00+01:00,74185.0,74370.0,74160.0,74320.0,475
2026-03-18 02:40:00+01:00,74330.0,74400.0,74300.0,74330.0,205
2026-03-18 02:50:00+01:00,74345.0,74350.0,74165.0,74250.0,213
2026-03-18 03:00:00+01:00,74250.0,74430.0,74210.0,74405.0,173
2026-03-18 03:10:00+01:00,74415.0,74475.0,74365.0,74445.0,219
2026-03-18 03:20:00+01:00,74450.0,74450.0,74350.0,74410.0,91
2026-03-18 03:40:00+01:00,74480.0,74695.0,74480.0,74580.0,172
2026-03-18 04:10:00+01:00,74470.0,74495.0,74435.0,74455.0,47
2026-03-18 04:30:00+01:00,74730.0,74880.0,74660.0,74675.0,205
2026-03-18 04:50:00+01:00,74645.0,74735.0,74600.0,74660.0,87
2026-03-18 05:10:00+01:00,74600.0,74645.0,74530.0,74595.0,87
2026-03-18 05:20:00+01:00,74595.0,74645.0,74440.0,74440.0,267
2026-03-18 05:30:00+01:00,74445.0,74450.0,74345.0,74410.0,243
2026-03-18 06:20:00+01:00,74395.0,74395.0,74225.0,74245.0,103
2026-03-18 06:40:00+01:00,74230.0,74250.0,74115.0,74145.0,273
2026-03-18 06:50:00+01:00,74120.0,74155.0,73980.0,74115.0,251
2026-03-18 07:00:00+01:00,74125.0,74215.0,74110.0,74200.0,60
2026-03-18 07:10:00+01:00,74200.0,74255.0,74170.0,74225.0,85
2026-03-18 07:50:00+01:00,74195.0,74260.0,74065.0,74095.0,109
2026-03-18 08:10:00+01:00,74015.0,74120.0,74010.0,74015.0,150
2026-03-18 08:20:00+01:00,74010.0,74020.0,73910.0,73960.0,288
2026-03-18 08:30:00+01:00,73930.0,73945.0,73815.0,73855.0,304
2026-03-18 08:40:00+01:00,73835.0,73945.0,73795.0,73925.0,212
2026-03-18 08:50:00+01:00,73940.0,74020.0,73940.0,74005.0,106
2026-03-18 09:00:00+01:00,73985.0,74150.0,73955.0,74055.0,147
2026-03-18 09:10:00+01:00,74060.0,74155.0,74020.0,74135.0,126
2026-03-18 09:20:00+01:00,74145.0,74210.0,74110.0,74155.0,428
2026-03-18 09:30:00+01:00,74160.0,74240.0,74080.0,74220.0,478
2026-03-18 09:40:00+01:00,74215.0,74225.0,74120.0,74190.0,183
2026-03-18 09:50:00+01:00,74190.0,74250.0,74140.0,74170.0,109
2026-03-18 10:00:00+01:00,74180.0,74280.0,74160.0,74270.0,107
2026-03-18 10:10:00+01:00,74250.0,74310.0,74230.0,74300.0,112
2026-03-18 10:20:00+01:00,74305.0,74360.0,74240.0,74300.0,90
2026-03-18 11:10:00+01:00,74350.0,74415.0,74350.0,74370.0,153
2026-03-18 11:30:00+01:00,74310.0,74340.0,74110.0,74130.0,84
2026-03-18 11:40:00+01:00,74145.0,74170.0,73915.0,74045.0,390
2026-03-18 11:50:00+01:00,74035.0,74075.0,74005.0,74065.0,111
2026-03-18 12:00:00+01:00,74050.0,74075.0,73840.0,74015.0,259
2026-03-18 12:20:00+01:00,74100.0,74120.0,73675.0,73700.0,1119
2026-03-18 12:30:00+01:00,73675.0,73735.0,72790.0,72945.0,3569
2026-03-18 12:40:00+01:00,72940.0,73260.0,72895.0,73130.0,810
2026-03-18 12:50:00+01:00,73130.0,73250.0,72990.0,73050.0,492
2026-03-18 13:00:00+01:00,73035.0,73110.0,72795.0,72855.0,950
2026-03-18 13:10:00+01:00,72825.0,72930.0,72750.0,72835.0,1044
2026-03-18 13:20:00+01:00,72835.0,72975.0,72805.0,72950.0,637
2026-03-18 13:30:00+01:00,72900.0,72900.0,72390.0,72560.0,2702
2026-03-18 13:40:00+01:00,72540.0,72625.0,72370.0,72465.0,864
2026-03-18 13:50:00+01:00,72450.0,72595.0,72355.0,72450.0,708
2026-03-18 14:00:00+01:00,72460.0,72525.0,72185.0,72475.0,1851
2026-03-18 14:10:00+01:00,72475.0,72550.0,72370.0,72425.0,720
2026-03-18 14:20:00+01:00,72430.0,72645.0,72415.0,72560.0,634
2026-03-18 14:30:00+01:00,72560.0,72620.0,72280.0,72535.0,1486
2026-03-18 14:40:00+01:00,72555.0,72650.0,72235.0,72285.0,1223
2026-03-18 14:50:00+01:00,72290.0,72315.0,72040.0,72205.0,1373
2026-03-18 15:00:00+01:00,72230.0,72325.0,71960.0,72195.0,1389
2026-03-18 15:10:00+01:00,72190.0,72200.0,71905.0,71990.0,1001
2026-03-18 15:20:00+01:00,72020.0,72100.0,71680.0,71720.0,804
2026-03-18 15:30:00+01:00,71720.0,71935.0,71620.0,71725.0,1060
2026-03-18 15:40:00+01:00,71710.0,71725.0,71530.0,71640.0,613
2026-03-18 15:50:00+01:00,71645.0,71660.0,71205.0,71270.0,1286
2026-03-18 16:00:00+01:00,71260.0,71545.0,70935.0,71415.0,2307
2026-03-18 16:10:00+01:00,71390.0,71390.0,71050.0,71255.0,942
2026-03-18 16:20:00+01:00,71265.0,71400.0,71195.0,71350.0,485
2026-03-18 16:30:00+01:00,71345.0,71530.0,71270.0,71460.0,738
2026-03-18 16:40:00+01:00,71430.0,71470.0,71270.0,71405.0,427
2026-03-18 16:50:00+01:00,71385.0,71610.0,71375.0,71550.0,420
2026-03-18 17:00:00+01:00,71510.0,71625.0,71245.0,71280.0,459
2026-03-18 17:10:00+01:00,71285.0,71405.0,71230.0,71325.0,309
2026-03-18 17:20:00+01:00,71305.0,71375.0,71155.0,71300.0,389
2026-03-18 17:30:00+01:00,71265.0,71375.0,71100.0,71325.0,547
2026-03-18 17:40:00+01:00,71340.0,71435.0,71275.0,71425.0,345
2026-03-18 17:50:00+01:00,71400.0,71540.0,71320.0,71380.0,436
2026-03-18 18:20:00+01:00,71435.0,71580.0,71425.0,71575.0,209
2026-03-18 18:30:00+01:00,71550.0,71805.0,71410.0,71795.0,298
2026-03-18 18:40:00+01:00,71770.0,71840.0,71570.0,71785.0,392
2026-03-18 18:50:00+01:00,71770.0,71770.0,71645.0,71710.0,373
2026-03-18 19:00:00+01:00,71680.0,72115.0,71680.0,71935.0,915
2026-03-18 19:10:00+01:00,71980.0,72030.0,71705.0,71755.0,313
2026-03-18 19:20:00+01:00,71775.0,71795.0,71655.0,71780.0,360
2026-03-18 19:30:00+01:00,71765.0,71955.0,71565.0,71655.0,636
2026-03-18 19:40:00+01:00,71700.0,71805.0,71470.0,71520.0,423
2026-03-18 19:50:00+01:00,71480.0,71565.0,71015.0,71175.0,1581
2026-03-18 20:00:00+01:00,71175.0,71515.0,71145.0,71515.0,745
2026-03-18 20:10:00+01:00,71470.0,71570.0,71365.0,71530.0,346
2026-03-18 20:20:00+01:00,71515.0,71530.0,71260.0,71325.0,359
2026-03-18 20:30:00+01:00,71355.0,71415.0,71190.0,71195.0,390
2026-03-18 20:40:00+01:00,71205.0,71210.0,71035.0,71100.0,485
2026-03-18 20:50:00+01:00,71095.0,71230.0,71015.0,71115.0,1092
2026-03-18 21:00:00+01:00,71120.0,71155.0,70695.0,70695.0,1209
2026-03-18 21:10:00+01:00,70740.0,70985.0,70570.0,70895.0,851
2026-03-18 21:20:00+01:00,70875.0,71110.0,70860.0,71040.0,432
2026-03-18 21:30:00+01:00,71060.0,71385.0,71040.0,71310.0,823
2026-03-18 21:40:00+01:00,71310.0,71405.0,71230.0,71405.0,214
2026-03-18 21:50:00+01:00,71395.0,71395.0,71275.0,71280.0,131
2026-03-18 23:00:00+01:00,71280.0,71540.0,71025.0,71080.0,882
2026-03-18 23:10:00+01:00,71075.0,71185.0,70985.0,71150.0,334
2026-03-18 23:20:00+01:00,71155.0,71185.0,71050.0,71170.0,150
2026-03-18 23:30:00+01:00,71160.0,71190.0,71015.0,71120.0,160
2026-03-18 23:40:00+01:00,71100.0,71155.0,70990.0,71140.0,175
2026-03-18 23:50:00+01:00,71140.0,71220.0,71085.0,71215.0,176
2026-03-19 00:00:00+01:00,71230.0,71335.0,71150.0,71305.0,183
2026-03-19 00:10:00+01:00,71305.0,71320.0,71150.0,71150.0,124
2026-03-19 00:20:00+01:00,71155.0,71285.0,71150.0,71275.0,100
2026-03-19 00:30:00+01:00,71270.0,71415.0,71270.0,71395.0,148
2026-03-19 00:40:00+01:00,71385.0,71405.0,71255.0,71365.0,254
2026-03-19 01:00:00+01:00,71285.0,71365.0,71225.0,71270.0,114
2026-03-19 01:10:00+01:00,71250.0,71260.0,71125.0,71195.0,186
2026-03-19 01:20:00+01:00,71170.0,71380.0,71120.0,71335.0,241
2026-03-19 01:40:00+01:00,71175.0,71185.0,71075.0,71120.0,83
2026-03-19 01:50:00+01:00,71120.0,71155.0,71040.0,71090.0,158
2026-03-19 02:00:00+01:00,71110.0,71205.0,71030.0,71060.0,189
2026-03-19 02:10:00+01:00,71090.0,71160.0,71045.0,71095.0,133
2026-03-19 02:40:00+01:00,71185.0,71285.0,71140.0,71265.0,220
2026-03-19 03:00:00+01:00,71175.0,71280.0,70965.0,71190.0,264
2026-03-19 03:10:00+01:00,71230.0,71325.0,71220.0,71220.0,234
2026-03-19 03:30:00+01:00,71335.0,71355.0,71275.0,71290.0,167
2026-03-19 03:40:00+01:00,71320.0,71345.0,71200.0,71200.0,87
2026-03-19 03:50:00+01:00,71165.0,71190.0,71095.0,71115.0,99
2026-03-19 04:00:00+01:00,71145.0,71265.0,71110.0,71265.0,142
2026-03-19 04:10:00+01:00,71285.0,71730.0,71240.0,71670.0,1121
2026-03-19 04:20:00+01:00,71655.0,71680.0,71545.0,71585.0,315
2026-03-19 04:30:00+01:00,71605.0,71640.0,71380.0,71405.0,181
2026-03-19 04:40:00+01:00,71410.0,71415.0,71280.0,71400.0,92
2026-03-19 04:50:00+01:00,71390.0,71400.0,71290.0,71295.0,96
2026-03-19 05:00:00+01:00,71300.0,71300.0,70825.0,70900.0,1023
2026-03-19 05:10:00+01:00,70915.0,71025.0,70865.0,70945.0,330
2026-03-19 05:20:00+01:00,70925.0,70930.0,70735.0,70825.0,211
2026-03-19 05:50:00+01:00,70880.0,70980.0,70870.0,70920.0,57
2026-03-19 06:00:00+01:00,70930.0,70985.0,70855.0,70930.0,126
2026-03-19 06:20:00+01:00,70960.0,70960.0,70755.0,70755.0,57
2026-03-19 06:30:00+01:00,70730.0,70875.0,70680.0,70875.0,132
2026-03-19 06:50:00+01:00,70870.0,70935.0,70835.0,70910.0,81
2026-03-19 07:00:00+01:00,70875.0,71030.0,70795.0,70950.0,136
2026-03-19 07:10:00+01:00,70935.0,71020.0,70905.0,70985.0,92
2026-03-19 07:30:00+01:00,70770.0,70795.0,70615.0,70775.0,128
2026-03-19 07:40:00+01:00,70765.0,70805.0,70685.0,70705.0,48
2026-03-19 07:50:00+01:00,70715.0,70720.0,70535.0,70640.0,212
2026-03-19 08:00:00+01:00,70630.0,70660.0,70300.0,70370.0,540
2026-03-19 08:10:00+01:00,70355.0,70400.0,69875.0,69925.0,1161
2026-03-19 08:20:00+01:00,69920.0,69970.0,69545.0,69880.0,776
2026-03-19 08:30:00+01:00,69880.0,70260.0,69840.0,70260.0,420
2026-03-19 08:40:00+01:00,70260.0,70315.0,70095.0,70100.0,312
2026-03-19 08:50:00+01:00,70120.0,70395.0,70110.0,70275.0,266
2026-03-19 09:00:00+01:00,70275.0,70405.0,70195.0,70240.0,219
2026-03-19 09:10:00+01:00,70250.0,70365.0,70205.0,70220.0,163
2026-03-19 09:30:00+01:00,70140.0,70215.0,69980.0,69985.0,328
2026-03-19 09:40:00+01:00,69985.0,70270.0,69975.0,70190.0,331
2026-03-19 09:50:00+01:00,70180.0,70210.0,70010.0,70075.0,256
2026-03-19 10:00:00+01:00,70090.0,70245.0,70080.0,70190.0,181
2026-03-19 10:10:00+01:00,70195.0,70210.0,70055.0,70185.0,121
2026-03-19 10:20:00+01:00,70200.0,70550.0,70160.0,70315.0,622
2026-03-19 10:30:00+01:00,70380.0,70475.0,70190.0,70440.0,206
2026-03-19 10:40:00+01:00,70400.0,70655.0,70400.0,70655.0,982
2026-03-19 10:50:00+01:00,70635.0,70665.0,70485.0,70575.0,400
2026-03-19 11:00:00+01:00,70580.0,70625.0,70500.0,70520.0,228
2026-03-19 11:10:00+01:00,70525.0,70580.0,70495.0,70545.0,144
2026-03-19 11:20:00+01:00,70550.0,70595.0,70465.0,70490.0,98
2026-03-19 11:30:00+01:00,70495.0,70495.0,70320.0,70320.0,114
2026-03-19 11:40:00+01:00,70315.0,70350.0,70265.0,70350.0,152
2026-03-19 11:50:00+01:00,70325.0,70325.0,70155.0,70190.0,405
2026-03-19 12:00:00+01:00,70205.0,70350.0,70185.0,70230.0,150
2026-03-19 12:10:00+01:00,70210.0,70265.0,70145.0,70220.0,102
2026-03-19 12:50:00+01:00,70070.0,70085.0,69985.0,70050.0,258
2026-03-19 13:00:00+01:00,70030.0,70050.0,69700.0,69770.0,953
2026-03-19 13:10:00+01:00,69780.0,69940.0,69635.0,69695.0,1089
2026-03-19 13:20:00+01:00,69715.0,69800.0,69590.0,69640.0,366
2026-03-19 13:30:00+01:00,69650.0,69775.0,69575.0,69725.0,624
2026-03-19 13:40:00+01:00,69705.0,69820.0,69555.0,69555.0,434
2026-03-19 13:50:00+01:00,69570.0,69580.0,69140.0,69350.0,1609
2026-03-19 14:00:00+01:00,69365.0,69515.0,69210.0,69465.0,1030
2026-03-19 14:10:00+01:00,69410.0,69455.0,69110.0,69390.0,1087
2026-03-19 14:20:00+01:00,69435.0,69575.0,69335.0,69385.0,724
2026-03-19 14:30:00+01:00,69380.0,69530.0,69280.0,69380.0,1405
2026-03-19 14:40:00+01:00,69345.0,69990.0,69325.0,69990.0,1932
2026-03-19 14:50:00+01:00,69975.0,70190.0,69885.0,70005.0,1102
2026-03-19 15:00:00+01:00,69995.0,70255.0,69675.0,69715.0,933
2026-03-19 15:10:00+01:00,69715.0,69830.0,69390.0,69500.0,745
2026-03-19 15:20:00+01:00,69495.0,69575.0,69150.0,69220.0,1110
2026-03-19 15:30:00+01:00,69210.0,69395.0,69130.0,69195.0,1139
2026-03-19 15:40:00+01:00,69200.0,69430.0,69190.0,69360.0,651
2026-03-19 15:50:00+01:00,69390.0,69670.0,69375.0,69580.0,914
2026-03-19 16:00:00+01:00,69540.0,70010.0,69510.0,69790.0,1235
2026-03-19 16:10:00+01:00,69790.0,69915.0,69420.0,69435.0,729
2026-03-19 16:20:00+01:00,69460.0,69515.0,69255.0,69260.0,777
2026-03-19 16:30:00+01:00,69260.0,69445.0,69185.0,69305.0,784
2026-03-19 16:40:00+01:00,69315.0,69335.0,68820.0,69230.0,2208
2026-03-19 16:50:00+01:00,69255.0,69630.0,69215.0,69480.0,1336
2026-03-19 17:00:00+01:00,69480.0,69620.0,69290.0,69340.0,495
2026-03-19 17:10:00+01:00,69360.0,69450.0,69225.0,69380.0,504
2026-03-19 17:20:00+01:00,69360.0,69665.0,69350.0,69580.0,544
2026-03-19 17:30:00+01:00,69545.0,69585.0,69275.0,69520.0,536
2026-03-19 17:40:00+01:00,69535.0,69715.0,69420.0,69495.0,831
2026-03-19 17:50:00+01:00,69490.0,69555.0,69345.0,69530.0,223
2026-03-19 18:00:00+01:00,69530.0,69565.0,69160.0,69185.0,349
2026-03-19 18:10:00+01:00,69175.0,69545.0,69170.0,69530.0,349
2026-03-19 18:20:00+01:00,69510.0,69825.0,69440.0,69730.0,1058
2026-03-19 18:30:00+01:00,69785.0,69860.0,69555.0,69605.0,547
2026-03-19 18:40:00+01:00,69600.0,69770.0,69570.0,69770.0,364
2026-03-19 18:50:00+01:00,69770.0,70050.0,69770.0,69950.0,830
2026-03-19 19:00:00+01:00,69945.0,69970.0,69800.0,69860.0,386
2026-03-19 19:10:00+01:00,69890.0,70035.0,69855.0,69880.0,297
2026-03-19 19:20:00+01:00,69900.0,69935.0,69715.0,69740.0,285
2026-03-19 19:30:00+01:00,69765.0,69835.0,69685.0,69750.0,260
2026-03-19 19:40:00+01:00,69745.0,69780.0,69650.0,69705.0,478
2026-03-19 19:50:00+01:00,69695.0,69950.0,69640.0,69905.0,355
2026-03-19 20:00:00+01:00,69910.0,70355.0,69885.0,70165.0,1798
2026-03-19 20:10:00+01:00,70180.0,70695.0,70175.0,70680.0,2411
2026-03-19 20:20:00+01:00,70680.0,70715.0,70310.0,70370.0,1265
2026-03-19 20:30:00+01:00,70345.0,70525.0,70220.0,70495.0,657
2026-03-19 20:40:00+01:00,70495.0,70590.0,70415.0,70450.0,549
2026-03-19 20:50:00+01:00,70435.0,70445.0,70205.0,70345.0,1100
2026-03-19 21:00:00+01:00,70335.0,70390.0,70245.0,70345.0,468
2026-03-19 21:10:00+01:00,70360.0,70510.0,70250.0,70510.0,307
2026-03-19 21:20:00+01:00,70510.0,70545.0,70380.0,70415.0,128
2026-03-19 21:30:00+01:00,70415.0,70630.0,70385.0,70615.0,176
2026-03-19 21:40:00+01:00,70640.0,70700.0,70510.0,70545.0,254
2026-03-19 21:50:00+01:00,70545.0,70600.0,70500.0,70525.0,346
2026-03-19 23:00:00+01:00,70580.0,70610.0,70345.0,70470.0,301
2026-03-19 23:10:00+01:00,70485.0,70540.0,70410.0,70485.0,103
2026-03-19 23:30:00+01:00,70415.0,70415.0,70040.0,70115.0,434
2026-03-19 23:40:00+01:00,70035.0,70185.0,70005.0,70185.0,157
2026-03-19 23:50:00+01:00,70205.0,70295.0,70180.0,70295.0,247
2026-03-20 00:00:00+01:00,70290.0,70380.0,70270.0,70285.0,217
2026-03-20 00:10:00+01:00,70300.0,70300.0,70070.0,70070.0,230
2026-03-20 00:20:00+01:00,70095.0,70250.0,70035.0,70225.0,91
2026-03-20 00:30:00+01:00,70225.0,70275.0,69755.0,69795.0,464
2026-03-20 00:50:00+01:00,69905.0,70030.0,69875.0,69960.0,148
2026-03-20 01:00:00+01:00,69965.0,70105.0,69880.0,70075.0,324
2026-03-20 01:10:00+01:00,70085.0,70245.0,70080.0,70200.0,145
2026-03-20 01:20:00+01:00,70195.0,70215.0,70000.0,70185.0,182
2026-03-20 01:30:00+01:00,70155.0,70345.0,70115.0,70310.0,173
2026-03-20 01:40:00+01:00,70295.0,70375.0,70270.0,70290.0,220
2026-03-20 02:00:00+01:00,70280.0,70520.0,70260.0,70500.0,370
2026-03-20 02:10:00+01:00,70480.0,70545.0,70405.0,70460.0,246
2026-03-20 02:20:00+01:00,70500.0,70520.0,70390.0,70435.0,263
2026-03-20 02:30:00+01:00,70480.0,70680.0,70465.0,70640.0,172
2026-03-20 02:40:00+01:00,70650.0,70680.0,70585.0,70635.0,186
2026-03-20 02:50:00+01:00,70640.0,70645.0,70475.0,70480.0,214
2026-03-20 03:00:00+01:00,70485.0,70580.0,70390.0,70460.0,110
2026-03-20 03:20:00+01:00,70325.0,70380.0,70255.0,70305.0,196
2026-03-20 03:30:00+01:00,70325.0,70370.0,70130.0,70180.0,319
2026-03-20 03:40:00+01:00,70190.0,70435.0,70170.0,70430.0,227
2026-03-20 03:50:00+01:00,70435.0,70615.0,70435.0,70505.0,153
2026-03-20 04:00:00+01:00,70520.0,70580.0,70470.0,70485.0,43
2026-03-20 04:20:00+01:00,70570.0,70785.0,70565.0,70780.0,359
2026-03-20 04:50:00+01:00,70715.0,70880.0,70715.0,70825.0,698
2026-03-20 05:00:00+01:00,70855.0,71055.0,70770.0,71025.0,360
2026-03-20 05:10:00+01:00,70990.0,71070.0,70900.0,70945.0,209
2026-03-20 05:20:00+01:00,70950.0,71035.0,70915.0,71025.0,117
2026-03-20 05:30:00+01:00,71020.0,71020.0,70665.0,70685.0,399
2026-03-20 05:40:00+01:00,70670.0,70865.0,70610.0,70850.0,280
2026-03-20 05:50:00+01:00,70850.0,70905.0,70765.0,70860.0,186
2026-03-20 06:10:00+01:00,70935.0,70985.0,70875.0,70915.0,121
2026-03-20 06:20:00+01:00,70900.0,70915.0,70690.0,70695.0,74
2026-03-20 06:50:00+01:00,70780.0,70815.0,70615.0,70695.0,97
2026-03-20 07:00:00+01:00,70620.0,70750.0,70610.0,70625.0,91
2026-03-20 08:10:00+01:00,70440.0,70460.0,70310.0,70410.0,132
2026-03-20 08:20:00+01:00,70420.0,70650.0,70420.0,70535.0,81
2026-03-20 08:30:00+01:00,70510.0,70875.0,70505.0,70850.0,228
2026-03-20 09:00:00+01:00,70950.0,71290.0,70885.0,71270.0,584
2026-03-20 09:10:00+01:00,71260.0,71480.0,71255.0,71330.0,647
2026-03-20 09:20:00+01:00,71275.0,71410.0,71235.0,71365.0,471
2026-03-20 09:50:00+01:00,71240.0,71255.0,71110.0,71125.0,257
2026-03-20 10:00:00+01:00,71115.0,71115.0,70960.0,71015.0,132
2026-03-20 10:10:00+01:00,71025.0,71050.0,70690.0,70735.0,591
2026-03-20 10:20:00+01:00,70710.0,70710.0,70480.0,70575.0,332
2026-03-20 10:30:00+01:00,70580.0,70795.0,70565.0,70755.0,295
2026-03-20 10:40:00+01:00,70730.0,70740.0,70580.0,70605.0,197
2026-03-20 10:50:00+01:00,70610.0,70680.0,70535.0,70625.0,285
2026-03-20 11:00:00+01:00,70645.0,70645.0,70425.0,70495.0,163
2026-03-20 11:10:00+01:00,70485.0,70510.0,70285.0,70425.0,996
2026-03-20 11:20:00+01:00,70410.0,70410.0,70235.0,70370.0,621
2026-03-20 11:30:00+01:00,70390.0,70640.0,70355.0,70640.0,323
2026-03-20 11:40:00+01:00,70620.0,70745.0,70555.0,70620.0,354
2026-03-20 12:00:00+01:00,70680.0,70840.0,70645.0,70815.0,269
2026-03-20 12:10:00+01:00,70810.0,70900.0,70690.0,70745.0,411
2026-03-20 12:30:00+01:00,70790.0,70810.0,70365.0,70425.0,488
2026-03-20 12:40:00+01:00,70430.0,70510.0,70360.0,70420.0,238
2026-03-20 12:50:00+01:00,70430.0,70585.0,70400.0,70550.0,224
2026-03-20 13:00:00+01:00,70555.0,70770.0,70480.0,70770.0,543
2026-03-20 13:10:00+01:00,70785.0,70785.0,70635.0,70700.0,241
2026-03-20 13:20:00+01:00,70695.0,70755.0,70515.0,70530.0,254
2026-03-20 13:30:00+01:00,70535.0,70565.0,70440.0,70485.0,266
2026-03-20 13:40:00+01:00,70485.0,70485.0,70295.0,70410.0,351
2026-03-20 13:50:00+01:00,70405.0,70430.0,70345.0,70410.0,116
2026-03-20 14:00:00+01:00,70435.0,70545.0,70365.0,70495.0,372
2026-03-20 14:10:00+01:00,70475.0,70520.0,70295.0,70520.0,229
2026-03-20 14:20:00+01:00,70525.0,70715.0,70500.0,70580.0,355
2026-03-20 14:30:00+01:00,70575.0,70610.0,69820.0,70075.0,3121
2026-03-20 14:40:00+01:00,70050.0,70495.0,69935.0,70385.0,1085
2026-03-20 14:50:00+01:00,70375.0,70385.0,69830.0,69910.0,1046
2026-03-20 15:00:00+01:00,69905.0,70090.0,69705.0,69905.0,1491
2026-03-20 15:10:00+01:00,69950.0,70160.0,69665.0,69760.0,1724
2026-03-20 15:20:00+01:00,69750.0,70045.0,69605.0,69985.0,1290
2026-03-20 15:30:00+01:00,70030.0,70355.0,70030.0,70270.0,983
2026-03-20 15:40:00+01:00,70270.0,70355.0,69975.0,70000.0,856
2026-03-20 15:50:00+01:00,69940.0,69990.0,69690.0,69770.0,1262
2026-03-20 16:00:00+01:00,69805.0,69930.0,69515.0,69555.0,1123
2026-03-20 16:10:00+01:00,69580.0,69850.0,69580.0,69650.0,702
2026-03-20 16:20:00+01:00,69640.0,70090.0,69640.0,69865.0,595
2026-03-20 16:30:00+01:00,69825.0,70075.0,69800.0,69995.0,627
2026-03-20 16:40:00+01:00,69990.0,70065.0,69850.0,69950.0,361
2026-03-20 16:50:00+01:00,70000.0,70075.0,69800.0,69910.0,402
2026-03-20 17:00:00+01:00,69920.0,70130.0,69900.0,70005.0,636
2026-03-20 17:10:00+01:00,70000.0,70180.0,69980.0,70150.0,391
2026-03-20 17:20:00+01:00,70140.0,70160.0,69990.0,70090.0,288
2026-03-20 17:30:00+01:00,70095.0,70095.0,69725.0,69805.0,323
2026-03-20 17:40:00+01:00,69815.0,69875.0,69760.0,69770.0,234
2026-03-20 17:50:00+01:00,69790.0,69980.0,69625.0,69875.0,495
2026-03-20 18:00:00+01:00,69900.0,69995.0,69720.0,69920.0,554
2026-03-20 18:10:00+01:00,69940.0,69960.0,69815.0,69870.0,309
2026-03-20 18:20:00+01:00,69835.0,69875.0,69660.0,69670.0,304
2026-03-20 18:30:00+01:00,69690.0,69730.0,69420.0,69650.0,764
2026-03-20 18:40:00+01:00,69645.0,69720.0,69585.0,69675.0,280
2026-03-20 18:50:00+01:00,69665.0,70065.0,69660.0,70030.0,479
2026-03-20 19:00:00+01:00,70020.0,70120.0,69925.0,70010.0,301
2026-03-20 19:10:00+01:00,70020.0,70065.0,69930.0,70015.0,219
2026-03-20 19:20:00+01:00,70045.0,70045.0,69680.0,69705.0,486
2026-03-20 19:30:00+01:00,69735.0,69760.0,69575.0,69715.0,447
2026-03-20 19:40:00+01:00,69710.0,69990.0,69710.0,69790.0,1358
2026-03-20 19:50:00+01:00,69785.0,69930.0,69705.0,69790.0,1087
2026-03-20 20:00:00+01:00,69835.0,69960.0,69725.0,69835.0,829
2026-03-20 20:10:00+01:00,69840.0,70020.0,69730.0,69970.0,534
2026-03-20 20:20:00+01:00,69990.0,70045.0,69820.0,69910.0,347
2026-03-20 20:30:00+01:00,69955.0,70065.0,69695.0,69845.0,489
2026-03-20 20:40:00+01:00,69825.0,70105.0,69825.0,69970.0,553
2026-03-20 20:50:00+01:00,69975.0,70280.0,69965.0,70240.0,2231
2026-03-20 21:00:00+01:00,70245.0,70350.0,70155.0,70275.0,2298
2026-03-20 21:10:00+01:00,70260.0,70345.0,70075.0,70130.0,365
2026-03-20 21:20:00+01:00,70130.0,70130.0,70030.0,70055.0,234
2026-03-20 21:30:00+01:00,70070.0,70070.0,69825.0,69970.0,710
2026-03-20 21:40:00+01:00,69950.0,70100.0,69915.0,70095.0,659
2026-03-20 21:50:00+01:00,70115.0,70170.0,70070.0,70155.0,423
2026-03-22 23:00:00+01:00,68320.0,68320.0,67555.0,68150.0,1007
2026-03-22 23:10:00+01:00,68135.0,68170.0,67855.0,68040.0,555
2026-03-22 23:20:00+01:00,67995.0,68400.0,67960.0,68270.0,878
2026-03-22 23:30:00+01:00,68280.0,68355.0,68135.0,68270.0,408
2026-03-22 23:40:00+01:00,68260.0,68325.0,68110.0,68295.0,344
2026-03-22 23:50:00+01:00,68340.0,68440.0,68265.0,68350.0,290
2026-03-23 00:00:00+01:00,68370.0,68455.0,68190.0,68290.0,299
2026-03-23 00:10:00+01:00,68300.0,68505.0,68265.0,68265.0,636
2026-03-23 00:20:00+01:00,68265.0,68265.0,68135.0,68145.0,156
2026-03-23 00:30:00+01:00,68140.0,68205.0,68025.0,68140.0,344
2026-03-23 00:40:00+01:00,68115.0,68210.0,68000.0,68000.0,299
2026-03-23 00:50:00+01:00,67990.0,68015.0,67885.0,67905.0,291
2026-03-23 01:00:00+01:00,67920.0,68085.0,67810.0,67990.0,523
2026-03-23 01:10:00+01:00,67990.0,68165.0,67830.0,67975.0,349
2026-03-23 01:20:00+01:00,67925.0,68195.0,67910.0,68010.0,212
2026-03-23 01:30:00+01:00,68025.0,68025.0,67600.0,67630.0,850
2026-03-23 01:40:00+01:00,67605.0,67785.0,67460.0,67785.0,569
2026-03-23 01:50:00+01:00,67810.0,67910.0,67650.0,67680.0,223
2026-03-23 02:00:00+01:00,67680.0,67985.0,67545.0,67920.0,521
2026-03-23 02:10:00+01:00,67890.0,68100.0,67820.0,68075.0,420
2026-03-23 02:20:00+01:00,68085.0,68200.0,67925.0,68145.0,708
2026-03-23 02:30:00+01:00,68165.0,68220.0,68065.0,68170.0,227
2026-03-23 02:40:00+01:00,68155.0,68195.0,67975.0,67995.0,190
2026-03-23 03:00:00+01:00,67990.0,68125.0,67935.0,68125.0,283
2026-03-23 03:10:00+01:00,68105.0,68140.0,67845.0,67970.0,162
2026-03-23 03:20:00+01:00,67995.0,68365.0,67995.0,68330.0,273
2026-03-23 03:30:00+01:00,68330.0,68355.0,68240.0,68250.0,168
2026-03-23 03:40:00+01:00,68265.0,68460.0,68260.0,68290.0,232
2026-03-23 03:50:00+01:00,68300.0,68385.0,68215.0,68385.0,237
2026-03-23 04:00:00+01:00,68420.0,68685.0,68420.0,68485.0,414
2026-03-23 04:10:00+01:00,68485.0,68495.0,68230.0,68230.0,248
2026-03-23 04:30:00+01:00,68230.0,68285.0,68190.0,68210.0,91
2026-03-23 05:00:00+01:00,68150.0,68255.0,68090.0,68220.0,92
2026-03-23 05:10:00+01:00,68220.0,68280.0,68155.0,68200.0,121
2026-03-23 05:20:00+01:00,68240.0,68275.0,68195.0,68250.0,25
2026-03-23 05:50:00+01:00,68390.0,68615.0,68385.0,68570.0,214
2026-03-23 06:00:00+01:00,68590.0,68870.0,68590.0,68755.0,359
2026-03-23 06:10:00+01:00,68770.0,68970.0,68735.0,68900.0,431
2026-03-23 06:20:00+01:00,68890.0,68890.0,68720.0,68740.0,102
2026-03-23 06:30:00+01:00,68720.0,68890.0,68635.0,68735.0,230
2026-03-23 06:40:00+01:00,68715.0,68735.0,68655.0,68670.0,206
2026-03-23 06:50:00+01:00,68640.0,68965.0,68635.0,68960.0,262
2026-03-23 07:10:00+01:00,68770.0,68785.0,68580.0,68665.0,223
2026-03-23 07:20:00+01:00,68645.0,68685.0,68535.0,68575.0,219
2026-03-23 07:30:00+01:00,68575.0,68575.0,68100.0,68155.0,189
2026-03-23 07:40:00+01:00,68165.0,68270.0,67705.0,67805.0,937
2026-03-23 07:50:00+01:00,67795.0,67910.0,67770.0,67895.0,196
2026-03-23 08:00:00+01:00,67910.0,67910.0,67540.0,67765.0,419
2026-03-23 08:10:00+01:00,67810.0,68035.0,67805.0,68035.0,196
2026-03-23 08:20:00+01:00,68040.0,68040.0,67695.0,67835.0,234
2026-03-23 08:30:00+01:00,67830.0,68315.0,67830.0,68250.0,260
2026-03-23 08:40:00+01:00,68240.0,68510.0,68225.0,68375.0,286
2026-03-23 08:50:00+01:00,68390.0,68530.0,68345.0,68390.0,352
2026-03-23 09:00:00+01:00,68395.0,68655.0,68395.0,68605.0,414
2026-03-23 09:10:00+01:00,68585.0,68775.0,68510.0,68550.0,485
2026-03-23 09:20:00+01:00,68555.0,68655.0,68510.0,68525.0,83
2026-03-23 09:30:00+01:00,68505.0,68700.0,68460.0,68595.0,682
2026-03-23 09:40:00+01:00,68595.0,68730.0,68510.0,68515.0,243
2026-03-23 09:50:00+01:00,68490.0,68610.0,68390.0,68510.0,187
2026-03-23 10:00:00+01:00,68520.0,68535.0,68260.0,68355.0,309
2026-03-23 10:10:00+01:00,68345.0,68405.0,68300.0,68320.0,108
2026-03-23 10:20:00+01:00,68310.0,68430.0,68195.0,68280.0,124
2026-03-23 10:30:00+01:00,68305.0,68305.0,67975.0,68175.0,272
2026-03-23 10:40:00+01:00,68160.0,68310.0,68125.0,68250.0,346
2026-03-23 10:50:00+01:00,68290.0,68390.0,68230.0,68390.0,117
2026-03-23 11:00:00+01:00,68385.0,68770.0,68360.0,68705.0,528
2026-03-23 11:10:00+01:00,68705.0,68800.0,68600.0,68605.0,325
2026-03-23 11:20:00+01:00,68590.0,68590.0,68455.0,68520.0,113
2026-03-23 11:30:00+01:00,68500.0,68550.0,68375.0,68395.0,267
2026-03-23 11:40:00+01:00,68385.0,68505.0,68355.0,68440.0,199
2026-03-23 11:50:00+01:00,68445.0,68660.0,68445.0,68615.0,249
2026-03-23 12:00:00+01:00,68640.0,71295.0,68605.0,71275.0,13801
2026-03-23 12:10:00+01:00,71300.0,71595.0,70800.0,70855.0,6207
2026-03-23 12:20:00+01:00,70855.0,71065.0,70400.0,70785.0,2106
2026-03-23 12:30:00+01:00,70800.0,71300.0,70485.0,70765.0,1542
2026-03-23 12:40:00+01:00,70740.0,70875.0,70150.0,70490.0,1495
2026-03-23 12:50:00+01:00,70450.0,70645.0,70115.0,70185.0,1739
2026-03-23 13:00:00+01:00,70180.0,70345.0,69720.0,70135.0,1664
2026-03-23 13:10:00+01:00,70120.0,70330.0,70010.0,70310.0,703
2026-03-23 13:20:00+01:00,70310.0,70570.0,70285.0,70385.0,346
2026-03-23 13:30:00+01:00,70365.0,70590.0,70225.0,70415.0,364
2026-03-23 13:40:00+01:00,70450.0,70940.0,70365.0,70805.0,750
2026-03-23 13:50:00+01:00,70785.0,70905.0,70600.0,70795.0,312
2026-03-23 14:00:00+01:00,70850.0,70950.0,70650.0,70695.0,542
2026-03-23 14:10:00+01:00,70715.0,70885.0,70690.0,70825.0,220
2026-03-23 14:20:00+01:00,70820.0,70970.0,70820.0,70875.0,498
2026-03-23 14:30:00+01:00,70860.0,71255.0,70700.0,71180.0,1800
2026-03-23 14:40:00+01:00,71245.0,71500.0,71070.0,71265.0,2124
2026-03-23 14:50:00+01:00,71230.0,71700.0,71220.0,71585.0,1505
2026-03-23 15:00:00+01:00,71570.0,71860.0,71480.0,71790.0,1324
2026-03-23 15:10:00+01:00,71785.0,71920.0,71580.0,71625.0,1037
2026-03-23 15:20:00+01:00,71650.0,71710.0,71360.0,71410.0,848
2026-03-23 15:30:00+01:00,71425.0,71610.0,71290.0,71595.0,516
2026-03-23 15:40:00+01:00,71525.0,71595.0,71250.0,71275.0,395
2026-03-23 15:50:00+01:00,71235.0,71595.0,71175.0,71540.0,481
2026-03-23 16:00:00+01:00,71545.0,71765.0,71495.0,71535.0,418
2026-03-23 16:10:00+01:00,71485.0,71525.0,71175.0,71195.0,579
2026-03-23 16:20:00+01:00,71175.0,71200.0,70910.0,70950.0,1405
2026-03-23 16:30:00+01:00,70955.0,71015.0,70765.0,70840.0,1282
2026-03-23 16:40:00+01:00,70820.0,70895.0,70535.0,70860.0,1347
2026-03-23 16:50:00+01:00,70855.0,70895.0,70105.0,70145.0,1649
2026-03-23 17:00:00+01:00,70140.0,70500.0,70135.0,70425.0,1059
2026-03-23 17:10:00+01:00,70420.0,70595.0,70330.0,70340.0,409
2026-03-23 17:20:00+01:00,70375.0,70450.0,70230.0,70245.0,504
2026-03-23 17:30:00+01:00,70180.0,70550.0,70170.0,70425.0,842
2026-03-23 17:40:00+01:00,70425.0,70795.0,70385.0,70700.0,378
2026-03-23 17:50:00+01:00,70680.0,70695.0,70540.0,70610.0,250
2026-03-23 18:00:00+01:00,70640.0,70755.0,70490.0,70695.0,428
2026-03-23 18:10:00+01:00,70700.0,70805.0,70500.0,70565.0,255
2026-03-23 18:20:00+01:00,70575.0,70670.0,70400.0,70570.0,161
2026-03-23 18:30:00+01:00,70610.0,71140.0,70605.0,71085.0,757
2026-03-23 18:40:00+01:00,71060.0,71115.0,70915.0,71070.0,336
2026-03-23 18:50:00+01:00,71060.0,71200.0,71015.0,71150.0,280
2026-03-23 19:00:00+01:00,71165.0,71245.0,70955.0,71040.0,659
2026-03-23 19:10:00+01:00,71065.0,71165.0,71010.0,71045.0,281
2026-03-23 19:20:00+01:00,71070.0,71080.0,70930.0,70975.0,293
2026-03-23 19:30:00+01:00,70965.0,71235.0,70965.0,71090.0,288
2026-03-23 19:40:00+01:00,71075.0,71255.0,71035.0,71190.0,238
2026-03-23 19:50:00+01:00,71195.0,71200.0,71005.0,71165.0,212
2026-03-23 20:00:00+01:00,71135.0,71310.0,70930.0,71050.0,529
2026-03-23 20:10:00+01:00,71055.0,71055.0,70855.0,71015.0,173
2026-03-23 20:20:00+01:00,71000.0,71125.0,70945.0,71075.0,214
2026-03-23 20:30:00+01:00,71080.0,71120.0,70970.0,71005.0,117
2026-03-23 20:40:00+01:00,70990.0,71050.0,70875.0,70900.0,219
2026-03-23 20:50:00+01:00,70880.0,70900.0,70665.0,70720.0,981
2026-03-23 21:00:00+01:00,70710.0,70795.0,70595.0,70700.0,586
2026-03-23 21:10:00+01:00,70720.0,70855.0,70720.0,70775.0,487
2026-03-23 21:30:00+01:00,70830.0,71020.0,70805.0,70940.0,147
2026-03-23 21:50:00+01:00,70905.0,70980.0,70895.0,70960.0,184
2026-03-23 23:20:00+01:00,70760.0,70760.0,70680.0,70710.0,28
2026-03-23 23:40:00+01:00,70700.0,70860.0,70660.0,70775.0,150
2026-03-23 23:50:00+01:00,70760.0,70845.0,70705.0,70845.0,199
2026-03-24 00:00:00+01:00,70795.0,70865.0,70630.0,70630.0,228
2026-03-24 00:10:00+01:00,70645.0,70665.0,70460.0,70470.0,305
2026-03-24 00:20:00+01:00,70485.0,70755.0,70435.0,70745.0,392
2026-03-24 00:30:00+01:00,70735.0,70740.0,70650.0,70715.0,152
2026-03-24 00:40:00+01:00,70735.0,70850.0,70730.0,70815.0,239
2026-03-24 00:50:00+01:00,70815.0,71065.0,70785.0,70920.0,417
2026-03-24 01:00:00+01:00,70950.0,71145.0,70820.0,70820.0,537
2026-03-24 01:10:00+01:00,70830.0,70925.0,70650.0,70840.0,836
2026-03-24 01:20:00+01:00,70820.0,70870.0,70700.0,70750.0,185
2026-03-24 01:30:00+01:00,70735.0,70750.0,70460.0,70615.0,521
2026-03-24 01:40:00+01:00,70630.0,70755.0,70580.0,70720.0,203
2026-03-24 01:50:00+01:00,70730.0,70890.0,70705.0,70715.0,514
2026-03-24 02:00:00+01:00,70715.0,70720.0,70575.0,70610.0,485
2026-03-24 02:10:00+01:00,70630.0,70725.0,70515.0,70605.0,403
2026-03-24 02:40:00+01:00,70475.0,70540.0,70215.0,70420.0,630
2026-03-24 02:50:00+01:00,70520.0,70585.0,70510.0,70510.0,132
2026-03-24 03:00:00+01:00,70525.0,70710.0,70445.0,70575.0,128
2026-03-24 04:00:00+01:00,70475.0,70535.0,70395.0,70445.0,104
2026-03-24 04:50:00+01:00,70495.0,70605.0,70495.0,70565.0,51
2026-03-24 05:50:00+01:00,70305.0,70480.0,70295.0,70400.0,117
2026-03-24 06:00:00+01:00,70425.0,70425.0,70165.0,70180.0,194
2026-03-24 06:10:00+01:00,70180.0,70345.0,70160.0,70255.0,202
2026-03-24 06:20:00+01:00,70225.0,70260.0,70120.0,70195.0,47
2026-03-24 07:00:00+01:00,70275.0,70425.0,70275.0,70370.0,93
2026-03-24 07:20:00+01:00,70365.0,70485.0,70365.0,70410.0,109
2026-03-24 08:00:00+01:00,70570.0,70870.0,70520.0,70850.0,325
2026-03-24 08:10:00+01:00,70845.0,71000.0,70820.0,70975.0,284
2026-03-24 08:20:00+01:00,70945.0,71055.0,70920.0,70935.0,175
2026-03-24 08:30:00+01:00,70960.0,71015.0,70850.0,70910.0,264
2026-03-24 08:50:00+01:00,70980.0,71460.0,70965.0,71340.0,488
2026-03-24 09:00:00+01:00,71340.0,71370.0,71125.0,71155.0,270
2026-03-24 09:10:00+01:00,71150.0,71195.0,70950.0,70950.0,354
2026-03-24 09:20:00+01:00,70960.0,70995.0,70880.0,70935.0,212
2026-03-24 09:30:00+01:00,70925.0,71110.0,70870.0,71100.0,279
2026-03-24 09:50:00+01:00,71010.0,71085.0,70920.0,71010.0,276
2026-03-24 10:00:00+01:00,71010.0,71080.0,70975.0,70975.0,204
2026-03-24 10:10:00+01:00,71015.0,71050.0,70880.0,71040.0,201
2026-03-24 10:40:00+01:00,71190.0,71290.0,71180.0,71250.0,86
2026-03-24 11:00:00+01:00,71360.0,71380.0,71250.0,71360.0,206
2026-03-24 11:10:00+01:00,71340.0,71345.0,71200.0,71245.0,282
2026-03-24 12:10:00+01:00,71225.0,71240.0,70985.0,71065.0,170
2026-03-24 12:20:00+01:00,71060.0,71120.0,70995.0,71110.0,87
2026-03-24 12:50:00+01:00,71300.0,71300.0,71050.0,71195.0,148
2026-03-24 13:10:00+01:00,71085.0,71175.0,71000.0,71100.0,169
2026-03-24 13:30:00+01:00,71080.0,71100.0,70875.0,70950.0,410
2026-03-24 13:40:00+01:00,70960.0,71015.0,70895.0,70920.0,108
2026-03-24 13:50:00+01:00,70950.0,71055.0,70950.0,70990.0,113
2026-03-24 14:00:00+01:00,70995.0,71105.0,70675.0,70750.0,690
2026-03-24 14:20:00+01:00,70625.0,70740.0,70595.0,70600.0,457
2026-03-24 14:30:00+01:00,70630.0,70840.0,70475.0,70515.0,1317
2026-03-24 14:40:00+01:00,70520.0,70520.0,70215.0,70265.0,1432
2026-03-24 14:50:00+01:00,70260.0,70320.0,69980.0,70130.0,1572
2026-03-24 15:00:00+01:00,70120.0,70505.0,70100.0,70335.0,790
2026-03-24 15:10:00+01:00,70335.0,70370.0,69735.0,69920.0,1351
2026-03-24 15:20:00+01:00,69920.0,70090.0,69835.0,69990.0,560
2026-03-24 15:30:00+01:00,70000.0,70150.0,69830.0,69855.0,467
2026-03-24 15:40:00+01:00,69810.0,69890.0,69575.0,69650.0,849
2026-03-24 15:50:00+01:00,69575.0,70080.0,69485.0,69870.0,1952
2026-03-24 16:00:00+01:00,69920.0,70065.0,69875.0,69970.0,606
2026-03-24 16:10:00+01:00,69970.0,70045.0,69855.0,69975.0,457
2026-03-24 16:20:00+01:00,69970.0,70280.0,69935.0,70045.0,1136
2026-03-24 16:30:00+01:00,70035.0,70175.0,69765.0,70115.0,585
2026-03-24 16:40:00+01:00,70130.0,70160.0,69950.0,70060.0,169
2026-03-24 16:50:00+01:00,70070.0,70190.0,69855.0,69855.0,490
2026-03-24 17:00:00+01:00,69840.0,69910.0,69790.0,69870.0,284
2026-03-24 17:10:00+01:00,69865.0,70015.0,69855.0,69980.0,253
2026-03-24 17:20:00+01:00,69960.0,69965.0,69670.0,69805.0,454
2026-03-24 17:30:00+01:00,69800.0,69835.0,69370.0,69400.0,690
2026-03-24 17:40:00+01:00,69390.0,69645.0,69345.0,69525.0,621
2026-03-24 17:50:00+01:00,69510.0,69625.0,69420.0,69460.0,264
2026-03-24 18:00:00+01:00,69470.0,69505.0,69100.0,69135.0,1101
2026-03-24 18:10:00+01:00,69135.0,69295.0,69105.0,69120.0,306
2026-03-24 18:20:00+01:00,69130.0,69235.0,69095.0,69165.0,313
2026-03-24 18:30:00+01:00,69180.0,69315.0,69035.0,69275.0,399
2026-03-24 18:40:00+01:00,69270.0,69295.0,68930.0,69060.0,535
2026-03-24 18:50:00+01:00,69050.0,69265.0,68990.0,69235.0,831
2026-03-24 19:00:00+01:00,69250.0,69335.0,69175.0,69305.0,443
2026-03-24 19:10:00+01:00,69310.0,69415.0,69250.0,69385.0,326
2026-03-24 19:20:00+01:00,69375.0,69495.0,69360.0,69440.0,373
2026-03-24 19:30:00+01:00,69430.0,69780.0,69370.0,69765.0,647
2026-03-24 19:40:00+01:00,69770.0,69770.0,69430.0,69455.0,355
2026-03-24 19:50:00+01:00,69465.0,69590.0,69420.0,69440.0,221
2026-03-24 20:00:00+01:00,69425.0,69640.0,69420.0,69620.0,535
2026-03-24 20:10:00+01:00,69605.0,69715.0,69585.0,69705.0,423
2026-03-24 20:20:00+01:00,69670.0,69675.0,69510.0,69530.0,360
2026-03-24 20:30:00+01:00,69530.0,69565.0,69365.0,69430.0,713
2026-03-24 20:40:00+01:00,69430.0,69490.0,69310.0,69315.0,538
2026-03-24 20:50:00+01:00,69320.0,69400.0,69275.0,69390.0,1226
2026-03-24 21:00:00+01:00,69385.0,69410.0,69285.0,69340.0,563
2026-03-24 21:10:00+01:00,69345.0,69515.0,69335.0,69510.0,160
2026-03-24 21:20:00+01:00,69560.0,70320.0,69560.0,70005.0,2720
2026-03-24 21:30:00+01:00,70025.0,70225.0,69985.0,70110.0,523
2026-03-24 21:40:00+01:00,70135.0,70140.0,69915.0,70080.0,647
2026-03-24 21:50:00+01:00,70100.0,70240.0,70055.0,70115.0,243
2026-03-25 00:30:00+01:00,71070.0,71165.0,71015.0,71050.0,86
2026-03-25 06:10:00+01:00,71550.0,71650.0,71400.0,71410.0,48
2026-03-25 12:30:00+01:00,72185.0,72360.0,72145.0,72275.0,241
2026-03-25 12:40:00+01:00,72240.0,72240.0,71830.0,71870.0,263
2026-03-25 12:50:00+01:00,71945.0,72040.0,71895.0,72025.0,227
2026-03-25 13:00:00+01:00,72075.0,72200.0,72045.0,72180.0,169
2026-03-25 13:20:00+01:00,71765.0,71765.0,71435.0,71650.0,315
2026-03-25 13:40:00+01:00,71700.0,71790.0,71600.0,71630.0,47
2026-03-25 14:40:00+01:00,72185.0,72290.0,71995.0,72020.0,180
2026-03-25 14:50:00+01:00,71990.0,72080.0,71820.0,71835.0,245
2026-03-25 15:00:00+01:00,71855.0,71975.0,71685.0,71850.0,87
2026-03-25 15:30:00+01:00,71690.0,71880.0,71625.0,71630.0,89
2026-03-25 15:50:00+01:00,71730.0,71740.0,71500.0,71545.0,91
2026-03-25 16:10:00+01:00,71265.0,71290.0,70845.0,70955.0,861
2026-03-25 16:30:00+01:00,71285.0,71375.0,71085.0,71110.0,145
2026-03-25 16:40:00+01:00,71155.0,71170.0,71070.0,71145.0,118
2026-03-25 16:50:00+01:00,71170.0,71235.0,71060.0,71120.0,95
2026-03-25 17:00:00+01:00,71090.0,71260.0,70980.0,71235.0,157
2026-03-25 17:30:00+01:00,71720.0,71930.0,71690.0,71920.0,214
2026-03-25 18:10:00+01:00,71470.0,71485.0,71240.0,71310.0,195
2026-03-25 18:20:00+01:00,71280.0,71505.0,71280.0,71345.0,195
2026-03-25 19:00:00+01:00,71045.0,71210.0,71000.0,71115.0,170
2026-03-25 19:20:00+01:00,71300.0,71430.0,71225.0,71245.0,55
2026-03-25 19:50:00+01:00,71180.0,71250.0,70940.0,71060.0,182
2026-03-25 20:00:00+01:00,71075.0,71275.0,71055.0,71130.0,102
2026-03-25 20:50:00+01:00,71230.0,71270.0,71025.0,71150.0,437
2026-03-25 21:50:00+01:00,71265.0,71350.0,71250.0,71260.0,155
2026-03-25 23:00:00+01:00,71500.0,71500.0,71315.0,71325.0,113
2026-03-26 04:30:00+01:00,70960.0,71170.0,70960.0,71170.0,47
2026-03-26 06:10:00+01:00,70800.0,70845.0,70720.0,70820.0,54
2026-03-26 06:30:00+01:00,70780.0,70880.0,70735.0,70825.0,130
2026-03-26 06:40:00+01:00,70785.0,70820.0,70410.0,70600.0,252
2026-03-26 06:50:00+01:00,70570.0,70590.0,70170.0,70215.0,224
2026-03-26 07:00:00+01:00,70225.0,70335.0,70050.0,70290.0,263
2026-03-26 07:10:00+01:00,70335.0,70350.0,70185.0,70350.0,135
2026-03-26 07:20:00+01:00,70305.0,70325.0,70120.0,70260.0,59
2026-03-26 07:30:00+01:00,70265.0,70340.0,70200.0,70240.0,171
2026-03-26 10:30:00+01:00,70115.0,70115.0,69630.0,69630.0,279
2026-03-26 10:40:00+01:00,69665.0,69750.0,69585.0,69585.0,324
2026-03-26 10:50:00+01:00,69610.0,69810.0,69610.0,69780.0,260
2026-03-26 11:10:00+01:00,69760.0,69900.0,69705.0,69870.0,201
2026-03-26 12:20:00+01:00,69720.0,69720.0,69395.0,69515.0,69
2026-03-26 12:40:00+01:00,69640.0,69655.0,69585.0,69595.0,72
2026-03-26 13:00:00+01:00,69455.0,69580.0,69435.0,69570.0,95
2026-03-26 13:10:00+01:00,69540.0,69610.0,69525.0,69535.0,115
2026-03-26 14:00:00+01:00,69615.0,69720.0,69615.0,69705.0,158
2026-03-26 14:10:00+01:00,69625.0,69740.0,69615.0,69700.0,146
2026-03-26 14:20:00+01:00,69655.0,69680.0,69550.0,69605.0,124
2026-03-26 14:30:00+01:00,69580.0,69720.0,69435.0,69525.0,700
2026-03-26 14:40:00+01:00,69520.0,70055.0,69465.0,69860.0,643
2026-03-26 14:50:00+01:00,69850.0,70100.0,69750.0,69890.0,339
2026-03-26 15:00:00+01:00,69910.0,70085.0,69800.0,69870.0,388
2026-03-26 15:10:00+01:00,69900.0,69915.0,69680.0,69720.0,236
2026-03-26 15:20:00+01:00,69665.0,69945.0,69610.0,69850.0,101
2026-03-26 15:30:00+01:00,69870.0,70025.0,69860.0,69895.0,109
2026-03-26 15:40:00+01:00,69910.0,70035.0,69640.0,69645.0,162
2026-03-26 15:50:00+01:00,69700.0,69765.0,69420.0,69725.0,487
2026-03-26 16:00:00+01:00,69730.0,69730.0,69270.0,69370.0,232
2026-03-26 16:10:00+01:00,69400.0,69470.0,68890.0,69065.0,1309
2026-03-26 16:20:00+01:00,69065.0,69290.0,69050.0,69210.0,552
2026-03-26 16:30:00+01:00,69185.0,69290.0,69070.0,69150.0,297
2026-03-26 16:40:00+01:00,69140.0,69390.0,69100.0,69315.0,164
2026-03-26 16:50:00+01:00,69300.0,69400.0,69235.0,69290.0,118
2026-03-26 17:00:00+01:00,69260.0,69285.0,69155.0,69200.0,170
2026-03-26 17:10:00+01:00,69205.0,69245.0,69005.0,69230.0,241
2026-03-26 17:20:00+01:00,69230.0,69250.0,69040.0,69060.0,164
2026-03-26 17:30:00+01:00,69050.0,69195.0,69020.0,69040.0,197
2026-03-26 17:40:00+01:00,69045.0,69145.0,69025.0,69095.0,60
2026-03-26 17:50:00+01:00,69090.0,69180.0,69050.0,69145.0,77
2026-03-26 18:30:00+01:00,69310.0,69355.0,69155.0,69155.0,66
2026-03-26 18:50:00+01:00,68890.0,68980.0,68560.0,68660.0,433
2026-03-26 19:00:00+01:00,68720.0,68800.0,68495.0,68655.0,380
2026-03-26 19:10:00+01:00,68670.0,68670.0,68510.0,68540.0,199
2026-03-26 19:20:00+01:00,68505.0,68545.0,68305.0,68400.0,388
2026-03-26 19:30:00+01:00,68360.0,68525.0,68360.0,68525.0,228
2026-03-26 19:40:00+01:00,68495.0,68605.0,68470.0,68600.0,192
2026-03-26 20:00:00+01:00,68660.0,68700.0,68555.0,68685.0,115
2026-03-26 20:30:00+01:00,68620.0,68835.0,68515.0,68805.0,323
2026-03-26 20:40:00+01:00,68810.0,68905.0,68770.0,68830.0,190
2026-03-26 20:50:00+01:00,68820.0,68885.0,68670.0,68700.0,596
2026-03-26 21:00:00+01:00,68725.0,68795.0,68610.0,68660.0,271
2026-03-26 21:10:00+01:00,68710.0,69620.0,68700.0,69360.0,1472
2026-03-26 21:30:00+01:00,69380.0,69505.0,69305.0,69395.0,89
2026-03-26 21:50:00+01:00,69300.0,69300.0,69115.0,69145.0,142
2026-03-26 23:00:00+01:00,69125.0,69235.0,69040.0,69100.0,199
2026-03-26 23:50:00+01:00,69000.0,69075.0,68965.0,69065.0,137
2026-03-27 00:00:00+01:00,69120.0,69185.0,69030.0,69050.0,337
2026-03-27 00:10:00+01:00,69000.0,69055.0,68960.0,69015.0,151
2026-03-27 00:50:00+01:00,68990.0,69035.0,68960.0,69015.0,107
2026-03-27 01:00:00+01:00,69015.0,69135.0,68885.0,69135.0,320
2026-03-27 01:10:00+01:00,69115.0,69155.0,69035.0,69115.0,156
2026-03-27 01:20:00+01:00,69015.0,69095.0,68885.0,68930.0,167
2026-03-27 01:30:00+01:00,68930.0,68945.0,68715.0,68785.0,262
2026-03-27 01:40:00+01:00,68775.0,68970.0,68765.0,68810.0,248
2026-03-27 01:50:00+01:00,68815.0,68965.0,68815.0,68945.0,75
2026-03-27 02:20:00+01:00,69020.0,69110.0,69005.0,69075.0,45
2026-03-27 03:00:00+01:00,69230.0,69325.0,69230.0,69295.0,137
2026-03-27 03:40:00+01:00,69095.0,69125.0,69025.0,69085.0,232
2026-03-27 04:00:00+01:00,69075.0,69075.0,68825.0,68880.0,266
2026-03-27 04:10:00+01:00,68865.0,68965.0,68820.0,68955.0,240
2026-03-27 04:30:00+01:00,68995.0,69085.0,68980.0,69065.0,143
2026-03-27 05:00:00+01:00,68925.0,68965.0,68470.0,68485.0,700
2026-03-27 05:10:00+01:00,68525.0,68680.0,68465.0,68680.0,157
2026-03-27 05:20:00+01:00,68710.0,68745.0,68640.0,68720.0,190
2026-03-27 06:10:00+01:00,68900.0,69060.0,68855.0,68940.0,178
2026-03-27 06:30:00+01:00,68770.0,68885.0,68665.0,68730.0,192
2026-03-27 08:00:00+01:00,68875.0,68890.0,68805.0,68820.0,133
2026-03-27 08:10:00+01:00,68815.0,69160.0,68815.0,69120.0,270
2026-03-27 08:30:00+01:00,69145.0,69165.0,68845.0,68855.0,412
2026-03-27 08:40:00+01:00,68850.0,68860.0,68740.0,68800.0,512
2026-03-27 08:50:00+01:00,68820.0,68820.0,68640.0,68720.0,167
2026-03-27 09:00:00+01:00,68740.0,68830.0,68680.0,68680.0,308
2026-03-27 09:10:00+01:00,68660.0,68690.0,68560.0,68565.0,156
2026-03-27 09:20:00+01:00,68565.0,68600.0,68385.0,68415.0,331
2026-03-27 09:30:00+01:00,68405.0,68510.0,67790.0,67850.0,2612
2026-03-27 09:40:00+01:00,67815.0,68055.0,67815.0,68005.0,653
2026-03-27 09:50:00+01:00,68045.0,68235.0,68035.0,68105.0,364
2026-03-27 10:00:00+01:00,68080.0,68135.0,67835.0,67860.0,392
2026-03-27 10:10:00+01:00,67865.0,68060.0,67735.0,68040.0,570
2026-03-27 10:20:00+01:00,68050.0,68140.0,68030.0,68115.0,141
2026-03-27 10:30:00+01:00,68135.0,68145.0,67940.0,67985.0,401
2026-03-27 10:40:00+01:00,67965.0,68035.0,67895.0,68000.0,179
2026-03-27 10:50:00+01:00,68025.0,68065.0,67855.0,67875.0,406
2026-03-27 11:00:00+01:00,67880.0,67950.0,67765.0,67890.0,266
2026-03-27 11:10:00+01:00,67880.0,67915.0,67825.0,67870.0,56
2026-03-27 11:30:00+01:00,67950.0,67950.0,67070.0,67190.0,4888
2026-03-27 11:40:00+01:00,67195.0,67240.0,66965.0,67005.0,1480
2026-03-27 11:50:00+01:00,66960.0,67130.0,66535.0,66695.0,1519
2026-03-27 12:00:00+01:00,66685.0,66735.0,66430.0,66610.0,947
2026-03-27 12:10:00+01:00,66605.0,66900.0,66605.0,66860.0,869
2026-03-27 12:20:00+01:00,66845.0,66930.0,66770.0,66885.0,575
2026-03-27 12:30:00+01:00,66890.0,66925.0,66805.0,66885.0,442
2026-03-27 12:40:00+01:00,66885.0,67045.0,66875.0,66990.0,445
2026-03-27 12:50:00+01:00,66950.0,66980.0,66850.0,66900.0,225
2026-03-27 13:00:00+01:00,66900.0,66945.0,66795.0,66880.0,596
2026-03-27 13:10:00+01:00,66865.0,66940.0,66790.0,66875.0,573
2026-03-27 13:20:00+01:00,66860.0,66870.0,66715.0,66725.0,261
2026-03-27 13:30:00+01:00,66730.0,66835.0,66630.0,66805.0,477
2026-03-27 13:40:00+01:00,66790.0,66875.0,66660.0,66665.0,248
2026-03-27 13:50:00+01:00,66665.0,66820.0,66665.0,66795.0,249
2026-03-27 14:00:00+01:00,66800.0,66905.0,66700.0,66740.0,764
2026-03-27 14:10:00+01:00,66740.0,66755.0,66665.0,66740.0,322
2026-03-27 14:20:00+01:00,66735.0,66910.0,66725.0,66890.0,552
2026-03-27 14:30:00+01:00,66890.0,66930.0,66345.0,66625.0,2260
2026-03-27 14:40:00+01:00,66625.0,66795.0,66580.0,66580.0,1121
2026-03-27 14:50:00+01:00,66575.0,66575.0,66170.0,66315.0,1578
2026-03-27 15:00:00+01:00,66315.0,66555.0,66235.0,66455.0,707
2026-03-27 15:10:00+01:00,66460.0,66555.0,66260.0,66280.0,884
2026-03-27 15:20:00+01:00,66275.0,66295.0,65850.0,65865.0,1182
2026-03-27 15:30:00+01:00,65865.0,66140.0,65865.0,65980.0,1085
2026-03-27 15:40:00+01:00,65975.0,66105.0,65895.0,66095.0,626
2026-03-27 15:50:00+01:00,66120.0,66430.0,66110.0,66375.0,968
2026-03-27 16:00:00+01:00,66385.0,66450.0,66245.0,66390.0,729
2026-03-27 16:10:00+01:00,66420.0,66465.0,66230.0,66260.0,752
2026-03-27 16:20:00+01:00,66250.0,66615.0,66110.0,66485.0,925
2026-03-27 16:30:00+01:00,66490.0,66805.0,66440.0,66635.0,1290
2026-03-27 16:40:00+01:00,66605.0,66655.0,66455.0,66510.0,621
2026-03-27 16:50:00+01:00,66515.0,66570.0,66260.0,66305.0,873
2026-03-27 17:00:00+01:00,66305.0,66305.0,65960.0,65975.0,1547
2026-03-27 17:10:00+01:00,65985.0,66175.0,65985.0,66135.0,590
2026-03-27 17:20:00+01:00,66140.0,66280.0,65975.0,66130.0,635
2026-03-27 17:30:00+01:00,66120.0,66160.0,65970.0,66020.0,333
2026-03-27 17:40:00+01:00,65990.0,66360.0,65980.0,66240.0,667
2026-03-27 17:50:00+01:00,66195.0,66195.0,66000.0,66140.0,269
2026-03-27 18:00:00+01:00,66150.0,66455.0,66095.0,66355.0,456
2026-03-27 18:10:00+01:00,66340.0,66450.0,66255.0,66275.0,404
2026-03-27 18:20:00+01:00,66250.0,66260.0,66030.0,66040.0,466
2026-03-27 18:30:00+01:00,66035.0,66100.0,65930.0,66040.0,206
2026-03-27 18:40:00+01:00,66040.0,66095.0,65740.0,65815.0,1129
2026-03-27 18:50:00+01:00,65810.0,65890.0,65755.0,65780.0,393
2026-03-27 19:00:00+01:00,65765.0,65940.0,65765.0,65835.0,496
2026-03-27 19:10:00+01:00,65855.0,66000.0,65745.0,65960.0,396
2026-03-27 19:20:00+01:00,65945.0,66035.0,65690.0,65915.0,958
2026-03-27 19:30:00+01:00,65920.0,66035.0,65865.0,65965.0,617
2026-03-27 19:40:00+01:00,65965.0,66050.0,65860.0,66045.0,404
2026-03-27 20:00:00+01:00,65980.0,65995.0,65820.0,65930.0,287
2026-03-27 20:10:00+01:00,65940.0,66080.0,65865.0,66080.0,507
2026-03-27 20:20:00+01:00,66065.0,66085.0,66000.0,66075.0,387
2026-03-27 20:30:00+01:00,66100.0,66185.0,66090.0,66150.0,296
2026-03-27 20:40:00+01:00,66145.0,66145.0,66000.0,66140.0,387
2026-03-27 20:50:00+01:00,66110.0,66275.0,66020.0,66165.0,1939
2026-03-27 21:00:00+01:00,66180.0,66295.0,66130.0,66170.0,1449
2026-03-27 21:10:00+01:00,66180.0,66225.0,66120.0,66195.0,227
2026-03-27 21:20:00+01:00,66210.0,66210.0,65960.0,66035.0,177
2026-03-27 21:40:00+01:00,66075.0,66190.0,66030.0,66150.0,187
2026-03-27 21:50:00+01:00,66150.0,66250.0,66130.0,66190.0,552
2026-03-30 00:00:00+02:00,66690.0,67020.0,66375.0,66550.0,1369
2026-03-30 00:10:00+02:00,66555.0,66595.0,66345.0,66465.0,620
2026-03-30 00:20:00+02:00,66475.0,66645.0,66455.0,66525.0,219
2026-03-30 00:40:00+02:00,66375.0,66395.0,65105.0,65225.0,4325
2026-03-30 00:50:00+02:00,65190.0,66105.0,65135.0,66010.0,1362
2026-03-30 01:00:00+02:00,66025.0,66520.0,66005.0,66195.0,1053
2026-03-30 01:10:00+02:00,66200.0,66410.0,66160.0,66270.0,267
2026-03-30 01:20:00+02:00,66315.0,66465.0,66085.0,66150.0,373
2026-03-30 01:30:00+02:00,66150.0,66235.0,66000.0,66060.0,951
2026-03-30 01:40:00+02:00,66125.0,66305.0,66060.0,66155.0,854
2026-03-30 01:50:00+02:00,66175.0,66210.0,66005.0,66150.0,230
2026-03-30 02:00:00+02:00,66195.0,66205.0,65940.0,66015.0,238
2026-03-30 02:10:00+02:00,66040.0,67065.0,65930.0,67060.0,1479
2026-03-30 02:20:00+02:00,67060.0,67215.0,66670.0,66710.0,1635
2026-03-30 02:30:00+02:00,66710.0,66865.0,66370.0,66420.0,329
2026-03-30 02:40:00+02:00,66435.0,66570.0,66310.0,66475.0,144
2026-03-30 02:50:00+02:00,66455.0,66485.0,66250.0,66400.0,377
2026-03-30 03:00:00+02:00,66445.0,66720.0,66420.0,66510.0,361
2026-03-30 03:10:00+02:00,66550.0,66685.0,66460.0,66675.0,441
2026-03-30 03:20:00+02:00,66680.0,66815.0,66600.0,66775.0,357
2026-03-30 03:30:00+02:00,66745.0,66905.0,66665.0,66800.0,499
2026-03-30 03:50:00+02:00,66875.0,66905.0,66770.0,66780.0,78
2026-03-30 04:00:00+02:00,66835.0,67015.0,66700.0,66850.0,351
2026-03-30 04:10:00+02:00,66875.0,67050.0,66830.0,66930.0,119
2026-03-30 04:40:00+02:00,66840.0,67730.0,66785.0,67510.0,1821
2026-03-30 04:50:00+02:00,67470.0,67495.0,67230.0,67280.0,411
2026-03-30 05:00:00+02:00,67280.0,67315.0,67125.0,67195.0,372
2026-03-30 05:10:00+02:00,67225.0,67305.0,67110.0,67250.0,379
2026-03-30 05:20:00+02:00,67245.0,67445.0,67235.0,67410.0,139
2026-03-30 05:30:00+02:00,67425.0,67455.0,67285.0,67315.0,168
2026-03-30 05:40:00+02:00,67305.0,67390.0,67300.0,67320.0,83
2026-03-30 05:50:00+02:00,67360.0,67515.0,67295.0,67350.0,156
2026-03-30 06:00:00+02:00,67370.0,67655.0,67350.0,67575.0,317
2026-03-30 06:10:00+02:00,67590.0,67700.0,67540.0,67585.0,206
2026-03-30 06:20:00+02:00,67580.0,67815.0,67530.0,67650.0,275
2026-03-30 06:40:00+02:00,67610.0,67720.0,67550.0,67700.0,90
2026-03-30 06:50:00+02:00,67715.0,67815.0,67700.0,67795.0,158
2026-03-30 07:10:00+02:00,67975.0,67975.0,67760.0,67865.0,173
2026-03-30 07:20:00+02:00,67865.0,67915.0,67805.0,67865.0,108
2026-03-30 07:30:00+02:00,67865.0,67905.0,67720.0,67725.0,182
2026-03-30 07:40:00+02:00,67715.0,67755.0,67600.0,67720.0,238
2026-03-30 08:10:00+02:00,67645.0,67660.0,67460.0,67500.0,229
2026-03-30 08:50:00+02:00,67575.0,67640.0,67475.0,67520.0,290
2026-03-30 09:00:00+02:00,67495.0,67635.0,67415.0,67590.0,222
2026-03-30 09:10:00+02:00,67605.0,67690.0,67560.0,67600.0,225
2026-03-30 09:30:00+02:00,67540.0,67630.0,67470.0,67510.0,241
2026-03-30 09:40:00+02:00,67515.0,67655.0,67485.0,67655.0,161
2026-03-30 09:50:00+02:00,67650.0,67810.0,67610.0,67810.0,441
2026-03-30 10:00:00+02:00,67800.0,68075.0,67795.0,67970.0,820
2026-03-30 10:10:00+02:00,68025.0,68105.0,67945.0,68060.0,625
2026-03-30 10:20:00+02:00,68040.0,68045.0,67930.0,67955.0,119
2026-03-30 10:30:00+02:00,67980.0,68155.0,67925.0,68000.0,506
2026-03-30 10:40:00+02:00,68000.0,68040.0,67880.0,67935.0,226
2026-03-30 10:50:00+02:00,67970.0,68020.0,67850.0,67875.0,369
2026-03-30 11:00:00+02:00,67860.0,67880.0,67785.0,67820.0,256
2026-03-30 11:10:00+02:00,67835.0,67920.0,67705.0,67845.0,590
2026-03-30 11:20:00+02:00,67835.0,67835.0,67700.0,67710.0,324
2026-03-30 11:30:00+02:00,67725.0,67745.0,67640.0,67745.0,290
2026-03-30 11:40:00+02:00,67715.0,67800.0,67665.0,67760.0,171
2026-03-30 11:50:00+02:00,67750.0,67790.0,67665.0,67700.0,136
2026-03-30 12:00:00+02:00,67705.0,67710.0,67625.0,67670.0,231
2026-03-30 12:10:00+02:00,67680.0,67700.0,67590.0,67700.0,383
2026-03-30 12:20:00+02:00,67690.0,67705.0,67605.0,67605.0,102
2026-03-30 12:40:00+02:00,67600.0,67675.0,67580.0,67660.0,139
2026-03-30 12:50:00+02:00,67655.0,67725.0,67655.0,67695.0,253
2026-03-30 13:00:00+02:00,67700.0,67790.0,67690.0,67760.0,356
2026-03-30 13:10:00+02:00,67745.0,67800.0,67725.0,67750.0,177
2026-03-30 13:20:00+02:00,67755.0,68260.0,67735.0,67895.0,2031
2026-03-30 13:30:00+02:00,67900.0,67940.0,67690.0,67735.0,458
2026-03-30 13:40:00+02:00,67730.0,67920.0,67710.0,67900.0,362
2026-03-30 13:50:00+02:00,67890.0,67920.0,67805.0,67880.0,225
2026-03-30 14:00:00+02:00,67895.0,68065.0,67855.0,68005.0,723
2026-03-30 14:10:00+02:00,68010.0,68150.0,68000.0,68110.0,402
2026-03-30 14:20:00+02:00,68115.0,68200.0,68040.0,68080.0,505
2026-03-30 14:30:00+02:00,68090.0,68225.0,68055.0,68080.0,976
2026-03-30 14:40:00+02:00,68075.0,68185.0,68035.0,68085.0,364
2026-03-30 14:50:00+02:00,68100.0,68160.0,68075.0,68125.0,204
2026-03-30 15:00:00+02:00,68135.0,68170.0,68045.0,68095.0,508
2026-03-30 15:10:00+02:00,68090.0,68200.0,68085.0,68175.0,435
2026-03-30 15:20:00+02:00,68175.0,68425.0,68095.0,68100.0,1357
2026-03-30 15:30:00+02:00,68095.0,68280.0,67985.0,68090.0,1739
2026-03-30 15:40:00+02:00,68075.0,68095.0,67830.0,67830.0,1426
2026-03-30 15:50:00+02:00,67840.0,68005.0,67640.0,67730.0,1253
2026-03-30 16:00:00+02:00,67755.0,67835.0,67660.0,67830.0,647
2026-03-30 16:10:00+02:00,67830.0,67965.0,67560.0,67610.0,706
2026-03-30 16:20:00+02:00,67655.0,67705.0,67415.0,67495.0,587
2026-03-30 16:30:00+02:00,67480.0,67585.0,67300.0,67460.0,949
2026-03-30 16:40:00+02:00,67500.0,67570.0,67265.0,67415.0,751
2026-03-30 16:50:00+02:00,67440.0,68110.0,67400.0,68015.0,1056
2026-03-30 17:00:00+02:00,68025.0,68130.0,67770.0,67815.0,855
2026-03-30 17:10:00+02:00,67835.0,67915.0,67630.0,67670.0,541
2026-03-30 17:20:00+02:00,67675.0,67815.0,67615.0,67745.0,331
2026-03-30 17:30:00+02:00,67755.0,68140.0,67660.0,68030.0,435
2026-03-30 17:40:00+02:00,68025.0,68095.0,67895.0,67910.0,210
2026-03-30 17:50:00+02:00,67915.0,68005.0,67800.0,67810.0,240
2026-03-30 18:00:00+02:00,67835.0,67855.0,67555.0,67640.0,388
2026-03-30 18:10:00+02:00,67650.0,67700.0,67565.0,67605.0,208
2026-03-30 18:20:00+02:00,67605.0,67620.0,67475.0,67550.0,390
2026-03-30 18:30:00+02:00,67555.0,67700.0,67510.0,67640.0,196
2026-03-30 18:40:00+02:00,67640.0,67640.0,67520.0,67540.0,281
2026-03-30 18:50:00+02:00,67535.0,67595.0,67425.0,67560.0,347
2026-03-30 19:00:00+02:00,67570.0,67650.0,67410.0,67510.0,189
2026-03-30 19:10:00+02:00,67480.0,67485.0,67250.0,67300.0,629
2026-03-30 19:20:00+02:00,67305.0,67330.0,66810.0,66955.0,1748
2026-03-30 19:30:00+02:00,66970.0,67120.0,66935.0,67110.0,676
2026-03-30 19:40:00+02:00,67100.0,67185.0,66990.0,67075.0,721
2026-03-30 19:50:00+02:00,67060.0,67080.0,66940.0,67000.0,453
2026-03-30 20:00:00+02:00,66995.0,67110.0,66880.0,66900.0,415
2026-03-30 20:10:00+02:00,66895.0,67005.0,66880.0,66960.0,322
2026-03-30 20:20:00+02:00,66945.0,67040.0,66750.0,66865.0,650
2026-03-30 20:30:00+02:00,66875.0,67000.0,66755.0,66875.0,531
2026-03-30 20:40:00+02:00,66860.0,66970.0,66810.0,66810.0,134
2026-03-30 20:50:00+02:00,66795.0,66840.0,66680.0,66820.0,435
2026-03-30 21:00:00+02:00,66825.0,66840.0,66535.0,66620.0,525
2026-03-30 21:10:00+02:00,66590.0,66635.0,66460.0,66570.0,325
2026-03-30 21:20:00+02:00,66560.0,66630.0,66395.0,66475.0,508
2026-03-30 21:30:00+02:00,66495.0,66585.0,66445.0,66520.0,493
2026-03-30 21:40:00+02:00,66525.0,66635.0,66420.0,66620.0,454
2026-03-30 21:50:00+02:00,66640.0,66745.0,66585.0,66735.0,902
2026-03-30 22:00:00+02:00,66730.0,66880.0,66680.0,66825.0,541
2026-03-30 22:10:00+02:00,66815.0,66850.0,66705.0,66780.0,192
2026-03-30 22:20:00+02:00,66775.0,66845.0,66775.0,66810.0,65
2026-03-30 22:30:00+02:00,66810.0,66835.0,66700.0,66830.0,130
2026-03-30 22:50:00+02:00,66770.0,66850.0,66755.0,66835.0,197
2026-03-31 00:00:00+02:00,66935.0,67190.0,66865.0,66880.0,630
2026-03-31 00:10:00+02:00,66890.0,66980.0,66860.0,66955.0,256
2026-03-31 00:50:00+02:00,66895.0,66990.0,66885.0,66965.0,158
2026-03-31 01:00:00+02:00,66955.0,66965.0,66555.0,66605.0,381
2026-03-31 01:20:00+02:00,66755.0,66915.0,66755.0,66875.0,185
2026-03-31 01:30:00+02:00,66895.0,66965.0,66850.0,66880.0,168
2026-03-31 01:40:00+02:00,66875.0,66965.0,66850.0,66905.0,129
2026-03-31 02:00:00+02:00,67000.0,67030.0,66885.0,66900.0,333
2026-03-31 02:10:00+02:00,66900.0,66900.0,66735.0,66810.0,149
2026-03-31 02:20:00+02:00,66840.0,67030.0,66760.0,67025.0,269
2026-03-31 02:30:00+02:00,67030.0,67190.0,66995.0,67150.0,512
2026-03-31 02:40:00+02:00,67140.0,67535.0,66985.0,67480.0,861
2026-03-31 02:50:00+02:00,67450.0,67480.0,67190.0,67390.0,448
2026-03-31 03:00:00+02:00,67440.0,67475.0,67245.0,67285.0,126
2026-03-31 03:10:00+02:00,67320.0,67640.0,67320.0,67615.0,321
2026-03-31 03:20:00+02:00,67605.0,68110.0,67580.0,68010.0,1314
2026-03-31 03:30:00+02:00,68060.0,68670.0,67985.0,68455.0,2878
2026-03-31 03:40:00+02:00,68470.0,68475.0,68035.0,68135.0,471
2026-03-31 03:50:00+02:00,68095.0,68275.0,68070.0,68145.0,488
2026-03-31 04:00:00+02:00,68155.0,68200.0,67970.0,68105.0,268
2026-03-31 04:10:00+02:00,68115.0,68305.0,68085.0,68240.0,377
2026-03-31 04:20:00+02:00,68235.0,68280.0,68165.0,68235.0,316
2026-03-31 04:50:00+02:00,68185.0,68300.0,68130.0,68135.0,190
2026-03-31 05:00:00+02:00,68125.0,68200.0,67985.0,68170.0,81
2026-03-31 05:30:00+02:00,68050.0,68140.0,67805.0,67860.0,337
2026-03-31 05:40:00+02:00,67855.0,67925.0,67805.0,67805.0,174
2026-03-31 06:50:00+02:00,67840.0,67880.0,67695.0,67720.0,74
2026-03-31 07:40:00+02:00,67900.0,67955.0,67800.0,67910.0,99
2026-03-31 07:50:00+02:00,67935.0,67985.0,67845.0,67875.0,198
2026-03-31 08:00:00+02:00,67880.0,67900.0,67720.0,67720.0,170
2026-03-31 08:10:00+02:00,67700.0,67725.0,67615.0,67645.0,58
2026-03-31 09:10:00+02:00,67585.0,67595.0,67260.0,67320.0,504
2026-03-31 09:30:00+02:00,67485.0,67535.0,67400.0,67480.0,223
2026-03-31 09:40:00+02:00,67525.0,67645.0,67515.0,67595.0,168
2026-03-31 09:50:00+02:00,67575.0,67630.0,67510.0,67575.0,319
2026-03-31 10:00:00+02:00,67580.0,67700.0,67425.0,67695.0,265
2026-03-31 10:40:00+02:00,67145.0,67235.0,66855.0,67080.0,1000
2026-03-31 10:50:00+02:00,67080.0,67110.0,66945.0,66955.0,206
2026-03-31 11:00:00+02:00,66940.0,67095.0,66875.0,66935.0,416
2026-03-31 11:10:00+02:00,66915.0,66915.0,66690.0,66710.0,684
2026-03-31 11:20:00+02:00,66690.0,66790.0,66500.0,66570.0,513
2026-03-31 11:30:00+02:00,66580.0,66680.0,66540.0,66575.0,361
2026-03-31 11:40:00+02:00,66620.0,66675.0,66535.0,66570.0,211
2026-03-31 11:50:00+02:00,66570.0,66580.0,66130.0,66270.0,973
2026-03-31 12:00:00+02:00,66255.0,66505.0,66245.0,66485.0,326
2026-03-31 12:10:00+02:00,66500.0,66625.0,66470.0,66550.0,134
2026-03-31 12:20:00+02:00,66535.0,66630.0,66525.0,66570.0,208
2026-03-31 12:30:00+02:00,66560.0,66605.0,66390.0,66420.0,712
2026-03-31 12:40:00+02:00,66450.0,66510.0,66390.0,66500.0,210
2026-03-31 12:50:00+02:00,66545.0,66660.0,66485.0,66530.0,718
2026-03-31 13:10:00+02:00,66405.0,67060.0,66390.0,66835.0,1935
2026-03-31 13:20:00+02:00,66845.0,66900.0,66730.0,66810.0,228
2026-03-31 13:30:00+02:00,66790.0,67010.0,66780.0,66965.0,132
2026-03-31 13:40:00+02:00,66975.0,66995.0,66730.0,66785.0,207
2026-03-31 13:50:00+02:00,66780.0,66870.0,66740.0,66860.0,130
2026-03-31 14:00:00+02:00,66865.0,66975.0,66865.0,66930.0,527
2026-03-31 14:10:00+02:00,66920.0,66985.0,66680.0,66965.0,705
2026-03-31 14:30:00+02:00,66960.0,67130.0,66910.0,67095.0,272
2026-03-31 14:40:00+02:00,67100.0,67105.0,66895.0,66915.0,168
2026-03-31 14:50:00+02:00,66910.0,66935.0,66825.0,66860.0,188
2026-03-31 15:10:00+02:00,67000.0,67135.0,66965.0,66975.0,209
2026-03-31 15:20:00+02:00,66975.0,67020.0,66945.0,66995.0,313
2026-03-31 15:30:00+02:00,66990.0,67255.0,66905.0,67170.0,1234
2026-03-31 15:40:00+02:00,67175.0,67560.0,67115.0,67520.0,1999
2026-03-31 15:50:00+02:00,67520.0,67640.0,67330.0,67495.0,1453
2026-03-31 16:00:00+02:00,67485.0,67765.0,67310.0,67385.0,1682
2026-03-31 16:10:00+02:00,67405.0,67970.0,67390.0,67940.0,1312
2026-03-31 16:20:00+02:00,67945.0,67990.0,67730.0,67975.0,1407
2026-03-31 16:30:00+02:00,67970.0,67985.0,67490.0,67535.0,1121
2026-03-31 16:40:00+02:00,67540.0,67585.0,67035.0,67070.0,1109
2026-03-31 16:50:00+02:00,67080.0,67120.0,66600.0,66760.0,2565
2026-03-31 17:00:00+02:00,66760.0,67300.0,66760.0,67115.0,825
2026-03-31 17:10:00+02:00,67125.0,67485.0,67125.0,67345.0,698
2026-03-31 17:20:00+02:00,67330.0,67470.0,67100.0,67150.0,400
2026-03-31 17:30:00+02:00,67120.0,67365.0,67055.0,67225.0,395
2026-03-31 17:40:00+02:00,67235.0,67250.0,67010.0,67135.0,240
2026-03-31 17:50:00+02:00,67130.0,67260.0,66855.0,66920.0,439
2026-03-31 18:00:00+02:00,66900.0,67200.0,66900.0,67130.0,213
2026-03-31 18:10:00+02:00,67140.0,67230.0,66930.0,67185.0,160
2026-03-31 18:20:00+02:00,67190.0,67410.0,67150.0,67280.0,423
2026-03-31 18:30:00+02:00,67240.0,67710.0,67135.0,67710.0,595
2026-03-31 18:40:00+02:00,67710.0,68260.0,67665.0,67955.0,3980
2026-03-31 18:50:00+02:00,67960.0,68055.0,67705.0,67865.0,1000
2026-03-31 19:00:00+02:00,67850.0,68095.0,67750.0,67850.0,917
2026-03-31 19:10:00+02:00,67830.0,68800.0,67825.0,68470.0,3965
2026-03-31 19:20:00+02:00,68470.0,68630.0,68195.0,68225.0,1542
2026-03-31 19:30:00+02:00,68225.0,68350.0,67880.0,67965.0,1153
2026-03-31 19:40:00+02:00,67955.0,67970.0,67730.0,67860.0,813
2026-03-31 19:50:00+02:00,67865.0,67925.0,67580.0,67695.0,1072
2026-03-31 20:00:00+02:00,67715.0,67975.0,67705.0,67935.0,640
2026-03-31 20:10:00+02:00,67925.0,68135.0,67830.0,67920.0,543
2026-03-31 20:20:00+02:00,67930.0,68020.0,67810.0,67980.0,175
2026-03-31 20:30:00+02:00,67960.0,68090.0,67835.0,68030.0,209
2026-03-31 20:40:00+02:00,68015.0,68155.0,67870.0,68015.0,357
2026-03-31 20:50:00+02:00,68050.0,68080.0,67905.0,68030.0,146
2026-03-31 21:00:00+02:00,68025.0,68195.0,68010.0,68030.0,357
2026-03-31 21:10:00+02:00,68020.0,68205.0,68020.0,68095.0,445
2026-03-31 21:20:00+02:00,68115.0,68160.0,68025.0,68045.0,251
2026-03-31 21:30:00+02:00,68070.0,68125.0,67950.0,67950.0,230
2026-03-31 21:40:00+02:00,67950.0,68170.0,67880.0,68100.0,327
2026-03-31 21:50:00+02:00,68110.0,68140.0,67885.0,68010.0,1115
2026-03-31 22:00:00+02:00,68005.0,68265.0,68000.0,68240.0,678
2026-03-31 22:10:00+02:00,68245.0,68420.0,68205.0,68265.0,272
2026-03-31 22:20:00+02:00,68220.0,68220.0,68125.0,68210.0,99
2026-03-31 22:40:00+02:00,68295.0,68425.0,68215.0,68425.0,156
2026-03-31 22:50:00+02:00,68380.0,68460.0,68305.0,68420.0,329
2026-04-01 00:10:00+02:00,68315.0,68500.0,68315.0,68430.0,356
2026-04-01 00:20:00+02:00,68440.0,68515.0,68290.0,68335.0,247
2026-04-01 00:30:00+02:00,68335.0,68335.0,68185.0,68300.0,165
2026-04-01 01:00:00+02:00,68415.0,68510.0,68325.0,68475.0,167
2026-04-01 01:10:00+02:00,68475.0,68600.0,68400.0,68575.0,261
2026-04-01 01:20:00+02:00,68555.0,68575.0,68395.0,68460.0,162
2026-04-01 02:00:00+02:00,68475.0,68475.0,68305.0,68390.0,161
2026-04-01 02:10:00+02:00,68345.0,68420.0,68220.0,68355.0,286
2026-04-01 02:20:00+02:00,68375.0,68395.0,68115.0,68215.0,292
2026-04-01 02:30:00+02:00,68225.0,68245.0,68045.0,68175.0,129
2026-04-01 02:50:00+02:00,68325.0,68580.0,68325.0,68540.0,345
2026-04-01 03:00:00+02:00,68575.0,68585.0,68380.0,68485.0,286
2026-04-01 03:10:00+02:00,68480.0,68525.0,68260.0,68260.0,218
2026-04-01 03:20:00+02:00,68290.0,68305.0,68210.0,68240.0,204
2026-04-01 03:30:00+02:00,68220.0,68295.0,67975.0,68110.0,348
2026-04-01 03:40:00+02:00,68105.0,68140.0,68005.0,68015.0,279
2026-04-01 03:50:00+02:00,68045.0,68120.0,67935.0,67955.0,195
2026-04-01 04:00:00+02:00,67960.0,68075.0,67960.0,68030.0,216
2026-04-01 04:30:00+02:00,67770.0,67880.0,67755.0,67815.0,135
2026-04-01 05:00:00+02:00,67880.0,68295.0,67850.0,68260.0,230
2026-04-01 05:30:00+02:00,68175.0,68220.0,68090.0,68155.0,121
2026-04-01 05:40:00+02:00,68165.0,68445.0,68150.0,68370.0,206
2026-04-01 06:00:00+02:00,68365.0,68475.0,68300.0,68330.0,168
2026-04-01 06:10:00+02:00,68310.0,68325.0,68205.0,68315.0,244
2026-04-01 06:20:00+02:00,68360.0,68405.0,68285.0,68320.0,178
2026-04-01 06:40:00+02:00,68390.0,68545.0,68380.0,68510.0,108
2026-04-01 07:20:00+02:00,68690.0,69020.0,68650.0,68810.0,1216
2026-04-01 07:30:00+02:00,68850.0,68870.0,68695.0,68720.0,240
2026-04-01 07:50:00+02:00,68735.0,68800.0,68660.0,68685.0,98
2026-04-01 08:00:00+02:00,68720.0,68920.0,68705.0,68840.0,263
2026-04-01 08:10:00+02:00,68865.0,69000.0,68840.0,69000.0,287
2026-04-01 08:20:00+02:00,69040.0,69160.0,68990.0,69105.0,328
2026-04-01 08:30:00+02:00,69160.0,69350.0,69050.0,69245.0,720
2026-04-01 08:40:00+02:00,69270.0,69530.0,69250.0,69310.0,958
2026-04-01 08:50:00+02:00,69360.0,69500.0,69285.0,69375.0,517
2026-04-01 09:00:00+02:00,69385.0,69525.0,69380.0,69505.0,260
2026-04-01 09:10:00+02:00,69510.0,69600.0,69270.0,69285.0,473
2026-04-01 09:20:00+02:00,69265.0,69295.0,69120.0,69170.0,443
2026-04-01 09:30:00+02:00,69155.0,69270.0,69135.0,69170.0,199
2026-04-01 09:40:00+02:00,69180.0,69200.0,68970.0,69040.0,258
2026-04-01 09:50:00+02:00,69030.0,69060.0,68930.0,68930.0,101
2026-04-01 10:00:00+02:00,68965.0,69030.0,68810.0,68815.0,472
2026-04-01 10:10:00+02:00,68820.0,68880.0,68700.0,68780.0,971
2026-04-01 10:30:00+02:00,69000.0,69080.0,68945.0,69075.0,69
2026-04-01 11:00:00+02:00,68905.0,68975.0,68700.0,68720.0,171
2026-04-01 11:10:00+02:00,68720.0,68760.0,68605.0,68675.0,250
2026-04-01 11:20:00+02:00,68675.0,68785.0,68600.0,68780.0,272
2026-04-01 11:50:00+02:00,68840.0,68915.0,68840.0,68875.0,294
2026-04-01 12:20:00+02:00,68765.0,68855.0,68725.0,68755.0,210
2026-04-01 12:40:00+02:00,68740.0,68805.0,68720.0,68800.0,192
2026-04-01 12:50:00+02:00,68815.0,68855.0,68650.0,68805.0,182
2026-04-01 13:10:00+02:00,68755.0,68880.0,68755.0,68780.0,50
2026-04-01 13:50:00+02:00,68870.0,68975.0,68845.0,68945.0,181
2026-04-01 14:00:00+02:00,68940.0,68945.0,68670.0,68740.0,291
2026-04-01 14:10:00+02:00,68760.0,68890.0,68760.0,68860.0,281
2026-04-01 14:30:00+02:00,68775.0,68800.0,68490.0,68495.0,434
2026-04-01 14:40:00+02:00,68495.0,69010.0,68450.0,68620.0,1788
2026-04-01 14:50:00+02:00,68640.0,68795.0,68560.0,68595.0,192
2026-04-01 15:00:00+02:00,68595.0,68595.0,68330.0,68490.0,657
2026-04-01 15:10:00+02:00,68525.0,68720.0,68525.0,68715.0,180
2026-04-01 15:20:00+02:00,68725.0,68810.0,68640.0,68755.0,249
2026-04-01 15:30:00+02:00,68785.0,68900.0,68630.0,68700.0,745
2026-04-01 15:40:00+02:00,68705.0,68705.0,68110.0,68220.0,1325
2026-04-01 15:50:00+02:00,68200.0,68495.0,68150.0,68340.0,554
2026-04-01 16:00:00+02:00,68310.0,68505.0,68260.0,68365.0,302
2026-04-01 16:10:00+02:00,68375.0,68575.0,68315.0,68530.0,395
2026-04-01 16:20:00+02:00,68520.0,68770.0,68465.0,68750.0,883
2026-04-01 16:30:00+02:00,68745.0,68875.0,68455.0,68620.0,1435
2026-04-01 16:40:00+02:00,68610.0,68770.0,68480.0,68770.0,228
2026-04-01 16:50:00+02:00,68760.0,68900.0,68715.0,68825.0,323
2026-04-01 17:00:00+02:00,68820.0,68915.0,68750.0,68800.0,343
2026-04-01 17:10:00+02:00,68780.0,68850.0,68635.0,68805.0,349
2026-04-01 17:20:00+02:00,68850.0,69130.0,68760.0,68980.0,686
2026-04-01 17:30:00+02:00,68980.0,69110.0,68865.0,68960.0,509
2026-04-01 17:40:00+02:00,68935.0,69095.0,68915.0,69045.0,189
2026-04-01 17:50:00+02:00,69015.0,69220.0,69000.0,69165.0,797
2026-04-01 18:00:00+02:00,69150.0,69170.0,68915.0,69025.0,266
2026-04-01 18:10:00+02:00,69045.0,69050.0,68845.0,68960.0,431
2026-04-01 18:20:00+02:00,68995.0,69180.0,68980.0,69085.0,259
2026-04-01 18:30:00+02:00,69115.0,69240.0,68950.0,69120.0,490
2026-04-01 18:40:00+02:00,69130.0,69225.0,69075.0,69105.0,211
2026-04-01 18:50:00+02:00,69120.0,69130.0,69040.0,69060.0,108
2026-04-01 19:00:00+02:00,69050.0,69425.0,69050.0,69145.0,850
2026-04-01 19:10:00+02:00,69100.0,69145.0,68950.0,68975.0,307
2026-04-01 19:20:00+02:00,68940.0,68950.0,68710.0,68750.0,830
2026-04-01 19:30:00+02:00,68750.0,68770.0,68510.0,68650.0,799
2026-04-01 19:40:00+02:00,68650.0,68685.0,68460.0,68510.0,344
2026-04-01 19:50:00+02:00,68525.0,68560.0,68435.0,68445.0,484
2026-04-01 20:00:00+02:00,68495.0,68495.0,68140.0,68220.0,1289
2026-04-01 20:10:00+02:00,68215.0,68380.0,68160.0,68235.0,542
2026-04-01 20:20:00+02:00,68260.0,68370.0,68205.0,68265.0,738
2026-04-01 20:30:00+02:00,68275.0,68425.0,68220.0,68390.0,495
2026-04-01 20:40:00+02:00,68395.0,68540.0,68265.0,68360.0,686
2026-04-01 20:50:00+02:00,68365.0,68380.0,68165.0,68265.0,581
2026-04-01 21:00:00+02:00,68275.0,68440.0,68245.0,68360.0,885
2026-04-01 21:10:00+02:00,68360.0,68360.0,68195.0,68290.0,392
2026-04-01 21:20:00+02:00,68280.0,68450.0,68260.0,68440.0,226
2026-04-01 21:30:00+02:00,68460.0,68470.0,68230.0,68365.0,356
2026-04-01 21:40:00+02:00,68375.0,68485.0,68330.0,68465.0,271
2026-04-01 21:50:00+02:00,68485.0,68485.0,68285.0,68360.0,954
2026-04-01 22:00:00+02:00,68365.0,68385.0,68205.0,68270.0,556
2026-04-01 22:30:00+02:00,68255.0,68370.0,68170.0,68345.0,207
2026-04-01 22:40:00+02:00,68330.0,68405.0,68295.0,68385.0,199
2026-04-01 22:50:00+02:00,68400.0,68435.0,68325.0,68375.0,490
2026-04-02 00:00:00+02:00,68500.0,68540.0,68355.0,68425.0,293
2026-04-02 00:20:00+02:00,68300.0,68470.0,68300.0,68375.0,94
2026-04-02 00:40:00+02:00,68400.0,68505.0,68360.0,68360.0,76
2026-04-02 01:00:00+02:00,68345.0,68440.0,68330.0,68435.0,172
2026-04-02 01:30:00+02:00,68280.0,68370.0,68165.0,68330.0,115
2026-04-02 02:20:00+02:00,68415.0,68480.0,68390.0,68390.0,184
2026-04-02 02:30:00+02:00,68395.0,68590.0,68380.0,68570.0,328
2026-04-02 02:40:00+02:00,68570.0,68795.0,68535.0,68695.0,411
2026-04-02 02:50:00+02:00,68710.0,68870.0,68655.0,68830.0,406
2026-04-02 03:00:00+02:00,68825.0,68830.0,67805.0,68380.0,3257
2026-04-02 03:10:00+02:00,68430.0,68680.0,67620.0,67785.0,1532
2026-04-02 03:20:00+02:00,67795.0,68000.0,67420.0,67805.0,1890
2026-04-02 03:30:00+02:00,67730.0,67760.0,67390.0,67470.0,1225
2026-04-02 03:40:00+02:00,67490.0,67490.0,67255.0,67290.0,489
2026-04-02 03:50:00+02:00,67260.0,67580.0,67200.0,67510.0,408
2026-04-02 04:00:00+02:00,67510.0,67520.0,67230.0,67285.0,495
2026-04-02 04:20:00+02:00,67110.0,67120.0,66925.0,67065.0,560
2026-04-02 04:30:00+02:00,67065.0,67225.0,67005.0,67065.0,303
2026-04-02 04:40:00+02:00,67065.0,67175.0,66785.0,66965.0,646
2026-04-02 04:50:00+02:00,66985.0,67125.0,66985.0,67030.0,249
2026-04-02 05:10:00+02:00,67105.0,67105.0,66850.0,66885.0,454
2026-04-02 05:20:00+02:00,66895.0,67055.0,66795.0,66995.0,383
2026-04-02 05:40:00+02:00,66890.0,66895.0,66665.0,66700.0,465
2026-04-02 05:50:00+02:00,66700.0,66820.0,66650.0,66730.0,174
2026-04-02 06:50:00+02:00,66515.0,66520.0,66425.0,66475.0,64
2026-04-02 07:00:00+02:00,66505.0,66645.0,66440.0,66455.0,279
2026-04-02 07:10:00+02:00,66475.0,66615.0,66450.0,66535.0,83
2026-04-02 07:40:00+02:00,66620.0,66755.0,66600.0,66605.0,300
2026-04-02 07:50:00+02:00,66600.0,66785.0,66600.0,66735.0,176
2026-04-02 08:00:00+02:00,66750.0,66760.0,66675.0,66695.0,203
2026-04-02 08:10:00+02:00,66700.0,66980.0,66675.0,66960.0,170
2026-04-02 08:20:00+02:00,66930.0,66955.0,66770.0,66770.0,553
2026-04-02 08:30:00+02:00,66745.0,66810.0,66695.0,66705.0,294
2026-04-02 08:40:00+02:00,66710.0,66800.0,66685.0,66755.0,75
2026-04-02 09:00:00+02:00,66825.0,66875.0,66765.0,66805.0,101
2026-04-02 09:10:00+02:00,66755.0,66865.0,66700.0,66835.0,62
2026-04-02 09:30:00+02:00,66820.0,67025.0,66815.0,66965.0,257
2026-04-02 09:40:00+02:00,66970.0,67070.0,66960.0,67065.0,60
2026-04-02 09:50:00+02:00,67065.0,67095.0,67010.0,67065.0,134
2026-04-02 10:00:00+02:00,67080.0,67085.0,66900.0,66910.0,151
2026-04-02 10:10:00+02:00,66915.0,66925.0,66805.0,66830.0,158
2026-04-02 10:20:00+02:00,66830.0,66850.0,66750.0,66785.0,183
2026-04-02 10:30:00+02:00,66815.0,66880.0,66685.0,66710.0,124
2026-04-02 10:40:00+02:00,66700.0,66725.0,66620.0,66670.0,217
2026-04-02 10:50:00+02:00,66665.0,66700.0,66590.0,66595.0,198
2026-04-02 11:00:00+02:00,66600.0,66640.0,66490.0,66490.0,288
2026-04-02 11:10:00+02:00,66495.0,66620.0,66465.0,66515.0,184
2026-04-02 11:20:00+02:00,66530.0,66665.0,66530.0,66630.0,118
2026-04-02 11:30:00+02:00,66630.0,66660.0,66570.0,66610.0,97
2026-04-02 11:40:00+02:00,66610.0,66665.0,66530.0,66550.0,288
2026-04-02 11:50:00+02:00,66550.0,66630.0,66525.0,66615.0,74
2026-04-02 12:00:00+02:00,66610.0,66650.0,66540.0,66545.0,111
2026-04-02 12:10:00+02:00,66540.0,66540.0,66370.0,66480.0,311
2026-04-02 13:00:00+02:00,66640.0,66655.0,66510.0,66510.0,105
2026-04-02 13:10:00+02:00,66505.0,66635.0,66305.0,66605.0,602
2026-04-02 13:20:00+02:00,66605.0,66620.0,66550.0,66605.0,139
2026-04-02 13:30:00+02:00,66585.0,66645.0,66470.0,66495.0,96
2026-04-02 13:40:00+02:00,66475.0,66500.0,66450.0,66475.0,90
2026-04-02 13:50:00+02:00,66475.0,66545.0,66300.0,66355.0,294
2026-04-02 14:00:00+02:00,66360.0,66405.0,66205.0,66300.0,898
2026-04-02 14:10:00+02:00,66310.0,66385.0,66175.0,66190.0,493
2026-04-02 14:20:00+02:00,66200.0,66305.0,66110.0,66270.0,1457
2026-04-02 14:30:00+02:00,66290.0,66335.0,66245.0,66320.0,222
2026-04-02 14:40:00+02:00,66310.0,66390.0,66275.0,66295.0,225
2026-04-02 14:50:00+02:00,66340.0,66345.0,66165.0,66195.0,382
2026-04-02 15:00:00+02:00,66230.0,66315.0,66080.0,66185.0,407
2026-04-02 15:10:00+02:00,66200.0,66205.0,66035.0,66050.0,551
2026-04-02 15:20:00+02:00,66045.0,66350.0,66000.0,66310.0,507
2026-04-02 15:30:00+02:00,66305.0,66385.0,65850.0,65945.0,1783
2026-04-02 15:40:00+02:00,65945.0,66225.0,65895.0,66200.0,603
2026-04-02 15:50:00+02:00,66160.0,66460.0,66155.0,66430.0,778
2026-04-02 16:00:00+02:00,66440.0,66615.0,66300.0,66550.0,1062
2026-04-02 16:10:00+02:00,66525.0,66655.0,66450.0,66590.0,787
2026-04-02 16:20:00+02:00,66570.0,66685.0,66375.0,66445.0,692
2026-04-02 16:30:00+02:00,66455.0,67290.0,66445.0,67095.0,3891
2026-04-02 16:40:00+02:00,67055.0,67335.0,66925.0,66950.0,1873
2026-04-02 16:50:00+02:00,66930.0,67265.0,66840.0,67080.0,1357
2026-04-02 17:00:00+02:00,67085.0,67110.0,66905.0,67020.0,1045
2026-04-02 17:10:00+02:00,67015.0,67195.0,67015.0,67020.0,569
2026-04-02 17:20:00+02:00,67005.0,67110.0,66825.0,67055.0,480
2026-04-02 17:30:00+02:00,67065.0,67215.0,66895.0,67125.0,425
2026-04-02 17:40:00+02:00,67140.0,67185.0,66980.0,67030.0,358
2026-04-02 18:00:00+02:00,67065.0,67155.0,67020.0,67145.0,336
2026-04-02 18:10:00+02:00,67145.0,67195.0,67065.0,67090.0,381
2026-04-02 18:20:00+02:00,67090.0,67155.0,66960.0,67110.0,252
2026-04-02 18:30:00+02:00,67100.0,67405.0,67070.0,67340.0,747
2026-04-02 18:40:00+02:00,67355.0,67530.0,67350.0,67395.0,1182
2026-04-02 18:50:00+02:00,67405.0,67435.0,67305.0,67305.0,244
2026-04-02 19:00:00+02:00,67310.0,67345.0,67080.0,67235.0,445
2026-04-02 19:10:00+02:00,67245.0,67665.0,67210.0,67570.0,1401
2026-04-02 19:20:00+02:00,67575.0,67620.0,67460.0,67460.0,349
2026-04-02 19:30:00+02:00,67480.0,67500.0,67175.0,67225.0,1023
2026-04-02 19:40:00+02:00,67240.0,67255.0,67015.0,67015.0,608
2026-04-02 19:50:00+02:00,67020.0,67065.0,66870.0,66885.0,511
2026-04-02 20:00:00+02:00,66900.0,67010.0,66800.0,66850.0,286
2026-04-02 20:10:00+02:00,66855.0,67025.0,66855.0,66990.0,294
2026-04-02 20:40:00+02:00,66870.0,67115.0,66870.0,67070.0,216
2026-04-02 20:50:00+02:00,67095.0,67300.0,67095.0,67210.0,309
2026-04-02 21:00:00+02:00,67230.0,67340.0,67160.0,67220.0,977
2026-04-02 21:10:00+02:00,67260.0,67335.0,67195.0,67250.0,223
2026-04-02 21:20:00+02:00,67235.0,67320.0,67150.0,67255.0,374
2026-04-02 21:30:00+02:00,67250.0,67250.0,67100.0,67180.0,306
2026-04-02 21:40:00+02:00,67170.0,67285.0,67115.0,67145.0,422
2026-04-02 21:50:00+02:00,67150.0,67270.0,67140.0,67185.0,1261
2026-04-02 22:00:00+02:00,67190.0,67205.0,66970.0,67055.0,775
2026-04-02 22:10:00+02:00,67055.0,67175.0,67055.0,67175.0,414
2026-04-02 22:30:00+02:00,67210.0,67270.0,67125.0,67270.0,171
2026-04-02 22:40:00+02:00,67250.0,67250.0,67125.0,67145.0,226
2026-04-02 22:50:00+02:00,67140.0,67185.0,67105.0,67110.0,384
2026-04-03 00:00:00+02:00,67085.0,67250.0,67075.0,67170.0,240
2026-04-03 00:10:00+02:00,67150.0,67220.0,67120.0,67210.0,167
2026-04-03 00:20:00+02:00,67210.0,67245.0,67045.0,67100.0,184
2026-04-03 00:30:00+02:00,67145.0,67235.0,67145.0,67215.0,121
2026-04-03 00:50:00+02:00,67200.0,67275.0,67180.0,67220.0,110
2026-04-03 01:00:00+02:00,67175.0,67315.0,67165.0,67235.0,140
2026-04-03 01:10:00+02:00,67200.0,67215.0,67140.0,67175.0,43
2026-04-03 02:20:00+02:00,67055.0,67190.0,67010.0,67045.0,91
2026-04-03 03:40:00+02:00,66730.0,66840.0,66725.0,66780.0,144
2026-04-03 03:50:00+02:00,66810.0,66825.0,66700.0,66815.0,228
2026-04-03 04:00:00+02:00,66810.0,66810.0,66665.0,66665.0,108
2026-04-03 04:10:00+02:00,66665.0,66975.0,66600.0,66940.0,279
2026-04-03 04:40:00+02:00,66480.0,66555.0,66455.0,66530.0,139
2026-04-03 04:50:00+02:00,66555.0,66755.0,66555.0,66725.0,339
2026-04-03 05:00:00+02:00,66755.0,66825.0,66680.0,66805.0,124
2026-04-03 07:30:00+02:00,66825.0,67025.0,66825.0,66930.0,117
2026-04-03 09:30:00+02:00,67175.0,67530.0,67150.0,67325.0,1053
2026-04-03 10:00:00+02:00,67295.0,67550.0,67270.0,67530.0,151
2026-04-03 10:10:00+02:00,67535.0,67540.0,67360.0,67400.0,159
2026-04-03 14:30:00+02:00,67345.0,67835.0,67010.0,67035.0,488
2026-04-03 15:00:00+02:00,66955.0,66955.0,66780.0,66810.0,173
2026-04-03 15:20:00+02:00,66860.0,66940.0,66855.0,66855.0,40
2026-04-03 15:50:00+02:00,66710.0,66900.0,66710.0,66895.0,100
2026-04-03 16:00:00+02:00,66870.0,67025.0,66850.0,66990.0,72
2026-04-03 16:30:00+02:00,67110.0,67140.0,67015.0,67080.0,93
2026-04-03 16:50:00+02:00,67095.0,67200.0,67095.0,67135.0,130
2026-04-03 17:10:00+02:00,67165.0,67240.0,67155.0,67155.0,38
2026-04-06 00:00:00+02:00,67670.0,68050.0,67670.0,67960.0,1591
2026-04-06 00:10:00+02:00,67960.0,67960.0,67695.0,67725.0,650
2026-04-06 00:20:00+02:00,67740.0,67750.0,67550.0,67650.0,316
2026-04-06 00:30:00+02:00,67620.0,67860.0,67605.0,67860.0,173
2026-04-06 00:40:00+02:00,67870.0,68470.0,67820.0,68335.0,1853
2026-04-06 00:50:00+02:00,68385.0,68620.0,68265.0,68585.0,914
2026-04-06 01:00:00+02:00,68580.0,68835.0,68500.0,68650.0,915
2026-04-06 01:10:00+02:00,68660.0,69170.0,68660.0,69160.0,1294
2026-04-06 01:20:00+02:00,69150.0,69290.0,68925.0,69050.0,793
2026-04-06 01:30:00+02:00,69050.0,69460.0,69045.0,69260.0,1973
2026-04-06 01:40:00+02:00,69270.0,69340.0,69130.0,69215.0,390
2026-04-06 01:50:00+02:00,69215.0,69320.0,69170.0,69300.0,261
2026-04-06 02:00:00+02:00,69300.0,69880.0,69275.0,69560.0,1555
2026-04-06 02:10:00+02:00,69555.0,69595.0,69415.0,69475.0,490
2026-04-06 02:20:00+02:00,69450.0,69535.0,69350.0,69400.0,217
2026-04-06 02:30:00+02:00,69405.0,69585.0,69335.0,69470.0,252
2026-04-06 02:40:00+02:00,69480.0,69705.0,69455.0,69475.0,444
2026-04-06 02:50:00+02:00,69460.0,69535.0,69315.0,69330.0,262
2026-04-06 03:00:00+02:00,69350.0,69380.0,69110.0,69170.0,876
2026-04-06 03:10:00+02:00,69155.0,69240.0,69075.0,69100.0,150
2026-04-06 03:20:00+02:00,69115.0,69260.0,69050.0,69225.0,279
2026-04-06 03:30:00+02:00,69245.0,69255.0,69095.0,69150.0,111
2026-04-06 03:40:00+02:00,69125.0,69125.0,69035.0,69045.0,198
2026-04-06 03:50:00+02:00,69085.0,69150.0,69055.0,69075.0,140
2026-04-06 04:00:00+02:00,69065.0,69220.0,69045.0,69185.0,317
2026-04-06 04:10:00+02:00,69165.0,69610.0,69165.0,69505.0,501
2026-04-06 04:20:00+02:00,69520.0,69565.0,69375.0,69510.0,211
2026-04-06 04:30:00+02:00,69530.0,69670.0,69490.0,69530.0,243
2026-04-06 04:40:00+02:00,69540.0,69555.0,69430.0,69510.0,130
2026-04-06 05:00:00+02:00,69460.0,69535.0,69430.0,69435.0,63
2026-04-06 05:10:00+02:00,69460.0,69510.0,69325.0,69355.0,547
2026-04-06 05:20:00+02:00,69310.0,69470.0,69310.0,69430.0,121
2026-04-06 05:40:00+02:00,69410.0,69410.0,69335.0,69350.0,144
2026-04-06 05:50:00+02:00,69375.0,69380.0,69300.0,69350.0,138
2026-04-06 06:00:00+02:00,69390.0,69465.0,69290.0,69295.0,170
2026-04-06 06:30:00+02:00,69270.0,69485.0,69260.0,69455.0,114
2026-04-06 07:10:00+02:00,69450.0,69455.0,69370.0,69415.0,89
2026-04-06 07:20:00+02:00,69425.0,69450.0,69325.0,69430.0,124
2026-04-06 07:40:00+02:00,69490.0,69495.0,69390.0,69395.0,82
2026-04-06 08:00:00+02:00,69435.0,69540.0,69335.0,69490.0,185
2026-04-06 08:20:00+02:00,69505.0,69505.0,69080.0,69100.0,376
2026-04-06 08:30:00+02:00,69100.0,69175.0,69070.0,69140.0,181
2026-04-06 08:40:00+02:00,69155.0,69250.0,69115.0,69235.0,166
2026-04-06 09:20:00+02:00,69235.0,69365.0,69220.0,69315.0,137
2026-04-06 09:40:00+02:00,69255.0,69290.0,69175.0,69255.0,110
2026-04-06 09:50:00+02:00,69240.0,69480.0,69240.0,69365.0,449
2026-04-06 10:00:00+02:00,69380.0,69475.0,69330.0,69430.0,163
2026-04-06 10:10:00+02:00,69410.0,69465.0,69370.0,69415.0,176
2026-04-06 10:20:00+02:00,69410.0,69515.0,69375.0,69480.0,142
2026-04-06 10:40:00+02:00,69530.0,69580.0,69470.0,69510.0,117
2026-04-06 11:00:00+02:00,69485.0,69560.0,69465.0,69550.0,192
2026-04-06 11:10:00+02:00,69610.0,70255.0,69610.0,70200.0,1634
2026-04-06 11:20:00+02:00,70195.0,70555.0,70150.0,70230.0,1683
2026-04-06 11:30:00+02:00,70225.0,70270.0,70040.0,70070.0,405
2026-04-06 11:40:00+02:00,70055.0,70210.0,69995.0,70110.0,366
2026-04-06 11:50:00+02:00,70105.0,70105.0,69970.0,69995.0,241
2026-04-06 12:00:00+02:00,70015.0,70125.0,69995.0,70070.0,141
2026-04-06 12:10:00+02:00,70110.0,70130.0,70050.0,70065.0,109
2026-04-06 12:20:00+02:00,70070.0,70155.0,70010.0,70040.0,244
2026-04-06 12:30:00+02:00,70035.0,70260.0,70025.0,70200.0,559
2026-04-06 12:40:00+02:00,70175.0,70190.0,69960.0,70085.0,1344
2026-04-06 12:50:00+02:00,70080.0,70085.0,69960.0,70045.0,170
2026-04-06 13:00:00+02:00,70040.0,70040.0,69920.0,70015.0,245
2026-04-06 13:10:00+02:00,70040.0,70040.0,69930.0,69955.0,220
2026-04-06 13:20:00+02:00,69935.0,69940.0,69840.0,69890.0,320
2026-04-06 13:30:00+02:00,69875.0,69965.0,69815.0,69925.0,173
2026-04-06 13:40:00+02:00,69910.0,69950.0,69845.0,69890.0,126
2026-04-06 13:50:00+02:00,69885.0,69955.0,69790.0,69870.0,211
2026-04-06 14:00:00+02:00,69860.0,69885.0,69745.0,69750.0,505
2026-04-06 14:10:00+02:00,69750.0,69760.0,69680.0,69760.0,689
2026-04-06 14:20:00+02:00,69760.0,69765.0,69655.0,69720.0,224
2026-04-06 14:30:00+02:00,69685.0,69760.0,69605.0,69740.0,632
2026-04-06 14:40:00+02:00,69740.0,69775.0,69615.0,69630.0,221
2026-04-06 14:50:00+02:00,69625.0,69655.0,69545.0,69585.0,273
2026-04-06 15:00:00+02:00,69610.0,69680.0,69585.0,69675.0,169
2026-04-06 15:10:00+02:00,69655.0,69670.0,69535.0,69550.0,311
2026-04-06 15:20:00+02:00,69555.0,69695.0,69555.0,69695.0,196
2026-04-06 15:30:00+02:00,69695.0,69780.0,69440.0,69525.0,1941
2026-04-06 15:40:00+02:00,69510.0,69640.0,69450.0,69560.0,728
2026-04-06 15:50:00+02:00,69585.0,69715.0,69540.0,69650.0,494
2026-04-06 16:00:00+02:00,69635.0,69885.0,69375.0,69490.0,1442
2026-04-06 16:10:00+02:00,69505.0,69720.0,69385.0,69720.0,333
2026-04-06 16:20:00+02:00,69680.0,69890.0,69680.0,69775.0,860
2026-04-06 16:30:00+02:00,69775.0,70080.0,69550.0,69575.0,2319
2026-04-06 16:40:00+02:00,69575.0,69785.0,69515.0,69560.0,800
2026-04-06 16:50:00+02:00,69575.0,69945.0,69560.0,69895.0,575
2026-04-06 17:00:00+02:00,69895.0,70020.0,69750.0,69930.0,914
2026-04-06 17:10:00+02:00,69910.0,70065.0,69800.0,69915.0,687
2026-04-06 17:20:00+02:00,69905.0,70010.0,69825.0,70000.0,729
2026-04-06 17:30:00+02:00,70005.0,70055.0,69885.0,69995.0,897
2026-04-06 17:40:00+02:00,69995.0,70170.0,69950.0,70085.0,956
2026-04-06 17:50:00+02:00,70065.0,70255.0,70060.0,70240.0,924
2026-04-06 18:00:00+02:00,70240.0,70270.0,70105.0,70115.0,831
2026-04-06 18:10:00+02:00,70140.0,70385.0,70125.0,70265.0,886
2026-04-06 18:20:00+02:00,70255.0,70315.0,70165.0,70170.0,374
2026-04-06 18:30:00+02:00,70180.0,70380.0,70100.0,70280.0,471
2026-04-06 18:40:00+02:00,70265.0,70630.0,70265.0,70510.0,1187
2026-04-06 18:50:00+02:00,70505.0,70510.0,70030.0,70050.0,1306
2026-04-06 19:00:00+02:00,70050.0,70075.0,69700.0,69875.0,1425
2026-04-06 19:10:00+02:00,69870.0,69875.0,69475.0,69555.0,2450
2026-04-06 19:20:00+02:00,69565.0,69805.0,69505.0,69760.0,647
2026-04-06 19:30:00+02:00,69750.0,69875.0,69710.0,69710.0,315
2026-04-06 19:40:00+02:00,69735.0,69735.0,69640.0,69730.0,196
2026-04-06 19:50:00+02:00,69755.0,69835.0,69745.0,69795.0,120
2026-04-06 20:00:00+02:00,69810.0,69815.0,69700.0,69745.0,183
2026-04-06 20:10:00+02:00,69750.0,70080.0,69750.0,70055.0,1013
2026-04-06 20:30:00+02:00,70095.0,70185.0,70030.0,70040.0,422
2026-04-06 20:40:00+02:00,69990.0,70070.0,69915.0,70015.0,128
2026-04-06 20:50:00+02:00,70025.0,70140.0,70005.0,70120.0,137
2026-04-06 21:00:00+02:00,70120.0,70120.0,69790.0,69840.0,304
2026-04-06 21:10:00+02:00,69835.0,70015.0,69790.0,69985.0,235
2026-04-06 21:30:00+02:00,70060.0,70115.0,69975.0,70005.0,190
2026-04-06 21:40:00+02:00,70015.0,70015.0,69890.0,69940.0,291
2026-04-06 21:50:00+02:00,69960.0,69985.0,69870.0,69950.0,812
2026-04-06 22:00:00+02:00,69960.0,70005.0,69830.0,69955.0,614
2026-04-06 22:10:00+02:00,69960.0,70095.0,69920.0,70080.0,228
2026-04-06 22:20:00+02:00,70075.0,70200.0,70050.0,70190.0,263
2026-04-06 22:30:00+02:00,70205.0,70235.0,70145.0,70175.0,197
2026-04-06 22:40:00+02:00,70155.0,70175.0,70095.0,70150.0,218
2026-04-06 22:50:00+02:00,70135.0,70135.0,70010.0,70030.0,371
2026-04-07 00:10:00+02:00,69760.0,69835.0,69635.0,69635.0,114
2026-04-07 00:20:00+02:00,69630.0,69655.0,69530.0,69590.0,191
2026-04-07 00:30:00+02:00,69580.0,69585.0,69415.0,69540.0,361
2026-04-07 00:40:00+02:00,69545.0,69570.0,69360.0,69375.0,395
2026-04-07 00:50:00+02:00,69370.0,69405.0,68985.0,68990.0,1402
2026-04-07 01:00:00+02:00,68980.0,68985.0,68510.0,68805.0,1564
2026-04-07 01:10:00+02:00,68865.0,68925.0,68680.0,68825.0,529
2026-04-07 01:20:00+02:00,68815.0,68865.0,68645.0,68695.0,563
2026-04-07 01:30:00+02:00,68685.0,68955.0,68660.0,68955.0,349
2026-04-07 01:40:00+02:00,68945.0,69065.0,68910.0,68980.0,370
2026-04-07 02:00:00+02:00,69010.0,69330.0,68985.0,69175.0,542
2026-04-07 02:10:00+02:00,69155.0,69280.0,69095.0,69210.0,224
2026-04-07 02:20:00+02:00,69185.0,69210.0,69070.0,69135.0,153
2026-04-07 02:30:00+02:00,69180.0,69260.0,68950.0,68965.0,197
2026-04-07 02:40:00+02:00,68975.0,69105.0,68930.0,69105.0,104
2026-04-07 02:50:00+02:00,69105.0,69105.0,68955.0,68955.0,156
2026-04-07 03:00:00+02:00,68960.0,68975.0,68780.0,68780.0,253
2026-04-07 03:10:00+02:00,68780.0,68935.0,68730.0,68900.0,209
2026-04-07 03:30:00+02:00,68915.0,69015.0,68785.0,68785.0,132
2026-04-07 03:40:00+02:00,68830.0,68885.0,68725.0,68725.0,173
2026-04-07 03:50:00+02:00,68715.0,68715.0,68525.0,68600.0,276
2026-04-07 04:00:00+02:00,68560.0,68640.0,68440.0,68630.0,216
2026-04-07 04:10:00+02:00,68635.0,68725.0,68580.0,68725.0,227
2026-04-07 04:20:00+02:00,68745.0,68790.0,68645.0,68765.0,109
2026-04-07 04:30:00+02:00,68785.0,68930.0,68710.0,68890.0,206
2026-04-07 04:40:00+02:00,68885.0,68890.0,68770.0,68835.0,117
2026-04-07 04:50:00+02:00,68840.0,68895.0,68770.0,68850.0,173
2026-04-07 05:00:00+02:00,68840.0,68945.0,68795.0,68855.0,128
2026-04-07 05:20:00+02:00,68855.0,68995.0,68855.0,68985.0,95
2026-04-07 05:30:00+02:00,68970.0,69015.0,68915.0,68965.0,156
2026-04-07 06:20:00+02:00,68780.0,68800.0,68700.0,68755.0,251
2026-04-07 06:40:00+02:00,69010.0,69185.0,68980.0,69160.0,269
2026-04-07 06:50:00+02:00,69150.0,69150.0,69030.0,69035.0,72
2026-04-07 07:20:00+02:00,68950.0,68990.0,68855.0,68865.0,88
2026-04-07 08:10:00+02:00,68740.0,68770.0,68645.0,68665.0,89
2026-04-07 08:20:00+02:00,68670.0,68765.0,68595.0,68755.0,167
2026-04-07 08:50:00+02:00,68740.0,68795.0,68730.0,68750.0,74
2026-04-07 09:50:00+02:00,68855.0,68865.0,68780.0,68800.0,165
2026-04-07 10:00:00+02:00,68800.0,69045.0,68775.0,68855.0,726
2026-04-07 10:10:00+02:00,68870.0,68975.0,68855.0,68960.0,141
2026-04-07 10:50:00+02:00,69130.0,69220.0,69115.0,69145.0,376
2026-04-07 11:00:00+02:00,69160.0,69425.0,69145.0,69425.0,327
2026-04-07 11:10:00+02:00,69435.0,69495.0,69285.0,69325.0,245
2026-04-07 11:40:00+02:00,69380.0,69455.0,69335.0,69410.0,316
2026-04-07 12:10:00+02:00,69120.0,69200.0,69060.0,69120.0,246
2026-04-07 12:20:00+02:00,69120.0,69215.0,68840.0,68940.0,636
2026-04-07 12:30:00+02:00,68950.0,68965.0,68710.0,68740.0,566
2026-04-07 12:40:00+02:00,68765.0,68780.0,68580.0,68610.0,471
2026-04-07 12:50:00+02:00,68615.0,68615.0,68340.0,68400.0,1108
2026-04-07 13:00:00+02:00,68395.0,68500.0,68225.0,68465.0,1098
2026-04-07 13:10:00+02:00,68470.0,68575.0,68425.0,68450.0,335
2026-04-07 13:20:00+02:00,68445.0,68575.0,68400.0,68525.0,323
2026-04-07 13:30:00+02:00,68525.0,68625.0,68440.0,68580.0,263
2026-04-07 13:40:00+02:00,68600.0,68605.0,68540.0,68595.0,125
2026-04-07 13:50:00+02:00,68590.0,68590.0,68475.0,68500.0,178
2026-04-07 14:00:00+02:00,68500.0,68635.0,68195.0,68325.0,1582
2026-04-07 14:10:00+02:00,68330.0,68560.0,68305.0,68480.0,473
2026-04-07 14:30:00+02:00,68625.0,68625.0,68485.0,68570.0,141
2026-04-07 14:40:00+02:00,68550.0,68580.0,68390.0,68445.0,354
2026-04-07 14:50:00+02:00,68440.0,68765.0,68415.0,68540.0,540
2026-04-07 15:00:00+02:00,68560.0,68790.0,68525.0,68735.0,452
2026-04-07 15:10:00+02:00,68740.0,68785.0,68625.0,68670.0,574
2026-04-07 15:20:00+02:00,68660.0,68695.0,68595.0,68625.0,332
2026-04-07 15:30:00+02:00,68640.0,68755.0,68515.0,68540.0,1046
2026-04-07 15:40:00+02:00,68520.0,68610.0,68320.0,68445.0,650
2026-04-07 15:50:00+02:00,68450.0,68620.0,68355.0,68370.0,517
2026-04-07 16:00:00+02:00,68375.0,68405.0,67940.0,67985.0,1953
2026-04-07 16:10:00+02:00,67995.0,68130.0,67890.0,67990.0,627
2026-04-07 16:20:00+02:00,68010.0,68310.0,68005.0,68290.0,828
2026-04-07 16:30:00+02:00,68280.0,68390.0,68125.0,68185.0,930
2026-04-07 16:40:00+02:00,68170.0,68360.0,68110.0,68250.0,513
2026-04-07 16:50:00+02:00,68265.0,68265.0,67965.0,67965.0,466
2026-04-07 17:00:00+02:00,67965.0,68040.0,67840.0,67975.0,1043
2026-04-07 17:10:00+02:00,68000.0,68255.0,67960.0,68165.0,1981
2026-04-07 17:20:00+02:00,68170.0,68355.0,68090.0,68315.0,468
2026-04-07 17:30:00+02:00,68320.0,68360.0,68210.0,68240.0,601
2026-04-07 17:40:00+02:00,68255.0,68280.0,68190.0,68260.0,373
2026-04-07 17:50:00+02:00,68265.0,68420.0,68210.0,68305.0,540
2026-04-07 18:00:00+02:00,68295.0,68620.0,68250.0,68255.0,827
2026-04-07 18:10:00+02:00,68265.0,68325.0,68205.0,68255.0,205
2026-04-07 18:20:00+02:00,68220.0,68535.0,68220.0,68530.0,1037
2026-04-07 18:30:00+02:00,68530.0,68535.0,68405.0,68420.0,174
2026-04-07 18:40:00+02:00,68450.0,68545.0,68435.0,68465.0,249
2026-04-07 19:00:00+02:00,68385.0,68530.0,68355.0,68510.0,502
2026-04-07 19:20:00+02:00,68415.0,68565.0,68340.0,68565.0,146
2026-04-07 19:30:00+02:00,68565.0,69210.0,68565.0,68890.0,2954
2026-04-07 19:40:00+02:00,68905.0,68970.0,68840.0,68915.0,315
2026-04-07 19:50:00+02:00,68915.0,69020.0,68865.0,68885.0,366
2026-04-07 20:00:00+02:00,68890.0,68970.0,68800.0,68820.0,212
2026-04-07 20:10:00+02:00,68800.0,68870.0,68780.0,68830.0,243
2026-04-07 20:20:00+02:00,68835.0,68855.0,68730.0,68820.0,156
2026-04-07 20:30:00+02:00,68815.0,68915.0,68730.0,68760.0,89
2026-04-07 20:40:00+02:00,68770.0,68770.0,68620.0,68650.0,260
2026-04-07 20:50:00+02:00,68640.0,68675.0,68495.0,68600.0,381
2026-04-07 21:00:00+02:00,68570.0,68655.0,68495.0,68565.0,431
2026-04-07 21:10:00+02:00,68570.0,68915.0,68570.0,68915.0,1143
2026-04-07 21:20:00+02:00,68890.0,69000.0,68675.0,68745.0,913
2026-04-07 21:50:00+02:00,69010.0,69270.0,69005.0,69180.0,1654
2026-04-07 22:00:00+02:00,69175.0,69765.0,69175.0,69610.0,2300
2026-04-07 22:10:00+02:00,69610.0,69705.0,69490.0,69555.0,858
2026-04-07 22:20:00+02:00,69590.0,69610.0,69470.0,69575.0,218
2026-04-07 22:40:00+02:00,69480.0,69575.0,69405.0,69445.0,222
2026-04-07 22:50:00+02:00,69435.0,69510.0,69360.0,69510.0,392
2026-04-08 00:00:00+02:00,69935.0,70815.0,69935.0,70420.0,2858
2026-04-08 00:10:00+02:00,70415.0,70515.0,70330.0,70415.0,471
2026-04-08 00:20:00+02:00,70450.0,70695.0,70385.0,70655.0,503
2026-04-08 00:30:00+02:00,70665.0,71540.0,70640.0,71240.0,5387
2026-04-08 00:40:00+02:00,71255.0,71345.0,70860.0,71250.0,849
2026-04-08 00:50:00+02:00,71245.0,71785.0,71225.0,71770.0,1787
2026-04-08 01:00:00+02:00,71775.0,71970.0,71430.0,71700.0,1557
2026-04-08 01:10:00+02:00,71695.0,71915.0,71550.0,71915.0,873
2026-04-08 01:20:00+02:00,71885.0,72995.0,71875.0,72995.0,2348
2026-04-08 01:30:00+02:00,72985.0,72985.0,72270.0,72290.0,1393
2026-04-08 01:40:00+02:00,72325.0,72470.0,72170.0,72430.0,533
2026-04-08 01:50:00+02:00,72435.0,72460.0,72125.0,72165.0,489
2026-04-08 02:00:00+02:00,72170.0,72390.0,72070.0,72155.0,984
2026-04-08 02:10:00+02:00,72135.0,72345.0,72040.0,72240.0,536
2026-04-08 02:20:00+02:00,72255.0,72300.0,72100.0,72155.0,309
2026-04-08 02:30:00+02:00,72195.0,72225.0,71985.0,72225.0,251
2026-04-08 02:40:00+02:00,72250.0,72270.0,71875.0,71890.0,426
2026-04-08 02:50:00+02:00,71895.0,71990.0,71810.0,71950.0,272
2026-04-08 03:00:00+02:00,72000.0,72025.0,71770.0,72025.0,212
2026-04-08 03:10:00+02:00,72025.0,72030.0,71740.0,71770.0,284
2026-04-08 03:20:00+02:00,71755.0,71865.0,71705.0,71705.0,200
2026-04-08 03:30:00+02:00,71715.0,71825.0,71685.0,71770.0,417
2026-04-08 03:40:00+02:00,71765.0,71805.0,71690.0,71780.0,239
2026-04-08 03:50:00+02:00,71740.0,71830.0,71660.0,71715.0,174
2026-04-08 04:00:00+02:00,71715.0,71915.0,71630.0,71880.0,172
2026-04-08 04:10:00+02:00,71905.0,71980.0,71740.0,71740.0,189
2026-04-08 04:20:00+02:00,71770.0,71770.0,71640.0,71700.0,124
2026-04-08 04:30:00+02:00,71720.0,71735.0,71445.0,71510.0,511
2026-04-08 04:40:00+02:00,71515.0,71590.0,71440.0,71575.0,277
2026-04-08 04:50:00+02:00,71630.0,71635.0,71515.0,71560.0,131
2026-04-08 05:00:00+02:00,71560.0,71670.0,71540.0,71580.0,184
2026-04-08 05:30:00+02:00,71695.0,71700.0,71575.0,71595.0,99
2026-04-08 06:20:00+02:00,71750.0,71810.0,71680.0,71790.0,153
2026-04-08 06:40:00+02:00,71825.0,71900.0,71800.0,71890.0,120
2026-04-08 07:40:00+02:00,71910.0,71950.0,71860.0,71925.0,90
2026-04-08 08:00:00+02:00,71955.0,71955.0,71790.0,71890.0,128
2026-04-08 08:10:00+02:00,71895.0,72180.0,71885.0,72120.0,1232
2026-04-08 08:20:00+02:00,72110.0,72170.0,72025.0,72095.0,370
2026-04-08 09:10:00+02:00,71970.0,72000.0,71915.0,71970.0,178
2026-04-08 09:50:00+02:00,71815.0,71880.0,71805.0,71880.0,104
2026-04-08 10:00:00+02:00,71880.0,72035.0,71875.0,72020.0,210
2026-04-08 10:10:00+02:00,72015.0,72035.0,71905.0,72025.0,115
2026-04-08 10:20:00+02:00,72035.0,72035.0,71910.0,71975.0,121
2026-04-08 10:30:00+02:00,71990.0,72050.0,71870.0,71950.0,248
2026-04-08 10:40:00+02:00,71945.0,71985.0,71850.0,71970.0,198
2026-04-08 10:50:00+02:00,71950.0,72030.0,71915.0,72015.0,93
2026-04-08 11:00:00+02:00,72055.0,72180.0,72035.0,72055.0,144
2026-04-08 11:10:00+02:00,72070.0,72105.0,71980.0,72085.0,102
2026-04-08 11:30:00+02:00,71910.0,71955.0,71890.0,71900.0,104
2026-04-08 11:40:00+02:00,71895.0,71895.0,71785.0,71840.0,141
2026-04-08 11:50:00+02:00,71870.0,71910.0,71830.0,71880.0,156
2026-04-08 12:00:00+02:00,71905.0,71990.0,71805.0,71870.0,184
2026-04-08 12:10:00+02:00,71845.0,71860.0,71790.0,71820.0,105
2026-04-08 12:20:00+02:00,71845.0,71900.0,71835.0,71855.0,28
2026-04-08 13:00:00+02:00,71660.0,71785.0,71655.0,71785.0,194
2026-04-08 13:10:00+02:00,71790.0,71870.0,71785.0,71840.0,112
2026-04-08 13:20:00+02:00,71845.0,71900.0,71745.0,71890.0,652
2026-04-08 13:30:00+02:00,71875.0,71875.0,71600.0,71690.0,780
2026-04-08 13:40:00+02:00,71710.0,71775.0,71690.0,71730.0,118
2026-04-08 13:50:00+02:00,71755.0,71950.0,71755.0,71895.0,585
2026-04-08 14:00:00+02:00,71900.0,71965.0,71895.0,71910.0,347
2026-04-08 14:10:00+02:00,71945.0,72075.0,71920.0,71995.0,248
2026-04-08 14:20:00+02:00,71990.0,72010.0,71750.0,72000.0,1455
2026-04-08 14:30:00+02:00,72000.0,72190.0,71945.0,72140.0,682
2026-04-08 14:40:00+02:00,72135.0,72260.0,72040.0,72135.0,356
2026-04-08 14:50:00+02:00,72140.0,72380.0,72140.0,72290.0,675
2026-04-08 15:00:00+02:00,72295.0,72955.0,72295.0,72880.0,1452
2026-04-08 15:10:00+02:00,72860.0,73095.0,72615.0,72845.0,1699
2026-04-08 15:20:00+02:00,72830.0,72830.0,72630.0,72710.0,1058
2026-04-08 15:30:00+02:00,72700.0,72810.0,71935.0,71970.0,3015
2026-04-08 15:40:00+02:00,71970.0,72180.0,71790.0,72140.0,2630
2026-04-08 15:50:00+02:00,72100.0,72160.0,71670.0,71810.0,1084
2026-04-08 16:00:00+02:00,71815.0,71955.0,71500.0,71540.0,1590
2026-04-08 16:10:00+02:00,71540.0,71835.0,71470.0,71600.0,1214
2026-04-08 16:20:00+02:00,71655.0,71725.0,71530.0,71630.0,690
2026-04-08 16:30:00+02:00,71650.0,71700.0,71060.0,71275.0,1998
2026-04-08 16:40:00+02:00,71250.0,71360.0,71085.0,71245.0,870
2026-04-08 16:50:00+02:00,71260.0,71260.0,70810.0,71065.0,1375
2026-04-08 17:00:00+02:00,71085.0,71250.0,71005.0,71015.0,813
2026-04-08 17:10:00+02:00,71030.0,71375.0,70955.0,71355.0,327
2026-04-08 17:20:00+02:00,71360.0,71395.0,71295.0,71335.0,200
2026-04-08 17:30:00+02:00,71350.0,71505.0,71250.0,71415.0,518
2026-04-08 17:40:00+02:00,71405.0,71510.0,71330.0,71445.0,202
2026-04-08 17:50:00+02:00,71445.0,71525.0,71375.0,71480.0,251
2026-04-08 18:00:00+02:00,71465.0,71605.0,71455.0,71495.0,413
2026-04-08 18:10:00+02:00,71495.0,71600.0,71435.0,71565.0,272
2026-04-08 18:20:00+02:00,71565.0,71680.0,71540.0,71570.0,245
2026-04-08 18:30:00+02:00,71575.0,71600.0,71420.0,71595.0,274
2026-04-08 18:40:00+02:00,71595.0,71790.0,71580.0,71765.0,186
2026-04-08 18:50:00+02:00,71795.0,71925.0,71690.0,71820.0,444
2026-04-08 19:00:00+02:00,71815.0,71980.0,71795.0,71860.0,261
2026-04-08 19:10:00+02:00,71860.0,72010.0,71860.0,71955.0,271
2026-04-08 19:20:00+02:00,71940.0,71955.0,71675.0,71845.0,402
2026-04-08 19:30:00+02:00,71880.0,72165.0,71825.0,72035.0,664
2026-04-08 19:40:00+02:00,72070.0,72140.0,71925.0,72130.0,529
2026-04-08 19:50:00+02:00,72120.0,72150.0,72035.0,72110.0,184
2026-04-08 20:00:00+02:00,72120.0,72120.0,71990.0,72035.0,255
2026-04-08 20:10:00+02:00,72010.0,72010.0,71580.0,71610.0,452
2026-04-08 20:20:00+02:00,71585.0,71690.0,71480.0,71610.0,452
2026-04-08 20:30:00+02:00,71610.0,71810.0,71595.0,71700.0,212
2026-04-08 20:40:00+02:00,71665.0,71665.0,71455.0,71480.0,369
2026-04-08 20:50:00+02:00,71415.0,71450.0,71240.0,71245.0,498
2026-04-08 21:00:00+02:00,71260.0,71375.0,71180.0,71330.0,430
2026-04-08 21:10:00+02:00,71350.0,71480.0,71350.0,71405.0,297
2026-04-08 21:20:00+02:00,71365.0,71440.0,71295.0,71295.0,175
2026-04-08 21:30:00+02:00,71315.0,71510.0,71255.0,71485.0,334
2026-04-08 21:40:00+02:00,71480.0,71560.0,71355.0,71515.0,529
2026-04-08 21:50:00+02:00,71530.0,71545.0,71410.0,71515.0,1056
2026-04-08 22:00:00+02:00,71510.0,71625.0,71490.0,71580.0,859
2026-04-08 22:10:00+02:00,71575.0,71660.0,71555.0,71650.0,191
2026-04-08 22:30:00+02:00,71620.0,71630.0,71500.0,71545.0,122
2026-04-08 22:40:00+02:00,71545.0,71545.0,71460.0,71510.0,62
2026-04-08 22:50:00+02:00,71510.0,71575.0,71495.0,71575.0,90
2026-04-09 00:00:00+02:00,71735.0,71790.0,71635.0,71735.0,416
2026-04-09 00:10:00+02:00,71700.0,71705.0,71530.0,71570.0,119
2026-04-09 00:20:00+02:00,71560.0,71560.0,71320.0,71335.0,421
2026-04-09 00:30:00+02:00,71350.0,71555.0,71265.0,71520.0,491
2026-04-09 00:50:00+02:00,71460.0,71465.0,71235.0,71265.0,178
2026-04-09 01:00:00+02:00,71235.0,71260.0,71085.0,71180.0,229
2026-04-09 01:30:00+02:00,71205.0,71330.0,71135.0,71270.0,65
2026-04-09 01:50:00+02:00,71355.0,71370.0,71260.0,71275.0,89
2026-04-09 02:00:00+02:00,71270.0,71330.0,71175.0,71250.0,133
2026-04-09 02:10:00+02:00,71225.0,71240.0,71075.0,71125.0,132
2026-04-09 02:30:00+02:00,71095.0,71125.0,70945.0,70945.0,287
2026-04-09 02:40:00+02:00,71005.0,71015.0,70865.0,70925.0,191
2026-04-09 02:50:00+02:00,70935.0,71085.0,70835.0,71005.0,190
2026-04-09 03:00:00+02:00,71055.0,71095.0,70650.0,70760.0,687
2026-04-09 03:10:00+02:00,70775.0,70875.0,70730.0,70810.0,192
2026-04-09 03:20:00+02:00,70800.0,70875.0,70635.0,70790.0,284
2026-04-09 03:30:00+02:00,70780.0,71030.0,70770.0,70955.0,365
2026-04-09 03:40:00+02:00,70960.0,71040.0,70880.0,71015.0,119
2026-04-09 03:50:00+02:00,71045.0,71170.0,71040.0,71120.0,277
2026-04-09 04:10:00+02:00,71145.0,71165.0,70995.0,71165.0,211
2026-04-09 04:30:00+02:00,71235.0,71305.0,71190.0,71230.0,183
2026-04-09 04:40:00+02:00,71215.0,71355.0,71115.0,71335.0,234
2026-04-09 04:50:00+02:00,71325.0,71410.0,71250.0,71250.0,132
2026-04-09 06:50:00+02:00,70960.0,70990.0,70950.0,70990.0,36
2026-04-09 07:00:00+02:00,70955.0,71065.0,70890.0,71065.0,80
2026-04-09 09:10:00+02:00,71305.0,71315.0,71200.0,71235.0,136
2026-04-09 09:30:00+02:00,71195.0,71295.0,71165.0,71255.0,212
2026-04-09 09:40:00+02:00,71225.0,71240.0,71180.0,71205.0,102
2026-04-09 09:50:00+02:00,71210.0,71250.0,71180.0,71190.0,137
2026-04-09 10:20:00+02:00,71125.0,71250.0,71125.0,71185.0,108
2026-04-09 10:30:00+02:00,71210.0,71375.0,71210.0,71360.0,523
2026-04-09 10:40:00+02:00,71350.0,71610.0,71350.0,71475.0,868
2026-04-09 10:50:00+02:00,71475.0,71515.0,71415.0,71480.0,182
2026-04-09 11:00:00+02:00,71485.0,71490.0,71305.0,71450.0,284
2026-04-09 11:10:00+02:00,71435.0,71740.0,71435.0,71600.0,523
2026-04-09 11:20:00+02:00,71585.0,71590.0,71445.0,71520.0,225
2026-04-09 11:30:00+02:00,71500.0,71570.0,71390.0,71440.0,148
2026-04-09 11:40:00+02:00,71455.0,71575.0,71440.0,71575.0,90
2026-04-09 11:50:00+02:00,71565.0,71825.0,71550.0,71765.0,580
2026-04-09 12:00:00+02:00,71775.0,71790.0,71615.0,71620.0,206
2026-04-09 12:20:00+02:00,71625.0,71715.0,71625.0,71630.0,60
2026-04-09 12:50:00+02:00,71635.0,71635.0,71495.0,71500.0,115
2026-04-09 13:00:00+02:00,71485.0,71585.0,71470.0,71495.0,170
2026-04-09 13:10:00+02:00,71450.0,71455.0,71345.0,71425.0,91
2026-04-09 13:20:00+02:00,71440.0,71455.0,71260.0,71295.0,273
2026-04-09 13:30:00+02:00,71285.0,71385.0,71285.0,71385.0,200
2026-04-09 13:40:00+02:00,71395.0,71430.0,71335.0,71410.0,197
2026-04-09 13:50:00+02:00,71425.0,71430.0,71335.0,71360.0,85
2026-04-09 14:00:00+02:00,71380.0,71450.0,71370.0,71445.0,113
2026-04-09 14:10:00+02:00,71425.0,71455.0,71355.0,71355.0,249
2026-04-09 14:20:00+02:00,71350.0,71530.0,71230.0,71480.0,506
2026-04-09 14:30:00+02:00,71480.0,71505.0,71325.0,71335.0,285
2026-04-09 14:40:00+02:00,71335.0,71500.0,71290.0,71370.0,422
2026-04-09 15:00:00+02:00,71505.0,71555.0,71285.0,71325.0,365
2026-04-09 15:10:00+02:00,71325.0,71340.0,71285.0,71310.0,106
2026-04-09 15:20:00+02:00,71320.0,71335.0,71245.0,71300.0,77
2026-04-09 15:30:00+02:00,71300.0,71380.0,70975.0,71115.0,1945
2026-04-09 15:40:00+02:00,71095.0,71160.0,70895.0,71065.0,1166
2026-04-09 15:50:00+02:00,71030.0,71045.0,70780.0,70955.0,1048
2026-04-09 16:00:00+02:00,70955.0,70995.0,70830.0,70835.0,457
2026-04-09 16:10:00+02:00,70820.0,71005.0,70725.0,70765.0,621
2026-04-09 16:20:00+02:00,70765.0,70875.0,70650.0,70775.0,543
2026-04-09 16:30:00+02:00,70775.0,70990.0,70745.0,70985.0,297
2026-04-09 16:40:00+02:00,70960.0,71225.0,70960.0,71225.0,526
2026-04-09 16:50:00+02:00,71210.0,71460.0,71205.0,71335.0,1408
2026-04-09 17:00:00+02:00,71320.0,71345.0,71120.0,71120.0,357
2026-04-09 17:10:00+02:00,71120.0,71770.0,71120.0,71610.0,1443
2026-04-09 17:20:00+02:00,71610.0,71845.0,71545.0,71560.0,957
2026-04-09 17:30:00+02:00,71505.0,72460.0,71500.0,72105.0,2383
2026-04-09 17:40:00+02:00,72095.0,72575.0,72095.0,72340.0,1760
2026-04-09 17:50:00+02:00,72320.0,72610.0,72315.0,72390.0,745
2026-04-09 18:00:00+02:00,72400.0,72645.0,72300.0,72390.0,711
2026-04-09 18:10:00+02:00,72350.0,72630.0,72345.0,72570.0,588
2026-04-09 18:20:00+02:00,72550.0,72565.0,72265.0,72290.0,483
2026-04-09 18:30:00+02:00,72275.0,72300.0,71995.0,72080.0,658
2026-04-09 18:40:00+02:00,72085.0,72200.0,71950.0,72035.0,429
2026-04-09 18:50:00+02:00,72040.0,72325.0,72015.0,72315.0,460
2026-04-09 19:00:00+02:00,72310.0,72755.0,72305.0,72695.0,866
2026-04-09 19:10:00+02:00,72680.0,72795.0,72630.0,72665.0,662
2026-04-09 19:20:00+02:00,72665.0,72690.0,72445.0,72560.0,591
2026-04-09 19:30:00+02:00,72520.0,72730.0,72310.0,72700.0,747
2026-04-09 19:40:00+02:00,72665.0,72735.0,72565.0,72610.0,579
2026-04-09 19:50:00+02:00,72595.0,72625.0,72475.0,72540.0,151
2026-04-09 20:00:00+02:00,72560.0,72580.0,72095.0,72220.0,718
2026-04-09 20:10:00+02:00,72260.0,72260.0,72050.0,72140.0,380
2026-04-09 20:20:00+02:00,72095.0,72130.0,71975.0,72085.0,604
2026-04-09 20:30:00+02:00,72080.0,72150.0,71915.0,72100.0,323
2026-04-09 20:40:00+02:00,72115.0,72145.0,71925.0,72075.0,273
2026-04-09 20:50:00+02:00,72080.0,72105.0,72020.0,72060.0,404
2026-04-09 21:00:00+02:00,72055.0,72275.0,71995.0,72235.0,830
2026-04-09 21:10:00+02:00,72230.0,72315.0,72105.0,72120.0,543
2026-04-09 21:20:00+02:00,72110.0,72135.0,71925.0,71990.0,279
2026-04-09 21:30:00+02:00,71990.0,72150.0,71990.0,72140.0,340
2026-04-09 21:40:00+02:00,72160.0,72445.0,72115.0,72420.0,1026
2026-04-09 21:50:00+02:00,72440.0,72475.0,72200.0,72290.0,1435
2026-04-09 22:00:00+02:00,72300.0,72390.0,72195.0,72240.0,847
2026-04-09 22:10:00+02:00,72240.0,72490.0,72230.0,72475.0,351
2026-04-09 22:30:00+02:00,72485.0,72635.0,72450.0,72615.0,267
2026-04-09 22:40:00+02:00,72590.0,72680.0,72540.0,72550.0,260
2026-04-09 22:50:00+02:00,72555.0,72630.0,72515.0,72600.0,281
2026-04-10 00:00:00+02:00,72505.0,72625.0,72430.0,72625.0,500
2026-04-10 00:10:00+02:00,72590.0,73390.0,72585.0,73015.0,2113
2026-04-10 00:20:00+02:00,73010.0,73020.0,72785.0,72840.0,759
2026-04-10 00:30:00+02:00,72815.0,72815.0,72530.0,72545.0,628
2026-04-10 00:40:00+02:00,72560.0,72640.0,72415.0,72620.0,430
2026-04-10 00:50:00+02:00,72600.0,72610.0,72120.0,72120.0,1094
2026-04-10 01:00:00+02:00,72120.0,72220.0,72020.0,72125.0,674
2026-04-10 01:10:00+02:00,72115.0,72160.0,71755.0,72010.0,777
2026-04-10 01:20:00+02:00,72030.0,72095.0,71930.0,71975.0,186
2026-04-10 01:30:00+02:00,71935.0,72030.0,71785.0,72030.0,438
2026-04-10 01:40:00+02:00,72000.0,72045.0,71890.0,71985.0,196
2026-04-10 01:50:00+02:00,71960.0,72025.0,71905.0,71990.0,169
2026-04-10 02:00:00+02:00,71985.0,72055.0,71910.0,72015.0,301
2026-04-10 02:10:00+02:00,71990.0,72070.0,71780.0,71785.0,268
2026-04-10 02:30:00+02:00,72010.0,72155.0,71970.0,72035.0,244
2026-04-10 02:40:00+02:00,72040.0,72165.0,72035.0,72120.0,200
2026-04-10 02:50:00+02:00,72120.0,72210.0,72025.0,72145.0,323
2026-04-10 03:00:00+02:00,72115.0,72145.0,71995.0,72145.0,229
2026-04-10 03:10:00+02:00,72150.0,72280.0,72110.0,72160.0,190
2026-04-10 03:20:00+02:00,72125.0,72125.0,71850.0,72065.0,376
2026-04-10 03:30:00+02:00,72055.0,72585.0,72055.0,72515.0,872
2026-04-10 03:40:00+02:00,72490.0,72600.0,72410.0,72440.0,300
2026-04-10 03:50:00+02:00,72475.0,72520.0,72340.0,72375.0,188
2026-04-10 04:10:00+02:00,72435.0,72490.0,72380.0,72400.0,110
2026-04-10 04:30:00+02:00,72385.0,72430.0,72320.0,72350.0,162
2026-04-10 04:50:00+02:00,72185.0,72210.0,72095.0,72155.0,200
2026-04-10 05:00:00+02:00,72140.0,72215.0,72075.0,72125.0,159
2026-04-10 05:10:00+02:00,72120.0,72135.0,72025.0,72115.0,136
2026-04-10 05:30:00+02:00,72015.0,72160.0,72015.0,72110.0,152
2026-04-10 06:50:00+02:00,72130.0,72430.0,72085.0,72305.0,291
2026-04-10 08:00:00+02:00,72345.0,72395.0,72300.0,72300.0,63
2026-04-10 08:10:00+02:00,72285.0,72315.0,72150.0,72180.0,165
2026-04-10 08:30:00+02:00,72145.0,72190.0,72040.0,72190.0,147
2026-04-10 08:40:00+02:00,72170.0,72170.0,72055.0,72055.0,58
2026-04-10 09:00:00+02:00,71965.0,72010.0,71880.0,71890.0,345
2026-04-10 09:10:00+02:00,71895.0,71930.0,71850.0,71895.0,97
2026-04-10 09:30:00+02:00,71880.0,71945.0,71850.0,71855.0,113
2026-04-10 09:40:00+02:00,71860.0,71880.0,71770.0,71790.0,130
2026-04-10 09:50:00+02:00,71785.0,71790.0,71570.0,71630.0,800
2026-04-10 10:00:00+02:00,71640.0,71785.0,71575.0,71780.0,407
2026-04-10 10:10:00+02:00,71765.0,71830.0,71690.0,71820.0,620
2026-04-10 10:20:00+02:00,71855.0,71885.0,71800.0,71825.0,230
2026-04-10 10:30:00+02:00,71825.0,71925.0,71810.0,71925.0,77
2026-04-10 10:40:00+02:00,71905.0,71935.0,71690.0,71710.0,265
2026-04-10 10:50:00+02:00,71720.0,71785.0,71645.0,71775.0,307
2026-04-10 11:00:00+02:00,71770.0,71870.0,71755.0,71840.0,147
2026-04-10 11:10:00+02:00,71825.0,72045.0,71810.0,72005.0,362
2026-04-10 11:30:00+02:00,71940.0,72050.0,71915.0,72020.0,77
2026-04-10 12:50:00+02:00,72015.0,72110.0,72000.0,72075.0,282
2026-04-10 13:00:00+02:00,72085.0,72295.0,72080.0,72290.0,367
2026-04-10 13:10:00+02:00,72300.0,72395.0,72260.0,72350.0,237
2026-04-10 13:20:00+02:00,72385.0,72405.0,72340.0,72405.0,171
2026-04-10 13:30:00+02:00,72405.0,72475.0,72335.0,72435.0,250
2026-04-10 13:40:00+02:00,72450.0,72460.0,72310.0,72425.0,345
2026-04-10 13:50:00+02:00,72435.0,72440.0,72290.0,72320.0,117
2026-04-10 14:00:00+02:00,72335.0,72405.0,72285.0,72360.0,287
2026-04-10 14:10:00+02:00,72330.0,72385.0,72265.0,72375.0,115
2026-04-10 14:20:00+02:00,72380.0,72510.0,72195.0,72410.0,705
2026-04-10 14:30:00+02:00,72390.0,72740.0,72265.0,72480.0,1392
2026-04-10 14:40:00+02:00,72490.0,72600.0,72475.0,72600.0,181
2026-04-10 14:50:00+02:00,72600.0,72600.0,72380.0,72435.0,137
2026-04-10 15:00:00+02:00,72430.0,72450.0,72360.0,72415.0,180
2026-04-10 15:10:00+02:00,72390.0,72465.0,72335.0,72410.0,254
2026-04-10 15:30:00+02:00,72495.0,72610.0,72065.0,72115.0,949
2026-04-10 15:40:00+02:00,72085.0,72495.0,72055.0,72455.0,731
2026-04-10 15:50:00+02:00,72455.0,72585.0,72280.0,72520.0,453
2026-04-10 16:00:00+02:00,72510.0,72770.0,72465.0,72635.0,988
2026-04-10 16:10:00+02:00,72640.0,73045.0,72600.0,72975.0,1341
2026-04-10 16:20:00+02:00,73000.0,73320.0,73000.0,73200.0,1806
2026-04-10 16:30:00+02:00,73245.0,73420.0,73240.0,73305.0,1066
2026-04-10 16:40:00+02:00,73310.0,73330.0,72935.0,72955.0,1267
2026-04-10 16:50:00+02:00,72975.0,73195.0,72965.0,73150.0,535
2026-04-10 17:00:00+02:00,73205.0,73360.0,73080.0,73335.0,338
2026-04-10 17:10:00+02:00,73325.0,73375.0,73170.0,73270.0,225
2026-04-10 17:20:00+02:00,73255.0,73550.0,73000.0,73010.0,984
2026-04-10 17:30:00+02:00,73055.0,73085.0,72885.0,72945.0,718
2026-04-10 17:40:00+02:00,72920.0,72990.0,72730.0,72770.0,835
2026-04-10 17:50:00+02:00,72765.0,72815.0,72545.0,72635.0,1074
2026-04-10 18:00:00+02:00,72665.0,72785.0,72580.0,72750.0,488
2026-04-10 18:10:00+02:00,72770.0,73025.0,72760.0,72940.0,697
2026-04-10 18:20:00+02:00,72930.0,72975.0,72775.0,72975.0,507
2026-04-10 18:30:00+02:00,72980.0,73000.0,72795.0,72920.0,299
2026-04-10 18:40:00+02:00,72900.0,72995.0,72835.0,72990.0,144
2026-04-10 18:50:00+02:00,73020.0,73260.0,73020.0,73185.0,405
2026-04-10 19:00:00+02:00,73190.0,73190.0,73045.0,73110.0,329
2026-04-10 19:10:00+02:00,73075.0,73135.0,73020.0,73105.0,203
2026-04-10 19:20:00+02:00,73130.0,73260.0,73065.0,73195.0,289
2026-04-10 19:30:00+02:00,73160.0,73180.0,73000.0,73120.0,203
2026-04-10 19:40:00+02:00,73095.0,73230.0,73020.0,73200.0,129
2026-04-10 19:50:00+02:00,73200.0,73365.0,73200.0,73365.0,333
2026-04-10 20:00:00+02:00,73350.0,73370.0,73090.0,73230.0,367
2026-04-10 20:10:00+02:00,73200.0,73380.0,73180.0,73215.0,288
2026-04-10 20:20:00+02:00,73215.0,73275.0,73120.0,73190.0,227
2026-04-10 20:40:00+02:00,73185.0,73215.0,73130.0,73215.0,255
2026-04-10 20:50:00+02:00,73200.0,73355.0,73190.0,73355.0,158
2026-04-10 21:00:00+02:00,73345.0,73425.0,73295.0,73305.0,355
2026-04-10 21:10:00+02:00,73310.0,73495.0,73310.0,73390.0,413
2026-04-10 21:30:00+02:00,73230.0,73255.0,73135.0,73185.0,231
2026-04-10 21:40:00+02:00,73200.0,73250.0,73125.0,73250.0,408
2026-04-10 21:50:00+02:00,73245.0,73510.0,73230.0,73480.0,1299
2026-04-10 22:00:00+02:00,73470.0,73530.0,73400.0,73505.0,927
2026-04-10 22:10:00+02:00,73505.0,73545.0,73425.0,73505.0,377
2026-04-10 22:20:00+02:00,73520.0,73525.0,73390.0,73505.0,358
2026-04-10 22:30:00+02:00,73510.0,73725.0,73290.0,73320.0,1359
2026-04-10 22:40:00+02:00,73330.0,73540.0,73330.0,73510.0,358
2026-04-10 22:50:00+02:00,73500.0,73700.0,73490.0,73615.0,442
2026-04-13 00:00:00+02:00,71620.0,71620.0,70725.0,71055.0,4702
2026-04-13 00:10:00+02:00,71035.0,71065.0,70770.0,70805.0,1184
2026-04-13 00:20:00+02:00,70840.0,70980.0,70585.0,70745.0,608
2026-04-13 00:30:00+02:00,70760.0,71080.0,70620.0,70990.0,434
2026-04-13 00:40:00+02:00,70990.0,71055.0,70885.0,70885.0,181
2026-04-13 00:50:00+02:00,70895.0,71065.0,70885.0,71015.0,99
2026-04-13 01:00:00+02:00,71015.0,71025.0,70820.0,70875.0,535
2026-04-13 01:10:00+02:00,70880.0,70920.0,70680.0,70790.0,425
2026-04-13 01:20:00+02:00,70770.0,70865.0,70690.0,70820.0,224
2026-04-13 01:30:00+02:00,70800.0,70800.0,70645.0,70735.0,383
2026-04-13 01:40:00+02:00,70725.0,70840.0,70660.0,70680.0,204
2026-04-13 01:50:00+02:00,70690.0,70900.0,70690.0,70840.0,423
2026-04-13 02:00:00+02:00,70840.0,71025.0,70690.0,71010.0,717
2026-04-13 02:10:00+02:00,71015.0,71070.0,70935.0,70965.0,492
2026-04-13 02:20:00+02:00,70970.0,71220.0,70965.0,71115.0,294
2026-04-13 02:30:00+02:00,71090.0,71250.0,71075.0,71180.0,647
2026-04-13 02:40:00+02:00,71175.0,71290.0,71130.0,71280.0,269
2026-04-13 02:50:00+02:00,71280.0,71400.0,71240.0,71335.0,454
2026-04-13 03:00:00+02:00,71320.0,71375.0,71240.0,71270.0,321
2026-04-13 03:10:00+02:00,71275.0,71390.0,71210.0,71265.0,234
2026-04-13 03:20:00+02:00,71270.0,71335.0,71195.0,71260.0,361
2026-04-13 03:30:00+02:00,71255.0,71365.0,71165.0,71295.0,191
2026-04-13 03:40:00+02:00,71275.0,71330.0,71220.0,71290.0,107
2026-04-13 03:50:00+02:00,71295.0,71400.0,71280.0,71355.0,142
2026-04-13 04:00:00+02:00,71370.0,71425.0,71265.0,71265.0,108
2026-04-13 04:20:00+02:00,71185.0,71420.0,71185.0,71340.0,135
2026-04-13 04:30:00+02:00,71420.0,71430.0,71160.0,71195.0,247
2026-04-13 04:40:00+02:00,71170.0,71220.0,71150.0,71205.0,171
2026-04-13 05:30:00+02:00,71150.0,71200.0,71045.0,71075.0,203
2026-04-13 06:00:00+02:00,71130.0,71150.0,71050.0,71095.0,94
2026-04-13 06:10:00+02:00,71055.0,71110.0,71035.0,71110.0,87
2026-04-13 06:20:00+02:00,71125.0,71190.0,71085.0,71170.0,164
2026-04-13 06:50:00+02:00,71105.0,71115.0,70965.0,71025.0,296
2026-04-13 07:00:00+02:00,71045.0,71070.0,70955.0,70960.0,189
2026-04-13 07:10:00+02:00,70955.0,71020.0,70930.0,70970.0,92
2026-04-13 07:40:00+02:00,70870.0,71055.0,70870.0,70990.0,532
2026-04-13 07:50:00+02:00,70980.0,71060.0,70980.0,71005.0,104
2026-04-13 08:00:00+02:00,71035.0,71155.0,71025.0,71135.0,110
2026-04-13 09:00:00+02:00,71175.0,71225.0,71055.0,71060.0,204
2026-04-13 09:10:00+02:00,71070.0,71095.0,70975.0,70980.0,144
2026-04-13 09:20:00+02:00,70965.0,70965.0,70775.0,70830.0,571
2026-04-13 09:30:00+02:00,70840.0,70930.0,70795.0,70905.0,241
2026-04-13 09:40:00+02:00,70900.0,70950.0,70855.0,70915.0,324
2026-04-13 09:50:00+02:00,70905.0,70960.0,70885.0,70945.0,78
2026-04-13 10:00:00+02:00,70940.0,71025.0,70865.0,70890.0,388
2026-04-13 10:10:00+02:00,70880.0,70930.0,70795.0,70825.0,206
2026-04-13 10:20:00+02:00,70830.0,70980.0,70820.0,70890.0,331
2026-04-13 10:30:00+02:00,70900.0,70900.0,70810.0,70815.0,307
2026-04-13 10:40:00+02:00,70795.0,70820.0,70685.0,70745.0,630
2026-04-13 10:50:00+02:00,70740.0,70825.0,70705.0,70825.0,127
2026-04-13 11:00:00+02:00,70830.0,71045.0,70825.0,70845.0,413
2026-04-13 13:00:00+02:00,70910.0,71015.0,70875.0,70970.0,695
2026-04-13 13:20:00+02:00,71010.0,71040.0,70975.0,71005.0,78
2026-04-13 13:30:00+02:00,71015.0,71040.0,70940.0,70990.0,152
2026-04-13 13:40:00+02:00,70980.0,71130.0,70980.0,71060.0,260
2026-04-13 14:00:00+02:00,71075.0,71195.0,70960.0,71135.0,580
2026-04-13 14:10:00+02:00,71120.0,71180.0,71035.0,71050.0,254
2026-04-13 14:20:00+02:00,71050.0,71080.0,70975.0,70995.0,150
2026-04-13 14:30:00+02:00,70990.0,71025.0,70890.0,70905.0,442
2026-04-13 14:40:00+02:00,70900.0,71050.0,70870.0,70995.0,285
2026-04-13 14:50:00+02:00,71015.0,71365.0,71010.0,71220.0,827
2026-04-13 15:00:00+02:00,71225.0,71325.0,71215.0,71220.0,649
2026-04-13 15:10:00+02:00,71250.0,71370.0,71250.0,71335.0,299
2026-04-13 15:20:00+02:00,71320.0,71415.0,71275.0,71320.0,427
2026-04-13 15:30:00+02:00,71315.0,71355.0,70930.0,70950.0,2178
2026-04-13 15:40:00+02:00,70945.0,71750.0,70925.0,71715.0,2798
2026-04-13 15:50:00+02:00,71750.0,71830.0,71435.0,71825.0,3619
2026-04-13 16:00:00+02:00,71830.0,71915.0,71605.0,71625.0,939
2026-04-13 16:10:00+02:00,71620.0,71905.0,71590.0,71660.0,977
2026-04-13 16:20:00+02:00,71690.0,71875.0,71530.0,71805.0,928
2026-04-13 16:30:00+02:00,71825.0,72000.0,71775.0,71975.0,933
2026-04-13 16:40:00+02:00,71980.0,72385.0,71910.0,72145.0,1183
2026-04-13 16:50:00+02:00,72140.0,72605.0,72045.0,72595.0,811
2026-04-13 17:00:00+02:00,72590.0,72650.0,72095.0,72175.0,1400
2026-04-13 17:10:00+02:00,72165.0,72200.0,72030.0,72050.0,288
2026-04-13 17:20:00+02:00,72065.0,72195.0,72030.0,72130.0,349
2026-04-13 17:30:00+02:00,72135.0,72135.0,71795.0,71875.0,1260
2026-04-13 17:40:00+02:00,71895.0,72090.0,71875.0,71975.0,628
2026-04-13 17:50:00+02:00,71990.0,72035.0,71880.0,72025.0,322
2026-04-13 18:00:00+02:00,72020.0,72150.0,71820.0,72120.0,784
2026-04-13 18:10:00+02:00,72155.0,72300.0,72085.0,72260.0,234
2026-04-13 18:20:00+02:00,72270.0,72445.0,72205.0,72425.0,581
2026-04-13 18:30:00+02:00,72430.0,72545.0,72350.0,72465.0,1189
2026-04-13 18:40:00+02:00,72465.0,72640.0,72375.0,72505.0,816
2026-04-13 18:50:00+02:00,72520.0,72630.0,72245.0,72410.0,837
2026-04-13 19:00:00+02:00,72405.0,72465.0,72325.0,72465.0,222
2026-04-13 19:10:00+02:00,72475.0,72610.0,72460.0,72575.0,532
2026-04-13 19:20:00+02:00,72560.0,72640.0,72465.0,72640.0,138
2026-04-13 19:30:00+02:00,72660.0,72780.0,72555.0,72645.0,534
2026-04-13 19:40:00+02:00,72635.0,72685.0,72585.0,72600.0,232
2026-04-13 19:50:00+02:00,72610.0,72610.0,72255.0,72340.0,989
2026-04-13 20:00:00+02:00,72300.0,72405.0,72280.0,72380.0,390
2026-04-13 20:10:00+02:00,72380.0,72400.0,72325.0,72395.0,103
2026-04-13 20:20:00+02:00,72385.0,72475.0,72215.0,72335.0,339
2026-04-13 20:30:00+02:00,72345.0,72535.0,72340.0,72475.0,155
2026-04-13 20:40:00+02:00,72475.0,72605.0,72460.0,72500.0,287
2026-04-13 20:50:00+02:00,72490.0,72645.0,72490.0,72600.0,200
2026-04-13 21:10:00+02:00,72500.0,72750.0,72460.0,72715.0,524
2026-04-13 21:20:00+02:00,72710.0,73065.0,72685.0,73015.0,1457
2026-04-13 21:30:00+02:00,73015.0,73370.0,73000.0,73310.0,1891
2026-04-13 21:40:00+02:00,73310.0,73485.0,73140.0,73420.0,592
2026-04-13 21:50:00+02:00,73440.0,73655.0,73435.0,73500.0,1743
2026-04-13 22:00:00+02:00,73490.0,73560.0,73370.0,73470.0,786
2026-04-13 22:10:00+02:00,73480.0,73480.0,73240.0,73265.0,852
2026-04-13 22:20:00+02:00,73260.0,73325.0,73205.0,73315.0,412
2026-04-13 22:30:00+02:00,73310.0,73465.0,73265.0,73380.0,472
2026-04-13 22:40:00+02:00,73345.0,73465.0,73345.0,73390.0,303
2026-04-13 22:50:00+02:00,73400.0,73405.0,73280.0,73350.0,344
2026-04-14 00:00:00+02:00,73400.0,73785.0,73320.0,73585.0,749
2026-04-14 00:10:00+02:00,73545.0,74650.0,73495.0,74370.0,3305
2026-04-14 00:20:00+02:00,74370.0,74560.0,74205.0,74310.0,874
2026-04-14 00:30:00+02:00,74370.0,74530.0,74245.0,74285.0,769
2026-04-14 00:40:00+02:00,74300.0,74660.0,74290.0,74525.0,620
2026-04-14 00:50:00+02:00,74500.0,74920.0,74470.0,74815.0,1334
2026-04-14 01:00:00+02:00,74840.0,74990.0,74630.0,74960.0,635
2026-04-14 01:10:00+02:00,74985.0,75125.0,74700.0,74825.0,1335
2026-04-14 01:20:00+02:00,74825.0,75015.0,74770.0,74920.0,1075
2026-04-14 01:30:00+02:00,74960.0,75100.0,74825.0,74900.0,787
2026-04-14 01:40:00+02:00,74895.0,74915.0,74680.0,74700.0,450
2026-04-14 01:50:00+02:00,74705.0,74805.0,74625.0,74625.0,386
2026-04-14 02:00:00+02:00,74630.0,74745.0,74515.0,74520.0,483
2026-04-14 02:10:00+02:00,74515.0,74700.0,74450.0,74615.0,348
2026-04-14 02:20:00+02:00,74605.0,74625.0,74415.0,74450.0,260
2026-04-14 02:30:00+02:00,74480.0,74675.0,74370.0,74605.0,460
2026-04-14 02:40:00+02:00,74595.0,74660.0,74470.0,74475.0,199
2026-04-14 02:50:00+02:00,74510.0,74510.0,74310.0,74380.0,372
2026-04-14 03:00:00+02:00,74375.0,74475.0,74165.0,74460.0,540
2026-04-14 03:10:00+02:00,74460.0,74510.0,74385.0,74510.0,250
2026-04-14 03:20:00+02:00,74490.0,74615.0,74460.0,74500.0,590
2026-04-14 03:30:00+02:00,74515.0,74535.0,74435.0,74470.0,209
2026-04-14 03:40:00+02:00,74490.0,74605.0,74455.0,74570.0,195
2026-04-14 03:50:00+02:00,74560.0,74660.0,74550.0,74595.0,114
2026-04-14 04:00:00+02:00,74615.0,74690.0,74580.0,74675.0,138
2026-04-14 04:10:00+02:00,74650.0,74780.0,74610.0,74745.0,331
2026-04-14 04:20:00+02:00,74740.0,74770.0,74610.0,74610.0,139
2026-04-14 04:30:00+02:00,74620.0,74620.0,74480.0,74600.0,262
2026-04-14 05:10:00+02:00,74600.0,74620.0,74485.0,74560.0,120
2026-04-14 05:50:00+02:00,74685.0,74715.0,74630.0,74690.0,187
2026-04-14 06:00:00+02:00,74675.0,74750.0,74605.0,74710.0,81
2026-04-14 06:10:00+02:00,74680.0,74720.0,74645.0,74705.0,156
2026-04-14 07:00:00+02:00,74590.0,74595.0,74535.0,74555.0,150
2026-04-14 07:40:00+02:00,74540.0,74555.0,74505.0,74510.0,233
2026-04-14 08:00:00+02:00,74440.0,74585.0,74440.0,74560.0,179
2026-04-14 08:10:00+02:00,74570.0,74645.0,74545.0,74640.0,99
2026-04-14 08:30:00+02:00,74600.0,74690.0,74580.0,74665.0,228
2026-04-14 08:50:00+02:00,74690.0,74800.0,74675.0,74770.0,259
2026-04-14 09:00:00+02:00,74770.0,75190.0,74680.0,75130.0,822
2026-04-14 09:10:00+02:00,75135.0,75140.0,74905.0,74905.0,487
2026-04-14 09:20:00+02:00,74895.0,74990.0,74860.0,74945.0,137
2026-04-14 09:30:00+02:00,74910.0,74930.0,74735.0,74815.0,183
2026-04-14 09:40:00+02:00,74815.0,74825.0,74700.0,74710.0,72
2026-04-14 09:50:00+02:00,74700.0,74805.0,74695.0,74735.0,161
2026-04-14 10:00:00+02:00,74775.0,74815.0,74675.0,74785.0,150
2026-04-14 10:10:00+02:00,74735.0,74830.0,74725.0,74765.0,92
2026-04-14 10:20:00+02:00,74755.0,74845.0,74715.0,74840.0,218
2026-04-14 10:30:00+02:00,74870.0,75165.0,74870.0,75035.0,740
2026-04-14 10:40:00+02:00,75015.0,75015.0,74825.0,74965.0,326
2026-04-14 11:00:00+02:00,74990.0,75035.0,74895.0,74985.0,248
2026-04-14 11:10:00+02:00,74980.0,75080.0,74945.0,74990.0,293
2026-04-14 11:20:00+02:00,74985.0,74990.0,74840.0,74890.0,97
2026-04-14 11:30:00+02:00,74895.0,74910.0,74820.0,74885.0,187
2026-04-14 11:40:00+02:00,74895.0,74910.0,74640.0,74650.0,313
2026-04-14 11:50:00+02:00,74660.0,74740.0,74645.0,74710.0,121
2026-04-14 12:00:00+02:00,74705.0,74770.0,74655.0,74715.0,112
2026-04-14 12:10:00+02:00,74730.0,74760.0,74700.0,74735.0,92
2026-04-14 12:30:00+02:00,74780.0,74815.0,74590.0,74600.0,286
2026-04-14 12:50:00+02:00,74600.0,74660.0,74565.0,74575.0,154
2026-04-14 13:30:00+02:00,74540.0,74615.0,74525.0,74595.0,132
2026-04-14 13:40:00+02:00,74590.0,74675.0,74505.0,74640.0,220
2026-04-14 13:50:00+02:00,74650.0,74695.0,74525.0,74580.0,510
2026-04-14 14:00:00+02:00,74565.0,74650.0,74480.0,74605.0,452
2026-04-14 14:10:00+02:00,74610.0,74615.0,74465.0,74565.0,708
2026-04-14 14:20:00+02:00,74545.0,74560.0,74440.0,74480.0,806
2026-04-14 14:30:00+02:00,74500.0,74630.0,74470.0,74525.0,372
2026-04-14 14:50:00+02:00,74580.0,74690.0,74515.0,74635.0,273
2026-04-14 15:00:00+02:00,74655.0,74805.0,74610.0,74770.0,382
2026-04-14 15:10:00+02:00,74770.0,74870.0,74710.0,74825.0,206
2026-04-14 15:20:00+02:00,74835.0,74935.0,74680.0,74710.0,469
2026-04-14 15:30:00+02:00,74685.0,75150.0,74685.0,75070.0,2166
2026-04-14 15:40:00+02:00,75075.0,75660.0,75065.0,75400.0,3975
2026-04-14 15:50:00+02:00,75400.0,75800.0,75370.0,75795.0,1999
2026-04-14 16:00:00+02:00,75795.0,75890.0,75575.0,75820.0,1765
2026-04-14 16:10:00+02:00,75830.0,75975.0,75710.0,75830.0,1137
2026-04-14 16:20:00+02:00,75845.0,76145.0,75840.0,76105.0,1412
2026-04-14 16:30:00+02:00,76130.0,76325.0,75530.0,75680.0,3936
2026-04-14 16:40:00+02:00,75670.0,75770.0,75405.0,75420.0,1924
2026-04-14 16:50:00+02:00,75410.0,75520.0,75225.0,75235.0,1625
2026-04-14 17:00:00+02:00,75240.0,75340.0,74770.0,74895.0,2019
2026-04-14 17:10:00+02:00,74900.0,75080.0,74815.0,74975.0,1682
2026-04-14 17:20:00+02:00,74995.0,75140.0,74960.0,74985.0,1227
2026-04-14 17:30:00+02:00,74990.0,75455.0,74975.0,75360.0,1200
2026-04-14 17:40:00+02:00,75375.0,75525.0,75365.0,75450.0,501
2026-04-14 17:50:00+02:00,75440.0,75640.0,75440.0,75520.0,448
2026-04-14 18:00:00+02:00,75520.0,75890.0,75510.0,75860.0,711
2026-04-14 18:10:00+02:00,75850.0,75865.0,75490.0,75540.0,594
2026-04-14 18:20:00+02:00,75550.0,75575.0,75390.0,75450.0,458
2026-04-14 18:30:00+02:00,75445.0,75485.0,75270.0,75425.0,617
2026-04-14 18:40:00+02:00,75430.0,75470.0,75280.0,75280.0,490
2026-04-14 18:50:00+02:00,75270.0,75285.0,74710.0,74815.0,1791
2026-04-14 19:00:00+02:00,74810.0,74935.0,74745.0,74920.0,918
2026-04-14 19:10:00+02:00,74920.0,75065.0,74885.0,75030.0,342
2026-04-14 19:20:00+02:00,75040.0,75120.0,74800.0,74800.0,581
2026-04-14 19:30:00+02:00,74780.0,74840.0,74395.0,74540.0,1288
2026-04-14 19:40:00+02:00,74565.0,74840.0,74540.0,74820.0,538
2026-04-14 19:50:00+02:00,74805.0,74935.0,74775.0,74910.0,460
2026-04-14 20:00:00+02:00,74925.0,74970.0,74895.0,74940.0,261
2026-04-14 20:10:00+02:00,74960.0,74970.0,74755.0,74875.0,328
2026-04-14 20:20:00+02:00,74880.0,74905.0,74595.0,74700.0,640
2026-04-14 20:30:00+02:00,74680.0,74725.0,74315.0,74350.0,539
2026-04-14 20:40:00+02:00,74370.0,74515.0,74020.0,74030.0,1016
2026-04-14 20:50:00+02:00,74030.0,74295.0,73980.0,74260.0,973
2026-04-14 21:00:00+02:00,74255.0,74505.0,74225.0,74495.0,546
2026-04-14 21:10:00+02:00,74495.0,74565.0,74430.0,74490.0,260
2026-04-14 21:20:00+02:00,74505.0,74530.0,74050.0,74335.0,521
2026-04-14 21:30:00+02:00,74335.0,74440.0,74200.0,74350.0,535
2026-04-14 21:40:00+02:00,74350.0,74425.0,74255.0,74320.0,361
2026-04-14 21:50:00+02:00,74310.0,74445.0,74280.0,74400.0,870
2026-04-14 22:00:00+02:00,74400.0,74585.0,74385.0,74570.0,756
2026-04-14 22:10:00+02:00,74560.0,74620.0,74460.0,74470.0,367
2026-04-14 22:20:00+02:00,74490.0,74490.0,74305.0,74360.0,218
2026-04-14 22:30:00+02:00,74405.0,74470.0,74305.0,74340.0,496
2026-04-14 22:40:00+02:00,74355.0,74480.0,74335.0,74420.0,265
2026-04-14 22:50:00+02:00,74405.0,74425.0,74170.0,74280.0,754
2026-04-15 00:00:00+02:00,74430.0,74495.0,74280.0,74445.0,707
2026-04-15 00:10:00+02:00,74450.0,74545.0,74225.0,74265.0,556
2026-04-15 00:20:00+02:00,74265.0,74265.0,74060.0,74060.0,481
2026-04-15 00:30:00+02:00,74035.0,74240.0,73930.0,74125.0,311
2026-04-15 00:40:00+02:00,74105.0,74225.0,74085.0,74170.0,194
2026-04-15 00:50:00+02:00,74150.0,74285.0,74150.0,74165.0,184
2026-04-15 01:00:00+02:00,74155.0,74335.0,74135.0,74235.0,239
2026-04-15 01:10:00+02:00,74220.0,74385.0,74195.0,74325.0,242
2026-04-15 01:20:00+02:00,74300.0,74315.0,74215.0,74245.0,54
2026-04-15 01:30:00+02:00,74280.0,74365.0,74180.0,74330.0,326
2026-04-15 01:40:00+02:00,74350.0,74400.0,74285.0,74375.0,247
2026-04-15 01:50:00+02:00,74385.0,74385.0,74190.0,74300.0,246
2026-04-15 02:00:00+02:00,74275.0,74855.0,74255.0,74790.0,1311
2026-04-15 02:10:00+02:00,74790.0,74790.0,74550.0,74575.0,472
2026-04-15 02:20:00+02:00,74595.0,74840.0,74590.0,74750.0,373
2026-04-15 02:30:00+02:00,74755.0,74765.0,74580.0,74680.0,199
2026-04-15 02:40:00+02:00,74670.0,74770.0,74560.0,74590.0,413
2026-04-15 02:50:00+02:00,74640.0,74740.0,74565.0,74705.0,161
2026-04-15 03:00:00+02:00,74705.0,74900.0,74645.0,74875.0,224
2026-04-15 03:10:00+02:00,74860.0,74950.0,74800.0,74875.0,409
2026-04-15 03:20:00+02:00,74860.0,74885.0,74750.0,74855.0,289
2026-04-15 03:40:00+02:00,74735.0,74820.0,74725.0,74805.0,138
2026-04-15 04:00:00+02:00,74795.0,74855.0,74700.0,74705.0,81
2026-04-15 04:10:00+02:00,74680.0,74730.0,74665.0,74675.0,67
2026-04-15 04:20:00+02:00,74675.0,74695.0,74460.0,74505.0,267
2026-04-15 04:30:00+02:00,74480.0,74490.0,74335.0,74365.0,636
2026-04-15 04:40:00+02:00,74375.0,74475.0,74345.0,74395.0,558
2026-04-15 04:50:00+02:00,74390.0,74540.0,74385.0,74495.0,358
2026-04-15 05:20:00+02:00,74395.0,74540.0,74360.0,74465.0,79
2026-04-15 05:50:00+02:00,74455.0,74555.0,74435.0,74515.0,105
2026-04-15 07:00:00+02:00,74490.0,74610.0,74345.0,74385.0,228
2026-04-15 07:20:00+02:00,74360.0,74360.0,74125.0,74150.0,307
2026-04-15 07:30:00+02:00,74150.0,74195.0,74040.0,74065.0,305
2026-04-15 07:40:00+02:00,74055.0,74145.0,74020.0,74100.0,594
2026-04-15 07:50:00+02:00,74080.0,74200.0,74055.0,74170.0,160
2026-04-15 08:00:00+02:00,74170.0,74210.0,74075.0,74095.0,129
2026-04-15 08:10:00+02:00,74105.0,74185.0,74100.0,74145.0,171
2026-04-15 08:20:00+02:00,74160.0,74175.0,74040.0,74075.0,128
2026-04-15 08:30:00+02:00,74080.0,74145.0,74035.0,74115.0,125
2026-04-15 08:40:00+02:00,74115.0,74165.0,74105.0,74115.0,136
2026-04-15 09:10:00+02:00,74005.0,74150.0,73550.0,73790.0,1452
2026-04-15 09:20:00+02:00,73770.0,73890.0,73735.0,73855.0,340
2026-04-15 09:30:00+02:00,73855.0,73855.0,73705.0,73790.0,190
2026-04-15 09:40:00+02:00,73790.0,73825.0,73625.0,73800.0,648
2026-04-15 09:50:00+02:00,73820.0,73905.0,73785.0,73835.0,176
2026-04-15 10:00:00+02:00,73845.0,73960.0,73775.0,73880.0,84
2026-04-15 10:10:00+02:00,73855.0,74015.0,73840.0,73985.0,99
2026-04-15 10:20:00+02:00,74010.0,74125.0,74010.0,74120.0,121
2026-04-15 10:30:00+02:00,74110.0,74320.0,74095.0,74265.0,171
2026-04-15 10:40:00+02:00,74230.0,74305.0,74165.0,74215.0,176
2026-04-15 11:00:00+02:00,74250.0,74290.0,74120.0,74120.0,208
2026-04-15 11:40:00+02:00,74030.0,74090.0,74010.0,74060.0,267
2026-04-15 11:50:00+02:00,74060.0,74140.0,74035.0,74125.0,139
2026-04-15 12:00:00+02:00,74115.0,74280.0,74095.0,74275.0,238
2026-04-15 12:10:00+02:00,74250.0,74275.0,74105.0,74110.0,329
2026-04-15 12:30:00+02:00,74005.0,74015.0,73910.0,73960.0,152
2026-04-15 12:40:00+02:00,73965.0,74375.0,73965.0,74215.0,351
2026-04-15 12:50:00+02:00,74230.0,74230.0,73950.0,73955.0,118
2026-04-15 13:00:00+02:00,73985.0,74115.0,73980.0,74115.0,183
2026-04-15 13:30:00+02:00,74075.0,74190.0,74075.0,74140.0,321
2026-04-15 13:40:00+02:00,74135.0,74410.0,74130.0,74250.0,965
2026-04-15 13:50:00+02:00,74235.0,74395.0,74235.0,74360.0,374
2026-04-15 14:00:00+02:00,74355.0,74370.0,74145.0,74275.0,325
2026-04-15 14:10:00+02:00,74295.0,74360.0,74235.0,74340.0,111
2026-04-15 14:20:00+02:00,74340.0,74390.0,74270.0,74290.0,194
2026-04-15 14:30:00+02:00,74310.0,74610.0,74300.0,74585.0,1194
2026-04-15 15:00:00+02:00,74390.0,74480.0,74305.0,74465.0,281
2026-04-15 15:20:00+02:00,74395.0,74565.0,74375.0,74535.0,228
2026-04-15 15:30:00+02:00,74540.0,74565.0,74080.0,74220.0,1564
2026-04-15 15:40:00+02:00,74220.0,74280.0,73945.0,74050.0,1241
2026-04-15 15:50:00+02:00,74050.0,74260.0,73920.0,74175.0,448
2026-04-15 16:00:00+02:00,74190.0,74200.0,73915.0,74055.0,370
2026-04-15 16:10:00+02:00,74045.0,74530.0,74045.0,74285.0,1274
2026-04-15 16:20:00+02:00,74305.0,74665.0,74300.0,74590.0,837
2026-04-15 16:30:00+02:00,74595.0,74630.0,74080.0,74090.0,827
2026-04-15 16:40:00+02:00,74110.0,74260.0,74020.0,74240.0,662
2026-04-15 16:50:00+02:00,74260.0,74380.0,74190.0,74260.0,395
2026-04-15 17:00:00+02:00,74265.0,74360.0,74080.0,74140.0,326
2026-04-15 17:10:00+02:00,74125.0,74430.0,74080.0,74265.0,483
2026-04-15 17:20:00+02:00,74240.0,74285.0,74100.0,74100.0,96
2026-04-15 17:30:00+02:00,74130.0,74130.0,73700.0,73875.0,1689
2026-04-15 17:40:00+02:00,73880.0,74095.0,73835.0,74060.0,618
2026-04-15 17:50:00+02:00,74065.0,74115.0,73845.0,73970.0,271
2026-04-15 18:00:00+02:00,73935.0,74105.0,73880.0,74045.0,327
2026-04-15 18:20:00+02:00,74185.0,74300.0,74165.0,74215.0,308
2026-04-15 18:30:00+02:00,74240.0,74285.0,74105.0,74155.0,130
2026-04-15 18:40:00+02:00,74150.0,74150.0,73955.0,74045.0,377
2026-04-15 18:50:00+02:00,74125.0,74145.0,73905.0,74050.0,219
2026-04-15 19:00:00+02:00,74080.0,74210.0,74030.0,74130.0,99
2026-04-15 19:10:00+02:00,74115.0,74175.0,74090.0,74130.0,77
2026-04-15 19:20:00+02:00,74145.0,74370.0,74070.0,74240.0,179
2026-04-15 19:30:00+02:00,74275.0,74310.0,74180.0,74185.0,144
2026-04-15 19:40:00+02:00,74150.0,74195.0,74040.0,74125.0,196
2026-04-15 19:50:00+02:00,74155.0,74295.0,74150.0,74260.0,157
2026-04-15 20:00:00+02:00,74240.0,74445.0,74200.0,74355.0,767
2026-04-15 20:10:00+02:00,74350.0,74520.0,74340.0,74465.0,184
2026-04-15 20:20:00+02:00,74450.0,74475.0,74315.0,74340.0,276
2026-04-15 20:50:00+02:00,74490.0,74550.0,74470.0,74520.0,333
2026-04-15 21:00:00+02:00,74540.0,74850.0,74500.0,74820.0,1162
2026-04-15 21:10:00+02:00,74825.0,74865.0,74725.0,74825.0,411
2026-04-15 21:20:00+02:00,74790.0,74900.0,74705.0,74885.0,399
2026-04-15 21:30:00+02:00,74885.0,75450.0,74885.0,75310.0,1786
2026-04-15 21:40:00+02:00,75300.0,75315.0,75100.0,75200.0,651
2026-04-15 21:50:00+02:00,75210.0,75305.0,75135.0,75160.0,1199
2026-04-15 22:00:00+02:00,75170.0,75200.0,74855.0,74920.0,531
2026-04-15 22:10:00+02:00,74910.0,74920.0,74665.0,74755.0,427
2026-04-15 22:20:00+02:00,74765.0,74940.0,74685.0,74930.0,491
2026-04-15 22:30:00+02:00,74950.0,75100.0,74845.0,74880.0,390
2026-04-15 22:40:00+02:00,74810.0,74985.0,74790.0,74925.0,334
2026-04-15 22:50:00+02:00,74930.0,75065.0,74880.0,75010.0,506
2026-04-16 00:00:00+02:00,74935.0,75340.0,74845.0,75305.0,850
2026-04-16 00:10:00+02:00,75290.0,75310.0,75055.0,75080.0,196
2026-04-16 00:20:00+02:00,75095.0,75250.0,75095.0,75170.0,402
2026-04-16 00:30:00+02:00,75165.0,75585.0,75085.0,75450.0,945
2026-04-16 00:40:00+02:00,75450.0,75475.0,75160.0,75270.0,438
2026-04-16 00:50:00+02:00,75285.0,75355.0,75030.0,75130.0,371
2026-04-16 01:00:00+02:00,75105.0,75105.0,74845.0,74925.0,445
2026-04-16 01:10:00+02:00,74930.0,74955.0,74770.0,74875.0,282
2026-04-16 01:20:00+02:00,74885.0,74895.0,74785.0,74875.0,307
2026-04-16 01:40:00+02:00,74765.0,74925.0,74725.0,74895.0,163
2026-04-16 02:00:00+02:00,74960.0,74975.0,74740.0,74760.0,184
2026-04-16 02:20:00+02:00,74670.0,74755.0,74570.0,74755.0,335
2026-04-16 02:30:00+02:00,74785.0,75050.0,74775.0,74895.0,302
2026-04-16 02:40:00+02:00,74885.0,75015.0,74825.0,74850.0,377
2026-04-16 03:00:00+02:00,74935.0,74935.0,74590.0,74740.0,277
2026-04-16 03:10:00+02:00,74745.0,74800.0,74650.0,74785.0,123
2026-04-16 04:00:00+02:00,74795.0,74900.0,74750.0,74750.0,99
2026-04-16 04:20:00+02:00,74805.0,75080.0,74805.0,75070.0,608
2026-04-16 04:30:00+02:00,75080.0,75255.0,75080.0,75205.0,335
2026-04-16 04:40:00+02:00,75225.0,75460.0,75080.0,75150.0,619
2026-04-16 04:50:00+02:00,75150.0,75150.0,74950.0,75095.0,414
2026-04-16 05:00:00+02:00,75030.0,75290.0,75030.0,75125.0,153
2026-04-16 05:10:00+02:00,75075.0,75250.0,75065.0,75250.0,133
2026-04-16 05:20:00+02:00,75250.0,75315.0,75145.0,75210.0,184
2026-04-16 06:00:00+02:00,75035.0,75175.0,74985.0,75070.0,121
2026-04-16 06:30:00+02:00,75050.0,75195.0,75015.0,75165.0,89
2026-04-16 06:40:00+02:00,75190.0,75310.0,74880.0,74980.0,583
2026-04-16 07:00:00+02:00,75090.0,75180.0,75055.0,75070.0,83
2026-04-16 07:20:00+02:00,75155.0,75285.0,75155.0,75225.0,91
2026-04-16 07:40:00+02:00,75280.0,75280.0,75170.0,75190.0,111
2026-04-16 07:50:00+02:00,75190.0,75230.0,75160.0,75205.0,209
2026-04-16 08:00:00+02:00,75210.0,75290.0,75160.0,75270.0,153
2026-04-16 08:10:00+02:00,75230.0,75255.0,75170.0,75225.0,79
2026-04-16 08:20:00+02:00,75225.0,75225.0,75135.0,75165.0,136
2026-04-16 08:50:00+02:00,75165.0,75200.0,75110.0,75195.0,66
2026-04-16 09:00:00+02:00,75175.0,75240.0,75090.0,75120.0,131
2026-04-16 09:10:00+02:00,75120.0,75120.0,75035.0,75075.0,144
2026-04-16 09:30:00+02:00,75020.0,75045.0,74970.0,74970.0,68
2026-04-16 09:50:00+02:00,74910.0,74910.0,74775.0,74855.0,274
2026-04-16 10:00:00+02:00,74825.0,74885.0,74655.0,74660.0,339
2026-04-16 10:10:00+02:00,74650.0,74790.0,74640.0,74790.0,450
2026-04-16 10:40:00+02:00,74770.0,74890.0,74675.0,74850.0,110
2026-04-16 11:40:00+02:00,74905.0,74905.0,74705.0,74705.0,220
2026-04-16 11:50:00+02:00,74710.0,74795.0,74710.0,74715.0,116
2026-04-16 12:10:00+02:00,74635.0,74650.0,74440.0,74515.0,200
2026-04-16 12:30:00+02:00,74550.0,74635.0,74525.0,74570.0,89
2026-04-16 12:50:00+02:00,74400.0,74525.0,74390.0,74425.0,197
2026-04-16 13:20:00+02:00,74425.0,74515.0,74410.0,74515.0,67
2026-04-16 13:30:00+02:00,74520.0,74595.0,74455.0,74535.0,473
2026-04-16 13:40:00+02:00,74525.0,74630.0,74505.0,74615.0,164
2026-04-16 13:50:00+02:00,74620.0,74740.0,74600.0,74720.0,309
2026-04-16 14:00:00+02:00,74710.0,74890.0,74710.0,74800.0,445
2026-04-16 14:10:00+02:00,74805.0,75000.0,74805.0,74900.0,391
2026-04-16 14:20:00+02:00,74895.0,74930.0,74800.0,74845.0,286
2026-04-16 14:40:00+02:00,74760.0,74805.0,74720.0,74735.0,237
2026-04-16 14:50:00+02:00,74725.0,74790.0,74695.0,74745.0,167
2026-04-16 15:00:00+02:00,74725.0,74890.0,74725.0,74885.0,160
2026-04-16 15:10:00+02:00,74875.0,75085.0,74855.0,75065.0,341
2026-04-16 15:20:00+02:00,75065.0,75135.0,75000.0,75110.0,375
2026-04-16 15:30:00+02:00,75125.0,75155.0,74705.0,74710.0,893
2026-04-16 15:40:00+02:00,74710.0,74820.0,74515.0,74600.0,1657
2026-04-16 15:50:00+02:00,74580.0,74580.0,73130.0,73870.0,5631
2026-04-16 16:00:00+02:00,73845.0,74045.0,73640.0,74045.0,1644
2026-04-16 16:10:00+02:00,74025.0,74080.0,73570.0,73670.0,1199
2026-04-16 16:20:00+02:00,73675.0,73890.0,73470.0,73870.0,1311
2026-04-16 16:30:00+02:00,73860.0,74075.0,73845.0,73990.0,529
2026-04-16 16:40:00+02:00,73980.0,74215.0,73915.0,74185.0,591
2026-04-16 16:50:00+02:00,74185.0,74305.0,73930.0,74065.0,806
2026-04-16 17:00:00+02:00,74040.0,74425.0,74030.0,74390.0,389
2026-04-16 17:10:00+02:00,74405.0,74560.0,74320.0,74370.0,862
2026-04-16 17:20:00+02:00,74385.0,74555.0,74300.0,74320.0,1076
2026-04-16 17:30:00+02:00,74320.0,75015.0,74305.0,74790.0,1751
2026-04-16 17:40:00+02:00,74780.0,74830.0,74580.0,74630.0,757
2026-04-16 17:50:00+02:00,74625.0,74955.0,74625.0,74865.0,602
2026-04-16 18:00:00+02:00,74865.0,75105.0,74855.0,74905.0,644
2026-04-16 18:10:00+02:00,74920.0,75015.0,74795.0,74965.0,271
2026-04-16 18:20:00+02:00,74970.0,75005.0,74695.0,74705.0,366
2026-04-16 18:30:00+02:00,74720.0,74790.0,74350.0,74550.0,1118
2026-04-16 18:40:00+02:00,74555.0,74580.0,74395.0,74450.0,256
2026-04-16 18:50:00+02:00,74435.0,74545.0,74175.0,74300.0,430
2026-04-16 19:00:00+02:00,74285.0,74305.0,74070.0,74160.0,468
2026-04-16 19:10:00+02:00,74185.0,74265.0,73990.0,74180.0,615
2026-04-16 19:20:00+02:00,74195.0,74380.0,74140.0,74315.0,346
2026-04-16 19:30:00+02:00,74360.0,74430.0,74185.0,74310.0,335
2026-04-16 19:50:00+02:00,74555.0,74560.0,74265.0,74460.0,428
2026-04-16 20:00:00+02:00,74455.0,74630.0,74345.0,74355.0,260
2026-04-16 20:20:00+02:00,74575.0,74590.0,74395.0,74500.0,118
2026-04-16 20:50:00+02:00,74795.0,75235.0,74795.0,75140.0,1068
2026-04-16 21:00:00+02:00,75175.0,75220.0,74970.0,75005.0,784
2026-04-16 21:10:00+02:00,75015.0,75065.0,74860.0,75060.0,422
2026-04-16 21:20:00+02:00,75065.0,75220.0,75020.0,75160.0,789
2026-04-16 21:30:00+02:00,75155.0,75365.0,75115.0,75305.0,459
2026-04-16 21:40:00+02:00,75285.0,75485.0,75275.0,75415.0,1442
2026-04-16 21:50:00+02:00,75420.0,75575.0,75365.0,75475.0,878
2026-04-16 22:00:00+02:00,75480.0,75675.0,75375.0,75425.0,1077
2026-04-16 22:10:00+02:00,75430.0,75610.0,75410.0,75425.0,183
2026-04-16 22:20:00+02:00,75370.0,75375.0,75220.0,75340.0,283
2026-04-16 22:30:00+02:00,75345.0,75345.0,75145.0,75215.0,213
2026-04-16 22:40:00+02:00,75170.0,75335.0,75140.0,75285.0,185
2026-04-16 22:50:00+02:00,75335.0,75430.0,75295.0,75355.0,325
2026-04-17 00:00:00+02:00,75085.0,75260.0,75060.0,75105.0,230
2026-04-17 00:20:00+02:00,74990.0,75110.0,74940.0,75030.0,479
2026-04-17 01:10:00+02:00,75150.0,75180.0,75035.0,75090.0,158
2026-04-17 01:20:00+02:00,75135.0,75270.0,75120.0,75165.0,269
2026-04-17 01:40:00+02:00,75305.0,75305.0,75180.0,75215.0,67
2026-04-17 01:50:00+02:00,75205.0,75335.0,75170.0,75300.0,185
2026-04-17 02:00:00+02:00,75280.0,75315.0,75080.0,75110.0,241
2026-04-17 02:10:00+02:00,75115.0,75180.0,75075.0,75115.0,84
2026-04-17 02:20:00+02:00,75100.0,75135.0,74985.0,75125.0,333
2026-04-17 03:20:00+02:00,75050.0,75050.0,74740.0,74875.0,721
2026-04-17 03:50:00+02:00,74705.0,74955.0,74655.0,74865.0,237
2026-04-17 04:50:00+02:00,74780.0,74855.0,74755.0,74800.0,53
2026-04-17 05:40:00+02:00,74925.0,74970.0,74805.0,74900.0,183
2026-04-17 06:10:00+02:00,74800.0,74935.0,74800.0,74935.0,40
2026-04-17 06:20:00+02:00,74930.0,74940.0,74875.0,74895.0,53
2026-04-17 07:00:00+02:00,74955.0,74975.0,74730.0,74730.0,164
2026-04-17 08:10:00+02:00,74850.0,74965.0,74850.0,74880.0,108
2026-04-17 09:00:00+02:00,75085.0,75250.0,75085.0,75240.0,169
2026-04-17 10:00:00+02:00,75240.0,75305.0,75140.0,75270.0,194
2026-04-17 10:20:00+02:00,75200.0,75305.0,75140.0,75295.0,239
2026-04-17 10:30:00+02:00,75290.0,75555.0,75290.0,75390.0,194
2026-04-17 10:40:00+02:00,75425.0,75865.0,75415.0,75725.0,632
2026-04-17 10:50:00+02:00,75730.0,76040.0,75645.0,75920.0,1588
2026-04-17 11:00:00+02:00,75945.0,75950.0,75770.0,75900.0,761
2026-04-17 11:10:00+02:00,75900.0,76120.0,75860.0,75940.0,582
2026-04-17 11:20:00+02:00,75940.0,76550.0,75915.0,76450.0,1022
2026-04-17 11:30:00+02:00,76455.0,76480.0,75660.0,75790.0,1472
2026-04-17 11:40:00+02:00,75785.0,76015.0,75780.0,75905.0,798
2026-04-17 11:50:00+02:00,75955.0,76070.0,75900.0,75945.0,209
2026-04-17 12:00:00+02:00,75930.0,76040.0,75840.0,75870.0,450
2026-04-17 12:10:00+02:00,75860.0,75865.0,75750.0,75845.0,292
2026-04-17 12:20:00+02:00,75815.0,75895.0,75390.0,75400.0,1035
2026-04-17 12:30:00+02:00,75420.0,75515.0,75240.0,75360.0,906
2026-04-17 12:40:00+02:00,75380.0,75445.0,75230.0,75395.0,224
2026-04-17 13:30:00+02:00,75635.0,75735.0,75635.0,75640.0,203
2026-04-17 13:40:00+02:00,75650.0,75670.0,75520.0,75650.0,180
2026-04-17 13:50:00+02:00,75640.0,75770.0,75640.0,75740.0,91
2026-04-17 14:00:00+02:00,75750.0,75795.0,75685.0,75785.0,151
2026-04-17 14:10:00+02:00,75770.0,75895.0,75735.0,75890.0,196
2026-04-17 14:20:00+02:00,75875.0,76145.0,75745.0,75930.0,1497
2026-04-17 14:30:00+02:00,75935.0,76080.0,75785.0,75795.0,508
2026-04-17 14:40:00+02:00,75815.0,76335.0,75800.0,76330.0,1854
2026-04-17 14:50:00+02:00,76350.0,76465.0,76135.0,76410.0,2260
2026-04-17 15:00:00+02:00,76375.0,76855.0,76230.0,76810.0,2195
2026-04-17 15:10:00+02:00,76815.0,77165.0,76690.0,77025.0,1709
2026-04-17 15:20:00+02:00,77045.0,77225.0,76610.0,76770.0,3731
2026-04-17 15:30:00+02:00,76770.0,76840.0,76320.0,76740.0,3820
2026-04-17 15:40:00+02:00,76740.0,77265.0,76695.0,77250.0,2920
2026-04-17 15:50:00+02:00,77220.0,77630.0,77140.0,77570.0,3657
2026-04-17 16:00:00+02:00,77580.0,77775.0,77360.0,77375.0,1873
2026-04-17 16:10:00+02:00,77370.0,77520.0,77200.0,77495.0,874
2026-04-17 16:20:00+02:00,77520.0,77980.0,77385.0,77640.0,1575
2026-04-17 16:30:00+02:00,77710.0,78110.0,77710.0,78100.0,1423
2026-04-17 16:40:00+02:00,78120.0,78310.0,78015.0,78185.0,1146
2026-04-17 16:50:00+02:00,78175.0,78300.0,77920.0,78110.0,1179
2026-04-17 17:00:00+02:00,78090.0,78160.0,77790.0,78045.0,1331
2026-04-17 17:10:00+02:00,78035.0,78225.0,77990.0,78080.0,638
2026-04-17 17:20:00+02:00,78070.0,78215.0,77875.0,77950.0,1098
2026-04-17 17:30:00+02:00,77960.0,78035.0,77835.0,77895.0,572
2026-04-17 17:40:00+02:00,77875.0,77905.0,77650.0,77695.0,1339
2026-04-17 17:50:00+02:00,77705.0,78095.0,77645.0,77970.0,623
2026-04-17 18:00:00+02:00,77950.0,78235.0,77895.0,78075.0,486
2026-04-17 18:10:00+02:00,78040.0,78255.0,77990.0,78185.0,482
2026-04-17 18:20:00+02:00,78165.0,78540.0,78160.0,78385.0,1346
2026-04-17 18:30:00+02:00,78395.0,78520.0,78235.0,78375.0,494
2026-04-17 18:40:00+02:00,78405.0,78420.0,78125.0,78130.0,490
2026-04-17 18:50:00+02:00,78125.0,78170.0,77945.0,78035.0,598
2026-04-17 19:00:00+02:00,78050.0,78120.0,77695.0,77785.0,663
2026-04-17 19:10:00+02:00,77770.0,77795.0,77520.0,77715.0,1365
2026-04-17 19:20:00+02:00,77695.0,77705.0,77265.0,77390.0,1270
2026-04-17 19:30:00+02:00,77400.0,77715.0,77400.0,77600.0,517
2026-04-17 19:40:00+02:00,77605.0,77835.0,77515.0,77735.0,374
2026-04-17 19:50:00+02:00,77730.0,77775.0,77595.0,77700.0,190
2026-04-17 20:00:00+02:00,77670.0,77725.0,77370.0,77400.0,426
2026-04-17 20:10:00+02:00,77385.0,77480.0,77235.0,77365.0,762
2026-04-17 20:20:00+02:00,77360.0,77535.0,77240.0,77350.0,260
2026-04-17 20:30:00+02:00,77375.0,77505.0,77295.0,77490.0,191
2026-04-17 20:40:00+02:00,77515.0,77560.0,77415.0,77425.0,313
2026-04-17 20:50:00+02:00,77410.0,77445.0,77215.0,77325.0,444
2026-04-17 21:00:00+02:00,77310.0,77420.0,77120.0,77270.0,661
2026-04-17 21:10:00+02:00,77320.0,77525.0,77220.0,77450.0,420
2026-04-17 21:20:00+02:00,77470.0,77530.0,77370.0,77405.0,386
2026-04-17 21:30:00+02:00,77410.0,77550.0,77340.0,77495.0,378
2026-04-17 21:40:00+02:00,77475.0,77550.0,77365.0,77515.0,523
2026-04-17 21:50:00+02:00,77525.0,77640.0,77430.0,77595.0,1253
2026-04-17 22:00:00+02:00,77595.0,77810.0,77520.0,77770.0,980
2026-04-17 22:10:00+02:00,77750.0,77750.0,77580.0,77675.0,315
2026-04-17 22:30:00+02:00,77540.0,77585.0,77325.0,77420.0,402
2026-04-17 22:40:00+02:00,77415.0,77495.0,77355.0,77495.0,221
2026-04-17 22:50:00+02:00,77485.0,77575.0,77465.0,77555.0,506
2026-04-20 00:00:00+02:00,74655.0,74655.0,73810.0,74240.0,4942
2026-04-20 00:10:00+02:00,74265.0,74285.0,73925.0,74135.0,801
2026-04-20 00:20:00+02:00,74140.0,74155.0,73850.0,74050.0,1060
2026-04-20 00:30:00+02:00,74040.0,74310.0,74015.0,74250.0,898
2026-04-20 00:40:00+02:00,74260.0,74300.0,74125.0,74190.0,491
2026-04-20 00:50:00+02:00,74210.0,74350.0,74130.0,74140.0,754
2026-04-20 01:00:00+02:00,74120.0,74155.0,73930.0,74070.0,536
2026-04-20 01:10:00+02:00,74070.0,74155.0,73880.0,74035.0,302
2026-04-20 01:20:00+02:00,74040.0,74045.0,73895.0,73985.0,214
2026-04-20 01:40:00+02:00,73970.0,74030.0,73915.0,74030.0,261
2026-04-20 01:50:00+02:00,74000.0,74085.0,73880.0,73880.0,121
2026-04-20 02:00:00+02:00,73880.0,74300.0,73780.0,74150.0,1111
2026-04-20 02:10:00+02:00,74140.0,74320.0,74140.0,74240.0,453
2026-04-20 02:20:00+02:00,74245.0,74395.0,74205.0,74340.0,1045
2026-04-20 02:30:00+02:00,74320.0,74395.0,74220.0,74240.0,700
2026-04-20 02:40:00+02:00,74275.0,74365.0,74245.0,74350.0,141
2026-04-20 02:50:00+02:00,74400.0,74460.0,74355.0,74385.0,172
2026-04-20 03:00:00+02:00,74355.0,74455.0,74300.0,74400.0,299
2026-04-20 03:20:00+02:00,74360.0,74380.0,74290.0,74380.0,222
2026-04-20 03:30:00+02:00,74420.0,74740.0,74420.0,74720.0,369
2026-04-20 03:40:00+02:00,74750.0,74845.0,74680.0,74845.0,259
2026-04-20 03:50:00+02:00,74815.0,74835.0,74660.0,74705.0,440
2026-04-20 04:00:00+02:00,74710.0,74715.0,74565.0,74650.0,161
2026-04-20 04:10:00+02:00,74635.0,74650.0,74365.0,74460.0,271
2026-04-20 04:20:00+02:00,74460.0,74560.0,74420.0,74525.0,396
2026-04-20 04:30:00+02:00,74570.0,74625.0,74470.0,74595.0,413
2026-04-20 04:40:00+02:00,74590.0,74600.0,74500.0,74555.0,239
2026-04-20 04:50:00+02:00,74565.0,74590.0,74470.0,74470.0,87
2026-04-20 05:00:00+02:00,74480.0,74515.0,74420.0,74490.0,93
2026-04-20 05:10:00+02:00,74510.0,74590.0,74480.0,74500.0,195
2026-04-20 05:40:00+02:00,74620.0,74695.0,74605.0,74665.0,173
2026-04-20 05:50:00+02:00,74675.0,74735.0,74625.0,74715.0,133
2026-04-20 06:00:00+02:00,74720.0,74720.0,74590.0,74650.0,105
2026-04-20 06:20:00+02:00,74535.0,74600.0,74505.0,74580.0,100
2026-04-20 06:40:00+02:00,74570.0,74680.0,74500.0,74670.0,178
2026-04-20 06:50:00+02:00,74655.0,74715.0,74615.0,74620.0,90
2026-04-20 07:00:00+02:00,74615.0,74620.0,74375.0,74425.0,157
2026-04-20 07:10:00+02:00,74400.0,74445.0,74275.0,74300.0,230
2026-04-20 07:20:00+02:00,74265.0,74310.0,74195.0,74220.0,244
2026-04-20 07:40:00+02:00,74235.0,74320.0,74180.0,74295.0,98
2026-04-20 07:50:00+02:00,74310.0,74405.0,74300.0,74370.0,83
2026-04-20 08:00:00+02:00,74380.0,74560.0,74360.0,74485.0,406
2026-04-20 08:40:00+02:00,74735.0,75000.0,74735.0,74890.0,440
2026-04-20 09:00:00+02:00,74920.0,74995.0,74815.0,74890.0,466
2026-04-20 09:10:00+02:00,74880.0,75045.0,74825.0,75025.0,307
2026-04-20 09:20:00+02:00,75010.0,75685.0,75010.0,75300.0,990
2026-04-20 09:30:00+02:00,75320.0,75350.0,74980.0,75045.0,577
2026-04-20 09:50:00+02:00,74895.0,74940.0,74745.0,74915.0,370
2026-04-20 10:00:00+02:00,74955.0,74955.0,74735.0,74775.0,324
2026-04-20 10:20:00+02:00,75070.0,75100.0,74800.0,74910.0,254
2026-04-20 11:00:00+02:00,74810.0,75100.0,74800.0,75020.0,312
2026-04-20 11:10:00+02:00,75050.0,75200.0,74960.0,75175.0,236
2026-04-20 11:40:00+02:00,75265.0,75315.0,75210.0,75210.0,189
2026-04-20 12:10:00+02:00,75400.0,75510.0,75370.0,75490.0,275
2026-04-20 13:20:00+02:00,75290.0,75355.0,75150.0,75275.0,166
2026-04-20 13:30:00+02:00,75235.0,75405.0,75170.0,75405.0,115
2026-04-20 14:00:00+02:00,75295.0,75470.0,75180.0,75435.0,445
2026-04-20 14:10:00+02:00,75440.0,75585.0,75420.0,75585.0,148
2026-04-20 14:20:00+02:00,75580.0,75760.0,75520.0,75520.0,400
2026-04-20 14:30:00+02:00,75565.0,75565.0,75315.0,75345.0,584
2026-04-20 14:40:00+02:00,75345.0,75425.0,75160.0,75415.0,449
2026-04-20 14:50:00+02:00,75420.0,75500.0,75305.0,75360.0,351
2026-04-20 15:00:00+02:00,75380.0,75455.0,75225.0,75375.0,1059
2026-04-20 15:10:00+02:00,75395.0,75410.0,75175.0,75200.0,283
2026-04-20 15:20:00+02:00,75200.0,75300.0,75095.0,75280.0,555
2026-04-20 15:30:00+02:00,75300.0,75550.0,74925.0,75345.0,1386
2026-04-20 15:40:00+02:00,75335.0,75445.0,75115.0,75175.0,606
2026-04-20 15:50:00+02:00,75185.0,75405.0,75060.0,75340.0,674
2026-04-20 16:00:00+02:00,75360.0,75425.0,75155.0,75320.0,346
2026-04-20 16:10:00+02:00,75350.0,75420.0,75125.0,75405.0,480
2026-04-20 16:20:00+02:00,75435.0,75895.0,75400.0,75705.0,1214
2026-04-20 16:30:00+02:00,75685.0,75820.0,75530.0,75565.0,534
2026-04-20 16:40:00+02:00,75570.0,75570.0,75300.0,75530.0,647
2026-04-20 16:50:00+02:00,75490.0,75495.0,75005.0,75135.0,1187
2026-04-20 17:00:00+02:00,75160.0,75190.0,74770.0,74905.0,1200
2026-04-20 17:10:00+02:00,74905.0,75305.0,74905.0,75285.0,949
2026-04-20 17:20:00+02:00,75265.0,75890.0,75225.0,75880.0,1378
2026-04-20 17:30:00+02:00,75830.0,75830.0,75625.0,75700.0,1100
2026-04-20 17:40:00+02:00,75705.0,75840.0,75650.0,75660.0,539
2026-04-20 17:50:00+02:00,75655.0,75855.0,75655.0,75840.0,495
2026-04-20 18:00:00+02:00,75825.0,75840.0,75525.0,75575.0,314
2026-04-20 18:10:00+02:00,75580.0,75610.0,75430.0,75505.0,407
2026-04-20 18:30:00+02:00,75500.0,75555.0,75420.0,75510.0,84
2026-04-20 18:40:00+02:00,75475.0,75665.0,75425.0,75460.0,287
2026-04-20 18:50:00+02:00,75460.0,75510.0,75375.0,75440.0,262
2026-04-20 19:10:00+02:00,75680.0,76010.0,75680.0,75970.0,368
2026-04-20 19:20:00+02:00,75980.0,75980.0,75820.0,75835.0,159
2026-04-20 19:30:00+02:00,75825.0,75940.0,75700.0,75880.0,342
2026-04-20 19:40:00+02:00,75860.0,76030.0,75790.0,76005.0,336
2026-04-20 19:50:00+02:00,76025.0,76075.0,75885.0,75985.0,471
2026-04-20 20:00:00+02:00,76010.0,76400.0,75995.0,76395.0,1558
2026-04-20 20:10:00+02:00,76390.0,76440.0,76295.0,76390.0,1173
2026-04-20 20:20:00+02:00,76395.0,76425.0,76185.0,76220.0,681
2026-04-20 20:30:00+02:00,76230.0,76280.0,76100.0,76175.0,398
2026-04-20 20:50:00+02:00,76320.0,76570.0,76320.0,76535.0,875
2026-04-20 21:00:00+02:00,76560.0,76600.0,76415.0,76580.0,295
2026-04-20 21:10:00+02:00,76570.0,76595.0,76325.0,76365.0,871
2026-04-20 21:20:00+02:00,76350.0,76415.0,76270.0,76320.0,263
2026-04-20 21:30:00+02:00,76305.0,76390.0,76245.0,76365.0,232
2026-04-20 21:40:00+02:00,76365.0,76385.0,76305.0,76375.0,291
2026-04-20 21:50:00+02:00,76380.0,76440.0,76310.0,76395.0,1256
2026-04-20 22:00:00+02:00,76400.0,76415.0,76215.0,76350.0,1385
2026-04-20 22:10:00+02:00,76370.0,76510.0,76355.0,76510.0,464
2026-04-20 22:20:00+02:00,76480.0,76670.0,76405.0,76440.0,407
2026-04-20 22:30:00+02:00,76420.0,76420.0,76305.0,76380.0,484
2026-04-20 22:40:00+02:00,76375.0,76425.0,76330.0,76365.0,318
2026-04-20 22:50:00+02:00,76380.0,76430.0,76370.0,76375.0,360
2026-04-21 00:00:00+02:00,75900.0,76265.0,75900.0,76165.0,480
2026-04-21 00:10:00+02:00,76170.0,76245.0,76050.0,76065.0,178
2026-04-21 00:30:00+02:00,76050.0,76185.0,76010.0,76100.0,74
2026-04-21 01:00:00+02:00,76085.0,76085.0,75825.0,75865.0,344
2026-04-21 01:30:00+02:00,75780.0,75935.0,75750.0,75895.0,72
2026-04-21 02:00:00+02:00,75950.0,76035.0,75795.0,75795.0,251
2026-04-21 02:30:00+02:00,76020.0,76100.0,75960.0,76020.0,202
2026-04-21 02:50:00+02:00,76095.0,76220.0,76035.0,76205.0,138
2026-04-21 03:10:00+02:00,76290.0,76310.0,76085.0,76085.0,159
2026-04-21 03:40:00+02:00,76085.0,76165.0,76080.0,76135.0,97
2026-04-21 04:00:00+02:00,76020.0,76025.0,75830.0,75885.0,258
2026-04-21 04:10:00+02:00,75880.0,75910.0,75795.0,75830.0,406
2026-04-21 04:20:00+02:00,75830.0,75905.0,75780.0,75810.0,136
2026-04-21 04:30:00+02:00,75815.0,75885.0,75720.0,75725.0,214
2026-04-21 04:40:00+02:00,75745.0,75755.0,75645.0,75675.0,368
2026-04-21 04:50:00+02:00,75690.0,75715.0,75650.0,75650.0,223
2026-04-21 05:00:00+02:00,75660.0,75700.0,75555.0,75670.0,207
2026-04-21 05:50:00+02:00,75740.0,75820.0,75740.0,75805.0,149
2026-04-21 07:20:00+02:00,75995.0,76100.0,75955.0,76010.0,220
2026-04-21 08:30:00+02:00,75875.0,76225.0,75840.0,76120.0,319
2026-04-21 08:50:00+02:00,76135.0,76135.0,76055.0,76085.0,146
2026-04-21 09:20:00+02:00,76185.0,76420.0,76145.0,76280.0,261
2026-04-21 09:30:00+02:00,76315.0,76345.0,76120.0,76255.0,259
2026-04-21 09:40:00+02:00,76280.0,76375.0,76245.0,76325.0,122
2026-04-21 09:50:00+02:00,76350.0,76415.0,76180.0,76205.0,181
2026-04-21 10:00:00+02:00,76195.0,76335.0,76185.0,76265.0,126
2026-04-21 10:50:00+02:00,76755.0,76755.0,76570.0,76630.0,200
2026-04-21 11:00:00+02:00,76625.0,76700.0,76465.0,76545.0,171
2026-04-21 11:20:00+02:00,76610.0,76630.0,76315.0,76350.0,255
2026-04-21 11:30:00+02:00,76360.0,76400.0,76255.0,76375.0,168
2026-04-21 11:50:00+02:00,76385.0,76500.0,76385.0,76435.0,317
2026-04-21 12:10:00+02:00,76570.0,76665.0,76485.0,76590.0,228
2026-04-21 12:20:00+02:00,76580.0,76700.0,76540.0,76625.0,145
2026-04-21 12:30:00+02:00,76640.0,76675.0,76605.0,76640.0,196
2026-04-21 12:50:00+02:00,76865.0,77005.0,76865.0,76870.0,704
2026-04-21 13:00:00+02:00,76855.0,76870.0,76700.0,76755.0,654
2026-04-21 13:10:00+02:00,76740.0,76740.0,76420.0,76625.0,1056
2026-04-21 13:20:00+02:00,76625.0,76810.0,76625.0,76795.0,209
2026-04-21 13:30:00+02:00,76795.0,76815.0,76665.0,76735.0,144
2026-04-21 14:00:00+02:00,76555.0,76610.0,76450.0,76525.0,355
2026-04-21 14:10:00+02:00,76510.0,76510.0,76320.0,76430.0,422
2026-04-21 14:20:00+02:00,76415.0,76480.0,76390.0,76450.0,176
2026-04-21 14:30:00+02:00,76465.0,76630.0,76180.0,76210.0,1008
2026-04-21 14:40:00+02:00,76235.0,76235.0,75795.0,75875.0,1870
2026-04-21 14:50:00+02:00,75850.0,76155.0,75840.0,76085.0,672
2026-04-21 15:00:00+02:00,76105.0,76175.0,75980.0,76090.0,260
2026-04-21 15:10:00+02:00,76075.0,76165.0,76045.0,76115.0,161
2026-04-21 15:20:00+02:00,76110.0,76225.0,76075.0,76115.0,214
2026-04-21 15:30:00+02:00,76105.0,76105.0,75845.0,75885.0,1012
2026-04-21 15:40:00+02:00,75855.0,76270.0,75810.0,75960.0,654
2026-04-21 15:50:00+02:00,75925.0,76030.0,75830.0,75965.0,416
2026-04-21 16:00:00+02:00,76000.0,76005.0,75750.0,75960.0,627
2026-04-21 16:10:00+02:00,75895.0,76385.0,75825.0,76230.0,724
2026-04-21 16:20:00+02:00,76250.0,76355.0,76125.0,76200.0,283
2026-04-21 16:30:00+02:00,76190.0,76470.0,76180.0,76410.0,462
2026-04-21 16:40:00+02:00,76425.0,76690.0,76255.0,76305.0,1023
2026-04-21 16:50:00+02:00,76265.0,76360.0,75665.0,75725.0,1273
2026-04-21 17:00:00+02:00,75725.0,75855.0,75485.0,75795.0,1507
2026-04-21 17:10:00+02:00,75795.0,76065.0,75780.0,76040.0,545
2026-04-21 17:20:00+02:00,76045.0,76045.0,75635.0,75735.0,574
2026-04-21 17:30:00+02:00,75735.0,75850.0,75555.0,75820.0,396
2026-04-21 17:40:00+02:00,75865.0,75885.0,75705.0,75815.0,210
2026-04-21 17:50:00+02:00,75805.0,75905.0,75675.0,75900.0,304
2026-04-21 18:00:00+02:00,75930.0,76065.0,75880.0,76010.0,571
2026-04-21 18:20:00+02:00,76030.0,76060.0,75915.0,75920.0,251
2026-04-21 18:30:00+02:00,75900.0,76280.0,75890.0,76085.0,366
2026-04-21 18:40:00+02:00,76150.0,76195.0,75945.0,76100.0,236
2026-04-21 18:50:00+02:00,76120.0,76120.0,75815.0,75865.0,148
2026-04-21 19:00:00+02:00,75840.0,75905.0,75605.0,75705.0,548
2026-04-21 19:10:00+02:00,75695.0,75695.0,75135.0,75140.0,1380
2026-04-21 19:20:00+02:00,75140.0,75445.0,75100.0,75395.0,620
2026-04-21 19:30:00+02:00,75415.0,75775.0,75330.0,75640.0,678
2026-04-21 19:40:00+02:00,75675.0,76005.0,75675.0,75780.0,913
2026-04-21 19:50:00+02:00,75770.0,75890.0,75575.0,75610.0,388
2026-04-21 20:10:00+02:00,75640.0,75725.0,75475.0,75545.0,961
2026-04-21 20:40:00+02:00,75595.0,75630.0,75450.0,75455.0,124
2026-04-21 20:50:00+02:00,75450.0,75710.0,75360.0,75655.0,820
2026-04-21 21:00:00+02:00,75675.0,75835.0,75665.0,75770.0,257
2026-04-21 21:20:00+02:00,75690.0,75985.0,75690.0,75845.0,342
2026-04-21 21:30:00+02:00,75860.0,75860.0,75255.0,75280.0,533
2026-04-21 21:40:00+02:00,75285.0,75285.0,74860.0,75055.0,2293
2026-04-21 21:50:00+02:00,75105.0,75160.0,74950.0,75075.0,1114
2026-04-21 22:00:00+02:00,75080.0,75500.0,75020.0,75435.0,2718
2026-04-21 22:10:00+02:00,75425.0,75720.0,75360.0,75590.0,2245
2026-04-21 22:20:00+02:00,75620.0,75850.0,75605.0,75715.0,473
2026-04-21 22:30:00+02:00,75720.0,75940.0,75720.0,75805.0,254
2026-04-21 22:50:00+02:00,75810.0,75815.0,75730.0,75735.0,481
2026-04-22 01:40:00+02:00,76405.0,76825.0,76360.0,76790.0,169
2026-04-22 04:10:00+02:00,76810.0,77635.0,76810.0,77475.0,384
2026-04-22 04:20:00+02:00,77535.0,77720.0,77265.0,77720.0,165
2026-04-22 04:30:00+02:00,77810.0,77845.0,77565.0,77640.0,149
2026-04-22 04:50:00+02:00,77765.0,78130.0,77745.0,78130.0,161
2026-04-22 05:00:00+02:00,78135.0,78250.0,78020.0,78105.0,158
2026-04-22 07:20:00+02:00,78430.0,78950.0,78400.0,78735.0,504
2026-04-22 07:30:00+02:00,78775.0,78835.0,78500.0,78500.0,272
2026-04-22 11:20:00+02:00,78505.0,78695.0,78495.0,78670.0,68
2026-04-22 11:40:00+02:00,78635.0,78695.0,78585.0,78595.0,50
2026-04-22 11:50:00+02:00,78625.0,78630.0,78455.0,78475.0,75
2026-04-22 12:00:00+02:00,78495.0,78540.0,78430.0,78430.0,67
2026-04-22 12:50:00+02:00,78615.0,78665.0,78565.0,78655.0,52
2026-04-22 13:00:00+02:00,78655.0,78840.0,78605.0,78635.0,218
2026-04-22 13:10:00+02:00,78645.0,78760.0,78615.0,78730.0,71
2026-04-22 13:30:00+02:00,78840.0,78945.0,78695.0,78760.0,92
2026-04-22 13:40:00+02:00,78735.0,78825.0,78705.0,78820.0,92
2026-04-22 13:50:00+02:00,78820.0,78840.0,78745.0,78800.0,103
2026-04-22 14:10:00+02:00,78855.0,79025.0,78805.0,78825.0,200
2026-04-22 14:20:00+02:00,78875.0,78880.0,78640.0,78685.0,79
2026-04-22 14:30:00+02:00,78660.0,78765.0,78600.0,78710.0,337
2026-04-22 14:40:00+02:00,78735.0,78850.0,78695.0,78700.0,63
2026-04-22 15:00:00+02:00,78720.0,78960.0,78685.0,78770.0,195
2026-04-22 15:10:00+02:00,78760.0,79015.0,78740.0,78960.0,171
2026-04-22 15:20:00+02:00,78990.0,79015.0,78895.0,78965.0,141
2026-04-22 15:30:00+02:00,78995.0,79175.0,78785.0,78915.0,495
2026-04-22 15:40:00+02:00,78950.0,79290.0,78940.0,79170.0,294
2026-04-22 15:50:00+02:00,79160.0,79385.0,79120.0,79365.0,298
2026-04-22 16:00:00+02:00,79390.0,79430.0,79210.0,79345.0,779
2026-04-22 16:10:00+02:00,79360.0,79615.0,79320.0,79330.0,507
2026-04-22 16:20:00+02:00,79350.0,79700.0,79305.0,79525.0,438
2026-04-22 16:30:00+02:00,79550.0,79575.0,79100.0,79390.0,538
2026-04-22 16:40:00+02:00,79395.0,79470.0,79175.0,79400.0,230
2026-04-22 16:50:00+02:00,79410.0,79625.0,79380.0,79550.0,168
2026-04-22 17:00:00+02:00,79560.0,79615.0,79345.0,79480.0,322
2026-04-22 17:10:00+02:00,79465.0,79640.0,79390.0,79495.0,265
2026-04-22 17:20:00+02:00,79480.0,79625.0,79340.0,79585.0,261
2026-04-22 17:30:00+02:00,79570.0,79850.0,79495.0,79795.0,970
2026-04-22 17:40:00+02:00,79800.0,79885.0,79725.0,79830.0,337
2026-04-22 17:50:00+02:00,79805.0,79965.0,79760.0,79820.0,202
2026-04-22 18:00:00+02:00,79820.0,80000.0,79800.0,79800.0,195
2026-04-22 18:10:00+02:00,79830.0,79830.0,79640.0,79660.0,231
2026-04-22 18:30:00+02:00,79435.0,79545.0,79360.0,79505.0,109
2026-04-22 18:40:00+02:00,79405.0,79430.0,79230.0,79330.0,206
2026-04-22 20:20:00+02:00,79420.0,79495.0,79390.0,79395.0,79
2026-04-22 20:40:00+02:00,79475.0,79625.0,79470.0,79615.0,99
2026-04-22 20:50:00+02:00,79595.0,79675.0,79490.0,79535.0,139
2026-04-22 21:00:00+02:00,79535.0,79540.0,79230.0,79255.0,231
2026-04-22 21:10:00+02:00,79260.0,79410.0,79240.0,79410.0,131
2026-04-22 21:20:00+02:00,79495.0,79560.0,79410.0,79540.0,129
2026-04-22 21:30:00+02:00,79520.0,79585.0,79295.0,79380.0,66
2026-04-22 21:50:00+02:00,79405.0,79470.0,79260.0,79350.0,692
2026-04-22 22:00:00+02:00,79345.0,79410.0,79250.0,79250.0,279
2026-04-22 22:50:00+02:00,78990.0,79010.0,78885.0,78945.0,144
2026-04-23 00:00:00+02:00,79180.0,79340.0,79155.0,79275.0,180
2026-04-23 00:20:00+02:00,79110.0,79110.0,78965.0,79000.0,67
2026-04-23 00:30:00+02:00,78990.0,79060.0,78920.0,78985.0,75
2026-04-23 00:40:00+02:00,78985.0,79055.0,78900.0,78945.0,85
2026-04-23 00:50:00+02:00,78945.0,79100.0,78935.0,79080.0,96
2026-04-23 01:20:00+02:00,78970.0,78970.0,78645.0,78825.0,320
2026-04-23 01:50:00+02:00,78715.0,78755.0,78580.0,78645.0,92
2026-04-23 02:00:00+02:00,78610.0,78865.0,78590.0,78590.0,115
2026-04-23 02:10:00+02:00,78550.0,78840.0,78010.0,78840.0,668
2026-04-23 02:20:00+02:00,78845.0,78930.0,78585.0,78905.0,153
2026-04-23 04:00:00+02:00,78820.0,78840.0,78650.0,78685.0,184
2026-04-23 04:10:00+02:00,78710.0,78730.0,78550.0,78560.0,153
2026-04-23 04:20:00+02:00,78610.0,78665.0,78425.0,78465.0,119
2026-04-23 04:30:00+02:00,78495.0,78595.0,78280.0,78290.0,501
2026-04-23 04:40:00+02:00,78305.0,78355.0,78190.0,78240.0,265
2026-04-23 04:50:00+02:00,78320.0,78455.0,78320.0,78385.0,129
2026-04-23 05:10:00+02:00,78270.0,78325.0,78090.0,78105.0,85
2026-04-23 05:40:00+02:00,78055.0,78140.0,77905.0,78025.0,163
2026-04-23 06:50:00+02:00,78275.0,78415.0,78260.0,78340.0,290
2026-04-23 07:30:00+02:00,78325.0,78345.0,78165.0,78200.0,80
2026-04-23 08:00:00+02:00,78455.0,78720.0,78455.0,78680.0,163
2026-04-23 08:10:00+02:00,78680.0,78700.0,78595.0,78600.0,162
2026-04-23 08:50:00+02:00,78505.0,78640.0,78505.0,78625.0,38
2026-04-23 09:00:00+02:00,78640.0,78680.0,78550.0,78595.0,127
2026-04-23 09:10:00+02:00,78615.0,78700.0,78515.0,78555.0,132
2026-04-23 09:30:00+02:00,78520.0,78605.0,78465.0,78540.0,107
2026-04-23 09:40:00+02:00,78545.0,78555.0,78425.0,78470.0,49
2026-04-23 09:50:00+02:00,78555.0,78570.0,78395.0,78460.0,82
2026-04-23 10:00:00+02:00,78450.0,78505.0,78360.0,78505.0,74
2026-04-23 10:20:00+02:00,78560.0,78565.0,78360.0,78365.0,41
2026-04-23 10:30:00+02:00,78375.0,78380.0,78215.0,78250.0,103
2026-04-23 10:40:00+02:00,78220.0,78265.0,78125.0,78205.0,60
2026-04-23 11:00:00+02:00,78260.0,78290.0,77830.0,77955.0,356
2026-04-23 11:20:00+02:00,78035.0,78045.0,77935.0,77995.0,27
2026-04-23 12:10:00+02:00,77675.0,77725.0,77565.0,77675.0,110
2026-04-23 12:20:00+02:00,77695.0,77790.0,77665.0,77755.0,71
2026-04-23 12:30:00+02:00,77795.0,77840.0,77745.0,77840.0,68
2026-04-23 13:50:00+02:00,78015.0,78145.0,77975.0,78095.0,63
2026-04-23 14:20:00+02:00,78075.0,78195.0,78015.0,78180.0,153
2026-04-23 14:30:00+02:00,78200.0,78235.0,78140.0,78210.0,119
2026-04-23 14:40:00+02:00,78230.0,78315.0,77935.0,78130.0,365
2026-04-23 15:20:00+02:00,78105.0,78125.0,78000.0,78035.0,121
2026-04-23 15:30:00+02:00,78005.0,78115.0,77980.0,78055.0,279
2026-04-23 15:40:00+02:00,78010.0,78090.0,77925.0,78015.0,145
2026-04-23 15:50:00+02:00,78030.0,78030.0,77770.0,77940.0,417
2026-04-23 16:20:00+02:00,77945.0,78395.0,77925.0,78155.0,363
2026-04-23 16:30:00+02:00,78175.0,78425.0,78175.0,78240.0,375
2026-04-23 16:40:00+02:00,78230.0,78445.0,78195.0,78315.0,149
2026-04-23 16:50:00+02:00,78285.0,78680.0,78270.0,78655.0,634
2026-04-23 17:00:00+02:00,78660.0,78660.0,78410.0,78460.0,140
2026-04-23 17:10:00+02:00,78500.0,78965.0,78485.0,78875.0,326
2026-04-23 17:20:00+02:00,78880.0,79175.0,78860.0,78860.0,392
2026-04-23 17:30:00+02:00,78850.0,79025.0,78790.0,79015.0,274
2026-04-23 17:40:00+02:00,79035.0,79105.0,78730.0,78840.0,251
2026-04-23 17:50:00+02:00,78835.0,78930.0,78755.0,78875.0,129
2026-04-23 18:00:00+02:00,78885.0,79000.0,78780.0,78875.0,306
2026-04-23 18:10:00+02:00,78870.0,78945.0,78775.0,78840.0,217
2026-04-23 18:40:00+02:00,78825.0,78845.0,78760.0,78820.0,52
2026-04-23 19:00:00+02:00,78605.0,78615.0,78140.0,78155.0,647
2026-04-23 19:10:00+02:00,78150.0,78355.0,78010.0,78060.0,346
2026-04-23 19:20:00+02:00,78055.0,78295.0,77990.0,78040.0,204
2026-04-23 19:30:00+02:00,78025.0,78180.0,77625.0,77675.0,442
2026-04-23 19:40:00+02:00,77635.0,77775.0,77355.0,77725.0,771
2026-04-23 19:50:00+02:00,77725.0,78255.0,77645.0,78190.0,689
2026-04-23 20:00:00+02:00,78185.0,78555.0,78160.0,78415.0,392
2026-04-23 20:10:00+02:00,78420.0,78605.0,78335.0,78375.0,286
2026-04-23 20:40:00+02:00,78540.0,78560.0,78305.0,78305.0,169
2026-04-23 20:50:00+02:00,78275.0,78345.0,78080.0,78125.0,392
2026-04-23 21:00:00+02:00,78080.0,78195.0,78035.0,78155.0,337
2026-04-23 21:10:00+02:00,78150.0,78355.0,78075.0,78280.0,616
2026-04-23 21:30:00+02:00,78290.0,78325.0,78070.0,78120.0,474
2026-04-23 21:50:00+02:00,78200.0,78275.0,78030.0,78195.0,905
2026-04-23 22:00:00+02:00,78200.0,78410.0,78120.0,78410.0,480
2026-04-23 22:30:00+02:00,78205.0,78470.0,78195.0,78470.0,99
2026-04-23 22:40:00+02:00,78480.0,78520.0,78375.0,78420.0,191
2026-04-23 22:50:00+02:00,78420.0,78435.0,78305.0,78350.0,52
2026-04-24 00:00:00+02:00,78320.0,78800.0,78320.0,78610.0,389
2026-04-24 00:10:00+02:00,78615.0,78800.0,78535.0,78745.0,697
2026-04-24 00:30:00+02:00,78660.0,78795.0,78660.0,78770.0,87
2026-04-24 00:40:00+02:00,78735.0,78860.0,78720.0,78805.0,131
2026-04-24 01:00:00+02:00,78750.0,78755.0,78650.0,78650.0,312
2026-04-24 01:10:00+02:00,78645.0,78660.0,78525.0,78585.0,195
2026-04-24 01:30:00+02:00,78665.0,78750.0,78630.0,78720.0,203
2026-04-24 01:40:00+02:00,78735.0,78840.0,78735.0,78770.0,351
2026-04-24 02:00:00+02:00,78785.0,78865.0,78660.0,78840.0,212
2026-04-24 02:10:00+02:00,78810.0,78885.0,78750.0,78865.0,125
2026-04-24 02:20:00+02:00,78860.0,78975.0,78830.0,78900.0,198
2026-04-24 02:30:00+02:00,78930.0,79010.0,78910.0,78975.0,246
2026-04-24 02:50:00+02:00,78935.0,78970.0,78810.0,78910.0,322
2026-04-24 03:00:00+02:00,78935.0,78935.0,78575.0,78625.0,683
2026-04-24 03:10:00+02:00,78660.0,78695.0,78575.0,78575.0,133
2026-04-24 03:20:00+02:00,78560.0,78605.0,78505.0,78520.0,270
2026-04-24 03:30:00+02:00,78520.0,78670.0,78400.0,78615.0,841
2026-04-24 03:40:00+02:00,78620.0,78805.0,78515.0,78805.0,198
2026-04-24 03:50:00+02:00,78815.0,78990.0,78815.0,78945.0,486
2026-04-24 04:20:00+02:00,78835.0,78875.0,78745.0,78770.0,226
2026-04-24 04:30:00+02:00,78775.0,78865.0,78755.0,78825.0,285
2026-04-24 04:40:00+02:00,78820.0,78950.0,78815.0,78875.0,240
2026-04-24 04:50:00+02:00,78870.0,78885.0,78575.0,78625.0,300
2026-04-24 05:00:00+02:00,78645.0,78670.0,78535.0,78650.0,458
2026-04-24 05:10:00+02:00,78660.0,78680.0,78505.0,78545.0,144
2026-04-24 05:20:00+02:00,78540.0,78545.0,78175.0,78240.0,789
2026-04-24 05:30:00+02:00,78230.0,78240.0,78050.0,78165.0,771
2026-04-24 05:40:00+02:00,78145.0,78220.0,78080.0,78160.0,202
2026-04-24 05:50:00+02:00,78155.0,78225.0,78135.0,78205.0,277
2026-04-24 06:00:00+02:00,78200.0,78220.0,78155.0,78165.0,159
2026-04-24 06:10:00+02:00,78175.0,78255.0,78135.0,78220.0,171
2026-04-24 06:20:00+02:00,78220.0,78335.0,78060.0,78080.0,232
2026-04-24 06:40:00+02:00,78020.0,78195.0,78005.0,78185.0,293
2026-04-24 07:10:00+02:00,78050.0,78050.0,77880.0,77940.0,198
2026-04-24 07:20:00+02:00,77980.0,78090.0,77915.0,78060.0,220
2026-04-24 07:40:00+02:00,78170.0,78235.0,78140.0,78235.0,148
2026-04-24 08:30:00+02:00,78300.0,78305.0,78220.0,78295.0,254
2026-04-24 08:40:00+02:00,78295.0,78355.0,78255.0,78290.0,98
2026-04-24 08:50:00+02:00,78305.0,78375.0,78215.0,78220.0,96
2026-04-24 09:00:00+02:00,78215.0,78295.0,78200.0,78220.0,200
2026-04-24 09:10:00+02:00,78245.0,78265.0,78120.0,78140.0,263
2026-04-24 09:50:00+02:00,78165.0,78180.0,77965.0,78105.0,252
2026-04-24 10:00:00+02:00,78090.0,78110.0,78000.0,78090.0,248
2026-04-24 10:20:00+02:00,78300.0,78460.0,78265.0,78300.0,975
2026-04-24 10:30:00+02:00,78280.0,78295.0,78190.0,78265.0,199
2026-04-24 10:40:00+02:00,78270.0,78325.0,78170.0,78325.0,341
2026-04-24 11:00:00+02:00,78255.0,78280.0,77860.0,77890.0,446
2026-04-24 11:10:00+02:00,77890.0,78045.0,77855.0,77985.0,510
2026-04-24 12:00:00+02:00,77940.0,77980.0,77875.0,77950.0,193
2026-04-24 12:10:00+02:00,77930.0,78035.0,77905.0,78010.0,186
2026-04-24 12:20:00+02:00,78010.0,78200.0,77990.0,78130.0,168
2026-04-24 12:30:00+02:00,78120.0,78150.0,78050.0,78085.0,129
2026-04-24 12:40:00+02:00,78115.0,78180.0,78045.0,78110.0,203
2026-04-24 12:50:00+02:00,78125.0,78235.0,78110.0,78205.0,166
2026-04-24 13:00:00+02:00,78205.0,78790.0,78185.0,78590.0,3558
2026-04-24 13:10:00+02:00,78605.0,78720.0,78555.0,78575.0,415
2026-04-24 13:20:00+02:00,78580.0,78825.0,78560.0,78805.0,1282
2026-04-24 13:30:00+02:00,78815.0,78875.0,78700.0,78785.0,784
2026-04-24 13:40:00+02:00,78780.0,78835.0,78685.0,78725.0,709
2026-04-24 13:50:00+02:00,78735.0,78760.0,78655.0,78740.0,287
2026-04-24 14:00:00+02:00,78750.0,78850.0,78685.0,78715.0,800
2026-04-24 14:10:00+02:00,78740.0,78850.0,78700.0,78770.0,446
2026-04-24 14:20:00+02:00,78785.0,78850.0,78685.0,78770.0,192
2026-04-24 14:30:00+02:00,78785.0,78785.0,78655.0,78690.0,380
2026-04-24 14:40:00+02:00,78720.0,78790.0,78620.0,78620.0,381
2026-04-24 14:50:00+02:00,78600.0,78755.0,78510.0,78755.0,1014
2026-04-24 15:00:00+02:00,78760.0,78940.0,78760.0,78885.0,948
2026-04-24 15:10:00+02:00,78885.0,79015.0,78785.0,78910.0,415
2026-04-24 15:20:00+02:00,78905.0,78905.0,78625.0,78650.0,768
2026-04-24 15:30:00+02:00,78665.0,78790.0,78525.0,78750.0,1293
2026-04-24 15:40:00+02:00,78755.0,78785.0,78500.0,78580.0,629
2026-04-24 15:50:00+02:00,78605.0,78610.0,78350.0,78570.0,1164
2026-04-24 16:00:00+02:00,78540.0,78540.0,78220.0,78410.0,1596
2026-04-24 16:10:00+02:00,78425.0,78530.0,78285.0,78400.0,726
2026-04-24 16:20:00+02:00,78400.0,78460.0,78105.0,78145.0,878
2026-04-24 16:30:00+02:00,78140.0,78455.0,78090.0,78420.0,764
2026-04-24 16:40:00+02:00,78445.0,78500.0,78290.0,78380.0,468
2026-04-24 16:50:00+02:00,78345.0,78500.0,78340.0,78470.0,295
2026-04-24 17:00:00+02:00,78475.0,78475.0,77880.0,78040.0,1131
2026-04-24 17:10:00+02:00,78040.0,78220.0,78030.0,78115.0,573
2026-04-24 17:20:00+02:00,78140.0,78330.0,78130.0,78255.0,284
2026-04-24 17:30:00+02:00,78285.0,78330.0,78125.0,78145.0,263
2026-04-24 17:40:00+02:00,78170.0,78650.0,78135.0,78400.0,2562
2026-04-24 17:50:00+02:00,78390.0,78540.0,78385.0,78490.0,431
2026-04-24 18:00:00+02:00,78500.0,78510.0,78255.0,78295.0,379
2026-04-24 18:10:00+02:00,78315.0,78390.0,78090.0,78125.0,455
2026-04-24 18:20:00+02:00,78130.0,78175.0,78040.0,78125.0,536
2026-04-24 18:30:00+02:00,78140.0,78325.0,78140.0,78170.0,321
2026-04-24 18:40:00+02:00,78190.0,78205.0,77985.0,78055.0,299
2026-04-24 18:50:00+02:00,78080.0,78210.0,78060.0,78200.0,369
2026-04-24 19:00:00+02:00,78180.0,78185.0,78000.0,78070.0,518
2026-04-24 19:10:00+02:00,78130.0,78185.0,78035.0,78085.0,162
2026-04-24 19:20:00+02:00,78030.0,78140.0,77995.0,78120.0,270
2026-04-24 19:30:00+02:00,78080.0,78145.0,77875.0,77920.0,591
2026-04-24 19:40:00+02:00,77915.0,78055.0,77910.0,78015.0,405
2026-04-24 19:50:00+02:00,78015.0,78245.0,78015.0,78075.0,858
2026-04-24 20:00:00+02:00,78100.0,78125.0,78000.0,78015.0,183
2026-04-24 20:10:00+02:00,78030.0,78070.0,77720.0,77815.0,794
2026-04-24 20:20:00+02:00,77805.0,77940.0,77800.0,77880.0,200
2026-04-24 20:30:00+02:00,77870.0,78045.0,77865.0,77925.0,290
2026-04-24 20:40:00+02:00,77920.0,78005.0,77880.0,77955.0,204
2026-04-24 20:50:00+02:00,77930.0,78010.0,77930.0,78010.0,103
2026-04-24 21:00:00+02:00,78020.0,78160.0,77960.0,77995.0,284
2026-04-24 21:10:00+02:00,77990.0,78065.0,77960.0,78030.0,136
2026-04-24 21:20:00+02:00,78030.0,78065.0,77920.0,77965.0,268
2026-04-24 21:40:00+02:00,78020.0,78060.0,77950.0,77960.0,273
2026-04-24 21:50:00+02:00,77965.0,78045.0,77905.0,78020.0,906
2026-04-24 22:00:00+02:00,78035.0,78035.0,77895.0,77925.0,719
2026-04-24 22:10:00+02:00,77950.0,78030.0,77910.0,77930.0,162
2026-04-24 22:20:00+02:00,77980.0,77990.0,77820.0,77905.0,300
2026-04-24 22:30:00+02:00,77925.0,78035.0,77920.0,78035.0,277
2026-04-24 22:40:00+02:00,78025.0,78050.0,77965.0,78015.0,470
2026-04-24 22:50:00+02:00,78005.0,78120.0,77990.0,78120.0,683
2026-04-27 00:00:00+02:00,78675.0,79025.0,78675.0,78965.0,1352
2026-04-27 00:10:00+02:00,78955.0,79310.0,78890.0,79205.0,1726
2026-04-27 00:20:00+02:00,79180.0,79230.0,78965.0,78975.0,450
2026-04-27 00:30:00+02:00,78960.0,78960.0,78375.0,78610.0,1265
2026-04-27 00:40:00+02:00,78610.0,78870.0,78575.0,78835.0,620
2026-04-27 00:50:00+02:00,78815.0,78835.0,78710.0,78740.0,290
2026-04-27 01:00:00+02:00,78695.0,78820.0,78670.0,78730.0,368
2026-04-27 01:10:00+02:00,78745.0,78825.0,78700.0,78725.0,151
2026-04-27 01:30:00+02:00,78560.0,78910.0,78460.0,78845.0,915
2026-04-27 01:40:00+02:00,78860.0,79345.0,78860.0,79165.0,629
2026-04-27 01:50:00+02:00,79185.0,79255.0,79035.0,79070.0,373
2026-04-27 02:00:00+02:00,79100.0,79345.0,79070.0,79160.0,1228
2026-04-27 02:10:00+02:00,79175.0,79190.0,78960.0,79040.0,556
2026-04-27 02:20:00+02:00,79080.0,79080.0,78825.0,78915.0,634
2026-04-27 02:40:00+02:00,79140.0,79345.0,79125.0,79245.0,593
2026-04-27 02:50:00+02:00,79235.0,79850.0,79230.0,79770.0,2156
2026-04-27 03:00:00+02:00,79805.0,79940.0,79595.0,79600.0,2148
2026-04-27 03:10:00+02:00,79585.0,79690.0,79415.0,79475.0,554
2026-04-27 03:20:00+02:00,79465.0,79530.0,79175.0,79340.0,512
2026-04-27 03:30:00+02:00,79340.0,79580.0,79275.0,79505.0,454
2026-04-27 03:40:00+02:00,79490.0,79835.0,79445.0,79785.0,501
2026-04-27 03:50:00+02:00,79795.0,79795.0,79535.0,79710.0,431
2026-04-27 04:00:00+02:00,79715.0,79740.0,79565.0,79575.0,270
2026-04-27 04:10:00+02:00,79580.0,79710.0,79520.0,79645.0,234
2026-04-27 04:20:00+02:00,79600.0,79610.0,79455.0,79575.0,173
2026-04-27 04:30:00+02:00,79590.0,79715.0,79470.0,79545.0,252
2026-04-27 04:40:00+02:00,79535.0,79585.0,79505.0,79560.0,67
2026-04-27 04:50:00+02:00,79550.0,79665.0,79520.0,79595.0,87
2026-04-27 05:00:00+02:00,79555.0,79660.0,79525.0,79660.0,362
2026-04-27 05:10:00+02:00,79660.0,79730.0,79630.0,79710.0,472
2026-04-27 05:20:00+02:00,79695.0,79760.0,79655.0,79705.0,503
2026-04-27 05:30:00+02:00,79740.0,79780.0,79645.0,79650.0,215
2026-04-27 05:40:00+02:00,79665.0,79730.0,79615.0,79675.0,160
2026-04-27 05:50:00+02:00,79660.0,79660.0,79525.0,79560.0,104
2026-04-27 06:10:00+02:00,79540.0,79540.0,79435.0,79490.0,347
2026-04-27 06:20:00+02:00,79520.0,79580.0,79475.0,79565.0,205
2026-04-27 06:50:00+02:00,79410.0,79440.0,79300.0,79360.0,424
2026-04-27 07:00:00+02:00,79375.0,79400.0,79075.0,79110.0,312
2026-04-27 07:10:00+02:00,79145.0,79170.0,78415.0,78420.0,2083
2026-04-27 07:20:00+02:00,78420.0,78440.0,78195.0,78255.0,1163
2026-04-27 07:30:00+02:00,78230.0,78270.0,77960.0,78120.0,1967
2026-04-27 07:40:00+02:00,78120.0,78265.0,78100.0,78145.0,710
2026-04-27 07:50:00+02:00,78170.0,78230.0,78135.0,78160.0,230
2026-04-27 08:00:00+02:00,78140.0,78190.0,78025.0,78180.0,664
2026-04-27 08:10:00+02:00,78165.0,78220.0,78070.0,78215.0,299
2026-04-27 08:20:00+02:00,78205.0,78255.0,78075.0,78095.0,194
2026-04-27 08:30:00+02:00,78070.0,78075.0,77815.0,77965.0,654
2026-04-27 08:40:00+02:00,77970.0,78080.0,77960.0,78080.0,135
2026-04-27 08:50:00+02:00,78065.0,78105.0,78020.0,78095.0,117
2026-04-27 09:00:00+02:00,78065.0,78090.0,77915.0,77985.0,513
2026-04-27 09:10:00+02:00,77965.0,78030.0,77905.0,78030.0,338
2026-04-27 09:20:00+02:00,78020.0,78085.0,77990.0,78040.0,221
2026-04-27 09:30:00+02:00,78040.0,78040.0,77930.0,78005.0,261
2026-04-27 09:40:00+02:00,77990.0,78060.0,77960.0,78020.0,209
2026-04-27 09:50:00+02:00,78005.0,78085.0,77930.0,77930.0,151
2026-04-27 10:00:00+02:00,77945.0,78070.0,77935.0,77965.0,142
2026-04-27 10:10:00+02:00,77955.0,78050.0,77940.0,78005.0,97
2026-04-27 10:20:00+02:00,78000.0,78000.0,77915.0,77935.0,101
2026-04-27 10:50:00+02:00,78075.0,78175.0,78070.0,78170.0,140
2026-04-27 11:00:00+02:00,78165.0,78220.0,78140.0,78155.0,163
2026-04-27 11:10:00+02:00,78130.0,78205.0,78100.0,78100.0,94
2026-04-27 11:30:00+02:00,78120.0,78300.0,78115.0,78250.0,478
2026-04-27 11:50:00+02:00,78260.0,78350.0,78245.0,78255.0,156
2026-04-27 12:00:00+02:00,78250.0,78290.0,78145.0,78165.0,221
2026-04-27 12:30:00+02:00,78170.0,78250.0,78160.0,78225.0,191
2026-04-27 12:40:00+02:00,78250.0,78285.0,78200.0,78240.0,99
2026-04-27 12:50:00+02:00,78230.0,78260.0,78205.0,78235.0,64
2026-04-27 13:00:00+02:00,78210.0,78245.0,78095.0,78095.0,128
2026-04-27 13:20:00+02:00,78160.0,78260.0,78145.0,78245.0,235
2026-04-27 13:30:00+02:00,78245.0,78265.0,78150.0,78185.0,90
2026-04-27 13:40:00+02:00,78165.0,78200.0,78160.0,78175.0,73
2026-04-27 13:50:00+02:00,78160.0,78230.0,78150.0,78230.0,73
2026-04-27 14:00:00+02:00,78215.0,78235.0,78080.0,78135.0,317
2026-04-27 14:10:00+02:00,78145.0,78255.0,78145.0,78190.0,191
2026-04-27 14:20:00+02:00,78180.0,78225.0,78065.0,78105.0,234
2026-04-27 14:30:00+02:00,78125.0,78145.0,77980.0,78015.0,425
2026-04-27 14:40:00+02:00,78000.0,78125.0,77985.0,78100.0,175
2026-04-27 14:50:00+02:00,78115.0,78135.0,77945.0,78015.0,440
2026-04-27 15:00:00+02:00,77985.0,78070.0,77965.0,78055.0,431
2026-04-27 15:10:00+02:00,78080.0,78140.0,78030.0,78100.0,343
2026-04-27 15:30:00+02:00,78065.0,78235.0,77975.0,78205.0,1295
2026-04-27 15:40:00+02:00,78195.0,78335.0,77935.0,78000.0,1686
2026-04-27 15:50:00+02:00,77975.0,78160.0,77900.0,78110.0,849
2026-04-27 16:00:00+02:00,78105.0,78275.0,78010.0,78160.0,986
2026-04-27 16:10:00+02:00,78155.0,78315.0,78105.0,78290.0,892
2026-04-27 16:20:00+02:00,78275.0,78305.0,78190.0,78265.0,318
2026-04-27 16:30:00+02:00,78235.0,78625.0,78205.0,78530.0,2210
2026-04-27 16:40:00+02:00,78540.0,78680.0,78415.0,78630.0,749
2026-04-27 16:50:00+02:00,78620.0,78625.0,78175.0,78185.0,824
2026-04-27 17:00:00+02:00,78195.0,78210.0,77630.0,77800.0,3378
2026-04-27 17:10:00+02:00,77780.0,77880.0,77230.0,77310.0,3596
2026-04-27 17:20:00+02:00,77335.0,77400.0,76855.0,77165.0,2846
2026-04-27 17:30:00+02:00,77150.0,77415.0,77120.0,77380.0,1240
2026-04-27 17:40:00+02:00,77385.0,77445.0,77110.0,77145.0,655
2026-04-27 17:50:00+02:00,77135.0,77210.0,77040.0,77100.0,439
2026-04-27 18:00:00+02:00,77085.0,77170.0,76965.0,77080.0,588
2026-04-27 18:10:00+02:00,77055.0,77185.0,77025.0,77135.0,400
2026-04-27 18:20:00+02:00,77150.0,77155.0,77025.0,77060.0,265
2026-04-27 18:30:00+02:00,77070.0,77150.0,76965.0,77030.0,247
2026-04-27 18:40:00+02:00,77015.0,77015.0,76890.0,76925.0,396
2026-04-27 18:50:00+02:00,76930.0,77015.0,76845.0,76935.0,315
2026-04-27 19:00:00+02:00,76940.0,77105.0,76930.0,76990.0,360
2026-04-27 19:10:00+02:00,76995.0,77080.0,76930.0,76980.0,376
2026-04-27 19:20:00+02:00,76980.0,77210.0,76935.0,77135.0,626
2026-04-27 19:30:00+02:00,77130.0,77245.0,77130.0,77140.0,306
2026-04-27 19:40:00+02:00,77150.0,77225.0,77055.0,77130.0,836
2026-04-27 19:50:00+02:00,77115.0,77120.0,77010.0,77050.0,276
2026-04-27 20:00:00+02:00,77040.0,77130.0,76980.0,77000.0,327
2026-04-27 20:10:00+02:00,77005.0,77185.0,77005.0,77100.0,199
2026-04-27 20:20:00+02:00,77105.0,77145.0,76980.0,77005.0,74
2026-04-27 20:30:00+02:00,77010.0,77085.0,77000.0,77035.0,69
2026-04-27 20:40:00+02:00,77040.0,77165.0,77030.0,77140.0,261
2026-04-27 20:50:00+02:00,77140.0,77220.0,77135.0,77150.0,228
2026-04-27 21:00:00+02:00,77120.0,77200.0,77030.0,77090.0,408
2026-04-27 21:10:00+02:00,77095.0,77245.0,77090.0,77135.0,156
2026-04-27 21:20:00+02:00,77130.0,77155.0,76925.0,76925.0,457
2026-04-27 21:30:00+02:00,76920.0,76975.0,76765.0,76910.0,1732
2026-04-27 21:40:00+02:00,76930.0,77190.0,76930.0,77140.0,837
2026-04-27 21:50:00+02:00,77155.0,77250.0,77130.0,77250.0,844
2026-04-27 22:00:00+02:00,77250.0,77375.0,77155.0,77260.0,1055
2026-04-27 22:10:00+02:00,77240.0,77325.0,77230.0,77315.0,165
2026-04-27 22:20:00+02:00,77300.0,77370.0,77275.0,77365.0,141
2026-04-27 22:30:00+02:00,77340.0,77430.0,77335.0,77365.0,401
2026-04-27 22:40:00+02:00,77355.0,77375.0,77310.0,77325.0,232
2026-04-27 22:50:00+02:00,77340.0,77385.0,77305.0,77330.0,519
2026-04-28 00:00:00+02:00,77190.0,77280.0,76595.0,77215.0,876
2026-04-28 00:10:00+02:00,77215.0,77260.0,77200.0,77220.0,198
2026-04-28 00:30:00+02:00,77375.0,77420.0,77310.0,77315.0,495
2026-04-28 00:40:00+02:00,77330.0,77445.0,77320.0,77420.0,173
2026-04-28 00:50:00+02:00,77430.0,77465.0,77385.0,77455.0,289
2026-04-28 01:00:00+02:00,77455.0,77490.0,77375.0,77385.0,510
2026-04-28 01:10:00+02:00,77395.0,77600.0,77395.0,77500.0,491
2026-04-28 01:30:00+02:00,77510.0,77610.0,77500.0,77590.0,361
2026-04-28 01:40:00+02:00,77600.0,77720.0,77580.0,77695.0,314
2026-04-28 01:50:00+02:00,77705.0,77825.0,77655.0,77740.0,335
2026-04-28 02:00:00+02:00,77755.0,77765.0,77620.0,77735.0,544
2026-04-28 02:10:00+02:00,77725.0,77820.0,77605.0,77635.0,289
2026-04-28 02:20:00+02:00,77625.0,77695.0,77575.0,77605.0,254
2026-04-28 02:30:00+02:00,77605.0,77800.0,77575.0,77745.0,266
2026-04-28 02:40:00+02:00,77790.0,77880.0,77760.0,77800.0,320
2026-04-28 02:50:00+02:00,77765.0,77845.0,77680.0,77775.0,304
2026-04-28 03:10:00+02:00,77735.0,77775.0,77595.0,77605.0,82
2026-04-28 03:20:00+02:00,77595.0,77650.0,77565.0,77625.0,155
2026-04-28 03:30:00+02:00,77595.0,77625.0,77470.0,77575.0,210
2026-04-28 03:40:00+02:00,77565.0,77575.0,77420.0,77485.0,247
2026-04-28 04:00:00+02:00,77450.0,77595.0,77385.0,77500.0,238
2026-04-28 04:10:00+02:00,77500.0,77590.0,77455.0,77580.0,38
2026-04-28 04:30:00+02:00,77355.0,77390.0,77035.0,77060.0,431
2026-04-28 04:40:00+02:00,77065.0,77115.0,77010.0,77035.0,334
2026-04-28 04:50:00+02:00,77050.0,77255.0,77030.0,77230.0,298
2026-04-28 05:20:00+02:00,77105.0,77160.0,77060.0,77120.0,158
2026-04-28 07:00:00+02:00,77265.0,77410.0,77265.0,77320.0,321
2026-04-28 07:20:00+02:00,77320.0,77525.0,77315.0,77435.0,168
2026-04-28 07:40:00+02:00,77205.0,77260.0,77165.0,77240.0,89
2026-04-28 07:50:00+02:00,77260.0,77335.0,77230.0,77250.0,103
2026-04-28 08:30:00+02:00,77295.0,77315.0,77055.0,77130.0,751
2026-04-28 08:40:00+02:00,77135.0,77150.0,76890.0,76995.0,593
2026-04-28 08:50:00+02:00,77000.0,77065.0,77000.0,77015.0,66
2026-04-28 09:00:00+02:00,77005.0,77050.0,76915.0,76940.0,268
2026-04-28 09:10:00+02:00,76930.0,76950.0,76755.0,76830.0,496
2026-04-28 09:30:00+02:00,76990.0,77175.0,76990.0,77155.0,267
2026-04-28 09:40:00+02:00,77180.0,77235.0,77145.0,77155.0,306
2026-04-28 09:50:00+02:00,77160.0,77300.0,77120.0,77235.0,232
2026-04-28 10:00:00+02:00,77260.0,77260.0,77135.0,77145.0,181
2026-04-28 10:10:00+02:00,77135.0,77300.0,77125.0,77225.0,201
2026-04-28 10:20:00+02:00,77215.0,77345.0,77190.0,77345.0,186
2026-04-28 10:30:00+02:00,77360.0,77360.0,77215.0,77235.0,238
2026-04-28 10:40:00+02:00,77235.0,77240.0,77110.0,77175.0,153
2026-04-28 11:10:00+02:00,77165.0,77185.0,77100.0,77155.0,118
2026-04-28 11:40:00+02:00,77010.0,77040.0,76860.0,76905.0,393
2026-04-28 11:50:00+02:00,76860.0,76960.0,76790.0,76895.0,418
2026-04-28 12:00:00+02:00,76895.0,77010.0,76820.0,76855.0,211
2026-04-28 12:10:00+02:00,76865.0,76885.0,76775.0,76855.0,250
2026-04-28 12:30:00+02:00,76830.0,76920.0,76830.0,76850.0,128
2026-04-28 12:40:00+02:00,76895.0,76935.0,76885.0,76915.0,125
2026-04-28 12:50:00+02:00,76925.0,76950.0,76850.0,76915.0,687
2026-04-28 13:00:00+02:00,76920.0,76955.0,76740.0,76770.0,332
2026-04-28 13:10:00+02:00,76770.0,76785.0,76600.0,76740.0,628
2026-04-28 13:20:00+02:00,76665.0,76750.0,76535.0,76625.0,307
2026-04-28 13:30:00+02:00,76630.0,76630.0,76425.0,76490.0,647
2026-04-28 14:00:00+02:00,76565.0,76570.0,76480.0,76510.0,248
2026-04-28 14:10:00+02:00,76495.0,76635.0,76460.0,76490.0,251
2026-04-28 14:20:00+02:00,76500.0,76700.0,76490.0,76555.0,920
2026-04-28 14:30:00+02:00,76525.0,76615.0,76475.0,76575.0,287
2026-04-28 14:40:00+02:00,76620.0,76740.0,76580.0,76685.0,212
2026-04-28 14:50:00+02:00,76735.0,76755.0,76660.0,76740.0,246
2026-04-28 15:00:00+02:00,76710.0,76710.0,76395.0,76435.0,334
2026-04-28 15:10:00+02:00,76455.0,76530.0,76290.0,76440.0,798
2026-04-28 15:20:00+02:00,76440.0,76625.0,76415.0,76505.0,869
2026-04-28 15:30:00+02:00,76500.0,76700.0,76350.0,76660.0,1364
2026-04-28 15:40:00+02:00,76650.0,76765.0,76470.0,76620.0,1432
2026-04-28 15:50:00+02:00,76630.0,76650.0,76335.0,76505.0,615
2026-04-28 16:00:00+02:00,76515.0,76530.0,76305.0,76400.0,265
2026-04-28 16:10:00+02:00,76435.0,76455.0,76195.0,76315.0,647
2026-04-28 16:20:00+02:00,76275.0,76335.0,76035.0,76110.0,670
2026-04-28 16:30:00+02:00,76110.0,76220.0,75950.0,76045.0,1246
2026-04-28 16:40:00+02:00,76000.0,76160.0,75930.0,76035.0,541
2026-04-28 16:50:00+02:00,75995.0,76260.0,75950.0,76260.0,791
2026-04-28 17:00:00+02:00,76250.0,76385.0,76145.0,76315.0,687
2026-04-28 17:10:00+02:00,76305.0,76345.0,76235.0,76310.0,231
2026-04-28 17:40:00+02:00,76315.0,76370.0,76220.0,76240.0,137
2026-04-28 18:00:00+02:00,76365.0,76435.0,76305.0,76315.0,426
2026-04-28 18:30:00+02:00,76270.0,76330.0,76175.0,76220.0,169
2026-04-28 18:50:00+02:00,76265.0,76525.0,76215.0,76420.0,964
2026-04-28 19:00:00+02:00,76440.0,76520.0,76320.0,76355.0,178
2026-04-28 19:10:00+02:00,76335.0,76375.0,76265.0,76265.0,232
2026-04-28 19:20:00+02:00,76265.0,76455.0,76255.0,76405.0,279
2026-04-28 19:30:00+02:00,76420.0,76595.0,76420.0,76500.0,402
2026-04-28 19:40:00+02:00,76525.0,76550.0,76475.0,76505.0,190
2026-04-28 19:50:00+02:00,76510.0,76545.0,76440.0,76500.0,194
2026-04-28 20:00:00+02:00,76510.0,76590.0,76450.0,76500.0,175
2026-04-28 20:10:00+02:00,76495.0,76535.0,76450.0,76520.0,168
2026-04-28 20:20:00+02:00,76540.0,76610.0,76505.0,76570.0,245
2026-04-28 20:30:00+02:00,76555.0,76585.0,76495.0,76545.0,194
2026-04-28 20:50:00+02:00,76500.0,76585.0,76500.0,76555.0,145
2026-04-28 21:30:00+02:00,76490.0,76550.0,76450.0,76540.0,209
2026-04-28 21:40:00+02:00,76565.0,76690.0,76540.0,76610.0,562
2026-04-28 21:50:00+02:00,76625.0,76735.0,76605.0,76655.0,1049
2026-04-28 22:00:00+02:00,76655.0,76805.0,76655.0,76695.0,649
2026-04-28 22:10:00+02:00,76710.0,76760.0,76680.0,76715.0,561
2026-04-28 22:50:00+02:00,76810.0,76830.0,76780.0,76795.0,286
2026-04-29 00:50:00+02:00,76600.0,76605.0,76545.0,76590.0,61
2026-04-29 01:00:00+02:00,76565.0,76650.0,76520.0,76650.0,254
2026-04-29 01:30:00+02:00,76635.0,76655.0,76590.0,76610.0,153
2026-04-29 01:50:00+02:00,76660.0,76720.0,76660.0,76680.0,184
2026-04-29 02:00:00+02:00,76675.0,76705.0,76645.0,76690.0,90
2026-04-29 02:10:00+02:00,76670.0,76685.0,76595.0,76665.0,220
2026-04-29 02:20:00+02:00,76655.0,76655.0,76615.0,76630.0,77
2026-04-29 02:40:00+02:00,76710.0,76785.0,76695.0,76780.0,227
2026-04-29 02:50:00+02:00,76755.0,76910.0,76725.0,76870.0,223
2026-04-29 03:00:00+02:00,76845.0,76920.0,76655.0,76700.0,426
2026-04-29 03:20:00+02:00,76610.0,76640.0,76530.0,76545.0,154
2026-04-29 03:30:00+02:00,76530.0,76680.0,76460.0,76635.0,706
2026-04-29 03:40:00+02:00,76660.0,76995.0,76660.0,76985.0,541
2026-04-29 03:50:00+02:00,76945.0,77050.0,76895.0,76910.0,446
2026-04-29 04:00:00+02:00,76945.0,77030.0,76870.0,76970.0,391
2026-04-29 04:10:00+02:00,76940.0,76945.0,76875.0,76920.0,72
2026-04-29 04:40:00+02:00,76790.0,76850.0,76775.0,76850.0,122
2026-04-29 05:10:00+02:00,76940.0,77250.0,76935.0,77190.0,516
2026-04-29 05:20:00+02:00,77200.0,77260.0,77165.0,77245.0,185
2026-04-29 05:30:00+02:00,77240.0,77435.0,77170.0,77360.0,432
2026-04-29 05:40:00+02:00,77340.0,77510.0,77325.0,77380.0,556
2026-04-29 05:50:00+02:00,77365.0,77400.0,77320.0,77375.0,195
2026-04-29 06:00:00+02:00,77385.0,77390.0,77290.0,77305.0,241
2026-04-29 06:30:00+02:00,77405.0,77690.0,77400.0,77685.0,582
2026-04-29 06:40:00+02:00,77700.0,77880.0,77670.0,77685.0,668
2026-04-29 06:50:00+02:00,77720.0,77765.0,77645.0,77670.0,307
2026-04-29 07:00:00+02:00,77675.0,77720.0,77600.0,77685.0,274
2026-04-29 07:10:00+02:00,77680.0,77685.0,77575.0,77625.0,204
2026-04-29 07:20:00+02:00,77650.0,77675.0,77605.0,77655.0,108
2026-04-29 07:50:00+02:00,77660.0,77725.0,77640.0,77690.0,147
2026-04-29 08:00:00+02:00,77675.0,77745.0,77615.0,77665.0,183
2026-04-29 08:20:00+02:00,77615.0,77620.0,77485.0,77485.0,148
2026-04-29 09:10:00+02:00,77400.0,77495.0,77400.0,77430.0,159
2026-04-29 09:20:00+02:00,77435.0,77470.0,77400.0,77440.0,180
2026-04-29 09:30:00+02:00,77440.0,77575.0,77440.0,77535.0,100
2026-04-29 09:40:00+02:00,77495.0,77555.0,77410.0,77455.0,121
2026-04-29 10:00:00+02:00,77445.0,77460.0,77345.0,77360.0,436
2026-04-29 10:10:00+02:00,77370.0,77485.0,77355.0,77465.0,377
2026-04-29 10:20:00+02:00,77465.0,77520.0,77420.0,77455.0,86
2026-04-29 10:30:00+02:00,77435.0,77445.0,77310.0,77380.0,358
2026-04-29 10:40:00+02:00,77380.0,77425.0,77345.0,77380.0,102
2026-04-29 10:50:00+02:00,77380.0,77430.0,77380.0,77410.0,159
2026-04-29 11:00:00+02:00,77400.0,77425.0,77305.0,77335.0,127
2026-04-29 11:10:00+02:00,77330.0,77485.0,77330.0,77485.0,158
2026-04-29 11:30:00+02:00,77505.0,77685.0,77490.0,77605.0,193
2026-04-29 11:40:00+02:00,77610.0,78120.0,77600.0,78045.0,1239
2026-04-29 11:50:00+02:00,78060.0,78225.0,77975.0,78045.0,1313
2026-04-29 12:00:00+02:00,78080.0,78215.0,78035.0,78190.0,414
2026-04-29 12:10:00+02:00,78210.0,78240.0,78105.0,78165.0,556
2026-04-29 12:20:00+02:00,78155.0,78320.0,78125.0,78295.0,380
2026-04-29 12:30:00+02:00,78305.0,78310.0,78085.0,78085.0,442
2026-04-29 12:40:00+02:00,78070.0,78070.0,77940.0,78045.0,468
2026-04-29 12:50:00+02:00,78050.0,78065.0,77980.0,78005.0,149
2026-04-29 13:00:00+02:00,78015.0,78075.0,77895.0,77925.0,237
2026-04-29 13:10:00+02:00,77915.0,78010.0,77910.0,77910.0,126
2026-04-29 13:20:00+02:00,77915.0,77935.0,77865.0,77890.0,82
2026-04-29 13:30:00+02:00,77875.0,78095.0,77875.0,78000.0,614
2026-04-29 13:40:00+02:00,78030.0,78090.0,77955.0,77970.0,924
2026-04-29 13:50:00+02:00,77960.0,78030.0,77940.0,78000.0,98
2026-04-29 14:00:00+02:00,77970.0,78000.0,77855.0,77870.0,297
2026-04-29 14:20:00+02:00,77710.0,77710.0,77360.0,77540.0,705
2026-04-29 14:30:00+02:00,77525.0,77560.0,77345.0,77455.0,369
2026-04-29 14:40:00+02:00,77475.0,77575.0,77475.0,77495.0,222
2026-04-29 14:50:00+02:00,77505.0,77595.0,77495.0,77505.0,197
2026-04-29 15:00:00+02:00,77500.0,77580.0,77425.0,77455.0,232
2026-04-29 15:10:00+02:00,77455.0,77610.0,77445.0,77465.0,353
2026-04-29 15:20:00+02:00,77455.0,77470.0,77210.0,77270.0,511
2026-04-29 15:30:00+02:00,77255.0,77260.0,76905.0,77010.0,2112
2026-04-29 15:40:00+02:00,77005.0,77055.0,76715.0,76910.0,2377
2026-04-29 15:50:00+02:00,76920.0,77245.0,76900.0,77130.0,1092
2026-04-29 16:00:00+02:00,77085.0,77085.0,76830.0,76895.0,367
2026-04-29 16:10:00+02:00,76900.0,77005.0,76815.0,76950.0,364
2026-04-29 16:20:00+02:00,76935.0,77090.0,76865.0,77030.0,220
2026-04-29 16:30:00+02:00,77025.0,77175.0,76925.0,77050.0,310
2026-04-29 16:40:00+02:00,77020.0,77035.0,76760.0,76890.0,492
2026-04-29 16:50:00+02:00,76880.0,76970.0,76835.0,76870.0,253
2026-04-29 17:00:00+02:00,76870.0,76935.0,76580.0,76610.0,802
2026-04-29 17:10:00+02:00,76590.0,76650.0,76390.0,76530.0,2053
2026-04-29 17:20:00+02:00,76530.0,76565.0,76455.0,76490.0,546
2026-04-29 17:30:00+02:00,76500.0,76610.0,76235.0,76310.0,702
2026-04-29 17:40:00+02:00,76295.0,76330.0,76150.0,76280.0,934
2026-04-29 17:50:00+02:00,76275.0,76285.0,75930.0,76190.0,3295
2026-04-29 18:00:00+02:00,76195.0,76325.0,76100.0,76295.0,1145
2026-04-29 18:10:00+02:00,76295.0,76410.0,76105.0,76155.0,656
2026-04-29 18:20:00+02:00,76125.0,76150.0,75950.0,76090.0,983
2026-04-29 18:30:00+02:00,76060.0,76150.0,75965.0,76120.0,580
2026-04-29 18:40:00+02:00,76160.0,76185.0,76035.0,76045.0,229
2026-04-29 18:50:00+02:00,76035.0,76055.0,75910.0,76050.0,361
2026-04-29 19:00:00+02:00,76060.0,76255.0,76055.0,76180.0,331
2026-04-29 19:10:00+02:00,76175.0,76250.0,76140.0,76245.0,158
2026-04-29 19:20:00+02:00,76260.0,76370.0,76040.0,76140.0,568
2026-04-29 19:30:00+02:00,76165.0,76245.0,76120.0,76235.0,284
2026-04-29 19:40:00+02:00,76230.0,76320.0,76175.0,76270.0,360
2026-04-29 19:50:00+02:00,76230.0,76425.0,76180.0,76395.0,373
2026-04-29 20:00:00+02:00,76465.0,76525.0,75260.0,75320.0,2237
2026-04-29 20:10:00+02:00,75310.0,75530.0,75180.0,75390.0,2683
2026-04-29 20:20:00+02:00,75405.0,75620.0,75315.0,75405.0,792
2026-04-29 20:30:00+02:00,75390.0,75625.0,75160.0,75550.0,2177
2026-04-29 20:40:00+02:00,75545.0,75635.0,75420.0,75555.0,621
2026-04-29 20:50:00+02:00,75550.0,75775.0,75545.0,75750.0,630
2026-04-29 21:00:00+02:00,75765.0,75820.0,75605.0,75615.0,585
2026-04-29 21:10:00+02:00,75635.0,75860.0,75590.0,75795.0,469
2026-04-29 21:20:00+02:00,75800.0,75810.0,75685.0,75750.0,344
2026-04-29 21:30:00+02:00,75760.0,75760.0,75500.0,75650.0,705
2026-04-29 21:40:00+02:00,75665.0,75755.0,75620.0,75705.0,195
2026-04-29 21:50:00+02:00,75660.0,75840.0,75655.0,75810.0,612
2026-04-29 22:00:00+02:00,75815.0,75990.0,75780.0,75880.0,1813
2026-04-29 22:10:00+02:00,75900.0,75980.0,75740.0,75925.0,567
2026-04-29 22:20:00+02:00,75940.0,75960.0,75890.0,75945.0,355
2026-04-29 22:30:00+02:00,75940.0,76120.0,75855.0,76020.0,521
2026-04-29 22:40:00+02:00,76010.0,76120.0,75960.0,76015.0,219
2026-04-29 22:50:00+02:00,76045.0,76080.0,75955.0,75970.0,254
2026-04-30 00:00:00+02:00,76170.0,76260.0,76070.0,76190.0,390
2026-04-30 00:10:00+02:00,76170.0,76280.0,76155.0,76255.0,163
2026-04-30 00:30:00+02:00,76120.0,76255.0,76105.0,76245.0,326
2026-04-30 00:40:00+02:00,76225.0,76250.0,76175.0,76175.0,66
2026-04-30 00:50:00+02:00,76175.0,76250.0,76155.0,76195.0,132
2026-04-30 01:00:00+02:00,76195.0,76240.0,76145.0,76240.0,134
2026-04-30 02:00:00+02:00,76075.0,76160.0,76025.0,76055.0,318
2026-04-30 02:10:00+02:00,76020.0,76035.0,75920.0,75965.0,242
2026-04-30 02:30:00+02:00,76100.0,76470.0,76100.0,76440.0,352
2026-04-30 02:40:00+02:00,76425.0,76625.0,76295.0,76520.0,411
2026-04-30 03:00:00+02:00,76515.0,76660.0,76475.0,76515.0,211
2026-04-30 03:10:00+02:00,76545.0,76580.0,76430.0,76510.0,292
2026-04-30 03:30:00+02:00,76660.0,76690.0,76495.0,76545.0,159
2026-04-30 03:50:00+02:00,76665.0,76760.0,76485.0,76510.0,279
2026-04-30 04:20:00+02:00,76510.0,76535.0,76315.0,76375.0,449
2026-04-30 04:30:00+02:00,76380.0,76390.0,75740.0,75770.0,1305
2026-04-30 04:40:00+02:00,75795.0,75955.0,75795.0,75825.0,307
2026-04-30 04:50:00+02:00,75855.0,76030.0,75845.0,75975.0,275
2026-04-30 05:00:00+02:00,75960.0,76095.0,75925.0,76085.0,189
2026-04-30 05:10:00+02:00,76095.0,76160.0,76030.0,76070.0,177
2026-04-30 05:30:00+02:00,76175.0,76265.0,76125.0,76265.0,128
2026-04-30 05:40:00+02:00,76190.0,76235.0,76170.0,76215.0,102
2026-04-30 06:00:00+02:00,76220.0,76235.0,75955.0,76050.0,218
2026-04-30 06:30:00+02:00,75915.0,75920.0,75655.0,75700.0,387
2026-04-30 06:40:00+02:00,75670.0,75790.0,75645.0,75740.0,155
2026-04-30 07:00:00+02:00,75735.0,75870.0,75715.0,75860.0,189
2026-04-30 07:20:00+02:00,75765.0,75820.0,75565.0,75680.0,171
2026-04-30 07:40:00+02:00,75960.0,76025.0,75925.0,75965.0,195
2026-04-30 08:10:00+02:00,75870.0,75920.0,75825.0,75895.0,135
2026-04-30 08:20:00+02:00,75905.0,75950.0,75865.0,75935.0,186
2026-04-30 08:30:00+02:00,75945.0,76130.0,75945.0,76075.0,170
2026-04-30 09:10:00+02:00,76115.0,76125.0,76055.0,76065.0,49
2026-04-30 09:30:00+02:00,76185.0,76365.0,76175.0,76330.0,200
2026-04-30 09:40:00+02:00,76320.0,76450.0,76300.0,76450.0,190
2026-04-30 09:50:00+02:00,76470.0,76480.0,76335.0,76450.0,606
2026-04-30 10:20:00+02:00,76365.0,76450.0,76290.0,76360.0,357
2026-04-30 10:30:00+02:00,76360.0,76440.0,76325.0,76405.0,59
2026-04-30 10:40:00+02:00,76405.0,76450.0,76380.0,76420.0,256
2026-04-30 11:10:00+02:00,76375.0,76420.0,76300.0,76365.0,358
2026-04-30 11:20:00+02:00,76335.0,76520.0,76280.0,76520.0,190
2026-04-30 11:30:00+02:00,76525.0,76675.0,76495.0,76525.0,1344
2026-04-30 11:40:00+02:00,76535.0,76545.0,76360.0,76460.0,295
2026-04-30 11:50:00+02:00,76475.0,76505.0,76410.0,76415.0,184
2026-04-30 12:00:00+02:00,76405.0,76475.0,76385.0,76440.0,133
2026-04-30 12:10:00+02:00,76445.0,76445.0,76320.0,76320.0,128
2026-04-30 12:20:00+02:00,76305.0,76375.0,76280.0,76305.0,242
2026-04-30 12:30:00+02:00,76310.0,76415.0,76300.0,76360.0,534
2026-04-30 12:40:00+02:00,76375.0,76375.0,76295.0,76320.0,191
2026-04-30 13:00:00+02:00,76330.0,76540.0,76330.0,76475.0,520
2026-04-30 13:10:00+02:00,76470.0,76535.0,76425.0,76430.0,147
2026-04-30 13:20:00+02:00,76445.0,76445.0,76365.0,76390.0,131
2026-04-30 13:40:00+02:00,76340.0,76375.0,76160.0,76375.0,1083
2026-04-30 14:00:00+02:00,76360.0,76495.0,76330.0,76410.0,721
2026-04-30 14:10:00+02:00,76425.0,76565.0,76405.0,76550.0,725
2026-04-30 14:20:00+02:00,76560.0,76695.0,76540.0,76670.0,819
2026-04-30 14:30:00+02:00,76665.0,76725.0,76625.0,76665.0,439
2026-04-30 14:40:00+02:00,76660.0,76675.0,76560.0,76650.0,578
2026-04-30 14:50:00+02:00,76655.0,76755.0,76610.0,76625.0,603
2026-04-30 15:00:00+02:00,76625.0,76700.0,76590.0,76655.0,506
2026-04-30 15:10:00+02:00,76645.0,76680.0,76590.0,76640.0,271
2026-04-30 15:20:00+02:00,76640.0,76665.0,76435.0,76475.0,1210
2026-04-30 15:30:00+02:00,76470.0,76745.0,76385.0,76730.0,1951
2026-04-30 15:40:00+02:00,76710.0,77035.0,76710.0,76795.0,2431
2026-04-30 15:50:00+02:00,76800.0,76940.0,76725.0,76745.0,1035
2026-04-30 16:00:00+02:00,76750.0,76950.0,76725.0,76805.0,1743
2026-04-30 16:10:00+02:00,76790.0,76820.0,76410.0,76610.0,833
2026-04-30 16:20:00+02:00,76595.0,76685.0,76445.0,76685.0,749
2026-04-30 16:30:00+02:00,76655.0,76890.0,76490.0,76535.0,859
2026-04-30 16:40:00+02:00,76540.0,76780.0,76535.0,76710.0,493
2026-04-30 16:50:00+02:00,76715.0,76815.0,76590.0,76610.0,482
2026-04-30 17:00:00+02:00,76630.0,76730.0,76460.0,76730.0,461
2026-04-30 17:10:00+02:00,76735.0,76780.0,76640.0,76775.0,251
2026-04-30 17:20:00+02:00,76780.0,76845.0,76705.0,76845.0,299
2026-04-30 17:30:00+02:00,76850.0,77010.0,76675.0,76800.0,591
2026-04-30 17:40:00+02:00,76775.0,76800.0,76635.0,76780.0,259
2026-04-30 18:00:00+02:00,76795.0,76805.0,76660.0,76725.0,252
2026-04-30 18:20:00+02:00,76705.0,76710.0,76605.0,76675.0,185
2026-04-30 18:50:00+02:00,76685.0,76685.0,76510.0,76565.0,451
2026-04-30 19:00:00+02:00,76550.0,76640.0,76510.0,76635.0,423
2026-04-30 19:10:00+02:00,76625.0,76630.0,76365.0,76450.0,489
2026-04-30 19:20:00+02:00,76435.0,76475.0,76395.0,76455.0,281
2026-04-30 19:30:00+02:00,76460.0,76565.0,76415.0,76475.0,290
2026-04-30 19:40:00+02:00,76450.0,76535.0,76420.0,76505.0,121
2026-04-30 19:50:00+02:00,76515.0,76625.0,76470.0,76545.0,228
2026-04-30 20:00:00+02:00,76555.0,76695.0,76555.0,76600.0,591
2026-04-30 20:10:00+02:00,76600.0,76785.0,76545.0,76715.0,184
2026-04-30 20:20:00+02:00,76715.0,76740.0,76585.0,76585.0,146
2026-04-30 20:50:00+02:00,76745.0,76795.0,76655.0,76680.0,123
2026-04-30 21:00:00+02:00,76650.0,76750.0,76610.0,76750.0,343
2026-04-30 21:10:00+02:00,76750.0,76830.0,76730.0,76735.0,126
2026-04-30 21:30:00+02:00,76820.0,76860.0,76740.0,76815.0,130
2026-04-30 21:40:00+02:00,76790.0,76820.0,76715.0,76770.0,205
2026-04-30 21:50:00+02:00,76770.0,76785.0,76690.0,76715.0,359
2026-04-30 22:00:00+02:00,76720.0,76755.0,76640.0,76710.0,557
2026-04-30 22:10:00+02:00,76710.0,76785.0,76630.0,76720.0,423
2026-04-30 22:30:00+02:00,76780.0,76860.0,76760.0,76850.0,210
2026-04-30 22:40:00+02:00,76855.0,76885.0,76805.0,76870.0,170
2026-04-30 22:50:00+02:00,76860.0,76870.0,76790.0,76800.0,211
2026-05-01 00:00:00+02:00,76555.0,76685.0,76540.0,76635.0,401
2026-05-01 00:10:00+02:00,76625.0,76755.0,76625.0,76740.0,33
2026-05-01 00:50:00+02:00,76655.0,76705.0,76505.0,76565.0,133
2026-05-01 02:10:00+02:00,76820.0,76920.0,76760.0,76845.0,178
2026-05-01 02:50:00+02:00,76820.0,76820.0,76735.0,76775.0,82
2026-05-01 03:00:00+02:00,76800.0,76925.0,76780.0,76905.0,78
2026-05-01 03:10:00+02:00,76895.0,76975.0,76860.0,76960.0,251
2026-05-01 03:30:00+02:00,76875.0,76930.0,76855.0,76915.0,164
2026-05-01 03:40:00+02:00,76925.0,77100.0,76915.0,77090.0,333
2026-05-01 03:50:00+02:00,77060.0,77130.0,77010.0,77030.0,177
2026-05-01 05:00:00+02:00,76920.0,77025.0,76890.0,77005.0,79
2026-05-01 05:20:00+02:00,77615.0,77865.0,77570.0,77585.0,2121
2026-05-01 05:30:00+02:00,77630.0,77685.0,77495.0,77500.0,329
2026-05-01 05:40:00+02:00,77480.0,77560.0,77440.0,77525.0,262
2026-05-01 05:50:00+02:00,77545.0,77575.0,77435.0,77495.0,103
2026-05-01 06:00:00+02:00,77505.0,77535.0,77440.0,77510.0,103
2026-05-01 06:10:00+02:00,77480.0,77600.0,77465.0,77570.0,165
2026-05-01 06:30:00+02:00,77380.0,77460.0,77380.0,77430.0,77
2026-05-01 08:40:00+02:00,77410.0,77445.0,77335.0,77385.0,176
2026-05-01 08:50:00+02:00,77365.0,77480.0,77240.0,77370.0,303
2026-05-01 09:30:00+02:00,77350.0,77370.0,77315.0,77355.0,84
2026-05-01 09:40:00+02:00,77365.0,77420.0,77335.0,77420.0,127
2026-05-01 09:50:00+02:00,77460.0,77495.0,77435.0,77475.0,642
2026-05-01 10:10:00+02:00,77490.0,77765.0,77490.0,77715.0,351
2026-05-01 10:20:00+02:00,77735.0,77915.0,77725.0,77855.0,488
2026-05-01 10:30:00+02:00,77815.0,77850.0,77745.0,77805.0,322
2026-05-01 10:40:00+02:00,77795.0,77820.0,77735.0,77755.0,189
2026-05-01 10:50:00+02:00,77755.0,77780.0,77735.0,77765.0,266
2026-05-01 11:00:00+02:00,77770.0,77800.0,77665.0,77740.0,188
2026-05-01 11:10:00+02:00,77745.0,77755.0,77695.0,77725.0,130
2026-05-01 11:30:00+02:00,77730.0,77745.0,77660.0,77665.0,95
2026-05-01 11:40:00+02:00,77675.0,77680.0,77585.0,77595.0,167
2026-05-01 12:30:00+02:00,77730.0,77765.0,77635.0,77645.0,179
2026-05-01 12:40:00+02:00,77640.0,77660.0,77615.0,77630.0,109
2026-05-01 13:00:00+02:00,77670.0,77705.0,77630.0,77640.0,116
2026-05-01 13:10:00+02:00,77640.0,77815.0,77635.0,77815.0,81
2026-05-01 13:20:00+02:00,77815.0,77990.0,77740.0,77775.0,470
2026-05-01 13:40:00+02:00,77760.0,77820.0,77735.0,77760.0,224
2026-05-01 14:00:00+02:00,77855.0,77935.0,77800.0,77840.0,339
2026-05-01 14:10:00+02:00,77840.0,78120.0,77800.0,78105.0,1073
2026-05-01 14:20:00+02:00,78100.0,78230.0,78065.0,78180.0,755
2026-05-01 14:30:00+02:00,78175.0,78615.0,78175.0,78465.0,2307
2026-05-01 14:40:00+02:00,78445.0,78565.0,78360.0,78430.0,990
2026-05-01 14:50:00+02:00,78430.0,78450.0,78340.0,78340.0,425
2026-05-01 15:00:00+02:00,78330.0,78670.0,78330.0,78630.0,505
2026-05-01 15:10:00+02:00,78650.0,78895.0,78600.0,78745.0,1184
2026-05-01 15:20:00+02:00,78760.0,78815.0,78705.0,78710.0,920
2026-05-01 15:30:00+02:00,78725.0,78980.0,78630.0,78645.0,1790
2026-05-01 15:40:00+02:00,78645.0,78850.0,78555.0,78780.0,788
2026-05-01 15:50:00+02:00,78780.0,79420.0,78740.0,79190.0,4762
2026-05-01 16:00:00+02:00,79200.0,79265.0,79025.0,79105.0,1566
2026-05-01 16:10:00+02:00,79100.0,79355.0,78920.0,78925.0,1624
2026-05-01 16:20:00+02:00,78940.0,78975.0,78615.0,78685.0,922
2026-05-01 16:30:00+02:00,78680.0,78720.0,78440.0,78630.0,795
2026-05-01 16:40:00+02:00,78625.0,78820.0,78530.0,78805.0,353
2026-05-01 16:50:00+02:00,78825.0,78895.0,78705.0,78775.0,431
2026-05-01 17:00:00+02:00,78755.0,78755.0,78585.0,78730.0,345
2026-05-01 17:10:00+02:00,78725.0,79000.0,78710.0,78915.0,338
2026-05-01 17:30:00+02:00,78995.0,79165.0,78955.0,79120.0,536
2026-05-01 17:40:00+02:00,79150.0,79175.0,79055.0,79125.0,175
2026-05-01 17:50:00+02:00,79085.0,79085.0,78605.0,78885.0,985
2026-05-01 18:00:00+02:00,78860.0,79120.0,78860.0,78960.0,432
2026-05-01 18:10:00+02:00,78940.0,78960.0,78740.0,78775.0,157
2026-05-01 18:20:00+02:00,78720.0,78895.0,78580.0,78765.0,561
2026-05-01 18:40:00+02:00,78805.0,78805.0,78590.0,78615.0,265
2026-05-01 18:50:00+02:00,78610.0,78780.0,78565.0,78640.0,255
2026-05-01 19:00:00+02:00,78645.0,78740.0,78520.0,78605.0,203
2026-05-01 19:10:00+02:00,78620.0,78760.0,78600.0,78730.0,158
2026-05-01 19:20:00+02:00,78705.0,78715.0,78590.0,78595.0,168
2026-05-01 19:40:00+02:00,78950.0,78980.0,78830.0,78865.0,269
2026-05-01 19:50:00+02:00,78875.0,79015.0,78860.0,78995.0,277
2026-05-01 20:10:00+02:00,78925.0,79015.0,78890.0,79015.0,334
2026-05-01 20:20:00+02:00,79010.0,79065.0,78945.0,79025.0,199
2026-05-01 20:40:00+02:00,78935.0,78935.0,78805.0,78890.0,82
2026-05-01 20:50:00+02:00,78900.0,78900.0,78770.0,78825.0,242
2026-05-01 21:00:00+02:00,78830.0,78950.0,78800.0,78910.0,170
2026-05-01 21:10:00+02:00,78915.0,78930.0,78735.0,78760.0,488
2026-05-01 21:20:00+02:00,78765.0,78860.0,78745.0,78810.0,270
2026-05-01 21:30:00+02:00,78785.0,78810.0,78675.0,78730.0,564
2026-05-01 21:40:00+02:00,78710.0,78785.0,78700.0,78730.0,319
2026-05-01 21:50:00+02:00,78725.0,78860.0,78705.0,78740.0,686
2026-05-01 22:00:00+02:00,78740.0,78810.0,78670.0,78680.0,459
2026-05-01 22:10:00+02:00,78675.0,78680.0,78520.0,78525.0,658
2026-05-01 22:20:00+02:00,78525.0,78545.0,78410.0,78475.0,859
2026-05-01 22:30:00+02:00,78475.0,78515.0,78415.0,78415.0,355
2026-05-01 22:40:00+02:00,78425.0,78425.0,78265.0,78295.0,373
2026-05-01 22:50:00+02:00,78300.0,78325.0,78110.0,78270.0,428
2026-05-04 00:00:00+02:00,78960.0,79545.0,78960.0,79295.0,1641
2026-05-04 00:10:00+02:00,79330.0,79845.0,79330.0,79590.0,1444
2026-05-04 00:20:00+02:00,79580.0,79605.0,79340.0,79480.0,675
2026-05-04 00:30:00+02:00,79485.0,79600.0,79365.0,79530.0,186
2026-05-04 00:40:00+02:00,79570.0,79790.0,79570.0,79730.0,266
2026-05-04 00:50:00+02:00,79680.0,79720.0,79545.0,79565.0,216
2026-05-04 01:00:00+02:00,79565.0,79665.0,79500.0,79510.0,176
2026-05-04 01:10:00+02:00,79510.0,79530.0,79335.0,79345.0,266
2026-05-04 01:20:00+02:00,79345.0,79360.0,78960.0,78975.0,859
2026-05-04 01:30:00+02:00,78950.0,79095.0,78900.0,79030.0,242
2026-05-04 01:40:00+02:00,79015.0,79015.0,78810.0,78905.0,177
2026-05-04 02:00:00+02:00,78885.0,78920.0,78750.0,78790.0,254
2026-05-04 02:10:00+02:00,78795.0,78845.0,78700.0,78775.0,208
2026-05-04 02:20:00+02:00,78775.0,78805.0,78610.0,78700.0,348
2026-05-04 02:30:00+02:00,78670.0,78780.0,78635.0,78670.0,124
2026-05-04 02:40:00+02:00,78655.0,78815.0,78650.0,78800.0,173
2026-05-04 03:00:00+02:00,78900.0,78915.0,78735.0,78795.0,262
2026-05-04 03:10:00+02:00,78765.0,78860.0,78725.0,78785.0,182
2026-05-04 03:20:00+02:00,78770.0,78965.0,78730.0,78955.0,260
2026-05-04 03:30:00+02:00,78935.0,79505.0,78925.0,79225.0,702
2026-05-04 03:40:00+02:00,79235.0,79365.0,79135.0,79345.0,307
2026-05-04 03:50:00+02:00,79325.0,80220.0,79325.0,80145.0,4444
2026-05-04 04:00:00+02:00,80200.0,80535.0,79935.0,80315.0,2712
2026-05-04 04:10:00+02:00,80325.0,80375.0,80165.0,80285.0,1192
2026-05-04 04:20:00+02:00,80310.0,80345.0,80005.0,80105.0,502
2026-05-04 04:30:00+02:00,80115.0,80345.0,80105.0,80335.0,287
2026-05-04 04:40:00+02:00,80335.0,80710.0,80330.0,80490.0,1333
2026-05-04 04:50:00+02:00,80550.0,80835.0,80515.0,80570.0,654
2026-05-04 05:00:00+02:00,80605.0,80720.0,80375.0,80680.0,763
2026-05-04 05:10:00+02:00,80625.0,80840.0,80595.0,80595.0,632
2026-05-04 05:20:00+02:00,80610.0,80675.0,80455.0,80515.0,430
2026-05-04 05:30:00+02:00,80510.0,80545.0,80390.0,80405.0,337
2026-05-04 05:40:00+02:00,80395.0,80655.0,80320.0,80630.0,364
2026-05-04 05:50:00+02:00,80625.0,80735.0,80565.0,80735.0,538
2026-05-04 06:00:00+02:00,80740.0,80890.0,80725.0,80850.0,486
2026-05-04 06:20:00+02:00,80950.0,80980.0,80635.0,80765.0,416
2026-05-04 06:40:00+02:00,80700.0,80780.0,80695.0,80695.0,93
2026-05-04 06:50:00+02:00,80690.0,80780.0,80625.0,80740.0,297
2026-05-04 07:00:00+02:00,80725.0,80805.0,80605.0,80645.0,332
2026-05-04 07:10:00+02:00,80645.0,80645.0,80435.0,80455.0,526
2026-05-04 07:20:00+02:00,80450.0,80545.0,80375.0,80420.0,386
2026-05-04 07:30:00+02:00,80395.0,80510.0,80375.0,80485.0,206
2026-05-04 07:40:00+02:00,80495.0,80500.0,80390.0,80390.0,224
2026-05-04 07:50:00+02:00,80415.0,80445.0,80380.0,80400.0,173
2026-05-04 08:00:00+02:00,80440.0,80440.0,80285.0,80320.0,198
2026-05-04 08:10:00+02:00,80305.0,80385.0,80200.0,80210.0,227
2026-05-04 08:20:00+02:00,80205.0,80220.0,79865.0,80075.0,848
2026-05-04 08:30:00+02:00,80070.0,80165.0,80020.0,80115.0,386
2026-05-04 08:40:00+02:00,80120.0,80260.0,80080.0,80230.0,351
2026-05-04 08:50:00+02:00,80240.0,80365.0,80240.0,80240.0,332
2026-05-04 09:10:00+02:00,80260.0,80310.0,80195.0,80250.0,161
2026-05-04 09:20:00+02:00,80240.0,80265.0,80200.0,80220.0,101
2026-05-04 09:40:00+02:00,80100.0,80295.0,80095.0,80220.0,117
2026-05-04 09:50:00+02:00,80185.0,80185.0,80045.0,80070.0,274
2026-05-04 10:00:00+02:00,80050.0,80110.0,79950.0,80070.0,778
2026-05-04 10:10:00+02:00,80065.0,80150.0,80050.0,80095.0,520
2026-05-04 10:20:00+02:00,80110.0,80115.0,79955.0,80090.0,241
2026-05-04 10:50:00+02:00,80010.0,80110.0,79955.0,80045.0,181
2026-05-04 11:20:00+02:00,80055.0,80160.0,80030.0,80050.0,66
2026-05-04 11:40:00+02:00,80130.0,80220.0,80120.0,80210.0,183
2026-05-04 12:00:00+02:00,80170.0,80215.0,78930.0,79155.0,3331
2026-05-04 12:10:00+02:00,79075.0,79120.0,78665.0,78690.0,2648
2026-05-04 12:20:00+02:00,78680.0,78825.0,78515.0,78800.0,3795
2026-05-04 12:30:00+02:00,78785.0,79355.0,78740.0,79265.0,1926
2026-05-04 12:40:00+02:00,79260.0,79395.0,79225.0,79380.0,352
2026-05-04 12:50:00+02:00,79380.0,79430.0,79170.0,79275.0,564
2026-05-04 13:00:00+02:00,79270.0,79420.0,79220.0,79365.0,775
2026-05-04 13:10:00+02:00,79360.0,79455.0,79305.0,79440.0,348
2026-05-04 13:20:00+02:00,79450.0,79485.0,79230.0,79280.0,376
2026-05-04 13:30:00+02:00,79255.0,79255.0,79010.0,79090.0,711
2026-05-04 13:40:00+02:00,79080.0,79140.0,79010.0,79080.0,255
2026-05-04 13:50:00+02:00,79075.0,79185.0,79075.0,79110.0,74
2026-05-04 14:00:00+02:00,79105.0,79170.0,79010.0,79070.0,546
2026-05-04 14:10:00+02:00,79075.0,79310.0,79050.0,79305.0,464
2026-05-04 14:20:00+02:00,79305.0,79375.0,79220.0,79275.0,941
2026-05-04 14:30:00+02:00,79270.0,79300.0,79150.0,79240.0,213
2026-05-04 14:40:00+02:00,79240.0,79320.0,79240.0,79295.0,128
2026-05-04 15:00:00+02:00,79170.0,79225.0,78870.0,79225.0,1331
2026-05-04 15:10:00+02:00,79235.0,79325.0,79160.0,79245.0,565
2026-05-04 15:20:00+02:00,79250.0,79390.0,79230.0,79285.0,942
2026-05-04 15:30:00+02:00,79275.0,79460.0,79150.0,79280.0,1761
2026-05-04 15:40:00+02:00,79280.0,79285.0,79080.0,79155.0,667
2026-05-04 15:50:00+02:00,79135.0,79180.0,79015.0,79090.0,480
2026-05-04 16:00:00+02:00,79095.0,79135.0,78785.0,78825.0,1588
2026-05-04 16:10:00+02:00,78810.0,79425.0,78805.0,79375.0,994
2026-05-04 16:20:00+02:00,79430.0,79765.0,79380.0,79600.0,1591
2026-05-04 16:30:00+02:00,79595.0,79960.0,79595.0,79900.0,1170
2026-05-04 16:40:00+02:00,79895.0,80600.0,79850.0,80450.0,2557
2026-05-04 16:50:00+02:00,80460.0,80990.0,80460.0,80615.0,3047
2026-05-04 17:00:00+02:00,80610.0,80795.0,80480.0,80505.0,2428
2026-05-04 17:10:00+02:00,80495.0,80635.0,79910.0,79925.0,2417
2026-05-04 17:20:00+02:00,79915.0,80170.0,79705.0,80085.0,4681
2026-05-04 17:30:00+02:00,80100.0,80165.0,79850.0,80100.0,1252
2026-05-04 17:40:00+02:00,80070.0,80310.0,79985.0,80195.0,607
2026-05-04 17:50:00+02:00,80170.0,80530.0,79915.0,80395.0,1639
2026-05-04 18:00:00+02:00,80405.0,80450.0,79990.0,80135.0,1433
2026-05-04 18:10:00+02:00,80130.0,80540.0,79930.0,80500.0,1310
2026-05-04 18:20:00+02:00,80475.0,80785.0,80460.0,80645.0,1662
2026-05-04 18:30:00+02:00,80630.0,80770.0,80530.0,80685.0,1179
2026-05-04 18:40:00+02:00,80690.0,80775.0,80560.0,80595.0,576
2026-05-04 18:50:00+02:00,80615.0,80635.0,80335.0,80385.0,500
2026-05-04 19:00:00+02:00,80385.0,80755.0,80385.0,80735.0,905
2026-05-04 19:10:00+02:00,80755.0,80925.0,80700.0,80835.0,1817
2026-05-04 19:20:00+02:00,80830.0,80910.0,80790.0,80845.0,396
2026-05-04 19:30:00+02:00,80820.0,80855.0,80660.0,80725.0,702
2026-05-04 19:40:00+02:00,80730.0,80845.0,80645.0,80805.0,239
2026-05-04 19:50:00+02:00,80805.0,81155.0,80740.0,80765.0,1599
2026-05-04 20:00:00+02:00,80795.0,80825.0,80630.0,80760.0,506
2026-05-04 20:10:00+02:00,80750.0,80810.0,80585.0,80625.0,371
2026-05-04 20:20:00+02:00,80610.0,80670.0,80490.0,80615.0,350
2026-05-04 20:30:00+02:00,80640.0,80680.0,80570.0,80610.0,156
2026-05-04 20:50:00+02:00,80530.0,80530.0,80350.0,80485.0,665
2026-05-04 21:10:00+02:00,80375.0,80460.0,80285.0,80310.0,174
2026-05-04 21:20:00+02:00,80325.0,80335.0,80215.0,80280.0,512
2026-05-04 21:30:00+02:00,80260.0,80355.0,80245.0,80245.0,300
2026-05-04 21:40:00+02:00,80255.0,80405.0,80230.0,80375.0,470
2026-05-04 21:50:00+02:00,80370.0,80450.0,80280.0,80365.0,956
2026-05-04 22:00:00+02:00,80370.0,80405.0,80295.0,80345.0,658
2026-05-04 22:10:00+02:00,80350.0,80495.0,80260.0,80270.0,514
2026-05-04 22:20:00+02:00,80285.0,80385.0,80230.0,80340.0,226
2026-05-04 22:30:00+02:00,80345.0,80365.0,80210.0,80225.0,240
2026-05-04 22:40:00+02:00,80220.0,80330.0,80210.0,80325.0,284
2026-05-04 22:50:00+02:00,80305.0,80305.0,80240.0,80250.0,319
2026-05-05 00:00:00+02:00,80600.0,80730.0,80530.0,80650.0,324
2026-05-05 00:50:00+02:00,80510.0,80510.0,80355.0,80380.0,83
2026-05-05 01:10:00+02:00,80225.0,80255.0,80165.0,80235.0,201
2026-05-05 01:30:00+02:00,80245.0,80245.0,80050.0,80100.0,270
2026-05-05 02:00:00+02:00,80155.0,80315.0,80110.0,80230.0,318
2026-05-05 02:10:00+02:00,80255.0,80305.0,80215.0,80275.0,152
2026-05-05 02:20:00+02:00,80260.0,80270.0,80160.0,80165.0,81
2026-05-05 02:40:00+02:00,80380.0,80435.0,80325.0,80375.0,106
2026-05-05 02:50:00+02:00,80420.0,80525.0,80420.0,80505.0,260
2026-05-05 03:00:00+02:00,80515.0,80550.0,80385.0,80530.0,123
2026-05-05 03:10:00+02:00,80535.0,80600.0,80500.0,80545.0,202
2026-05-05 03:20:00+02:00,80535.0,80635.0,80535.0,80580.0,398
2026-05-05 03:30:00+02:00,80580.0,80665.0,80485.0,80580.0,384
2026-05-05 03:40:00+02:00,80565.0,80720.0,80540.0,80665.0,213
2026-05-05 03:50:00+02:00,80665.0,80725.0,80640.0,80685.0,103
2026-05-05 04:00:00+02:00,80665.0,80855.0,80625.0,80785.0,224
2026-05-05 04:30:00+02:00,80825.0,81105.0,80795.0,81040.0,476
2026-05-05 04:40:00+02:00,81040.0,81280.0,80900.0,80935.0,1637
2026-05-05 04:50:00+02:00,80950.0,81005.0,80870.0,80920.0,164
2026-05-05 05:00:00+02:00,80930.0,80955.0,80820.0,80890.0,231
2026-05-05 05:10:00+02:00,80880.0,81125.0,80880.0,81125.0,172
2026-05-05 05:20:00+02:00,81125.0,81240.0,81095.0,81175.0,513
2026-05-05 05:30:00+02:00,81195.0,81510.0,81135.0,81250.0,921
2026-05-05 05:40:00+02:00,81285.0,81390.0,81205.0,81310.0,376
2026-05-05 05:50:00+02:00,81300.0,81325.0,81245.0,81300.0,201
2026-05-05 06:00:00+02:00,81300.0,81375.0,81215.0,81245.0,168
2026-05-05 06:10:00+02:00,81230.0,81290.0,81155.0,81230.0,255
2026-05-05 06:20:00+02:00,81235.0,81315.0,81185.0,81190.0,233
2026-05-05 06:30:00+02:00,81200.0,81255.0,81130.0,81215.0,764
2026-05-05 06:40:00+02:00,81220.0,81340.0,81130.0,81320.0,170
2026-05-05 06:50:00+02:00,81330.0,81360.0,81265.0,81295.0,392
2026-05-05 07:00:00+02:00,81270.0,81315.0,81230.0,81295.0,322
2026-05-05 07:10:00+02:00,81285.0,81375.0,81270.0,81340.0,238
2026-05-05 07:20:00+02:00,81325.0,81620.0,81305.0,81470.0,974
2026-05-05 07:30:00+02:00,81470.0,81745.0,81425.0,81630.0,482
2026-05-05 07:40:00+02:00,81615.0,81665.0,81330.0,81365.0,825
2026-05-05 07:50:00+02:00,81390.0,81485.0,81360.0,81375.0,276
2026-05-05 08:00:00+02:00,81385.0,81425.0,81285.0,81335.0,430
2026-05-05 08:10:00+02:00,81310.0,81390.0,81275.0,81300.0,220
2026-05-05 08:20:00+02:00,81305.0,81310.0,81200.0,81235.0,326
2026-05-05 08:30:00+02:00,81235.0,81310.0,81200.0,81210.0,370
2026-05-05 08:40:00+02:00,81215.0,81310.0,81180.0,81295.0,277
2026-05-05 08:50:00+02:00,81315.0,81380.0,81290.0,81365.0,104
2026-05-05 09:00:00+02:00,81375.0,81375.0,81275.0,81275.0,265
2026-05-05 09:10:00+02:00,81285.0,81425.0,81285.0,81380.0,218
2026-05-05 09:20:00+02:00,81405.0,81515.0,81390.0,81455.0,226
2026-05-05 09:30:00+02:00,81460.0,81550.0,81415.0,81525.0,199
2026-05-05 09:40:00+02:00,81515.0,81530.0,81290.0,81365.0,342
2026-05-05 09:50:00+02:00,81360.0,81360.0,81245.0,81275.0,145
2026-05-05 10:00:00+02:00,81265.0,81310.0,81240.0,81295.0,392
2026-05-05 10:10:00+02:00,81295.0,81305.0,81200.0,81255.0,172
2026-05-05 10:30:00+02:00,81265.0,81275.0,81160.0,81180.0,78
2026-05-05 10:40:00+02:00,81175.0,81220.0,81110.0,81195.0,470
2026-05-05 10:50:00+02:00,81240.0,81250.0,81150.0,81195.0,353
2026-05-05 11:00:00+02:00,81195.0,81195.0,81065.0,81115.0,605
2026-05-05 11:10:00+02:00,81115.0,81115.0,81015.0,81030.0,285
2026-05-05 11:20:00+02:00,81040.0,81065.0,80975.0,81025.0,265
2026-05-05 11:30:00+02:00,81025.0,81100.0,80920.0,80975.0,330
2026-05-05 11:50:00+02:00,80930.0,80980.0,80870.0,80960.0,136
2026-05-05 12:00:00+02:00,80960.0,81090.0,80895.0,81070.0,387
2026-05-05 12:10:00+02:00,81070.0,81120.0,81060.0,81110.0,189
2026-05-05 12:20:00+02:00,81125.0,81145.0,81085.0,81115.0,161
2026-05-05 12:30:00+02:00,81135.0,81245.0,81130.0,81170.0,410
2026-05-05 12:40:00+02:00,81185.0,81250.0,81180.0,81210.0,133
2026-05-05 12:50:00+02:00,81200.0,81240.0,81110.0,81235.0,126
2026-05-05 13:10:00+02:00,81260.0,81385.0,81210.0,81240.0,312
2026-05-05 13:20:00+02:00,81250.0,81375.0,81200.0,81335.0,194
2026-05-05 13:30:00+02:00,81365.0,81510.0,81325.0,81420.0,293
2026-05-05 13:40:00+02:00,81450.0,81485.0,81380.0,81395.0,152
2026-05-05 13:50:00+02:00,81390.0,81425.0,81270.0,81400.0,150
2026-05-05 14:00:00+02:00,81405.0,81475.0,81310.0,81430.0,382
2026-05-05 14:10:00+02:00,81430.0,81545.0,81430.0,81480.0,251
2026-05-05 14:20:00+02:00,81470.0,81665.0,81455.0,81640.0,374
2026-05-05 14:30:00+02:00,81645.0,81700.0,81565.0,81650.0,456
2026-05-05 14:40:00+02:00,81670.0,81730.0,81590.0,81630.0,339
2026-05-05 14:50:00+02:00,81630.0,81720.0,81620.0,81690.0,162
2026-05-05 15:00:00+02:00,81675.0,82090.0,81665.0,81975.0,1425
2026-05-05 15:10:00+02:00,81980.0,82065.0,81885.0,81970.0,1217
2026-05-05 15:20:00+02:00,81960.0,82125.0,81775.0,81810.0,2204
2026-05-05 15:30:00+02:00,81830.0,81930.0,81720.0,81720.0,1997
2026-05-05 15:40:00+02:00,81685.0,82020.0,81560.0,82000.0,1443
2026-05-05 15:50:00+02:00,82005.0,82065.0,81525.0,81695.0,1325
2026-05-05 16:00:00+02:00,81695.0,81795.0,81525.0,81605.0,629
2026-05-05 16:10:00+02:00,81640.0,81720.0,81300.0,81380.0,2718
2026-05-05 16:20:00+02:00,81355.0,81835.0,81265.0,81760.0,951
2026-05-05 16:30:00+02:00,81790.0,81885.0,81500.0,81565.0,752
2026-05-05 16:40:00+02:00,81565.0,81645.0,81460.0,81540.0,567
2026-05-05 16:50:00+02:00,81545.0,81775.0,81500.0,81695.0,299
2026-05-05 17:00:00+02:00,81655.0,81875.0,81580.0,81740.0,267
2026-05-05 17:10:00+02:00,81755.0,82065.0,81720.0,81925.0,1100
2026-05-05 17:20:00+02:00,81925.0,82070.0,81895.0,82020.0,816
2026-05-05 17:30:00+02:00,82025.0,82065.0,81925.0,81985.0,263
2026-05-05 17:40:00+02:00,82025.0,82105.0,81940.0,82040.0,251
2026-05-05 17:50:00+02:00,82035.0,82035.0,81890.0,81905.0,194
2026-05-05 18:00:00+02:00,81985.0,81985.0,81850.0,81865.0,276
2026-05-05 18:10:00+02:00,81825.0,81900.0,81770.0,81855.0,351
2026-05-05 18:20:00+02:00,81865.0,81925.0,81685.0,81770.0,399
2026-05-05 18:30:00+02:00,81760.0,81760.0,81415.0,81470.0,599
2026-05-05 18:40:00+02:00,81465.0,81530.0,81360.0,81505.0,948
2026-05-05 18:50:00+02:00,81515.0,81650.0,81500.0,81625.0,371
2026-05-05 19:00:00+02:00,81610.0,81735.0,81510.0,81560.0,429
2026-05-05 19:10:00+02:00,81555.0,81750.0,81555.0,81725.0,297
2026-05-05 19:20:00+02:00,81735.0,81800.0,81680.0,81735.0,334
2026-05-05 19:30:00+02:00,81735.0,81735.0,81610.0,81610.0,405
2026-05-05 19:50:00+02:00,81615.0,81670.0,81585.0,81585.0,116
2026-05-05 20:00:00+02:00,81610.0,81775.0,81605.0,81720.0,220
2026-05-05 20:10:00+02:00,81720.0,81940.0,81705.0,81835.0,448
2026-05-05 20:20:00+02:00,81820.0,81860.0,81765.0,81800.0,318
2026-05-05 20:40:00+02:00,81800.0,81905.0,81790.0,81850.0,237
2026-05-05 20:50:00+02:00,81880.0,81895.0,81750.0,81860.0,317
2026-05-05 21:00:00+02:00,81850.0,81855.0,81785.0,81815.0,106
2026-05-05 21:10:00+02:00,81795.0,81900.0,81735.0,81895.0,221
2026-05-05 21:30:00+02:00,81860.0,81990.0,81850.0,81895.0,291
2026-05-05 21:40:00+02:00,81885.0,82050.0,81885.0,82025.0,472
2026-05-05 21:50:00+02:00,82010.0,82010.0,81865.0,81935.0,1203
2026-05-05 22:00:00+02:00,81940.0,82135.0,81845.0,82005.0,1468
2026-05-05 22:10:00+02:00,82000.0,82130.0,81925.0,81985.0,472
2026-05-05 22:20:00+02:00,81985.0,82000.0,81875.0,81890.0,248
2026-05-05 22:30:00+02:00,81885.0,82060.0,81865.0,81960.0,458
2026-05-05 22:40:00+02:00,81955.0,82070.0,81885.0,81930.0,381
2026-05-05 22:50:00+02:00,81910.0,81990.0,81905.0,81950.0,282
2026-05-06 00:10:00+02:00,81715.0,81750.0,81630.0,81715.0,291
2026-05-06 00:20:00+02:00,81735.0,81890.0,81670.0,81795.0,442
2026-05-06 00:30:00+02:00,81765.0,81765.0,81265.0,81350.0,1237
2026-05-06 00:40:00+02:00,81350.0,81435.0,81115.0,81415.0,938
2026-05-06 00:50:00+02:00,81415.0,81740.0,81365.0,81470.0,1679
2026-05-06 01:00:00+02:00,81510.0,81510.0,81340.0,81470.0,319
2026-05-06 01:10:00+02:00,81490.0,81560.0,81420.0,81425.0,188
2026-05-06 01:20:00+02:00,81440.0,81440.0,81185.0,81210.0,622
2026-05-06 01:30:00+02:00,81210.0,81295.0,81085.0,81145.0,448
2026-05-06 01:40:00+02:00,81150.0,81290.0,81105.0,81245.0,270
2026-05-06 02:00:00+02:00,81210.0,81425.0,81195.0,81410.0,458
2026-05-06 02:10:00+02:00,81405.0,81570.0,81390.0,81400.0,455
2026-05-06 02:20:00+02:00,81395.0,81410.0,81235.0,81235.0,376
2026-05-06 02:30:00+02:00,81220.0,81355.0,81205.0,81325.0,166
2026-05-06 02:50:00+02:00,81135.0,81375.0,81135.0,81335.0,105
2026-05-06 03:10:00+02:00,81470.0,81675.0,81425.0,81615.0,344
2026-05-06 03:20:00+02:00,81620.0,81650.0,81535.0,81565.0,183
2026-05-06 03:30:00+02:00,81585.0,81665.0,81555.0,81645.0,402
2026-05-06 03:40:00+02:00,81615.0,81815.0,81615.0,81725.0,250
2026-05-06 03:50:00+02:00,81755.0,81875.0,81730.0,81785.0,676
2026-05-06 04:00:00+02:00,81770.0,81790.0,81565.0,81635.0,318
2026-05-06 04:20:00+02:00,81590.0,81640.0,81455.0,81455.0,109
2026-05-06 04:30:00+02:00,81445.0,81520.0,81375.0,81520.0,108
2026-05-06 05:00:00+02:00,81715.0,81830.0,81670.0,81720.0,283
2026-05-06 05:20:00+02:00,81795.0,82095.0,81765.0,82000.0,460
2026-05-06 05:30:00+02:00,81950.0,82055.0,81940.0,82000.0,139
2026-05-06 05:40:00+02:00,81970.0,81970.0,81840.0,81880.0,167
2026-05-06 05:50:00+02:00,81860.0,81980.0,81840.0,81900.0,67
2026-05-06 06:00:00+02:00,81920.0,81975.0,81860.0,81890.0,171
2026-05-06 07:10:00+02:00,81620.0,81635.0,81535.0,81590.0,179
2026-05-06 07:20:00+02:00,81605.0,81615.0,81520.0,81550.0,212
2026-05-06 07:30:00+02:00,81565.0,81565.0,81345.0,81375.0,449
2026-05-06 07:40:00+02:00,81400.0,81590.0,81385.0,81565.0,256
2026-05-06 08:00:00+02:00,81615.0,81695.0,81595.0,81595.0,152
2026-05-06 08:20:00+02:00,81570.0,81710.0,81555.0,81685.0,93
2026-05-06 08:30:00+02:00,81665.0,81780.0,81660.0,81780.0,131
2026-05-06 08:40:00+02:00,81725.0,81830.0,81675.0,81825.0,256
2026-05-06 09:00:00+02:00,81800.0,81900.0,81800.0,81890.0,610
2026-05-06 09:10:00+02:00,81890.0,81945.0,81785.0,81855.0,205
2026-05-06 09:20:00+02:00,81850.0,81945.0,81820.0,81895.0,170
2026-05-06 09:30:00+02:00,81890.0,81910.0,81745.0,81805.0,184
2026-05-06 09:40:00+02:00,81805.0,81810.0,81725.0,81765.0,119
2026-05-06 10:00:00+02:00,81680.0,81960.0,81645.0,81885.0,134
2026-05-06 10:10:00+02:00,81920.0,81965.0,81855.0,81860.0,133
2026-05-06 10:20:00+02:00,81855.0,81935.0,81855.0,81930.0,276
2026-05-06 10:30:00+02:00,81940.0,82270.0,81930.0,82025.0,1392
2026-05-06 10:50:00+02:00,81985.0,82390.0,81940.0,82325.0,2683
2026-05-06 11:00:00+02:00,82330.0,82340.0,82110.0,82185.0,829
2026-05-06 11:30:00+02:00,82115.0,82395.0,82105.0,82350.0,550
2026-05-06 11:40:00+02:00,82355.0,82440.0,82125.0,82245.0,529
2026-05-06 11:50:00+02:00,82275.0,82375.0,82195.0,82375.0,306
2026-05-06 12:00:00+02:00,82385.0,82440.0,82325.0,82390.0,457
2026-05-06 12:10:00+02:00,82395.0,82530.0,82380.0,82505.0,625
2026-05-06 12:20:00+02:00,82515.0,82630.0,82475.0,82545.0,397
2026-05-06 12:40:00+02:00,82630.0,82685.0,82480.0,82520.0,622
2026-05-06 12:50:00+02:00,82555.0,82770.0,82515.0,82650.0,587
2026-05-06 13:00:00+02:00,82640.0,82840.0,82615.0,82815.0,705
2026-05-06 13:10:00+02:00,82845.0,82975.0,82755.0,82900.0,389
2026-05-06 13:20:00+02:00,82910.0,83195.0,82910.0,83035.0,1259
2026-05-06 13:30:00+02:00,83075.0,83135.0,83000.0,83095.0,386
2026-05-06 13:40:00+02:00,83095.0,83115.0,82800.0,82875.0,1302
2026-05-06 13:50:00+02:00,82920.0,82945.0,82845.0,82890.0,249
2026-05-06 14:00:00+02:00,82860.0,82915.0,82655.0,82690.0,716
2026-05-06 14:10:00+02:00,82685.0,82735.0,82510.0,82625.0,941
2026-05-06 14:20:00+02:00,82610.0,82830.0,82605.0,82725.0,990
2026-05-06 14:30:00+02:00,82745.0,82780.0,82655.0,82695.0,216
2026-05-06 14:40:00+02:00,82655.0,82765.0,82635.0,82735.0,193
2026-05-06 14:50:00+02:00,82735.0,82760.0,82515.0,82570.0,360
2026-05-06 15:00:00+02:00,82535.0,82550.0,82175.0,82340.0,845
2026-05-06 15:10:00+02:00,82330.0,82510.0,82330.0,82360.0,465
2026-05-06 15:20:00+02:00,82350.0,82415.0,82185.0,82255.0,762
2026-05-06 15:30:00+02:00,82245.0,82385.0,82060.0,82165.0,2390
2026-05-06 15:40:00+02:00,82145.0,82255.0,81895.0,82015.0,1686
2026-05-06 15:50:00+02:00,82015.0,82095.0,81870.0,81970.0,1418
2026-05-06 16:00:00+02:00,81965.0,81995.0,81390.0,81710.0,2728
2026-05-06 16:10:00+02:00,81710.0,81820.0,81535.0,81710.0,1490
2026-05-06 16:20:00+02:00,81695.0,82050.0,81685.0,81885.0,1424
2026-05-06 16:30:00+02:00,81875.0,82095.0,81870.0,82045.0,555
2026-05-06 16:40:00+02:00,82055.0,82285.0,81965.0,82065.0,1170
2026-05-06 16:50:00+02:00,82080.0,82080.0,81755.0,81790.0,850
2026-05-06 17:00:00+02:00,81775.0,81895.0,81745.0,81805.0,804
2026-05-06 17:10:00+02:00,81820.0,81990.0,81565.0,81970.0,1391
2026-05-06 17:20:00+02:00,81980.0,82090.0,81905.0,81930.0,403
2026-05-06 17:30:00+02:00,81940.0,82020.0,81735.0,81780.0,578
2026-05-06 17:40:00+02:00,81780.0,82050.0,81755.0,81945.0,1047
2026-05-06 17:50:00+02:00,81945.0,82070.0,81920.0,81970.0,357
2026-05-06 18:00:00+02:00,81965.0,82110.0,81850.0,82100.0,326
2026-05-06 18:10:00+02:00,82090.0,82180.0,81950.0,81950.0,524
2026-05-06 18:20:00+02:00,81960.0,81975.0,81785.0,81790.0,369
2026-05-06 18:30:00+02:00,81765.0,81930.0,81690.0,81930.0,300
2026-05-06 18:40:00+02:00,81905.0,81975.0,81885.0,81950.0,174
2026-05-06 18:50:00+02:00,81950.0,82075.0,81820.0,81865.0,436
2026-05-06 19:00:00+02:00,81875.0,81980.0,81790.0,81900.0,291
2026-05-06 19:10:00+02:00,81920.0,81990.0,81670.0,81770.0,397
2026-05-06 19:20:00+02:00,81775.0,81830.0,81730.0,81730.0,213
2026-05-06 19:30:00+02:00,81745.0,81790.0,81705.0,81755.0,344
2026-05-06 19:40:00+02:00,81740.0,81820.0,81625.0,81710.0,378
2026-05-06 19:50:00+02:00,81700.0,81780.0,81635.0,81710.0,588
2026-05-06 20:00:00+02:00,81700.0,81765.0,81650.0,81705.0,152
2026-05-06 20:10:00+02:00,81700.0,81840.0,81505.0,81760.0,482
2026-05-06 20:30:00+02:00,81680.0,81760.0,81520.0,81565.0,394
2026-05-06 20:40:00+02:00,81580.0,81695.0,81570.0,81595.0,129
2026-05-06 21:00:00+02:00,81595.0,81675.0,81510.0,81555.0,365
2026-05-06 21:10:00+02:00,81580.0,81585.0,81435.0,81585.0,658
2026-05-06 21:20:00+02:00,81575.0,81665.0,81485.0,81575.0,229
2026-05-06 21:30:00+02:00,81580.0,81705.0,81510.0,81705.0,260
2026-05-06 21:40:00+02:00,81695.0,81750.0,81650.0,81670.0,367
2026-05-06 21:50:00+02:00,81665.0,81785.0,81665.0,81720.0,1089
2026-05-06 22:00:00+02:00,81730.0,81925.0,81720.0,81880.0,546
2026-05-06 22:10:00+02:00,81875.0,81990.0,81860.0,81935.0,219
2026-05-06 22:20:00+02:00,81935.0,81995.0,81860.0,81865.0,489
2026-05-06 22:30:00+02:00,81860.0,81880.0,81585.0,81670.0,355
2026-05-06 22:50:00+02:00,81630.0,81745.0,81615.0,81725.0,287
2026-05-07 00:00:00+02:00,81855.0,81855.0,81610.0,81635.0,344
2026-05-07 00:10:00+02:00,81620.0,81670.0,81550.0,81565.0,217
2026-05-07 00:20:00+02:00,81555.0,81570.0,81460.0,81480.0,485
2026-05-07 00:30:00+02:00,81490.0,81595.0,81480.0,81545.0,84
2026-05-07 00:40:00+02:00,81560.0,81615.0,81505.0,81515.0,83
2026-05-07 01:00:00+02:00,81615.0,81615.0,81250.0,81470.0,499
2026-05-07 01:10:00+02:00,81450.0,81550.0,81450.0,81535.0,153
2026-05-07 01:20:00+02:00,81510.0,81675.0,81510.0,81630.0,252
2026-05-07 01:40:00+02:00,81570.0,81650.0,81560.0,81605.0,137
2026-05-07 01:50:00+02:00,81580.0,81725.0,81580.0,81705.0,116
2026-05-07 02:00:00+02:00,81685.0,81760.0,81615.0,81680.0,190
2026-05-07 02:20:00+02:00,81610.0,81615.0,81465.0,81465.0,230
2026-05-07 02:30:00+02:00,81440.0,81485.0,81330.0,81335.0,646
2026-05-07 02:40:00+02:00,81345.0,81375.0,81170.0,81345.0,493
2026-05-07 03:00:00+02:00,81230.0,81345.0,81070.0,81275.0,444
2026-05-07 03:10:00+02:00,81300.0,81415.0,81225.0,81320.0,231
2026-05-07 03:20:00+02:00,81305.0,81465.0,81210.0,81440.0,190
2026-05-07 03:30:00+02:00,81445.0,81500.0,81380.0,81490.0,242
2026-05-07 03:40:00+02:00,81510.0,81525.0,81455.0,81490.0,87
2026-05-07 04:00:00+02:00,81380.0,81400.0,81225.0,81225.0,130
2026-05-07 04:10:00+02:00,81245.0,81270.0,81125.0,81140.0,201
2026-05-07 04:20:00+02:00,81120.0,81210.0,81110.0,81160.0,154
2026-05-07 04:30:00+02:00,81145.0,81275.0,81125.0,81220.0,546
2026-05-07 04:50:00+02:00,81285.0,81400.0,81280.0,81345.0,174
2026-05-07 05:10:00+02:00,81310.0,81310.0,81245.0,81250.0,89
2026-05-07 05:50:00+02:00,81200.0,81260.0,81060.0,81075.0,175
2026-05-07 06:00:00+02:00,81095.0,81110.0,80945.0,81005.0,367
2026-05-07 06:20:00+02:00,81190.0,81220.0,81125.0,81165.0,144
2026-05-07 07:00:00+02:00,81180.0,81340.0,81180.0,81280.0,153
2026-05-07 08:10:00+02:00,81195.0,81210.0,81095.0,81190.0,136
2026-05-07 08:30:00+02:00,81260.0,81595.0,81240.0,81520.0,289
2026-05-07 08:40:00+02:00,81555.0,81650.0,81545.0,81565.0,305
2026-05-07 08:50:00+02:00,81565.0,81735.0,81560.0,81730.0,284
2026-05-07 09:00:00+02:00,81725.0,81840.0,81670.0,81720.0,753
2026-05-07 09:10:00+02:00,81745.0,81985.0,81715.0,81875.0,656
2026-05-07 09:20:00+02:00,81880.0,81920.0,81830.0,81830.0,237
2026-05-07 09:30:00+02:00,81825.0,81980.0,81825.0,81885.0,173
2026-05-07 09:40:00+02:00,81895.0,81905.0,81785.0,81805.0,122
2026-05-07 09:50:00+02:00,81800.0,81845.0,81750.0,81815.0,165
2026-05-07 10:00:00+02:00,81815.0,81885.0,81740.0,81865.0,244
2026-05-07 10:10:00+02:00,81855.0,81855.0,81655.0,81660.0,86
2026-05-07 10:20:00+02:00,81660.0,81705.0,81600.0,81695.0,282
2026-05-07 10:30:00+02:00,81685.0,81745.0,81555.0,81575.0,76
2026-05-07 11:00:00+02:00,81475.0,81475.0,81370.0,81415.0,176
2026-05-07 11:30:00+02:00,81285.0,81355.0,81160.0,81170.0,262
2026-05-07 11:40:00+02:00,81165.0,81225.0,81075.0,81210.0,349
2026-05-07 11:50:00+02:00,81200.0,81200.0,81125.0,81155.0,220
2026-05-07 12:10:00+02:00,81180.0,81185.0,81030.0,81110.0,297
2026-05-07 12:20:00+02:00,81090.0,81135.0,80775.0,80805.0,684
2026-05-07 12:30:00+02:00,80820.0,81030.0,80815.0,81025.0,480
2026-05-07 12:40:00+02:00,81030.0,81135.0,81025.0,81060.0,195
2026-05-07 12:50:00+02:00,81050.0,81090.0,81040.0,81085.0,140
2026-05-07 13:20:00+02:00,81130.0,81240.0,81120.0,81120.0,201
2026-05-07 13:30:00+02:00,81110.0,81225.0,81110.0,81225.0,125
2026-05-07 13:40:00+02:00,81210.0,81240.0,81095.0,81095.0,36
2026-05-07 13:50:00+02:00,81095.0,81145.0,81010.0,81105.0,221
2026-05-07 14:00:00+02:00,81080.0,81235.0,81065.0,81225.0,220
2026-05-07 14:10:00+02:00,81230.0,81355.0,81220.0,81220.0,318
2026-05-07 14:20:00+02:00,81240.0,81335.0,81200.0,81335.0,220
2026-05-07 14:30:00+02:00,81290.0,81335.0,81235.0,81305.0,200
2026-05-07 14:50:00+02:00,81320.0,81460.0,81305.0,81430.0,476
2026-05-07 15:00:00+02:00,81400.0,81440.0,81255.0,81290.0,397
2026-05-07 15:10:00+02:00,81260.0,81330.0,81105.0,81315.0,421
2026-05-07 15:20:00+02:00,81280.0,81410.0,81150.0,81210.0,272
2026-05-07 15:30:00+02:00,81200.0,81220.0,80905.0,80925.0,1247
2026-05-07 15:40:00+02:00,80900.0,80960.0,80480.0,80525.0,2268
2026-05-07 15:50:00+02:00,80520.0,80805.0,80440.0,80725.0,1245
2026-05-07 16:00:00+02:00,80730.0,80780.0,80560.0,80710.0,1064
2026-05-07 16:10:00+02:00,80695.0,80935.0,80655.0,80700.0,1599
2026-05-07 16:20:00+02:00,80680.0,80790.0,80625.0,80635.0,738
2026-05-07 16:30:00+02:00,80645.0,80685.0,80220.0,80345.0,1741
2026-05-07 16:40:00+02:00,80360.0,80465.0,80280.0,80420.0,794
2026-05-07 16:50:00+02:00,80425.0,80520.0,80315.0,80370.0,676
2026-05-07 17:00:00+02:00,80365.0,80490.0,80235.0,80470.0,1283
2026-05-07 17:10:00+02:00,80455.0,80485.0,80090.0,80180.0,1347
2026-05-07 17:20:00+02:00,80155.0,80190.0,79895.0,80035.0,2138
2026-05-07 17:30:00+02:00,79985.0,80255.0,79980.0,80135.0,1043
2026-05-07 17:40:00+02:00,80160.0,80260.0,80105.0,80240.0,314
2026-05-07 17:50:00+02:00,80220.0,80275.0,80035.0,80090.0,520
2026-05-07 18:00:00+02:00,80080.0,80165.0,79885.0,80060.0,971
2026-05-07 18:10:00+02:00,80040.0,80045.0,79905.0,79935.0,678
2026-05-07 18:20:00+02:00,79945.0,80210.0,79945.0,80180.0,341
2026-05-07 18:30:00+02:00,80190.0,80220.0,79945.0,79995.0,327
2026-05-07 18:40:00+02:00,79985.0,80145.0,79960.0,80085.0,148
2026-05-07 18:50:00+02:00,80075.0,80095.0,79920.0,79985.0,339
2026-05-07 19:00:00+02:00,79985.0,80125.0,79965.0,80030.0,226
2026-05-07 19:10:00+02:00,80045.0,80070.0,79875.0,79890.0,442
2026-05-07 19:20:00+02:00,79895.0,80140.0,79675.0,79875.0,1707
2026-05-07 19:30:00+02:00,79875.0,80085.0,79825.0,80070.0,414
2026-05-07 19:40:00+02:00,80060.0,80150.0,80040.0,80065.0,894
2026-05-07 19:50:00+02:00,80075.0,80355.0,80050.0,80320.0,850
2026-05-07 20:00:00+02:00,80325.0,80450.0,80300.0,80310.0,531
2026-05-07 20:10:00+02:00,80290.0,80435.0,80275.0,80390.0,316
2026-05-07 20:20:00+02:00,80420.0,80435.0,80345.0,80345.0,318
2026-05-07 20:30:00+02:00,80420.0,80485.0,80370.0,80465.0,356
2026-05-07 20:40:00+02:00,80470.0,80485.0,80270.0,80305.0,759
2026-05-07 20:50:00+02:00,80265.0,80530.0,80220.0,80450.0,628
2026-05-07 21:00:00+02:00,80435.0,80440.0,80290.0,80330.0,264
2026-05-07 21:10:00+02:00,80325.0,80435.0,80160.0,80230.0,496
2026-05-07 21:20:00+02:00,80225.0,80255.0,80120.0,80155.0,369
2026-05-07 21:30:00+02:00,80190.0,80420.0,80190.0,80420.0,281
2026-05-07 21:40:00+02:00,80400.0,80410.0,80305.0,80350.0,455
2026-05-07 21:50:00+02:00,80380.0,80450.0,80225.0,80390.0,1466
2026-05-07 22:00:00+02:00,80375.0,80630.0,80365.0,80440.0,2385
2026-05-07 22:10:00+02:00,80435.0,80435.0,80320.0,80345.0,217
2026-05-07 22:30:00+02:00,80380.0,80385.0,80135.0,80180.0,868
2026-05-07 22:40:00+02:00,80165.0,80215.0,80115.0,80215.0,842
2026-05-07 22:50:00+02:00,80215.0,80235.0,80065.0,80110.0,496
2026-05-08 00:00:00+02:00,80025.0,80025.0,79785.0,79875.0,474
2026-05-08 00:10:00+02:00,79870.0,80125.0,79840.0,80125.0,434
2026-05-08 00:50:00+02:00,80100.0,80155.0,80095.0,80125.0,63
2026-05-08 01:40:00+02:00,80185.0,80260.0,80175.0,80235.0,57
2026-05-08 02:00:00+02:00,80240.0,80330.0,80210.0,80290.0,137
2026-05-08 02:10:00+02:00,80295.0,80310.0,80150.0,80265.0,462
2026-05-08 02:20:00+02:00,80225.0,80350.0,80165.0,80200.0,428
2026-05-08 02:50:00+02:00,80035.0,80055.0,79910.0,80030.0,435
2026-05-08 03:10:00+02:00,79980.0,79985.0,79810.0,79975.0,165
2026-05-08 03:30:00+02:00,79925.0,80005.0,79860.0,79965.0,176
2026-05-08 04:00:00+02:00,79915.0,79950.0,79695.0,79765.0,315
2026-05-08 04:20:00+02:00,79615.0,79710.0,79600.0,79670.0,181
2026-05-08 04:50:00+02:00,79805.0,79810.0,79645.0,79685.0,50
2026-05-08 05:00:00+02:00,79655.0,79655.0,79355.0,79565.0,276
2026-05-08 06:40:00+02:00,79815.0,79820.0,79725.0,79820.0,75
2026-05-08 07:30:00+02:00,79815.0,79930.0,79815.0,79930.0,233
2026-05-08 07:40:00+02:00,79915.0,79995.0,79835.0,79870.0,164
2026-05-08 08:00:00+02:00,79760.0,79760.0,79620.0,79690.0,207
2026-05-08 09:00:00+02:00,79670.0,79670.0,79470.0,79570.0,100
2026-05-08 09:10:00+02:00,79580.0,79605.0,79470.0,79515.0,326
2026-05-08 09:30:00+02:00,79515.0,79735.0,79505.0,79695.0,194
2026-05-08 09:40:00+02:00,79700.0,79900.0,79700.0,79880.0,492
2026-05-08 09:50:00+02:00,79895.0,79950.0,79835.0,79895.0,180
2026-05-08 10:00:00+02:00,79880.0,79955.0,79850.0,79915.0,251
2026-05-08 10:10:00+02:00,79895.0,79990.0,79895.0,79950.0,144
2026-05-08 10:20:00+02:00,79940.0,79995.0,79910.0,79965.0,142
2026-05-08 10:30:00+02:00,79975.0,80100.0,79960.0,80075.0,329
2026-05-08 10:40:00+02:00,80075.0,80230.0,80035.0,80185.0,144
2026-05-08 10:50:00+02:00,80175.0,80195.0,80095.0,80115.0,128
2026-05-08 11:00:00+02:00,80140.0,80200.0,80040.0,80190.0,132
2026-05-08 11:10:00+02:00,80185.0,80235.0,80140.0,80175.0,181
2026-05-08 11:20:00+02:00,80185.0,80280.0,80110.0,80120.0,136
2026-05-08 11:40:00+02:00,80065.0,80085.0,80000.0,80055.0,126
2026-05-08 11:50:00+02:00,80045.0,80100.0,80000.0,80085.0,262
2026-05-08 12:00:00+02:00,80110.0,80240.0,79965.0,79970.0,260
2026-05-08 12:30:00+02:00,80150.0,80325.0,80135.0,80270.0,195
2026-05-08 12:40:00+02:00,80280.0,80400.0,80260.0,80380.0,176
2026-05-08 12:50:00+02:00,80400.0,80505.0,80355.0,80445.0,596
2026-05-08 13:00:00+02:00,80445.0,80565.0,80410.0,80440.0,320
2026-05-08 13:10:00+02:00,80430.0,80485.0,80425.0,80465.0,98
2026-05-08 13:20:00+02:00,80465.0,80570.0,80430.0,80550.0,236
2026-05-08 13:30:00+02:00,80575.0,80575.0,80425.0,80445.0,145
2026-05-08 13:40:00+02:00,80455.0,80465.0,80355.0,80455.0,150
2026-05-08 14:00:00+02:00,80455.0,80565.0,80415.0,80435.0,179
2026-05-08 14:10:00+02:00,80430.0,80575.0,80345.0,80550.0,302
2026-05-08 14:20:00+02:00,80550.0,80590.0,80505.0,80545.0,309
2026-05-08 14:30:00+02:00,80565.0,80755.0,80410.0,80455.0,673
2026-05-08 14:40:00+02:00,80475.0,80495.0,80300.0,80310.0,364
2026-05-08 14:50:00+02:00,80305.0,80395.0,80195.0,80245.0,374
2026-05-08 15:00:00+02:00,80245.0,80330.0,80090.0,80115.0,304
2026-05-08 15:10:00+02:00,80120.0,80135.0,79885.0,79980.0,650
2026-05-08 15:20:00+02:00,79975.0,80010.0,79780.0,79790.0,667
2026-05-08 15:30:00+02:00,79795.0,80030.0,79795.0,79865.0,1161
2026-05-08 15:40:00+02:00,79880.0,79890.0,79710.0,79795.0,1301
2026-05-08 15:50:00+02:00,79800.0,79860.0,79715.0,79795.0,455
2026-05-08 16:00:00+02:00,79805.0,80180.0,79800.0,80070.0,1184
2026-05-08 16:10:00+02:00,80060.0,80665.0,80000.0,80620.0,1830
2026-05-08 16:20:00+02:00,80625.0,80690.0,80285.0,80290.0,1394
2026-05-08 16:30:00+02:00,80310.0,80500.0,79995.0,80470.0,1114
2026-05-08 16:40:00+02:00,80455.0,80535.0,80385.0,80410.0,287
2026-05-08 16:50:00+02:00,80390.0,80465.0,80280.0,80355.0,187
2026-05-08 17:00:00+02:00,80345.0,80400.0,80125.0,80155.0,453
2026-05-08 17:10:00+02:00,80140.0,80195.0,79980.0,80020.0,446
2026-05-08 17:20:00+02:00,80005.0,80110.0,79780.0,79875.0,553
2026-05-08 17:30:00+02:00,79900.0,80085.0,79775.0,80080.0,475
2026-05-08 17:40:00+02:00,80060.0,80305.0,80045.0,80225.0,509
2026-05-08 17:50:00+02:00,80235.0,80400.0,80195.0,80350.0,338
2026-05-08 18:00:00+02:00,80360.0,80395.0,80175.0,80185.0,363
2026-05-08 18:20:00+02:00,80170.0,80260.0,80120.0,80140.0,212
2026-05-08 18:30:00+02:00,80100.0,80100.0,79950.0,79950.0,319
2026-05-08 18:40:00+02:00,79970.0,80035.0,79920.0,80020.0,98
2026-05-08 19:00:00+02:00,79975.0,80145.0,79975.0,80005.0,469
2026-05-08 19:10:00+02:00,79985.0,80225.0,79890.0,80225.0,409
2026-05-08 19:20:00+02:00,80230.0,80270.0,80125.0,80235.0,358
2026-05-08 19:30:00+02:00,80235.0,80505.0,80235.0,80370.0,425
2026-05-08 19:40:00+02:00,80380.0,80505.0,80285.0,80500.0,407
2026-05-08 19:50:00+02:00,80505.0,80505.0,80190.0,80265.0,480
2026-05-08 20:00:00+02:00,80300.0,80505.0,80275.0,80400.0,669
2026-05-08 20:10:00+02:00,80420.0,80520.0,80380.0,80485.0,230
2026-05-08 20:20:00+02:00,80485.0,80540.0,80435.0,80500.0,248
2026-05-08 20:30:00+02:00,80455.0,80520.0,80375.0,80450.0,352
2026-05-08 20:40:00+02:00,80435.0,80435.0,80325.0,80385.0,180
2026-05-08 20:50:00+02:00,80405.0,80485.0,80280.0,80280.0,376
2026-05-08 21:00:00+02:00,80290.0,80325.0,80195.0,80315.0,188
2026-05-08 21:10:00+02:00,80280.0,80370.0,80255.0,80270.0,154
2026-05-08 21:30:00+02:00,80260.0,80345.0,80260.0,80295.0,95
2026-05-08 21:40:00+02:00,80320.0,80355.0,80320.0,80340.0,235
2026-05-08 21:50:00+02:00,80350.0,80430.0,80295.0,80405.0,871
2026-05-08 22:00:00+02:00,80415.0,80450.0,80380.0,80435.0,500
2026-05-08 22:10:00+02:00,80440.0,80515.0,80430.0,80440.0,145
2026-05-08 22:20:00+02:00,80450.0,80560.0,80440.0,80505.0,330
2026-05-08 22:40:00+02:00,80450.0,80530.0,80440.0,80520.0,187
2026-05-08 22:50:00+02:00,80500.0,80515.0,80330.0,80380.0,422
2026-05-11 00:00:00+02:00,80980.0,81535.0,80875.0,81460.0,1218
2026-05-11 00:10:00+02:00,81465.0,81705.0,81450.0,81580.0,429
2026-05-11 00:20:00+02:00,81565.0,81970.0,81460.0,81760.0,744
2026-05-11 00:30:00+02:00,81745.0,82340.0,81705.0,82170.0,1584
2026-05-11 00:40:00+02:00,82210.0,82245.0,82070.0,82240.0,366
2026-05-11 00:50:00+02:00,82230.0,82420.0,82080.0,82280.0,562
2026-05-11 01:00:00+02:00,82315.0,82625.0,82305.0,82570.0,1026
2026-05-11 01:10:00+02:00,82555.0,82725.0,82485.0,82510.0,995
2026-05-11 01:20:00+02:00,82515.0,82635.0,82445.0,82480.0,819
2026-05-11 01:30:00+02:00,82490.0,82670.0,82450.0,82630.0,519
2026-05-11 01:40:00+02:00,82610.0,82685.0,82560.0,82570.0,310
2026-05-11 01:50:00+02:00,82595.0,82595.0,82305.0,82440.0,600
2026-05-11 02:00:00+02:00,82455.0,82630.0,82205.0,82215.0,462
2026-05-11 02:10:00+02:00,82250.0,82265.0,81795.0,81810.0,1243
2026-05-11 02:20:00+02:00,81795.0,82050.0,81640.0,81905.0,1136
2026-05-11 02:30:00+02:00,81890.0,82050.0,81890.0,81915.0,237
2026-05-11 02:40:00+02:00,81900.0,81910.0,81690.0,81790.0,450
2026-05-11 02:50:00+02:00,81770.0,81805.0,81450.0,81640.0,772
2026-05-11 03:00:00+02:00,81640.0,81670.0,81460.0,81545.0,653
2026-05-11 03:10:00+02:00,81560.0,81860.0,81485.0,81860.0,274
2026-05-11 03:20:00+02:00,81835.0,81920.0,81785.0,81825.0,189
2026-05-11 03:30:00+02:00,81795.0,81860.0,81625.0,81685.0,137
2026-05-11 03:40:00+02:00,81680.0,81770.0,81580.0,81760.0,228
2026-05-11 03:50:00+02:00,81765.0,81765.0,81615.0,81675.0,165
2026-05-11 04:10:00+02:00,81595.0,81655.0,81350.0,81445.0,293
2026-05-11 04:20:00+02:00,81440.0,81450.0,81280.0,81380.0,350
2026-05-11 04:30:00+02:00,81395.0,81445.0,81255.0,81375.0,285
2026-05-11 04:40:00+02:00,81365.0,81435.0,81340.0,81375.0,168
2026-05-11 05:00:00+02:00,81320.0,81325.0,81150.0,81195.0,381
2026-05-11 05:10:00+02:00,81190.0,81190.0,80700.0,80795.0,1746
2026-05-11 05:20:00+02:00,80770.0,80840.0,80670.0,80750.0,609
2026-05-11 05:30:00+02:00,80710.0,80810.0,80640.0,80745.0,323
2026-05-11 05:40:00+02:00,80805.0,80910.0,80790.0,80840.0,292
2026-05-11 05:50:00+02:00,80810.0,80905.0,80810.0,80845.0,218
2026-05-11 06:10:00+02:00,80765.0,80850.0,80750.0,80810.0,116
2026-05-11 06:20:00+02:00,80810.0,80910.0,80770.0,80880.0,185
2026-05-11 06:30:00+02:00,80855.0,80955.0,80835.0,80900.0,154
2026-05-11 06:50:00+02:00,80855.0,81000.0,80850.0,80930.0,113
2026-05-11 07:00:00+02:00,80920.0,81015.0,80920.0,80975.0,164
2026-05-11 07:20:00+02:00,80995.0,81095.0,80990.0,81090.0,224
2026-05-11 07:30:00+02:00,81100.0,81100.0,80945.0,80975.0,264
2026-05-11 07:40:00+02:00,80980.0,81015.0,80890.0,80965.0,131
2026-05-11 07:50:00+02:00,80975.0,80990.0,80925.0,80990.0,178
2026-05-11 08:00:00+02:00,80940.0,81080.0,80940.0,81060.0,91
2026-05-11 08:40:00+02:00,81080.0,81080.0,80885.0,80905.0,137
2026-05-11 09:00:00+02:00,80980.0,80985.0,80835.0,80895.0,248
2026-05-11 09:10:00+02:00,80895.0,80955.0,80795.0,80955.0,358
2026-05-11 09:30:00+02:00,80880.0,80900.0,80800.0,80880.0,185
2026-05-11 09:40:00+02:00,80875.0,80920.0,80840.0,80895.0,154
2026-05-11 09:50:00+02:00,80910.0,80955.0,80845.0,80870.0,79
2026-05-11 10:00:00+02:00,80860.0,80905.0,80755.0,80770.0,245
2026-05-11 10:10:00+02:00,80760.0,80930.0,80760.0,80900.0,182
2026-05-11 10:20:00+02:00,80880.0,80930.0,80765.0,80765.0,273
2026-05-11 10:30:00+02:00,80735.0,80955.0,80725.0,80915.0,86
2026-05-11 10:40:00+02:00,80925.0,81005.0,80910.0,80980.0,103
2026-05-11 10:50:00+02:00,81005.0,81005.0,80875.0,80900.0,109
2026-05-11 11:00:00+02:00,80895.0,81000.0,80885.0,81000.0,136
2026-05-11 11:10:00+02:00,81005.0,81100.0,81005.0,81055.0,105
2026-05-11 12:00:00+02:00,81100.0,81230.0,81090.0,81230.0,170
2026-05-11 12:20:00+02:00,81275.0,81375.0,81260.0,81350.0,140
2026-05-11 12:50:00+02:00,81245.0,81270.0,81100.0,81100.0,149
2026-05-11 13:10:00+02:00,81130.0,81275.0,81080.0,81270.0,171
2026-05-11 14:00:00+02:00,81390.0,81420.0,81260.0,81290.0,198
2026-05-11 14:20:00+02:00,81300.0,81520.0,81285.0,81455.0,243
2026-05-11 14:30:00+02:00,81475.0,81530.0,81370.0,81410.0,340
2026-05-11 14:40:00+02:00,81405.0,81420.0,81245.0,81315.0,231
2026-05-11 14:50:00+02:00,81320.0,81320.0,81195.0,81215.0,147
2026-05-11 15:00:00+02:00,81210.0,81445.0,81210.0,81425.0,240
2026-05-11 15:20:00+02:00,81405.0,81455.0,81265.0,81300.0,316
2026-05-11 15:30:00+02:00,81300.0,81325.0,80880.0,80985.0,1487
2026-05-11 15:40:00+02:00,80985.0,81400.0,80985.0,81170.0,613
2026-05-11 15:50:00+02:00,81200.0,81265.0,81085.0,81220.0,286
2026-05-11 16:00:00+02:00,81205.0,81425.0,81205.0,81385.0,382
2026-05-11 16:10:00+02:00,81365.0,81375.0,81215.0,81220.0,286
2026-05-11 16:20:00+02:00,81220.0,81220.0,80850.0,80865.0,770
2026-05-11 16:30:00+02:00,80855.0,81010.0,80565.0,80980.0,2273
2026-05-11 16:40:00+02:00,81015.0,81055.0,80845.0,80905.0,479
2026-05-11 16:50:00+02:00,80885.0,81115.0,80880.0,81105.0,728
2026-05-11 17:00:00+02:00,81090.0,81095.0,80975.0,81065.0,166
2026-05-11 17:10:00+02:00,81065.0,81260.0,80995.0,81110.0,584
2026-05-11 17:20:00+02:00,81100.0,81625.0,81095.0,81520.0,1212
2026-05-11 17:30:00+02:00,81540.0,81640.0,81385.0,81475.0,712
2026-05-11 17:40:00+02:00,81465.0,81490.0,81375.0,81390.0,219
2026-05-11 17:50:00+02:00,81395.0,81640.0,81395.0,81640.0,397
2026-05-11 18:00:00+02:00,81635.0,81825.0,81510.0,81800.0,898
2026-05-11 18:10:00+02:00,81775.0,82080.0,81775.0,82055.0,2187
2026-05-11 18:20:00+02:00,82070.0,82115.0,81955.0,82005.0,839
2026-05-11 18:30:00+02:00,82050.0,82140.0,82040.0,82065.0,423
2026-05-11 18:40:00+02:00,82050.0,82065.0,81765.0,81920.0,731
2026-05-11 18:50:00+02:00,81920.0,81940.0,81790.0,81795.0,210
2026-05-11 19:00:00+02:00,81795.0,81830.0,81575.0,81650.0,263
2026-05-11 19:10:00+02:00,81645.0,81895.0,81620.0,81845.0,182
2026-05-11 19:20:00+02:00,81835.0,81875.0,81805.0,81860.0,132
2026-05-11 19:30:00+02:00,81865.0,82105.0,81800.0,82100.0,239
2026-05-11 19:40:00+02:00,82085.0,82300.0,82075.0,82180.0,1133
2026-05-11 19:50:00+02:00,82185.0,82255.0,82130.0,82180.0,391
2026-05-11 20:00:00+02:00,82180.0,82335.0,82150.0,82295.0,357
2026-05-11 20:10:00+02:00,82300.0,82305.0,82085.0,82120.0,382
2026-05-11 20:20:00+02:00,82135.0,82300.0,82065.0,82280.0,435
2026-05-11 20:30:00+02:00,82285.0,82400.0,82195.0,82225.0,618
2026-05-11 20:40:00+02:00,82210.0,82335.0,82140.0,82265.0,284
2026-05-11 20:50:00+02:00,82255.0,82310.0,82065.0,82095.0,419
2026-05-11 21:00:00+02:00,82090.0,82225.0,81955.0,82175.0,539
2026-05-11 21:10:00+02:00,82185.0,82205.0,82050.0,82110.0,311
2026-05-11 21:20:00+02:00,82100.0,82330.0,82050.0,82135.0,598
2026-05-11 21:30:00+02:00,82130.0,82185.0,82075.0,82180.0,217
2026-05-11 21:40:00+02:00,82190.0,82325.0,82160.0,82195.0,512
2026-05-11 21:50:00+02:00,82190.0,82250.0,82150.0,82200.0,862
2026-05-11 22:00:00+02:00,82195.0,82315.0,82150.0,82285.0,1014
2026-05-11 22:10:00+02:00,82285.0,82310.0,82090.0,82170.0,319
2026-05-11 22:40:00+02:00,82080.0,82155.0,81990.0,82120.0,215
2026-05-11 22:50:00+02:00,82120.0,82140.0,82005.0,82035.0,323
2026-05-12 00:00:00+02:00,82080.0,82220.0,82045.0,82105.0,545
2026-05-12 00:10:00+02:00,82120.0,82150.0,82045.0,82150.0,127
2026-05-12 00:20:00+02:00,82150.0,82175.0,81945.0,81945.0,214
2026-05-12 00:30:00+02:00,81945.0,82020.0,81945.0,81995.0,100
2026-05-12 01:00:00+02:00,82030.0,82030.0,81920.0,81920.0,55
2026-05-12 01:10:00+02:00,81920.0,81950.0,81890.0,81890.0,46
2026-05-12 01:20:00+02:00,81885.0,81905.0,81815.0,81865.0,109
2026-05-12 02:00:00+02:00,81990.0,82010.0,81850.0,81885.0,322
2026-05-12 02:10:00+02:00,81885.0,81905.0,81795.0,81800.0,191
2026-05-12 02:20:00+02:00,81815.0,81825.0,81705.0,81775.0,163
2026-05-12 02:30:00+02:00,81775.0,81880.0,81745.0,81775.0,104
2026-05-12 03:00:00+02:00,81755.0,81830.0,81590.0,81630.0,327
2026-05-12 03:10:00+02:00,81635.0,81635.0,81455.0,81590.0,386
2026-05-12 03:20:00+02:00,81585.0,81680.0,81430.0,81580.0,325
2026-05-12 03:30:00+02:00,81545.0,81545.0,80980.0,81030.0,1444
2026-05-12 03:40:00+02:00,81015.0,81325.0,80850.0,81320.0,1523
2026-05-12 03:50:00+02:00,81335.0,81475.0,81315.0,81340.0,398
2026-05-12 04:00:00+02:00,81320.0,81495.0,81305.0,81455.0,133
2026-05-12 04:10:00+02:00,81470.0,81520.0,81280.0,81295.0,162
2026-05-12 04:20:00+02:00,81275.0,81440.0,81240.0,81430.0,117
2026-05-12 04:30:00+02:00,81440.0,81440.0,81250.0,81280.0,173
2026-05-12 06:20:00+02:00,81290.0,81380.0,81275.0,81375.0,161
2026-05-12 08:20:00+02:00,81435.0,81450.0,81355.0,81360.0,107
2026-05-12 09:00:00+02:00,81155.0,81160.0,80995.0,81100.0,335
2026-05-12 09:10:00+02:00,81095.0,81240.0,81040.0,81165.0,322
2026-05-12 09:20:00+02:00,81190.0,81250.0,81135.0,81160.0,218
2026-05-12 09:40:00+02:00,81085.0,81125.0,80940.0,81000.0,158
2026-05-12 10:00:00+02:00,81000.0,81080.0,80930.0,81040.0,375
2026-05-12 10:10:00+02:00,81050.0,81050.0,80885.0,81000.0,224
2026-05-12 10:20:00+02:00,81005.0,81070.0,80965.0,81000.0,165
2026-05-12 10:30:00+02:00,80995.0,81100.0,80990.0,81070.0,174
2026-05-12 10:40:00+02:00,81070.0,81125.0,81040.0,81055.0,216
2026-05-12 10:50:00+02:00,81050.0,81085.0,80960.0,80970.0,104
2026-05-12 11:00:00+02:00,80955.0,81035.0,80895.0,80960.0,203
2026-05-12 11:10:00+02:00,80970.0,80990.0,80855.0,80900.0,234
2026-05-12 11:20:00+02:00,80900.0,80930.0,80850.0,80850.0,124
2026-05-12 11:30:00+02:00,80895.0,81115.0,80875.0,81085.0,247
2026-05-12 11:50:00+02:00,81035.0,81040.0,80945.0,80985.0,116
2026-05-12 12:00:00+02:00,80970.0,80985.0,80895.0,80960.0,170
2026-05-12 12:10:00+02:00,80970.0,80985.0,80895.0,80970.0,245
2026-05-12 12:20:00+02:00,80970.0,80970.0,80820.0,80860.0,161
2026-05-12 12:30:00+02:00,80860.0,80895.0,80750.0,80835.0,194
2026-05-12 12:50:00+02:00,80780.0,80850.0,80730.0,80820.0,310
2026-05-12 13:00:00+02:00,80835.0,80835.0,80655.0,80760.0,199
2026-05-12 13:10:00+02:00,80780.0,80845.0,80630.0,80630.0,142
2026-05-12 13:20:00+02:00,80680.0,80795.0,80665.0,80770.0,170
2026-05-12 13:30:00+02:00,80795.0,80835.0,80770.0,80815.0,123
2026-05-12 13:40:00+02:00,80825.0,80910.0,80825.0,80890.0,201
2026-05-12 14:00:00+02:00,80915.0,80950.0,80815.0,80910.0,180
2026-05-12 14:20:00+02:00,80950.0,80985.0,80845.0,80950.0,199
2026-05-12 14:30:00+02:00,81000.0,81180.0,80765.0,81145.0,956
2026-05-12 14:40:00+02:00,81125.0,81180.0,81010.0,81130.0,300
2026-05-12 14:50:00+02:00,81110.0,81125.0,81025.0,81040.0,101
2026-05-12 15:00:00+02:00,81050.0,81095.0,81025.0,81045.0,124
2026-05-12 15:10:00+02:00,81045.0,81090.0,80835.0,80855.0,488
2026-05-12 15:20:00+02:00,80845.0,80860.0,80755.0,80805.0,212
2026-05-12 15:30:00+02:00,80795.0,80935.0,80700.0,80915.0,800
2026-05-12 15:40:00+02:00,80940.0,81050.0,80810.0,80885.0,858
2026-05-12 15:50:00+02:00,80875.0,80915.0,80505.0,80580.0,883
2026-05-12 16:00:00+02:00,80595.0,80880.0,80505.0,80780.0,580
2026-05-12 16:10:00+02:00,80795.0,80960.0,80745.0,80960.0,216
2026-05-12 16:20:00+02:00,80975.0,81025.0,80715.0,80820.0,471
2026-05-12 16:30:00+02:00,80800.0,80995.0,80560.0,80965.0,795
2026-05-12 16:40:00+02:00,80945.0,81070.0,80710.0,80760.0,482
2026-05-12 16:50:00+02:00,80750.0,80755.0,80600.0,80680.0,473
2026-05-12 17:00:00+02:00,80615.0,80800.0,80550.0,80800.0,395
2026-05-12 17:10:00+02:00,80785.0,80790.0,80600.0,80680.0,634
2026-05-12 17:20:00+02:00,80680.0,80690.0,80285.0,80350.0,1471
2026-05-12 17:30:00+02:00,80375.0,80605.0,80375.0,80515.0,349
2026-05-12 17:40:00+02:00,80520.0,80550.0,80395.0,80430.0,791
2026-05-12 17:50:00+02:00,80450.0,80565.0,80425.0,80440.0,400
2026-05-12 18:00:00+02:00,80455.0,80570.0,80325.0,80480.0,363
2026-05-12 18:10:00+02:00,80470.0,80555.0,80350.0,80500.0,320
2026-05-12 18:20:00+02:00,80530.0,80530.0,80365.0,80420.0,293
2026-05-12 18:30:00+02:00,80420.0,80475.0,80370.0,80420.0,77
2026-05-12 18:40:00+02:00,80435.0,80475.0,79990.0,80100.0,968
2026-05-12 18:50:00+02:00,80095.0,80205.0,79940.0,80105.0,672
2026-05-12 19:00:00+02:00,80125.0,80275.0,80075.0,80180.0,197
2026-05-12 19:10:00+02:00,80220.0,80535.0,80220.0,80485.0,591
2026-05-12 19:20:00+02:00,80480.0,80620.0,80480.0,80585.0,341
2026-05-12 19:30:00+02:00,80570.0,80655.0,80560.0,80610.0,207
2026-05-12 19:40:00+02:00,80625.0,80680.0,80580.0,80615.0,138
2026-05-12 19:50:00+02:00,80650.0,80740.0,80610.0,80675.0,234
2026-05-12 20:10:00+02:00,80670.0,80720.0,80630.0,80675.0,58
2026-05-12 20:20:00+02:00,80650.0,80735.0,80615.0,80620.0,142
2026-05-12 20:30:00+02:00,80635.0,80815.0,80635.0,80740.0,270
2026-05-12 20:40:00+02:00,80740.0,80835.0,80725.0,80780.0,207
2026-05-12 20:50:00+02:00,80825.0,80920.0,80810.0,80840.0,382
2026-05-12 21:00:00+02:00,80835.0,80960.0,80830.0,80945.0,338
2026-05-12 21:10:00+02:00,80950.0,81005.0,80925.0,80930.0,270
2026-05-12 21:30:00+02:00,80905.0,80975.0,80895.0,80955.0,223
2026-05-12 21:40:00+02:00,80950.0,80990.0,80895.0,80945.0,330
2026-05-12 21:50:00+02:00,80950.0,81065.0,80950.0,81020.0,783
2026-05-12 22:00:00+02:00,81015.0,81080.0,80980.0,80980.0,469
2026-05-12 22:30:00+02:00,80970.0,80980.0,80825.0,80825.0,145
2026-05-12 22:40:00+02:00,80850.0,80890.0,80810.0,80820.0,104
2026-05-12 22:50:00+02:00,80810.0,80900.0,80805.0,80875.0,213
2026-05-13 00:00:00+02:00,80760.0,81005.0,80700.0,80870.0,255
2026-05-13 02:00:00+02:00,80665.0,80715.0,80590.0,80645.0,201
2026-05-13 02:20:00+02:00,80825.0,80950.0,80770.0,80825.0,205
2026-05-13 02:30:00+02:00,80830.0,80940.0,80825.0,80940.0,119
2026-05-13 02:50:00+02:00,80850.0,80935.0,80785.0,80890.0,98
2026-05-13 03:00:00+02:00,80895.0,81055.0,80865.0,81045.0,266
2026-05-13 03:10:00+02:00,81060.0,81215.0,81035.0,81125.0,498
2026-05-13 03:20:00+02:00,81155.0,81330.0,81155.0,81265.0,607
2026-05-13 03:30:00+02:00,81275.0,81380.0,81235.0,81265.0,407
2026-05-13 03:40:00+02:00,81265.0,81355.0,81250.0,81330.0,124
2026-05-13 03:50:00+02:00,81345.0,81425.0,81180.0,81210.0,159
2026-05-13 04:00:00+02:00,81205.0,81265.0,81150.0,81255.0,97
2026-05-13 05:00:00+02:00,81215.0,81295.0,81185.0,81240.0,101
2026-05-13 06:00:00+02:00,81475.0,81475.0,81380.0,81380.0,90
2026-05-13 06:20:00+02:00,81410.0,81425.0,81380.0,81415.0,150
2026-05-13 07:00:00+02:00,81440.0,81440.0,81380.0,81385.0,48
2026-05-13 07:30:00+02:00,81325.0,81345.0,81245.0,81245.0,117
2026-05-13 08:00:00+02:00,81215.0,81300.0,81190.0,81275.0,117
2026-05-13 09:10:00+02:00,81185.0,81235.0,81145.0,81145.0,46
2026-05-13 09:40:00+02:00,81145.0,81185.0,81130.0,81130.0,89
2026-05-13 10:10:00+02:00,81205.0,81275.0,81145.0,81210.0,66
2026-05-13 10:30:00+02:00,81220.0,81230.0,81120.0,81220.0,146
2026-05-13 10:40:00+02:00,81245.0,81355.0,81240.0,81300.0,167
2026-05-13 10:50:00+02:00,81290.0,81395.0,81290.0,81360.0,75
2026-05-13 11:10:00+02:00,81450.0,81460.0,81355.0,81380.0,118
2026-05-13 11:20:00+02:00,81380.0,81385.0,81295.0,81330.0,85
2026-05-13 11:30:00+02:00,81345.0,81470.0,81330.0,81455.0,182
2026-05-13 12:00:00+02:00,81440.0,81470.0,81320.0,81355.0,97
2026-05-13 12:10:00+02:00,81340.0,81340.0,81250.0,81275.0,124
2026-05-13 12:40:00+02:00,81060.0,81080.0,80965.0,80975.0,202
2026-05-13 13:00:00+02:00,80960.0,81005.0,80765.0,80815.0,355
2026-05-13 13:10:00+02:00,80825.0,80830.0,80695.0,80800.0,346
2026-05-13 13:30:00+02:00,80695.0,80815.0,80690.0,80795.0,95
2026-05-13 13:40:00+02:00,80785.0,80835.0,80745.0,80770.0,116
2026-05-13 13:50:00+02:00,80725.0,80725.0,80620.0,80645.0,252
2026-05-13 14:00:00+02:00,80620.0,80720.0,80590.0,80655.0,242
2026-05-13 14:10:00+02:00,80635.0,80695.0,80570.0,80655.0,215
2026-05-13 14:20:00+02:00,80670.0,80675.0,80295.0,80470.0,969
2026-05-13 14:30:00+02:00,80465.0,80515.0,79990.0,80040.0,1281
2026-05-13 14:40:00+02:00,80045.0,80400.0,79945.0,80350.0,577
2026-05-13 14:50:00+02:00,80380.0,80415.0,80255.0,80330.0,250
2026-05-13 15:00:00+02:00,80345.0,80470.0,80315.0,80440.0,385
2026-05-13 15:10:00+02:00,80435.0,80475.0,80405.0,80420.0,115
2026-05-13 15:20:00+02:00,80420.0,80425.0,80260.0,80260.0,259
2026-05-13 15:30:00+02:00,80265.0,80330.0,79940.0,79985.0,1847
2026-05-13 15:40:00+02:00,79980.0,80055.0,79650.0,79735.0,2878
2026-05-13 15:50:00+02:00,79725.0,79875.0,79660.0,79730.0,1403
2026-05-13 16:00:00+02:00,79715.0,79850.0,79540.0,79765.0,1710
2026-05-13 16:10:00+02:00,79785.0,79885.0,79735.0,79775.0,639
2026-05-13 16:20:00+02:00,79810.0,80010.0,79765.0,79960.0,367
2026-05-13 16:30:00+02:00,79930.0,79960.0,79840.0,79875.0,317
2026-05-13 16:40:00+02:00,79880.0,79885.0,79725.0,79750.0,485
2026-05-13 16:50:00+02:00,79750.0,79915.0,79730.0,79840.0,399
2026-05-13 17:00:00+02:00,79830.0,79960.0,79610.0,79695.0,638
2026-05-13 17:10:00+02:00,79680.0,79695.0,79405.0,79405.0,785
2026-05-13 17:20:00+02:00,79405.0,79480.0,79310.0,79350.0,806
2026-05-13 17:30:00+02:00,79335.0,79380.0,79275.0,79320.0,974
2026-05-13 17:40:00+02:00,79315.0,79415.0,79160.0,79230.0,820
2026-05-13 17:50:00+02:00,79225.0,79225.0,78855.0,78875.0,1465
2026-05-13 18:00:00+02:00,78885.0,79090.0,78820.0,78840.0,1319
2026-05-13 18:10:00+02:00,78835.0,79005.0,78820.0,78960.0,817
2026-05-13 18:20:00+02:00,78965.0,79130.0,78955.0,79105.0,863
2026-05-13 18:30:00+02:00,79100.0,79215.0,79075.0,79200.0,744
