leg,symbol,entry_time,exit_time,side,session,hour,dow,status,pnl,size,bars_in_trade,entry_px,exit_px,sl_px,sl_dist_pts,sl_dist_pct,r_at_exit,mfe_pts,mae_pts,mfe_r,mae_r,canal_width_e,canal_width_pct_e,canal_slope_pct_per_bar,canal_green_e,canal_green_x,canal_flipped,hma_spread_pct,bbmc_minus_hma2,hw_at_entry,sgd_at_entry,mfi_at_entry,hw_sgd_spread_e,hw_at_exit,bars_since_setup,first_hw_after_entry_bars,first_hw_after_entry_dir,first_hw_after_exit_bars,first_hw_after_exit_dir,first_hw_after_exit_close,shadow_exit_r,preset
single,MNQ,2025-01-06 01:24:00+01:00,2025-01-06 06:18:00+01:00,Short,Asia,1,0,Stop Loss,-153.48,2.0,42,21499.5,21537.5,21537.5,38.0,0.17674829647201096,-1.0,20.75,41.0,0.5460526315789473,1.0789473684210527,3.4116571443737485,0.015868541800384887,0.015269696196757967,False,True,True,-0.015868541800384887,-1.5465199144382495,-12.907536434862193,-7.065980047520239,-4.647137549699461,-5.841556387341954,36.47228861339065,0,4.0,1.0,3.0,-1.0,21537.5,-1.0,MNQ_v4
single,MNQ,2025-01-06 12:22:00+01:00,2025-01-06 13:25:00+01:00,Long,UK,12,0,Canal Exit,9.76,1.0,9,21724.75,21730.0,21641.25,83.5,0.38435425033659765,0.06287425149700598,20.25,27.75,0.24251497005988024,0.3323353293413174,5.384034151553351,0.02478295101924464,-0.0032867708303666245,False,False,False,-0.02478295101924464,6.90406905553391,28.63955058340137,20.282761065742335,18.207348196587144,8.356789517659035,3.523599441396772,0,3.0,-1.0,5.0,-1.0,21732.5,0.09281437125748503,MNQ_v4
single,MNQ,2025-01-07 03:58:00+01:00,2025-01-07 11:47:00+01:00,Short,Asia,3,1,Canal Exit,-73.74,1.0,67,21728.5,21765.0,21785.75,57.25,0.263478841153324,-0.6375545851528385,69.5,46.25,1.2139737991266375,0.8078602620087336,4.294253230480535,0.019763229079230206,0.014126561372946336,False,True,True,-0.019763229079230206,-2.9973773715173593,-38.18633026959485,-32.02103300682871,-10.619044750183605,-6.165297262766138,36.62534534924363,0,2.0,1.0,8.0,1.0,21732.0,-0.0611353711790393,MNQ_v4
single,MNQ,2025-01-07 12:15:00+01:00,2025-01-07 12:43:00+01:00,Short,UK,12,1,Canal Exit,159.04,4.0,4,21752.25,21732.0,21772.0,19.75,0.09079520509372593,1.0253164556962024,25.75,14.5,1.3037974683544304,0.7341772151898734,2.0013456919259625,0.009200637598068993,0.012444316893500316,True,False,True,0.009200637598068993,-3.76100098038296,-14.318808970061344,-6.848353575382619,2.6078955796397367,-7.470455394678725,-29.701612934769816,2,4.0,1.0,1.0,-1.0,21724.75,1.3924050632911393,MNQ_v4
single,MNQ,2025-01-07 15:52:00+01:00,2025-01-07 16:34:00+01:00,Short,US,15,1,Canal Exit,557.76,1.0,6,21711.25,21432.0,21806.25,95.0,0.43756117220335083,2.9394736842105265,291.0,83.75,3.0631578947368423,0.881578947368421,6.230245773112983,0.0286959330905083,0.024288966421042495,False,False,False,-0.0286959330905083,-25.3212407340543,-8.580662088742496,-3.316755919971897,1.3725728029017883,-5.2639061687706,-36.188651755226026,3,6.0,1.0,1.0,-1.0,21418.0,3.086842105263158,MNQ_v4
single,MNQ,2025-01-07 19:50:00+01:00,2025-01-07 21:56:00+01:00,Short,US,19,1,Auto-Close (profit),140.76,1.0,18,21430.25,21359.5,21517.5,87.25,0.40713477444266866,0.8108882521489972,150.75,44.5,1.7277936962750717,0.5100286532951289,27.722850625454157,0.12936316947051088,0.05314148651076438,True,False,True,0.12936316947051088,-58.60247476252698,-13.677305952430041,-1.4727636693275663,-1.1490532155875404,-12.204542283102475,0.7952125588709897,3,3.0,1.0,5.0,-1.0,21379.0,0.5873925501432665,MNQ_v4
single,MNQ,2025-01-07 22:59:00+01:00,2025-01-08 00:56:00+01:00,Short,Asia,22,1,Stop Loss,-158.96,4.0,9,21375.25,21394.75,21394.75,19.5,0.09122700319294512,-1.0,30.5,24.75,1.564102564102564,1.2692307692307692,18.21300316331326,0.08520603578116401,0.025351792882051395,True,True,False,0.08520603578116401,-22.116250898463477,-11.312215689222583,-4.917260279294127,-8.679881909994462,-6.394955409928456,37.907100526629804,3,3.0,1.0,3.0,-1.0,21400.75,-1.3076923076923077,MNQ_v4
single,MNQ,2025-01-08 04:54:00+01:00,2025-01-08 05:50:00+01:00,Long,Asia,4,2,Stop Loss,-169.68,7.0,8,21406.75,21395.0,21395.0,11.75,0.054889228864727246,-1.0,12.25,22.5,1.0425531914893618,1.9148936170212767,4.090437342885707,0.019108166082594073,-0.012488281877468064,False,True,True,-0.019108166082594073,9.925109732270357,2.2119379756293873,-1.442082506819389,-1.9594933631756781,3.654020482448776,-15.657663217594077,2,5.0,-1.0,3.0,1.0,21406.25,-0.0425531914893617,MNQ_v4
single,MNQ,2025-01-08 07:35:00+01:00,2025-01-08 08:10:00+01:00,Short,Asia,7,2,Canal Exit,170.28,3.0,5,21409.5,21380.75,21434.75,25.25,0.11793829841892618,1.1386138613861385,43.0,3.75,1.702970297029703,0.1485148514851485,2.579277252225438,0.012047349317945016,0.018882841904583978,True,False,True,0.012047349317945016,-7.862296310642705,-9.25314029013866,-1.013165921029346,9.534822687313223,-8.239974369109314,-35.19684563271341,1,5.0,1.0,1.0,-1.0,21363.5,1.8217821782178218,MNQ_v4
single,MNQ,2025-01-08 15:17:00+01:00,2025-01-08 15:59:00+01:00,Short,UK,15,2,Stop Loss,-99.24,1.0,6,21344.5,21393.75,21393.75,49.25,0.23073859776523228,-1.0,59.5,61.5,1.2081218274111676,1.248730964467005,18.21133661602653,0.0853209801870577,0.042714220857268934,True,False,True,0.0853209801870577,-17.85053834187056,-0.1880123041107931,2.3570156597700604,-12.228556310437241,-2.5450279638808535,15.162954163062757,1,3.0,1.0,1.0,-1.0,21297.25,0.9593908629441624,MNQ_v4
single,MNQ,2025-01-08 19:01:00+01:00,2025-01-08 20:11:00+01:00,Long,US,19,2,Canal Exit,89.76,1.0,10,21316.0,21361.25,21166.0,150.0,0.70369675361231,0.3016666666666667,90.5,37.0,0.6033333333333334,0.24666666666666667,39.78417241479474,0.1866399531562898,-0.10926260675818711,False,True,True,-0.1866399531562898,27.22503866767147,8.58744301943669,-0.861027717108156,4.65212644204048,9.448470736544847,-7.2535281920158345,1,4.0,-1.0,4.0,-1.0,21341.5,0.17,MNQ_v4
single,MNQ,2025-01-09 00:21:00+01:00,2025-01-09 01:10:00+01:00,Long,Asia,0,3,Stop Loss,-171.48,2.0,7,21343.5,21301.0,21301.0,42.5,0.1991238550378335,-1.0,3.25,58.0,0.07647058823529412,1.3647058823529412,7.959239595664258,0.03729116403431611,-0.02104808274291648,False,False,False,-0.03729116403431611,11.97387513250942,11.691402877149448,5.156959115027689,0.7196183045653454,6.534443762121759,-35.16192763662635,2,3.0,-1.0,1.0,1.0,21313.5,-0.7058823529411765,MNQ_v4
single,MNQ,2025-01-09 07:28:00+01:00,2025-01-09 08:45:00+01:00,Short,Asia,7,3,Canal Exit,1706.4,15.0,11,21324.0,21266.75,21329.75,5.75,0.02696492215344213,9.956521739130435,83.0,2.0,14.434782608695652,0.34782608695652173,0.8153665535501204,0.0038237035900868526,0.007885466121369753,True,False,True,0.0038237035900868526,-3.581289494759403,-2.342471749731048,-0.12179066005990946,-10.383205328049948,-2.220681089671139,-42.35825244220191,2,3.0,1.0,10.0,-1.0,21290.0,5.913043478260869,MNQ_v4
single,MNQ,2025-01-09 10:30:00+01:00,2025-01-09 10:37:00+01:00,Short,UK,10,3,Stop Loss,-169.92,8.0,1,21296.25,21306.5,21306.5,10.25,0.04813053941421612,-1.0,13.25,14.5,1.2926829268292683,1.4146341463414633,10.070538118663535,0.04728784700904401,0.02237445900282077,True,True,False,0.04728784700904401,-2.625813963360997,-3.3410927288220167,-3.224727083949827,-4.634982409375692,-0.11636564487218948,5.147637133690301,0,1.0,1.0,6.0,-1.0,21319.25,-2.2439024390243905,MNQ_v4
single,MNQ,2025-01-09 13:11:00+01:00,2025-01-09 15:03:00+01:00,Long,UK,13,3,Stop Loss,-139.48,2.0,16,21311.0,21276.5,21276.5,34.5,0.16188822673736566,-1.0,23.25,46.25,0.6739130434782609,1.3405797101449275,3.8375161469884915,0.018007208235129708,-0.015474050724519189,False,False,False,-0.018007208235129708,1.4147596186994633,12.200078356859771,7.0092819844718655,0.7976428919875301,5.190796372387906,-21.194198106693904,0,2.0,-1.0,3.0,1.0,21301.75,-0.26811594202898553,MNQ_v4
single,MNQ,2025-01-10 07:00:00+01:00,2025-01-10 07:42:00+01:00,Short,Asia,7,4,Canal Exit,113.52,2.0,6,21296.75,21268.0,21328.0,31.25,0.14673600431990796,0.92,40.0,4.75,1.28,0.152,0.23473551106872037,0.001102212830918898,0.013466569091795133,True,False,True,0.001102212830918898,-2.6858563335772487,-16.362263690888014,-11.802098945839003,19.809548929423258,-4.560164745049011,-41.03344831567805,3,6.0,1.0,3.0,-1.0,21237.5,1.896,MNQ_v4
single,MNQ,2025-01-10 10:02:00+01:00,2025-01-10 10:51:00+01:00,Short,UK,10,4,Canal Exit,-66.48,2.0,7,21261.75,21278.0,21300.0,38.25,0.1799005255917316,-0.42483660130718953,14.0,33.0,0.3660130718954248,0.8627450980392157,0.7689427902005264,0.003616554564890126,0.0150426538196552,True,False,True,0.003616554564890126,-6.350661136813869,-6.397299302533853,0.3806280348087454,-14.327190025693781,-6.777927337342598,15.161043290411117,1,2.0,1.0,2.0,1.0,21283.5,-0.5686274509803921,MNQ_v4
single,MNQ,2025-01-10 13:46:00+01:00,2025-01-10 14:28:00+01:00,Long,UK,13,4,Stop Loss,-114.24,1.0,6,21313.5,21256.75,21256.75,56.75,0.2662631665376404,-1.0,10.0,262.75,0.1762114537444934,4.629955947136564,23.18980370794452,0.10880335800288324,-0.04397490908003848,False,True,True,-0.10880335800288324,1.143650801746844,4.295920128280055,-2.9603629437116097,-0.9249457770622094,7.256283071991664,-4.589260340018594,0,4.0,-1.0,4.0,1.0,21138.25,-3.0881057268722465,MNQ_v4
single,MNQ,2025-01-13 01:52:00+01:00,2025-01-13 03:44:00+01:00,Short,Asia,1,0,Canal Exit,312.52,2.0,16,20999.0,20920.5,21037.0,38.0,0.1809609981427687,2.0657894736842106,110.25,10.5,2.901315789473684,0.27631578947368424,0.4462040247381083,0.0021248822550507564,0.021953914649765188,True,True,False,0.0021248822550507564,-20.15313636284918,-10.373474854977044,-4.374026136162171,-2.0475233975713016,-5.999448718814873,11.513199182746348,2,6.0,1.0,8.0,1.0,20879.25,3.151315789473684,MNQ_v4
single,MNQ,2025-01-13 04:26:00+01:00,2025-01-13 04:40:00+01:00,Short,Asia,4,0,Canal Exit,4.76,1.0,2,20882.0,20879.25,20946.5,64.5,0.3088784599176324,0.04263565891472868,21.75,5.75,0.3372093023255814,0.08914728682170543,0.5453763653131318,0.0026117056091999416,0.00539200688477255,True,False,True,0.0026117056091999416,-4.802828220996162,-30.25519632978367,-29.596380629690113,-22.09532770492488,-0.6588157000935553,-32.72436821227438,0,2.0,1.0,8.0,-1.0,20884.75,-0.04263565891472868,MNQ_v4
single,MNQ,2025-01-13 05:15:00+01:00,2025-01-13 05:36:00+01:00,Long,Asia,5,0,Canal Exit,-23.22,3.0,3,20888.25,20884.75,20860.25,28.0,0.13404665302263233,-0.125,6.75,11.75,0.24107142857142858,0.41964285714285715,1.8185730690674973,0.0087062011851998,-0.031115203858985925,False,True,True,-0.0087062011851998,6.734554593451321,12.087568938783665,7.095967549082751,-16.80439384448117,4.991601389700914,15.291048754062833,2,3.0,-1.0,2.0,1.0,20896.25,0.2857142857142857,MNQ_v4
single,MNQ,2025-01-13 17:23:00+01:00,2025-01-13 17:37:00+01:00,Short,US,17,0,Canal Exit,-117.24,1.0,2,20755.5,20813.75,20880.0,124.5,0.5998410059984101,-0.4678714859437751,4.5,64.25,0.03614457831325301,0.5160642570281124,2.2134450664161704,0.010664378436636894,0.035828856764178324,True,False,True,0.010664378436636894,-4.617338871234097,-20.131050705260876,-13.302276765894801,-9.716320019705899,-6.828773939366075,-17.160596908237906,0,2.0,1.0,2.0,-1.0,20745.0,0.08433734939759036,MNQ_v4
single,MNQ,2025-01-13 18:12:00+01:00,2025-01-13 18:47:00+01:00,Long,US,18,0,Canal Exit,39.26,1.0,5,20822.5,20842.5,20718.5,104.0,0.499459719053908,0.19230769230769232,45.0,31.0,0.4326923076923077,0.2980769230769231,6.040822284878232,0.029011032704421808,-0.015946619055437376,False,True,True,-0.029011032704421808,16.693993040349596,2.505075650434878,-1.7567788577007977,-5.588723680929419,4.261854508135675,34.92269033805278,1,5.0,-1.0,2.0,1.0,20890.5,0.6538461538461539,MNQ_v4
single,MNQ,2025-01-14 01:52:00+01:00,2025-01-14 01:59:00+01:00,Long,Asia,1,1,Stop Loss,-174.96,4.0,1,21053.5,21032.0,21032.0,21.5,0.10212078751751491,-1.0,3.0,22.5,0.13953488372093023,1.0465116279069768,19.65655646279629,0.09336479190061647,-0.01562917823889342,False,False,False,-0.09336479190061647,8.978288058806356,1.4221746676766727,-6.809326089829012,24.41234388818665,8.231500757505685,6.0981502900261,0,2.0,-1.0,1.0,-1.0,21036.0,-0.813953488372093,MNQ_v4
single,MNQ,2025-01-14 06:46:00+01:00,2025-01-14 07:14:00+01:00,Long,Asia,6,1,Canal Exit,27.52,2.0,4,21054.25,21061.5,21013.0,41.25,0.1959224384625432,0.17575757575757575,13.5,12.0,0.32727272727272727,0.2909090909090909,0.660553909438022,0.00313738988298335,0.002058956243507708,False,True,True,-0.00313738988298335,0.9084289687416458,5.1147098627737595,-1.2233914934019459,5.310550549149524,6.338101356175706,38.99729198231002,0,4.0,-1.0,8.0,1.0,21041.75,-0.30303030303030304,MNQ_v4
single,MNQ,2025-01-14 08:31:00+01:00,2025-01-14 09:27:00+01:00,Long,Asia,8,1,Canal Exit,171.52,2.0,8,21052.75,21096.0,21021.25,31.5,0.1496241583641092,1.373015873015873,52.5,12.25,1.6666666666666667,0.3888888888888889,6.761439362846431,0.03211665631732876,-0.012587502281089733,False,True,True,-0.03211665631732876,0.08394816003419692,10.028409423916486,2.7312883722067127,-4.2319084626705665,7.297121051709773,34.26862056825416,0,5.0,-1.0,4.0,-1.0,21118.75,2.0952380952380953,MNQ_v4
single,MNQ,2025-01-14 10:23:00+01:00,2025-01-14 11:40:00+01:00,Short,UK,10,1,Canal Exit,0.26,1.0,11,21098.25,21097.75,21143.75,45.5,0.21565769672840163,0.01098901098901099,25.25,16.5,0.554945054945055,0.3626373626373626,3.8267328426154563,0.01813767891941491,0.04241841573256516,True,False,True,0.01813767891941491,-25.23245881647381,-5.917738587791779,0.7716437537774228,-0.514041927900602,-6.6893823415692015,-15.82873813052397,3,3.0,1.0,4.0,-1.0,21086.75,0.25274725274725274,MNQ_v4
single,MNQ,2025-01-14 21:49:00+01:00,2025-01-14 21:56:00+01:00,Long,US,21,1,Auto-Close (profit),60.26,1.0,1,20893.25,20923.75,20773.25,120.0,0.5743481746497074,0.25416666666666665,69.75,52.25,0.58125,0.4354166666666667,38.6979176151508,0.18521731954172185,-0.14544324270471148,False,False,False,-0.18521731954172185,21.054653591778333,5.450480766503673,-4.096086377109506,3.6345657282801462,9.546567143613178,24.871127557340436,0,5.0,-1.0,4.0,-1.0,20980.0,0.7229166666666667,MNQ_v4
single,MNQ,2025-01-15 00:00:00+01:00,2025-01-15 02:13:00+01:00,Short,Asia,0,2,Canal Exit,-8.48,2.0,19,20955.75,20957.5,20994.0,38.25,0.1825274685945385,-0.0457516339869281,19.0,20.0,0.49673202614379086,0.5228758169934641,15.17308161436813,0.07240533798297903,0.08930347380995332,True,True,False,0.07240533798297903,-49.75925326728975,-11.669807158732974,-2.834380766248776,1.8601498413614894,-8.835426392484198,33.3488524300472,2,5.0,1.0,5.0,1.0,20956.0,-0.006535947712418301,MNQ_v4
single,MNQ,2025-01-15 07:00:00+01:00,2025-01-15 07:35:00+01:00,Short,Asia,7,2,Stop Loss,-178.64,11.0,5,20943.0,20950.75,20950.75,7.75,0.037005204602969965,-1.0,4.0,14.0,0.5161290322580645,1.8064516129032258,0.672964045596018,0.003213312541641685,0.006923029724459517,True,False,True,0.003213312541641685,-6.838478578814829,-0.1425472704775285,5.12517818308826,3.058053708035336,-5.267725453565789,22.990902216498263,3,3.0,1.0,2.0,-1.0,20947.75,-0.6129032258064516,MNQ_v4
single,MNQ,2025-01-15 09:27:00+01:00,2025-01-15 10:58:00+01:00,Long,UK,9,2,Canal Exit,36.52,2.0,13,20948.25,20957.75,20908.75,39.5,0.18855990357189742,0.24050632911392406,23.25,22.25,0.5886075949367089,0.5632911392405063,7.515994740540918,0.035878866924640096,-0.018532596304115283,False,True,True,-0.035878866924640096,5.155416097426496,10.201552564878615,0.725009362723191,-4.249707828968454,9.476543202155423,27.593143324843417,0,3.0,-1.0,4.0,1.0,20961.75,0.34177215189873417,MNQ_v4
single,MNQ,2025-01-15 15:24:00+01:00,2025-01-15 15:45:00+01:00,Short,US,15,2,Stop Loss,-164.74,1.0,3,21237.0,21319.0,21319.0,82.0,0.3861185666525404,-1.0,50.5,109.5,0.6158536585365854,1.3353658536585367,53.42157935304567,0.2515495566843042,0.21126961176517128,True,False,True,0.2515495566843042,-94.8326991294889,-1.6358380881319075,8.208768842170093,16.517668584206746,-9.844606930302,-9.691013363485359,2,3.0,1.0,5.0,-1.0,21388.5,-1.8475609756097562,MNQ_v4
single,MNQ,2025-01-16 01:59:00+01:00,2025-01-16 02:27:00+01:00,Short,Asia,1,3,Canal Exit,-14.219999999999999,3.0,4,21419.75,21421.75,21448.0,28.25,0.1318876270731451,-0.07079646017699115,14.25,8.25,0.504424778761062,0.2920353982300885,0.7826968180888798,0.003654089417891804,0.019311829440120182,True,False,True,0.003654089417891804,-7.186001957688859,-5.039876352954327,1.9906213448986279,-7.880459088751806,-7.0304976978529545,-32.863539128138385,1,4.0,1.0,4.0,-1.0,21403.5,0.5752212389380531,MNQ_v4
single,MNQ,2025-01-16 15:38:00+01:00,2025-01-16 16:06:00+01:00,Short,US,15,3,Canal Exit,80.26,1.0,4,21418.0,21377.5,21500.0,82.0,0.38285554206741995,0.49390243902439024,82.0,55.5,1.0,0.676829268292683,8.016525231862033,0.03742891601392302,0.027967725587344373,True,False,True,0.03742891601392302,-11.029903615133662,-9.68851844050778,-0.9643640900532535,-0.45923639648462,-8.724154350454526,-33.86326639782146,1,4.0,1.0,11.0,-1.0,21407.0,0.13414634146341464,MNQ_v4
single,MNQ,2025-01-16 17:37:00+01:00,2025-01-16 18:33:00+01:00,Short,US,17,3,Canal Exit,-122.24,1.0,8,21329.25,21390.0,21500.0,170.75,0.8005438540970732,-0.3557833089311859,12.0,97.75,0.07027818448023426,0.5724743777452416,21.294763335448806,0.09983831281197794,0.046245144088396924,True,True,False,0.09983831281197794,-11.716611346779246,-8.2087274672788,2.2240151868020845,-16.524374041239504,-10.432742654080885,30.13896667452064,0,3.0,1.0,11.0,1.0,21283.75,0.2664714494875549,MNQ_v4
single,MNQ,2025-01-16 21:28:00+01:00,2025-01-16 21:56:00+01:00,Short,US,21,3,Auto-Close (profit),152.26,1.0,4,21324.5,21248.0,21395.75,71.25,0.3341227226898638,1.0736842105263158,99.5,25.5,1.3964912280701753,0.35789473684210527,16.834496046409186,0.07894438812825241,0.042422135787428115,True,False,True,0.07894438812825241,-19.63756364186338,-12.199870150369083,-2.9928133813592463,-10.221306839961867,-9.207056769009837,-44.3215978926498,1,8.0,1.0,4.0,1.0,21202.5,1.712280701754386,MNQ_v4
single,MNQ,2025-01-16 22:59:00+01:00,2025-01-17 01:03:00+01:00,Long,Asia,22,3,Canal Exit,104.52,2.0,10,21214.0,21240.5,21171.75,42.25,0.19916093146035638,0.6272189349112426,28.0,5.25,0.6627218934911243,0.1242603550295858,9.34499959898676,0.044051096440967094,-0.08785873434562035,False,True,True,-0.044051096440967094,44.410428359809885,6.593174278151026,-1.7846512120595324,-9.908429579211052,8.377825490210558,21.968368010634098,3,4.0,-1.0,1.0,-1.0,21228.25,0.33727810650887574,MNQ_v4
single,MNQ,2025-01-17 05:57:00+01:00,2025-01-17 06:25:00+01:00,Short,Asia,5,4,Stop Loss,-175.44,6.0,4,21293.5,21307.75,21307.75,14.25,0.06692183060558386,-1.0,8.0,16.25,0.5614035087719298,1.1403508771929824,3.644260105349531,0.01711442508441323,0.02228738277683022,True,False,True,0.01711442508441323,-9.194126375681662,-7.358832825137467,-1.8166190617747167,12.299571939250535,-5.542213763362751,14.451062727076417,3,2.0,1.0,3.0,-1.0,21297.0,-0.24561403508771928,MNQ_v4
single,MNQ,2025-01-17 12:29:00+01:00,2025-01-17 12:50:00+01:00,Long,UK,12,4,Stop Loss,-158.22,3.0,3,21352.25,21326.25,21326.25,26.0,0.12176702689412124,-1.0,10.5,29.5,0.40384615384615385,1.1346153846153846,0.09615873752045445,0.00045034475299068926,-0.0007942358228556024,False,True,True,-0.00045034475299068926,1.2515730326522316,30.873722752576743,29.2591780451314,21.26959223516849,1.6145447074453436,3.4718120267240367,0,1.0,-1.0,4.0,1.0,21347.25,-0.19230769230769232,MNQ_v4
single,MNQ,2025-01-17 13:32:00+01:00,2025-01-17 14:42:00+01:00,Long,UK,13,4,Canal Exit,658.52,2.0,10,21337.25,21502.25,21306.75,30.5,0.14294250664916988,5.409836065573771,174.25,9.0,5.713114754098361,0.29508196721311475,6.29659111420915,0.029509853023276897,-0.015205680549279023,False,True,True,-0.029509853023276897,14.672832313754043,10.065638984723915,3.93342412353749,3.9382781481811833,6.132214861186425,50.047805334508965,3,10.0,-1.0,4.0,1.0,21611.0,8.975409836065573,MNQ_v4
single,MNQ,2025-01-17 16:48:00+01:00,2025-01-17 21:56:00+01:00,Long,US,16,4,Auto-Close (profit),53.76,1.0,44,21573.0,21600.25,21481.0,92.0,0.42645899967552037,0.296195652173913,99.5,30.5,1.0815217391304348,0.33152173913043476,17.084134836797602,0.0791922070958958,-0.01987790009225788,False,False,False,-0.0791922070958958,1.490704419920803,20.31859504005608,16.098686065798965,10.172026832495519,4.219908974257116,5.6237005554111015,0,6.0,-1.0,5.0,1.0,21580.5,0.08152173913043478,MNQ_v4
single,MNQ,2025-01-20 17:23:00+01:00,2025-01-20 18:26:00+01:00,Long,US,17,0,Stop Loss,-132.74,1.0,9,21707.0,21641.0,21641.0,66.0,0.30404938499101675,-1.0,23.75,84.0,0.35984848484848486,1.2727272727272727,9.563144734238449,0.04405557992462546,-0.03617621926269978,False,False,False,-0.04405557992462546,9.428737881524285,34.806546380824294,30.20130483213712,12.17284031566465,4.605241548687175,-27.881680573711268,0,2.0,-1.0,1.0,1.0,21689.5,-0.26515151515151514,MNQ_v4
single,MNQ,2025-01-21 01:24:00+01:00,2025-01-21 01:59:00+01:00,Short,Asia,1,1,Canal Exit,660.52,2.0,5,21713.25,21547.75,21746.5,33.25,0.15313230400792144,4.977443609022556,343.0,10.0,10.31578947368421,0.3007518796992481,0.7734541251775227,0.0035621296912139943,0.0230626082788838,True,False,True,0.0035621296912139943,-3.4160296929767355,-4.672869566987113,3.1134069539804172,-0.35761181727907737,-7.7862765209675295,-38.11046817475525,0,5.0,1.0,10.0,-1.0,21578.75,4.045112781954887,MNQ_v4
single,MNQ,2025-01-21 07:21:00+01:00,2025-01-21 07:35:00+01:00,Long,Asia,7,1,Canal Exit,-77.48,2.0,2,21620.5,21601.5,21578.0,42.5,0.19657269720866768,-0.4470588235294118,5.75,23.25,0.13529411764705881,0.5470588235294118,3.197854792146245,0.014790845688796489,-0.012314189550325164,True,True,False,0.014790845688796489,3.2559830866593984,24.22619582001108,18.419783278816077,-6.84286874592038,5.806412541195002,30.667205549926663,0,2.0,-1.0,6.0,1.0,21595.25,-0.5941176470588235,MNQ_v4
single,MNQ,2025-01-21 07:56:00+01:00,2025-01-21 08:31:00+01:00,Short,Asia,7,1,Stop Loss,-142.48,2.0,5,21591.0,21626.25,21626.25,35.25,0.1632624704738085,-1.0,8.0,44.5,0.22695035460992907,1.2624113475177305,5.077842256709118,0.02351832826969162,0.013891849009231003,True,False,True,0.02351832826969162,-5.877886541362386,-15.981990556120904,-7.779331750112889,-11.730350788694645,-8.202658806008014,8.290072298222196,2,3.0,1.0,4.0,-1.0,21618.75,-0.7872340425531915,MNQ_v4
single,MNQ,2025-01-21 15:31:00+01:00,2025-01-21 15:52:00+01:00,Short,US,15,1,Canal Exit,55.26,1.0,3,21647.25,21619.25,21737.75,90.5,0.4180669600064673,0.30939226519337015,74.75,66.5,0.8259668508287292,0.7348066298342542,1.3005379213936976,0.006007866686963461,0.02671509290653246,False,False,False,-0.006007866686963461,-12.89999214098134,-14.582036522567643,-4.90619392106941,3.1039970464850746,-9.675842601498232,-31.90037246723412,1,3.0,1.0,2.0,-1.0,21542.0,1.1629834254143647,MNQ_v4
single,MNQ,2025-01-21 21:14:00+01:00,2025-01-21 21:56:00+01:00,Long,US,21,1,Auto-Close (loss),-77.22,3.0,6,21727.0,21714.5,21697.25,29.75,0.13692640493395314,-0.42016806722689076,58.0,29.5,1.949579831932773,0.9915966386554622,12.585752461702214,0.057926784469564195,-0.02942402651315397,False,True,True,-0.057926784469564195,8.64697967223401,2.4595401917328603,-5.125191225417293,9.6981617063021,7.584731417150153,-8.785463493720638,0,3.0,-1.0,1.0,1.0,21758.25,1.050420168067227,MNQ_v4
single,MNQ,2025-01-22 02:41:00+01:00,2025-01-22 09:55:00+01:00,Long,Asia,2,2,Canal Exit,333.78,3.0,62,21834.75,21890.75,21811.5,23.25,0.1064816405042421,2.4086021505376345,62.0,8.0,2.6666666666666665,0.34408602150537637,6.400530845799949,0.02931350643263582,0.000686869585277291,False,True,True,-0.02931350643263582,2.5740064419660484,8.642920625994767,2.5506803800052924,23.04736164574709,6.0922402459894744,41.40711822485392,0,4.0,-1.0,12.0,1.0,21881.5,2.010752688172043,MNQ_v4
single,MNQ,2025-01-22 11:54:00+01:00,2025-01-22 14:49:00+01:00,Long,UK,11,2,Canal Exit,416.3,5.0,25,21886.25,21928.25,21869.0,17.25,0.07881660860129076,2.4347826086956523,48.25,6.25,2.7971014492753623,0.36231884057971014,0.712550183168787,0.00325569790699086,-0.00476544833884581,True,True,False,0.00325569790699086,3.71419121366489,34.891965628686386,34.16717646499525,16.357435998503277,0.7247891636911348,36.15967918066969,2,1.0,-1.0,6.0,1.0,21949.75,3.681159420289855,MNQ_v4
single,MNQ,2025-01-22 15:45:00+01:00,2025-01-22 16:13:00+01:00,Long,US,15,2,Canal Exit,57.76,1.0,4,21992.75,22022.0,21898.75,94.0,0.42741357947505426,0.31117021276595747,44.25,42.25,0.47074468085106386,0.449468085106383,0.23230128145951312,0.0010562630023963039,-0.012619462282229673,True,True,False,0.0010562630023963039,12.838389633729093,12.801090292117971,2.19770329315934,16.507587250016176,10.60338699895863,45.83159215206631,1,4.0,-1.0,4.0,1.0,22038.5,0.4867021276595745,MNQ_v4
single,MNQ,2025-01-23 01:24:00+01:00,2025-01-23 07:56:00+01:00,Short,Asia,1,3,Canal Exit,34.52,2.0,56,21954.75,21945.75,21985.25,30.5,0.13892210113984446,0.29508196721311475,28.5,15.25,0.9344262295081968,0.5,3.5864290293320664,0.016335549388319458,-2.420909398593967e-05,True,False,True,0.016335549388319458,-1.8680891991534736,-4.178690234539707,1.3850779326126044,-40.46702102644554,-5.563768167152311,-38.69442986677617,0,5.0,1.0,6.0,-1.0,21929.5,0.8278688524590164,MNQ_v4
single,MNQ,2025-01-23 11:54:00+01:00,2025-01-23 14:00:00+01:00,Short,UK,11,3,Stop Loss,-182.96,4.0,18,21884.5,21907.0,21907.0,22.5,0.10281249286024355,-1.0,12.25,24.0,0.5444444444444444,1.0666666666666667,1.9217160169937415,0.00878117396784821,0.011123307872927674,True,True,False,0.00878117396784821,-17.084621150122985,-19.99698180962092,-15.67345530601153,-14.6130890820682,-4.32352650360939,30.96525263447871,3,3.0,1.0,1.0,-1.0,21886.5,-0.08888888888888889,MNQ_v4
single,MNQ,2025-01-23 15:45:00+01:00,2025-01-23 16:06:00+01:00,Long,US,15,3,Canal Exit,-33.74,1.0,3,21915.25,21898.75,21866.0,49.25,0.224729355129419,-0.3350253807106599,3.0,48.0,0.06091370558375635,0.9746192893401016,3.495378670086211,0.015949526791098487,-0.011061743459412611,False,True,True,-0.015949526791098487,1.3903499383486633,1.5040775991538429,-8.592526786913792,8.765256213768206,10.096604386067636,11.743600890083057,0,3.0,-1.0,3.0,1.0,21910.5,-0.09644670050761421,MNQ_v4
single,MNQ,2025-01-23 19:01:00+01:00,2025-01-23 20:25:00+01:00,Long,US,19,3,Canal Exit,78.52,2.0,12,21938.25,21958.25,21900.25,38.0,0.1732134513919752,0.5263157894736842,46.0,14.5,1.2105263157894737,0.3815789473684211,11.175617067878193,0.05094124220426968,-0.019222098825867028,False,False,False,-0.05094124220426968,1.0065994833603327,10.529932727932154,2.4300164843520413,3.449786774716086,8.099916243580113,-28.93209595425597,0,5.0,-1.0,8.0,-1.0,21968.0,0.7828947368421053,MNQ_v4
single,MNQ,2025-01-23 20:46:00+01:00,2025-01-23 21:56:00+01:00,Long,US,20,3,Auto-Close (profit),340.52,2.0,10,21956.5,22042.0,21923.75,32.75,0.14915856352333023,2.6106870229007635,94.75,16.75,2.8931297709923665,0.5114503816793893,7.195766749857285,0.03277283150710398,-0.013820407672106232,False,True,True,-0.03277283150710398,8.213183560750622,23.456491919405583,15.591151151589171,2.1810786712478945,7.865340767816411,27.830779190334006,2,5.0,-1.0,2.0,-1.0,22017.75,1.8702290076335877,MNQ_v4
single,MNQ,2025-01-24 00:56:00+01:00,2025-01-24 01:52:00+01:00,Long,Asia,0,4,Stop Loss,-173.18,7.0,8,22011.5,21999.5,21999.5,12.0,0.054516957045180926,-1.0,4.0,17.0,0.3333333333333333,1.4166666666666667,7.635503367113415,0.034688700756938036,-0.012219995200431771,False,False,False,-0.034688700756938036,6.41543130530772,13.260946685987564,6.501535527708077,12.31925895219181,6.759411158279487,-20.322025162510492,1,2.0,-1.0,5.0,-1.0,22013.75,0.1875,MNQ_v4
single,MNQ,2025-01-24 04:19:00+01:00,2025-01-24 04:47:00+01:00,Short,Asia,4,4,Canal Exit,35.52,2.0,4,22019.25,22010.0,22058.75,39.5,0.17938848961703963,0.23417721518987342,28.5,16.0,0.7215189873417721,0.4050632911392405,0.8605714064760832,0.003908268476338127,0.023262881013153363,True,False,True,0.003908268476338127,-11.489674738084432,-14.84834070987148,-6.018582654423758,10.213187939128444,-8.829758055447721,-38.181721409040996,1,4.0,1.0,4.0,-1.0,21986.0,0.8417721518987342,MNQ_v4
single,MNQ,2025-01-24 07:56:00+01:00,2025-01-24 08:45:00+01:00,Short,Asia,7,4,Canal Exit,159.04,4.0,7,21997.0,21976.75,22015.5,18.5,0.08410237759694504,1.0945945945945945,21.0,8.75,1.135135135135135,0.47297297297297297,0.33800040210189763,0.0015365749970536783,0.005571849241074825,False,False,False,-0.0015365749970536783,-7.362974249466788,-5.181653201202007,1.6823992043627598,-1.1372572015879427,-6.864052405564767,-30.214961288610617,3,6.0,1.0,1.0,1.0,21982.75,0.7702702702702703,MNQ_v4
single,MNQ,2025-01-24 09:55:00+01:00,2025-01-24 10:09:00+01:00,Short,UK,9,4,Stop Loss,-162.96,4.0,2,21988.75,22008.75,22008.75,20.0,0.09095560229662897,-1.0,13.0,21.75,0.65,1.0875,5.84316828820738,0.026573444548723235,0.00865196355300785,True,True,False,0.026573444548723235,-1.232238997487002,-8.532030866575406,-1.9257179933338113,-8.732280097563628,-6.6063128732415946,0.9104230942826431,0,2.0,1.0,4.0,-1.0,22010.0,-1.0625,MNQ_v4
single,MNQ,2025-01-24 15:10:00+01:00,2025-01-24 15:31:00+01:00,Long,UK,15,4,Canal Exit,-59.74,1.0,3,22041.25,22011.75,21996.0,45.25,0.20529688651959394,-0.6519337016574586,11.5,34.0,0.2541436464088398,0.7513812154696132,5.467476139070641,0.024805653667875648,-0.02043998091281278,False,True,True,-0.024805653667875648,9.655128173522826,10.256095058509104,-0.7256710619234141,3.9979665955340415,10.981766120432518,30.088837822807232,1,3.0,-1.0,10.0,1.0,22003.25,-0.8397790055248618,MNQ_v4
single,MNQ,2025-01-24 16:06:00+01:00,2025-01-24 16:41:00+01:00,Short,US,16,4,Canal Exit,50.26,1.0,5,22028.75,22003.25,22078.0,49.25,0.22357146910287692,0.5177664974619289,50.5,9.25,1.0253807106598984,0.18781725888324874,5.9701668063135,0.027101704846228227,0.01455922465348357,True,False,True,0.027101704846228227,-1.486645562799822,-1.261956640851802,0.946246888579062,-9.241022194089904,-2.2082035294308637,-28.143498025836077,0,5.0,1.0,10.0,-1.0,22000.75,0.5685279187817259,MNQ_v4
single,MNQ,2025-01-27 01:10:00+01:00,2025-01-27 01:24:00+01:00,Long,Asia,1,0,Stop Loss,-185.92,8.0,2,21650.0,21638.75,21638.75,11.25,0.05196304849884527,-1.0,11.75,13.0,1.0444444444444445,1.1555555555555554,10.293294592323946,0.04754408587678497,-0.1339714112758762,False,True,True,-0.04754408587678497,76.62613131554826,1.1293061168393077,0.2769226440716275,-1.5444423425136204,0.8523834727676802,-14.101256712776284,3,1.0,-1.0,5.0,1.0,21578.0,-6.4,MNQ_v4
single,MNQ,2025-01-27 02:41:00+01:00,2025-01-27 03:02:00+01:00,Short,Asia,2,0,Canal Exit,-12.24,1.0,3,21524.0,21529.75,21666.0,142.0,0.6597286749674781,-0.040492957746478875,35.5,14.0,0.25,0.09859154929577464,2.680780542512366,0.012454843628100567,-0.019787366735664752,False,False,False,-0.012454843628100567,-3.3120040755311493,-22.424761647619707,-18.141058450975393,-25.085727025575746,-4.283703196644314,-27.682999989822367,0,3.0,1.0,12.0,-1.0,21548.5,-0.17253521126760563,MNQ_v4
single,MNQ,2025-01-27 10:51:00+01:00,2025-01-27 11:33:00+01:00,Short,UK,10,0,Canal Exit,308.26,1.0,6,21163.25,21008.75,21269.25,106.0,0.5008682503868734,1.4575471698113207,171.0,34.5,1.6132075471698113,0.32547169811320753,7.989156881456438,0.037750141785672986,-0.0016605125488532517,True,False,True,0.037750141785672986,-10.410726590354898,-29.83017233662229,-24.37991946665974,-28.29680018972663,-5.450252869962551,-45.03364694378429,0,6.0,1.0,1.0,-1.0,20942.25,2.0849056603773586,MNQ_v4
single,MNQ,2025-01-27 12:15:00+01:00,2025-01-27 13:04:00+01:00,Long,UK,12,0,Canal Exit,144.76,1.0,7,20982.75,21055.5,20763.75,219.0,1.0437144797512243,0.3321917808219178,76.75,101.5,0.3504566210045662,0.4634703196347032,42.7987455821858,0.20397109807906874,-0.1709643427482172,False,True,True,-0.20397109807906874,50.599548342299386,2.6585857831801047,-5.068305934375516,-30.536739521293566,7.72689171755562,35.06021904432106,1,5.0,-1.0,6.0,-1.0,21082.5,0.4554794520547945,MNQ_v4
single,MNQ,2025-01-28 07:00:00+01:00,2025-01-28 08:03:00+01:00,Long,Asia,7,1,Canal Exit,-27.74,1.0,9,21302.5,21289.0,21247.5,55.0,0.25818565896021595,-0.24545454545454545,10.0,37.25,0.18181818181818182,0.6772727272727272,4.9690956136910245,0.023326349553766106,-0.014108236163489465,False,False,False,-0.023326349553766106,9.122809774980851,7.298150596625081,-1.8339059910477116,0.5893337076386457,9.132056587672793,-13.361985002503163,2,4.0,-1.0,7.0,-1.0,21336.0,0.6090909090909091,MNQ_v4
single,MNQ,2025-01-28 08:24:00+01:00,2025-01-28 08:52:00+01:00,Long,Asia,8,1,Canal Exit,30.76,1.0,4,21320.25,21336.0,21273.75,46.5,0.21810250817884408,0.3387096774193548,31.0,3.75,0.6666666666666666,0.08064516129032258,1.7924351422698237,0.008407195704880683,-0.007437247789310997,True,True,False,0.008407195704880683,5.7202013776040985,21.946758251467426,15.940379090261306,-1.9608321896723524,6.0063791612061195,35.48790881767144,1,4.0,-1.0,6.0,1.0,21329.75,0.20430107526881722,MNQ_v4
single,MNQ,2025-01-28 09:55:00+01:00,2025-01-28 13:04:00+01:00,Long,UK,9,1,Stop Loss,-196.24,1.0,27,21393.25,21295.5,21295.5,97.75,0.45691982284131677,-1.0,30.0,106.5,0.3069053708439898,1.0895140664961638,1.628427455900237,0.007611875034883606,-0.012990306033928107,True,False,True,0.007611875034883606,0.6272337484988384,31.311021731764676,23.8881833647428,11.396620447031806,7.422838367021875,-28.739821332742697,0,3.0,-1.0,4.0,1.0,21281.5,-1.143222506393862,MNQ_v4
single,MNQ,2025-01-28 16:06:00+01:00,2025-01-28 16:34:00+01:00,Long,US,16,1,Canal Exit,165.26,1.0,4,21357.25,21440.25,21160.75,196.5,0.9200622739350807,0.4223918575063613,124.0,43.25,0.6310432569974554,0.22010178117048346,5.684795727604069,0.02661763910430448,-0.06074420523583603,False,True,True,-0.02661763910430448,33.01359150538701,14.990361800785285,6.855319355165035,-17.193603935379766,8.13504244562025,47.049716898810026,1,4.0,-1.0,5.0,1.0,21463.5,0.5407124681933843,MNQ_v4
single,MNQ,2025-01-28 20:25:00+01:00,2025-01-28 21:56:00+01:00,Long,US,20,1,Auto-Close (profit),13.26,1.0,13,21569.0,21576.0,21513.25,55.75,0.25847280819694934,0.12556053811659193,57.0,24.25,1.0224215246636772,0.4349775784753363,19.815246683559963,0.09186910233928305,-0.023559442178186677,False,False,False,-0.09186910233928305,28.86514076122694,6.331204089353848,-2.487080799748999,11.45869342850169,8.818284889102848,-13.221147070795197,2,5.0,-1.0,4.0,1.0,21560.0,-0.16143497757847533,MNQ_v4
single,MNQ,2025-01-29 03:16:00+01:00,2025-01-29 03:37:00+01:00,Short,Asia,3,2,Stop Loss,-183.68,7.0,3,21564.0,21576.75,21576.75,12.75,0.059126321647189756,-1.0,3.75,20.0,0.29411764705882354,1.5686274509803921,0.35670876305084676,0.0016541864359620048,0.009144634573548806,True,False,True,0.0016541864359620048,-8.99445064730753,-6.526700001070616,-0.7379017101686745,-3.3179070650297953,-5.788798290901942,-2.385171453550727,3,2.0,1.0,4.0,-1.0,21566.0,-0.1568627450980392,MNQ_v4
single,MNQ,2025-01-29 05:01:00+01:00,2025-01-29 05:29:00+01:00,Long,Asia,5,2,Canal Exit,23.52,2.0,4,21595.0,21601.25,21559.25,35.75,0.16554758045843945,0.17482517482517482,13.5,2.5,0.3776223776223776,0.06993006993006994,0.30860570916411234,0.0014290609361616686,-0.007482991370116247,True,True,False,0.0014290609361616686,1.8164704820701445,29.44489532481821,21.716031813142646,2.987361673907388,7.728863511675563,38.46300412602423,0,4.0,-1.0,13.0,1.0,21644.5,1.3846153846153846,MNQ_v4
single,MNQ,2025-01-29 07:14:00+01:00,2025-01-29 07:42:00+01:00,Long,Asia,7,2,Canal Exit,31.26,1.0,4,21652.5,21668.5,21559.25,93.25,0.4306662048262326,0.17158176943699732,33.5,13.75,0.35924932975871315,0.14745308310991956,5.054656859931129,0.02334444918568816,-0.015502206295415743,True,True,False,0.02334444918568816,17.280728511701454,7.250615813456583,-1.5221255435744152,12.776118206270587,8.772741357030998,34.50637784865574,2,4.0,-1.0,7.0,1.0,21656.75,0.045576407506702415,MNQ_v4
single,MNQ,2025-01-29 09:13:00+01:00,2025-01-29 10:02:00+01:00,Long,UK,9,2,Stop Loss,-147.48,2.0,7,21678.5,21642.0,21642.0,36.5,0.1683695827663353,-1.0,18.75,50.5,0.5136986301369864,1.3835616438356164,3.291313075933431,0.015182383817761519,-0.006138211380147007,False,False,False,-0.015182383817761519,2.000557889659831,34.267973316279004,31.644426843545588,17.816230974779284,2.623546472733416,-13.108736881369174,0,2.0,-1.0,3.0,1.0,21652.75,-0.7054794520547946,MNQ_v4
single,MNQ,2025-01-29 13:46:00+01:00,2025-01-29 21:07:00+01:00,Short,UK,13,2,Canal Exit,600.52,2.0,63,21650.25,21499.75,21690.0,39.75,0.18360065126268751,3.7861635220125787,282.25,8.5,7.10062893081761,0.2138364779874214,2.212255421698501,0.010218151853666821,0.005555920672953435,False,True,True,-0.010218151853666821,-1.263277080925036,-25.633775508039786,-22.976334154409056,-3.2066149995662507,-2.6574413536307304,29.707527724951206,0,5.0,1.0,3.0,1.0,21583.0,1.6918238993710693,MNQ_v4
single,MNQ,2025-01-30 04:40:00+01:00,2025-01-30 06:04:00+01:00,Long,Asia,4,3,Stop Loss,-177.66,9.0,12,21663.25,21653.75,21653.75,9.5,0.043853069137825586,-1.0,16.75,15.0,1.763157894736842,1.5789473684210527,9.860629920796782,0.04551777743781188,-0.004957657813891726,False,False,False,-0.04551777743781188,2.3609404382623325,1.417587044509568,0.15299645171737464,32.129489678880454,1.2645905927921932,-37.50351466366689,0,6.0,-1.0,1.0,1.0,21655.25,-0.8421052631578947,MNQ_v4
single,MNQ,2025-01-30 13:04:00+01:00,2025-01-30 13:32:00+01:00,Short,UK,13,3,Canal Exit,55.52,2.0,4,21627.5,21613.25,21670.75,43.25,0.19997688128540053,0.32947976878612717,52.75,26.5,1.2196531791907514,0.6127167630057804,7.603518955358595,0.035156716936116494,0.026018144536421275,True,False,True,0.035156716936116494,-1.7511750206940633,-9.668648572769632,-1.6856975231939533,-14.184063618371573,-7.982951049575679,-40.54354780017288,0,4.0,1.0,7.0,-1.0,21629.5,-0.046242774566473986,MNQ_v4
single,MNQ,2025-01-30 18:26:00+01:00,2025-01-30 20:46:00+01:00,Short,US,18,3,Stop Loss,-233.24,1.0,20,21509.0,21625.25,21625.25,116.25,0.54047143056395,-1.0,5.75,134.25,0.04946236559139785,1.1548387096774193,35.43770454778132,0.16475756449756532,0.07612824686413475,True,True,False,0.16475756449756532,-0.856849686770147,-17.88877891447867,-7.20861327740084,-4.24141075216096,-10.680165637077831,19.058484170425583,0,3.0,1.0,5.0,-1.0,21691.75,-1.5720430107526882,MNQ_v4
single,MNQ,2025-01-31 02:20:00+01:00,2025-01-31 03:02:00+01:00,Long,Asia,2,4,Canal Exit,52.76,1.0,6,21732.75,21759.5,21673.0,59.75,0.2749306921581484,0.4476987447698745,54.25,53.75,0.9079497907949791,0.899581589958159,2.945730683110014,0.01355433934090262,0.007066603153532515,False,True,True,-0.01355433934090262,5.145333177715656,6.107939918078375,2.725605786149928,4.836025885210506,3.382334131928447,41.464623075960006,1,6.0,-1.0,8.0,1.0,21745.5,0.21338912133891214,MNQ_v4
single,MNQ,2025-01-31 04:19:00+01:00,2025-01-31 04:33:00+01:00,Long,Asia,4,4,Stop Loss,-158.7,5.0,2,21751.5,21736.0,21736.0,15.5,0.07125945337103189,-1.0,3.5,19.75,0.22580645161290322,1.2741935483870968,13.112874419843138,0.06028492021167799,-0.007310721166351837,False,False,False,-0.06028492021167799,5.375840153214085,2.457868144689063,-2.2516322810030895,4.0327024910852245,4.709500425692152,-5.287591668704059,1,1.0,-1.0,4.0,1.0,21739.25,-0.7903225806451613,MNQ_v4
single,MNQ,2025-01-31 10:16:00+01:00,2025-01-31 14:00:00+01:00,Long,UK,10,4,Canal Exit,3.52,2.0,32,21782.0,21783.25,21742.75,39.25,0.18019465613809568,0.03184713375796178,31.75,10.75,0.8089171974522293,0.27388535031847133,7.931963096438267,0.036415219430898295,-0.013903712088852424,False,False,False,-0.036415219430898295,5.502446956175845,0.375604359472366,-6.142609982896704,3.671013770224087,6.5182143423690695,-28.818814383122263,1,4.0,-1.0,8.0,-1.0,21775.75,-0.1592356687898089,MNQ_v4
single,MNQ,2025-01-31 18:26:00+01:00,2025-01-31 19:15:00+01:00,Long,US,18,4,Stop Loss,-133.74,1.0,7,21931.0,21864.5,21864.5,66.5,0.30322374720714973,-1.0,8.0,109.25,0.12030075187969924,1.6428571428571428,19.728131097799633,0.08995545619351435,-0.03169062389815808,False,True,True,-0.08995545619351435,0.2640790896512044,16.608278794346642,8.919144458530965,13.606402056986893,7.689134335815677,-10.240604922502193,0,4.0,-1.0,5.0,1.0,21771.5,-2.398496240601504,MNQ_v4
single,MNQ,2025-01-31 22:59:00+01:00,2025-02-03 00:35:00+01:00,Short,Asia,22,4,Canal Exit,5830.56,6.0,6,21571.25,21085.0,21584.5,13.25,0.06142434953931737,36.698113207547166,631.0,2.5,47.62264150943396,0.18867924528301888,14.927369815421116,0.06920030047132696,-0.0023361874989937326,True,False,True,0.06920030047132696,-4.508248642712715,-6.262737718042874,-8.584199492325896,-18.27098771595144,2.321461774283022,-33.598114246083014,0,1.0,-1.0,6.0,-1.0,21048.0,39.490566037735846,MNQ_v4
single,MNQ,2025-02-03 00:56:00+01:00,2025-02-03 01:17:00+01:00,Long,Asia,0,0,Stop Loss,-140.74,1.0,3,21102.75,21032.75,21032.75,70.0,0.33171032211441637,-1.0,53.25,72.5,0.7607142857142857,1.0357142857142858,85.99825674633757,0.40752156352294167,-0.354394916759291,False,True,True,-0.40752156352294167,102.50227398342759,6.189076845119575,-0.8401404013173797,-18.84039879969887,7.029217246436955,23.01681057724019,2,3.0,-1.0,5.0,1.0,21113.75,0.15714285714285714,MNQ_v4
single,MNQ,2025-02-03 16:06:00+01:00,2025-02-03 16:20:00+01:00,Short,US,16,0,Stop Loss,-334.24,1.0,2,21148.0,21314.75,21314.75,166.75,0.7884906374125212,-1.0,34.75,213.5,0.20839580209895053,1.280359820089955,6.348175247992913,0.030017851560397733,0.033595875316562246,True,False,True,0.030017851560397733,-10.493801589247596,-14.262910284462022,-7.140678764418609,11.23073205270864,-7.122231520043413,-25.72192591584315,0,2.0,1.0,6.0,-1.0,21415.75,-1.605697151424288,MNQ_v4
single,MNQ,2025-02-03 19:15:00+01:00,2025-02-03 21:56:00+01:00,Long,US,19,0,Auto-Close (loss),-17.74,1.0,23,21415.25,21406.75,21341.5,73.75,0.34438075670375085,-0.1152542372881356,104.75,28.5,1.4203389830508475,0.3864406779661017,9.179999008352752,0.042866644136084105,-0.03313245775470801,False,False,False,-0.042866644136084105,31.99098680388488,7.068526217150382,0.2223866672645758,16.398484214516206,6.846139549885807,-41.84804530116208,2,6.0,-1.0,1.0,1.0,21425.0,0.13220338983050847,MNQ_v4
single,MNQ,2025-02-04 00:42:00+01:00,2025-02-04 01:24:00+01:00,Short,Asia,0,1,Canal Exit,74.52,2.0,6,21569.5,21550.5,21600.0,30.5,0.1414033705000116,0.6229508196721312,33.0,8.25,1.0819672131147542,0.27049180327868855,2.174080412754847,0.010079419609888254,0.0529953784244248,False,False,False,-0.010079419609888254,-22.20847323920316,-6.048513334395593,-2.188775568595147,-3.7758162998739806,-3.8597377658004457,-30.874453042026953,2,6.0,1.0,5.0,-1.0,21529.5,1.3114754098360655,MNQ_v4
single,MNQ,2025-02-04 05:57:00+01:00,2025-02-04 06:25:00+01:00,Short,Asia,5,1,Canal Exit,388.52,2.0,4,21433.75,21336.25,21476.5,42.75,0.1994517991485391,2.280701754385965,193.0,25.25,4.514619883040936,0.5906432748538012,6.1591890591953415,0.028735937757953422,0.01189133621289208,True,False,True,0.028735937757953422,-3.234010940686858,-20.77904969225172,-13.65869684622223,-12.250172646982024,-7.120352846029492,-28.253904524050707,0,4.0,1.0,7.0,-1.0,21349.25,1.976608187134503,MNQ_v4
single,MNQ,2025-02-04 07:00:00+01:00,2025-02-04 07:42:00+01:00,Long,Asia,7,1,Canal Exit,39.76,1.0,6,21363.75,21384.0,21240.75,123.0,0.5757416183956469,0.16463414634146342,21.5,35.25,0.17479674796747968,0.2865853658536585,8.986438146916043,0.04206395481559203,-0.08869287346231614,False,True,True,-0.04206395481559203,39.21871155948611,17.146802323879566,13.411599013672443,-19.95557874813819,3.7352033102071225,-0.5096224347477862,2,2.0,-1.0,5.0,-1.0,21405.0,0.3353658536585366,MNQ_v4
single,MNQ,2025-02-04 15:38:00+01:00,2025-02-04 16:13:00+01:00,Long,US,15,1,Canal Exit,308.26,1.0,5,21506.25,21660.75,21405.0,101.25,0.4707933740191805,1.525925925925926,157.25,31.25,1.5530864197530865,0.30864197530864196,6.62393500363396,0.030800046515008242,-0.027064500122856966,False,True,True,-0.030800046515008242,24.623945003892004,4.732368922738773,-3.414022879735254,6.0641432485035205,8.146391802474026,48.96331903099892,1,5.0,-1.0,10.0,1.0,21683.5,1.7506172839506173,MNQ_v4
single,MNQ,2025-02-05 06:32:00+01:00,2025-02-05 07:35:00+01:00,Short,Asia,6,2,Canal Exit,95.28,3.0,9,21539.25,21523.0,21567.0,27.75,0.12883456944879698,0.5855855855855856,23.25,11.75,0.8378378378378378,0.42342342342342343,3.345236211309384,0.01553088529688538,0.009728415772468316,True,False,True,0.01553088529688538,-9.269469301994832,-15.763860961558075,-6.558100809400562,-8.235892622191322,-9.205760152157513,-0.573727670749796,2,4.0,1.0,6.0,1.0,21510.75,1.027027027027027,MNQ_v4
single,MNQ,2025-02-05 09:48:00+01:00,2025-02-05 10:09:00+01:00,Short,UK,9,2,Canal Exit,-42.24,1.0,3,21473.5,21494.25,21549.5,76.0,0.35392460474538384,-0.2730263157894737,15.75,34.0,0.20723684210526316,0.4473684210526316,3.0397473394259578,0.014155807574107424,0.016693094125190645,True,False,True,0.014155807574107424,-16.237419369688723,-8.404631459182529,-1.4223544407396327,-14.531227022523987,-6.982277018442896,-23.257618058692675,1,3.0,1.0,3.0,-1.0,21457.25,0.2138157894736842,MNQ_v4
single,MNQ,2025-02-05 16:41:00+01:00,2025-02-05 17:09:00+01:00,Long,US,16,2,Canal Exit,17.76,1.0,4,21591.5,21600.75,21501.0,90.5,0.41914642336104485,0.10220994475138122,41.0,21.75,0.4530386740331492,0.24033149171270718,3.931668042379897,0.018209332572447015,-0.01281175337071242,False,True,True,-0.018209332572447015,3.012932484060002,14.010520760239553,6.22550779706896,13.633250599374513,7.785012963170593,31.892458435119377,0,4.0,-1.0,3.0,1.0,21639.5,0.5303867403314917,MNQ_v4
single,MNQ,2025-02-05 19:50:00+01:00,2025-02-05 21:56:00+01:00,Long,US,19,2,Auto-Close (profit),389.28,3.0,18,21696.25,21761.5,21671.25,25.0,0.11522728582128247,2.61,86.75,10.25,3.47,0.41,16.143201274171588,0.07440549069157844,-0.010843130273337559,False,True,True,-0.07440549069157844,6.136787187879236,7.505620872608205,6.792973807884075,19.596434494838622,0.7126470647241296,2.8875579198243004,0,5.0,-1.0,1.0,1.0,21763.25,2.68,MNQ_v4
single,MNQ,2025-02-06 10:51:00+01:00,2025-02-06 11:05:00+01:00,Short,UK,10,3,Canal Exit,-46.48,2.0,2,21796.0,21807.25,21830.0,34.0,0.15599192512387594,-0.33088235294117646,4.5,13.5,0.1323529411764706,0.39705882352941174,1.1474147605258622,0.0052643363944111865,0.0138142033305836,False,False,False,-0.0052643363944111865,-2.7826888148592843,-28.19037779739457,-22.57393963810437,-2.3359912605191724,-5.616438159290201,-24.016673015862523,0,2.0,1.0,3.0,-1.0,21783.25,0.375,MNQ_v4
single,MNQ,2025-02-06 18:19:00+01:00,2025-02-06 19:15:00+01:00,Long,US,18,3,Canal Exit,58.26,1.0,8,21798.0,21827.5,21740.25,57.75,0.26493256262042386,0.5108225108225108,34.5,30.0,0.5974025974025974,0.5194805194805194,5.740304535844189,0.026334088154161796,-0.013259281126396072,False,True,True,-0.026334088154161796,8.907852868869668,0.8836843963578189,-6.46478296377042,2.727785537997793,7.3484673601282395,38.70174250721676,1,8.0,-1.0,15.0,1.0,21745.25,-0.9134199134199135,MNQ_v4
single,MNQ,2025-02-06 21:21:00+01:00,2025-02-06 21:56:00+01:00,Long,US,21,3,Auto-Close (profit),159.26,1.0,5,21791.0,21871.0,21733.75,57.25,0.26272314258179985,1.3973799126637554,91.0,28.75,1.5895196506550218,0.5021834061135371,13.493865068950981,0.06192402858497077,-0.05708742976813779,False,True,True,-0.06192402858497077,36.305891747342685,14.883775669891481,6.184796348305616,7.623903060397976,8.698979321585865,41.45191757285261,2,5.0,-1.0,5.0,1.0,21855.0,1.1179039301310043,MNQ_v4
single,MNQ,2025-02-07 01:52:00+01:00,2025-02-07 03:02:00+01:00,Long,Asia,1,4,Canal Exit,49.76,1.0,10,21862.0,21887.25,21806.0,56.0,0.2561522276095508,0.45089285714285715,37.25,9.5,0.6651785714285714,0.16964285714285715,2.8950677610264393,0.01324246528691995,-0.0007359121224761429,False,True,True,-0.01324246528691995,0.8064859874284593,2.9910096234944277,-1.5559760854700047,7.762591158881391,4.546985708964432,41.03362957660316,0,4.0,-1.0,7.0,1.0,21888.0,0.4642857142857143,MNQ_v4
single,MNQ,2025-02-07 10:37:00+01:00,2025-02-07 11:05:00+01:00,Long,UK,10,4,Canal Exit,-45.72,3.0,4,21863.25,21856.0,21836.0,27.25,0.12463837718545961,-0.26605504587155965,2.75,14.75,0.10091743119266056,0.5412844036697247,1.2719922347096144,0.005817946712906885,-0.010251527189286602,False,True,True,-0.005817946712906885,2.592525625572307,0.19736786515592245,-4.76579882596893,-5.066411738856981,4.963166691124853,24.198415795803964,0,4.0,-1.0,3.0,1.0,21863.25,0.0,MNQ_v4
single,MNQ,2025-02-07 11:54:00+01:00,2025-02-07 12:43:00+01:00,Short,UK,11,4,Stop Loss,-180.18,7.0,7,21854.25,21866.75,21866.75,12.5,0.05719711268975142,-1.0,13.25,14.75,1.06,1.18,0.056563845253549516,0.0002588230904906346,0.005600735461817097,False,True,True,-0.0002588230904906346,-4.145914088774589,-13.397976505513993,-8.797038358925892,-12.18538367428713,-4.600938146588101,25.04775133533865,3,3.0,1.0,4.0,-1.0,21873.5,-1.54,MNQ_v4
single,MNQ,2025-02-07 13:32:00+01:00,2025-02-07 14:28:00+01:00,Short,UK,13,4,Stop Loss,-175.44,6.0,8,21862.75,21877.0,21877.0,14.25,0.06517935758310368,-1.0,72.75,60.75,5.105263157894737,4.2631578947368425,3.976939146858058,0.01819047991153015,0.013037971440772579,True,False,True,0.01819047991153015,-6.851777170573769,-1.1834669537407012,6.618234794021142,-3.832782541842009,-7.801701747761843,-32.503275282472536,2,8.0,1.0,12.0,-1.0,21904.75,-2.9473684210526314,MNQ_v4
single,MNQ,2025-02-07 14:56:00+01:00,2025-02-07 15:52:00+01:00,Long,UK,14,4,Canal Exit,64.26,1.0,8,21872.25,21904.75,21790.0,82.25,0.3760472745145104,0.3951367781155015,95.5,8.0,1.1610942249240122,0.0972644376899696,0.4214577164821094,0.0019269060863976472,-0.011547681259877885,True,True,False,0.0019269060863976472,7.795844823773223,8.283283282976914,4.534647431182973,2.02131167693531,3.7486358517939404,27.241023314188514,3,8.0,-1.0,6.0,1.0,21775.25,-1.1793313069908815,MNQ_v4
single,MNQ,2025-02-07 19:50:00+01:00,2025-02-07 21:56:00+01:00,Short,US,19,4,Auto-Close (profit),100.76,1.0,18,21639.0,21588.25,21730.75,91.75,0.4240029576228107,0.553133514986376,86.0,21.5,0.9373297002724795,0.23433242506811988,16.337893068463018,0.07550207065235463,0.06140920570181692,True,True,False,0.07550207065235463,-68.00199580306071,-13.87756886573667,-3.4342534537951126,-7.062563729207295,-10.443315411941558,13.249244426577963,3,4.0,1.0,1.0,-1.0,21589.25,0.5422343324250681,MNQ_v4
single,MNQ,2025-02-10 03:51:00+01:00,2025-02-10 07:35:00+01:00,Long,Asia,3,0,Canal Exit,199.56,6.0,32,21673.75,21690.75,21659.25,14.5,0.06690120537516582,1.1724137931034482,57.75,4.5,3.9827586206896552,0.3103448275862069,1.7673037657659734,0.008154120840952642,-0.006766451235540299,False,False,False,-0.008154120840952642,2.7459337440486706,27.56786517698814,25.82542008570058,7.817921266187311,1.7424450912875606,-45.855060076255334,0,1.0,-1.0,8.0,-1.0,21689.25,1.0689655172413792,MNQ_v4
single,MNQ,2025-02-10 08:17:00+01:00,2025-02-10 08:59:00+01:00,Long,Asia,8,0,Stop Loss,-178.64,11.0,6,21690.75,21683.0,21683.0,7.75,0.035729516037942444,-1.0,16.25,7.75,2.096774193548387,1.0,6.042486733858823,0.027857435698898484,-0.017649488451149335,False,True,True,-0.027857435698898484,15.28406484221341,2.3073308180363976,-1.7342528521734455,7.537418205031531,4.041583670209843,19.1214419657818,3,2.0,-1.0,2.0,-1.0,21695.0,0.5483870967741935,MNQ_v4
single,MNQ,2025-02-10 15:59:00+01:00,2025-02-10 16:41:00+01:00,Long,US,15,0,Canal Exit,102.26,1.0,6,21835.0,21886.5,21742.25,92.75,0.42477673460041215,0.555256064690027,54.25,52.5,0.5849056603773585,0.5660377358490566,3.912536293551966,0.01791864572270193,-0.010063527227554232,False,True,True,-0.01791864572270193,5.808417698510311,17.205982494577135,9.475806560345152,9.464700328989673,7.730175934231983,44.37646152716399,0,6.0,-1.0,9.0,1.0,21843.5,0.09164420485175202,MNQ_v4
single,MNQ,2025-02-11 02:20:00+01:00,2025-02-11 04:54:00+01:00,Short,Asia,2,1,Canal Exit,113.28,3.0,22,21794.0,21774.75,21817.0,23.0,0.10553363311003028,0.8369565217391305,44.0,16.25,1.9130434782608696,0.7065217391304348,9.80313147079869,0.04498087304211567,0.019239165312732568,True,True,False,0.04498087304211567,-7.883798561702861,-2.5276852211932197,7.894634959864042,-8.450949435651752,-10.422320181057263,33.78655599177615,1,3.0,1.0,9.0,1.0,21788.75,0.22826086956521738,MNQ_v4
single,MNQ,2025-02-11 10:30:00+01:00,2025-02-11 11:33:00+01:00,Short,UK,10,1,Canal Exit,51.52,2.0,9,21750.0,21736.75,21788.25,38.25,0.17586206896551723,0.3464052287581699,13.25,14.25,0.3464052287581699,0.37254901960784315,5.8197816268439055,0.026757616675144393,0.020373366079463804,True,False,True,0.026757616675144393,-8.886518087139848,-7.456904938132083,1.4377244794989612,-1.5018085389952904,-8.894629417631045,-4.56048239347653,1,4.0,1.0,4.0,1.0,21744.75,0.13725490196078433,MNQ_v4
single,MNQ,2025-02-11 12:15:00+01:00,2025-02-11 12:50:00+01:00,Long,UK,12,1,Canal Exit,93.04,4.0,5,21747.0,21759.0,21728.75,18.25,0.08391962109716282,0.6575342465753424,15.5,1.0,0.8493150684931506,0.0547945205479452,1.0892473850690294,0.005008724812935252,-0.01155083302914588,False,True,True,-0.005008724812935252,4.301175519329263,2.885681899524747,-4.785017523702699,1.6740147383518433,7.670699423227446,36.578786460698936,1,5.0,-1.0,7.0,1.0,21749.5,0.136986301369863,MNQ_v4
single,MNQ,2025-02-11 13:11:00+01:00,2025-02-11 14:56:00+01:00,Short,UK,13,1,Canal Exit,439.04,4.0,15,21749.0,21693.75,21769.75,20.75,0.09540668536484437,2.6626506024096384,79.5,10.25,3.8313253012048194,0.4939759036144578,4.379324866844399,0.020135752755733132,0.010171173709128963,True,False,True,0.020135752755733132,-5.012206835694087,-3.8400223992431712,2.76231985765276,-4.193920673649579,-6.602342256895931,-31.919436342713542,1,4.0,1.0,9.0,-1.0,21778.0,-1.3975903614457832,MNQ_v4
single,MNQ,2025-02-11 18:40:00+01:00,2025-02-11 21:14:00+01:00,Long,US,18,1,Canal Exit,111.76,1.0,22,21767.25,21823.5,21715.75,51.5,0.23659396570536012,1.0922330097087378,73.25,19.5,1.4223300970873787,0.3786407766990291,23.522624101904512,0.10806428971002086,-0.06120455794898268,False,True,True,-0.10806428971002086,19.625185535864148,4.634161020636703,-0.7452599595958924,7.538249853867755,5.379420980232595,23.936088116485372,1,3.0,-1.0,6.0,1.0,21789.25,0.42718446601941745,MNQ_v4
single,MNQ,2025-02-12 02:55:00+01:00,2025-02-12 03:16:00+01:00,Long,Asia,2,2,Canal Exit,-16.48,2.0,3,21824.75,21821.0,21793.5,31.25,0.14318606169601025,-0.12,4.0,9.0,0.128,0.288,2.1990161465728306,0.010075790772278402,-0.009167031962753843,False,True,True,-0.010075790772278402,0.9248048128938535,24.023030754897093,17.879033857086522,0.10933514583464188,6.14399689781057,28.81515382160646,0,3.0,-1.0,9.0,1.0,21805.5,-0.616,MNQ_v4
single,MNQ,2025-02-12 03:44:00+01:00,2025-02-12 04:19:00+01:00,Short,Asia,3,2,Canal Exit,191.34,9.0,5,21816.5,21805.5,21826.0,9.5,0.0435450232622098,1.1578947368421053,14.5,6.25,1.5263157894736843,0.6578947368421053,0.8646567675968981,0.003963315690403585,0.006355892271604429,True,False,True,0.003963315690403585,-0.6000019217754016,-20.630032062531466,-14.563267377486538,-2.3511443634239555,-6.066764685044928,-43.12723394561553,0,5.0,1.0,11.0,-1.0,21782.75,3.5526315789473686,MNQ_v4
single,MNQ,2025-02-12 08:10:00+01:00,2025-02-12 08:38:00+01:00,Short,Asia,8,2,Stop Loss,-172.44,6.0,4,21779.0,21793.0,21793.0,14.0,0.06428210661646541,-1.0,4.5,15.5,0.32142857142857145,1.1071428571428572,3.7402331424309523,0.017173576116584564,0.011331411173528214,True,False,True,0.017173576116584564,-10.244935855571384,-14.069986426249754,-4.366872922180734,-5.7196994921199815,-9.70311350406902,-12.494501808530051,3,3.0,1.0,5.0,-1.0,21792.25,-0.9464285714285714,MNQ_v4
single,MNQ,2025-02-12 15:31:00+01:00,2025-02-12 16:55:00+01:00,Long,US,15,2,Canal Exit,241.26,1.0,12,21602.25,21723.25,21510.0,92.25,0.42703885011977916,1.3116531165311653,171.75,66.5,1.8617886178861789,0.7208672086720868,43.25645576506213,0.20024051089614336,-0.19233336055323672,False,True,True,-0.20024051089614336,109.98204858681493,1.0558385425058086,-8.428009281892011,-6.4894578252846005,9.48384782439782,24.82421871205255,3,4.0,-1.0,6.0,1.0,21724.0,1.3197831978319783,MNQ_v4
single,MNQ,2025-02-12 17:16:00+01:00,2025-02-12 17:51:00+01:00,Short,US,17,2,Stop Loss,-179.74,1.0,5,21656.75,21746.25,21746.25,89.5,0.4132660717790065,-1.0,10.25,109.0,0.11452513966480447,1.217877094972067,5.835805002934649,0.026946817980235484,0.07622900663180991,True,False,True,0.026946817980235484,-78.6726486858679,-21.04580480873778,-12.551565337125695,11.001548837931475,-8.494239471612087,23.822244142024047,3,3.0,1.0,3.0,-1.0,21789.0,-1.4776536312849162,MNQ_v4
single,MNQ,2025-02-12 20:32:00+01:00,2025-02-12 21:56:00+01:00,Long,US,20,2,Auto-Close (loss),-17.24,1.0,12,21810.0,21801.75,21759.0,51.0,0.23383768913342504,-0.16176470588235295,29.0,33.5,0.5686274509803921,0.6568627450980392,12.66309801620082,0.058060972105459976,-0.016091878762279632,False,False,False,-0.058060972105459976,3.4028399522794643,6.6380535546042045,1.3979009238842837,11.926559715244165,5.240152630719921,-26.637236053049687,0,4.0,-1.0,1.0,1.0,21833.0,0.45098039215686275,MNQ_v4
single,MNQ,2025-02-13 01:45:00+01:00,2025-02-13 08:52:00+01:00,Long,Asia,1,3,Stop Loss,-95.24,1.0,61,21893.5,21846.25,21846.25,47.25,0.2158174800739946,-1.0,33.5,52.0,0.708994708994709,1.1005291005291005,0.7134010731460876,0.0032585062833539067,0.013529702618787597,False,False,False,-0.0032585062833539067,-0.36259539813545416,10.853969564575154,9.002288732087324,14.759410503952601,1.8516808324878298,-34.672999386802815,1,2.0,-1.0,1.0,1.0,21857.25,-0.7671957671957672,MNQ_v4
single,MNQ,2025-02-13 18:40:00+01:00,2025-02-13 19:15:00+01:00,Long,US,18,3,Stop Loss,-108.24,1.0,5,21995.75,21942.0,21942.0,53.75,0.24436538876828479,-1.0,3.25,105.25,0.06046511627906977,1.958139534883721,19.014111452423094,0.0864444788307882,-0.03880653128070585,False,False,False,-0.0864444788307882,29.333323699906032,2.8491664925074813,-2.010018910458215,1.3271151547206064,4.8591854029656965,-17.130247763535355,2,2.0,-1.0,2.0,1.0,21955.75,-0.7441860465116279,MNQ_v4
single,MNQ,2025-02-14 00:14:00+01:00,2025-02-14 04:12:00+01:00,Long,Asia,0,4,Canal Exit,225.78,3.0,34,22092.0,22130.0,22068.0,24.0,0.10863661053775121,1.5833333333333333,57.25,17.5,2.3854166666666665,0.7291666666666666,7.016244300575636,0.031759208313306336,-0.0060473504589658245,False,False,False,-0.031759208313306336,9.659353067094344,5.748406850477405,-0.37789513202695746,24.020608550067596,6.126301982504362,-32.2608576541372,1,4.0,-1.0,8.0,-1.0,22138.5,1.9375,MNQ_v4
single,MNQ,2025-02-14 04:47:00+01:00,2025-02-14 06:39:00+01:00,Long,Asia,4,4,Stop Loss,-168.7,5.0,16,22142.25,22125.75,22125.75,16.5,0.07451817227246553,-1.0,6.25,26.25,0.3787878787878788,1.5909090909090908,3.602162958457484,0.016268278781322965,-0.006108407318451914,False,False,False,-0.016268278781322965,10.612205999164871,16.239522583133,6.320548074487569,18.54232606029193,9.91897450864543,-37.00849697600588,3,3.0,-1.0,2.0,1.0,22119.75,-1.3636363636363635,MNQ_v4
single,MNQ,2025-02-14 08:59:00+01:00,2025-02-14 09:27:00+01:00,Short,UK,8,4,Canal Exit,49.04,4.0,4,22141.0,22134.5,22162.0,21.0,0.09484666455896301,0.30952380952380953,16.0,8.0,0.7619047619047619,0.38095238095238093,2.2644768237223616,0.010227527319101945,0.017976506711377814,True,False,True,0.010227527319101945,-6.382349767074629,-8.036632056144992,-2.3794360559071013,5.682804551300701,-5.6571960002378905,-29.389528383900764,1,4.0,1.0,1.0,-1.0,22114.0,1.2857142857142858,MNQ_v4
single,MNQ,2025-02-14 21:21:00+01:00,2025-02-14 21:56:00+01:00,Long,US,21,4,Auto-Close (profit),29.52,2.0,5,22186.75,22194.5,22155.75,31.0,0.13972303289125268,0.25,37.25,10.0,1.2016129032258065,0.3225806451612903,10.911300355393905,0.049179354143323854,-0.018311302174051816,False,True,True,-0.049179354143323854,1.514703643781104,14.499415261203755,6.128680834696917,11.828515652326358,8.370734426506838,23.588339427539598,0,4.0,-1.0,3.0,1.0,22211.75,0.8064516129032258,MNQ_v4
single,MNQ,2025-02-17 05:36:00+01:00,2025-02-17 08:38:00+01:00,Long,Asia,5,0,Stop Loss,-166.2,5.0,26,22266.25,22250.0,22250.0,16.25,0.07298040756750687,-1.0,15.5,23.25,0.9538461538461539,1.4307692307692308,4.648641392173886,0.02087752267298663,-0.010676132088934448,False,False,False,-0.02087752267298663,13.680599009661819,3.947493848418095,-6.263295423417535,14.398838750952445,10.21078927183563,-45.33920795888192,3,4.0,-1.0,2.0,1.0,22240.25,-1.6,MNQ_v4
single,MNQ,2025-02-17 15:31:00+01:00,2025-02-17 15:52:00+01:00,Short,US,15,0,Canal Exit,-29.24,1.0,3,22200.25,22214.5,22260.0,59.75,0.2691411132757514,-0.2384937238493724,8.25,32.0,0.13807531380753138,0.5355648535564853,2.301713190841838,0.010367960679910531,0.008224887509476286,False,False,False,-0.010367960679910531,-9.401459702505235,-11.10117639799534,0.5943840464941328,-10.423260891988102,-11.695560444489473,-40.95018195059892,1,3.0,1.0,9.0,-1.0,22239.25,-0.6527196652719666,MNQ_v4
single,MNQ,2025-02-17 17:51:00+01:00,2025-02-17 18:54:00+01:00,Short,US,17,0,Auto-Close (profit),-1.2000000000000002,5.0,9,22235.5,22235.25,22252.25,16.75,0.07532999033077736,0.014925373134328358,13.25,8.25,0.7910447761194029,0.4925373134328358,3.32582854841894,0.014957291486222213,0.01645288768675896,True,False,True,0.014957291486222213,-10.39017579513893,-4.878915273390118,2.5592340517399763,0.2366168520663822,-7.4381493251300945,15.121204855011428,2,4.0,1.0,1.0,-1.0,22220.5,0.8955223880597015,MNQ_v4
single,MNQ,2025-02-18 06:04:00+01:00,2025-02-18 06:25:00+01:00,Long,Asia,6,1,Stop Loss,-192.28,22.0,3,22262.0,22258.0,22258.0,4.0,0.017967837570748362,-1.0,8.0,4.0,2.0,1.0,2.0884630953223677,0.009381291417313663,-0.0006950917793076231,False,False,False,-0.009381291417313663,0.18266603555821348,25.258671552517836,23.66324094119175,23.25794207491333,1.595430611326087,-13.809860700738742,0,1.0,-1.0,4.0,1.0,22252.75,-2.3125,MNQ_v4
single,MNQ,2025-02-18 08:45:00+01:00,2025-02-18 08:59:00+01:00,Short,Asia,8,1,Stop Loss,-156.2,5.0,2,22303.0,22318.25,22318.25,15.25,0.06837645159843968,-1.0,13.5,17.0,0.8852459016393442,1.1147540983606556,4.129094637472008,0.018513628827834857,0.02864900023899608,True,False,True,0.018513628827834857,-13.410883892171114,-0.9759172999482726,3.777658847420452,21.353779694945235,-4.753576147368725,-6.405353598857727,2,1.0,1.0,4.0,1.0,22289.75,0.8688524590163934,MNQ_v4
single,MNQ,2025-02-18 09:55:00+01:00,2025-02-18 10:44:00+01:00,Long,UK,9,1,Stop Loss,-177.72,3.0,7,22306.0,22276.75,22276.75,29.25,0.13113063749663767,-1.0,0.75,34.25,0.02564102564102564,1.170940170940171,8.472374255317845,0.037982490161023244,-0.015600384849410787,False,False,False,-0.037982490161023244,4.4017969565684325,7.643836936118862,1.2133910025216617,11.510755349514923,6.4304459335972,-25.25793902673664,0,4.0,-1.0,3.0,1.0,22272.5,-1.1452991452991452,MNQ_v4
single,MNQ,2025-02-18 18:12:00+01:00,2025-02-18 21:49:00+01:00,Short,US,18,1,Stop Loss,-174.48,2.0,31,22172.5,22215.75,22215.75,43.25,0.1950614499943624,-1.0,69.5,43.75,1.606936416184971,1.0115606936416186,9.560023677753634,0.043116579897411814,0.019577015545150143,True,True,False,0.043116579897411814,-6.67589499136011,-3.6579884558589755,0.6798764105382678,-10.568056885979145,-4.3378648663972434,4.113591733669847,0,3.0,1.0,5.0,-1.0,22224.0,-1.1907514450867052,MNQ_v4
single,MNQ,2025-02-19 08:52:00+01:00,2025-02-19 09:20:00+01:00,Long,Asia,8,2,Stop Loss,-194.04,21.0,4,22252.0,22247.75,22247.75,4.25,0.01909940679489484,-1.0,14.5,5.75,3.411764705882353,1.3529411764705883,2.2757698790810537,0.01022725992756181,-0.0071879348992349296,False,True,True,-0.01022725992756181,1.5500088899643742,2.618329088827534,1.0768084784769496,-9.417905747518375,1.5415206103505843,2.023815109952143,3,2.0,-1.0,1.0,1.0,22264.5,2.9411764705882355,MNQ_v4
single,MNQ,2025-02-19 10:09:00+01:00,2025-02-19 11:47:00+01:00,Short,UK,10,2,Canal Exit,490.56,6.0,14,22260.75,22219.5,22275.75,15.0,0.06738317442134699,2.75,57.75,7.5,3.85,0.5,2.6015802317197085,0.011686848968339828,0.005408238242538936,True,False,True,0.011686848968339828,-3.941338163927867,-0.0460282150238754,3.5628941423590943,0.6442211701412303,-3.6089223573829696,-38.39403175503696,3,2.0,1.0,6.0,-1.0,22214.25,3.1,MNQ_v4
single,MNQ,2025-02-19 15:17:00+01:00,2025-02-19 15:31:00+01:00,Long,UK,15,2,Stop Loss,-156.2,5.0,2,22194.25,22179.0,22179.0,15.25,0.06871149058877862,-1.0,27.25,21.5,1.7868852459016393,1.4098360655737705,2.8995142024577945,0.013064258546505489,-0.020768681210242387,False,True,True,-0.013064258546505489,0.5089731295047386,13.260548536644215,13.576099526913168,-7.1448625258063965,-0.31555099026895306,4.476857014382739,0,2.0,1.0,1.0,-1.0,22182.5,-0.7704918032786885,MNQ_v4
single,MNQ,2025-02-19 15:52:00+01:00,2025-02-19 16:20:00+01:00,Short,US,15,2,Canal Exit,53.76,1.0,4,22173.0,22145.75,22221.5,48.5,0.2187344969106571,0.5618556701030928,55.0,19.25,1.134020618556701,0.39690721649484534,0.23029837248759577,0.0010386432710395336,-0.0033007274090422374,False,False,False,-0.0010386432710395336,-1.4116006611257035,-15.81416921253662,-13.503979006486492,-15.68352416940435,-2.3101902060501267,-31.086306846494757,0,4.0,1.0,12.0,-1.0,22229.5,-1.1649484536082475,MNQ_v4
single,MNQ,2025-02-19 21:14:00+01:00,2025-02-19 21:42:00+01:00,Short,US,21,2,Canal Exit,179.52,2.0,4,22267.0,22221.75,22299.75,32.75,0.1470786365473571,1.381679389312977,61.5,15.75,1.8778625954198473,0.48091603053435117,4.106807386313449,0.018443469647071668,0.028430997553508225,True,False,True,0.018443469647071668,-13.245509821794258,-5.429049215465467,4.176907380940771,8.201532940250926,-9.605956596406237,-36.594291799074725,2,4.0,1.0,4.0,-1.0,22219.5,1.450381679389313,MNQ_v4
single,MNQ,2025-02-20 02:20:00+01:00,2025-02-20 02:55:00+01:00,Short,Asia,2,3,Canal Exit,92.52,2.0,5,22190.75,22167.25,22235.0,44.25,0.19940741074546825,0.5310734463276836,33.25,19.0,0.751412429378531,0.4293785310734463,3.435332757260767,0.015480922263829598,0.004604630620289605,True,False,True,0.015480922263829598,-2.6029039912646112,-1.6707489947654306,6.964029281921323,-18.67567297141609,-8.634778276686752,-41.378442756281906,0,5.0,1.0,12.0,-1.0,22176.0,0.3333333333333333,MNQ_v4
single,MNQ,2025-02-20 08:59:00+01:00,2025-02-20 09:27:00+01:00,Short,UK,8,3,Stop Loss,-168.7,5.0,4,22156.5,22173.0,22173.0,16.5,0.07447024575181098,-1.0,8.5,27.0,0.5151515151515151,1.6363636363636365,3.6226821799209574,0.016350426195116365,0.0036189640539557567,True,True,False,0.016350426195116365,-0.9922721436232678,-7.749747019918139,-2.766420381464056,-10.943831808481173,-4.983326638454083,27.89800592014726,1,1.0,1.0,3.0,-1.0,22180.25,-1.4393939393939394,MNQ_v4
single,MNQ,2025-02-20 15:38:00+01:00,2025-02-20 16:06:00+01:00,Short,US,15,3,Canal Exit,297.26,1.0,4,22166.25,22017.25,22227.0,60.75,0.2740653019793605,2.4526748971193415,215.5,47.25,3.5473251028806585,0.7777777777777778,2.8162797967597726,0.012705260460203113,0.017223714146222688,True,False,True,0.012705260460203113,-5.678409356216434,-3.4090375680526135,8.810246464305829,-9.161927699715667,-12.219284032358441,-48.146441478818666,0,4.0,1.0,6.0,-1.0,22012.75,2.5267489711934155,MNQ_v4
single,MNQ,2025-02-21 09:48:00+01:00,2025-02-21 10:30:00+01:00,Long,UK,9,4,Canal Exit,24.26,1.0,6,22150.75,22163.25,22104.25,46.5,0.20992517183391082,0.26881720430107525,14.25,9.75,0.3064516129032258,0.20967741935483872,4.3626095993531635,0.01969508752233294,-0.013821842162558006,False,True,True,-0.01969508752233294,1.1614729494358471,27.81544347837335,22.30530978346763,-7.520150490112524,5.5101336949057185,29.783177874999897,0,3.0,-1.0,3.0,-1.0,22163.25,0.26881720430107525,MNQ_v4
single,MNQ,2025-02-21 13:04:00+01:00,2025-02-21 13:39:00+01:00,Long,UK,13,4,Canal Exit,228.78,3.0,5,22175.0,22213.5,22152.25,22.75,0.10259301014656143,1.6923076923076923,44.75,6.75,1.967032967032967,0.2967032967032967,2.195231199162663,0.009899576997351354,-0.003961618172193551,False,True,True,-0.009899576997351354,3.7426669717096956,9.815423329201723,3.310507948242286,8.002877372321631,6.504915380959437,43.74552719764183,1,5.0,-1.0,7.0,1.0,22224.75,2.1868131868131866,MNQ_v4
single,MNQ,2025-02-24 03:23:00+01:00,2025-02-24 04:40:00+01:00,Long,Asia,3,0,Canal Exit,32.52,2.0,11,21774.75,21783.25,21733.0,41.75,0.19173584082480855,0.20359281437125748,13.5,9.25,0.32335329341317365,0.2215568862275449,0.8282451701234095,0.003803695427609545,-0.015532738927609464,True,False,True,0.003803695427609545,3.5050092800083803,33.481170215981685,26.816711602445842,3.7940510932161424,6.664458613535842,-7.285476716784294,0,3.0,-1.0,5.0,-1.0,21784.25,0.2275449101796407,MNQ_v4
single,MNQ,2025-02-24 10:51:00+01:00,2025-02-24 12:43:00+01:00,Short,UK,10,0,Canal Exit,30.52,2.0,16,21778.75,21770.75,21813.0,34.25,0.1572633874763244,0.23357664233576642,31.75,9.0,0.927007299270073,0.26277372262773724,12.157220620763837,0.055821480207834874,0.04347789720861919,True,True,False,0.055821480207834874,-19.046003597242816,-11.299016630616878,-1.7635271126637377,-3.7060704158423334,-9.53548951795314,34.35832243535377,1,5.0,1.0,6.0,1.0,21767.75,0.32116788321167883,MNQ_v4
single,MNQ,2025-02-24 13:04:00+01:00,2025-02-24 13:25:00+01:00,Short,UK,13,0,Canal Exit,-60.72,3.0,3,21758.0,21767.75,21787.25,29.25,0.13443331188528357,-0.3333333333333333,15.75,9.75,0.5384615384615384,0.3333333333333333,2.45144820051064,0.011266882068713301,0.010900625935061315,True,False,True,0.011266882068713301,-3.620203665588633,-23.816726246831895,-15.230302204376065,-4.023903858261388,-8.58642404245583,-22.63073493285146,1,3.0,1.0,11.0,-1.0,21786.0,-0.9572649572649573,MNQ_v4
single,MNQ,2025-02-24 15:17:00+01:00,2025-02-24 16:06:00+01:00,Short,UK,15,0,Canal Exit,883.52,2.0,7,21768.25,21547.0,21805.75,37.5,0.17226924534585922,5.9,331.5,33.5,8.84,0.8933333333333333,3.0003204644817743,0.013783011792320348,0.016673609715805317,True,False,True,0.013783011792320348,-10.861191706739191,-13.119060777978133,-4.54298926041324,-1.5092023593227804,-8.576071517564893,-46.88432577732488,2,7.0,1.0,6.0,-1.0,21463.0,8.14,MNQ_v4
single,MNQ,2025-02-25 07:28:00+01:00,2025-02-25 08:03:00+01:00,Short,Asia,7,1,Canal Exit,99.78,3.0,5,21417.75,21400.75,21445.25,27.5,0.1283981744114111,0.6181818181818182,34.25,15.5,1.2454545454545454,0.5636363636363636,0.8069178753503365,0.0037675193489061015,0.0069914606516029345,True,False,True,0.0037675193489061015,-4.408092279172706,-8.226798163189388,0.26834198634444384,-6.064841001662452,-8.495140149533832,-34.17204453773215,1,5.0,1.0,4.0,-1.0,21357.75,2.1818181818181817,MNQ_v4
single,MNQ,2025-02-25 10:51:00+01:00,2025-02-25 11:12:00+01:00,Short,UK,10,1,Canal Exit,-56.74,1.0,3,21317.0,21345.0,21395.75,78.75,0.36942346484026833,-0.35555555555555557,15.0,28.5,0.19047619047619047,0.3619047619047619,1.559796954432386,0.00731715041718997,0.004397200206719423,False,False,False,-0.00731715041718997,-8.604841627788119,-15.293655858320651,-7.559423290906269,-11.029216387537778,-7.734232567414383,-20.164106559473293,1,3.0,1.0,5.0,-1.0,21308.75,0.10476190476190476,MNQ_v4
single,MNQ,2025-02-25 12:36:00+01:00,2025-02-25 15:45:00+01:00,Long,UK,12,1,Stop Loss,-127.24,1.0,27,21348.75,21285.5,21285.5,63.25,0.29627027343521284,-1.0,103.0,96.25,1.6284584980237153,1.5217391304347827,3.0753045820383704,0.014405080306989263,-0.018858909892034918,True,False,True,0.014405080306989263,1.4079785979956796,26.880592023034097,19.392743116565768,-6.094986415172575,7.487848906468329,-42.650966273349304,0,4.0,-1.0,3.0,1.0,21186.5,-2.5652173913043477,MNQ_v4
single,MNQ,2025-02-26 03:30:00+01:00,2025-02-26 05:15:00+01:00,Long,Asia,3,2,Canal Exit,30.52,2.0,15,21230.75,21238.75,21198.5,32.25,0.15190231150571695,0.24806201550387597,36.0,2.0,1.1162790697674418,0.06201550387596899,2.18649339217518,0.010298710088787159,-0.013520965958009194,False,False,False,-0.010298710088787159,15.28609426930052,11.023326480703085,4.840761485820203,4.452354208553593,6.182564994882882,-35.09510984011211,3,4.0,-1.0,10.0,-1.0,21261.5,0.9534883720930233,MNQ_v4
single,MNQ,2025-02-26 05:43:00+01:00,2025-02-26 06:53:00+01:00,Long,Asia,5,2,Canal Exit,484.82,7.0,10,21244.25,21279.25,21232.25,12.0,0.05648587264789297,2.9166666666666665,36.5,5.25,3.0416666666666665,0.4375,5.803188933416095,0.027316515920383613,-0.009734412203015122,False,True,True,-0.027316515920383613,3.666706292042363,5.948780540337498,-0.47050148540563574,3.266892466988151,6.419282025743133,35.4079523753487,1,6.0,-1.0,2.0,-1.0,21272.5,2.3541666666666665,MNQ_v4
single,MNQ,2025-02-26 07:28:00+01:00,2025-02-26 08:10:00+01:00,Short,Asia,7,2,Stop Loss,-169.44,6.0,6,21269.0,21282.75,21282.75,13.75,0.06464807936433307,-1.0,7.5,15.75,0.5454545454545454,1.1454545454545455,0.3289963634815649,0.001546835128504231,0.016013077157306127,False,False,False,-0.001546835128504231,-8.222232852371235,-9.36893144121707,-2.3883697161647115,9.362734844069765,-6.980561725052358,16.26162172526301,3,2.0,1.0,4.0,-1.0,21292.25,-1.690909090909091,MNQ_v4
single,MNQ,2025-02-26 09:06:00+01:00,2025-02-26 09:34:00+01:00,Short,UK,9,2,Canal Exit,106.3,5.0,4,21287.5,21276.5,21304.75,17.25,0.08103347034644745,0.6376811594202898,24.25,1.75,1.4057971014492754,0.10144927536231885,2.315917358348088,0.010879235975798415,0.014422550570237256,True,False,True,0.010879235975798415,-2.314411911251227,-7.720746781615473,-2.4072911028001656,8.490006926057761,-5.313455678815307,-29.353209214618033,1,4.0,1.0,8.0,-1.0,21315.75,-1.6376811594202898,MNQ_v4
single,MNQ,2025-02-26 11:54:00+01:00,2025-02-26 12:50:00+01:00,Long,UK,11,2,Stop Loss,-172.44,6.0,8,21315.75,21301.75,21301.75,14.0,0.0656791339737049,-1.0,14.0,32.25,1.0,2.3035714285714284,2.2617032272028155,0.010610479233443888,0.0026847121762570603,False,False,False,-0.010610479233443888,0.035924629657529294,18.093365116679,18.381740788177652,7.588383446089936,-0.2883756714986525,-24.80710248858787,0,1.0,1.0,3.0,1.0,21297.0,-1.3392857142857142,MNQ_v4
single,MNQ,2025-02-26 15:10:00+01:00,2025-02-26 16:06:00+01:00,Short,UK,15,2,Stop Loss,-177.24,1.0,8,21244.25,21332.5,21332.5,88.25,0.4154065217647128,-1.0,55.75,94.25,0.6317280453257791,1.0679886685552409,5.585258798397263,0.02629068476598262,0.01564130711201522,False,True,True,-0.02629068476598262,-5.1619616081006825,-36.37919440342665,-30.616503519530983,-0.14175893961429273,-5.762690883895669,38.15112219708521,0,3.0,1.0,3.0,-1.0,21321.5,-0.8753541076487252,MNQ_v4
single,MNQ,2025-02-27 04:05:00+01:00,2025-02-27 05:29:00+01:00,Short,Asia,4,3,Canal Exit,289.04,4.0,12,21194.25,21157.75,21215.5,21.25,0.10026304304233459,1.7176470588235293,47.25,13.75,2.223529411764706,0.6470588235294118,2.179533584676392,0.01028360798177049,0.021492889029478247,True,False,True,0.01028360798177049,-13.04716676760654,-6.155148935467285,-1.1821740962502636,-7.547079140691444,-4.972974839217021,-36.84484249479417,2,3.0,1.0,8.0,-1.0,21227.75,-1.576470588235294,MNQ_v4
single,MNQ,2025-02-27 05:50:00+01:00,2025-02-27 07:21:00+01:00,Long,Asia,5,3,Canal Exit,955.04,4.0,13,21168.5,21288.25,21147.0,21.5,0.10156600609396037,5.569767441860465,122.5,9.0,5.6976744186046515,0.4186046511627907,5.9743099810002604,0.028222642043603755,-0.02723039140286547,False,True,True,-0.028222642043603755,7.802822834652034,12.482248427767146,2.7541796996914485,-3.950049175087744,9.728068728075698,32.67500626821709,1,5.0,-1.0,3.0,-1.0,21285.25,5.430232558139535,MNQ_v4
single,MNQ,2025-02-27 09:41:00+01:00,2025-02-27 14:35:00+01:00,Long,UK,9,3,Canal Exit,97.26,1.0,42,21314.25,21363.25,21250.0,64.25,0.3014415238631432,0.7626459143968871,72.25,22.0,1.1245136186770428,0.3424124513618677,14.883020215311262,0.06982661935236409,-0.031277352456853896,False,False,False,-0.06982661935236409,14.87915405586682,17.752303020698147,7.005373846344572,7.230952882551524,10.746929174353575,-12.52757537816841,1,3.0,-1.0,2.0,-1.0,21303.0,-0.17509727626459143,MNQ_v4
single,MNQ,2025-02-27 15:45:00+01:00,2025-02-27 16:13:00+01:00,Short,US,15,3,Canal Exit,159.26,1.0,4,21166.5,21086.5,21381.0,214.5,1.0133938062504428,0.372960372960373,270.0,65.25,1.2587412587412588,0.3041958041958042,8.956289491674397,0.042313511878082806,0.02491966021694772,False,False,False,-0.042313511878082806,-17.350861003527825,-6.1549984945031095,4.236854300660217,-3.8951675969345216,-10.391852795163327,-37.65698151570932,1,4.0,1.0,6.0,-1.0,21042.5,0.578088578088578,MNQ_v4
single,MNQ,2025-02-27 18:12:00+01:00,2025-02-27 18:19:00+01:00,Short,US,18,3,Canal Exit,-60.74,1.0,1,20982.75,21012.75,21149.75,167.0,0.7958918635545865,-0.17964071856287425,26.5,44.75,0.15868263473053892,0.2679640718562874,5.115615214715945,0.024380098960889038,0.0034891103194490945,False,False,False,-0.024380098960889038,-5.868717135213956,-36.168075157082605,-33.82278362975322,-13.904679140263573,-2.345291527329387,-32.7383569899862,0,1.0,1.0,11.0,-1.0,21095.75,-0.6766467065868264,MNQ_v4
single,MNQ,2025-02-28 05:01:00+01:00,2025-02-28 05:43:00+01:00,Long,Asia,5,4,Canal Exit,117.26,1.0,6,20572.75,20631.75,20516.5,56.25,0.2734199365665747,1.048888888888889,69.0,26.5,1.2266666666666666,0.4711111111111111,4.242734579172975,0.020623079457889562,-0.043630888108660434,False,True,True,-0.020623079457889562,6.744684201876225,4.58207519363648,-2.8320765284303726,-9.734046668960133,7.414151722066853,47.280779122670026,0,6.0,-1.0,13.0,1.0,20637.75,1.1555555555555554,MNQ_v4
single,MNQ,2025-02-28 11:54:00+01:00,2025-02-28 12:57:00+01:00,Long,UK,11,4,Stop Loss,-181.2,5.0,9,20663.5,20645.75,20645.75,17.75,0.08590025891063954,-1.0,13.75,43.25,0.7746478873239436,2.436619718309859,2.6452789141912945,0.012801698232106345,-0.010052035411612184,False,False,False,-0.012801698232106345,5.232206841363222,23.86833331630368,22.177418807190904,4.8569851016803876,1.6909145091127762,-12.262878113599387,1,2.0,-1.0,6.0,1.0,20600.75,-3.535211267605634,MNQ_v4
single,MNQ,2025-02-28 15:24:00+01:00,2025-02-28 16:06:00+01:00,Short,US,15,4,Stop Loss,-226.24,1.0,6,20552.0,20664.75,20664.75,112.75,0.548608407940833,-1.0,91.75,123.75,0.8137472283813747,1.0975609756097562,4.360200519549835,0.021215456011822863,0.019286238300673077,True,False,True,0.021215456011822863,-0.9507403758434521,-19.389569858976607,-13.114946837814543,-8.145282729008153,-6.274623021162064,20.223617754917726,0,1.0,1.0,1.0,-1.0,20638.5,-0.7671840354767184,MNQ_v4
single,MNQ,2025-03-03 08:59:00+01:00,2025-03-03 09:20:00+01:00,Long,UK,8,0,Stop Loss,-99.24,1.0,3,20972.5,20923.25,20923.25,49.25,0.23483132673739418,-1.0,17.5,84.25,0.3553299492385787,1.7106598984771573,10.160138778410328,0.0484450531811197,-0.02324071315030434,False,False,False,-0.0484450531811197,10.862889402167639,9.426964055840713,2.988863045397993,4.612654878625516,6.43810101044272,-3.783505116607464,2,2.0,-1.0,3.0,1.0,20949.5,-0.467005076142132,MNQ_v4
single,MNQ,2025-03-03 14:56:00+01:00,2025-03-03 15:24:00+01:00,Long,UK,14,0,Stop Loss,-165.48,2.0,4,21073.75,21032.75,21032.75,41.0,0.19455483717895486,-1.0,25.25,50.75,0.6158536585365854,1.2378048780487805,10.775672265030153,0.051133150317481,-0.010242105701254821,False,True,True,-0.051133150317481,6.020589434843714,6.01799246068726,2.057464376045266,8.104131694598385,3.9605280846419944,19.74138920268333,0,4.0,-1.0,6.0,1.0,20860.5,-5.201219512195122,MNQ_v4
single,MNQ,2025-03-03 18:47:00+01:00,2025-03-03 20:32:00+01:00,Short,US,18,0,Canal Exit,264.76,1.0,15,20889.25,20756.5,20985.0,95.75,0.45836973562957023,1.3864229765013054,236.5,32.25,2.4699738903394257,0.3368146214099217,15.476929613978427,0.07409040350409148,0.036084217727097835,True,True,False,0.07409040350409148,-29.796405557193793,-0.3106027654894064,8.88109973434792,-4.870615057602258,-9.191702499837326,17.478008117969704,2,5.0,1.0,8.0,1.0,20383.75,5.2793733681462145,MNQ_v4
single,MNQ,2025-03-03 20:53:00+01:00,2025-03-03 21:28:00+01:00,Short,US,20,0,Canal Exit,438.26,1.0,5,20603.25,20383.75,20819.75,216.5,1.0508050914297502,1.0138568129330254,242.0,71.25,1.117782909930716,0.32909930715935337,27.87890977461211,0.13531316551812025,0.036805607154312726,True,False,True,0.13531316551812025,-5.98617689789171,-14.470476454494412,-7.265653887731232,-8.778674328723525,-7.20482256676318,-47.43520089083603,0,5.0,1.0,9.0,-1.0,20528.0,0.34757505773672054,MNQ_v4
single,MNQ,2025-03-04 06:25:00+01:00,2025-03-04 08:38:00+01:00,Long,Asia,6,1,Canal Exit,-133.24,1.0,19,20578.5,20512.25,20480.0,98.5,0.47865490682022493,-0.6725888324873096,4.0,96.5,0.04060913705583756,0.9796954314720813,3.0106766430762946,0.014630204548807224,-0.004813157993437374,True,False,True,0.014630204548807224,0.62664854315517,24.430884892787716,19.533035599753845,-7.132056488372719,4.897849293033872,-33.136395449114026,0,2.0,-1.0,10.0,-1.0,20508.5,-0.7106598984771574,MNQ_v4
single,MNQ,2025-03-04 10:30:00+01:00,2025-03-04 11:26:00+01:00,Short,UK,10,1,Canal Exit,89.26,1.0,8,20509.75,20464.75,20566.75,57.0,0.2779166006411585,0.7894736842105263,66.25,28.0,1.162280701754386,0.49122807017543857,2.7308929191276547,0.013315096084192419,0.018396128938033458,True,False,True,0.013315096084192419,-5.039628063776036,-10.947984961994722,-8.085796568379454,-3.6568946938859774,-2.862188393615268,-11.602015592412128,0,5.0,1.0,4.0,1.0,20465.5,0.7763157894736842,MNQ_v4
single,MNQ,2025-03-04 13:11:00+01:00,2025-03-04 13:32:00+01:00,Short,UK,13,1,Canal Exit,68.76,1.0,3,20394.5,20359.75,20494.0,99.5,0.48787663340606535,0.3492462311557789,88.0,54.75,0.8844221105527639,0.550251256281407,0.15752485491975676,0.0007723889034776865,0.0066211859205663835,False,False,False,-0.0007723889034776865,-7.459246986458311,-20.4193269842433,-15.62254613098985,-3.4378670491192644,-4.796780853253448,-41.03619446444981,0,3.0,1.0,5.0,-1.0,20290.0,1.050251256281407,MNQ_v4
single,MNQ,2025-03-04 15:45:00+01:00,2025-03-04 16:27:00+01:00,Short,US,15,1,Canal Exit,160.26,1.0,6,20315.25,20234.75,20430.0,114.75,0.564846605382656,0.7015250544662309,239.5,97.25,2.0871459694989105,0.8474945533769063,19.95745389116928,0.09823878067544962,0.05051227774233787,True,False,True,0.09823878067544962,-28.867904627186363,-2.368302783672558,2.0049141079617376,-8.927932160133256,-4.3732168916342955,-32.59492659696214,1,6.0,1.0,5.0,-1.0,20117.25,1.7254901960784315,MNQ_v4
single,MNQ,2025-03-05 08:03:00+01:00,2025-03-05 08:52:00+01:00,Long,Asia,8,2,Canal Exit,2.76,1.0,7,20556.5,20558.25,20505.5,51.0,0.2480967090701238,0.03431372549019608,11.5,21.0,0.22549019607843138,0.4117647058823529,2.1320838118626853,0.01037182308205524,-0.006510338122315172,False,False,False,-0.01037182308205524,1.598433740062319,13.259447760212634,6.138119941957893,1.7476304672834193,7.121327818254741,-9.868850232752825,0,2.0,-1.0,1.0,-1.0,20533.0,-0.46078431372549017,MNQ_v4
single,MNQ,2025-03-05 09:55:00+01:00,2025-03-05 10:16:00+01:00,Short,UK,9,2,Canal Exit,-88.24,1.0,3,20544.25,20588.0,20609.25,65.0,0.31639023084317996,-0.6730769230769231,19.25,44.5,0.29615384615384616,0.6846153846153846,4.892950995075807,0.023816644535944644,0.02064421491521246,True,False,True,0.023816644535944644,-1.3845936510551837,-4.422394283415855,3.2832496831237217,-3.8459249243279694,-7.705643966539577,-1.8043934376597777,0,3.0,1.0,5.0,-1.0,20607.0,-0.9653846153846154,MNQ_v4
single,MNQ,2025-03-05 16:55:00+01:00,2025-03-05 17:51:00+01:00,Short,US,16,2,Canal Exit,74.76,1.0,8,20354.75,20317.0,20496.75,142.0,0.6976258612854493,0.2658450704225352,139.75,82.75,0.9841549295774648,0.5827464788732394,8.837577086647798,0.04341776286443114,-0.011977064768752876,True,False,True,0.04341776286443114,-2.2290069921400573,-1.101056779723427,-1.1797276548475197,-10.650488542241947,0.07867087512409277,-23.55158253280991,0,1.0,-1.0,6.0,-1.0,20500.0,-1.022887323943662,MNQ_v4
single,MNQ,2025-03-06 07:28:00+01:00,2025-03-06 08:10:00+01:00,Long,Asia,7,3,Canal Exit,-61.48,2.0,6,20632.0,20617.0,20596.5,35.5,0.17206281504459092,-0.4225352112676056,10.5,15.0,0.29577464788732394,0.4225352112676056,7.898676620352489,0.038283620688020985,-0.022937768676447656,False,True,True,-0.038283620688020985,5.0687288715998875,14.547120925243942,6.185754367894657,8.824532737004327,8.361366557349285,19.939301653957976,0,3.0,-1.0,8.0,1.0,20491.0,-3.971830985915493,MNQ_v4
single,MNQ,2025-03-06 08:31:00+01:00,2025-03-06 09:06:00+01:00,Short,Asia,8,3,Canal Exit,456.52,2.0,5,20605.5,20491.0,20642.5,37.0,0.17956370871854602,3.0945945945945947,115.5,16.75,3.1216216216216215,0.4527027027027027,0.46745364201342454,0.0022685867463222175,0.011942730602128613,True,False,True,0.0022685867463222175,-0.11693864244807628,-17.81039512134105,-10.086446414030203,3.9149040651404703,-7.723948707310846,-47.780982467626956,0,5.0,1.0,7.0,-1.0,20446.75,4.29054054054054,MNQ_v4
single,MNQ,2025-03-06 12:01:00+01:00,2025-03-06 16:13:00+01:00,Short,UK,12,3,Stop Loss,-114.74,1.0,36,20381.75,20438.75,20438.75,57.0,0.2796619524819998,-1.0,153.5,78.25,2.692982456140351,1.3728070175438596,8.09028513742669,0.03969377083629566,0.004755204271182543,True,True,False,0.03969377083629566,-1.2718328549090074,-27.66810333218351,-22.90994157297657,-21.47256240122842,-4.7581617592069385,28.666578186253748,0,2.0,1.0,4.0,-1.0,20474.0,-1.618421052631579,MNQ_v4
single,MNQ,2025-03-06 21:28:00+01:00,2025-03-06 21:56:00+01:00,Short,US,21,3,Auto-Close (profit),10.26,1.0,4,20099.5,20094.0,20207.75,108.25,0.538570611209234,0.050808314087759814,58.75,55.75,0.5427251732101617,0.5150115473441108,31.913375535405066,0.1587769622896344,0.027287318619088393,True,True,False,0.1587769622896344,-21.25596363184013,-4.068689095094625,-0.6454002095426743,-14.242976461461362,-3.4232888855519503,-2.0683323073717568,1,3.0,1.0,5.0,-1.0,20175.75,-0.7043879907621247,MNQ_v4
single,MNQ,2025-03-07 02:13:00+01:00,2025-03-07 02:27:00+01:00,Long,Asia,2,4,Canal Exit,-38.74,1.0,2,20206.75,20187.75,20141.25,65.5,0.3241491085899514,-0.2900763358778626,12.75,23.0,0.1946564885496183,0.3511450381679389,2.73596761834051,0.013539869688794637,-0.0077034200274984374,True,True,False,0.013539869688794637,4.3040217832967755,25.62616618341056,23.372682080447696,6.450599595659377,2.253484102962865,20.921776451501024,0,2.0,-1.0,6.0,1.0,20206.0,-0.011450381679389313,MNQ_v4
single,MNQ,2025-03-07 12:29:00+01:00,2025-03-07 13:11:00+01:00,Long,UK,12,4,Stop Loss,-175.48,2.0,6,20194.5,20151.0,20151.0,43.5,0.21540518457995989,-1.0,7.25,46.25,0.16666666666666666,1.0632183908045978,1.655888691173459,0.008199701360139934,-0.01859796869108443,False,False,False,-0.008199701360139934,15.672159497378743,12.1528340776568,5.176227377578788,9.144377631255788,6.976606700078013,-30.89185106343031,3,2.0,-1.0,3.0,1.0,20134.0,-1.3908045977011494,MNQ_v4
single,MNQ,2025-03-07 15:17:00+01:00,2025-03-07 15:52:00+01:00,Short,UK,15,4,Stop Loss,-291.74,1.0,5,20071.5,20217.0,20217.0,145.5,0.724908452283088,-1.0,47.25,170.75,0.3247422680412371,1.1735395189003437,7.480148329173971,0.037267510296559656,0.011693927156715883,False,True,True,-0.037267510296559656,-0.779423985251924,-28.53369467738062,-27.4618961187698,-0.35868800859676614,-1.0717985586108192,15.328011862697107,0,2.0,1.0,3.0,-1.0,20080.5,-0.061855670103092786,MNQ_v4
single,MNQ,2025-03-10 05:46:00+01:00,2025-03-10 06:07:00+01:00,Short,Asia,5,0,Canal Exit,-39.48,2.0,3,20108.0,20117.5,20152.75,44.75,0.222548239506664,-0.2122905027932961,17.25,16.5,0.3854748603351955,0.3687150837988827,1.2949343484506244,0.006439896302221128,0.014942788801352585,True,False,True,0.006439896302221128,-4.008738671836909,-18.930835874518277,-8.533012168479443,5.675944413302552,-10.397823706038833,-37.33338681854703,2,3.0,1.0,5.0,-1.0,20094.75,0.29608938547486036,MNQ_v4
single,MNQ,2025-03-10 11:29:00+01:00,2025-03-10 12:32:00+01:00,Short,UK,11,0,Canal Exit,0.26,1.0,9,19983.75,19983.25,20056.0,72.25,0.36154375430036906,0.006920415224913495,44.75,37.25,0.6193771626297578,0.5155709342560554,2.6994124971024576,0.013508037766197325,0.019170446219742385,True,True,False,0.013508037766197325,-5.887006800090603,-35.804495754296184,-33.44052721895815,-16.723161279948894,-2.3639685353380315,36.201170098465,0,2.0,1.0,9.0,1.0,19889.5,1.3044982698961938,MNQ_v4
single,MNQ,2025-03-10 14:45:00+01:00,2025-03-10 15:27:00+01:00,Short,US,14,0,Canal Exit,299.26,1.0,6,19802.5,19652.5,19943.5,141.0,0.7120313091781341,1.0638297872340425,159.5,96.25,1.1312056737588652,0.6826241134751773,3.8787509539470193,0.019587178154005902,0.003458146812193088,True,False,True,0.019587178154005902,-5.857059444180777,-17.76354431285135,-13.78803295752595,-13.75950608195577,-3.975511355325402,-37.45408860089326,0,6.0,1.0,1.0,-1.0,19648.0,1.0957446808510638,MNQ_v4
single,MNQ,2025-03-10 17:19:00+01:00,2025-03-10 20:49:00+01:00,Short,US,17,0,Canal Exit,186.26,1.0,30,19563.75,19470.25,19702.75,139.0,0.7104977317743275,0.6726618705035972,292.0,75.75,2.1007194244604315,0.5449640287769785,17.9233490521583,0.0916150996212807,0.01617123140512336,True,True,False,0.0916150996212807,-3.20128169601594,-34.92819073468563,-33.36912310245019,-24.117195707943704,-1.5590676322354398,32.1765779709249,0,1.0,1.0,5.0,1.0,19478.5,0.6133093525179856,MNQ_v4
single,MNQ,2025-03-11 00:59:00+01:00,2025-03-11 01:48:00+01:00,Long,Asia,0,1,Stop Loss,-176.74,1.0,7,19316.75,19228.75,19228.75,88.0,0.4555631770354744,-1.0,12.25,176.75,0.13920454545454544,2.008522727272727,23.630817671357363,0.12233329970806354,-0.10771583712875607,False,True,True,-0.12233329970806354,35.96388281808686,0.28072806575911424,-7.158869961232922,-2.1595162314958585,7.439598026992036,-24.6215197387564,2,3.0,-1.0,4.0,1.0,19209.75,-1.2159090909090908,MNQ_v4
single,MNQ,2025-03-11 11:29:00+01:00,2025-03-11 11:57:00+01:00,Long,UK,11,1,Stop Loss,-142.48,2.0,4,19541.75,19506.5,19506.5,35.25,0.18038302608517662,-1.0,20.5,44.0,0.5815602836879432,1.24822695035461,12.816923318619956,0.0655873876117541,-0.01879774931666852,False,False,False,-0.0655873876117541,1.1274543211875425,13.46361985786133,8.11937945390477,7.04000183462928,5.34424040395656,-2.9814253925575382,0,2.0,-1.0,3.0,1.0,19525.5,-0.46099290780141844,MNQ_v4
single,MNQ,2025-03-11 15:27:00+01:00,2025-03-11 15:41:00+01:00,Short,US,15,1,Canal Exit,40.76,1.0,2,19354.25,19333.5,19613.5,259.25,1.3394990764302415,0.08003857280617165,89.0,30.25,0.343297974927676,0.11668273866923819,10.833088167790265,0.055972658035264945,0.05429533750153999,False,False,False,-0.055972658035264945,-22.63937302179329,-30.19696007057613,-24.36073361076042,5.171648550085553,-5.836226459815709,-36.919445617863616,1,2.0,1.0,9.0,-1.0,19500.25,-0.5631629701060752,MNQ_v4
single,MNQ,2025-03-11 17:05:00+01:00,2025-03-11 18:29:00+01:00,Short,US,17,1,Canal Exit,283.26,1.0,12,19360.5,19218.5,19544.75,184.25,0.9516799669430025,0.7706919945725916,159.5,73.0,0.8656716417910447,0.39620081411126185,39.135980904517055,0.20214344105016427,0.09877813483181673,True,False,True,0.20214344105016427,-33.82128348668266,-4.741351042299759,4.214826855285667,-5.3476943722805395,-8.956177897585427,-44.049692516579654,1,4.0,1.0,8.0,-1.0,19484.5,-0.6729986431478969,MNQ_v4
single,MNQ,2025-03-11 18:57:00+01:00,2025-03-11 19:25:00+01:00,Long,US,18,1,Canal Exit,101.26,1.0,4,19433.5,19484.5,19201.0,232.5,1.1963876810662002,0.21935483870967742,114.5,155.5,0.4924731182795699,0.6688172043010753,8.285242380254203,0.042633814702725724,-0.12054001392067414,True,True,False,0.042633814702725724,79.74364530469393,18.84698692963083,9.001629922642984,-10.646433844033277,9.845357006987847,44.36888221087233,3,4.0,-1.0,3.0,1.0,19663.0,0.9870967741935484,MNQ_v4
single,MNQ,2025-03-12 02:58:00+01:00,2025-03-12 04:22:00+01:00,Long,Asia,2,2,Stop Loss,-125.48,2.0,12,19473.5,19442.5,19442.5,31.0,0.1591906950471153,-1.0,19.0,38.5,0.6129032258064516,1.2419354838709677,1.4948491101313266,0.00767632480104412,-0.006459257313090222,True,False,True,0.00767632480104412,0.5342890903812076,27.51636879636817,24.905879437186854,-7.146128232601971,2.610489359181315,-22.200444857313123,0,3.0,-1.0,6.0,-1.0,19446.5,-0.8709677419354839,MNQ_v4
single,MNQ,2025-03-12 12:04:00+01:00,2025-03-12 12:32:00+01:00,Long,UK,12,2,Canal Exit,52.76,1.0,4,19569.75,19596.5,19524.25,45.5,0.23250169266342186,0.5879120879120879,38.25,3.5,0.8406593406593407,0.07692307692307693,2.626657664870436,0.013422029739114888,-0.012606102526308893,False,True,True,-0.013422029739114888,0.1461269763240125,34.20317461339181,27.465753238218994,9.55518224728423,6.737421375172815,43.91592246537222,0,4.0,-1.0,7.0,1.0,19591.0,0.46703296703296704,MNQ_v4
single,MNQ,2025-03-12 18:01:00+01:00,2025-03-12 20:00:00+01:00,Short,US,18,2,Canal Exit,-80.74,1.0,17,19608.0,19648.0,19727.75,119.75,0.6107201142390861,-0.33402922755741127,76.75,111.75,0.6409185803757829,0.9331941544885177,9.87292993189476,0.05035153984034455,0.11553758681462017,True,True,False,0.05035153984034455,-55.21993067942822,-17.08167292125425,-8.289226549285345,1.729691435257892,-8.792446371968904,32.69849600664595,2,2.0,1.0,7.0,1.0,19630.0,-0.1837160751565762,MNQ_v4
single,MNQ,2025-03-12 20:28:00+01:00,2025-03-12 20:49:00+01:00,Short,US,20,2,Canal Exit,-21.24,1.0,3,19619.75,19630.0,19706.25,86.5,0.4408822742389684,-0.11849710982658959,66.0,29.0,0.7630057803468208,0.3352601156069364,13.317623704053403,0.06787866157343189,0.046677499703604415,True,False,True,0.06787866157343189,-0.8446874227010994,-14.903503990842298,-9.878483591428171,0.6450907003067586,-5.025020399414126,-20.184572958670547,0,3.0,1.0,3.0,-1.0,19576.25,0.5028901734104047,MNQ_v4
single,MNQ,2025-03-13 07:45:00+01:00,2025-03-13 08:06:00+01:00,Long,Asia,7,3,Canal Exit,-81.24,1.0,3,19490.25,19450.0,19400.5,89.75,0.46048665358320184,-0.44846796657381616,9.75,53.0,0.10863509749303621,0.5905292479108635,0.8800480207573855,0.004515324435332464,-0.042358231247210956,True,True,False,0.004515324435332464,8.060981530583376,8.097250036395096,-2.1846929591218576,-20.221666682355412,10.281942995516953,28.63463223434366,1,3.0,-1.0,9.0,1.0,19445.25,-0.5013927576601671,MNQ_v4
single,MNQ,2025-03-13 14:45:00+01:00,2025-03-13 18:22:00+01:00,Short,US,14,3,Canal Exit,469.76,1.0,31,19459.25,19224.0,19590.5,131.25,0.6744864267636214,1.7923809523809524,280.75,111.25,2.139047619047619,0.8476190476190476,3.2564285853804904,0.016734604804298676,0.04687178702141426,False,False,False,-0.016734604804298676,-0.33857547948719,-24.701326815584924,-16.200770334219676,-13.89166919263007,-8.500556481365248,-34.59304816523657,0,3.0,1.0,1.0,-1.0,19199.25,1.980952380952381,MNQ_v4
single,MNQ,2025-03-13 19:04:00+01:00,2025-03-13 19:39:00+01:00,Long,US,19,3,Canal Exit,156.26,1.0,5,19279.0,19357.5,19165.5,113.5,0.5887234815083771,0.6916299559471366,96.75,40.25,0.8524229074889867,0.35462555066079293,5.087752544408431,0.02639012679292718,-0.08651926102047726,False,True,True,-0.02639012679292718,23.147142460340547,9.186667871055084,-1.030998601979502,-18.159357726428194,10.217666473034587,44.17820991776512,1,5.0,-1.0,10.0,1.0,19225.75,-0.46916299559471364,MNQ_v4
single,MNQ,2025-03-14 01:34:00+01:00,2025-03-14 01:48:00+01:00,Long,Asia,1,4,Canal Exit,-4.74,1.0,2,19418.25,19416.25,19334.5,83.75,0.4312953020998288,-0.023880597014925373,7.25,17.0,0.08656716417910448,0.20298507462686566,1.4174748814693885,0.007299704563847868,-0.0067018413931269035,True,True,False,0.007299704563847868,2.380178059105674,38.939929893796524,35.372928275820314,11.537661834681828,3.56700161797621,41.237912102899884,0,2.0,-1.0,7.0,1.0,19424.5,0.07462686567164178,MNQ_v4
single,MNQ,2025-03-14 02:51:00+01:00,2025-03-14 09:44:00+01:00,Long,Asia,2,4,Canal Exit,35.76,1.0,59,19408.0,19426.25,19334.5,73.5,0.3787098103874691,0.24829931972789115,51.25,38.0,0.6972789115646258,0.5170068027210885,5.791909933621355,0.029842899493102613,0.009397586885917374,False,True,True,-0.029842899493102613,0.014191776546795154,6.558469905639318,6.546709903691838,9.808640376313264,0.01176000194748017,24.881955684367423,0,1.0,-1.0,4.0,1.0,19447.25,0.5340136054421769,MNQ_v4
single,MNQ,2025-03-14 11:57:00+01:00,2025-03-14 12:18:00+01:00,Long,UK,11,4,Canal Exit,-46.74,1.0,3,19459.75,19436.75,19398.75,61.0,0.31346754197767185,-0.3770491803278688,9.5,35.5,0.1557377049180328,0.5819672131147541,4.855854555135011,0.02495332445244677,-0.022748313965990682,False,True,True,-0.02495332445244677,2.0867874606119585,11.510956803266676,3.7756951002577273,-4.296447258944382,7.735261703008949,13.928961661044779,0,3.0,-1.0,3.0,1.0,19470.25,0.1721311475409836,MNQ_v4
single,MNQ,2025-03-14 14:38:00+01:00,2025-03-14 14:59:00+01:00,Long,US,14,4,Stop Loss,-294.24,1.0,3,19577.0,19430.25,19430.25,146.75,0.7496041272922307,-1.0,43.75,150.75,0.2981260647359455,1.0272572402044293,6.381213965541974,0.0325954638889614,-0.01944470830209104,False,True,True,-0.0325954638889614,7.756730961817084,7.874370649684696,-2.503776324674493,1.6007952190120978,10.37814697435919,34.32926440423483,0,3.0,-1.0,5.0,1.0,19549.5,-0.18739352640545145,MNQ_v4
single,MNQ,2025-03-14 15:48:00+01:00,2025-03-14 16:23:00+01:00,Long,US,15,4,Canal Exit,167.26,1.0,5,19560.75,19644.75,19426.25,134.5,0.6876014467747914,0.6245353159851301,104.25,18.5,0.775092936802974,0.137546468401487,22.218837676271505,0.11358888425173627,-0.03688242105442233,False,True,True,-0.11358888425173627,5.252437417650071,11.801477346781384,3.9577630896767033,14.483461399699612,7.843714257104681,43.626770269283206,0,5.0,-1.0,10.0,1.0,19654.5,0.6970260223048327,MNQ_v4
single,MNQ,2025-03-14 18:01:00+01:00,2025-03-14 20:56:00+01:00,Long,US,18,4,Auto-Close (profit),44.26,1.0,25,19682.75,19705.25,19604.0,78.75,0.4000965312265817,0.2857142857142857,60.0,70.5,0.7619047619047619,0.8952380952380953,12.31150437969336,0.06254971678090389,-0.020131085282980434,False,False,False,-0.06254971678090389,1.5433606113183487,32.053401434838555,27.561489055627852,17.810861294215528,4.491912379210703,-1.8626417296227027,0,2.0,-1.0,1.0,-1.0,19665.25,-0.2222222222222222,MNQ_v4
single,MNQ,2025-03-17 06:00:00+01:00,2025-03-17 06:56:00+01:00,Short,Asia,6,0,Canal Exit,-61.2,5.0,8,19589.5,19595.25,19606.5,17.0,0.08678118379744251,-0.3382352941176471,4.0,12.5,0.23529411764705882,0.7352941176470589,2.402859688423632,0.012266059309444511,0.003331057244264109,True,False,True,0.012266059309444511,-1.019588754283177,-3.2272988917639887,1.6878411702449723,-1.8341686180869097,-4.915140062008961,6.8913370444815625,0,3.0,1.0,6.0,1.0,19574.0,0.9117647058823529,MNQ_v4
single,MNQ,2025-03-17 14:24:00+01:00,2025-03-17 14:31:00+01:00,Short,US,14,0,Stop Loss,-155.24,1.0,1,19689.25,19766.5,19766.5,77.25,0.3923460771740925,-1.0,5.25,124.25,0.06796116504854369,1.6084142394822007,5.7863600226774,0.02938842273157891,0.05818061848077051,True,False,True,0.02938842273157891,-12.184571867990599,-15.326345419958239,-5.766951471681237,12.285990700362069,-9.559393948277002,-14.746550180795358,1,1.0,1.0,5.0,-1.0,19787.5,-1.2718446601941749,MNQ_v4
single,MNQ,2025-03-17 14:52:00+01:00,2025-03-17 15:06:00+01:00,Long,US,14,0,Canal Exit,0.76,1.0,2,19786.75,19787.5,19684.0,102.75,0.5192868965342969,0.0072992700729927005,33.25,65.75,0.3236009732360097,0.6399026763990268,2.045738939763396,0.010338933578093401,0.0005366510160330888,True,True,False,0.010338933578093401,11.13965010870379,12.944555618309295,8.332026508951156,10.40503102877967,4.612529109358139,12.989172253791397,2,2.0,-1.0,5.0,1.0,19744.0,-0.41605839416058393,MNQ_v4
single,MNQ,2025-03-17 15:27:00+01:00,2025-03-17 15:41:00+01:00,Short,US,15,0,Canal Exit,-44.24,1.0,2,19722.25,19744.0,19820.0,97.75,0.495633104742106,-0.22250639386189258,46.25,45.75,0.4731457800511509,0.4680306905370844,0.11709460666315863,0.0005937182961536267,0.04049736473058293,False,False,False,-0.0005937182961536267,-7.792453231322725,-7.887658682726527,-3.978144826420688,7.652777354249538,-3.909513856305839,-12.277806016051874,0,2.0,1.0,1.0,-1.0,19706.75,0.1585677749360614,MNQ_v4
single,MNQ,2025-03-18 03:33:00+01:00,2025-03-18 04:01:00+01:00,Long,Asia,3,1,Stop Loss,-140.22,3.0,4,19976.5,19953.5,19953.5,23.0,0.11513528395865143,-1.0,0.75,28.75,0.03260869565217391,1.25,15.93043748398486,0.0797458888393105,-0.03578103112792841,False,True,True,-0.0797458888393105,9.624983152134519,8.61889013411454,0.851580436822009,-4.4264231795577444,7.767309697292531,18.15018306268837,0,4.0,-1.0,6.0,1.0,19942.5,-1.4782608695652173,MNQ_v4
single,MNQ,2025-03-18 23:49:00+01:00,2025-03-19 00:38:00+01:00,Long,Asia,23,1,Canal Exit,-22.24,1.0,7,19720.25,19709.5,19666.75,53.5,0.27129473510731356,-0.20093457943925233,2.0,34.75,0.037383177570093455,0.6495327102803738,3.4745853675340186,0.017619377885848397,-0.025274643639082398,False,True,True,-0.017619377885848397,19.198952949423983,14.934703501841774,3.9680748206598615,4.270501385855891,10.966628681181913,-5.4916333422316965,3,3.0,-1.0,9.0,-1.0,19780.25,1.1214953271028036,MNQ_v4
single,MNQ,2025-03-19 04:29:00+01:00,2025-03-19 05:04:00+01:00,Long,Asia,4,2,Stop Loss,-160.44,6.0,5,19766.5,19753.5,19753.5,13.0,0.06576783952647156,-1.0,1.5,20.5,0.11538461538461539,1.5769230769230769,4.414026495105645,0.022330845091977056,-0.00802618629179697,False,False,False,-0.022330845091977056,11.535242962650955,0.5481749702263972,-3.0226779590398816,7.655639802923898,3.5708529292662785,-31.638583652943748,3,1.0,-1.0,3.0,1.0,19741.5,-1.9230769230769231,MNQ_v4
single,MNQ,2025-03-19 09:16:00+01:00,2025-03-19 09:51:00+01:00,Long,UK,9,2,Canal Exit,31.76,1.0,5,19707.0,19723.25,19658.75,48.25,0.24483685999898513,0.33678756476683935,39.25,20.75,0.8134715025906736,0.43005181347150256,7.885294397994585,0.04001265742119341,-0.036749329139546545,False,True,True,-0.04001265742119341,10.566444139192754,6.215337605517598,-1.4939914645723786,-5.75075460499237,7.709329070089977,34.11868342930017,2,5.0,-1.0,5.0,1.0,19754.25,0.9792746113989638,MNQ_v4
single,MNQ,2025-03-19 15:55:00+01:00,2025-03-19 16:37:00+01:00,Short,US,15,2,Stop Loss,-158.24,1.0,6,19814.5,19893.25,19893.25,78.75,0.3974362209493048,-1.0,25.75,89.5,0.326984126984127,1.1365079365079365,1.4400964012820623,0.007267891701945859,0.07617414518616716,True,False,True,0.007267891701945859,-43.05670877484954,-22.377486367883552,-15.21767580106214,7.95128640677498,-7.159810566821413,42.26251112771598,3,2.0,1.0,2.0,-1.0,19921.25,-1.3555555555555556,MNQ_v4
single,MNQ,2025-03-19 23:07:00+01:00,2025-03-20 02:58:00+01:00,Long,Asia,23,2,Canal Exit,210.52,2.0,33,19985.25,20038.25,19940.25,45.0,0.2251660599692273,1.1777777777777778,72.75,25.5,1.6166666666666667,0.5666666666666667,6.336005674231274,0.03170340963576274,-0.040917257985728935,False,False,False,-0.03170340963576274,40.36988467945048,2.8713620982362444,-6.174616035528775,9.067075577306092,9.045978133765018,-37.11069462140167,3,5.0,-1.0,7.0,-1.0,20071.25,1.9111111111111112,MNQ_v4
single,MNQ,2025-03-20 04:57:00+01:00,2025-03-20 05:18:00+01:00,Short,Asia,4,3,Canal Exit,-85.44,6.0,3,20080.25,20087.0,20093.25,13.0,0.06474022982781588,-0.5192307692307693,2.5,7.5,0.19230769230769232,0.5769230769230769,2.0203170143358875,0.010061214448704012,0.017596326983005926,False,False,False,-0.010061214448704012,-2.0945215466235823,-8.145270140272983,-1.8805212714986297,12.038039114290994,-6.264748868774353,-14.224169350076915,1,3.0,1.0,3.0,-1.0,20073.0,0.5576923076923077,MNQ_v4
single,MNQ,2025-03-21 00:52:00+01:00,2025-03-21 01:20:00+01:00,Long,Asia,0,4,Canal Exit,84.52,2.0,4,19885.75,19907.25,19847.5,38.25,0.19234879247702502,0.5620915032679739,39.0,9.75,1.0196078431372548,0.2549019607843137,7.025320358603494,0.03532841536579457,-0.035563038132188925,False,True,True,-0.03532841536579457,6.999431591790199,12.951310586216003,2.4790726758718744,1.6592262352999292,10.472237910344129,49.20647169043183,0,4.0,-1.0,8.0,1.0,19915.5,0.7777777777777778,MNQ_v4
single,MNQ,2025-03-21 08:27:00+01:00,2025-03-21 09:16:00+01:00,Short,UK,8,4,Canal Exit,260.52,2.0,7,19853.75,19788.25,19897.0,43.25,0.2178429767676132,1.5144508670520231,68.75,19.0,1.5895953757225434,0.4393063583815029,7.566245900052309,0.03810990820400332,0.027492980675240787,True,False,True,0.03810990820400332,-15.851950396863685,-19.142336126218893,-9.35708494032366,-6.953275695008716,-9.785251185895234,-2.6537642316241907,2,3.0,1.0,5.0,1.0,19793.25,1.3988439306358382,MNQ_v4
single,MNQ,2025-03-21 11:36:00+01:00,2025-03-21 14:03:00+01:00,Short,UK,11,4,Canal Exit,260.76,1.0,21,19792.0,19661.25,19845.0,53.0,0.2677849636216653,2.4669811320754715,140.0,38.0,2.641509433962264,0.7169811320754716,10.670564494095743,0.05391352311083136,0.031743407423734715,True,False,True,0.05391352311083136,-16.85416115165208,-10.674360890937624,-2.2447990431414073,-3.7924747561064414,-8.429561847796217,-47.77826492270629,1,3.0,1.0,9.0,-1.0,19695.0,1.830188679245283,MNQ_v4
single,MNQ,2025-03-21 17:19:00+01:00,2025-03-21 20:56:00+01:00,Long,US,17,4,Auto-Close (profit),191.76,1.0,31,19856.5,19952.75,19675.0,181.5,0.9140583687961121,0.5303030303030303,116.75,55.5,0.6432506887052342,0.30578512396694213,5.064841595725738,0.0255072222986213,-0.050653115470611416,True,True,False,0.0255072222986213,0.418577577904216,37.72494572713277,28.45312208690677,8.944034020691854,9.271823640226,28.060739935930233,0,3.0,-1.0,4.0,-1.0,19960.75,0.5743801652892562,MNQ_v4
single,MNQ,2025-03-24 07:03:00+01:00,2025-03-24 07:38:00+01:00,Short,Asia,7,0,Stop Loss,-160.44,6.0,5,20113.5,20126.5,20126.5,13.0,0.06463320655281278,-1.0,3.5,16.25,0.2692307692307692,1.25,0.49531972772820154,0.00246262325168768,0.007826740871097467,False,False,False,-0.00246262325168768,-0.047356551767734345,-21.788669024866998,-17.69094894122867,10.129491900981892,-4.097720083638329,25.923608809033993,0,1.0,1.0,5.0,-1.0,20162.75,-3.7884615384615383,MNQ_v4
single,MNQ,2025-03-24 11:22:00+01:00,2025-03-24 14:45:00+01:00,Long,UK,11,0,Canal Exit,648.78,3.0,29,20209.25,20317.75,20179.5,29.75,0.14720981728663854,3.6470588235294117,111.25,5.5,3.7394957983193278,0.18487394957983194,5.659821197768906,0.028006092248692584,-0.015787302821376643,False,False,False,-0.028006092248692584,16.966312764852773,12.337933206295965,5.628703009673023,10.587967933355282,6.709230196622942,-14.847957691616804,2,4.0,-1.0,6.0,-1.0,20326.0,3.9243697478991595,MNQ_v4
single,MNQ,2025-03-24 17:12:00+01:00,2025-03-24 17:26:00+01:00,Long,US,17,0,Stop Loss,-125.48,2.0,2,20360.0,20329.0,20329.0,31.0,0.15225933202357564,-1.0,15.0,36.0,0.4838709677419355,1.1612903225806452,10.765549937583273,0.052875982011705666,-0.004640725327774232,False,False,False,-0.052875982011705666,0.3700422402434924,10.253780780883957,5.224609677782296,4.910911091907166,5.029171103101661,10.081857766269579,0,2.0,-1.0,4.0,1.0,20343.75,-0.5241935483870968,MNQ_v4
single,MNQ,2025-03-25 02:58:00+01:00,2025-03-25 04:15:00+01:00,Short,Asia,2,1,Canal Exit,86.28,3.0,11,20351.5,20336.75,20375.0,23.5,0.11547060413237353,0.6276595744680851,18.75,11.75,0.7978723404255319,0.5,1.8005690409918316,0.008847352976398947,0.010629293044590022,True,False,True,0.008847352976398947,-7.477250609383191,-9.806567212022248,-2.6508412670370385,-4.5299401139315885,-7.1557259449852095,-6.406824409724839,2,4.0,1.0,5.0,1.0,20337.5,0.5957446808510638,MNQ_v4
single,MNQ,2025-03-25 15:20:00+01:00,2025-03-25 17:05:00+01:00,Long,US,15,1,Canal Exit,42.26,1.0,15,20432.25,20453.75,20362.5,69.75,0.3413720955841868,0.30824372759856633,64.25,17.0,0.921146953405018,0.24372759856630824,3.3973096180998255,0.016627192884287465,-0.02603271051445928,False,False,False,-0.016627192884287465,26.095379440805118,21.268755495973537,16.235576231704037,-9.990938553236818,5.033179264269499,-30.005999206934828,3,6.0,-1.0,3.0,-1.0,20420.75,-0.16487455197132617,MNQ_v4
single,MNQ,2025-03-25 17:54:00+01:00,2025-03-25 18:22:00+01:00,Long,US,17,1,Stop Loss,-162.48,2.0,4,20457.5,20417.25,20417.25,40.25,0.19674935842600513,-1.0,22.25,42.0,0.5527950310559007,1.0434782608695652,7.9103071021454525,0.03866702726210657,-0.02808141454288656,False,True,True,-0.03866702726210657,28.087892030798685,11.130686068009938,2.277990762892828,5.909955437427949,8.85269530511711,10.79169192447144,3,3.0,-1.0,4.0,1.0,20424.0,-0.8322981366459627,MNQ_v4
single,MNQ,2025-03-26 00:24:00+01:00,2025-03-26 02:44:00+01:00,Long,Asia,0,2,Stop Loss,-172.4,10.0,20,20514.0,20505.75,20505.75,8.25,0.0402164375548406,-1.0,22.75,9.0,2.757575757575758,1.0909090909090908,3.6291000235141837,0.017690845391021663,-0.004896071725029427,False,False,False,-0.017690845391021663,2.1639596998538764,31.26411538070576,29.423021404311246,38.351146363684904,1.8410939763945144,-38.53106234091946,0,4.0,-1.0,4.0,-1.0,20498.75,-1.8484848484848484,MNQ_v4
single,MNQ,2025-03-26 06:35:00+01:00,2025-03-26 08:20:00+01:00,Short,Asia,6,2,Canal Exit,-111.2,5.0,15,20477.5,20488.25,20494.5,17.0,0.08301794652667563,-0.6323529411764706,24.5,12.0,1.4411764705882353,0.7058823529411765,4.491149273060728,0.02193211707025139,0.0091794466303788,True,True,False,0.02193211707025139,-8.047802713528654,-3.153654452519697,6.907504412157525,-3.2280159284349637,-10.061158864677221,40.56319618204215,2,5.0,1.0,1.0,1.0,20490.5,-0.7647058823529411,MNQ_v4
single,MNQ,2025-03-27 16:23:00+01:00,2025-03-27 17:40:00+01:00,Short,US,16,3,Canal Exit,107.26,1.0,11,20134.0,20080.0,20199.0,65.0,0.3228369921525777,0.8307692307692308,95.0,32.75,1.4615384615384615,0.5038461538461538,18.874374537619587,0.09374378929978934,0.09457752239720395,True,False,True,0.09374378929978934,-60.77557269212048,-3.02408375447279,6.537003768414481,1.522277418788119,-9.56108752288727,7.448360611164682,3,5.0,1.0,4.0,1.0,20063.25,1.0884615384615384,MNQ_v4
single,MNQ,2025-03-27 21:59:00+01:00,2025-03-27 23:07:00+01:00,Long,Asia,21,3,Stop Loss,-177.66,9.0,2,19997.25,19987.75,19987.75,9.5,0.04750653214817037,-1.0,14.0,13.75,1.4736842105263157,1.4473684210526316,2.0489359644416254,0.010246088659398795,-0.04360244650662058,False,True,True,-0.010246088659398795,19.231249673281127,3.710830426295545,5.17644879704393,-10.656923426460851,-1.465618370748385,-19.469192592999057,2,5.0,1.0,3.0,1.0,19992.75,-0.47368421052631576,MNQ_v4
single,MNQ,2025-03-28 00:10:00+01:00,2025-03-28 00:31:00+01:00,Short,Asia,0,4,Canal Exit,10.76,1.0,3,19961.25,19955.5,20021.25,60.0,0.3005823783580688,0.09583333333333334,8.0,12.25,0.13333333333333333,0.20416666666666666,1.9866408880261588,0.009952487384438144,0.004159397636775995,True,False,True,0.009952487384438144,-0.10231834097066894,-30.043893612065176,-24.31973609058132,-24.246737965345563,-5.724157521483857,-37.08471986454213,0,3.0,1.0,5.0,-1.0,19937.5,0.3958333333333333,MNQ_v4
single,MNQ,2025-03-28 05:46:00+01:00,2025-03-28 06:35:00+01:00,Long,Asia,5,4,Stop Loss,-180.18,7.0,7,19979.0,19966.5,19966.5,12.5,0.06256569397867762,-1.0,10.0,13.0,0.8,1.04,0.8783321577502647,0.004396276879474772,-0.008570761350875174,False,True,True,-0.004396276879474772,3.0588129593343183,3.4126896941509064,-3.4445495440466525,-3.709604205687068,6.857239238197559,-18.286817702931945,1,4.0,-1.0,3.0,1.0,19984.0,0.4,MNQ_v4
single,MNQ,2025-03-28 07:03:00+01:00,2025-03-28 07:31:00+01:00,Long,Asia,7,4,Canal Exit,-42.72,3.0,4,19993.25,19986.5,19963.5,29.75,0.14880022007427507,-0.226890756302521,15.5,9.5,0.5210084033613446,0.31932773109243695,2.422323790167866,0.012115708002290101,-0.007326492035822108,False,True,True,-0.012115708002290101,4.997421504525846,3.54882639022502,-7.415646309361824,-3.2528491254332246,10.964472699586844,35.78793518693407,1,4.0,-1.0,6.0,1.0,19938.75,-1.8319327731092436,MNQ_v4
single,MNQ,2025-03-28 07:52:00+01:00,2025-03-28 08:13:00+01:00,Short,Asia,7,4,Canal Exit,-22.74,1.0,3,19927.75,19938.75,20008.75,81.0,0.40646836697569966,-0.13580246913580246,16.0,24.0,0.19753086419753085,0.2962962962962963,0.4590879804818542,0.002303762243513965,0.024537370040892667,False,False,False,-0.002303762243513965,-15.54113242263702,-27.594767840125446,-16.77274812920807,0.4825878983610015,-10.822019710917377,-40.004022234331366,1,3.0,1.0,4.0,-1.0,19867.25,0.7469135802469136,MNQ_v4
single,MNQ,2025-03-28 10:54:00+01:00,2025-03-28 11:08:00+01:00,Short,UK,10,4,Stop Loss,-181.2,5.0,2,19911.25,19929.0,19929.0,17.75,0.08914558352690062,-1.0,12.5,40.0,0.704225352112676,2.2535211267605635,8.508633793942863,0.042732795750858754,0.02796127061528978,True,True,False,0.042732795750858754,-17.967361771348806,-6.403583197476713,-1.312757291863682,-11.082861839960762,-5.0908259056130305,0.038682539184041444,2,2.0,1.0,5.0,-1.0,19961.75,-2.8450704225352115,MNQ_v4
single,MNQ,2025-03-28 14:17:00+01:00,2025-03-28 14:31:00+01:00,Long,UK,14,4,Stop Loss,-190.24,1.0,2,19946.75,19852.0,19852.0,94.75,0.475014726709865,-1.0,11.0,107.25,0.11609498680738786,1.1319261213720317,11.474141974031227,0.05752386716648691,-0.05330855803086906,False,True,True,-0.05752386716648691,27.602272870524757,2.796097949565931,-6.802041953901182,-7.755410741447187,9.598139903467112,10.492926283659937,1,3.0,-1.0,1.0,-1.0,19881.75,-0.6860158311345647,MNQ_v4
single,MNQ,2025-03-31 00:56:00+02:00,2025-03-31 01:17:00+02:00,Long,Asia,0,0,Stop Loss,-182.22,3.0,3,19302.75,19272.75,19272.75,30.0,0.15541826941757003,-1.0,12.25,45.5,0.4083333333333333,1.5166666666666666,0.8306126939423848,0.004303079581626373,-0.06850002936872884,False,True,True,-0.004303079581626373,22.212132988515805,0.7026895844091612,-2.6754395836436426,-2.650987496566523,3.378129168052804,-20.242568473843104,2,1.0,-1.0,3.0,1.0,19259.75,-1.4333333333333333,MNQ_v4
single,MNQ,2025-03-31 09:20:00+02:00,2025-03-31 10:02:00+02:00,Long,UK,9,0,Canal Exit,17.52,2.0,6,19236.75,19241.5,19193.5,43.25,0.22483007784578996,0.10982658959537572,35.5,26.5,0.8208092485549133,0.6127167630057804,1.2084694830627996,0.006282087582688342,-0.0219249816722499,False,True,True,-0.006282087582688342,6.788305716941977,8.317013369083242,2.738630014689167,2.010688355306273,5.578383354394075,34.98087452436057,1,6.0,-1.0,9.0,1.0,19185.25,-1.1907514450867052,MNQ_v4
single,MNQ,2025-03-31 10:37:00+02:00,2025-03-31 11:05:00+02:00,Short,UK,10,0,Canal Exit,72.26,1.0,4,19221.75,19185.25,19272.25,50.5,0.2627232171888616,0.7227722772277227,52.0,16.25,1.0297029702970297,0.3217821782178218,4.197657535565668,0.021838061235660997,0.02579691604903295,False,False,False,-0.021838061235660997,-18.94856763041753,-26.86445841904318,-20.26440528684611,4.056686795100917,-6.600053132197072,-40.70160925904219,3,4.0,1.0,6.0,-1.0,19193.0,0.5693069306930693,MNQ_v4
single,MNQ,2025-03-31 13:11:00+02:00,2025-03-31 13:39:00+02:00,Short,UK,13,0,Canal Exit,162.52,2.0,4,19190.5,19149.5,19231.75,41.25,0.2149501055209609,0.9939393939393939,72.25,3.75,1.7515151515151515,0.09090909090909091,3.5324423369020224,0.018407244922758775,0.014119267544880746,True,False,True,0.018407244922758775,-0.964725045429077,-6.243336633628688,0.6282133781856665,-8.462817495070519,-6.871550011814355,-37.99834036024946,0,4.0,1.0,11.0,-1.0,19209.5,-0.46060606060606063,MNQ_v4
single,MNQ,2025-03-31 15:24:00+02:00,2025-03-31 15:52:00+02:00,Short,US,15,0,Canal Exit,154.26,1.0,4,19169.25,19091.75,19236.75,67.5,0.3521264525216167,1.1481481481481481,192.5,30.5,2.8518518518518516,0.45185185185185184,13.261513303070387,0.06918117977005041,0.04584531810375721,True,False,True,0.06918117977005041,-22.979924626510183,-10.55772610180627,-0.7816260634251035,1.7581366214676233,-9.776100038381166,-39.05528403644143,2,4.0,1.0,11.0,-1.0,19137.0,0.4777777777777778,MNQ_v4
single,MNQ,2025-03-31 16:34:00+02:00,2025-03-31 17:09:00+02:00,Long,US,16,0,Canal Exit,10.76,1.0,5,19131.25,19137.0,18976.75,154.5,0.8075792224763149,0.0372168284789644,55.25,39.0,0.35760517799352753,0.2524271844660194,6.255523536456167,0.03269793419905216,-0.06466043244729994,True,True,False,0.03269793419905216,43.227581453247694,18.020581594744282,16.96503722240957,-8.50407288791918,1.0555443723347118,25.007940743939216,3,5.0,-1.0,1.0,1.0,19192.0,0.3932038834951456,MNQ_v4
single,MNQ,2025-03-31 20:04:00+02:00,2025-03-31 20:39:00+02:00,Long,US,20,0,Canal Exit,5.26,1.0,5,19354.25,19357.25,19206.0,148.25,0.7659816319413049,0.02023608768971332,57.5,85.5,0.38785834738617203,0.5767284991568297,11.295149845886044,0.05836004932191144,-0.0334754804850768,False,True,True,-0.05836004932191144,0.14454604663478676,6.975020753270158,-3.301477477694772,8.806230493829053,10.276498230964929,42.915004994531685,0,5.0,-1.0,4.0,1.0,19425.0,0.4772344013490725,MNQ_v4
single,MNQ,2025-04-01 07:00:00+02:00,2025-04-01 07:28:00+02:00,Long,Asia,7,1,Canal Exit,-9.24,1.0,4,19384.75,19380.5,19334.75,50.0,0.25793471672319734,-0.085,15.0,23.75,0.3,0.475,1.6703991637041327,0.008617078702093824,-0.012547945529413105,True,True,False,0.008617078702093824,3.075878825500695,29.882222803506107,24.93699076342083,7.657255831293855,4.945232040085276,41.647398766433604,0,4.0,-1.0,6.0,1.0,19373.75,-0.22,MNQ_v4
single,MNQ,2025-04-01 07:49:00+02:00,2025-04-01 08:45:00+02:00,Short,Asia,7,1,Stop Loss,-130.48,2.0,8,19367.5,19399.75,19399.75,32.25,0.16651607073705949,-1.0,18.0,55.25,0.5581395348837209,1.7131782945736433,6.901243330918078,0.03563311388107953,0.02935145323499596,True,True,False,0.03563311388107953,-8.32106324131746,-10.825113190986352,-1.7240625814927153,2.682043796242438,-9.101050609493637,38.42315636972672,1,3.0,1.0,4.0,-1.0,19439.5,-2.2325581395348837,MNQ_v4
single,MNQ,2025-04-01 10:30:00+02:00,2025-04-01 10:51:00+02:00,Long,UK,10,1,Canal Exit,36.76,1.0,3,19450.0,19468.75,19381.75,68.25,0.3508997429305913,0.27472527472527475,21.75,15.25,0.31868131868131866,0.22344322344322345,6.362753592286026,0.032713386078591394,-0.025698280850029426,False,True,True,-0.032713386078591394,7.114150346395036,37.054362581820214,29.30518025587832,3.1773271561964926,7.749182325941895,47.27911570962843,0,3.0,-1.0,5.0,1.0,19488.0,0.5567765567765568,MNQ_v4
single,MNQ,2025-04-01 15:38:00+02:00,2025-04-01 15:45:00+02:00,Short,US,15,1,Stop Loss,-130.48,2.0,1,19400.75,19433.0,19433.0,32.25,0.16623068695797844,-1.0,58.5,61.5,1.813953488372093,1.9069767441860466,7.052429725481488,0.03635132520898155,0.031962369449663144,True,True,False,0.03635132520898155,-14.091881845102762,-8.132969597619047,-3.086638802165094,1.2755461259855718,-5.046330795453953,-4.934637019254526,1,1.0,1.0,3.0,-1.0,19308.25,2.868217054263566,MNQ_v4
single,MNQ,2025-04-01 16:48:00+02:00,2025-04-01 17:16:00+02:00,Long,US,16,1,Canal Exit,199.26,1.0,4,19493.5,19593.5,19261.25,232.25,1.1914227819529586,0.43057050592034446,106.75,68.25,0.4596340150699677,0.2938643702906351,6.142390093875292,0.03150993969207835,-0.06983607333500472,False,True,True,-0.03150993969207835,8.629165760055912,23.70133457059226,12.489769340461802,-0.939071098558332,11.211565230130457,50.85318549737313,0,4.0,-1.0,6.0,1.0,19603.5,0.4736275565123789,MNQ_v4
single,MNQ,2025-04-03 15:33:00+02:00,2025-04-03 15:54:00+02:00,Long,US,15,3,Canal Exit,-160.74,1.0,3,19058.5,18978.5,18830.25,228.25,1.1976283548023192,-0.35049288061336253,15.5,125.75,0.06790799561883899,0.5509309967141293,2.778015703886922,0.014576255759303838,-0.11148571959430384,False,True,True,-0.014576255759303838,49.74357554653761,24.130486092613264,14.235406754049738,-7.913901320754948,9.895079338563527,32.24720369525393,1,3.0,-1.0,10.0,1.0,18758.5,-1.3143483023001095,MNQ_v4
single,MNQ,2025-04-03 16:15:00+02:00,2025-04-03 17:04:00+02:00,Short,US,16,3,Canal Exit,264.26,1.0,7,18891.0,18758.5,19060.25,169.25,0.8959292784924038,0.7828655834564254,170.75,67.0,1.0088626292466765,0.39586410635155095,29.790631516334543,0.15769748301484593,0.09566046230153517,True,False,True,0.15769748301484593,-41.50283937639688,-17.386844625406887,-8.965329285607927,-8.439384475295236,-8.42151533979896,-43.37978385178061,1,7.0,1.0,7.0,-1.0,18884.5,0.03840472673559823,MNQ_v4
single,MNQ,2025-04-03 18:49:00+02:00,2025-04-03 20:27:00+02:00,Short,US,18,3,Canal Exit,150.26,1.0,14,18868.75,18793.25,18988.25,119.5,0.6333222921497185,0.6317991631799164,114.0,69.25,0.9539748953974896,0.5794979079497908,23.19089465950674,0.12290636454193701,0.09973289550514351,True,False,True,0.12290636454193701,-65.13163280701337,-6.019908495151731,2.4354907517190516,-3.626642057117035,-8.455399246870783,-43.702603043210395,3,6.0,1.0,6.0,-1.0,18798.75,0.5857740585774058,MNQ_v4
single,MNQ,2025-04-03 20:48:00+02:00,2025-04-03 21:16:00+02:00,Long,US,20,3,Stop Loss,-171.24,1.0,4,18840.0,18754.75,18754.75,85.25,0.45249469214437366,-1.0,26.25,115.5,0.30791788856304986,1.3548387096774193,6.409677919436945,0.0340216450076271,-0.07843351746123904,False,True,True,-0.0340216450076271,28.132011181176495,9.392346692182628,-0.21432213366408792,-0.31253632835763767,9.606668825846715,8.326221506902858,2,3.0,-1.0,5.0,1.0,18694.5,-1.7067448680351907,MNQ_v4
single,MNQ,2025-04-04 17:51:00+02:00,2025-04-04 19:08:00+02:00,Short,US,17,4,Canal Exit,524.76,1.0,11,17936.25,17673.5,18147.0,210.75,1.1749947731549237,1.246737841043891,275.5,84.0,1.3072360616844603,0.398576512455516,58.253267378262535,0.32477952402683136,0.0884264531001177,True,False,True,0.32477952402683136,-7.800990659132367,-8.509992364769175,-3.114118421253103,0.7528173594608027,-5.395873943516072,-27.748400918982604,0,6.0,1.0,2.0,1.0,17711.0,1.0688018979833926,MNQ_v4
single,MNQ,2025-04-04 19:36:00+02:00,2025-04-04 20:04:00+02:00,Long,US,19,4,Canal Exit,-59.74,1.0,4,17826.75,17797.25,17615.5,211.25,1.1850168987616923,-0.13964497041420118,86.25,80.75,0.40828402366863903,0.38224852071005916,3.6418556898934185,0.020429162297633717,-0.12126049840082362,True,True,False,0.020429162297633717,48.85764209316767,1.8686416666776193,-6.425567453416281,-0.36551824580365394,8.294209120093901,39.748230379052146,2,4.0,-1.0,6.0,1.0,17665.0,-0.7656804733727811,MNQ_v4
single,MNQ,2025-04-04 20:25:00+02:00,2025-04-04 21:42:00+02:00,Short,US,20,4,Canal Exit,-177.24,1.0,11,17632.5,17720.75,17913.0,280.5,1.5908124202467036,-0.3146167557932264,83.5,238.5,0.2976827094474153,0.8502673796791443,33.431374981788395,0.18960087895527233,0.12160106120079411,True,True,False,0.18960087895527233,-76.67507764024413,-24.807955586265756,-13.54571846828853,3.7090590740261944,-11.262237117977225,34.83933171783007,2,3.0,1.0,7.0,1.0,17476.75,0.5552584670231729,MNQ_v4
single,MNQ,2025-04-08 02:13:00+02:00,2025-04-08 02:41:00+02:00,Long,Asia,2,1,Canal Exit,-51.74,1.0,4,17834.5,17809.0,17712.25,122.25,0.6854691749137907,-0.2085889570552147,21.0,51.0,0.17177914110429449,0.4171779141104294,9.389958889994887,0.05265053065684424,-0.002542565270948153,False,True,True,-0.05265053065684424,8.87914488081151,17.047279055873204,10.531320865246666,8.240704992260495,6.515958190626538,31.817353093429336,0,4.0,-1.0,6.0,1.0,17735.0,-0.8139059304703476,MNQ_v4
single,MNQ,2025-04-08 03:02:00+02:00,2025-04-08 03:23:00+02:00,Short,Asia,3,1,Canal Exit,-62.24,1.0,3,17704.25,17735.0,17838.5,134.25,0.7582925003883249,-0.22905027932960895,38.0,64.25,0.28305400372439476,0.478584729981378,7.671386538873776,0.04333076260713544,0.0731009814344511,False,False,False,-0.04333076260713544,-20.109197539110028,-10.362881297549428,-1.9135206157619375,3.405955560527017,-8.449360681787491,-27.635783780230888,1,3.0,1.0,6.0,-1.0,17852.0,-1.100558659217877,MNQ_v4
single,MNQ,2025-04-08 04:47:00+02:00,2025-04-08 05:01:00+02:00,Short,Asia,4,1,Canal Exit,-10.74,1.0,2,17824.75,17829.75,17885.0,60.25,0.3380131558647386,-0.08298755186721991,21.75,10.75,0.36099585062240663,0.17842323651452283,1.7742936552822357,0.009954101209173961,0.06835036842955,True,False,True,0.009954101209173961,-1.2913502801966388,-19.513123158680635,-14.001181713336045,-1.0501616723431415,-5.51194144534459,-30.13809734062676,0,2.0,1.0,4.0,-1.0,17785.25,0.6556016597510373,MNQ_v4
single,MNQ,2025-04-09 00:00:00+02:00,2025-04-09 06:25:00+02:00,Short,Asia,0,2,Canal Exit,706.76,1.0,55,17113.75,16760.0,17258.75,145.0,0.8472719304652692,2.439655172413793,363.75,129.25,2.5086206896551726,0.8913793103448275,53.09285555349925,0.310235077370531,0.03604561051408453,True,False,True,0.310235077370531,-72.20479319061997,-0.7669796937286698,1.1564310577182981,-16.796798352463643,-1.9234107514469678,-35.803038585307334,2,6.0,1.0,1.0,1.0,16850.5,1.8155172413793104,MNQ_v4
single,MNQ,2025-04-09 18:12:00+02:00,2025-04-09 19:50:00+02:00,Long,US,18,2,Canal Exit,2580.26,1.0,14,17467.0,18757.5,17214.5,252.5,1.4455830995591687,5.110891089108911,1433.0,62.25,5.675247524752475,0.24653465346534653,15.97384993470041,0.09145159406137522,-0.07552120061525486,False,True,True,-0.09145159406137522,32.10403175311876,0.5674821337763813,-5.006263618628517,9.576826481384334,5.573745752404898,40.33879079622346,0,5.0,-1.0,4.0,1.0,19000.75,6.074257425742574,MNQ_v4
single,MNQ,2025-04-10 12:57:00+02:00,2025-04-10 15:31:00+02:00,Short,UK,12,3,Canal Exit,323.76,1.0,22,18913.75,18751.5,19006.0,92.25,0.48774040050228007,1.7588075880758807,180.75,72.25,1.9593495934959348,0.7831978319783198,20.389045922202058,0.10780012383690203,0.09079495035027042,True,True,False,0.10780012383690203,-77.80252790273516,-7.182805546962316,-1.99748083079264,-7.073167213569804,-5.185324716169676,4.37881745904714,3,3.0,1.0,6.0,1.0,18601.5,3.3848238482384825,MNQ_v4
single,MNQ,2025-04-10 15:52:00+02:00,2025-04-10 16:13:00+02:00,Short,US,15,3,Canal Exit,146.26,1.0,3,18675.0,18601.5,18902.5,227.5,1.218206157965194,0.3230769230769231,111.5,130.0,0.4901098901098901,0.5714285714285714,5.191627392618102,0.02779987894306882,0.024171499226843394,False,False,False,-0.02779987894306882,-11.456678758884664,-25.385418564748328,-19.66292675882402,-13.911084989012814,-5.722491805924307,-35.86941738047438,1,3.0,1.0,6.0,-1.0,18579.5,0.4197802197802198,MNQ_v4
single,MNQ,2025-04-11 01:03:00+02:00,2025-04-11 01:38:00+02:00,Short,Asia,1,4,Canal Exit,196.76,1.0,5,18513.0,18414.25,18598.5,85.5,0.46183762761302866,1.154970760233918,131.75,23.0,1.54093567251462,0.26900584795321636,8.34161227207369,0.04505813359300864,0.05633549697100877,True,False,True,0.04505813359300864,-4.234629427297477,-2.000735712316251,5.318523456861605,-2.582681291920023,-7.319259169177856,-40.760044714221515,0,5.0,1.0,5.0,-1.0,18215.25,3.482456140350877,MNQ_v4
single,MNQ,2025-04-11 08:45:00+02:00,2025-04-11 09:20:00+02:00,Short,Asia,8,4,Canal Exit,136.26,1.0,5,18695.5,18627.0,18793.25,97.75,0.5228530929902918,0.7007672634271099,123.75,39.0,1.2659846547314577,0.3989769820971867,10.035374674720515,0.053678022383570986,0.15821907668403676,True,False,True,0.053678022383570986,-66.38198321076925,-7.013652808165945,0.15241336928418203,20.09658632611335,-7.166066177450127,-38.29658709026613,3,5.0,1.0,5.0,-1.0,18494.75,2.053708439897698,MNQ_v4
single,MNQ,2025-04-11 09:48:00+02:00,2025-04-11 09:55:00+02:00,Long,UK,9,4,Stop Loss,-160.24,1.0,1,18633.75,18554.0,18554.0,79.75,0.4279868518145838,-1.0,18.25,177.0,0.22884012539184953,2.219435736677116,47.58420593151095,0.2553656989683287,-0.10371153247200392,False,False,False,-0.2553656989683287,49.679346612672816,1.3386749304721686,-4.061877104685576,1.9989128264236118,5.4005520351577445,-0.604977010523399,1,1.0,-1.0,8.0,1.0,18400.75,-2.9216300940438873,MNQ_v4
single,MNQ,2025-04-11 14:56:00+02:00,2025-04-11 15:24:00+02:00,Short,UK,14,4,Canal Exit,120.26,1.0,4,18511.25,18450.75,18669.0,157.75,0.8521844824093457,0.38351822503961963,155.0,32.25,0.9825673534072901,0.20443740095087162,20.528332231318927,0.11089652093358865,0.03927395014349055,True,False,True,0.11089652093358865,-3.880370618964662,-15.640735127790576,-8.030976760694497,1.7505839655307642,-7.609758367096079,-34.797766879960705,0,4.0,1.0,6.0,-1.0,18481.5,0.18858954041204437,MNQ_v4
single,MNQ,2025-04-11 15:52:00+02:00,2025-04-11 16:20:00+02:00,Long,US,15,4,Stop Loss,-444.24,1.0,4,18575.25,18353.5,18353.5,221.75,1.1937928157090751,-1.0,72.75,298.0,0.32807215332581735,1.3438556933483652,12.879668932786444,0.06933779589930926,-0.12925489444568133,False,True,True,-0.06933779589930926,83.75024614697395,14.978972112035345,8.229924289869118,-3.3957722014196654,6.749047822166228,-11.167806623355247,2,2.0,-1.0,3.0,1.0,18522.75,-0.23675310033821872,MNQ_v4
single,MNQ,2025-04-11 21:14:00+02:00,2025-04-11 21:56:00+02:00,Long,US,21,4,Auto-Close (loss),-68.74,1.0,6,18842.75,18808.75,18594.75,248.0,1.3161560812514097,-0.13709677419354838,24.25,64.75,0.09778225806451613,0.2610887096774194,12.711056963846204,0.06745860855685186,-0.010746550425679352,False,True,True,-0.06745860855685186,6.786698635609355,25.11148878696355,18.76060712839653,-0.7115915075128937,6.3508816585670225,5.739868429462111,0,3.0,-1.0,4.0,1.0,18819.75,-0.09274193548387097,MNQ_v4
single,MNQ,2025-04-14 00:56:00+02:00,2025-04-14 01:38:00+02:00,Short,Asia,0,0,Canal Exit,-43.24,1.0,6,18977.75,18999.0,19253.0,275.25,1.4503826849863657,-0.07720254314259764,44.75,76.0,0.16257947320617622,0.2761126248864669,15.112418697637622,0.0796322993908004,0.13053875911097196,True,False,True,0.0796322993908004,-7.655773521924857,-20.262638573034607,-19.567965205812698,-12.957038280829599,-0.6946733672219096,24.08156269437093,0,1.0,1.0,4.0,1.0,19073.75,-0.34877384196185285,MNQ_v4
single,MNQ,2025-04-14 02:06:00+02:00,2025-04-14 07:49:00+02:00,Long,Asia,2,0,Canal Exit,43.26,1.0,49,19073.75,19095.75,18933.0,140.75,0.737925158922603,0.15630550621669628,60.5,117.25,0.42984014209591476,0.8330373001776199,12.977365891943919,0.06803783153257183,0.010959311019247867,False,False,False,-0.06803783153257183,12.601705570945342,7.50300141699511,3.7576680011994115,-5.948077161483724,3.7453334157956983,-31.944851898137017,1,5.0,-1.0,11.0,-1.0,19090.0,0.11545293072824156,MNQ_v4
single,MNQ,2025-04-14 08:24:00+02:00,2025-04-14 09:34:00+02:00,Long,Asia,8,0,Canal Exit,174.78,3.0,10,19095.5,19125.0,19066.5,29.0,0.15186824120866174,1.0172413793103448,57.5,21.75,1.9827586206896552,0.75,10.043350851046853,0.0525953803306897,-0.012426178321121842,False,False,False,-0.0525953803306897,6.98596165559502,1.0128743500174333,-0.9878698222800841,4.816854733884813,2.0007441722975177,-8.619602717709293,1,6.0,-1.0,5.0,-1.0,19144.25,1.6810344827586208,MNQ_v4
single,MNQ,2025-04-14 10:37:00+02:00,2025-04-14 11:05:00+02:00,Short,UK,10,0,Canal Exit,16.76,1.0,4,19135.0,19126.25,19182.5,47.5,0.24823621635746015,0.18421052631578946,19.75,20.25,0.41578947368421054,0.4263157894736842,5.760776399256429,0.03010596498174251,0.032863860407057445,True,False,True,0.03010596498174251,-0.3458817482969607,-13.421945904248235,-7.111328061658745,4.4881580491484065,-6.310617842589489,-32.80019375443469,0,4.0,1.0,1.0,-1.0,19097.5,0.7894736842105263,MNQ_v4
single,MNQ,2025-04-14 13:46:00+02:00,2025-04-14 14:35:00+02:00,Short,UK,13,0,Stop Loss,-144.24,1.0,7,19104.5,19176.25,19176.25,71.75,0.37556596613363347,-1.0,40.75,91.5,0.5679442508710801,1.2752613240418118,17.278217758823303,0.09044056509630351,0.06545458928788403,True,False,True,0.09044056509630351,-18.911754018412466,-2.432857806646117,6.550002509693643,4.26386835980647,-8.98286031633976,34.69374379028148,1,3.0,1.0,2.0,-1.0,19179.25,-1.0418118466898956,MNQ_v4
single,MNQ,2025-04-14 16:27:00+02:00,2025-04-14 17:23:00+02:00,Long,US,16,0,Stop Loss,-339.24,1.0,8,19156.25,18987.0,18987.0,169.25,0.8835236541598694,-1.0,36.75,214.25,0.2171344165435746,1.2658788774002954,30.238209373826976,0.15785035888457802,-0.09415003758575616,False,False,False,-0.15785035888457802,19.878742496490304,10.808153536468327,4.8909598544324435,0.7215372732460814,5.917193682035883,-35.28940791655318,0,4.0,-1.0,4.0,1.0,18878.5,-1.6410635155096012,MNQ_v4
single,MNQ,2025-04-14 22:59:00+02:00,2025-04-15 02:41:00+02:00,Long,Asia,22,0,Canal Exit,11.26,1.0,24,18903.75,18909.75,18790.75,113.0,0.5977649937181776,0.05309734513274336,19.25,94.0,0.17035398230088494,0.831858407079646,19.85481455399713,0.10503108935527147,-0.12402797584002134,False,True,True,-0.10503108935527147,36.50282411543594,21.73519211318198,15.398727051812916,-2.113261248456323,6.336465061369065,36.436626658497445,1,2.0,-1.0,4.0,1.0,18943.0,0.3473451327433628,MNQ_v4
single,MNQ,2025-04-15 05:22:00+02:00,2025-04-15 05:57:00+02:00,Long,Asia,5,1,Canal Exit,59.52,2.0,5,18899.5,18914.75,18860.5,39.0,0.20635466546734038,0.391025641025641,22.25,9.25,0.5705128205128205,0.23717948717948717,4.8147273915601545,0.025475422056457336,-0.0307672098868175,False,True,True,-0.025475422056457336,7.246934638704261,10.504798457890141,1.3576651001484663,4.554177503667428,9.147133357741675,43.433946472133194,0,5.0,-1.0,11.0,1.0,18914.75,0.391025641025641,MNQ_v4
single,MNQ,2025-04-15 06:39:00+02:00,2025-04-15 07:14:00+02:00,Short,Asia,6,1,Canal Exit,-20.96,4.0,5,18912.5,18914.75,18932.75,20.25,0.1070720423000661,-0.1111111111111111,20.75,8.25,1.0246913580246915,0.4074074074074074,2.8258869546625647,0.014941900619498029,0.02382038445028822,True,False,True,0.014941900619498029,-7.869232104676485,-1.8911924937214497,3.5684735418506843,4.4623188995132645,-5.459666035572134,-13.508194515227459,1,5.0,1.0,1.0,-1.0,18888.0,1.2098765432098766,MNQ_v4
single,MNQ,2025-04-15 18:05:00+02:00,2025-04-15 18:33:00+02:00,Long,US,18,1,Canal Exit,-38.24,1.0,4,19057.25,19038.5,18970.0,87.25,0.45783100919597525,-0.2148997134670487,33.5,21.0,0.3839541547277937,0.24068767908309455,5.405438007248449,0.02836420788544228,-0.020031710200814363,False,True,True,-0.02836420788544228,2.0300589673679497,0.37437152318530376,-7.329979809042228,11.660201371297541,7.704351332227532,26.86305483646471,0,4.0,-1.0,8.0,1.0,18936.75,-1.3810888252148996,MNQ_v4
single,MNQ,2025-04-15 18:54:00+02:00,2025-04-15 19:29:00+02:00,Short,US,18,1,Canal Exit,18.26,1.0,5,18946.25,18936.75,19090.75,144.5,0.7626839084251501,0.0657439446366782,39.75,62.75,0.2750865051903114,0.4342560553633218,0.48198642594070407,0.0025439674127634973,0.04535282315050497,True,False,True,0.0025439674127634973,-12.403953252520296,-14.863253476306424,-5.039025525732834,7.45569580090547,-9.82422795057359,-32.31610031214597,0,5.0,1.0,5.0,-1.0,18932.75,0.09342560553633218,MNQ_v4
single,MNQ,2025-04-15 21:42:00+02:00,2025-04-15 21:56:00+02:00,Short,US,21,1,Auto-Close (loss),-58.74,1.0,2,18930.75,18959.75,19001.0,70.25,0.37108936518627106,-0.4128113879003559,8.25,58.5,0.11743772241992882,0.8327402135231317,11.418955437547993,0.06031961458234879,0.04342834600694161,True,False,True,0.06031961458234879,-4.033933143793547,-17.531374713402556,-10.12966678032683,-5.975644173360298,-7.401707933075727,-19.096924432520964,0,2.0,1.0,4.0,-1.0,18940.25,-0.13523131672597866,MNQ_v4
single,MNQ,2025-04-16 00:56:00+02:00,2025-04-16 01:10:00+02:00,Long,Asia,0,2,Stop Loss,-155.48,2.0,2,18757.75,18719.25,18719.25,38.5,0.2052484972877877,-1.0,3.75,42.5,0.09740259740259741,1.103896103896104,31.102589369249472,0.16581194103370325,-0.1600993403727185,False,True,True,-0.16581194103370325,57.99124400667279,1.7390262417230569,-3.17699138426413,1.6761207445941853,4.916017625987187,-0.022437550038567892,2,2.0,-1.0,5.0,1.0,18708.5,-1.2792207792207793,MNQ_v4
single,MNQ,2025-04-16 02:34:00+02:00,2025-04-16 07:42:00+02:00,Short,Asia,2,2,Canal Exit,280.26,1.0,44,18666.5,18526.0,18736.0,69.5,0.37232475289957945,2.0215827338129495,162.0,64.5,2.3309352517985613,0.9280575539568345,1.281474367242481,0.00686510254864319,-0.008322353823858583,True,False,True,0.00686510254864319,-2.0512584130628966,-38.8296486495757,-35.35532274649554,-24.581382472187045,-3.474325903080164,-43.177517560162805,0,1.0,1.0,10.0,-1.0,18582.75,1.2050359712230216,MNQ_v4
single,MNQ,2025-04-16 09:27:00+02:00,2025-04-16 10:23:00+02:00,Short,UK,9,2,Stop Loss,-116.24,1.0,8,18557.25,18615.0,18615.0,57.75,0.3111991270258255,-1.0,45.25,177.75,0.7835497835497836,3.0779220779220777,19.192311583217815,0.10342217507021685,0.04589905802490797,True,False,True,0.10342217507021685,-14.599872275553935,-14.207217912933785,-5.031166060455719,-8.241205015505347,-9.176051852478066,-10.681142490668325,1,4.0,1.0,5.0,-1.0,18695.75,-2.398268398268398,MNQ_v4
single,MNQ,2025-04-16 13:32:00+02:00,2025-04-16 14:35:00+02:00,Long,UK,13,2,Stop Loss,-139.48,2.0,9,18686.0,18651.5,18651.5,34.5,0.1846302044311249,-1.0,38.0,42.25,1.1014492753623188,1.2246376811594204,7.124954065075144,0.03812990508977387,-0.028395282788107518,False,True,True,-0.03812990508977387,27.93001082232513,6.254285687470808,0.42460877290708554,6.4879628450727145,5.829676914563722,-21.44507438593296,3,3.0,-1.0,7.0,1.0,18613.0,-2.1159420289855073,MNQ_v4
single,MNQ,2025-04-16 17:51:00+02:00,2025-04-16 19:08:00+02:00,Short,US,17,2,Canal Exit,137.26,1.0,11,18610.75,18541.75,18735.25,124.5,0.6689682038606719,0.5542168674698795,83.25,21.5,0.6686746987951807,0.17269076305220885,13.902635046972136,0.07470217507070986,0.05495340777173054,True,False,True,0.07470217507070986,-37.36444678403859,-3.0681685623631734,3.447616910811325,-0.4340409213115232,-6.515785473174498,-21.125066944912884,2,4.0,1.0,1.0,1.0,18584.75,0.20883534136546184,MNQ_v4
single,MNQ,2025-04-17 04:19:00+02:00,2025-04-17 08:38:00+02:00,Long,Asia,4,3,Canal Exit,304.52,2.0,37,18492.75,18569.25,18452.75,40.0,0.2163009828175907,1.9125,109.0,37.0,2.725,0.925,4.5105625216674525,0.0243909776624215,0.0011560811179702742,False,True,True,-0.0243909776624215,1.9463309964557993,24.73979712554228,19.4483477218838,14.188257058293317,5.291449403658483,32.17967920948235,0,2.0,-1.0,5.0,1.0,18621.5,3.21875,MNQ_v4
single,MNQ,2025-04-17 08:59:00+02:00,2025-04-17 09:13:00+02:00,Short,UK,8,3,Stop Loss,-124.48,2.0,2,18571.0,18601.75,18601.75,30.75,0.16558074417101934,-1.0,16.0,81.0,0.5203252032520326,2.6341463414634148,0.35018963546463056,0.001885680014348342,0.03541573734743179,False,False,False,-0.001885680014348342,-2.5955680745100835,-8.94341168343183,-4.097861305847508,15.043558752630375,-4.845550377584321,-3.803381897131183,1,2.0,1.0,4.0,-1.0,18609.5,-1.2520325203252032,MNQ_v4
single,MNQ,2025-04-17 09:34:00+02:00,2025-04-17 10:44:00+02:00,Long,UK,9,3,Stop Loss,-97.24,1.0,10,18603.25,18555.0,18555.0,48.25,0.2593632832972733,-1.0,21.0,59.75,0.43523316062176165,1.238341968911917,4.095011424753466,0.022012344212723398,0.0018280349977253909,True,False,True,0.022012344212723398,10.950199521033937,19.747659399191786,18.33710581230131,17.398970880455078,1.410553586890476,-34.37536504636429,3,1.0,-1.0,2.0,1.0,18560.0,-0.8963730569948186,MNQ_v4
single,MNQ,2025-04-17 14:56:00+02:00,2025-04-17 16:13:00+02:00,Short,UK,14,3,Canal Exit,228.76,1.0,11,18502.25,18387.5,18624.75,122.5,0.6620816387196151,0.936734693877551,136.75,45.25,1.116326530612245,0.3693877551020408,12.314991787803592,0.06655942811173556,0.0416927771103085,True,False,True,0.06655942811173556,-19.887960584641405,-17.650387228891617,-12.893679615769008,-0.6906286772979963,-4.756707613122609,-13.189241801687473,1,3.0,1.0,4.0,1.0,18345.5,1.279591836734694,MNQ_v4
single,MNQ,2025-04-21 00:07:00+02:00,2025-04-21 00:35:00+02:00,Short,Asia,0,0,Canal Exit,8.26,1.0,4,18276.5,18272.0,18455.25,178.75,0.9780318988865482,0.025174825174825177,24.0,22.25,0.13426573426573427,0.12447552447552447,0.9025883378999424,0.004938518523239912,0.049191059497504734,True,False,True,0.004938518523239912,-11.495303052633972,-7.967318245326615,-1.0148962912165254,-2.953683573622495,-6.95242195411009,-28.632560908069607,0,4.0,1.0,6.0,-1.0,18284.25,-0.043356643356643354,MNQ_v4
single,MNQ,2025-04-21 00:56:00+02:00,2025-04-21 02:34:00+02:00,Long,Asia,0,0,Canal Exit,229.52,2.0,14,18299.75,18357.5,18263.25,36.5,0.19945627672509186,1.582191780821918,67.0,20.75,1.8356164383561644,0.5684931506849316,32.98626121304551,0.18025525601740738,-0.11391616582237178,False,True,True,-0.18025525601740738,46.93400054320227,1.3791479300628384,-5.110875835669314,-4.79136950666846,6.490023765732152,41.14677384955759,3,3.0,-1.0,7.0,1.0,18284.75,-0.410958904109589,MNQ_v4
single,MNQ,2025-04-21 02:55:00+02:00,2025-04-21 05:01:00+02:00,Short,Asia,2,0,Canal Exit,178.26,1.0,18,18307.0,18217.5,18374.0,67.0,0.3659802261430054,1.335820895522388,117.25,16.5,1.75,0.2462686567164179,12.174358544230927,0.06650111183826365,0.05215066358692796,True,False,True,0.06650111183826365,-44.8181100319016,-3.8299861608058774,6.504653209373004,0.004775224532301318,-10.33463937017888,-32.6043090077747,3,4.0,1.0,6.0,-1.0,18214.25,1.3843283582089552,MNQ_v4
single,MNQ,2025-04-21 06:46:00+02:00,2025-04-21 07:42:00+02:00,Short,Asia,6,0,Stop Loss,-170.22,3.0,8,18217.75,18245.75,18245.75,28.0,0.1536962577705809,-1.0,5.5,36.0,0.19642857142857142,1.2857142857142858,11.42953456430405,0.06273845323546567,0.015020258923928366,True,True,False,0.06273845323546567,-5.645178971590212,-4.31042812419065,4.2886178220546824,-14.904332318053468,-8.599045946245333,5.720181641975151,0,4.0,1.0,5.0,-1.0,18234.0,-0.5803571428571429,MNQ_v4
single,MNQ,2025-04-21 11:54:00+02:00,2025-04-21 12:15:00+02:00,Long,UK,11,0,Canal Exit,-25.48,2.0,3,18172.75,18166.75,18135.0,37.75,0.20772860464156498,-0.15894039735099338,14.25,12.0,0.37748344370860926,0.31788079470198677,0.8261604282015469,0.004546149747294971,-0.018098196715834687,False,True,True,-0.004546149747294971,1.4503003524441738,15.591500127473127,9.537183075108427,-11.417896181279858,6.0543170523647,27.247694707222102,0,3.0,-1.0,5.0,1.0,18183.5,0.2847682119205298,MNQ_v4
single,MNQ,2025-04-21 12:36:00+02:00,2025-04-21 12:50:00+02:00,Short,UK,12,0,Stop Loss,-174.96,4.0,2,18165.5,18187.0,18187.0,21.5,0.11835622471167873,-1.0,15.75,21.5,0.7325581395348837,1.0,4.881853821600089,0.026874315717156635,0.011702852933337749,True,True,False,0.026874315717156635,-12.191883898616652,-13.989284275214121,-8.269846829841832,-5.439935579635136,-5.719437445372289,-7.627548968514667,3,2.0,1.0,3.0,-1.0,18160.25,0.2441860465116279,MNQ_v4
single,MNQ,2025-04-21 15:17:00+02:00,2025-04-21 15:24:00+02:00,Short,UK,15,0,Stop Loss,-175.48,2.0,1,18104.0,18147.5,18147.5,43.5,0.2402783915156871,-1.0,11.0,47.25,0.25287356321839083,1.0862068965517242,8.357642884162487,0.046164620438369906,0.020313874168188775,True,True,False,0.046164620438369906,-4.0624574196044705,-27.536176604506178,-22.10034067113913,-3.714003514040673,-5.4358359333670485,-19.649099359866344,0,1.0,1.0,4.0,-1.0,18012.5,2.103448275862069,MNQ_v4
single,MNQ,2025-04-21 19:01:00+02:00,2025-04-21 21:56:00+02:00,Short,US,19,0,Stop Loss,-389.74,1.0,25,17755.5,17950.0,17950.0,194.5,1.0954352172566246,-1.0,55.5,196.5,0.2853470437017995,1.0102827763496145,24.89546224037622,0.140212679115633,0.020048656125047158,True,True,False,0.140212679115633,-7.91711971247787,-10.897385042364231,-0.2758002084710194,-16.18815290898131,-10.621584833893213,43.9497460720241,0,4.0,1.0,7.0,1.0,17923.0,-0.8611825192802056,MNQ_v4
single,MNQ,2025-04-22 01:24:00+02:00,2025-04-22 03:02:00+02:00,Long,Asia,1,1,Canal Exit,205.76,1.0,14,17910.75,18014.0,17863.75,47.0,0.26241223846014267,2.1968085106382977,112.0,15.0,2.382978723404255,0.3191489361702128,0.27372772702074144,0.0015282873526833967,-0.0034041346200458797,True,False,True,0.0015282873526833967,0.33743721044811537,6.341941066897458,7.304572561098055,27.3853095924453,-0.9626314942005978,-6.03344258412326,0,1.0,1.0,6.0,-1.0,18043.75,2.8297872340425534,MNQ_v4
single,MNQ,2025-04-22 03:23:00+02:00,2025-04-22 04:33:00+02:00,Long,Asia,3,1,Canal Exit,-32.24,1.0,10,18044.0,18028.25,17984.25,59.75,0.33113500332520507,-0.26359832635983266,24.75,31.75,0.41422594142259417,0.5313807531380753,7.174211819161428,0.039759542336296985,0.007891371305037793,False,False,False,-0.039759542336296985,5.4977307324588764,32.78689129582932,26.28370001507842,20.30259552187586,6.503191280750901,-18.548627442734826,1,3.0,-1.0,4.0,-1.0,18010.5,-0.5606694560669456,MNQ_v4
single,MNQ,2025-04-22 10:51:00+02:00,2025-04-22 11:40:00+02:00,Long,UK,10,1,Canal Exit,-3.24,1.0,7,18105.25,18104.0,18056.25,49.0,0.2706397315695724,-0.025510204081632654,16.25,28.25,0.33163265306122447,0.576530612244898,1.7117162992508383,0.009454253872500177,-0.02295898674053941,False,True,True,-0.009454253872500177,5.3204540703191014,29.16283901676192,25.129051914057612,19.03066662279417,4.033787102704309,-1.4890688430713623,0,2.0,-1.0,2.0,-1.0,18087.0,-0.37244897959183676,MNQ_v4
single,MNQ,2025-04-22 18:19:00+02:00,2025-04-22 18:33:00+02:00,Long,US,18,1,Canal Exit,-64.24,1.0,2,18498.0,18466.25,18287.0,211.0,1.1406638555519515,-0.1504739336492891,15.5,52.75,0.07345971563981042,0.25,1.4498261519547668,0.007837745442506037,-0.029103606621628874,False,True,True,-0.007837745442506037,9.496219855380332,36.91156976383537,27.353154218288466,12.357478675029276,9.5584155455469,47.344660006489676,0,2.0,-1.0,10.0,1.0,18230.5,-1.2677725118483412,MNQ_v4
single,MNQ,2025-04-22 19:08:00+02:00,2025-04-22 19:43:00+02:00,Short,US,19,1,Canal Exit,305.76,1.0,5,18383.75,18230.5,18513.5,129.75,0.705786360236622,1.1811175337186899,155.5,109.25,1.1984585741811176,0.8420038535645472,1.4762230109699885,0.008030042896416609,0.10188944753135984,False,False,False,-0.008030042896416609,-28.587861982443428,-17.795028016059284,-10.065731461926969,13.282282408473622,-7.729296554132315,-47.22415583209628,3,5.0,1.0,9.0,-1.0,18382.0,0.01348747591522158,MNQ_v4
single,MNQ,2025-04-22 22:59:00+02:00,2025-04-23 00:00:00+02:00,Short,Asia,22,1,Stop Loss,-114.74,1.0,1,18359.25,18416.25,18416.25,57.0,0.31047019894603534,-1.0,5.75,412.75,0.10087719298245613,7.241228070175438,4.32383302540984,0.02355125087032335,0.03679453453949477,True,True,False,0.02355125087032335,-11.30013506254545,-21.369681531507098,-19.237236907780982,7.718337579742734,-2.1324446237261157,-10.750702511963624,1,1.0,1.0,6.0,-1.0,18743.25,-6.7368421052631575,MNQ_v4
single,MNQ,2025-04-23 03:09:00+02:00,2025-04-23 03:30:00+02:00,Long,Asia,3,2,Stop Loss,-92.74,1.0,3,18718.25,18672.25,18672.25,46.0,0.24574946910101103,-1.0,6.75,46.5,0.14673913043478262,1.0108695652173914,27.70565174245712,0.14801411319144217,-0.06643596833929423,False,False,False,-0.14801411319144217,75.56000655283788,0.7849372680228331,-8.320127729083625,13.991005855768407,9.105064997106458,12.61168504421996,3,3.0,-1.0,5.0,1.0,18655.5,-1.3641304347826086,MNQ_v4
single,MNQ,2025-04-23 09:41:00+02:00,2025-04-23 10:16:00+02:00,Long,UK,9,2,Canal Exit,120.76,1.0,5,18760.75,18821.5,18713.75,47.0,0.2505230334608158,1.2925531914893618,75.75,3.0,1.6117021276595744,0.06382978723404255,3.1676450390878017,0.016884426470625116,-0.006493725133584495,False,True,True,-0.016884426470625116,2.4068216363011743,25.35188048070668,21.368452683490464,14.904071395967287,3.9834277972162155,41.253857624122624,0,5.0,-1.0,3.0,1.0,18851.25,1.925531914893617,MNQ_v4
single,MNQ,2025-04-23 12:15:00+02:00,2025-04-23 13:04:00+02:00,Long,UK,12,2,Canal Exit,123.26,1.0,7,18861.75,18923.75,18815.25,46.5,0.24653067716410193,1.3333333333333333,80.75,17.0,1.7365591397849462,0.3655913978494624,7.624604097414704,0.04042363034932975,-0.009896493367323319,False,True,True,-0.04042363034932975,4.745024679294147,24.10367566177388,19.296516997691278,17.064466185576837,4.807158664082603,43.25411753978391,0,7.0,-1.0,9.0,1.0,18899.25,0.8064516129032258,MNQ_v4
single,MNQ,2025-04-23 13:32:00+02:00,2025-04-23 14:07:00+02:00,Short,UK,13,2,Canal Exit,-8.24,1.0,5,18895.5,18899.25,18942.5,47.0,0.24873647164668838,-0.0797872340425532,39.0,13.0,0.8297872340425532,0.2765957446808511,3.7816307108514593,0.020013393193360637,0.057695921102974335,True,False,True,0.020013393193360637,-11.973391527906642,-10.094294982885671,-1.7206325592845957,17.12514350128797,-8.373662423601075,-28.14782188285218,1,5.0,1.0,6.0,-1.0,18955.75,-1.2819148936170213,MNQ_v4
single,MNQ,2025-04-24 00:00:00+02:00,2025-04-24 01:24:00+02:00,Short,Asia,0,3,Canal Exit,-79.24,1.0,12,18779.5,18818.75,18924.75,145.25,0.7734497723581565,-0.270223752151463,39.25,78.0,0.270223752151463,0.5370051635111877,25.111122098198393,0.13371560530471202,0.08276858257275299,True,True,False,0.13371560530471202,-34.40003547791275,-12.889221866204268,-5.405924972126569,-3.2086911409179977,-7.483296894077699,30.293207451516462,1,4.0,1.0,4.0,1.0,18844.0,-0.4440619621342513,MNQ_v4
single,MNQ,2025-04-24 07:35:00+02:00,2025-04-24 09:55:00+02:00,Short,Asia,7,3,Canal Exit,1079.82,7.0,20,18770.0,18692.5,18781.75,11.75,0.06259989344698988,6.595744680851064,119.0,9.0,10.127659574468085,0.7659574468085106,8.425323782787018,0.044887180515647405,0.023060618729554838,True,False,True,0.044887180515647405,-18.732788628069102,-3.2140811478548317,-0.32049525624052033,-9.682670652449287,-2.893585891614311,-32.195680065462355,3,1.0,1.0,4.0,-1.0,18635.0,11.48936170212766,MNQ_v4
single,MNQ,2025-04-24 18:19:00+02:00,2025-04-24 21:56:00+02:00,Long,US,18,3,Auto-Close (profit),218.76,1.0,31,19209.5,19319.25,19120.25,89.25,0.46461386293240325,1.2296918767507004,207.5,16.25,2.3249299719887957,0.18207282913165265,22.71757099844399,0.11826216714877529,-0.004317863665099451,False,False,False,-0.11826216714877529,10.207356654103933,15.523668173961672,10.845424419811371,18.09366313893537,4.6782437541503015,30.79972743125072,0,4.0,-1.0,2.0,-1.0,19338.5,1.4453781512605042,MNQ_v4
single,MNQ,2025-04-25 06:32:00+02:00,2025-04-25 07:42:00+02:00,Short,Asia,6,4,Canal Exit,-34.74,1.0,10,19401.5,19418.5,19497.25,95.75,0.4935185423807438,-0.17754569190600522,4.5,34.0,0.04699738903394256,0.35509138381201044,13.728677058366884,0.07076090538549537,0.05931359416024352,True,False,True,0.07076090538549537,-16.48287385173171,-8.6813710711258,1.5137981773316698,7.474058332701095,-10.195169248457471,-0.519943278641484,1,4.0,1.0,3.0,1.0,19445.5,-0.4595300261096606,MNQ_v4
single,MNQ,2025-04-25 09:20:00+02:00,2025-04-25 09:41:00+02:00,Short,UK,9,4,Canal Exit,-7.74,1.0,3,19407.5,19411.0,19475.0,67.5,0.34780368414272833,-0.05185185185185185,34.25,14.0,0.5074074074074074,0.2074074074074074,3.3808630841449485,0.017420394611077927,0.03880381602287361,True,False,True,0.017420394611077927,-17.138519739390176,-13.058217127432279,-3.7822911926499323,2.4944223217239467,-9.275925934782347,-33.26360525703529,1,3.0,1.0,6.0,-1.0,19421.0,-0.2,MNQ_v4
single,MNQ,2025-04-25 10:02:00+02:00,2025-04-25 10:58:00+02:00,Long,UK,10,4,Stop Loss,-116.24,1.0,8,19431.0,19373.25,19373.25,57.75,0.29720549637177707,-1.0,20.25,64.0,0.35064935064935066,1.1082251082251082,14.993542286276352,0.07716299874569683,-0.03851343618866397,False,False,False,-0.07716299874569683,7.712419596522523,10.661779286027407,2.0796386629564196,-2.8457192186629996,8.582140623070988,-20.653732837067267,1,3.0,-1.0,3.0,1.0,19390.5,-0.7012987012987013,MNQ_v4
single,MNQ,2025-04-25 14:56:00+02:00,2025-04-25 15:24:00+02:00,Short,UK,14,4,Stop Loss,-143.74,1.0,4,19251.25,19322.75,19322.75,71.5,0.3714044542562171,-1.0,36.0,80.25,0.5034965034965035,1.1223776223776223,7.5901918560193735,0.03942700788790013,0.008842314592356317,True,True,False,0.03942700788790013,-15.530562391391868,-2.239042710644352,2.3324578617367275,-5.055847324044996,-4.57150057238108,16.971132653647402,2,2.0,1.0,3.0,-1.0,19262.75,-0.16083916083916083,MNQ_v4
single,MNQ,2025-04-25 20:32:00+02:00,2025-04-25 21:56:00+02:00,Long,US,20,4,Auto-Close (profit),44.76,1.0,12,19507.25,19530.0,19383.75,123.5,0.6330979507618962,0.18421052631578946,57.75,60.25,0.4676113360323887,0.48785425101214575,25.07932356470701,0.12856411623733233,-0.05055988796735087,False,False,False,-0.12856411623733233,6.426103665438859,26.380556985530866,19.06694556383804,4.74532149787419,7.313611421692826,-0.4255133243371869,0,2.0,-1.0,5.0,-1.0,19570.25,0.5101214574898786,MNQ_v4
single,MNQ,2025-04-28 10:37:00+02:00,2025-04-28 11:54:00+02:00,Long,UK,10,0,Canal Exit,38.26,1.0,11,19490.75,19510.25,19440.25,50.5,0.25909726408681044,0.38613861386138615,49.25,19.0,0.9752475247524752,0.37623762376237624,16.927995815567556,0.08685143370864412,-0.03446842601341157,False,True,True,-0.08685143370864412,1.7870653684694844,5.904891035239222,-3.4174613738766766,10.33933630686483,9.322352409115899,28.288204777849213,0,4.0,-1.0,5.0,1.0,19513.0,0.4405940594059406,MNQ_v4
single,MNQ,2025-04-28 12:15:00+02:00,2025-04-28 12:29:00+02:00,Short,UK,12,0,Canal Exit,-42.74,1.0,2,19492.0,19513.0,19540.0,48.0,0.2462548737943772,-0.4375,12.75,22.5,0.265625,0.46875,0.6491220852694823,0.0033301974413579025,0.034364728885335184,True,False,True,0.0033301974413579025,-7.152815953893878,-19.07578643478639,-10.058018326932293,4.527462157499824,-9.017768107854097,-30.63726618670119,1,2.0,1.0,3.0,-1.0,19468.75,0.484375,MNQ_v4
single,MNQ,2025-04-28 13:25:00+02:00,2025-04-28 15:24:00+02:00,Long,UK,13,0,Canal Exit,221.52,2.0,17,19510.25,19566.0,19466.0,44.25,0.22680385950974488,1.2598870056497176,59.25,40.5,1.3389830508474576,0.9152542372881356,6.460250866926799,0.03311208655412821,-0.029091102955011706,False,True,True,-0.03311208655412821,24.821980034270382,9.07013227611863,1.1016206089647227,0.21586921531498385,7.968511667153907,42.99164652733705,3,3.0,-1.0,9.0,1.0,19474.75,-0.8022598870056498,MNQ_v4
single,MNQ,2025-04-28 16:48:00+02:00,2025-04-28 17:02:00+02:00,Long,US,16,0,Stop Loss,-93.74,1.0,2,19493.0,19446.5,19446.5,46.5,0.23854717077925408,-1.0,41.75,62.0,0.8978494623655914,1.3333333333333333,16.60984267188178,0.08520926831109515,-0.04366447921686454,False,False,False,-0.08520926831109515,12.282703182077967,3.9741324288374695,1.065517113135635,-2.212006076824841,2.9086153157018346,-1.4372799583506208,1,2.0,-1.0,5.0,1.0,19374.25,-2.553763440860215,MNQ_v4
single,MNQ,2025-04-29 00:49:00+02:00,2025-04-29 03:37:00+02:00,Long,Asia,0,1,Canal Exit,569.28,3.0,24,19481.25,19576.5,19455.25,26.0,0.13346166185434713,3.6634615384615383,96.5,11.0,3.7115384615384617,0.4230769230769231,3.9905665550468257,0.020484140160651015,-0.02197070525227701,False,True,True,-0.020484140160651015,29.96041774660989,0.5134011822683759,-5.3987726994078695,17.148701531324036,5.912173881676246,23.489876990548318,3,5.0,-1.0,5.0,-1.0,19603.75,4.711538461538462,MNQ_v4
single,MNQ,2025-04-29 10:09:00+02:00,2025-04-29 11:40:00+02:00,Short,UK,10,1,Canal Exit,-50.74,1.0,13,19547.5,19572.5,19621.25,73.75,0.3772860979664919,-0.3389830508474576,5.75,52.25,0.07796610169491526,0.7084745762711865,6.256067847389204,0.03200443968481496,0.03825378497332242,True,False,True,0.03200443968481496,-28.025079740571528,-7.892274052869211,2.216397288418077,0.0675904938446384,-10.108671341287288,-24.544838431094576,2,3.0,1.0,5.0,-1.0,19560.0,-0.1694915254237288,MNQ_v4
single,MNQ,2025-04-29 12:01:00+02:00,2025-04-29 12:29:00+02:00,Long,UK,12,1,Stop Loss,-171.2,5.0,4,19563.0,19546.25,19546.25,16.75,0.0856208148034555,-1.0,18.0,46.5,1.0746268656716418,2.7761194029850746,3.120488471373392,0.015950971074852483,-0.01353447693694173,False,True,True,-0.015950971074852483,3.687678430502274,5.002714681709188,1.770244043285432,-2.9249522938291754,3.232470638423756,1.3488552975725874,1,2.0,-1.0,5.0,1.0,19507.25,-3.328358208955224,MNQ_v4
single,MNQ,2025-04-29 15:03:00+02:00,2025-04-29 15:24:00+02:00,Short,UK,15,1,Canal Exit,-77.74,1.0,3,19393.5,19432.0,19538.0,144.5,0.745095006058731,-0.2664359861591695,14.25,50.0,0.0986159169550173,0.3460207612456747,2.437330028049473,0.012567767695616948,0.012578011415851319,False,False,False,-0.012567767695616948,-15.931025721947663,-9.889268088231228,-1.5053998796578991,-12.216805982824313,-8.383868208573329,-38.94100660701163,1,3.0,1.0,7.0,-1.0,19544.75,-1.046712802768166,MNQ_v4
single,MNQ,2025-04-29 15:45:00+02:00,2025-04-29 16:13:00+02:00,Long,US,15,1,Canal Exit,62.76,1.0,4,19513.0,19544.75,19379.25,133.75,0.6854404755803822,0.23738317757009345,88.0,43.75,0.6579439252336449,0.32710280373831774,14.598090034887719,0.07481212542862563,-0.08495773246501313,False,True,True,-0.07481212542862563,30.12323070018101,5.871789208795934,-3.563392009274765,-9.18579062092932,9.4351812180707,36.82147735332256,1,4.0,-1.0,5.0,1.0,19573.0,0.4485981308411215,MNQ_v4
single,MNQ,2025-04-29 19:22:00+02:00,2025-04-29 20:04:00+02:00,Long,US,19,1,Canal Exit,194.26,1.0,6,19560.0,19657.5,19470.75,89.25,0.4562883435582822,1.0924369747899159,124.5,15.0,1.3949579831932772,0.16806722689075632,18.19560290795198,0.09302455474413078,-0.043040664531995364,False,True,True,-0.09302455474413078,14.657862567710254,2.8557337522274584,-5.314808335549131,-4.67621865547681,8.170542087776589,47.826642147283714,1,6.0,-1.0,11.0,1.0,19646.5,0.969187675070028,MNQ_v4
single,MNQ,2025-04-30 02:48:00+02:00,2025-04-30 03:02:00+02:00,Short,Asia,2,2,Canal Exit,-25.74,1.0,2,19526.0,19538.5,19584.75,58.75,0.30088087677967834,-0.2127659574468085,7.5,13.75,0.1276595744680851,0.23404255319148937,0.8502709295498789,0.004354557664395569,0.0022308300384826143,False,False,False,-0.004354557664395569,-2.033281387946772,-31.067441152787314,-25.48191444851328,-4.178796090965459,-5.585526704274034,-32.5665133935676,0,2.0,1.0,5.0,-1.0,19517.25,0.14893617021276595,MNQ_v4
single,MNQ,2025-04-30 03:30:00+02:00,2025-04-30 03:37:00+02:00,Long,Asia,3,2,Stop Loss,-152.22,3.0,1,19543.5,19518.5,19518.5,25.0,0.12791976872105815,-1.0,1.5,33.0,0.06,1.32,3.320443220778543,0.016990013154135866,-0.022437179358195246,False,False,False,-0.016990013154135866,0.7622870487757609,7.19108740958633,-0.17655733037880017,-6.449631506218787,7.3676447399651295,6.330569029514149,0,1.0,-1.0,5.0,1.0,19523.0,-0.82,MNQ_v4
single,MNQ,2025-04-30 21:35:00+02:00,2025-04-30 21:56:00+02:00,Long,US,21,2,Auto-Close (profit),256.76,1.0,3,19513.75,19642.5,19467.25,46.5,0.2382935109858433,2.7688172043010755,228.75,41.5,4.919354838709677,0.8924731182795699,12.44717320980999,0.06378667969923765,-0.005708113595131504,False,True,True,-0.06378667969923765,5.443273616929218,7.4607776036393325,6.330177064284579,4.746770373123218,1.1306005393547531,38.23244632205021,0,6.0,-1.0,3.0,-1.0,19812.0,6.413978494623656,MNQ_v4
single,MNQ,2025-05-01 01:31:00+02:00,2025-05-01 10:23:00+02:00,Long,Asia,1,3,Canal Exit,98.76,1.0,76,19910.75,19960.5,19812.0,98.75,0.49596323594038394,0.5037974683544304,66.0,9.75,0.6683544303797468,0.09873417721518987,27.74778485297429,0.13936082193274635,-0.009914084115759095,False,True,True,-0.13936082193274635,13.953326965933229,20.948491945061523,14.930829671284195,33.69502805431881,6.0176622737773275,-5.66531038916609,0,3.0,-1.0,7.0,-1.0,19989.0,0.7924050632911392,MNQ_v4
single,MNQ,2025-05-01 13:32:00+02:00,2025-05-01 14:28:00+02:00,Long,UK,13,3,Stop Loss,-178.7,5.0,8,19997.75,19980.25,19980.25,17.5,0.08750984485754648,-1.0,38.0,48.5,2.1714285714285713,2.7714285714285714,3.8890342035665526,0.019447358845702905,0.0015855636940698779,False,True,True,-0.019447358845702905,0.5464654481693287,0.34897413202716865,4.8906651030384385,15.776719305086388,-4.54169097101127,0.36579590488787833,0,2.0,1.0,5.0,1.0,19969.75,-1.6,MNQ_v4
single,MNQ,2025-05-01 19:01:00+02:00,2025-05-01 20:04:00+02:00,Long,US,19,3,Canal Exit,52.76,1.0,9,20007.75,20034.5,19909.25,98.5,0.4923092301733078,0.2715736040609137,27.5,65.75,0.27918781725888325,0.6675126903553299,8.984191132047272,0.044903555532467526,-0.06120282627417217,False,True,True,-0.044903555532467526,30.886429575868533,3.2838040775903385,-0.5459879697311227,7.360592077620019,3.8297920473214613,-1.231004558723972,2,5.0,-1.0,5.0,-1.0,20038.75,0.3147208121827411,MNQ_v4
single,MNQ,2025-05-01 21:07:00+02:00,2025-05-01 21:56:00+02:00,Short,US,21,3,Auto-Close (profit),251.76,1.0,7,20003.75,19877.5,20049.75,46.0,0.2299568830844217,2.744565217391304,221.25,22.0,4.809782608695652,0.4782608695652174,0.7574597631391953,0.0037865888302902966,0.02811022172458657,True,False,True,0.0037865888302902966,-18.600526303423976,-6.371184334137457,-1.8373081985373227,-3.1171544952962322,-4.533876135600134,-20.76870057314924,2,3.0,1.0,3.0,1.0,19852.25,3.2934782608695654,MNQ_v4
single,MNQ,2025-05-02 01:52:00+02:00,2025-05-02 02:20:00+02:00,Short,Asia,1,4,Stop Loss,-127.48,2.0,4,19795.75,19827.25,19827.25,31.5,0.15912506472348864,-1.0,41.25,47.75,1.3095238095238095,1.5158730158730158,12.37497614712629,0.06251329778930473,0.0258027092047617,True,False,True,0.06251329778930473,-28.480311814768356,-12.02772260932246,-5.815477923456806,-24.961335008292973,-6.212244685865654,3.829925077716275,2,3.0,1.0,5.0,-1.0,19926.0,-4.134920634920635,MNQ_v4
single,MNQ,2025-05-02 17:51:00+02:00,2025-05-02 21:56:00+02:00,Long,US,17,4,Auto-Close (loss),-17.74,1.0,35,20194.0,20185.5,20122.75,71.25,0.35282757254630087,-0.11929824561403508,83.0,41.5,1.1649122807017545,0.5824561403508772,10.800199508674268,0.05348222000928131,0.00786443675071027,False,False,False,-0.05348222000928131,6.070465761371452,21.065298034431642,16.690542899153904,-0.7473754466052979,4.374755135277738,-18.311522939428762,0,4.0,-1.0,1.0,1.0,20218.0,0.3368421052631579,MNQ_v4
single,MNQ,2025-05-05 03:16:00+02:00,2025-05-05 04:54:00+02:00,Short,Asia,3,0,Canal Exit,156.52,2.0,14,20072.0,20032.5,20111.75,39.75,0.19803706656038264,0.9937106918238994,81.0,9.75,2.0377358490566038,0.24528301886792453,8.464564477661042,0.04217100676395497,0.019120929172574637,True,True,False,0.04217100676395497,-19.409945084917126,-16.664994821517478,-7.698412148618068,-16.959448679150814,-8.96658267289941,26.21421662083426,2,4.0,1.0,6.0,1.0,20072.5,-0.012578616352201259,MNQ_v4
single,MNQ,2025-05-05 05:22:00+02:00,2025-05-05 05:36:00+02:00,Short,Asia,5,0,Stop Loss,-143.22,3.0,2,20027.5,20051.0,20051.0,23.5,0.11733865934340283,-1.0,5.25,46.25,0.22340425531914893,1.9680851063829787,12.432916481389839,0.06207922347467152,0.011016613226155917,True,True,False,0.06207922347467152,-13.19583938629512,-3.411388483352711,0.9120847130183123,-14.60035458170151,-4.323473196371023,6.838376070223454,2,2.0,1.0,4.0,-1.0,20024.0,0.14893617021276595,MNQ_v4
single,MNQ,2025-05-05 09:55:00+02:00,2025-05-05 10:30:00+02:00,Long,UK,9,0,Stop Loss,-138.48,2.0,5,20071.5,20037.25,20037.25,34.25,0.17063996213536609,-1.0,6.25,49.0,0.18248175182481752,1.4306569343065694,6.856854892728734,0.03416214479599798,-0.018281389973850166,False,True,True,-0.03416214479599798,2.004710082663223,15.695907342577549,9.542977454631279,7.014816366380431,6.15292988794627,-2.203512608901445,0,2.0,-1.0,5.0,1.0,19996.75,-2.1824817518248176,MNQ_v4
single,MNQ,2025-05-05 13:39:00+02:00,2025-05-05 15:24:00+02:00,Short,UK,13,0,Stop Loss,-93.74,1.0,15,19982.0,20028.5,20028.5,46.5,0.2327094384946452,-1.0,15.75,50.25,0.3387096774193548,1.0806451612903225,2.4348661970871035,0.01218529775341359,0.007378050139420108,True,True,False,0.01218529775341359,-8.828575756491773,-13.408019733483172,-6.178588371394241,-9.31359481697613,-7.229431362088931,17.62897190368975,2,4.0,1.0,5.0,-1.0,20064.75,-1.7795698924731183,MNQ_v4
single,MNQ,2025-05-05 19:08:00+02:00,2025-05-05 19:29:00+02:00,Short,US,19,0,Stop Loss,-174.72,3.0,3,20117.25,20146.0,20146.0,28.75,0.14291217736022566,-1.0,11.25,35.0,0.391304347826087,1.2173913043478262,2.0098004049505107,0.00999043311064142,0.02237866731904211,True,False,True,0.00999043311064142,-2.0760953917306324,-4.643422121743802,2.7180552852534356,-1.2560973518788145,-7.3614774069972375,-4.892510543959893,1,3.0,1.0,5.0,-1.0,20156.0,-1.3478260869565217,MNQ_v4
single,MNQ,2025-05-06 01:38:00+02:00,2025-05-06 08:45:00+02:00,Short,Asia,1,1,Canal Exit,553.04,4.0,61,20023.5,19954.0,20042.75,19.25,0.09613703897919944,3.6103896103896105,110.25,8.0,5.7272727272727275,0.4155844155844156,3.5707193115667906,0.017832643202071518,-0.00019838843406584216,True,True,False,0.017832643202071518,-3.71908834943315,-0.4722985588340295,0.5736774537331062,-33.044101538202476,-1.0459760125671358,27.89964324338191,0,4.0,1.0,8.0,1.0,19919.0,5.428571428571429,MNQ_v4
single,MNQ,2025-05-06 09:13:00+02:00,2025-05-06 10:16:00+02:00,Short,UK,9,1,Canal Exit,385.52,2.0,9,19940.0,19843.25,19974.75,34.75,0.1742728184553661,2.7841726618705036,101.25,16.25,2.9136690647482015,0.4676258992805755,8.027853889238031,0.04026004959497508,0.011941026602525358,True,False,True,0.04026004959497508,-0.9860526097982074,-8.395092907936897,-0.23683587157561803,-4.801546898994911,-8.15825703636128,-32.98208249412191,0,4.0,1.0,2.0,1.0,19859.0,2.3309352517985613,MNQ_v4
single,MNQ,2025-05-06 15:03:00+02:00,2025-05-06 15:10:00+02:00,Long,UK,15,1,Stop Loss,-168.7,5.0,1,19817.75,19801.25,19801.25,16.5,0.08325869485688335,-1.0,28.0,19.5,1.696969696969697,1.1818181818181819,0.5499432698852615,0.0027750035694529477,-0.0239114113761475,True,True,False,0.0027750035694529477,2.5262736234908516,1.2954032801967903,-0.9260120192813693,-5.992322686774762,2.2214152994781595,-3.207743636509067,1,1.0,-1.0,3.0,1.0,19836.25,1.121212121212121,MNQ_v4
single,MNQ,2025-05-06 15:52:00+02:00,2025-05-06 16:06:00+02:00,Short,US,15,1,Canal Exit,-129.24,1.0,2,19771.25,19835.5,19864.5,93.25,0.47164443320477967,-0.6890080428954424,33.0,74.25,0.353887399463807,0.7962466487935657,0.36434244267002214,0.0018427891138396515,-0.007328055933057629,True,False,True,0.0018427891138396515,-2.4766597876223386,-5.924670727008281,-5.747484552390018,-6.197712129462758,-0.1771861746182628,-2.396074686661217,0,2.0,1.0,6.0,-1.0,19899.75,-1.3780160857908847,MNQ_v4
single,MNQ,2025-05-07 01:10:00+02:00,2025-05-07 02:27:00+02:00,Short,Asia,1,2,Stop Loss,-120.74,1.0,11,20038.0,20098.0,20098.0,60.0,0.29943108094620224,-1.0,33.0,65.0,0.55,1.0833333333333333,10.568253476412792,0.05274105936926237,0.11694684542259133,True,False,True,0.05274105936926237,-73.95678731595399,-2.9652315925144577,0.7766641486404977,-2.460138938407797,-3.7418957411549556,-2.0893238554492424,3,4.0,1.0,5.0,-1.0,20085.0,-0.7833333333333333,MNQ_v4
single,MNQ,2025-05-07 02:48:00+02:00,2025-05-07 03:44:00+02:00,Long,Asia,2,2,Canal Exit,-80.24,1.0,8,20092.25,20052.5,20005.0,87.25,0.4342470355485324,-0.45558739255014324,14.75,59.25,0.16905444126074498,0.6790830945558739,2.6047898321630782,0.012964152009670783,-0.012362655180994997,True,False,True,0.012964152009670783,12.225397980844718,35.9134479274592,30.650963514695338,16.270525402234227,5.262484412763865,-39.428574337432984,1,2.0,-1.0,3.0,-1.0,20021.25,-0.8137535816618912,MNQ_v4
single,MNQ,2025-05-07 07:00:00+02:00,2025-05-07 07:21:00+02:00,Short,Asia,7,2,Canal Exit,26.52,2.0,3,19991.25,19984.25,20035.5,44.25,0.22134683924216847,0.15819209039548024,7.75,24.25,0.1751412429378531,0.5480225988700564,1.875371823880414,0.009380963290841813,0.01055891663193044,False,False,False,-0.009380963290841813,-3.211948001473502,-33.46492541588888,-29.78178556685207,-12.116653369130182,-3.6831398490368095,-26.52623142899231,0,1.0,1.0,1.0,1.0,20008.75,-0.3954802259887006,MNQ_v4
single,MNQ,2025-05-07 08:59:00+02:00,2025-05-07 09:34:00+02:00,Long,UK,8,2,Canal Exit,45.52,2.0,5,19986.25,19998.0,19952.5,33.75,0.16886609544061543,0.34814814814814815,28.75,13.0,0.8518518518518519,0.3851851851851852,0.9527728254688554,0.004767141537151068,-0.022397855474539402,False,True,True,-0.004767141537151068,6.602493252044951,4.986551493018474,-3.8333284533285075,-9.65968840490142,8.819879946346981,32.76046334371751,2,5.0,-1.0,2.0,1.0,20018.0,0.9407407407407408,MNQ_v4
single,MNQ,2025-05-07 13:39:00+02:00,2025-05-07 14:35:00+02:00,Short,UK,13,2,Canal Exit,231.52,2.0,8,19992.25,19934.0,20030.25,38.0,0.19007365354074704,1.5328947368421053,83.5,10.0,2.1973684210526314,0.2631578947368421,6.887997449135582,0.034453337914119635,0.020917691342068813,True,False,True,0.034453337914119635,-4.515574569686578,-1.3648146951026168,7.115621806860794,-0.060648334844385,-8.48043650196341,-36.51413367967504,0,8.0,1.0,4.0,-1.0,19885.75,2.8026315789473686,MNQ_v4
single,MNQ,2025-05-07 17:51:00+02:00,2025-05-07 18:40:00+02:00,Long,US,17,2,Canal Exit,19.26,1.0,7,19854.0,19864.0,19784.75,69.25,0.3487962123501561,0.1444043321299639,20.75,58.5,0.2996389891696751,0.8447653429602888,24.215497654549836,0.1219678536040588,-0.09130585063051812,False,True,True,-0.1219678536040588,16.969614646139235,1.2323929540472875,-6.3116184024388655,-2.79020577165238,7.544011356486153,13.211878427374637,0,4.0,-1.0,5.0,-1.0,19886.25,0.4657039711191336,MNQ_v4
single,MNQ,2025-05-07 19:36:00+02:00,2025-05-07 21:14:00+02:00,Short,US,19,2,Canal Exit,27.76,1.0,14,19871.0,19856.75,19925.5,54.5,0.2742690352775401,0.26146788990825687,192.5,32.75,3.532110091743119,0.6009174311926605,19.196662247290078,0.09660642266262431,0.06065118585232592,True,True,False,0.09660642266262431,-44.015588715185004,-2.5686734528276576,6.510243047872201,-12.19772996174433,-9.078916500699858,27.725005396147875,3,5.0,1.0,4.0,1.0,19942.5,-1.311926605504587,MNQ_v4
single,MNQ,2025-05-08 20:25:00+02:00,2025-05-08 21:42:00+02:00,Long,US,20,3,Stop Loss,-99.24,1.0,11,20283.75,20234.5,20234.5,49.25,0.24280520120786345,-1.0,47.5,61.5,0.9644670050761421,1.248730964467005,19.8489583722112,0.0978564534280456,-0.04285093650454611,False,False,False,-0.0978564534280456,1.811735077873891,2.2499609124873796,-5.175507364116291,16.91170245287996,7.425468276603671,-11.21585069389191,0,4.0,-1.0,5.0,1.0,20150.0,-2.715736040609137,MNQ_v4
single,MNQ,2025-05-09 01:31:00+02:00,2025-05-09 04:12:00+02:00,Short,Asia,1,4,Stop Loss,-104.74,1.0,23,20130.5,20182.5,20182.5,52.0,0.2583144979011947,-1.0,50.0,54.5,0.9615384615384616,1.0480769230769231,6.862452124689298,0.03408982451846351,0.011729816424145683,True,True,False,0.03408982451846351,-0.6931694571576372,-8.544773840200278,-0.7494285266784573,-31.70146181190475,-7.795345313521821,39.24282259280649,0,4.0,1.0,5.0,-1.0,20171.25,-0.7836538461538461,MNQ_v4
single,MNQ,2025-05-09 10:09:00+02:00,2025-05-09 10:30:00+02:00,Short,UK,10,4,Canal Exit,-22.24,1.0,3,20179.5,20190.25,20232.25,52.75,0.2614038999975222,-0.2037914691943128,11.0,19.5,0.20853080568720378,0.3696682464454976,5.1063063756300835,0.02530442466676619,0.017312485908887804,True,False,True,0.02530442466676619,-0.6796784242687863,-6.191443374847935,3.7641500366054643,-1.447881288491433,-9.9555934114534,-28.160139889535376,0,3.0,1.0,2.0,-1.0,20171.25,0.15639810426540285,MNQ_v4
single,MNQ,2025-05-09 15:59:00+02:00,2025-05-09 16:48:00+02:00,Short,US,15,4,Canal Exit,518.52,2.0,7,20247.0,20117.0,20279.75,32.75,0.1617523583740801,3.969465648854962,189.5,28.0,5.786259541984733,0.8549618320610687,1.46222328501608,0.0072219256433846,0.01876084148423172,False,False,False,-0.0072219256433846,-8.931730744261586,-1.0581371228866085,0.3689983072519216,-8.285917336475897,-1.4271354301385302,-40.53038211636666,3,7.0,1.0,6.0,-1.0,20135.25,3.4122137404580153,MNQ_v4
single,MNQ,2025-05-12 02:48:00+02:00,2025-05-12 08:52:00+02:00,Long,Asia,2,0,Canal Exit,124.76,1.0,52,20498.0,20560.75,20448.0,50.0,0.2439262367060201,1.255,95.5,9.5,1.91,0.19,12.399494414130459,0.06049124018992321,-0.005096318151221355,False,True,True,-0.06049124018992321,8.62488122188006,36.25760997915562,32.3158960401164,14.305200428811736,3.941713939039218,23.189477965946168,0,3.0,-1.0,1.0,1.0,20765.0,5.34,MNQ_v4
single,MNQ,2025-05-12 12:01:00+02:00,2025-05-12 15:31:00+02:00,Long,UK,12,0,Stop Loss,-236.74,1.0,30,20919.25,20801.25,20801.25,118.0,0.5640737598145249,-1.0,72.25,137.25,0.6122881355932204,1.1631355932203389,9.10377176869224,0.04351863364457254,0.02137630002657292,False,False,False,-0.04351863364457254,20.429856297167134,16.31088346427112,14.005665179947055,23.108495064838934,2.3052182843240665,-28.444530149398943,3,2.0,-1.0,4.0,1.0,20809.75,-0.9279661016949152,MNQ_v4
single,MNQ,2025-05-13 00:14:00+02:00,2025-05-13 01:24:00+02:00,Short,Asia,0,1,Stop Loss,-153.72,3.0,10,20938.25,20963.5,20963.5,25.25,0.1205926951870381,-1.0,24.75,28.5,0.9801980198019802,1.1287128712871286,4.845648949405586,0.023142568979764716,0.02592642166527874,False,True,True,-0.023142568979764716,-2.3230370263481745,-4.548569799142418,0.8551144453655026,-3.4622227945973485,-5.40368424450792,40.12334521077343,0,5.0,1.0,1.0,-1.0,20929.5,0.3465346534653465,MNQ_v4
single,MNQ,2025-05-13 04:33:00+02:00,2025-05-13 04:54:00+02:00,Short,Asia,4,1,Canal Exit,-52.48,2.0,3,20859.75,20872.5,20894.25,34.5,0.1653902851184698,-0.3695652173913043,10.5,15.5,0.30434782608695654,0.4492753623188406,0.06401929628191283,0.0003069034685550538,0.004445252771777674,True,False,True,0.0003069034685550538,-0.5438562865056156,-21.68398301336212,-17.4555087376367,-21.178047107794114,-4.2284742757254214,-24.590719426415827,0,3.0,1.0,3.0,-1.0,20855.0,0.13768115942028986,MNQ_v4
single,MNQ,2025-05-13 10:23:00+02:00,2025-05-13 10:44:00+02:00,Long,UK,10,1,Canal Exit,-131.22,3.0,3,20852.75,20831.25,20825.25,27.5,0.1318770905516059,-0.7818181818181819,25.0,25.75,0.9090909090909091,0.9363636363636364,2.15663463560486,0.01034220731368697,-0.008842043445719408,False,True,True,-0.01034220731368697,0.6840855751361232,1.3932122967797176,-2.5921124075648767,-1.6287905560000386,3.9853247043445945,11.065691888622425,0,3.0,-1.0,5.0,1.0,20854.5,0.06363636363636363,MNQ_v4
single,MNQ,2025-05-13 18:26:00+02:00,2025-05-13 21:56:00+02:00,Long,US,18,1,Auto-Close (loss),-63.24,1.0,30,21301.75,21270.5,21230.75,71.0,0.3333059490417454,-0.44014084507042256,45.25,53.75,0.6373239436619719,0.7570422535211268,21.118429853522684,0.09913941274084376,0.010652203684088247,False,False,False,-0.09913941274084376,3.073510228394298,1.739193617278171,-3.8634942195301085,29.58617819512226,5.602687836808279,-25.762396325978916,0,4.0,-1.0,4.0,1.0,21260.75,-0.5774647887323944,MNQ_v4
single,MNQ,2025-05-14 02:13:00+02:00,2025-05-14 03:58:00+02:00,Short,Asia,2,2,Canal Exit,25.52,2.0,15,21271.5,21264.75,21302.25,30.75,0.14455962202947606,0.21951219512195122,25.5,12.75,0.8292682926829268,0.4146341463414634,4.764875945103995,0.02240028180948215,0.019506467882440568,True,True,False,0.02240028180948215,-18.191938197054697,-2.994744745524043,6.596429369207635,0.5870745361970032,-9.591174114731677,26.752103552000424,3,4.0,1.0,3.0,1.0,21288.0,-0.5365853658536586,MNQ_v4
single,MNQ,2025-05-14 08:45:00+02:00,2025-05-14 09:20:00+02:00,Long,Asia,8,2,Stop Loss,-176.68,7.0,5,21317.25,21305.0,21305.0,12.25,0.057465198372210306,-1.0,38.25,23.75,3.122448979591837,1.9387755102040816,2.256104889049311,0.010583470612059769,-0.0018045759972212675,False,True,True,-0.010583470612059769,0.9466142414057686,2.5802936619214694,-0.943115037991505,16.44040432799205,3.5234086999129746,14.638135210635648,0,5.0,-1.0,5.0,1.0,21304.25,-1.0612244897959184,MNQ_v4
single,MNQ,2025-05-14 15:31:00+02:00,2025-05-14 15:45:00+02:00,Long,US,15,2,Stop Loss,-154.24,1.0,2,21387.75,21311.0,21311.0,76.75,0.35885027644329115,-1.0,17.0,110.75,0.22149837133550487,1.4429967426710097,4.675666584596911,0.021861423406374727,-0.027419416133833592,False,True,True,-0.021861423406374727,12.2017594403369,16.06443032871365,7.9537240754454634,3.029006564138445,8.110706253268187,15.982154657805253,0,2.0,-1.0,5.0,1.0,21347.0,-0.5309446254071661,MNQ_v4
single,MNQ,2025-05-14 19:50:00+02:00,2025-05-14 21:49:00+02:00,Long,US,19,2,Canal Exit,69.26,1.0,17,21361.5,21396.5,21281.25,80.25,0.3756758654588863,0.43613707165109034,39.75,30.25,0.4953271028037383,0.37694704049844235,17.228127189075167,0.08065036251702909,-0.04827506376469377,False,False,False,-0.08065036251702909,21.010498982232093,11.853802608453135,3.46375663002733,3.679841779745748,8.390045978425805,-7.729975528192671,1,3.0,-1.0,5.0,-1.0,21399.0,0.4672897196261682,MNQ_v4
single,MNQ,2025-05-15 00:56:00+02:00,2025-05-15 01:17:00+02:00,Long,Asia,0,3,Stop Loss,-183.6,15.0,3,21369.75,21364.0,21364.0,5.75,0.026907193579709634,-1.0,12.5,11.75,2.1739130434782608,2.0434782608695654,9.471773923927685,0.04432327904597707,-0.019353210513638093,False,False,False,-0.04432327904597707,1.5932230621037888,5.27790465617085,4.851051429287185,6.953150592751164,0.4268532268836642,-18.355634474801608,0,1.0,-1.0,3.0,1.0,21365.0,-0.8260869565217391,MNQ_v4
single,MNQ,2025-05-15 04:26:00+02:00,2025-05-15 05:01:00+02:00,Long,Asia,4,3,Canal Exit,241.3,5.0,5,21380.75,21405.25,21365.0,15.75,0.0736643943734434,1.5555555555555556,31.75,12.0,2.015873015873016,0.7619047619047619,1.367696218934725,0.006396858009820634,-0.0059424019671883935,False,True,True,-0.006396858009820634,2.6153762072535756,5.005608031931411,0.5334967349363156,9.559972963385599,4.472111296995095,48.181942351642036,1,5.0,-1.0,8.0,1.0,21384.0,0.20634920634920634,MNQ_v4
single,MNQ,2025-05-15 06:53:00+02:00,2025-05-15 07:07:00+02:00,Long,Asia,6,3,Stop Loss,-173.18,7.0,2,21384.25,21372.25,21372.25,12.0,0.056116066731356024,-1.0,4.75,16.25,0.3958333333333333,1.3541666666666667,0.5823327823236468,0.0027231854393941655,-0.008831057379132118,False,True,True,-0.0027231854393941655,7.5449963393875805,7.6122201248366705,1.8219561991562498,3.8365496301373567,5.790263925680421,13.267089390114824,3,2.0,-1.0,6.0,1.0,21325.0,-4.9375,MNQ_v4
single,MNQ,2025-05-15 07:28:00+02:00,2025-05-15 09:55:00+02:00,Short,Asia,7,3,Canal Exit,111.76,1.0,21,21337.75,21281.5,21389.0,51.25,0.24018464927183045,1.0975609756097562,72.75,30.75,1.4195121951219511,0.6,2.9521927791211056,0.013835539263142111,0.004664179560788996,False,False,False,-0.013835539263142111,-1.6631624955116422,-30.93082375131387,-20.596574183272534,-1.235453019619244,-10.334249568041336,-40.33503837059271,0,3.0,1.0,5.0,-1.0,21250.75,1.697560975609756,MNQ_v4
single,MNQ,2025-05-15 16:55:00+02:00,2025-05-15 17:30:00+02:00,Long,US,16,3,Canal Exit,120.76,1.0,5,21335.75,21396.5,21248.25,87.5,0.4101097922500967,0.6942857142857143,87.25,20.5,0.9971428571428571,0.2342857142857143,3.2549907459688256,0.015256040898345855,-0.0029969913543361646,False,True,True,-0.015256040898345855,4.086816588995134,9.530089139542325,4.865338811515841,-2.243139188809964,4.664750328026484,41.82921000936341,0,5.0,-1.0,9.0,1.0,21465.25,1.48,MNQ_v4
single,MNQ,2025-05-16 08:10:00+02:00,2025-05-16 08:24:00+02:00,Long,Asia,8,4,Stop Loss,-178.96,4.0,2,21405.5,21383.5,21383.5,22.0,0.10277732358505991,-1.0,4.0,25.75,0.18181818181818182,1.1704545454545454,1.6588448005131795,0.007749619492715328,-0.012091615278815035,False,True,True,-0.007749619492715328,10.948909601858759,6.948085231875306,-0.5059401310688636,-3.4452671818474627,7.45402536294417,16.306873867329177,3,2.0,-1.0,5.0,1.0,21381.25,-1.1022727272727273,MNQ_v4
single,MNQ,2025-05-16 12:29:00+02:00,2025-05-16 14:28:00+02:00,Long,UK,12,4,Canal Exit,141.04,4.0,17,21452.0,21470.0,21430.75,21.25,0.0990583628566101,0.8470588235294118,49.25,4.5,2.3176470588235296,0.21176470588235294,5.909843116722186,0.027549147476795575,-0.01569674143513424,False,True,True,-0.027549147476795575,10.417686924301961,3.155185515083959,-3.563495588222377,14.704618343948828,6.718681103306336,24.466291911499624,1,4.0,-1.0,5.0,1.0,21457.75,0.27058823529411763,MNQ_v4
single,MNQ,2025-05-16 15:24:00+02:00,2025-05-16 15:31:00+02:00,Long,US,15,4,Stop Loss,-185.92,8.0,1,21435.25,21424.0,21424.0,11.25,0.05248364259805694,-1.0,69.25,27.0,6.155555555555556,2.4,12.5506054693833,0.058551243719496146,-0.0232676773486166,False,False,False,-0.058551243719496146,7.350526677590096,3.255811072738215,-0.3703787927040967,5.324884258486237,3.6261898654423117,-1.4385241880967765,2,1.0,-1.0,5.0,1.0,21417.0,-1.6222222222222222,MNQ_v4
single,MNQ,2025-05-16 18:54:00+02:00,2025-05-16 19:15:00+02:00,Short,US,18,4,Stop Loss,-168.72,3.0,3,21423.75,21451.5,21451.5,27.75,0.12952914405741292,-1.0,4.75,42.25,0.17117117117117117,1.5225225225225225,3.301889408037823,0.015412285001635209,0.02470493507067113,True,False,True,0.015412285001635209,-25.612480589225015,-1.2685945597177712,4.565924068492011,4.038339207773153,-5.834518628209782,9.038934934724665,3,2.0,1.0,4.0,-1.0,21451.25,-0.990990990990991,MNQ_v4
single,MNQ,2025-05-19 02:13:00+02:00,2025-05-19 02:41:00+02:00,Short,Asia,2,0,Canal Exit,107.76,1.0,4,21334.0,21279.75,21417.5,83.5,0.39139401893690823,0.6497005988023952,70.0,2.5,0.8383233532934131,0.029940119760479042,11.390179357491434,0.05338979730707525,0.043785980291246925,True,False,True,0.05338979730707525,-3.7523158164767665,-29.678012341105447,-20.602086229378823,-4.52607850361742,-9.075926111726623,-47.80728027652378,0,4.0,1.0,8.0,-1.0,21275.25,0.7035928143712575,MNQ_v4
single,MNQ,2025-05-19 03:23:00+02:00,2025-05-19 04:05:00+02:00,Long,Asia,3,0,Stop Loss,-149.48,2.0,6,21301.0,21264.0,21264.0,37.0,0.17370076522229003,-1.0,8.25,43.0,0.22297297297297297,1.162162162162162,3.9191063788020983,0.01839869667528331,-0.04936752077826365,False,True,True,-0.01839869667528331,11.01344562946906,4.958555283058323,0.060829696286857526,-6.252033696005743,4.8977255867714655,-28.30985589481662,1,2.0,-1.0,1.0,1.0,21277.75,-0.6283783783783784,MNQ_v4
single,MNQ,2025-05-19 07:14:00+02:00,2025-05-19 07:42:00+02:00,Short,Asia,7,0,Stop Loss,-163.44,6.0,4,21226.0,21239.25,21239.25,13.25,0.062423442947328746,-1.0,13.0,15.5,0.9811320754716981,1.169811320754717,11.816792820689443,0.0556713126386952,0.008925463494963893,True,True,False,0.0556713126386952,-11.953039080875897,-1.2789679940453669,2.758622268485947,-20.889150212744127,-4.037590262531314,17.14676619973401,3,3.0,1.0,5.0,-1.0,21254.25,-2.1320754716981134,MNQ_v4
single,MNQ,2025-05-19 09:48:00+02:00,2025-05-19 09:55:00+02:00,Long,UK,9,0,Canal Exit,-43.74,1.0,1,21210.5,21189.0,21162.0,48.5,0.22866033332547558,-0.44329896907216493,16.25,40.75,0.33505154639175255,0.8402061855670103,1.1516901066934224,0.005429811209982897,-0.028489572741086034,False,True,True,-0.005429811209982897,1.2668283900857205,22.02741349571975,19.80243035533769,-8.944450060983042,2.224983140382058,16.47727360953547,0,1.0,-1.0,7.0,1.0,21138.25,-1.4896907216494846,MNQ_v4
single,MNQ,2025-05-19 10:16:00+02:00,2025-05-19 10:44:00+02:00,Short,UK,10,0,Canal Exit,36.76,1.0,4,21157.0,21138.25,21226.75,69.75,0.3296781207165477,0.26881720430107525,44.75,12.75,0.6415770609318996,0.1827956989247312,0.9057632402837044,0.004281151582377957,-0.002712544624839903,False,False,False,-0.004281151582377957,-4.3421747172033065,-26.758031802521778,-20.485492716153455,-11.605789252961907,-6.272539086368322,-39.82744893821094,2,4.0,1.0,9.0,-1.0,21153.25,0.053763440860215055,MNQ_v4
single,MNQ,2025-05-19 12:08:00+02:00,2025-05-19 12:36:00+02:00,Short,UK,12,0,Stop Loss,-142.48,2.0,4,21144.75,21180.0,21180.0,35.25,0.16670804809704537,-1.0,14.25,45.75,0.40425531914893614,1.297872340425532,14.811811957595637,0.07004959603492894,0.02479656794547748,True,True,False,0.07004959603492894,-2.623159893020784,-14.714229757487379,-6.950188884992171,-17.65354889017058,-7.764040872495208,14.31296827598464,0,2.0,1.0,4.0,-1.0,21191.0,-1.3120567375886525,MNQ_v4
single,MNQ,2025-05-19 18:19:00+02:00,2025-05-19 21:56:00+02:00,Long,US,18,0,Auto-Close (profit),134.26,1.0,31,21455.5,21523.0,21380.0,75.5,0.3518911234881499,0.8940397350993378,90.0,22.75,1.1920529801324504,0.30132450331125826,2.8749096951651154,0.013399406656405656,0.010273971258931813,False,True,True,-0.013399406656405656,7.380037048969825,9.472931854187783,8.95549101683515,21.866706433364442,0.5174408373526322,11.812589407258901,0,3.0,-1.0,2.0,-1.0,21483.0,0.36423841059602646,MNQ_v4
single,MNQ,2025-05-20 01:17:00+02:00,2025-05-20 01:45:00+02:00,Long,Asia,1,1,Canal Exit,138.78,3.0,4,21524.5,21548.0,21497.25,27.25,0.12659992102023276,0.8623853211009175,36.5,8.75,1.3394495412844036,0.3211009174311927,4.048739023193775,0.01880990974560977,-0.009638137881758033,False,True,True,-0.01880990974560977,7.769743423370528,8.62274361083944,1.64992573851685,24.70347370950682,6.972817872322589,41.08372510124265,2,4.0,-1.0,7.0,1.0,21552.5,1.0275229357798166,MNQ_v4
single,MNQ,2025-05-20 08:59:00+02:00,2025-05-20 09:34:00+02:00,Long,UK,8,1,Canal Exit,306.3,5.0,5,21411.5,21442.5,21393.5,18.0,0.08406697335543983,1.7222222222222223,68.0,3.25,3.7777777777777777,0.18055555555555555,1.9011012277478585,0.008878879236615176,-0.028390020200648403,False,True,True,-0.008878879236615176,1.5735071707131283,19.431707499291708,17.789315926215696,-6.458690944639116,1.6423915730760115,31.717732133287722,0,5.0,-1.0,6.0,1.0,21446.75,1.9583333333333333,MNQ_v4
single,MNQ,2025-05-20 09:55:00+02:00,2025-05-20 12:36:00+02:00,Short,UK,9,1,Canal Exit,86.28,3.0,23,21455.5,21440.75,21479.5,24.0,0.11185942998298805,0.6145833333333334,43.5,5.75,1.8125,0.23958333333333334,12.694301878625993,0.059165723840628244,0.023699341374799864,True,True,False,0.059165723840628244,-6.612212558859028,-3.328841620122132,0.13347201044000245,-1.2762052699315756,-3.4623136305621345,23.28475969378121,2,3.0,1.0,3.0,1.0,21469.75,-0.59375,MNQ_v4
single,MNQ,2025-05-20 17:37:00+02:00,2025-05-20 18:33:00+02:00,Short,US,17,1,Stop Loss,-92.74,1.0,8,21405.25,21451.25,21451.25,46.0,0.21490055009869077,-1.0,15.25,58.75,0.33152173913043476,1.2771739130434783,1.5263557209837018,0.007130754001862636,0.00945309772439937,True,True,False,0.007130754001862636,-2.245923230300832,-5.603998411643521,-4.9088603865903035,-13.621424323516697,-0.6951380250532173,16.117034452039544,0,1.0,1.0,5.0,-1.0,21468.5,-1.375,MNQ_v4
single,MNQ,2025-05-21 00:56:00+02:00,2025-05-21 01:24:00+02:00,Long,Asia,0,2,Canal Exit,-1.24,1.0,4,21415.75,21415.5,21342.75,73.0,0.34087062092151804,-0.003424657534246575,10.0,20.5,0.136986301369863,0.2808219178082192,6.061457457173674,0.028303736535837752,-0.033738397341210424,False,True,True,-0.028303736535837752,0.4331846704844793,24.377742666094818,18.86769718669361,12.264404043888705,5.510045479401207,38.757169029211916,0,4.0,-1.0,4.0,1.0,21422.5,0.09246575342465753,MNQ_v4
single,MNQ,2025-05-21 07:42:00+02:00,2025-05-21 08:17:00+02:00,Short,Asia,7,2,Canal Exit,74.52,2.0,5,21343.75,21324.75,21384.5,40.75,0.19092240117130307,0.4662576687116564,40.25,13.75,0.9877300613496932,0.3374233128834356,8.151560514270386,0.038191791574912495,0.011736802298597459,True,False,True,0.038191791574912495,-4.740526616191346,-2.136759687854447,9.90118990403844,-6.773795308805988,-12.037949591892886,-44.15186492550284,0,5.0,1.0,11.0,-1.0,21311.5,0.7914110429447853,MNQ_v4
single,MNQ,2025-05-21 10:30:00+02:00,2025-05-21 12:08:00+02:00,Short,UK,10,2,Canal Exit,62.26,1.0,14,21295.0,21263.5,21348.75,53.75,0.2524066682319793,0.586046511627907,49.5,41.0,0.9209302325581395,0.7627906976744186,4.60286219225236,0.021614755540043953,0.021904869303191587,True,False,True,0.021614755540043953,-21.766842674325744,-11.091745580297173,-2.0406803954712167,-17.724245882070292,-9.051065184825957,-36.74819013602037,3,3.0,1.0,1.0,-1.0,21250.5,0.827906976744186,MNQ_v4
single,MNQ,2025-05-21 15:38:00+02:00,2025-05-21 16:06:00+02:00,Long,US,15,2,Canal Exit,35.26,1.0,4,21363.5,21381.5,21261.0,102.5,0.47979029653380767,0.17560975609756097,77.0,42.25,0.751219512195122,0.4121951219512195,0.9626926492492203,0.004506249674675124,-0.028981994178539774,False,True,True,-0.004506249674675124,14.002512169783586,9.632412314873044,-0.1476787332748879,9.559693440362665,9.78009104814793,39.489578669162,1,4.0,-1.0,6.0,1.0,21409.75,0.45121951219512196,MNQ_v4
single,MNQ,2025-05-22 08:17:00+02:00,2025-05-22 08:45:00+02:00,Short,Asia,8,3,Stop Loss,-181.2,5.0,4,21184.75,21202.5,21202.5,17.75,0.08378668617755697,-1.0,20.75,20.75,1.1690140845070423,1.1690140845070423,2.0933759951149113,0.009881523242497133,0.020321903043555998,True,False,True,0.009881523242497133,-11.561594029109983,-10.580690553977682,-5.033450653891172,-1.3316803661504295,-5.5472399000865105,4.92867761995903,2,3.0,1.0,4.0,-1.0,21182.25,0.14084507042253522,MNQ_v4
single,MNQ,2025-05-22 10:09:00+02:00,2025-05-22 10:30:00+02:00,Long,UK,10,3,Canal Exit,-17.22,3.0,3,21200.75,21198.25,21171.75,29.0,0.13678761364574366,-0.08620689655172414,20.75,15.0,0.7155172413793104,0.5172413793103449,2.2087231479017646,0.010418136848468873,-0.005969688638010332,False,True,True,-0.010418136848468873,2.359037311463908,6.16134401429667,2.078024475817416,3.2527270330773916,4.083319538479254,25.732431079009384,1,3.0,-1.0,8.0,1.0,21205.0,0.14655172413793102,MNQ_v4
single,MNQ,2025-05-22 11:54:00+02:00,2025-05-22 12:01:00+02:00,Long,UK,11,3,Stop Loss,-181.2,5.0,1,21197.5,21179.75,21179.75,17.75,0.08373628965679915,-1.0,10.0,23.0,0.5633802816901409,1.295774647887324,2.8878138353757095,0.01362336990388352,-0.006805263171819185,False,False,False,-0.01362336990388352,4.106936263597163,6.958323435521087,6.929019250586377,6.513165661637349,0.029304184934709987,-4.550266933337631,3,1.0,-1.0,2.0,1.0,21204.5,0.39436619718309857,MNQ_v4
single,MNQ,2025-05-22 13:32:00+02:00,2025-05-22 14:14:00+02:00,Short,UK,13,3,Canal Exit,200.26,1.0,6,21164.5,21064.0,21243.75,79.25,0.3744477781190201,1.2681388012618298,125.25,30.25,1.5804416403785488,0.38170347003154576,0.5455366562018753,0.0025776023822999612,0.012246081621697593,False,False,False,-0.0025776023822999612,-4.211709346269345,-21.07913307597103,-14.590332726170196,-2.8298838090215583,-6.488800349800833,-44.20466409241886,0,6.0,1.0,8.0,-1.0,21185.0,-0.2586750788643533,MNQ_v4
single,MNQ,2025-05-22 18:47:00+02:00,2025-05-22 19:15:00+02:00,Short,US,18,3,Canal Exit,-13.24,1.0,4,21234.25,21240.5,21324.75,90.5,0.4261982410492483,-0.06906077348066299,37.75,13.75,0.4171270718232044,0.15193370165745856,0.17203820838039974,0.0008101920641435404,0.038316080175270634,True,False,True,0.0008101920641435404,-14.723031957371859,-31.536375476054097,-24.1991076106791,3.7309596129562954,-7.337267865374997,-35.149235462195676,3,4.0,1.0,6.0,-1.0,21290.25,-0.6187845303867403,MNQ_v4
single,MNQ,2025-05-22 21:00:00+02:00,2025-05-22 21:28:00+02:00,Long,US,21,3,Canal Exit,-38.74,1.0,4,21322.0,21303.0,21196.5,125.5,0.5885939405309071,-0.15139442231075698,15.75,28.25,0.1254980079681275,0.2250996015936255,0.8723002893020748,0.004091080992880944,0.019695314201715556,False,True,True,-0.004091080992880944,0.4452692188206129,12.016493523426401,9.179772643461973,3.666531679289952,2.836720879964428,19.20067670430528,0,4.0,-1.0,6.0,1.0,21184.0,-1.099601593625498,MNQ_v4
single,MNQ,2025-05-23 11:54:00+02:00,2025-05-23 13:18:00+02:00,Long,UK,11,4,Stop Loss,-125.74,1.0,12,21181.5,21119.0,21119.0,62.5,0.29506881004650287,-1.0,9.25,129.25,0.148,2.068,11.928525728930254,0.05631577427911269,-0.034493297636407176,False,False,False,-0.05631577427911269,9.233521539583307,9.786153766035094,2.9000101659305733,4.245544481655538,6.88614360010452,11.164707731850575,1,3.0,-1.0,8.0,1.0,20771.5,-6.56,MNQ_v4
single,MNQ,2025-05-26 15:31:00+02:00,2025-05-26 16:27:00+02:00,Long,US,15,0,Stop Loss,-93.24,1.0,8,21296.25,21250.0,21250.0,46.25,0.2171743851617069,-1.0,11.5,56.0,0.24864864864864866,1.2108108108108109,2.6597819203525432,0.012489437907390002,-0.006045624908138171,False,False,False,-0.012489437907390002,6.364206924245082,6.6687680399993425,2.250627659461734,8.158939484459333,4.418140380537609,-27.08682067153873,3,3.0,-1.0,3.0,1.0,21243.5,-1.1405405405405404,MNQ_v4
single,MNQ,2025-05-27 03:16:00+02:00,2025-05-27 03:44:00+02:00,Short,Asia,3,1,Canal Exit,23.26,1.0,4,21190.0,21178.0,21242.5,52.5,0.24775837659273245,0.22857142857142856,15.5,12.25,0.29523809523809524,0.23333333333333334,0.6327659101734753,0.0029861534222438662,0.003169484539381467,True,False,True,0.0029861534222438662,-1.5316406085839844,-14.489207094541577,-6.536127728103993,-12.897752660312515,-7.953079366437584,-38.83894782005352,0,4.0,1.0,3.0,-1.0,21169.0,0.4,MNQ_v4
single,MNQ,2025-05-27 05:22:00+02:00,2025-05-27 07:21:00+02:00,Short,Asia,5,1,Stop Loss,-166.96,4.0,17,21168.5,21189.0,21189.0,20.5,0.09684200581052035,-1.0,26.5,23.25,1.2926829268292683,1.1341463414634145,7.983048082700407,0.03771192140539201,0.0051711122596121645,True,True,False,0.03771192140539201,-1.4310883845573699,-11.229494220422604,-3.712849011970772,-18.92448944824356,-7.516645208451831,26.42175632729263,0,3.0,1.0,5.0,-1.0,21208.25,-1.9390243902439024,MNQ_v4
single,MNQ,2025-05-28 02:06:00+02:00,2025-05-28 06:11:00+02:00,Short,Asia,2,2,Canal Exit,104.28,3.0,35,21459.75,21442.0,21484.75,25.0,0.1164971632940738,0.71,21.25,24.25,0.85,0.97,0.9436682231607847,0.004397386843559616,0.008503957671112021,False,False,False,-0.004397386843559616,-0.7535232720074418,-20.842966371451542,-14.55574049924777,5.753896509213695,-6.287225872203772,-40.64522626783163,0,3.0,1.0,6.0,-1.0,21438.75,0.84,MNQ_v4
single,MNQ,2025-05-28 08:03:00+02:00,2025-05-28 10:51:00+02:00,Short,Asia,8,2,Canal Exit,397.32,7.0,24,21450.0,21421.25,21462.75,12.75,0.05944055944055944,2.2549019607843137,33.25,12.25,2.607843137254902,0.9607843137254902,5.26222067719209,0.024532497329566857,0.01002854272288133,True,False,True,0.024532497329566857,-0.9819288367543777,-2.8207096969298715,0.4412843034621001,-9.937474200983798,-3.2619940003919714,-2.7235910255259816,0,2.0,1.0,5.0,1.0,21418.0,2.5098039215686274,MNQ_v4
single,MNQ,2025-05-28 15:38:00+02:00,2025-05-28 15:45:00+02:00,Long,US,15,2,Stop Loss,-115.24,1.0,1,21541.75,21484.5,21484.5,57.25,0.2657629951141388,-1.0,23.0,74.25,0.4017467248908297,1.296943231441048,5.103224184800638,0.02368992391426248,-0.008311894960172511,False,False,False,-0.02368992391426248,9.444400000884343,3.1981969379977913,-4.36739030327443,21.680539792450748,7.565587241272221,5.6561624992581185,1,2.0,-1.0,1.0,-1.0,21478.25,-1.1091703056768558,MNQ_v4
single,MNQ,2025-05-28 19:01:00+02:00,2025-05-28 19:08:00+02:00,Short,US,19,2,Stop Loss,-178.62,13.0,1,21476.5,21483.0,21483.0,6.5,0.03026563918701837,-1.0,17.25,11.25,2.6538461538461537,1.7307692307692308,3.6991538637666963,0.017224193252004267,0.011606045630498893,True,True,False,0.017224193252004267,-2.943276157049695,-0.38287162712443673,1.095864844785017,-18.914646106407535,-1.4787364719094538,0.11057758598361335,1,1.0,1.0,4.0,-1.0,21457.5,2.923076923076923,MNQ_v4
single,MNQ,2025-05-29 03:58:00+02:00,2025-05-29 10:58:00+02:00,Long,Asia,3,3,Canal Exit,1.26,1.0,60,21790.75,21791.75,21713.5,77.25,0.3545082202310613,0.012944983818770227,68.0,44.5,0.8802588996763754,0.5760517799352751,18.279030533587502,0.08388435704869039,-0.007817572375137374,False,False,False,-0.08388435704869039,26.82201341131804,10.19664765633969,1.8559780528117429,23.307186916994073,8.340669603527948,-36.54330764585571,2,4.0,-1.0,8.0,-1.0,21777.75,-0.16828478964401294,MNQ_v4
single,MNQ,2025-05-29 12:01:00+02:00,2025-05-29 12:29:00+02:00,Short,UK,12,3,Canal Exit,28.76,1.0,4,21761.25,21746.5,21858.75,97.5,0.4480441151128727,0.15128205128205127,33.0,19.0,0.3384615384615385,0.19487179487179487,3.4706527858943446,0.015948774936615978,0.004639176150475194,True,False,True,0.015948774936615978,-0.8777734959694499,-9.565185191418568,-1.0379922972888949,6.235993811652995,-8.527192894129673,-47.20535883976651,0,4.0,1.0,7.0,-1.0,21700.5,0.6230769230769231,MNQ_v4
single,MNQ,2025-05-29 15:38:00+02:00,2025-05-29 16:06:00+02:00,Short,US,15,3,Canal Exit,245.26,1.0,4,21526.5,21403.5,21693.0,166.5,0.7734652637446868,0.7387387387387387,131.0,55.75,0.7867867867867868,0.33483483483483484,4.4331711968116,0.02059401759139479,0.02445473986365173,True,False,True,0.02059401759139479,-26.523152566940553,-12.466579466841125,-3.689664336621938,-10.28147269931414,-8.776915130219187,-49.594127836344796,1,4.0,1.0,9.0,-1.0,21471.5,0.3303303303303303,MNQ_v4
single,MNQ,2025-05-29 17:44:00+02:00,2025-05-29 21:56:00+02:00,Short,US,17,3,Auto-Close (profit),64.26,1.0,36,21444.25,21411.75,21522.0,77.75,0.36256805437355,0.4180064308681672,143.25,39.75,1.842443729903537,0.5112540192926045,28.836608755962516,0.1344724518505544,0.02934766944988661,True,True,False,0.1344724518505544,-2.4928681411656726,-16.103730978001998,-12.01036391838807,-21.920089132201184,-4.093367059613929,16.120377199966676,0,4.0,1.0,5.0,1.0,21407.0,0.4790996784565916,MNQ_v4
single,MNQ,2025-05-30 01:17:00+02:00,2025-05-30 01:31:00+02:00,Long,Asia,1,4,Canal Exit,-135.72,3.0,2,21364.0,21341.75,21335.25,28.75,0.13457217749485115,-0.7739130434782608,5.5,22.75,0.19130434782608696,0.7913043478260869,3.136969687191595,0.014683437966633565,-0.0285377966586533,False,True,True,-0.014683437966633565,2.601001764105604,11.874995183065854,3.0398988823831363,8.520000515921403,8.835096300682718,18.69109294796378,0,2.0,-1.0,5.0,1.0,21337.75,-0.9130434782608695,MNQ_v4
single,MNQ,2025-05-30 01:52:00+02:00,2025-05-30 02:06:00+02:00,Short,Asia,1,4,Canal Exit,-39.74,1.0,2,21318.25,21337.75,21369.5,51.25,0.24040434838694547,-0.3804878048780488,4.75,26.0,0.09268292682926829,0.5073170731707317,0.9880349902086891,0.0046346908878950625,0.002845654953686638,True,False,True,0.0046346908878950625,-2.5299642967765976,-33.4004855026404,-24.695603873798696,-1.7729304907388286,-8.704881628841704,-32.09558543771834,1,2.0,1.0,5.0,-1.0,21338.0,-0.3853658536585366,MNQ_v4
single,MNQ,2025-05-30 03:09:00+02:00,2025-05-30 04:12:00+02:00,Short,Asia,3,4,Canal Exit,-120.48,2.0,9,21313.0,21342.75,21357.0,44.0,0.20644676957725333,-0.6761363636363636,32.5,40.25,0.7386363636363636,0.9147727272727273,3.4413216375396587,0.016146584889690136,0.002468146014847787,True,True,False,0.016146584889690136,-2.1283618308480072,-1.3537801361646036,-1.4584689799267436,-5.2455250164180045,0.10468884376214005,34.71710763552883,0,1.0,-1.0,6.0,1.0,21357.75,-1.0170454545454546,MNQ_v4
single,MNQ,2025-05-30 10:51:00+02:00,2025-05-30 10:58:00+02:00,Short,UK,10,4,Canal Exit,-58.48,2.0,1,21361.75,21376.0,21396.0,34.25,0.1603333060259576,-0.41605839416058393,5.25,21.75,0.15328467153284672,0.635036496350365,0.3668105354954605,0.0017171371048507755,0.016435840205591724,False,False,False,-0.0017171371048507755,-2.6927862294869556,-14.017433723938723,-9.87869110199838,-11.687099990492984,-4.138742621940343,-12.955559593441633,0,1.0,1.0,6.0,-1.0,21379.75,-0.5255474452554745,MNQ_v4
single,MNQ,2025-05-30 11:54:00+02:00,2025-05-30 12:22:00+02:00,Short,UK,11,4,Canal Exit,-32.22,3.0,4,21369.0,21374.0,21396.0,27.0,0.12635125649305068,-0.18518518518518517,20.0,15.0,0.7407407407407407,0.5555555555555556,1.8192727288114838,0.008513607229217483,0.01069277965293542,True,False,True,0.008513607229217483,-4.700854244463699,-0.6499830451611209,6.578171757552873,-3.873582542937971,-7.228154802713994,-12.449438279102198,1,4.0,1.0,8.0,-1.0,21401.0,-1.1851851851851851,MNQ_v4
single,MNQ,2025-05-30 12:43:00+02:00,2025-05-30 13:18:00+02:00,Long,UK,12,4,Canal Exit,52.52,2.0,5,21387.5,21401.0,21350.25,37.25,0.17416715371127994,0.3624161073825503,34.0,17.75,0.912751677852349,0.47651006711409394,2.5881859554356197,0.012101395466677357,-0.011161864462099977,False,True,True,-0.012101395466677357,3.899631294880237,20.973752805286296,15.204978307252507,-4.2244045832144765,5.768774498033789,32.33078904555437,1,5.0,-1.0,6.0,1.0,21411.5,0.6442953020134228,MNQ_v4
single,MNQ,2025-05-30 14:56:00+02:00,2025-05-30 15:45:00+02:00,Long,UK,14,4,Stop Loss,-146.74,1.0,7,21330.25,21257.25,21257.25,73.0,0.3422369639361939,-1.0,60.5,87.25,0.8287671232876712,1.1952054794520548,12.711803113321366,0.05959519046106523,-0.06227750121024411,False,True,True,-0.05959519046106523,27.07615703333795,13.389593297373981,11.096257386861407,-5.016619145246962,2.2933359105125746,-24.63038825535235,2,4.0,-1.0,2.0,1.0,21339.5,0.1267123287671233,MNQ_v4
single,MNQ,2025-05-30 17:09:00+02:00,2025-05-30 18:05:00+02:00,Short,US,17,4,Canal Exit,31.76,1.0,8,21347.75,21331.5,21399.5,51.75,0.2424143059573023,0.3140096618357488,59.75,31.25,1.1545893719806763,0.6038647342995169,13.9207396614147,0.0652093998731234,0.04481095032414436,True,False,True,0.0652093998731234,-18.384919493779307,-12.264844756673229,-5.964749446724099,-5.909806762648788,-6.30009530994913,-16.412423938211774,1,2.0,1.0,1.0,-1.0,21272.0,1.463768115942029,MNQ_v4
single,MNQ,2025-06-02 05:08:00+02:00,2025-06-02 05:36:00+02:00,Short,Asia,5,0,Canal Exit,0.26,1.0,4,21245.0,21244.5,21313.25,68.25,0.3212520593080725,0.007326007326007326,7.75,13.75,0.11355311355311355,0.20146520146520147,1.0311110069960705,0.004853429075057992,-0.0013880001565436942,True,False,True,0.004853429075057992,-1.528357882383716,-19.7888879080473,-12.299574284862882,-11.74307782235744,-7.489313623184419,-31.080062420741,0,4.0,1.0,2.0,-1.0,21234.75,0.15018315018315018,MNQ_v4
single,MNQ,2025-06-02 07:00:00+02:00,2025-06-02 08:59:00+02:00,Short,Asia,7,0,Stop Loss,-181.2,5.0,17,21236.75,21254.5,21254.5,17.75,0.08358152730526092,-1.0,38.75,29.25,2.183098591549296,1.647887323943662,5.09521484751167,0.023992441628364367,0.004563869380366907,True,True,False,0.023992441628364367,-4.907613697552733,-7.931952761117728,-3.5572882253660296,-17.42289061697228,-4.374664535751698,30.375957774117825,2,1.0,1.0,3.0,-1.0,21217.75,1.0704225352112675,MNQ_v4
single,MNQ,2025-06-02 16:20:00+02:00,2025-06-02 18:54:00+02:00,Short,US,16,0,Canal Exit,-155.24,1.0,22,21374.5,21451.75,21458.0,83.5,0.3906524129219397,-0.9251497005988024,72.0,80.0,0.8622754491017964,0.9580838323353293,5.227864173903072,0.024458416215130514,0.0466198842704328,False,False,False,-0.024458416215130514,-24.377208560286817,-18.596742203411498,-19.885893185192806,4.0460014982251336,1.289150981781308,16.438898243438278,3,6.0,-1.0,4.0,-1.0,21446.25,-0.8592814371257484,MNQ_v4
single,MNQ,2025-06-02 19:15:00+02:00,2025-06-02 21:56:00+02:00,Long,US,19,0,Auto-Close (profit),158.76,1.0,23,21453.5,21533.25,21401.0,52.5,0.24471531451744472,1.519047619047619,96.5,29.0,1.838095238095238,0.5523809523809524,2.3560780794505263,0.010982255014102717,0.00870095036580755,False,False,False,-0.010982255014102717,6.579121844672045,27.79546649428743,27.130157399937154,20.64712166996213,0.6653090943502775,-6.376950518954721,2,1.0,-1.0,5.0,-1.0,21551.5,1.8666666666666667,MNQ_v4
single,MNQ,2025-06-03 04:19:00+02:00,2025-06-03 04:33:00+02:00,Short,Asia,4,1,Canal Exit,-52.48,2.0,2,21456.0,21468.75,21497.75,41.75,0.19458426547352722,-0.30538922155688625,13.5,19.25,0.32335329341317365,0.46107784431137727,2.1432366093504243,0.009988984942908391,0.004923490308940424,False,False,False,-0.009988984942908391,-2.7321408392162994,-39.27720576155154,-34.66462779325397,-21.813662934905484,-4.612577968297572,-38.394008060415224,0,2.0,1.0,6.0,-1.0,21459.75,-0.08982035928143713,MNQ_v4
single,MNQ,2025-06-03 05:01:00+02:00,2025-06-03 05:22:00+02:00,Long,Asia,5,1,Stop Loss,-154.96,4.0,3,21461.5,21442.5,21442.5,19.0,0.08853062460685414,-1.0,6.25,23.25,0.32894736842105265,1.2236842105263157,4.9264217242307495,0.02295469433278545,-0.02138526144926928,False,True,True,-0.02295469433278545,2.3297107396210777,4.871408002842348,0.7358796780257033,-15.88067383459718,4.1355283248166455,-7.927082789760875,2,2.0,-1.0,2.0,1.0,21458.25,-0.17105263157894737,MNQ_v4
single,MNQ,2025-06-03 05:43:00+02:00,2025-06-03 07:00:00+02:00,Short,Asia,5,1,Stop Loss,-188.88,12.0,11,21460.75,21468.25,21468.25,7.5,0.034947520473422415,-1.0,16.0,8.25,2.1333333333333333,1.1,1.3256319517458905,0.00617700663651499,-0.007560971980477899,True,False,True,0.00617700663651499,1.2800182172686618,-4.07545278459576,-7.427152784046969,-12.419051990763705,3.351699999451209,2.6918625513532666,3,4.0,-1.0,3.0,-1.0,21458.5,0.3,MNQ_v4
single,MNQ,2025-06-03 10:44:00+02:00,2025-06-03 11:33:00+02:00,Long,UK,10,1,Canal Exit,103.52,2.0,7,21436.5,21462.75,21398.25,38.25,0.17843397942761177,0.6862745098039216,27.5,6.75,0.7189542483660131,0.17647058823529413,1.694486253996729,0.00790467778786989,-0.01932847438658497,False,True,True,-0.00790467778786989,13.66662025623009,6.959549761679959,0.8803718221384611,-3.1401479598557813,6.079177939541498,29.493960074193836,2,4.0,-1.0,1.0,-1.0,21454.25,0.46405228758169936,MNQ_v4
single,MNQ,2025-06-03 18:26:00+02:00,2025-06-03 18:54:00+02:00,Long,US,18,1,Canal Exit,14.76,1.0,4,21725.5,21733.25,21657.0,68.5,0.31529769165266625,0.11313868613138686,22.25,25.5,0.3248175182481752,0.3722627737226277,2.691946809347428,0.012390724307138744,0.010642207342602444,False,True,True,-0.012390724307138744,3.2471085590223083,37.37188142912294,32.96202283264938,3.74160757156582,4.409858596473562,37.9544955092217,0,4.0,-1.0,3.0,1.0,21759.25,0.4927007299270073,MNQ_v4
single,MNQ,2025-06-04 02:48:00+02:00,2025-06-04 03:02:00+02:00,Long,Asia,2,2,Canal Exit,-104.96,4.0,2,21715.0,21702.25,21695.5,19.5,0.08979967764218283,-0.6538461538461539,1.5,17.5,0.07692307692307693,0.8974358974358975,0.19434540245856624,0.0008949822816420274,-0.007217539513436787,False,True,True,-0.0008949822816420274,1.4578747625491815,4.461954918324325,-2.1414632739403223,2.833598437121283,6.603418192264646,6.9516968836365685,0,2.0,-1.0,11.0,1.0,21673.75,-2.1153846153846154,MNQ_v4
single,MNQ,2025-06-04 03:23:00+02:00,2025-06-04 04:19:00+02:00,Short,Asia,3,2,Canal Exit,596.34,9.0,8,21707.25,21673.75,21716.5,9.25,0.04261249121837174,3.6216216216216215,40.25,2.5,4.351351351351352,0.2702702702702703,1.3942960610511363,0.006423181476470471,0.00432580432173434,True,False,True,0.006423181476470471,-0.0672842554813542,-5.930706348761884,-4.177044818617174,-3.41118596032441,-1.7536615301447105,-38.942339906668465,1,8.0,1.0,7.0,-1.0,21680.0,2.945945945945946,MNQ_v4
single,MNQ,2025-06-04 06:53:00+02:00,2025-06-04 07:28:00+02:00,Short,Asia,6,2,Stop Loss,-161.2,5.0,5,21678.0,21693.75,21693.75,15.75,0.07265430390257403,-1.0,5.0,17.5,0.31746031746031744,1.1111111111111112,3.6417186946127913,0.01679914519149733,0.00994150465682827,True,False,True,0.01679914519149733,-6.406858435777394,-7.281047254108548,0.3853183928024815,-0.12291435894415652,-7.666365646911029,16.559116187336596,2,2.0,1.0,3.0,-1.0,21691.0,-0.8253968253968254,MNQ_v4
single,MNQ,2025-06-04 10:51:00+02:00,2025-06-04 12:08:00+02:00,Short,UK,10,2,Stop Loss,-180.72,3.0,11,21719.0,21748.75,21748.75,29.75,0.13697684055435333,-1.0,4.0,44.0,0.13445378151260504,1.4789915966386555,7.232967583331629,0.0333024889881285,0.03236872187295176,True,True,False,0.0333024889881285,-15.769046355584578,-2.0650219254616844,6.341017310216401,6.261240133896187,-8.406039235678085,27.960481273695503,2,4.0,1.0,6.0,1.0,21743.25,-0.8151260504201681,MNQ_v4
single,MNQ,2025-06-04 13:04:00+02:00,2025-06-04 14:14:00+02:00,Long,UK,13,2,Stop Loss,-141.72,3.0,10,21741.25,21718.0,21718.0,23.25,0.10693957339159431,-1.0,27.0,41.25,1.1612903225806452,1.7741935483870968,3.474771967914421,0.01598239276911135,-0.00721583234488181,False,True,True,-0.01598239276911135,7.84146581085588,2.3197630501881283,-3.605333242625386,8.363617779975895,5.925096292813514,19.985126009640737,2,2.0,-1.0,5.0,1.0,21701.75,-1.6989247311827957,MNQ_v4
single,MNQ,2025-06-04 15:10:00+02:00,2025-06-04 16:06:00+02:00,Long,UK,15,2,Stop Loss,-176.22,3.0,8,21706.5,21677.5,21677.5,29.0,0.13360053440213762,-1.0,87.0,65.5,3.0,2.2586206896551726,11.970109463749395,0.055145276593413936,-0.03928599783334871,False,True,True,-0.055145276593413936,23.669289397646935,6.601827882574738,1.3881519514470306,-3.3511723184046516,5.213675931127707,-6.83600672586665,3,5.0,-1.0,2.0,1.0,21731.75,0.8706896551724138,MNQ_v4
single,MNQ,2025-06-04 17:02:00+02:00,2025-06-04 17:16:00+02:00,Long,US,17,2,Canal Exit,-28.24,1.0,2,21777.25,21763.5,21641.0,136.25,0.6256529176089727,-0.10091743119266056,7.5,20.5,0.05504587155963303,0.15045871559633028,0.6825028670646134,0.003134017688480471,-0.005798360386732947,True,True,False,0.003134017688480471,3.2152534712477063,34.00496242345347,30.522675090089933,0.8545461640030764,3.482287333363537,37.67472876188739,0,2.0,-1.0,10.0,1.0,21723.5,-0.3944954128440367,MNQ_v4
single,MNQ,2025-06-05 11:54:00+02:00,2025-06-05 12:36:00+02:00,Long,UK,11,3,Stop Loss,-166.96,4.0,6,21784.75,21764.25,21764.25,20.5,0.09410252584950482,-1.0,19.75,24.25,0.9634146341463414,1.1829268292682926,10.89391395648272,0.050007064375229095,-0.03425020874305874,False,True,True,-0.050007064375229095,14.932933131723985,9.491313620549516,2.747210729169269,8.505200491226793,6.744102891380247,11.81689223983745,1,5.0,-1.0,6.0,1.0,21757.0,-1.353658536585366,MNQ_v4
single,MNQ,2025-06-05 15:31:00+02:00,2025-06-05 16:13:00+02:00,Short,US,15,3,Canal Exit,127.76,1.0,6,21790.25,21726.0,21899.0,108.75,0.499076421794151,0.5908045977011495,98.5,47.25,0.9057471264367816,0.43448275862068964,14.777002615701349,0.06781474565781186,0.030583851363972393,True,False,True,0.06781474565781186,-8.13687465483963,-4.188797432739619,-1.381492969739457,-2.037566575810436,-2.8073044630001625,-23.337838233290164,0,6.0,1.0,7.0,-1.0,21851.25,-0.5609195402298851,MNQ_v4
single,MNQ,2025-06-05 19:29:00+02:00,2025-06-05 20:11:00+02:00,Long,US,19,3,Stop Loss,-248.24,1.0,6,21783.75,21660.0,21660.0,123.75,0.5680840075744534,-1.0,6.0,177.25,0.048484848484848485,1.4323232323232322,30.89262065609364,0.1418149797720486,-0.13041936324451284,False,True,True,-0.1418149797720486,69.10165876078827,13.61710282051878,5.145542127462799,1.488712550013653,8.47156069305598,-33.24673873637835,2,3.0,-1.0,2.0,1.0,21706.5,-0.6242424242424243,MNQ_v4
single,MNQ,2025-06-06 08:38:00+02:00,2025-06-06 12:29:00+02:00,Long,Asia,8,4,Canal Exit,30.76,1.0,33,21666.5,21682.25,21602.25,64.25,0.2965407426210971,0.245136186770428,28.5,28.5,0.44357976653696496,0.44357976653696496,7.856667078078317,0.03626181929743298,-0.00718130379983177,False,True,True,-0.03626181929743298,1.2656824824116484,5.106135582148448,-1.5354486471074646,12.833640231232621,6.641584229255912,18.851122430987196,0,4.0,-1.0,6.0,1.0,21664.75,-0.027237354085603113,MNQ_v4
single,MNQ,2025-06-06 13:25:00+02:00,2025-06-06 15:03:00+02:00,Long,UK,13,4,Canal Exit,566.28,3.0,14,21669.0,21763.75,21642.25,26.75,0.12344824403525774,3.542056074766355,115.5,25.0,4.317757009345795,0.9345794392523364,10.7089115464114,0.049420423399378834,-0.01512902548534998,False,True,True,-0.049420423399378834,3.822930935824843,0.4262005916467333,-5.314669852856923,0.2580645297401342,5.740870444503656,38.01314763978399,1,4.0,-1.0,4.0,1.0,21810.0,5.271028037383178,MNQ_v4
single,MNQ,2025-06-06 18:05:00+02:00,2025-06-06 18:40:00+02:00,Long,US,18,4,Stop Loss,-113.24,1.0,5,21824.0,21767.75,21767.75,56.25,0.25774376832844575,-1.0,9.75,76.0,0.17333333333333334,1.3511111111111112,13.828996334756084,0.06336600226702752,-0.0341144054324695,False,False,False,-0.06336600226702752,34.51970496779904,11.163489960534088,5.417888161492718,1.4519658940993452,5.74560179904137,-24.24518963709881,3,2.0,-1.0,3.0,1.0,21740.75,-1.48,MNQ_v4
single,MNQ,2025-06-09 02:34:00+02:00,2025-06-09 09:13:00+02:00,Short,Asia,2,0,Canal Exit,17.28,3.0,57,21755.5,21752.25,21783.25,27.75,0.1275539518742387,0.11711711711711711,39.0,18.25,1.4054054054054055,0.6576576576576577,10.102347763626312,0.04643583353003292,0.023566700821531214,True,True,False,0.04643583353003292,-7.830259614085662,-12.28372988734884,-2.2460256664357843,-11.175551830136433,-10.037704220913056,37.41670624328548,1,4.0,1.0,4.0,1.0,21784.75,-1.054054054054054,MNQ_v4
single,MNQ,2025-06-09 11:54:00+02:00,2025-06-09 14:28:00+02:00,Long,UK,11,0,Canal Exit,231.04,4.0,22,21778.75,21808.0,21759.25,19.5,0.0895368191471044,1.5,45.25,15.25,2.3205128205128207,0.782051282051282,0.5644692244677572,0.00259183481360389,0.0018078738667936228,False,True,True,-0.00259183481360389,1.3124856534377614,0.5955021035746586,3.5368071383421746,7.004774645950621,-2.941305034767516,-0.2154540797567598,2,2.0,1.0,3.0,-1.0,21800.5,1.1153846153846154,MNQ_v4
single,MNQ,2025-06-09 17:02:00+02:00,2025-06-09 18:05:00+02:00,Short,US,17,0,Canal Exit,285.78,3.0,9,21864.5,21816.5,21892.5,28.0,0.12806146950536257,1.7142857142857142,51.25,4.5,1.8303571428571428,0.16071428571428573,12.620238173047255,0.05772022306957513,0.0437655878768824,True,False,True,0.05772022306957513,-10.770428107931366,-0.7937319772836309,3.3098830361941656,-0.4083783873382032,-4.103615013477796,-3.397405846650361,1,5.0,1.0,2.0,1.0,21839.5,0.8928571428571429,MNQ_v4
single,MNQ,2025-06-09 18:33:00+02:00,2025-06-09 19:43:00+02:00,Long,US,18,0,Canal Exit,53.52,2.0,10,21855.25,21869.0,21813.25,42.0,0.19217350522185744,0.3273809523809524,29.0,21.0,0.6904761904761905,0.5,1.7038755648536608,0.007796184279995245,-0.012009205632973119,False,False,False,-0.007796184279995245,16.428276073136658,8.96524600428435,3.4176151184878747,0.6894184419778426,5.547630885796474,-2.9790209525380926,2,4.0,-1.0,4.0,-1.0,21863.5,0.19642857142857142,MNQ_v4
single,MNQ,2025-06-10 00:56:00+02:00,2025-06-10 02:27:00+02:00,Short,Asia,0,1,Stop Loss,-160.44,6.0,13,21831.0,21844.0,21844.0,13.0,0.05954834867848472,-1.0,16.0,14.0,1.2307692307692308,1.0769230769230769,5.117855730968586,0.02344306596568451,0.01600430956006816,True,False,True,0.02344306596568451,-0.2969270478206454,-21.462150821473255,-17.427500980060074,-16.506547157833506,-4.034649841413181,1.959562242158061,0,2.0,1.0,5.0,-1.0,21872.25,-3.173076923076923,MNQ_v4
single,MNQ,2025-06-10 15:52:00+02:00,2025-06-10 17:30:00+02:00,Long,US,15,1,Stop Loss,-160.48,2.0,14,21857.75,21818.0,21818.0,39.75,0.18185769349544212,-1.0,35.5,114.75,0.8930817610062893,2.8867924528301887,3.072636733915715,0.014057424638472463,-0.005842193215601962,False,False,False,-0.014057424638472463,4.740449514531065,13.629706236623836,10.809643501519453,-2.080191601005751,2.8200627351043828,-13.104158743552444,1,5.0,-1.0,1.0,1.0,21826.25,-0.7924528301886793,MNQ_v4
single,MNQ,2025-06-10 17:51:00+02:00,2025-06-10 19:08:00+02:00,Long,US,17,1,Canal Exit,115.26,1.0,11,21866.5,21924.5,21743.0,123.5,0.5647908901744678,0.46963562753036436,64.0,7.5,0.5182186234817814,0.06072874493927125,16.190899528977752,0.07404431220807058,-0.017411216405886474,False,True,True,-0.07404431220807058,8.107420294199983,4.303683491594586,-0.9903553394176696,1.9623963591331943,5.294038831012255,22.901946337763437,0,5.0,-1.0,1.0,-1.0,21914.75,0.39068825910931176,MNQ_v4
single,MNQ,2025-06-10 20:25:00+02:00,2025-06-10 21:14:00+02:00,Long,US,20,1,Canal Exit,159.26,1.0,7,21879.5,21959.5,21821.0,58.5,0.2673735688658333,1.3675213675213675,112.75,15.5,1.9273504273504274,0.26495726495726496,19.04233363892854,0.08703276418075613,-0.030272110677866636,False,True,True,-0.08703276418075613,5.530346231164003,5.321794370987166,-1.44001684418541,-0.52485154443587,6.761811215172576,42.31515593532444,0,7.0,-1.0,7.0,1.0,21945.75,1.1324786324786325,MNQ_v4
single,MNQ,2025-06-10 21:49:00+02:00,2025-06-10 21:56:00+02:00,Short,US,21,1,Auto-Close (loss),-41.48,2.0,1,21954.75,21964.75,21992.25,37.5,0.1708058620571858,-0.26666666666666666,44.0,16.5,1.1733333333333333,0.44,10.6952383442258,0.04871491747446816,0.06114867148395598,True,False,True,0.04871491747446816,-23.589033092306636,-7.441274281251731,-3.342931049077838,2.368875392148348,-4.098343232173893,-11.024728118728953,2,2.0,1.0,1.0,1.0,21945.75,0.24,MNQ_v4
single,MNQ,2025-06-11 00:07:00+02:00,2025-06-11 03:02:00+02:00,Long,Asia,0,2,Stop Loss,-173.48,2.0,25,21953.75,21910.75,21910.75,43.0,0.19586630985594716,-1.0,48.25,47.25,1.122093023255814,1.0988372093023255,3.5491989492365974,0.016166709328641338,-0.0011327505809046177,False,False,False,-0.016166709328641338,1.5818638272648968,5.553505189035844,2.964399108934742,16.01037337344214,2.5891060801011023,-31.776211423302115,0,3.0,-1.0,2.0,-1.0,21898.75,-1.2790697674418605,MNQ_v4
single,MNQ,2025-06-11 12:22:00+02:00,2025-06-11 13:11:00+02:00,Long,UK,12,2,Stop Loss,-178.96,4.0,7,21930.75,21908.75,21908.75,22.0,0.10031576667464634,-1.0,8.75,46.25,0.3977272727272727,2.102272727272727,6.881470366031863,0.031378180709879334,-0.013760981778576799,False,True,True,-0.031378180709879334,5.129250455338479,2.9292861088447366,-4.841985302696606,17.423229290182388,7.771271411541342,-9.999614807265488,1,4.0,-1.0,3.0,1.0,21915.0,-0.7159090909090909,MNQ_v4
single,MNQ,2025-06-11 15:17:00+02:00,2025-06-11 16:48:00+02:00,Short,UK,15,2,Canal Exit,-69.24,1.0,13,22021.25,22055.5,22068.5,47.25,0.2145654765283533,-0.7248677248677249,106.25,36.25,2.248677248677249,0.7671957671957672,18.57555261788366,0.08435285289383508,0.08002638723649035,True,True,False,0.08435285289383508,-36.587305524979456,-3.741251386051866,1.737940575341724,11.6676799134137,-5.479191961393591,44.08563419540199,2,5.0,1.0,13.0,1.0,21953.25,1.439153439153439,MNQ_v4
single,MNQ,2025-06-11 17:30:00+02:00,2025-06-11 18:19:00+02:00,Short,US,17,2,Canal Exit,128.76,1.0,7,22018.0,21953.25,22066.75,48.75,0.22140975565446452,1.3282051282051281,110.75,9.5,2.2717948717948717,0.19487179487179487,1.979993995904806,0.00899261511447364,0.03201261702743772,False,False,False,-0.00899261511447364,-9.356725550973351,-3.973618789892027,0.8373980909915038,-2.5431976713499496,-4.811016880883531,-33.55399620315975,1,7.0,1.0,9.0,-1.0,22006.0,0.24615384615384617,MNQ_v4
single,MNQ,2025-06-11 19:57:00+02:00,2025-06-11 20:18:00+02:00,Short,US,19,2,Canal Exit,1.76,1.0,3,21860.25,21859.0,22019.25,159.0,0.7273475829416407,0.007861635220125786,70.0,76.25,0.44025157232704404,0.47955974842767296,3.7725650835054694,0.017257648396086366,0.03595628209669082,False,False,False,-0.017257648396086366,-7.972233748958388,-35.3070466153726,-26.288566151431,-18.78456945785383,-9.0184804639416,-42.5762252525103,0,3.0,1.0,6.0,-1.0,21835.25,0.15723270440251572,MNQ_v4
single,MNQ,2025-06-12 12:01:00+02:00,2025-06-12 14:00:00+02:00,Short,UK,12,3,Canal Exit,197.52,2.0,17,21805.0,21755.25,21843.0,38.0,0.1742719559734006,1.3092105263157894,70.0,18.0,1.8421052631578947,0.47368421052631576,10.944779156408913,0.050193896612744385,0.035582936763616284,True,False,True,0.050193896612744385,-9.568813296293229,-7.7374529207014575,-1.3073090905886118,-17.91615526534228,-6.430143830112845,-32.178459555701146,1,5.0,1.0,9.0,-1.0,21838.5,-0.881578947368421,MNQ_v4
single,MNQ,2025-06-12 18:19:00+02:00,2025-06-12 21:49:00+02:00,Long,US,18,3,Stop Loss,-157.48,2.0,30,21931.5,21892.5,21892.5,39.0,0.17782641406196567,-1.0,37.0,39.5,0.9487179487179487,1.0128205128205128,14.969686558528338,0.068256555906018,-0.026617877109360095,False,True,True,-0.068256555906018,9.2951885334478,16.1731786749235,11.870718937720358,15.644193910570715,4.30245973720314,-24.1781669449058,0,4.0,-1.0,1.0,1.0,21936.75,0.1346153846153846,MNQ_v4
single,MNQ,2025-06-13 01:59:00+02:00,2025-06-13 02:34:00+02:00,Short,Asia,1,4,Canal Exit,151.76,1.0,5,21658.0,21581.75,21888.25,230.25,1.0631175547141933,0.3311617806731813,103.0,186.5,0.44733984799131377,0.8099891422366993,6.779907454416389,0.03130440231977278,0.021730625069760055,False,False,False,-0.03130440231977278,-27.24278892229995,-34.14124069831548,-29.060767517442432,-14.28865738207692,-5.080473180873046,-38.484340748850165,0,5.0,1.0,2.0,-1.0,21531.0,0.5515743756786102,MNQ_v4
single,MNQ,2025-06-13 04:33:00+02:00,2025-06-13 08:59:00+02:00,Short,Asia,4,4,Stop Loss,-192.24,1.0,38,21524.0,21619.75,21619.75,95.75,0.4448522579446199,-1.0,53.5,101.75,0.5587467362924282,1.0626631853785902,30.14469338809431,0.1400515396213265,0.041110413160259304,True,True,False,0.1400515396213265,-7.163190013194253,-27.268162348962647,-19.068698243709314,-28.529011541153068,-8.199464105253334,14.671861517704262,0,3.0,1.0,3.0,-1.0,21608.25,-0.8798955613577023,MNQ_v4
single,MNQ,2025-06-13 15:31:00+02:00,2025-06-13 15:59:00+02:00,Long,US,15,4,Canal Exit,-56.74,1.0,4,21754.5,21726.5,21626.0,128.5,0.5906823875520008,-0.2178988326848249,41.75,42.75,0.32490272373540857,0.3326848249027237,8.223551074574061,0.03780160920533251,-0.03676495382036108,False,True,True,-0.03780160920533251,25.12194809025459,4.714368220382632,-6.140038106923122,4.492872159062695,10.854406327305753,30.706500628037173,1,4.0,-1.0,5.0,1.0,21721.25,-0.2587548638132296,MNQ_v4
single,MNQ,2025-06-13 16:20:00+02:00,2025-06-13 16:34:00+02:00,Short,US,16,4,Canal Exit,-129.24,1.0,2,21657.0,21721.25,21796.25,139.25,0.6429791753243754,-0.4614003590664273,39.5,71.0,0.2836624775583483,0.5098743267504489,9.02900832661544,0.04169094669906007,0.06842650834810898,True,False,True,0.04169094669906007,-21.780360322984052,-23.9865961632692,-15.381260240112455,4.183026728567497,-8.605335923156746,-28.262427809495104,1,2.0,1.0,8.0,-1.0,21794.25,-0.9856373429084381,MNQ_v4
single,MNQ,2025-06-13 17:09:00+02:00,2025-06-13 17:30:00+02:00,Long,US,17,4,Canal Exit,60.76,1.0,3,21763.5,21794.25,21617.5,146.0,0.6708479794150757,0.2106164383561644,48.5,27.5,0.3321917808219178,0.18835616438356165,5.173749707835668,0.023772599571923948,-0.01572521977697466,True,True,False,0.023772599571923948,21.86818522702015,37.281166227523315,33.522875930156616,-2.5603446378579497,3.758290297366699,42.023859035355365,3,3.0,-1.0,1.0,1.0,21812.0,0.3321917808219178,MNQ_v4
single,MNQ,2025-06-13 22:59:00+02:00,2025-06-16 00:42:00+02:00,Short,Asia,22,4,Stop Loss,-178.96,4.0,7,21654.0,21676.0,21676.0,22.0,0.10159785720882979,-1.0,149.0,36.0,6.7727272727272725,1.6363636363636365,10.471762172615854,0.048359481724465934,0.015221783242592032,True,False,True,0.048359481724465934,-0.4440838201298902,-7.675562740200903,-3.1099744064889974,-2.5935068102151626,-4.565588333711905,28.340983177740974,0,3.0,1.0,2.0,-1.0,21647.0,0.3181818181818182,MNQ_v4
single,MNQ,2025-06-16 10:44:00+02:00,2025-06-16 11:12:00+02:00,Long,UK,10,0,Stop Loss,-136.48,2.0,4,22007.75,21974.0,21974.0,33.75,0.15335506810100985,-1.0,3.75,45.25,0.1111111111111111,1.3407407407407408,3.5338128723888076,0.016057129294856618,-0.0017646324813369882,False,False,False,-0.016057129294856618,1.1265451039507752,21.413198083166755,15.55554724751815,23.85494132322403,5.857650835648604,-6.853022161005999,0,2.0,-1.0,4.0,1.0,21968.25,-1.1703703703703703,MNQ_v4
single,MNQ,2025-06-16 15:45:00+02:00,2025-06-16 21:56:00+02:00,Long,US,15,0,Auto-Close (profit),151.76,1.0,53,22099.75,22176.0,22011.75,88.0,0.39819454971210083,0.8664772727272727,124.75,38.0,1.4176136363636365,0.4318181818181818,2.3449572588215233,0.010610786361029077,-0.0028502559497009528,True,True,False,0.010610786361029077,0.3117106038953352,28.372928184484124,23.298064212638174,26.980552503632964,5.07486397184595,25.95734923279747,0,6.0,-1.0,3.0,-1.0,22165.5,0.7471590909090909,MNQ_v4
single,MNQ,2025-06-17 03:30:00+02:00,2025-06-17 04:47:00+02:00,Short,Asia,3,1,Stop Loss,-176.48,2.0,11,22058.5,22102.25,22102.25,43.75,0.19833624226488653,-1.0,37.25,47.0,0.8514285714285714,1.0742857142857143,13.349638985862839,0.060519251018259806,0.02234549661833803,True,False,True,0.060519251018259806,-7.192489786943042,-10.669572577502558,-5.146727569950641,-16.47163380633958,-5.5228450075519175,-8.65549628587182,0,2.0,1.0,4.0,-1.0,22080.0,-0.49142857142857144,MNQ_v4
single,MNQ,2025-06-17 07:28:00+02:00,2025-06-17 09:06:00+02:00,Long,Asia,7,1,Stop Loss,-147.48,2.0,14,22089.0,22052.5,22052.5,36.5,0.16524061750192404,-1.0,34.25,45.0,0.9383561643835616,1.2328767123287672,1.3046047779425862,0.005906128742553245,-0.010391191078555125,True,False,True,0.005906128742553245,0.7877193360000092,29.269484574137223,24.563930609734186,2.417294526063994,4.7055539644030375,-49.5180816358467,0,2.0,-1.0,2.0,1.0,22025.25,-1.7465753424657535,MNQ_v4
single,MNQ,2025-06-17 13:04:00+02:00,2025-06-17 13:32:00+02:00,Long,UK,13,1,Canal Exit,45.76,1.0,4,22043.0,22066.25,21995.75,47.25,0.21435376309939663,0.49206349206349204,28.0,3.0,0.5925925925925926,0.06349206349206349,1.170286178261449,0.005309105739969374,-0.014253842021895875,False,True,True,-0.005309105739969374,3.760676423651603,12.890294480193484,2.837543829022561,-5.052398214698502,10.052750651170923,42.02554171595524,1,4.0,-1.0,4.0,1.0,22085.25,0.8941798941798942,MNQ_v4
single,MNQ,2025-06-17 15:52:00+02:00,2025-06-17 16:27:00+02:00,Long,US,15,1,Canal Exit,33.26,1.0,5,22088.75,22105.75,22026.25,62.5,0.28294946522551073,0.272,45.0,28.75,0.72,0.46,0.06349378063896438,0.00028744850043105374,-0.015224084486338147,False,True,True,-0.00028744850043105374,3.246178719040472,5.634669959606502,2.255668215943535,2.1552289986639486,3.3790017436629673,27.63621101234939,0,5.0,-1.0,5.0,1.0,22108.0,0.308,MNQ_v4
single,MNQ,2025-06-17 16:55:00+02:00,2025-06-17 17:09:00+02:00,Short,US,16,1,Stop Loss,-95.74,1.0,2,22086.25,22133.75,22133.75,47.5,0.2150659346878714,-1.0,19.0,50.25,0.4,1.0578947368421052,4.996846762020141,0.022624242512966852,0.029550626181282725,True,False,True,0.022624242512966852,-13.396289103235176,-8.41538647739464,-4.182492988268117,3.4233189632956,-4.232893489126522,1.6219324590164381,3,1.0,1.0,2.0,-1.0,22090.0,-0.07894736842105263,MNQ_v4
single,MNQ,2025-06-17 18:05:00+02:00,2025-06-17 18:26:00+02:00,Long,US,18,1,Canal Exit,-26.24,1.0,3,22129.5,22116.75,22077.75,51.75,0.23385074222192098,-0.2463768115942029,5.5,38.5,0.10628019323671498,0.7439613526570048,1.3087278874736512,0.005913951456081932,-0.0011252151507600851,False,True,True,-0.005913951456081932,2.1369468734010297,18.78874042478511,12.878755614363126,1.9209577482254012,5.909984810421985,29.938788561982697,0,3.0,-1.0,7.0,1.0,22028.75,-1.9468599033816425,MNQ_v4
single,MNQ,2025-06-17 18:47:00+02:00,2025-06-17 19:15:00+02:00,Short,US,18,1,Canal Exit,48.26,1.0,4,22053.25,22028.75,22135.0,81.75,0.37069366193191483,0.2996941896024465,39.25,45.25,0.4801223241590214,0.5535168195718655,3.047828101007326,0.013820312656897853,0.019724884400578117,False,False,False,-0.013820312656897853,-11.777240465838986,-11.442365032904531,-1.685177980937028,0.11727545890193862,-9.757187051967502,-39.107994201836014,1,4.0,1.0,4.0,-1.0,21962.5,1.110091743119266,MNQ_v4
single,MNQ,2025-06-18 08:52:00+02:00,2025-06-18 09:34:00+02:00,Short,Asia,8,2,Stop Loss,-156.72,3.0,6,22004.75,22030.5,22030.5,25.75,0.1170201888228678,-1.0,7.5,27.0,0.2912621359223301,1.0485436893203883,3.723573105977266,0.01692167875561988,0.0158036833609813,True,True,False,0.01692167875561988,-4.832577094875887,-1.4098995098980147,4.992210597531194,15.175741733147673,-6.402110107429209,17.056472017120267,1,3.0,1.0,2.0,-1.0,22005.25,-0.019417475728155338,MNQ_v4
single,MNQ,2025-06-18 10:51:00+02:00,2025-06-18 11:19:00+02:00,Long,UK,10,2,Canal Exit,87.78,3.0,4,22032.5,22047.5,22005.5,27.0,0.12254623851129015,0.5555555555555556,32.75,12.75,1.212962962962963,0.4722222222222222,2.407905436499277,0.010928879775328615,-0.0007952913291825043,False,True,True,-0.010928879775328615,1.3966382697835797,9.298745717694576,5.47807908958174,13.185618133960878,3.8206666281128356,35.01368889924465,0,4.0,-1.0,9.0,1.0,22006.25,-0.9722222222222222,MNQ_v4
single,MNQ,2025-06-18 11:54:00+02:00,2025-06-18 12:22:00+02:00,Short,UK,11,2,Canal Exit,100.52,2.0,4,22031.75,22006.25,22065.25,33.5,0.1520532867339181,0.7611940298507462,40.75,7.0,1.2164179104477613,0.208955223880597,1.1909628941357369,0.005405666341238153,0.018219322597741592,False,False,False,-0.005405666341238153,-6.871466967910237,-24.282719304063143,-17.90237262563102,13.855425877951125,-6.380346678432122,-35.029727222379734,2,4.0,1.0,1.0,-1.0,21990.0,1.2462686567164178,MNQ_v4
single,MNQ,2025-06-18 14:56:00+02:00,2025-06-18 15:03:00+02:00,Short,UK,14,2,Canal Exit,-55.48,2.0,1,21992.75,22006.25,22030.5,37.75,0.17164747473599254,-0.3576158940397351,9.5,17.25,0.25165562913907286,0.45695364238410596,3.6883411407034146,0.01677071371567182,0.008957619763066863,False,False,False,-0.01677071371567182,-5.886769058422942,-25.3698698799497,-25.35192129808759,-6.401102006563087,-0.017948581862111013,-14.521829862847706,1,1.0,1.0,4.0,-1.0,21953.75,1.033112582781457,MNQ_v4
single,MNQ,2025-06-18 15:59:00+02:00,2025-06-18 16:34:00+02:00,Long,US,15,2,Canal Exit,105.26,1.0,5,22018.5,22071.5,21926.5,92.0,0.4178304607489157,0.5760869565217391,77.75,38.0,0.845108695652174,0.41304347826086957,2.7274277483593323,0.012386982529960408,-0.012711760398722528,False,True,True,-0.012386982529960408,0.45775080064413487,14.8664019371341,10.936467853674912,-2.104833365912949,3.9299340834591874,43.136199668862474,0,5.0,-1.0,10.0,1.0,22065.0,0.5054347826086957,MNQ_v4
single,MNQ,2025-06-19 00:07:00+02:00,2025-06-19 01:24:00+02:00,Short,Asia,0,3,Canal Exit,7.26,1.0,11,21930.0,21926.0,22005.0,75.0,0.3419972640218878,0.05333333333333334,19.0,29.75,0.25333333333333335,0.39666666666666667,3.6388173931118217,0.01659287456959335,0.006634388815397297,True,True,False,0.01659287456959335,-9.701044697652833,-10.453379945978893,-1.481384695133519,-0.5946464589288176,-8.971995250845374,17.407461132864697,1,5.0,1.0,3.0,1.0,21952.0,-0.29333333333333333,MNQ_v4
single,MNQ,2025-06-19 01:45:00+02:00,2025-06-19 03:02:00+02:00,Short,Asia,1,3,Canal Exit,9490.4,40.0,11,21952.0,21833.0,21954.25,2.25,0.01024963556851312,52.888888888888886,162.0,2.25,72.0,1.0,8.21360580786859,0.03741620721514481,-0.0006092633387253249,True,False,True,0.03741620721514481,-1.1552863317301671,-1.993332793370667,-4.15405236243474,-14.376863349893961,2.160719569064073,0.7032082958099657,2,2.0,-1.0,4.0,1.0,21859.0,41.333333333333336,MNQ_v4
single,MNQ,2025-06-19 17:37:00+02:00,2025-06-19 18:33:00+02:00,Short,US,17,3,Stop Loss,-153.48,2.0,8,21703.0,21741.0,21741.0,38.0,0.17509100124406762,-1.0,26.5,39.0,0.6973684210526315,1.0263157894736843,11.639227311563445,0.053629577991814247,0.01577251781140665,True,True,False,0.053629577991814247,-6.045550135724625,-8.279114562786864,-1.0233529573943123,-15.702744178935447,-7.255761605392552,36.138091025391255,0,4.0,1.0,1.0,-1.0,21721.25,-0.48026315789473684,MNQ_v4
single,MNQ,2025-06-20 08:59:00+02:00,2025-06-20 09:13:00+02:00,Short,UK,8,4,Canal Exit,-27.24,1.0,2,21895.25,21908.5,21944.5,49.25,0.22493463194071775,-0.26903553299492383,2.75,19.0,0.05583756345177665,0.38578680203045684,3.0298515116228373,0.013837939788871273,0.018569731374883224,False,False,False,-0.013837939788871273,-10.755737688326917,-33.965980340702856,-27.510656399474474,10.97103501578644,-6.455323941228382,-35.18243559928502,2,2.0,1.0,9.0,-1.0,21924.5,-0.5939086294416244,MNQ_v4
single,MNQ,2025-06-20 09:34:00+02:00,2025-06-20 10:44:00+02:00,Long,UK,9,4,Stop Loss,-161.2,5.0,10,21908.25,21892.5,21892.5,15.75,0.07189072609633358,-1.0,41.25,37.75,2.619047619047619,2.3968253968253967,9.683775638208317,0.04420150234824012,-0.01573912513494011,False,False,False,-0.04420150234824012,2.056379959532933,3.5669533393987893,-1.443488481726529,1.1258463699229324,5.010441821125318,-39.235223766238235,0,6.0,-1.0,3.0,1.0,21885.5,-1.4444444444444444,MNQ_v4
single,MNQ,2025-06-20 19:22:00+02:00,2025-06-20 20:32:00+02:00,Short,US,19,4,Canal Exit,-152.24,1.0,10,21799.5,21875.25,21916.5,117.0,0.5367095575586597,-0.6474358974358975,39.5,101.25,0.33760683760683763,0.8653846153846154,3.3189453345476068,0.015224869077490799,0.02560127832063172,True,True,False,0.015224869077490799,-16.370747984557966,-12.861294497460067,-2.644018920089424,-17.580474198711496,-10.217275577370643,39.83729432475265,0,3.0,1.0,8.0,1.0,21824.5,-0.21367521367521367,MNQ_v4
single,MNQ,2025-06-20 20:53:00+02:00,2025-06-20 21:56:00+02:00,Short,US,20,4,Auto-Close (loss),-53.24,1.0,9,21816.5,21842.75,21900.75,84.25,0.3861756010359132,-0.3115727002967359,18.5,94.5,0.2195845697329377,1.1216617210682494,23.82579814613564,0.10920999310675698,0.044538118170134776,True,False,True,0.10920999310675698,-34.98119267171569,-4.63972764359817,5.664169762289035,-5.13559178498375,-10.303897405887206,1.8005890920450387,3,5.0,1.0,4.0,-1.0,21857.5,-0.486646884272997,MNQ_v4
single,MNQ,2025-06-23 00:49:00+02:00,2025-06-23 02:34:00+02:00,Long,Asia,0,0,Canal Exit,-30.24,1.0,15,21744.0,21729.25,21562.0,182.0,0.8370125091979397,-0.08104395604395605,31.0,36.75,0.17032967032967034,0.20192307692307693,38.83082628378179,0.17858179858251375,-0.09775692622945166,False,False,False,-0.17858179858251375,9.656155668282736,10.954925044257173,8.978743618839616,3.4946680634670244,1.9761814254175576,-30.382972373222366,0,2.0,-1.0,6.0,-1.0,21723.5,-0.11263736263736264,MNQ_v4
single,MNQ,2025-06-23 07:14:00+02:00,2025-06-23 10:09:00+02:00,Long,Asia,7,0,Canal Exit,463.52,2.0,25,21801.5,21917.75,21757.0,44.5,0.20411439579845425,2.6123595505617976,143.25,12.75,3.2191011235955056,0.28651685393258425,3.002551768484409,0.01377222561972529,-0.005415004346048057,True,True,False,0.01377222561972529,1.3521241236267088,19.11444678527892,12.336704762254055,23.106545683753353,6.777742023024864,38.301201921770826,0,3.0,-1.0,9.0,1.0,21922.75,2.7247191011235956,MNQ_v4
single,MNQ,2025-06-23 19:01:00+02:00,2025-06-23 21:00:00+02:00,Long,US,19,0,Canal Exit,325.26,1.0,17,21892.5,22055.5,21738.5,154.0,0.70343725019984,1.0584415584415585,197.5,53.5,1.2824675324675325,0.3474025974025974,26.321804700957728,0.12023206440999305,-0.07745947021922164,False,False,False,-0.12023206440999305,60.444839643558225,6.494617917221667,-0.5647336393951394,-6.215657497811038,7.059351556616807,-26.53340693369977,3,6.0,-1.0,6.0,-1.0,22047.5,1.0064935064935066,MNQ_v4
single,MNQ,2025-06-24 03:09:00+02:00,2025-06-24 07:49:00+02:00,Long,Asia,3,1,Canal Exit,100.76,1.0,40,22239.5,22290.25,22194.0,45.5,0.20459093055149621,1.1153846153846154,63.5,24.25,1.3956043956043955,0.532967032967033,12.473165886454808,0.05608563990402127,-0.013432629104841252,False,True,True,-0.05608563990402127,29.6042777577386,7.348922003588841,1.6732484515785502,16.964557789500457,5.6756735520102914,42.38363418135621,3,7.0,-1.0,5.0,1.0,22361.25,2.6758241758241756,MNQ_v4
single,MNQ,2025-06-24 10:23:00+02:00,2025-06-24 13:18:00+02:00,Long,UK,10,1,Stop Loss,-139.24,1.0,25,22331.5,22262.25,22262.25,69.25,0.3101000828426214,-1.0,20.75,80.25,0.2996389891696751,1.1588447653429603,19.411199862392095,0.08692295574588405,-0.04240765224159639,False,False,False,-0.08692295574588405,17.177015237091837,11.463126139098105,4.0072161614133135,1.7710268532604576,7.455909977684791,-29.54193759400173,1,2.0,-1.0,1.0,1.0,22303.5,-0.4043321299638989,MNQ_v4
single,MNQ,2025-06-24 19:50:00+02:00,2025-06-24 21:56:00+02:00,Long,US,19,1,Auto-Close (loss),-23.74,1.0,18,22416.75,22405.25,22365.0,51.75,0.2308541603934558,-0.2222222222222222,31.0,20.75,0.5990338164251208,0.40096618357487923,5.36104838407482,0.023915368570710832,-0.002950963094083135,False,False,False,-0.023915368570710832,2.032210186993325,16.906136317530112,10.556028732545624,14.467722072511178,6.350107584984489,-31.50880125478812,0,3.0,-1.0,3.0,1.0,22406.25,-0.2028985507246377,MNQ_v4
single,MNQ,2025-06-25 04:26:00+02:00,2025-06-25 06:11:00+02:00,Long,Asia,4,2,Canal Exit,218.34,9.0,15,22402.0,22414.5,22392.5,9.5,0.042406927952861356,1.3157894736842106,20.75,5.25,2.1842105263157894,0.5526315789473685,1.5363061010357342,0.006857897067385654,-0.011616614630596609,False,False,False,-0.006857897067385654,6.198106861778797,0.7565020645435706,-3.9903446546735455,4.281840821602148,4.746846719217116,-25.560842026484877,2,6.0,-1.0,7.0,-1.0,22428.5,2.789473684210526,MNQ_v4
single,MNQ,2025-06-25 11:54:00+02:00,2025-06-25 12:57:00+02:00,Short,UK,11,2,Stop Loss,-173.22,3.0,9,22425.25,22453.75,22453.75,28.5,0.12708888418189318,-1.0,11.0,36.75,0.38596491228070173,1.2894736842105263,0.05085928399785189,0.0002267947246869127,0.011039126503096595,True,True,False,0.0002267947246869127,-5.2222737195770605,-31.93794106232111,-25.783499690903113,-0.4178475006836493,-6.154441371417995,41.394923384266086,2,3.0,1.0,1.0,-1.0,22454.25,-1.0175438596491229,MNQ_v4
single,MNQ,2025-06-25 20:46:00+02:00,2025-06-25 21:56:00+02:00,Short,US,20,2,Stop Loss,-96.74,1.0,10,22414.75,22462.75,22462.75,48.0,0.2141447038222599,-1.0,7.25,64.5,0.15104166666666666,1.34375,0.915840721798304,0.004085884169122136,-0.008679712060135297,True,True,False,0.004085884169122136,-0.5610669390516705,-0.04433278776737792,2.3342528536978313,-14.068872380650367,-2.378585641465209,6.233279808122546,0,2.0,1.0,4.0,-1.0,22459.75,-0.9375,MNQ_v4
single,MNQ,2025-06-26 01:52:00+02:00,2025-06-26 03:51:00+02:00,Long,Asia,1,3,Canal Exit,3.7800000000000002,3.0,17,22465.75,22466.75,22438.0,27.75,0.12352136029289029,0.036036036036036036,15.25,10.75,0.5495495495495496,0.38738738738738737,2.403533991513541,0.010698659032142442,-0.010622350829081592,False,False,False,-0.010698659032142442,10.242488897994917,7.946841320067083,2.709234867851516,6.662947322966151,5.237606452215568,-34.758234582252854,2,8.0,-1.0,6.0,-1.0,22476.5,0.38738738738738737,MNQ_v4
single,MNQ,2025-06-26 04:12:00+02:00,2025-06-26 05:36:00+02:00,Long,Asia,4,3,Canal Exit,253.56,6.0,12,22476.75,22498.25,22463.25,13.5,0.06006206413293737,1.5925925925925926,27.0,7.5,2.0,0.5555555555555556,2.8932513828549418,0.012872196304425425,-0.008207277729179346,False,True,True,-0.012872196304425425,5.696737278143701,13.106926102695587,5.578939560412379,3.4472832404056106,7.527986542283208,39.76569501822786,2,3.0,-1.0,7.0,1.0,22497.25,1.5185185185185186,MNQ_v4
single,MNQ,2025-06-26 07:49:00+02:00,2025-06-26 08:38:00+02:00,Long,Asia,7,3,Canal Exit,151.3,5.0,7,22507.25,22522.75,22489.75,17.5,0.07775272412222728,0.8857142857142857,17.5,7.25,1.0,0.4142857142857143,1.8654539177223342,0.008288235647279584,-0.0005667362182196524,False,True,True,-0.008288235647279584,1.8695092746165756,7.631918887682841,0.6887358497081286,18.993290340809533,6.943183037974713,22.976147935865406,1,4.0,-1.0,3.0,-1.0,22531.0,1.3571428571428572,MNQ_v4
single,MNQ,2025-06-26 09:34:00+02:00,2025-06-26 10:02:00+02:00,Short,UK,9,3,Canal Exit,-65.22,3.0,4,22531.0,22541.5,22557.25,26.25,0.11650614708623673,-0.4,5.5,20.25,0.20952380952380953,0.7714285714285715,1.0843914492143085,0.0048128864640464624,0.014427038132506812,True,False,True,0.0048128864640464624,-5.356173916756234,-12.84105427983824,-7.342620765762518,17.486180837545444,-5.498433514075721,-12.563115237740037,2,4.0,1.0,6.0,-1.0,22562.5,-1.2,MNQ_v4
single,MNQ,2025-06-26 10:23:00+02:00,2025-06-26 10:44:00+02:00,Long,UK,10,3,Canal Exit,-23.48,2.0,3,22568.0,22562.5,22525.75,42.25,0.18721198156682026,-0.1301775147928994,9.25,7.75,0.21893491124260356,0.1834319526627219,2.3219228553716675,0.010288562811820575,-0.0008060069043393643,True,True,False,0.010288562811820575,6.615926373782713,30.92023514891983,24.766807204724937,18.586177177971393,6.153427944194892,34.560679869158385,1,3.0,-1.0,9.0,1.0,22552.75,-0.3609467455621302,MNQ_v4
single,MNQ,2025-06-26 12:08:00+02:00,2025-06-26 14:28:00+02:00,Long,UK,12,3,Stop Loss,-172.96,4.0,20,22562.5,22541.25,22541.25,21.25,0.09418282548476455,-1.0,22.5,42.5,1.0588235294117647,2.0,7.6793787863862235,0.0340360278620996,-0.010393096624936139,False,True,True,-0.0340360278620996,7.419065570211387,6.742319509813585,-1.625041881246439,4.9233202890306975,8.367361391060024,12.029573083825596,1,4.0,-1.0,7.0,1.0,22552.0,-0.49411764705882355,MNQ_v4
single,MNQ,2025-06-26 21:42:00+02:00,2025-06-26 21:56:00+02:00,Long,US,21,3,Auto-Close (profit),76.56,6.0,2,22666.5,22673.25,22652.5,14.0,0.061765160037941455,0.48214285714285715,26.25,20.5,1.875,1.4642857142857142,8.863195614809229,0.03910262111401949,-0.0016264414177292426,False,False,False,-0.03910262111401949,1.1108648214212735,4.455402414810737,4.31269497052314,6.815283476876588,0.14270744428759752,-7.589172262941791,0,1.0,-1.0,3.0,1.0,22670.0,0.25,MNQ_v4
single,MNQ,2025-06-27 01:10:00+02:00,2025-06-27 01:38:00+02:00,Short,Asia,1,4,Canal Exit,-53.22,3.0,4,22676.0,22684.5,22704.5,28.5,0.12568354207091198,-0.2982456140350877,5.0,13.25,0.17543859649122806,0.4649122807017544,0.478736885896069,0.002111205176821613,0.01970235026781463,False,False,False,-0.002111205176821613,-0.5107931375641783,-15.040866272016373,-7.205266926309618,-5.590443846749314,-7.835599345706755,-20.787563523223326,0,4.0,1.0,8.0,-1.0,22679.25,-0.11403508771929824,MNQ_v4
single,MNQ,2025-06-27 07:00:00+02:00,2025-06-27 07:56:00+02:00,Long,Asia,7,4,Canal Exit,338.36,11.0,8,22694.75,22710.5,22686.75,8.0,0.035250443384483195,1.96875,23.5,7.25,2.9375,0.90625,0.6977332554452005,0.0030744258273177737,-0.0029396590956286993,False,True,True,-0.0030744258273177737,0.7814025219195173,13.286231052865507,14.123922282917118,12.096092159415868,-0.8376912300516111,38.41261660671158,0,1.0,1.0,4.0,1.0,22728.75,4.25,MNQ_v4
single,MNQ,2025-06-27 10:44:00+02:00,2025-06-27 14:49:00+02:00,Long,UK,10,4,Canal Exit,-103.7,5.0,35,22739.25,22729.25,22723.0,16.25,0.07146233934716405,-0.6153846153846154,48.25,15.0,2.9692307692307693,0.9230769230769231,3.1963519477430964,0.01405654077308221,-0.004577043016754546,False,False,False,-0.01405654077308221,5.1826370457492885,6.586704748699092,2.616355904418283,10.976087885021007,3.9703488442808093,-38.79766783217338,1,3.0,-1.0,1.0,-1.0,22718.75,-1.2615384615384615,MNQ_v4
single,MNQ,2025-06-27 16:55:00+02:00,2025-06-27 19:22:00+02:00,Short,US,16,4,Canal Exit,-36.24,1.0,21,22753.0,22770.75,22823.75,70.75,0.31094800685623875,-0.2508833922261484,7.0,67.0,0.0989399293286219,0.9469964664310954,6.65669743167382,0.029256350510586823,0.044585101042964544,True,False,True,0.029256350510586823,-23.608045253931778,-11.770930393839453,-5.879193880795272,-0.7636366261527504,-5.891736513044181,6.273563588085438,2,3.0,1.0,5.0,1.0,22731.0,0.31095406360424027,MNQ_v4
single,MNQ,2025-06-30 02:41:00+02:00,2025-06-30 11:40:00+02:00,Long,Asia,2,0,Canal Exit,229.52,2.0,77,22836.25,22894.0,22803.75,32.5,0.14231758716952214,1.7769230769230768,79.75,23.5,2.453846153846154,0.7230769230769231,4.587803086709755,0.020090002021828257,-0.008842854041955669,False,True,True,-0.020090002021828257,1.596080576080567,39.877834976862,35.916194200019234,21.779535848492753,3.9616407768427635,44.15293512056129,0,1.0,-1.0,5.0,1.0,22902.25,2.0307692307692307,MNQ_v4
single,MNQ,2025-06-30 12:01:00+02:00,2025-06-30 13:53:00+02:00,Short,UK,12,0,Canal Exit,-32.22,3.0,16,22888.75,22893.75,22916.0,27.25,0.119054120474032,-0.1834862385321101,9.75,20.25,0.3577981651376147,0.7431192660550459,5.911915070624673,0.025828911891757622,0.021257811181183178,True,False,True,0.025828911891757622,-8.050671099794272,-11.565606018606836,-2.679947890487817,-3.842904583520794,-8.885658128119019,13.287636717273527,1,2.0,1.0,9.0,1.0,22875.0,0.5045871559633027,MNQ_v4
single,MNQ,2025-07-01 09:34:00+02:00,2025-07-01 12:29:00+02:00,Short,UK,9,1,Canal Exit,35.52,2.0,25,22835.75,22826.5,22866.0,30.25,0.13246773151746713,0.30578512396694213,23.0,22.75,0.7603305785123967,0.7520661157024794,5.754331277239544,0.025198783824658896,0.008209734139236839,True,True,False,0.025198783824658896,-5.5978478786491905,-9.635413822163883,-4.2591693388460365,-11.693104133731715,-5.376244483317847,17.724043130996545,2,3.0,1.0,4.0,1.0,22845.75,-0.3305785123966942,MNQ_v4
single,MNQ,2025-07-01 15:03:00+02:00,2025-07-01 16:20:00+02:00,Long,UK,15,1,Canal Exit,-85.74,1.0,11,22816.25,22773.75,22756.0,60.25,0.2640661809017696,-0.7053941908713693,28.75,50.0,0.47717842323651455,0.8298755186721992,5.26330605369003,0.023068234498175775,-0.03472868070176316,False,True,True,-0.023068234498175775,19.726223999565264,22.928277040879163,14.67589630693628,-6.055770082659461,8.252380733942882,5.2627908359317255,2,2.0,-1.0,6.0,1.0,22635.0,-3.008298755186722,MNQ_v4
single,MNQ,2025-07-02 04:40:00+02:00,2025-07-02 05:08:00+02:00,Long,Asia,4,2,Canal Exit,31.76,1.0,4,22727.25,22743.5,22675.25,52.0,0.22880022880022882,0.3125,18.25,12.25,0.35096153846153844,0.23557692307692307,0.40836404098809,0.001796803577151173,-0.019916902313293322,True,True,False,0.001796803577151173,17.641539856384043,31.019015632848433,21.155602864378544,-6.046212247253519,9.863412768469889,45.49572775941564,3,4.0,-1.0,7.0,1.0,22742.0,0.28365384615384615,MNQ_v4
single,MNQ,2025-07-02 08:10:00+02:00,2025-07-02 09:20:00+02:00,Long,Asia,8,2,Stop Loss,-164.96,4.0,10,22766.5,22746.25,22746.25,20.25,0.08894647837831902,-1.0,10.25,27.25,0.5061728395061729,1.345679012345679,4.915125833613274,0.021589290552404956,-0.005753550669218354,False,False,False,-0.021589290552404956,0.27547166032672976,23.034358764497334,21.407400460713696,13.722691323620909,1.6269583037836384,-23.52879398262837,0,1.0,-1.0,4.0,1.0,22724.5,-2.074074074074074,MNQ_v4
single,MNQ,2025-07-02 12:36:00+02:00,2025-07-02 12:57:00+02:00,Short,UK,12,2,Canal Exit,1.52,2.0,3,22687.5,22686.75,22718.75,31.25,0.13774104683195593,0.024,15.5,9.25,0.496,0.296,1.2971280275814934,0.005717368716612643,0.006123191028539626,True,False,True,0.005717368716612643,-2.4605095216465998,-34.1137488549647,-27.127403974006107,-20.390955734549472,-6.98634488095859,-37.005822791634145,0,3.0,1.0,6.0,-1.0,22686.0,0.048,MNQ_v4
single,MNQ,2025-07-02 15:17:00+02:00,2025-07-02 16:13:00+02:00,Long,UK,15,2,Canal Exit,229.76,1.0,8,22644.25,22759.5,22584.75,59.5,0.26275986177506433,1.9369747899159664,120.75,11.25,2.0294117647058822,0.18907563025210083,2.1531391088064993,0.009508546800209763,-0.04287423191035426,False,True,True,-0.009508546800209763,21.16545302859231,14.84993745167796,7.464866734245845,-21.315451698239958,7.385070717432114,44.018537553626764,2,8.0,-1.0,1.0,1.0,22780.5,2.2899159663865545,MNQ_v4
single,MNQ,2025-07-03 00:21:00+02:00,2025-07-03 00:35:00+02:00,Short,Asia,0,3,Canal Exit,-59.22,3.0,2,22836.0,22845.5,22863.0,27.0,0.1182343667892801,-0.35185185185185186,4.5,10.75,0.16666666666666666,0.39814814814814814,0.11906595098116668,0.0005213958266822854,0.0131223451572421,False,False,False,-0.0005213958266822854,-0.49567094251324306,-22.952240214277275,-13.920974593436448,7.82778345754759,-9.031265620840827,-32.45849677855626,0,2.0,1.0,7.0,-1.0,22847.25,-0.4166666666666667,MNQ_v4
single,MNQ,2025-07-03 00:56:00+02:00,2025-07-03 04:26:00+02:00,Long,Asia,0,3,Stop Loss,-184.44,6.0,30,22846.5,22831.5,22831.5,15.0,0.06565557087518875,-1.0,25.0,19.5,1.6666666666666667,1.3,4.290177489281632,0.018778270147644636,-0.005884074956114859,False,False,False,-0.018778270147644636,2.6282743455776654,10.741482665751592,2.1990653042634083,9.134631654131281,8.542417361488184,-34.65383210439429,2,4.0,-1.0,1.0,1.0,22836.5,-0.6666666666666666,MNQ_v4
single,MNQ,2025-07-03 06:04:00+02:00,2025-07-03 07:56:00+02:00,Short,Asia,6,3,Canal Exit,-16.2,5.0,16,22866.25,22867.5,22882.25,16.0,0.06997212048324496,-0.078125,15.5,8.75,0.96875,0.546875,7.193102839599305,0.031457291158800874,0.020873478776061265,True,False,True,0.031457291158800874,-5.337561785647267,-1.2886975595466605,6.6137782364214655,8.095359833136827,-7.902475795968126,-31.303680084702073,1,3.0,1.0,6.0,-1.0,22887.0,-1.296875,MNQ_v4
single,MNQ,2025-07-03 08:17:00+02:00,2025-07-03 09:34:00+02:00,Long,Asia,8,3,Canal Exit,119.28,3.0,11,22877.5,22897.75,22850.75,26.75,0.11692711179106109,0.7570093457943925,22.0,10.0,0.822429906542056,0.37383177570093457,0.048844841672689654,0.00021350602851137428,-0.00811770310009429,False,True,True,-0.00021350602851137428,9.37122924495634,18.886351732269027,9.92643961225928,14.280232998281987,8.959912120009747,17.442072418727466,3,3.0,-1.0,3.0,-1.0,22884.5,0.2616822429906542,MNQ_v4
single,MNQ,2025-07-04 03:58:00+02:00,2025-07-04 04:26:00+02:00,Short,Asia,3,4,Canal Exit,110.28,3.0,4,23025.25,23006.5,23049.75,24.5,0.10640492502795845,0.7653061224489796,33.25,5.25,1.3571428571428572,0.21428571428571427,3.4456425476601,0.014964625998241495,0.01106381038281,True,False,True,0.014964625998241495,-1.621971271444636,-24.031284181804004,-15.653885345868735,-11.250936457546912,-8.377398835935269,-40.5015477056583,0,4.0,1.0,9.0,-1.0,23015.5,0.3979591836734694,MNQ_v4
single,MNQ,2025-07-04 05:15:00+02:00,2025-07-04 05:29:00+02:00,Long,Asia,5,4,Canal Exit,13.04,4.0,2,23013.5,23015.5,22992.0,21.5,0.09342342538075477,0.09302325581395349,6.0,2.75,0.27906976744186046,0.12790697674418605,2.7235056394856656,0.011834382599281577,-0.011236675225070332,True,True,False,0.011834382599281577,6.147552796945092,25.442251853025592,23.443609622235,-12.143358954122037,1.9986422307905904,27.910967531611334,3,2.0,-1.0,6.0,1.0,23011.25,-0.10465116279069768,MNQ_v4
single,MNQ,2025-07-04 05:50:00+02:00,2025-07-04 09:55:00+02:00,Short,Asia,5,4,Canal Exit,1361.36,11.0,35,23011.5,22949.25,23019.5,8.0,0.03476522608261087,7.78125,69.0,4.5,8.625,0.5625,5.0623915178875905,0.02199939820475671,0.0032377388527154273,True,False,True,0.02199939820475671,-1.0302775048694457,-1.5157010332896816,3.4727179020072096,-6.625951023774431,-4.988418935296892,-18.237829020498882,0,3.0,1.0,3.0,1.0,22952.0,7.4375,MNQ_v4
single,MNQ,2025-07-04 12:36:00+02:00,2025-07-04 18:54:00+02:00,Short,UK,12,4,Auto-Close (profit),281.3,5.0,54,22933.0,22904.5,22950.5,17.5,0.07630924868094013,1.6285714285714286,51.75,15.0,2.9571428571428573,0.8571428571428571,5.339345253974898,0.023282367130226737,0.007836714100767988,True,False,True,0.023282367130226737,-8.920458206146577,-5.415970333561208,-0.9119867447185843,-13.076732895199862,-4.503983588842623,-29.687892369975184,2,4.0,1.0,1.0,1.0,22998.5,-3.742857142857143,MNQ_v4
single,MNQ,2025-07-07 00:14:00+02:00,2025-07-07 00:35:00+02:00,Long,Asia,0,0,Canal Exit,-16.74,1.0,3,22999.0,22991.0,22895.5,103.5,0.4500195660680899,-0.07729468599033816,9.0,21.25,0.08695652173913043,0.20531400966183574,9.14778552401549,0.03977470987440971,-0.019482408440440035,True,True,False,0.03977470987440971,22.703837039676728,11.544157615716228,3.044273479859731,2.2956840326649632,8.499884135856497,27.740703501531105,2,3.0,-1.0,5.0,1.0,22994.25,-0.04589371980676329,MNQ_v4
single,MNQ,2025-07-07 00:56:00+02:00,2025-07-07 01:17:00+02:00,Short,Asia,0,0,Stop Loss,-145.48,2.0,3,22966.0,23002.0,23002.0,36.0,0.15675346163894455,-1.0,6.0,38.5,0.16666666666666666,1.0694444444444444,18.601651995595603,0.08099648173646086,0.05045529699459055,True,False,True,0.08099648173646086,-18.529895453859353,-8.851540991611111,-0.37588508783283103,-3.3310957161161547,-8.47565590377828,-4.078032712205748,1,2.0,1.0,4.0,-1.0,22985.5,-0.5416666666666666,MNQ_v4
single,MNQ,2025-07-07 07:49:00+02:00,2025-07-07 08:10:00+02:00,Long,Asia,7,0,Stop Loss,-172.44,6.0,3,22945.75,22931.75,22931.75,14.0,0.06101347744135624,-1.0,6.5,17.75,0.4642857142857143,1.2678571428571428,2.54449049122195,0.011089158084708279,-0.017586088990425082,False,True,True,-0.011089158084708279,7.329854820523906,8.931912026923813,1.7139792845981088,-0.08774302850627436,7.217932742325704,-7.549990473081209,1,2.0,-1.0,3.0,1.0,22938.75,-0.5,MNQ_v4
single,MNQ,2025-07-07 10:09:00+02:00,2025-07-07 10:44:00+02:00,Short,UK,10,0,Canal Exit,21.78,3.0,5,22924.5,22920.5,22949.5,25.0,0.10905363257650111,0.16,16.25,11.25,0.65,0.45,0.08493933752470184,0.00037051773222840996,0.00508315596602379,False,False,False,-0.00037051773222840996,-7.845560925143218,-4.080939407369489,0.07165199613607642,3.212060707567005,-4.152591403505566,-17.610200414546107,3,5.0,1.0,2.0,-1.0,22915.0,0.38,MNQ_v4
single,MNQ,2025-07-07 18:40:00+02:00,2025-07-07 19:01:00+02:00,Short,US,18,0,Canal Exit,5.26,1.0,3,22871.75,22868.75,22962.75,91.0,0.3978707357329457,0.03296703296703297,22.0,41.5,0.24175824175824176,0.45604395604395603,2.0268844632446417,0.008861956182822222,0.018869970863870333,False,False,False,-0.008861956182822222,-12.547957741200662,-10.51555575747612,-4.564759278427916,-4.706150563848506,-5.950796479048204,-18.32877108573272,2,3.0,1.0,4.0,-1.0,22869.25,0.027472527472527472,MNQ_v4
single,MNQ,2025-07-07 20:18:00+02:00,2025-07-07 20:39:00+02:00,Short,US,20,0,Canal Exit,-73.24,1.0,3,22816.75,22853.0,22928.0,111.25,0.48758039598102276,-0.3258426966292135,36.5,39.75,0.32808988764044944,0.35730337078651686,0.45444719953957247,0.001991726251721093,-0.005494016645757806,False,False,False,-0.001991726251721093,-4.826616080190433,-20.650356270626133,-19.680823884471113,-5.327784622758919,-0.96953238615502,-17.64740867735877,0,3.0,1.0,5.0,-1.0,22853.0,-0.3258426966292135,MNQ_v4
single,MNQ,2025-07-07 21:35:00+02:00,2025-07-07 21:56:00+02:00,Short,US,21,0,Stop Loss,-181.48,2.0,3,22845.5,22890.5,22890.5,45.0,0.19697533431091463,-1.0,4.75,47.25,0.10555555555555556,1.05,14.710288361893618,0.06439031039764337,0.014685025474943741,True,True,False,0.06439031039764337,-2.8913693708855135,-7.781678602800387,-0.26244753944498767,-6.071159664212956,-7.519231063355399,-6.417527685670378,0,2.0,1.0,4.0,-1.0,22858.5,-0.28888888888888886,MNQ_v4
single,MNQ,2025-07-08 04:33:00+02:00,2025-07-08 05:01:00+02:00,Long,Asia,4,1,Canal Exit,-23.24,1.0,4,22936.5,22925.25,22885.5,51.0,0.2223530181152312,-0.22058823529411764,2.25,21.5,0.04411764705882353,0.4215686274509804,7.984780018487072,0.034812547766603766,-0.017150139370586463,False,True,True,-0.034812547766603766,2.124859647006815,17.750119211900504,6.92386240392095,14.31669315019081,10.826256807979554,39.70814590546638,0,4.0,-1.0,9.0,1.0,22921.25,-0.29901960784313725,MNQ_v4
single,MNQ,2025-07-08 05:36:00+02:00,2025-07-08 08:10:00+02:00,Short,Asia,5,1,Stop Loss,-172.44,6.0,22,22924.75,22938.75,22938.75,14.0,0.061069368259195844,-1.0,20.75,18.0,1.4821428571428572,1.2857142857142858,0.7252677481883438,0.003163688800045121,0.013570800123145451,False,True,True,-0.003163688800045121,-0.4809769303210487,-8.291935176281937,-6.359636013244559,18.397897968241622,-1.9322991630373778,36.74387308853618,0,4.0,1.0,2.0,-1.0,22940.25,-1.1071428571428572,MNQ_v4
single,MNQ,2025-07-08 09:13:00+02:00,2025-07-08 09:34:00+02:00,Short,UK,9,1,Canal Exit,-147.72,3.0,3,22924.25,22948.5,22951.75,27.5,0.11996030404484335,-0.8818181818181818,6.75,26.5,0.24545454545454545,0.9636363636363636,2.204839458085189,0.009617934973162432,0.010429843023319629,False,False,False,-0.009617934973162432,-6.229896331577038,-9.781839748387704,-3.5191551149659324,6.7200888960475,-6.262684633421771,-10.937281579766372,2,3.0,1.0,4.0,-1.0,22945.5,-0.7727272727272727,MNQ_v4
single,MNQ,2025-07-08 09:55:00+02:00,2025-07-08 10:02:00+02:00,Long,UK,9,1,Canal Exit,-22.48,2.0,1,22950.75,22945.5,22917.5,33.25,0.14487543980044226,-0.15789473684210525,21.25,6.75,0.6390977443609023,0.20300751879699247,1.104226546602149,0.0048112874158890186,-0.005091687369183064,True,True,False,0.0048112874158890186,4.916172291697876,34.097058413137404,30.431413548097964,8.682968659277071,3.6656448650394395,30.2941604672499,2,1.0,-1.0,6.0,1.0,22947.5,-0.09774436090225563,MNQ_v4
single,MNQ,2025-07-08 10:23:00+02:00,2025-07-08 11:26:00+02:00,Short,UK,10,1,Canal Exit,71.28,3.0,9,22947.0,22934.75,22972.0,25.0,0.10894670327275897,0.49,18.25,7.0,0.73,0.28,4.1341978536656825,0.018016289073367685,0.012389098553851313,True,False,True,0.018016289073367685,-1.1207585624615604,-7.55444055275002,-0.513175916836802,11.666004680549191,-7.041264635913217,5.675561649331903,0,3.0,1.0,7.0,1.0,22925.25,0.87,MNQ_v4
single,MNQ,2025-07-08 15:10:00+02:00,2025-07-08 15:31:00+02:00,Long,UK,15,1,Stop Loss,-180.72,3.0,3,22944.25,22914.5,22914.5,29.75,0.12966211578064218,-1.0,9.75,50.25,0.3277310924369748,1.6890756302521008,4.057390679976379,0.01768369277695448,-0.013629399757350152,False,True,True,-0.01768369277695448,2.499664935909095,13.797447702482382,6.054941833301924,1.7980634834011748,7.742505869180458,6.567741371992636,1,2.0,-1.0,6.0,1.0,22880.75,-2.134453781512605,MNQ_v4
single,MNQ,2025-07-08 18:54:00+02:00,2025-07-08 21:56:00+02:00,Short,US,18,1,Auto-Close (profit),36.26,1.0,26,22910.25,22891.75,22962.75,52.5,0.2291550725112122,0.3523809523809524,40.25,32.25,0.7666666666666667,0.6142857142857143,9.27322542075126,0.04047631702295374,0.02953090477508343,True,False,True,0.04047631702295374,-21.40488827468289,-8.14435084660989,-1.9564489744797484,-3.164923499293844,-6.187901872130142,17.196984757095027,3,4.0,1.0,4.0,-1.0,22903.0,0.1380952380952381,MNQ_v4
single,MNQ,2025-07-09 04:40:00+02:00,2025-07-09 08:17:00+02:00,Short,Asia,4,2,Canal Exit,233.8,5.0,31,22883.5,22859.75,22900.75,17.25,0.07538182533266327,1.3768115942028984,40.25,12.5,2.3333333333333335,0.7246376811594203,4.1409257345076185,0.018095683503430937,0.011680707042331474,True,False,True,0.018095683503430937,-5.039686696891295,-9.652838209596135,-1.4674581355385188,-10.88125162600503,-8.185380074057615,-31.6914916012653,1,5.0,1.0,7.0,-1.0,22876.5,0.4057971014492754,MNQ_v4
single,MNQ,2025-07-09 13:18:00+02:00,2025-07-09 14:42:00+02:00,Long,UK,13,2,Canal Exit,127.04,4.0,12,22938.25,22954.5,22916.0,22.25,0.09699955314812594,0.7303370786516854,16.25,11.0,0.7303370786516854,0.4943820224719101,2.5886844239212223,0.011285448645477411,-0.0025326521680552002,False,False,False,-0.011285448645477411,0.6204188338742824,15.120789823064964,11.134127779957597,19.77628031849648,3.9866620431073674,3.7653490574259223,0,3.0,-1.0,2.0,-1.0,22933.25,-0.2247191011235955,MNQ_v4
single,MNQ,2025-07-09 17:37:00+02:00,2025-07-09 20:39:00+02:00,Long,US,17,2,Canal Exit,64.76,1.0,26,22977.0,23009.75,22917.0,60.0,0.2611306959133046,0.5458333333333333,49.75,39.5,0.8291666666666667,0.6583333333333333,25.465669538782095,0.11083113347600684,-0.07638957986622336,False,True,True,-0.11083113347600684,37.37703949535353,18.915142264633598,11.6380944937118,-1.233015361100107,7.277047770921799,31.526372363249617,2,2.0,-1.0,2.0,1.0,23032.0,0.9166666666666666,MNQ_v4
single,MNQ,2025-07-10 00:07:00+02:00,2025-07-10 01:45:00+02:00,Long,Asia,0,3,Stop Loss,-167.22,3.0,14,23058.75,23031.25,23031.25,27.5,0.11926058437686345,-1.0,7.25,28.75,0.2636363636363636,1.0454545454545454,4.354800421242544,0.018885674293890795,-0.00666158957521836,False,False,False,-0.018885674293890795,3.413288526753604,18.587244474097737,10.467785470209684,27.220490869489442,8.119459003888053,-38.25181181550407,0,4.0,-1.0,2.0,-1.0,23021.25,-1.3636363636363635,MNQ_v4
single,MNQ,2025-07-10 05:08:00+02:00,2025-07-10 09:48:00+02:00,Short,Asia,5,3,Stop Loss,-140.22,3.0,40,22998.5,23021.5,23021.5,23.0,0.10000652216448898,-1.0,20.5,23.0,0.8913043478260869,1.0,4.515512391393713,0.01963394304582348,0.012343979070899411,True,True,False,0.01963394304582348,-7.516862635988218,-9.599086726516537,1.1553895890155355,-12.650225618849056,-10.754476315532074,44.63357838939029,1,5.0,1.0,1.0,-1.0,23023.25,-1.076086956521739,MNQ_v4
single,MNQ,2025-07-10 12:08:00+02:00,2025-07-10 13:53:00+02:00,Long,UK,12,3,Canal Exit,291.04,4.0,15,23034.25,23071.0,23012.75,21.5,0.09333926652701954,1.7093023255813953,42.25,5.75,1.9651162790697674,0.26744186046511625,8.68909579103638,0.03772250362410923,-0.016907360173281472,False,True,True,-0.03772250362410923,0.0032006410365283955,9.496138125409171,0.008943768195922353,17.823196535033095,9.487194357213248,45.202344667972326,0,5.0,-1.0,9.0,1.0,23058.5,1.127906976744186,MNQ_v4
single,MNQ,2025-07-10 15:10:00+02:00,2025-07-10 15:31:00+02:00,Long,UK,15,3,Stop Loss,-164.96,4.0,3,23055.25,23035.0,23035.0,20.25,0.08783248934624434,-1.0,34.5,33.25,1.7037037037037037,1.6419753086419753,8.902677087178745,0.03861453285988547,-0.013415060260786097,False,True,True,-0.03861453285988547,6.59831514535108,4.207022621385794,-2.0586416810052115,8.719874710162658,6.265664302391006,27.25978024157462,1,3.0,-1.0,6.0,1.0,22964.0,-4.506172839506172,MNQ_v4
single,MNQ,2025-07-10 15:52:00+02:00,2025-07-10 16:13:00+02:00,Short,US,15,3,Canal Exit,-43.24,1.0,3,22942.75,22964.0,23089.75,147.0,0.6407252835863181,-0.1445578231292517,41.75,65.25,0.28401360544217685,0.44387755102040816,7.0056603858902236,0.03053539957455067,0.015251555536114736,False,False,False,-0.03053539957455067,-9.185684221865813,-27.205036088235186,-17.706964397401112,-6.63863833495646,-9.498071690834074,-41.93881679703992,0,3.0,1.0,8.0,-1.0,22960.75,-0.12244897959183673,MNQ_v4
single,MNQ,2025-07-10 18:19:00+02:00,2025-07-10 19:29:00+02:00,Short,US,18,3,Stop Loss,-158.96,4.0,10,23005.75,23025.25,23025.25,19.5,0.0847614183410669,-1.0,27.5,22.75,1.4102564102564104,1.1666666666666667,9.612781384515984,0.04178425560790665,0.033438915423719524,True,False,True,0.04178425560790665,-17.175581175200932,-2.2557004591811762,2.635440158073383,-13.290751566032428,-4.891140617254559,19.647944305800806,1,2.0,1.0,5.0,-1.0,23037.25,-1.6153846153846154,MNQ_v4
single,MNQ,2025-07-11 01:38:00+02:00,2025-07-11 01:52:00+02:00,Short,Asia,1,4,Stop Loss,-180.18,7.0,2,23033.5,23046.0,23046.0,12.5,0.0542687824255975,-1.0,1.25,15.25,0.1,1.22,0.09342804302286822,0.0004056180911405919,0.009972564104749396,False,False,False,-0.0004056180911405919,-4.461184219482675,-3.60559744732468,3.123443657544029,-4.381474463004833,-6.729041104868709,4.824711171517196,2,1.0,1.0,1.0,-1.0,23015.5,1.44,MNQ_v4
single,MNQ,2025-07-11 08:24:00+02:00,2025-07-11 09:06:00+02:00,Long,Asia,8,4,Stop Loss,-161.22,3.0,6,22964.0,22937.5,22937.5,26.5,0.11539801428322592,-1.0,5.75,35.5,0.2169811320754717,1.3396226415094339,5.025904973197612,0.021886017127667707,-0.008171943188951801,False,False,False,-0.021886017127667707,0.028045781906257616,2.074121066278399,-4.168438198294695,0.4514781323765469,6.242559264573094,-14.493318583293755,0,3.0,-1.0,3.0,1.0,22937.25,-1.009433962264151,MNQ_v4
single,MNQ,2025-07-11 11:54:00+02:00,2025-07-11 13:46:00+02:00,Short,UK,11,4,Stop Loss,-99.24,1.0,16,22866.0,22915.25,22915.25,49.25,0.21538528820082217,-1.0,13.25,57.0,0.26903553299492383,1.1573604060913705,1.8947375518255285,0.008286265861215466,0.009498599516375054,True,True,False,0.008286265861215466,-5.329558872468624,-22.299349721266243,-16.224580454895708,-19.21345793339539,-6.074769266370534,38.25124318222766,0,2.0,1.0,9.0,1.0,22904.25,-0.7766497461928934,MNQ_v4
single,MNQ,2025-07-11 19:43:00+02:00,2025-07-11 19:57:00+02:00,Short,US,19,4,Canal Exit,-52.48,2.0,2,22989.0,23001.75,23021.75,32.75,0.14245943712210188,-0.3893129770992366,23.75,18.25,0.7251908396946565,0.5572519083969466,0.6997445998786134,0.0030438235672652723,0.020423251487996445,False,False,False,-0.0030438235672652723,-0.7745403116459784,-4.264145891802753,2.7747111483005225,-1.5820693500058713,-7.0388570401032755,-5.685034854788479,0,2.0,1.0,7.0,-1.0,22992.5,-0.10687022900763359,MNQ_v4
single,MNQ,2025-07-14 13:04:00+02:00,2025-07-14 13:11:00+02:00,Long,UK,13,0,Stop Loss,-170.96,4.0,1,22891.25,22870.25,22870.25,21.0,0.09173810953967128,-1.0,1.0,24.25,0.047619047619047616,1.1547619047619047,6.293522451276658,0.027493135810742784,-0.010830419626391476,False,False,False,-0.027493135810742784,1.660388108528423,9.465403215110374,0.278481952759134,9.099353487372706,9.186921262351241,10.688031768189605,0,2.0,-1.0,1.0,-1.0,22867.25,-1.1428571428571428,MNQ_v4
single,MNQ,2025-07-14 19:01:00+02:00,2025-07-14 21:56:00+02:00,Long,US,19,0,Auto-Close (loss),-21.24,1.0,25,23044.75,23034.5,22999.5,45.25,0.19635708783996356,-0.2265193370165746,23.0,28.75,0.5082872928176796,0.6353591160220995,3.282047852546384,0.014242063170771582,0.0005610944464790858,False,False,False,-0.014242063170771582,2.685719242290361,32.35148224831813,26.79045866537714,14.767193176609737,5.561023582940987,-28.0891451493559,0,3.0,-1.0,5.0,-1.0,23026.25,-0.4088397790055249,MNQ_v4
single,MNQ,2025-07-15 02:41:00+02:00,2025-07-15 03:37:00+02:00,Short,Asia,2,1,Stop Loss,-168.7,5.0,8,23003.25,23019.75,23019.75,16.5,0.07172899481594992,-1.0,7.0,41.25,0.42424242424242425,2.5,3.2126304165431065,0.013965984878411122,0.007750440799387799,True,False,True,0.013965984878411122,-4.274251924012788,-7.44392417824032,-1.8473124250725057,-14.258215163441918,-5.596611753167815,15.744928968834769,1,4.0,1.0,4.0,-1.0,23121.75,-7.181818181818182,MNQ_v4
single,MNQ,2025-07-15 04:33:00+02:00,2025-07-15 05:57:00+02:00,Short,Asia,4,1,Canal Exit,-78.74,1.0,12,23058.0,23097.0,23173.75,115.75,0.501994969208084,-0.3369330453563715,18.75,43.0,0.16198704103671707,0.3714902807775378,17.12548992693337,0.07427135886431334,0.08243568584433678,True,True,False,0.07427135886431334,-52.926113732362865,-20.38743059428708,-12.221909791850656,7.394093634378483,-8.165520802436422,44.9649077621688,3,4.0,1.0,4.0,1.0,23102.5,-0.38444924406047515,MNQ_v4
single,MNQ,2025-07-15 09:13:00+02:00,2025-07-15 15:24:00+02:00,Long,UK,9,1,Canal Exit,876.82,7.0,53,23143.5,23206.5,23132.0,11.5,0.049689977747531706,5.478260869565218,79.25,11.25,6.891304347826087,0.9782608695652174,6.950889146850386,0.030033871915874377,-0.00845162917264891,False,True,True,-0.030033871915874377,13.467852887777553,9.87269802254003,4.659496125093051,16.284936601378522,5.213201897446979,37.95312008145571,3,6.0,-1.0,6.0,1.0,23185.5,3.652173913043478,MNQ_v4
single,MNQ,2025-07-15 15:52:00+02:00,2025-07-15 16:06:00+02:00,Short,US,15,1,Canal Exit,-91.24,1.0,2,23140.25,23185.5,23222.75,82.5,0.35652164518533724,-0.5484848484848485,21.25,48.25,0.25757575757575757,0.5848484848484848,7.885299309324182,0.034076119788352253,0.02509526740334931,False,False,False,-0.034076119788352253,-22.606821523277176,-19.738920595940534,-13.285897663502455,5.804336070398264,-6.4530229324380795,-21.431382593918528,3,2.0,1.0,4.0,-1.0,23146.0,-0.0696969696969697,MNQ_v4
single,MNQ,2025-07-15 18:33:00+02:00,2025-07-15 19:08:00+02:00,Short,US,18,1,Canal Exit,123.52,2.0,5,23136.25,23105.0,23181.0,44.75,0.19341941758063644,0.6983240223463687,53.75,19.75,1.2011173184357542,0.441340782122905,0.7385324874121579,0.0031921010855785097,0.009694224242350932,False,False,False,-0.0031921010855785097,-2.802415228336031,-22.86192389134526,-21.317202517167303,-12.809203423268537,-1.544721374177957,-15.663655172353707,0,1.0,1.0,2.0,1.0,23116.5,0.441340782122905,MNQ_v4
single,MNQ,2025-07-15 19:43:00+02:00,2025-07-15 20:11:00+02:00,Long,US,19,1,Canal Exit,66.26,1.0,4,23137.5,23171.0,23086.5,51.0,0.22042139384116696,0.6568627450980392,42.25,6.0,0.8284313725490197,0.11764705882352941,3.7517609005371924,0.01621506602069019,-0.026820377454984664,False,True,True,-0.01621506602069019,12.753151754266582,15.495804291214986,9.620277091903585,-10.77016076985548,5.875527199311401,44.37283505694069,2,4.0,-1.0,9.0,1.0,23098.75,-0.7598039215686274,MNQ_v4
single,MNQ,2025-07-15 20:46:00+02:00,2025-07-15 21:56:00+02:00,Short,US,20,1,Auto-Close (profit),333.52,2.0,10,23135.75,23052.0,23180.0,44.25,0.19126244016295127,1.8926553672316384,95.25,22.75,2.152542372881356,0.5141242937853108,9.835470335034188,0.04251200127523071,0.03632923767403312,True,False,True,0.04251200127523071,-23.95825363858239,-6.108446212768449,3.2056054976706063,-5.729604955110562,-9.314051710439056,-11.610132213268018,2,4.0,1.0,5.0,1.0,23016.75,2.689265536723164,MNQ_v4
single,MNQ,2025-07-16 01:24:00+02:00,2025-07-16 03:58:00+02:00,Short,Asia,1,2,Stop Loss,-180.48,2.0,22,22988.75,23033.5,23033.5,44.75,0.19466043173291284,-1.0,11.25,45.5,0.25139664804469275,1.0167597765363128,6.569996624697524,0.028579181663629053,-0.0013498319070585447,True,True,False,0.028579181663629053,-2.683631715772208,-1.0657775633615743,4.2547199195728505,-20.379908549571116,-5.3204974829344245,30.11118062646665,0,2.0,1.0,1.0,-1.0,23021.5,-0.7318435754189944,MNQ_v4
single,MNQ,2025-07-16 16:34:00+02:00,2025-07-16 17:16:00+02:00,Long,US,16,2,Stop Loss,-128.24,1.0,6,23012.0,22948.25,22948.25,63.75,0.27702937597775074,-1.0,33.0,113.75,0.5176470588235295,1.7843137254901962,15.963683540605416,0.06937112611074837,-0.059791945028223555,False,True,True,-0.06937112611074837,33.460782522361114,12.760924341173046,5.001075397677611,-10.92650570990592,7.759848943495435,8.174457832801359,2,2.0,-1.0,5.0,1.0,22988.0,-0.3764705882352941,MNQ_v4
single,MNQ,2025-07-16 19:43:00+02:00,2025-07-16 20:53:00+02:00,Short,US,19,2,Stop Loss,-154.48,2.0,10,23029.75,23068.0,23068.0,38.25,0.16608951464952942,-1.0,13.5,44.25,0.35294117647058826,1.1568627450980393,12.323210440023104,0.053509961853789575,0.05259697186919961,True,True,False,0.053509961853789575,-41.76545940029246,-2.923538713303951,6.706744320986731,-11.70967422337423,-9.630283034290683,40.65656559620149,3,4.0,1.0,1.0,-1.0,23074.25,-1.1633986928104576,MNQ_v4
single,MNQ,2025-07-17 03:37:00+02:00,2025-07-17 04:40:00+02:00,Short,Asia,3,3,Canal Exit,113.04,4.0,9,23039.0,23024.5,23058.75,19.75,0.08572420677980815,0.7341772151898734,17.25,1.0,0.8734177215189873,0.05063291139240506,0.8637370889991871,0.0037490216111775126,0.011214104768727093,True,False,True,0.0037490216111775126,-9.8962775493128,-7.768415234945445,-0.6127857838732367,-7.277145141313714,-7.155629451072208,-18.787524456487038,2,5.0,1.0,1.0,1.0,23027.25,0.5949367088607594,MNQ_v4
single,MNQ,2025-07-17 06:32:00+02:00,2025-07-17 06:53:00+02:00,Short,Asia,6,3,Stop Loss,-178.44,6.0,3,23027.5,23042.0,23042.0,14.5,0.06296819020736076,-1.0,0.75,14.75,0.05172413793103448,1.0172413793103448,2.15737119960977,0.009368673106545522,0.008965449849082176,True,False,True,0.009368673106545522,-7.423717615769419,-12.175281274787519,-2.0801241887643336,-12.73044678848366,-10.095157086023185,-11.539601248092843,2,2.0,1.0,5.0,-1.0,23065.0,-2.586206896551724,MNQ_v4
single,MNQ,2025-07-17 15:31:00+02:00,2025-07-17 15:52:00+02:00,Short,US,15,3,Stop Loss,-138.24,1.0,3,23089.5,23158.25,23158.25,68.75,0.2977543905238312,-1.0,23.75,69.0,0.34545454545454546,1.0036363636363637,6.1589036535297055,0.026674045144025233,0.04145419225582932,True,False,True,0.026674045144025233,-28.277019282399124,-14.914883906290585,-6.07464266762593,9.152377253863436,-8.840241238664655,2.89294977662443,2,2.0,1.0,4.0,-1.0,23139.5,-0.7272727272727273,MNQ_v4
single,MNQ,2025-07-17 19:29:00+02:00,2025-07-17 20:11:00+02:00,Long,US,19,3,Stop Loss,-158.7,5.0,6,23256.0,23240.5,23240.5,15.5,0.06664946680426558,-1.0,25.0,20.0,1.6129032258064515,1.2903225806451613,9.709701602070709,0.041751382877841026,-0.0006332239198854011,False,False,False,-0.041751382877841026,3.1463523509119113,0.23706742286852303,-2.5528917211303925,20.2961956400213,2.7899591439989155,6.072067462015809,0,5.0,-1.0,4.0,1.0,23255.75,-0.016129032258064516,MNQ_v4
single,MNQ,2025-07-18 02:34:00+02:00,2025-07-18 03:16:00+02:00,Short,Asia,2,4,Canal Exit,159.32,7.0,6,23273.0,23261.25,23285.5,12.5,0.053710308082327164,0.94,12.0,2.5,0.96,0.2,0.31581458563596243,0.001356999895312003,0.01147985013671796,True,False,True,0.001356999895312003,-7.63475089315034,-12.490162665847572,-5.316376528872505,4.067499089820488,-7.1737861369750675,-24.598554497739272,3,4.0,1.0,2.0,1.0,23263.75,0.74,MNQ_v4
single,MNQ,2025-07-18 03:51:00+02:00,2025-07-18 06:25:00+02:00,Long,Asia,3,4,Canal Exit,167.6,10.0,22,23268.0,23276.75,23259.25,8.75,0.037605294825511434,1.0,19.25,8.0,2.2,0.9142857142857143,2.128851971763652,0.009149269261490681,-0.007347288863878135,False,False,False,-0.009149269261490681,5.112455179470999,3.131836488553854,-2.1949110108438816,1.7095203999237907,5.326747499397736,-21.251187680580546,2,2.0,-1.0,11.0,-1.0,23305.0,4.228571428571429,MNQ_v4
single,MNQ,2025-07-18 06:46:00+02:00,2025-07-18 07:42:00+02:00,Long,Asia,6,4,Canal Exit,1021.68,18.0,8,23276.25,23305.0,23271.5,4.75,0.020407067289619246,6.052631578947368,32.75,3.0,6.894736842105263,0.631578947368421,1.4316045293599018,0.006150494729004465,-0.0033484723133873845,False,True,True,-0.006150494729004465,0.6230813428992406,12.721421352036668,9.092860840290303,4.421048093183651,3.6285605117463646,44.31378515131415,1,8.0,-1.0,13.0,1.0,23278.5,0.47368421052631576,MNQ_v4
single,MNQ,2025-07-18 11:54:00+02:00,2025-07-18 12:29:00+02:00,Short,UK,11,4,Canal Exit,290.08,8.0,5,23278.75,23260.25,23289.75,11.0,0.04725339633786178,1.6818181818181819,26.75,2.75,2.4318181818181817,0.25,0.28327191721473355,0.001216869106866707,0.004566606191208697,True,False,True,0.001216869106866707,-0.9309120564103068,-13.330649848791731,-9.47863801790951,-14.913283575975887,-3.852011830882221,-39.01802955472018,0,5.0,1.0,6.0,-1.0,23257.25,1.9545454545454546,MNQ_v4
single,MNQ,2025-07-18 18:19:00+02:00,2025-07-18 19:43:00+02:00,Short,US,18,4,Canal Exit,-9.24,1.0,12,23201.0,23205.25,23253.0,52.0,0.22412827033317528,-0.08173076923076923,31.0,24.75,0.5961538461538461,0.47596153846153844,13.340524964776705,0.057499784340229745,0.02748800012067771,True,True,False,0.057499784340229745,-3.6739081486157374,-10.474216223771863,-0.06341592574594568,-13.978565503534279,-10.410800298025919,33.77347027139212,0,3.0,1.0,5.0,1.0,23213.75,-0.24519230769230768,MNQ_v4
single,MNQ,2025-07-18 20:11:00+02:00,2025-07-18 20:25:00+02:00,Short,US,20,4,Stop Loss,-152.96,4.0,2,23203.75,23222.5,23222.5,18.75,0.0808059042180682,-1.0,10.75,24.0,0.5733333333333334,1.28,6.34148646734684,0.027329575897632238,0.008125062518453366,True,True,False,0.027329575897632238,-7.726458508455835,-0.012511132711565388,3.5130761424089476,-7.207932492616419,-3.525587275120513,6.788118020923904,3,1.0,1.0,4.0,-1.0,23204.0,-0.013333333333333334,MNQ_v4
single,MNQ,2025-07-21 03:09:00+02:00,2025-07-21 03:30:00+02:00,Long,Asia,3,0,Canal Exit,-34.48,2.0,3,23274.5,23266.25,23238.75,35.75,0.1536015811295624,-0.23076923076923078,3.5,12.0,0.0979020979020979,0.3356643356643357,2.186860650908784,0.009395951152157014,-0.0015795890779625402,False,True,True,-0.009395951152157014,1.3177132730634185,6.164178598541028,-3.3026475224336345,15.72882802913987,9.466826120974662,34.17201966039698,0,3.0,-1.0,6.0,1.0,23268.5,-0.16783216783216784,MNQ_v4
single,MNQ,2025-07-21 03:51:00+02:00,2025-07-21 04:12:00+02:00,Short,Asia,3,0,Canal Exit,-52.44,6.0,3,23264.5,23268.5,23278.0,13.5,0.0580283264200821,-0.2962962962962963,3.25,5.5,0.24074074074074073,0.4074074074074074,1.5549312619987177,0.006683708061633467,0.010703846425212132,True,False,True,0.006683708061633467,-0.23027974738943158,-1.313962037584325,6.500738714242288,17.03340372168344,-7.814700751826613,-13.003227731778289,0,3.0,1.0,3.0,-1.0,23259.25,0.3888888888888889,MNQ_v4
single,MNQ,2025-07-21 07:28:00+02:00,2025-07-21 07:35:00+02:00,Short,Asia,7,0,Stop Loss,-197.76,24.0,1,23271.75,23275.5,23275.5,3.75,0.01611395791034194,-1.0,4.5,4.25,1.2,1.1333333333333333,2.1985148085441324,0.009447140024038297,0.009708037906897277,True,True,False,0.009447140024038297,-0.2528846228233306,-5.659006838613627,-3.5614944231566565,-1.3047660376397907,-2.0975124154569706,-5.830652366647613,0,2.0,1.0,1.0,1.0,23269.0,0.7333333333333333,MNQ_v4
single,MNQ,2025-07-21 18:47:00+02:00,2025-07-21 21:42:00+02:00,Long,US,18,0,Stop Loss,-180.48,2.0,25,23403.5,23358.75,23358.75,44.75,0.1912107163458457,-1.0,20.0,63.25,0.44692737430167595,1.4134078212290502,7.249188886620686,0.030974806702504697,-0.01976364977831295,False,False,False,-0.030974806702504697,22.432017157374503,15.656017273339915,5.754557805644394,12.874569094846786,9.90145946769552,-29.058186453730475,2,5.0,-1.0,1.0,-1.0,23338.0,-1.4636871508379887,MNQ_v4
single,MNQ,2025-07-22 18:05:00+02:00,2025-07-22 19:22:00+02:00,Short,US,18,1,Stop Loss,-137.48,2.0,11,23201.25,23235.25,23235.25,34.0,0.14654382845751845,-1.0,42.0,49.25,1.2352941176470589,1.4485294117647058,6.711176423312281,0.02892592607429462,0.015628127651834647,True,True,False,0.02892592607429462,-1.0825367938778072,-3.590809103866773,-1.3394498072780119,-12.612251117260707,-2.2513592965887614,37.023055799626015,0,1.0,1.0,2.0,-1.0,23219.5,-0.5367647058823529,MNQ_v4
single,MNQ,2025-07-23 02:13:00+02:00,2025-07-23 03:44:00+02:00,Short,Asia,2,2,Canal Exit,-26.24,1.0,13,23221.25,23234.0,23267.0,45.75,0.1970178177316036,-0.2786885245901639,25.5,23.25,0.5573770491803278,0.5081967213114754,10.472529572230997,0.04509890540875705,0.03879620326457038,True,True,False,0.04509890540875705,-25.25417230815583,-9.143687976514677,-0.2720732096895988,-3.0595515437245098,-8.871614766825079,42.89920246000649,2,4.0,1.0,9.0,1.0,23241.0,-0.43169398907103823,MNQ_v4
single,MNQ,2025-07-23 04:19:00+02:00,2025-07-23 05:22:00+02:00,Short,Asia,4,2,Stop Loss,-148.96,4.0,9,23235.5,23253.75,23253.75,18.25,0.07854360784144951,-1.0,8.75,19.75,0.4794520547945205,1.082191780821918,5.618517338836682,0.02418074643901221,0.016491362568661058,True,True,False,0.02418074643901221,-7.411904852353473,-4.723811859291301,2.4417929542672816,-3.058654346992096,-7.165604813558582,45.77806448668006,1,4.0,1.0,1.0,-1.0,23237.25,-0.0958904109589041,MNQ_v4
single,MNQ,2025-07-23 08:17:00+02:00,2025-07-23 08:38:00+02:00,Short,Asia,8,2,Stop Loss,-178.44,6.0,3,23244.5,23259.0,23259.0,14.5,0.062380348039321125,-1.0,1.5,24.5,0.10344827586206896,1.6896551724137931,1.2670413153755362,0.005450929533332772,0.005717683023186818,False,False,False,-0.005450929533332772,-0.20505967762801447,-24.911788082522754,-19.638388838136873,-2.2462199013456057,-5.273399244385882,4.975475226504632,0,2.0,1.0,5.0,-1.0,23271.5,-1.8620689655172413,MNQ_v4
single,MNQ,2025-07-23 10:09:00+02:00,2025-07-23 11:12:00+02:00,Long,UK,10,2,Canal Exit,23.28,3.0,9,23268.0,23272.25,23243.0,25.0,0.10744369950146124,0.17,15.25,7.25,0.61,0.29,5.6967839761055075,0.02448334182613679,-0.00828801720250666,False,True,True,-0.02448334182613679,0.6158171202405356,5.360089120971067,-3.222636632819676,9.929975141798359,8.582725753790744,20.16845300566119,0,3.0,-1.0,5.0,1.0,23269.0,0.04,MNQ_v4
single,MNQ,2025-07-23 12:08:00+02:00,2025-07-23 12:57:00+02:00,Long,UK,12,2,Stop Loss,-182.88,12.0,7,23266.0,23258.75,23258.75,7.25,0.031161351328118283,-1.0,15.5,8.75,2.1379310344827585,1.206896551724138,4.080816668618354,0.017539829229856245,-0.005178196562283775,False,True,True,-0.017539829229856245,1.9286748618324054,5.623374965048834,2.47953202209978,2.641293144335234,3.1438429429490538,-17.038379804284137,1,4.0,-1.0,3.0,1.0,23253.5,-1.7241379310344827,MNQ_v4
single,MNQ,2025-07-23 18:19:00+02:00,2025-07-23 20:11:00+02:00,Short,US,18,2,Stop Loss,-179.24,1.0,16,23204.75,23294.0,23294.0,89.25,0.3846195283293291,-1.0,11.25,93.0,0.12605042016806722,1.0420168067226891,13.944777296681423,0.060094494862825164,0.03193476675737754,True,True,False,0.060094494862825164,-30.586609505717206,-1.5832177501169902,5.83253315225377,-0.032868260657879254,-7.41575090237076,45.776157604398094,2,4.0,1.0,1.0,1.0,23310.25,-1.1820728291316527,MNQ_v4
single,MNQ,2025-07-24 01:10:00+02:00,2025-07-24 08:24:00+02:00,Long,Asia,1,3,Canal Exit,-119.22,3.0,62,23395.5,23376.0,23367.0,28.5,0.12181829839071616,-0.6842105263157895,27.0,23.25,0.9473684210526315,0.8157894736842105,16.296037695996347,0.06965458184692076,-0.009108994877145955,False,True,True,-0.06965458184692076,3.1992129355821817,0.0833239754202817,-5.421599805424334,17.4462002217376,5.504923780844615,9.66259399703884,0,7.0,-1.0,5.0,1.0,23357.75,-1.3245614035087718,MNQ_v4
single,MNQ,2025-07-24 09:34:00+02:00,2025-07-24 10:02:00+02:00,Long,UK,9,3,Stop Loss,-177.4,10.0,4,23361.0,23352.5,23352.5,8.5,0.03638542870596293,-1.0,10.0,13.75,1.1764705882352942,1.6176470588235294,3.1697367882952676,0.013568497873786516,-0.013530403058452909,False,True,True,-0.013568497873786516,1.7317301003058674,0.450493702461084,-4.198662760845271,-17.365438200813685,4.649156463306355,3.7245993977282534,0,4.0,-1.0,1.0,1.0,23374.5,1.588235294117647,MNQ_v4
single,MNQ,2025-07-24 13:11:00+02:00,2025-07-24 14:28:00+02:00,Long,UK,13,3,Stop Loss,-154.96,4.0,11,23382.5,23363.5,23363.5,19.0,0.08125735058270074,-1.0,20.5,22.0,1.0789473684210527,1.1578947368421053,3.542983644241758,0.015152287583627749,-0.01371773121501664,False,False,False,-0.015152287583627749,4.235696261723206,12.380533351113225,4.776466554838918,1.388937747850137,7.604066796274307,-31.556163384738873,1,4.0,-1.0,3.0,1.0,23350.0,-1.7105263157894737,MNQ_v4
single,MNQ,2025-07-24 16:20:00+02:00,2025-07-24 19:08:00+02:00,Short,US,16,3,Stop Loss,-140.74,1.0,24,23330.75,23400.75,23400.75,70.0,0.3000332179634174,-1.0,9.25,82.75,0.13214285714285715,1.1821428571428572,4.361351987419766,0.018693578163667117,0.004960434144337978,False,True,True,-0.018693578163667117,-0.10436368995942757,-25.204746821938343,-23.429903613915545,-17.118660964312117,-1.7748432080227978,37.003679509597205,0,2.0,1.0,2.0,-1.0,23397.75,-0.9571428571428572,MNQ_v4
single,MNQ,2025-07-24 19:57:00+02:00,2025-07-24 20:11:00+02:00,Short,US,19,3,Stop Loss,-156.72,3.0,2,23396.0,23421.75,23421.75,25.75,0.1100615489827321,-1.0,15.25,29.0,0.5922330097087378,1.1262135922330097,7.55618693507131,0.032296917999108006,0.023713463329851296,True,True,False,0.032296917999108006,-10.90284094902745,-10.362575634056586,-6.851161194830553,8.680266044878577,-3.5114144392260336,6.008917006307789,3,1.0,1.0,4.0,-1.0,23384.0,0.46601941747572817,MNQ_v4
single,MNQ,2025-07-25 01:59:00+02:00,2025-07-25 03:02:00+02:00,Long,Asia,1,4,Canal Exit,160.56,6.0,9,23404.5,23418.25,23390.25,14.25,0.06088572710376209,0.9649122807017544,19.0,3.75,1.3333333333333333,0.2631578947368421,0.7100841922219843,0.003033964375320918,-0.0054206567431822296,False,True,True,-0.003033964375320918,4.510599752618873,29.137466004038075,24.88620565875547,-4.113385870455114,4.251260345282606,-5.815512893050587,3,3.0,-1.0,7.0,-1.0,23427.25,1.5964912280701755,MNQ_v4
single,MNQ,2025-07-25 05:36:00+02:00,2025-07-25 06:25:00+02:00,Long,Asia,5,4,Stop Loss,-169.68,7.0,7,23432.0,23420.25,23420.25,11.75,0.05014510071696825,-1.0,5.5,12.0,0.46808510638297873,1.0212765957446808,1.0347112621675478,0.004415804293989194,-0.00029319794695651914,False,False,False,-0.004415804293989194,0.5302826901897788,11.658550515364938,11.355983070671815,16.69026043896945,0.302567444693123,-32.18751373675964,0,1.0,-1.0,5.0,1.0,23405.25,-2.276595744680851,MNQ_v4
single,MNQ,2025-07-25 15:03:00+02:00,2025-07-25 15:38:00+02:00,Short,UK,15,4,Canal Exit,9.780000000000001,3.0,5,23363.5,23361.5,23387.0,23.5,0.10058424465512444,0.0851063829787234,33.25,15.0,1.4148936170212767,0.6382978723404256,3.8845672770548845,0.01662664959040762,0.005680245922139592,True,False,True,0.01662664959040762,-1.0593535761981911,-4.489779445211152,0.5506183270681593,-4.98996955143332,-5.040397772279311,-11.437654969635917,0,2.0,1.0,6.0,-1.0,23401.5,-1.6170212765957446,MNQ_v4
single,MNQ,2025-07-25 20:18:00+02:00,2025-07-25 21:49:00+02:00,Long,US,20,4,Stop Loss,-167.22,3.0,13,23456.0,23428.5,23428.5,27.5,0.11724079126875853,-1.0,4.0,48.0,0.14545454545454545,1.7454545454545454,6.062494963174686,0.025846243874380483,-0.007206876311645414,False,False,False,-0.025846243874380483,9.096856403397396,4.520245350300316,-0.3178273900091835,12.48060825200217,4.838072740309499,-24.98896920438655,1,4.0,-1.0,2.0,1.0,23422.75,-1.209090909090909,MNQ_v4
single,MNQ,2025-07-28 00:49:00+02:00,2025-07-28 03:02:00+02:00,Short,Asia,0,0,Canal Exit,-74.48,2.0,19,23514.0,23532.25,23557.5,43.5,0.18499617249298292,-0.41954022988505746,6.5,42.0,0.14942528735632185,0.9655172413793104,20.723722763286787,0.0881335492187071,0.05602516577415625,True,False,True,0.0881335492187071,-16.955564126299578,-4.052021441108221,1.2482660724645425,-17.772131217604564,-5.300287513572764,8.67644915525536,1,3.0,1.0,5.0,1.0,23538.75,-0.5689655172413793,MNQ_v4
single,MNQ,2025-07-28 17:51:00+02:00,2025-07-28 19:08:00+02:00,Long,US,17,0,Canal Exit,-21.24,1.0,11,23495.0,23484.75,23437.0,58.0,0.24686103426260908,-0.17672413793103448,12.75,28.75,0.21982758620689655,0.4956896551724138,4.820629412133712,0.020517682111656575,-0.020410073435389847,False,False,False,-0.020517682111656575,2.5146701279118133,23.04099270142132,17.0759345624338,3.049565723991359,5.965058138987519,-21.029820271541368,0,2.0,-1.0,6.0,-1.0,23468.75,-0.4525862068965517,MNQ_v4
single,MNQ,2025-07-29 02:13:00+02:00,2025-07-29 09:55:00+02:00,Long,Asia,2,1,Canal Exit,1201.86,11.0,66,23522.5,23577.5,23514.5,8.0,0.03400999043469019,6.875,76.25,8.0,9.53125,1.0,2.14397180222295,0.009114557560731002,0.001905310641702901,False,True,True,-0.009114557560731002,0.0648918527913338,1.7742234621229414,6.38259431182575,10.542946582971679,-4.608370849702808,39.43791723877128,0,1.0,1.0,10.0,1.0,23588.0,8.1875,MNQ_v4
single,MNQ,2025-07-29 11:54:00+02:00,2025-07-29 13:39:00+02:00,Long,UK,11,1,Stop Loss,-143.22,3.0,15,23603.0,23579.5,23579.5,23.5,0.09956361479472949,-1.0,6.25,24.5,0.26595744680851063,1.0425531914893618,1.6719583801314002,0.007083668940945643,-0.004295987898552218,False,False,False,-0.007083668940945643,4.063273797703005,19.64358919422384,12.999523448418227,19.24379551323798,6.644065745805612,-26.371405667496123,1,3.0,-1.0,1.0,1.0,23594.75,-0.35106382978723405,MNQ_v4
single,MNQ,2025-07-29 16:06:00+02:00,2025-07-29 16:27:00+02:00,Short,US,16,1,Canal Exit,57.26,1.0,3,23585.5,23556.5,23652.25,66.75,0.28301286807572446,0.4344569288389513,46.75,0.75,0.700374531835206,0.011235955056179775,3.1231301740481285,0.01324173824616026,0.021825946841019503,True,False,True,0.01324173824616026,-1.545507321432524,-18.515072169737564,-11.56596858081584,8.730799165312083,-6.949103588921725,-32.38122408312544,0,3.0,1.0,5.0,-1.0,23513.75,1.0749063670411985,MNQ_v4
single,MNQ,2025-07-29 19:43:00+02:00,2025-07-29 21:56:00+02:00,Short,US,19,1,Auto-Close (profit),20.76,1.0,19,23467.75,23457.0,23524.25,56.5,0.24075593101170759,0.1902654867256637,45.75,38.25,0.8097345132743363,0.6769911504424779,11.550593550593476,0.04921900715063641,0.027293757338685394,True,False,True,0.04921900715063641,-21.444018786085508,-15.454252617683482,-4.403214681731703,-22.790994788833334,-11.05103793595178,-20.140258101528413,1,2.0,1.0,6.0,-1.0,23448.0,0.3495575221238938,MNQ_v4
single,MNQ,2025-07-30 04:40:00+02:00,2025-07-30 04:47:00+02:00,Short,Asia,4,2,Stop Loss,-192.28,22.0,1,23490.75,23494.75,23494.75,4.0,0.01702797909815566,-1.0,5.5,5.75,1.375,1.4375,1.060132880913443,0.004512980134365411,0.004996279436831669,True,True,False,0.004512980134365411,-0.4203137271324522,-2.1331757045814563,0.9737161042021618,9.461129034386799,-3.106891808783618,1.2689442228943986,2,1.0,1.0,5.0,-1.0,23495.25,-1.125,MNQ_v4
single,MNQ,2025-07-30 06:11:00+02:00,2025-07-30 09:06:00+02:00,Long,Asia,6,2,Stop Loss,-146.22,3.0,25,23504.5,23480.5,23480.5,24.0,0.10210810695824205,-1.0,6.25,27.25,0.2604166666666667,1.1354166666666667,0.5095129823384923,0.0021677252540513187,0.003422890564147991,False,False,False,-0.0021677252540513187,0.611301970853674,5.09085733023482,3.658709814345857,10.225533869418575,1.4321475158889627,-29.98240332249963,0,4.0,-1.0,3.0,1.0,23499.0,-0.22916666666666666,MNQ_v4
single,MNQ,2025-07-30 14:56:00+02:00,2025-07-30 15:03:00+02:00,Long,UK,14,2,Stop Loss,-188.88,12.0,1,23481.75,23474.25,23474.25,7.5,0.03193969785045833,-1.0,22.0,11.0,2.933333333333333,1.4666666666666666,5.875745647135773,0.02502260541542165,-0.015277273329198832,False,False,False,-0.02502260541542165,0.9229111174681748,10.615223034496562,9.229780491560781,-2.4070009348308794,1.385442542935781,6.4168766073863654,1,1.0,-1.0,4.0,1.0,23503.5,2.9,MNQ_v4
single,MNQ,2025-07-30 17:58:00+02:00,2025-07-30 18:26:00+02:00,Long,US,17,2,Canal Exit,16.76,1.0,4,23523.0,23531.75,23475.75,47.25,0.2008672363218977,0.18518518518518517,24.25,6.5,0.5132275132275133,0.13756613756613756,7.186105062261049,0.03054927119100901,-0.017622701854337043,False,True,True,-0.03054927119100901,0.25183812273826334,17.238571326631504,8.614124544458576,20.40181574067762,8.624446782172928,34.17868434548248,0,4.0,-1.0,7.0,1.0,23533.0,0.21164021164021163,MNQ_v4
single,MNQ,2025-07-30 19:01:00+02:00,2025-07-30 19:36:00+02:00,Short,US,19,2,Stop Loss,-152.96,4.0,5,23528.5,23547.25,23547.25,18.75,0.07969058801028539,-1.0,5.75,22.5,0.30666666666666664,1.2,4.354540367356094,0.01850751372742034,0.01786481553382072,True,False,True,0.01850751372742034,-10.298452807513968,-3.4698401577325226,-0.6059913278711078,17.7305181781886,-2.863848829861415,8.145176959026438,3,2.0,1.0,3.0,-1.0,23532.5,-0.21333333333333335,MNQ_v4
single,MNQ,2025-07-30 20:53:00+02:00,2025-07-30 21:14:00+02:00,Short,US,20,2,Canal Exit,-48.74,1.0,3,23412.0,23436.0,23589.75,177.75,0.759226037929267,-0.1350210970464135,57.0,102.0,0.3206751054852321,0.5738396624472574,5.489206740610825,0.023446124810399902,0.021770766143946366,False,False,False,-0.023446124810399902,-24.27067021597759,-11.883802893027422,-3.9188732406086517,12.269551153336797,-7.96492965241877,-33.072676558853594,1,3.0,1.0,11.0,-1.0,23658.0,-1.3839662447257384,MNQ_v4
single,MNQ,2025-07-31 02:27:00+02:00,2025-07-31 09:55:00+02:00,Long,Asia,2,3,Canal Exit,176.26,1.0,64,23733.5,23822.0,23688.25,45.25,0.1906587734636695,1.9558011049723756,114.5,0.75,2.5303867403314917,0.016574585635359115,11.49778234463156,0.04844537191999309,-0.004025102805564998,False,True,True,-0.04844537191999309,15.138033812938374,4.747789608489734,0.7433282874082545,9.417367482197385,4.00446132108148,35.11368900677713,1,4.0,-1.0,7.0,1.0,23820.75,1.9281767955801106,MNQ_v4
single,MNQ,2025-07-31 10:16:00+02:00,2025-07-31 10:44:00+02:00,Short,UK,10,3,Canal Exit,-71.48,2.0,4,23803.25,23820.75,23848.0,44.75,0.1879995378782309,-0.39106145251396646,3.25,17.5,0.07262569832402235,0.39106145251396646,6.7094512934054364,0.0281871227391446,0.025816286346046442,True,False,True,0.0281871227391446,-5.700280091488821,-17.341394734832708,-8.098900422852584,0.020408700655579537,-9.242494311980124,-17.202046138849898,1,4.0,1.0,2.0,-1.0,23798.0,0.11731843575418995,MNQ_v4
single,MNQ,2025-07-31 15:24:00+02:00,2025-07-31 15:52:00+02:00,Short,US,15,3,Canal Exit,20.76,1.0,4,23699.0,23688.25,23808.75,109.75,0.4630997088484746,0.0979498861047836,90.75,82.75,0.826879271070615,0.7539863325740319,0.8937734827486565,0.0037713552586550337,0.024254038548908,False,False,False,-0.0037713552586550337,-26.3321885722944,-21.054555907796605,-12.106080010158772,4.3672917341073765,-8.948475897637833,-42.1234286431758,2,4.0,1.0,5.0,-1.0,23624.75,0.6765375854214123,MNQ_v4
single,MNQ,2025-07-31 18:47:00+02:00,2025-07-31 20:18:00+02:00,Short,US,18,3,Canal Exit,361.26,1.0,13,23568.75,23387.75,23617.0,48.25,0.20472023335985148,3.7512953367875648,263.0,13.25,5.450777202072539,0.27461139896373055,26.67975894886331,0.11319971975121,0.040931498657245075,True,False,True,0.11319971975121,-23.5020319355026,-4.094224742100312,5.985708394208434,-14.422972101448442,-10.079933136308746,-36.00179595638835,1,6.0,1.0,6.0,-1.0,23441.0,2.6476683937823835,MNQ_v4
single,MNQ,2025-07-31 20:39:00+02:00,2025-07-31 21:00:00+02:00,Long,US,20,3,Canal Exit,-32.74,1.0,3,23457.0,23441.0,23305.75,151.25,0.6447968623438632,-0.10578512396694215,8.25,47.0,0.05454545454545454,0.31074380165289256,1.026984080672264,0.004378156118311226,-0.0990196674842364,False,True,True,-0.004378156118311226,43.447341094743024,19.045408144108922,8.85858955962118,-12.806364618601586,10.186818584487742,34.82286364737162,2,3.0,-1.0,8.0,1.0,23366.0,-0.6016528925619835,MNQ_v4
single,MNQ,2025-07-31 21:21:00+02:00,2025-07-31 21:56:00+02:00,Short,US,21,3,Auto-Close (profit),76.26,1.0,5,23392.5,23354.0,23465.25,72.75,0.31099711445976275,0.5292096219931272,81.5,57.5,1.120274914089347,0.7903780068728522,33.731510388854076,0.1441979710969502,0.029887268770242836,True,False,True,0.1441979710969502,-4.191770274203009,-8.89636747640605,-1.4522313656889816,-13.961342757525898,-7.444136110717069,-29.87569048093629,0,5.0,1.0,2.0,-1.0,23317.0,1.0378006872852235,MNQ_v4
single,MNQ,2025-08-01 06:32:00+02:00,2025-08-01 07:42:00+02:00,Long,Asia,6,4,Stop Loss,-168.7,5.0,10,23312.75,23296.25,23296.25,16.5,0.07077672089307353,-1.0,12.0,20.0,0.7272727272727273,1.2121212121212122,6.655272011550551,0.028547777553272567,-0.015498176230440254,False,True,True,-0.028547777553272567,0.6017007611117151,6.336782224339881,1.892931282682091,7.7524288687852625,4.44385094165779,-22.975580244938868,0,2.0,-1.0,5.0,1.0,23283.5,-1.7727272727272727,MNQ_v4
single,MNQ,2025-08-01 12:15:00+02:00,2025-08-01 14:35:00+02:00,Short,UK,12,4,Stop Loss,-146.48,2.0,20,23104.5,23140.75,23140.75,36.25,0.1568958428011859,-1.0,73.25,56.5,2.0206896551724136,1.5586206896551724,8.583867118315538,0.03715236044197251,0.010357865313301401,True,False,True,0.03715236044197251,-22.013008347064897,-8.726246992715144,-3.6699863157085906,-20.45646951723454,-5.056260677006553,-11.33916238995953,2,7.0,1.0,1.0,1.0,23122.25,-0.4896551724137931,MNQ_v4
single,MNQ,2025-08-01 18:40:00+02:00,2025-08-01 19:57:00+02:00,Short,US,18,4,Canal Exit,278.26,1.0,11,22973.0,22833.5,23045.5,72.5,0.31558786401427763,1.9241379310344828,148.0,17.25,2.0413793103448277,0.23793103448275862,22.59216146896506,0.0983422342269841,0.06350824226664405,True,False,True,0.0983422342269841,-59.71828526220634,-10.162995481828926,-0.45667114188796276,-6.289416214005928,-9.706324339940963,-22.91668599775984,3,4.0,1.0,3.0,1.0,22860.0,1.5586206896551724,MNQ_v4
single,MNQ,2025-08-01 21:14:00+02:00,2025-08-01 21:49:00+02:00,Short,US,21,4,Stop Loss,-141.24,1.0,5,22872.25,22942.5,22942.5,70.25,0.3071407491611013,-1.0,37.5,72.75,0.5338078291814946,1.0355871886120998,26.571135758895252,0.11617193655584934,0.04572226623259573,True,True,False,0.11617193655584934,-7.518978528398293,-8.53304128952939,-2.5814347542964757,-13.51532011552134,-5.951606535232914,15.684817469231826,0,2.0,1.0,2.0,-1.0,22873.0,-0.010676156583629894,MNQ_v4
single,MNQ,2025-08-04 00:49:00+02:00,2025-08-04 09:41:00+02:00,Long,Asia,0,0,Canal Exit,238.76,1.0,76,22911.25,23031.0,22822.0,89.25,0.38954662011020785,1.341736694677871,134.25,29.0,1.504201680672269,0.32492997198879553,8.162919537207927,0.035628433792167284,-0.02099925264733056,True,True,False,0.035628433792167284,3.3411061177139345,39.01442462446796,32.024875535305334,-5.688296637630136,6.989549089162622,40.44948224092874,0,2.0,-1.0,4.0,1.0,23047.5,1.526610644257703,MNQ_v4
single,MNQ,2025-08-04 12:29:00+02:00,2025-08-04 16:06:00+02:00,Long,UK,12,0,Canal Exit,340.76,1.0,31,23071.25,23242.0,23005.25,66.0,0.28607032562171536,2.587121212121212,192.5,39.75,2.9166666666666665,0.6022727272727273,6.55753161150642,0.028422957626944443,-0.0028138170373487696,False,True,True,-0.028422957626944443,1.394906833411369,11.31833901056659,4.195477208166683,16.194950366087717,7.122861802399906,48.78154734780144,0,3.0,-1.0,11.0,1.0,23210.75,2.1136363636363638,MNQ_v4
single,MNQ,2025-08-04 17:51:00+02:00,2025-08-04 21:56:00+02:00,Long,US,17,0,Auto-Close (profit),76.26,1.0,35,23258.25,23296.75,23190.0,68.25,0.2934442617135855,0.5641025641025641,51.0,34.25,0.7472527472527473,0.5018315018315018,16.570151284155145,0.07124418769320626,-0.030274289973071765,False,True,True,-0.07124418769320626,4.4298845218727365,22.920148382604467,14.198135558416753,21.266043480697828,8.722012824187713,1.2484833553034511,0,5.0,-1.0,6.0,-1.0,23347.25,1.304029304029304,MNQ_v4
single,MNQ,2025-08-05 01:10:00+02:00,2025-08-05 01:31:00+02:00,Long,Asia,1,1,Stop Loss,-170.22,3.0,3,23344.5,23316.5,23316.5,28.0,0.1199425988990983,-1.0,5.0,30.5,0.17857142857142858,1.0892857142857142,11.455106954002986,0.04906983209750899,-0.017262139371110857,False,False,False,-0.04906983209750899,3.6177329434867715,13.366462176464097,4.391477286421047,21.273958022061574,8.97498489004305,0.36330185486550937,0,2.0,-1.0,3.0,1.0,23332.0,-0.44642857142857145,MNQ_v4
single,MNQ,2025-08-05 19:01:00+02:00,2025-08-05 19:43:00+02:00,Short,US,19,1,Stop Loss,-154.48,2.0,6,23187.5,23225.75,23225.75,38.25,0.16495956873315362,-1.0,21.25,50.0,0.5555555555555556,1.3071895424836601,19.529539028117142,0.08422442707543781,0.028625159692759763,True,True,False,0.08422442707543781,-4.744117890699272,-7.826452072249418,-5.983390199463631,-15.43923432108358,-1.8430618727857864,39.030887827759756,0,1.0,1.0,3.0,-1.0,23226.5,-1.0196078431372548,MNQ_v4
single,MNQ,2025-08-06 01:45:00+02:00,2025-08-06 03:37:00+02:00,Short,Asia,1,2,Stop Loss,-149.22,3.0,16,23073.25,23097.75,23097.75,24.5,0.10618356755116856,-1.0,24.25,55.5,0.9897959183673469,2.2653061224489797,11.708765711598971,0.05074606183177044,0.015544386788485532,True,True,False,0.05074606183177044,-10.286049201811693,-4.639150441875207,1.4414397310805995,-1.1955905414625398,-6.080590172955807,22.273464045926463,1,3.0,1.0,4.0,-1.0,23123.0,-2.0306122448979593,MNQ_v4
single,MNQ,2025-08-06 10:23:00+02:00,2025-08-06 15:31:00+02:00,Short,UK,10,2,Stop Loss,-155.48,2.0,44,23188.75,23227.25,23227.25,38.5,0.16602878551021508,-1.0,81.25,39.25,2.1103896103896105,1.0194805194805194,2.8122601188879344,0.012127691742279918,0.012129543765379783,False,True,True,-0.012127691742279918,-1.4537593216009554,-16.505959952031443,-6.8378368812463535,13.28608632554949,-9.66812307078509,1.6203291436621134,0,4.0,1.0,3.0,1.0,23227.75,-1.0129870129870129,MNQ_v4
single,MNQ,2025-08-06 19:36:00+02:00,2025-08-06 21:56:00+02:00,Long,US,19,2,Auto-Close (profit),126.52,2.0,20,23392.75,23424.75,23358.0,34.75,0.14855029870365818,0.920863309352518,52.0,29.25,1.4964028776978417,0.841726618705036,12.042855525171035,0.051481144906738344,-0.0039947376975953365,False,False,False,-0.051481144906738344,4.826697784516,23.02020174339322,18.57803076223871,12.661376367957608,4.442170981154508,-13.901306116779269,0,2.0,-1.0,3.0,1.0,23413.25,0.5899280575539568,MNQ_v4
single,MNQ,2025-08-07 01:31:00+02:00,2025-08-07 01:59:00+02:00,Short,Asia,1,3,Canal Exit,22.560000000000002,6.0,4,23462.0,23459.75,23476.75,14.75,0.06286761571903504,0.15254237288135594,19.0,9.0,1.2881355932203389,0.6101694915254238,0.5659996813847101,0.0024124102011112017,0.02696408441601168,True,False,True,0.0024124102011112017,-4.898269700315723,-4.636009749316868,-0.7203700258107397,-7.209631733706239,-3.915639723506128,-21.032025088134425,1,4.0,1.0,7.0,-1.0,23489.25,-1.847457627118644,MNQ_v4
single,MNQ,2025-08-07 02:27:00+02:00,2025-08-07 03:37:00+02:00,Long,Asia,2,3,Canal Exit,73.52,2.0,10,23488.0,23506.75,23443.0,45.0,0.19158719346049047,0.4166666666666667,23.0,9.25,0.5111111111111111,0.20555555555555555,3.2062131019556546,0.013650430440887495,-0.008997915725612315,False,False,False,-0.013650430440887495,7.988797370300745,37.79912531614226,30.98210966630896,-1.3400167245405246,6.817015649833298,-12.158989147012143,1,3.0,-1.0,4.0,-1.0,23496.0,0.17777777777777778,MNQ_v4
single,MNQ,2025-08-07 03:58:00+02:00,2025-08-07 06:32:00+02:00,Long,Asia,3,3,Stop Loss,-158.7,5.0,22,23494.25,23478.75,23478.75,15.5,0.06597358928248402,-1.0,11.5,20.0,0.7419354838709677,1.2903225806451613,1.778948549159395,0.007571846512058887,0.0032762921015948854,False,True,True,-0.007571846512058887,2.892231171616004,20.673127914604166,18.819358198410253,14.920470548104205,1.8537697161939128,-6.621532766018655,2,1.0,-1.0,5.0,1.0,23455.0,-2.532258064516129,MNQ_v4
single,MNQ,2025-08-07 08:59:00+02:00,2025-08-07 09:06:00+02:00,Short,UK,8,3,Stop Loss,-163.7,5.0,1,23481.0,23497.0,23497.0,16.0,0.06814019845832801,-1.0,13.75,17.0,0.859375,1.0625,0.8712429234365118,0.0037104166067736116,0.010275932168396174,True,False,True,0.0037104166067736116,-5.8161455332665355,-9.357080410169436,-4.529832222532731,3.484929714372741,-4.827248187636705,-4.3785258302425065,1,1.0,1.0,12.0,-1.0,23546.75,-4.109375,MNQ_v4
single,MNQ,2025-08-07 16:27:00+02:00,2025-08-07 21:56:00+02:00,Short,US,16,3,Auto-Close (profit),116.76,1.0,47,23560.75,23502.0,23671.25,110.5,0.46900035015863245,0.5316742081447964,230.75,33.0,2.088235294117647,0.2986425339366516,4.421669710412971,0.018767100836828074,0.02018695170674721,False,True,True,-0.018767100836828074,-2.6820103502468555,-20.086047348119603,-13.35280749319782,5.772911648416158,-6.7332398549217825,40.65970976720555,0,4.0,1.0,3.0,-1.0,23516.5,0.4004524886877828,MNQ_v4
single,MNQ,2025-08-08 02:20:00+02:00,2025-08-08 09:20:00+02:00,Long,Asia,2,4,Canal Exit,-57.24,1.0,60,23565.75,23537.5,23501.5,64.25,0.2726414393770621,-0.4396887159533074,17.5,62.5,0.2723735408560311,0.9727626459143969,5.700753387412988,0.024190842164637186,-0.011340645507776135,False,True,True,-0.024190842164637186,19.542344663695985,16.438550657116437,7.784816976061558,6.2222027224004925,8.653733681054879,-12.956841883560598,2,4.0,-1.0,4.0,-1.0,23535.0,-0.4785992217898833,MNQ_v4
single,MNQ,2025-08-11 00:07:00+02:00,2025-08-11 00:42:00+02:00,Short,Asia,0,0,Canal Exit,-15.48,2.0,5,23730.5,23734.0,23770.0,39.5,0.16645245570046985,-0.08860759493670886,5.5,17.75,0.13924050632911392,0.44936708860759494,1.3293978494184557,0.005602064218699377,0.02820912049626741,True,False,True,0.005602064218699377,-11.406137017263973,-0.015129912901818122,8.783643014961685,12.09137034453066,-8.798772927863503,-29.212282737441335,1,5.0,1.0,4.0,-1.0,23723.0,0.189873417721519,MNQ_v4
single,MNQ,2025-08-11 09:27:00+02:00,2025-08-11 10:02:00+02:00,Short,UK,9,0,Canal Exit,134.52,2.0,5,23727.5,23693.5,23765.0,37.5,0.15804446317564008,0.9066666666666666,59.75,17.5,1.5933333333333333,0.4666666666666667,5.324359270889545,0.022439613405919483,0.014631075115292443,True,False,True,0.022439613405919483,-4.729114801953983,-7.8252221622197755,4.006911253571475,7.549221121338714,-11.832133415791251,-48.10247350318511,0,5.0,1.0,13.0,-1.0,23722.75,0.12666666666666668,MNQ_v4
single,MNQ,2025-08-11 16:55:00+02:00,2025-08-11 17:58:00+02:00,Short,US,16,0,Stop Loss,-162.48,2.0,9,23727.25,23767.5,23767.5,40.25,0.16963617781243087,-1.0,13.5,42.0,0.33540372670807456,1.0434782608695652,2.7767917849487276,0.011702965092662351,0.02228947853938765,True,True,False,0.011702965092662351,-10.078594979491754,-11.494826707718639,-4.602513264598738,7.683858994029443,-6.892313443119901,30.625625350607727,2,2.0,1.0,3.0,-1.0,23777.0,-1.236024844720497,MNQ_v4
single,MNQ,2025-08-11 18:47:00+02:00,2025-08-11 19:15:00+02:00,Short,US,18,0,Canal Exit,17.26,1.0,4,23743.25,23734.25,23804.5,61.25,0.2579680540785276,0.1469387755102041,18.75,14.5,0.30612244897959184,0.23673469387755103,6.489120998587168,0.027330382313234994,0.03354797316140896,True,False,True,0.027330382313234994,-17.9367438104382,-16.20666001097681,-6.986200717136754,7.1813237545362645,-9.220459293840058,-37.2763914297979,2,4.0,1.0,3.0,-1.0,23701.25,0.6857142857142857,MNQ_v4
single,MNQ,2025-08-12 00:21:00+02:00,2025-08-12 02:13:00+02:00,Short,Asia,0,1,Stop Loss,-125.48,2.0,16,23619.0,23650.0,23650.0,31.0,0.13125026461746897,-1.0,4.75,42.5,0.1532258064516129,1.3709677419354838,9.926687197301362,0.04202839746518211,0.0028789644437555643,True,False,True,0.04202839746518211,-2.5043848200330103,-9.600792412224745,-4.079933846678869,-18.0737021102714,-5.520858565545876,10.20412417736514,0,4.0,1.0,4.0,-1.0,23652.5,-1.0806451612903225,MNQ_v4
single,MNQ,2025-08-12 09:34:00+02:00,2025-08-12 11:54:00+02:00,Short,UK,9,1,Canal Exit,38.52,2.0,20,23644.75,23634.75,23675.75,31.0,0.13110732826525973,0.3225806451612903,14.25,28.25,0.4596774193548387,0.9112903225806451,4.350362537559704,0.018398851912410596,0.01822939901799079,True,True,False,0.018398851912410596,-11.504471789095987,-1.5066575474817063,4.661721844122755,-3.922940829173305,-6.168379391604461,7.765004083836279,1,2.0,1.0,4.0,1.0,23637.0,0.25,MNQ_v4
single,MNQ,2025-08-12 16:27:00+02:00,2025-08-12 17:23:00+02:00,Long,US,16,1,Canal Exit,169.26,1.0,8,23748.25,23833.25,23622.0,126.25,0.531618119229838,0.6732673267326733,112.75,15.75,0.8930693069306931,0.12475247524752475,26.829926743273973,0.11297643718284071,-0.059302407755334324,False,True,True,-0.11297643718284071,2.9098207196475414,8.094152404431364,-1.0270601614303168,3.9979056308424483,9.121212565861681,43.72037803581311,0,8.0,-1.0,8.0,1.0,23875.0,1.003960396039604,MNQ_v4
single,MNQ,2025-08-12 19:43:00+02:00,2025-08-12 21:56:00+02:00,Long,US,19,1,Auto-Close (profit),41.76,1.0,19,23912.75,23934.0,23846.5,66.25,0.2770488546904894,0.32075471698113206,36.5,13.25,0.5509433962264151,0.2,6.334640967812447,0.026490641886911574,0.012290131604935717,False,True,True,-0.026490641886911574,2.769382623377169,17.921268085819168,14.860846262697077,21.125424603895052,3.060421823122091,23.962503197329973,0,4.0,-1.0,4.0,1.0,23938.0,0.38113207547169814,MNQ_v4
single,MNQ,2025-08-13 05:36:00+02:00,2025-08-13 06:04:00+02:00,Short,Asia,5,2,Canal Exit,-61.18,7.0,4,23946.0,23950.0,23958.0,12.0,0.05011275369581559,-0.3333333333333333,4.5,4.5,0.375,0.375,1.2364376729456126,0.00516344138037924,0.00721480004863299,True,False,True,0.00516344138037924,-0.9455048203089973,-12.479203061681071,-7.998603074719528,-0.6700454712381673,-4.480599986961543,-18.184507875909112,0,4.0,1.0,6.0,-1.0,23959.0,-1.0833333333333333,MNQ_v4
single,MNQ,2025-08-13 06:25:00+02:00,2025-08-13 06:46:00+02:00,Long,Asia,6,2,Canal Exit,1.2999999999999998,5.0,3,23958.5,23959.0,23941.5,17.0,0.07095602813197821,0.029411764705882353,4.0,5.25,0.23529411764705882,0.3088235294117647,0.07120578717149328,0.00029720469633530183,-0.0016995932934267418,True,True,False,0.00029720469633530183,0.43828155086157494,28.369872362721893,20.546409224643586,2.6239443421810633,7.823463138078306,35.46830869891934,0,3.0,-1.0,7.0,1.0,23954.0,-0.2647058823529412,MNQ_v4
single,MNQ,2025-08-13 11:54:00+02:00,2025-08-13 13:32:00+02:00,Long,UK,11,2,Stop Loss,-172.96,4.0,14,24005.5,23984.25,23984.25,21.25,0.08852138051696487,-1.0,7.25,21.5,0.3411764705882353,1.011764705882353,4.657732814332121,0.019402773590769286,-0.008097886196357984,False,False,False,-0.019402773590769286,4.526936413167277,15.07292997094787,7.879915839839306,16.95209053905089,7.193014131108564,-15.785181133277531,0,4.0,-1.0,1.0,-1.0,23987.25,-0.8588235294117647,MNQ_v4
single,MNQ,2025-08-13 19:50:00+02:00,2025-08-13 21:56:00+02:00,Short,US,19,2,Auto-Close (loss),-66.72,3.0,18,23932.5,23943.25,23958.25,25.75,0.107594275566698,-0.4174757281553398,45.25,28.0,1.7572815533980584,1.087378640776699,6.854337989621854,0.028640292445928566,0.000336994413007795,True,False,True,0.028640292445928566,-2.1682312818411447,-0.35050122580182774,1.0972255927252421,-6.642663940191337,-1.44772681852707,-3.5370439128593567,1,2.0,1.0,3.0,-1.0,23925.25,0.2815533980582524,MNQ_v4
single,MNQ,2025-08-14 00:35:00+02:00,2025-08-14 01:10:00+02:00,Long,Asia,0,3,Canal Exit,69.04,4.0,5,23934.25,23943.25,23912.25,22.0,0.09191848501624242,0.4090909090909091,19.75,3.25,0.8977272727272727,0.14772727272727273,1.3045138519300963,0.005450406225096238,-0.004138796729418708,True,True,False,0.005450406225096238,0.5841215709078824,10.102914736241873,6.354817643425818,7.4906882949798215,3.748097092816055,34.04704476146825,0,5.0,-1.0,4.0,1.0,23963.25,1.3181818181818181,MNQ_v4
single,MNQ,2025-08-14 05:36:00+02:00,2025-08-14 06:04:00+02:00,Short,Asia,5,3,Canal Exit,34.56,6.0,4,23932.25,23929.0,23945.25,13.0,0.05432000752123181,0.25,10.0,1.5,0.7692307692307693,0.11538461538461539,1.003544475795934,0.004193272574855828,0.006116210006279557,True,False,True,0.004193272574855828,-0.23470880249078618,-16.070908749468064,-9.436737554351762,-9.944259987641736,-6.634171195116302,-25.82484099170726,0,4.0,1.0,3.0,-1.0,23923.25,0.6923076923076923,MNQ_v4
single,MNQ,2025-08-14 06:39:00+02:00,2025-08-14 07:07:00+02:00,Long,Asia,6,3,Canal Exit,-99.68,7.0,4,23932.5,23925.75,23919.75,12.75,0.053274835474772804,-0.5294117647058824,3.5,8.5,0.27450980392156865,0.6666666666666666,1.0001995159182115,0.004179252129607068,-0.0048798475208863285,False,True,True,-0.004179252129607068,0.7877602040971396,7.741836244596578,2.9189474182825674,-0.9554899381961496,4.82288882631401,25.160096764541713,0,4.0,-1.0,7.0,1.0,23908.75,-1.8627450980392157,MNQ_v4
single,MNQ,2025-08-14 07:28:00+02:00,2025-08-14 08:10:00+02:00,Short,Asia,7,3,Canal Exit,821.4,15.0,6,23930.25,23902.5,23936.0,5.75,0.024028165188412158,4.826086956521739,32.75,0.5,5.695652173913044,0.08695652173913043,0.5778517042344902,0.0024147332528264022,0.0026779358148773615,True,False,True,0.0024147332528264022,-2.7627040840743575,-16.6288245451307,-13.814747632185293,-8.376348438475826,-2.814076912945408,-27.64545701385214,3,4.0,1.0,1.0,1.0,23903.75,4.608695652173913,MNQ_v4
single,MNQ,2025-08-14 12:36:00+02:00,2025-08-14 13:46:00+02:00,Long,UK,12,3,Canal Exit,199.56,6.0,10,23931.25,23948.25,23917.25,14.0,0.058500914076782456,1.2142857142857142,20.25,5.5,1.4464285714285714,0.39285714285714285,0.8712090715853265,0.003640466217123328,-0.0022266319949652,False,True,True,-0.003640466217123328,0.38775082231586566,11.165068741717405,4.046497368521044,4.187062178245903,7.118571373196361,34.8763413393367,0,3.0,-1.0,4.0,1.0,23960.0,2.0535714285714284,MNQ_v4
single,MNQ,2025-08-14 15:31:00+02:00,2025-08-14 16:06:00+02:00,Long,US,15,3,Canal Exit,-2.74,1.0,5,23909.25,23908.25,23816.5,92.75,0.3879251754028253,-0.01078167115902965,51.0,68.0,0.5498652291105122,0.7331536388140162,12.167486814847507,0.05089029064001383,-0.07222522450226912,False,True,True,-0.05089029064001383,55.435276328084,4.3537926029729155,-3.2911892814553956,-8.794146383195928,7.6449818844283115,37.024482718882325,3,5.0,-1.0,3.0,1.0,23972.75,0.6846361185983828,MNQ_v4
single,MNQ,2025-08-14 19:50:00+02:00,2025-08-14 20:32:00+02:00,Short,US,19,3,Canal Exit,245.28,3.0,6,23952.75,23911.5,23979.75,27.0,0.11272192128252496,1.5277777777777777,61.0,14.5,2.259259259259259,0.5370370370370371,11.569934925333655,0.04830315903323691,0.03835173646481603,True,False,True,0.04830315903323691,-11.320012077732827,-3.955461049603747,3.5026777213651172,-10.208134673792708,-7.458138770968864,-34.247179253584726,1,4.0,1.0,7.0,-1.0,23924.5,1.0462962962962963,MNQ_v4
single,MNQ,2025-08-14 21:00:00+02:00,2025-08-14 21:56:00+02:00,Long,US,21,3,Auto-Close (profit),2.2800000000000002,3.0,8,23920.75,23921.5,23891.75,29.0,0.12123365697145783,0.02586206896551724,38.25,37.75,1.3189655172413792,1.3017241379310345,11.640094285125087,0.04866107578200971,-0.029344014662863942,False,True,True,-0.04866107578200971,8.448839154862071,8.438839070896526,3.6931822793295686,2.9838714410340508,4.745656791566957,9.744225714958153,1,3.0,-1.0,5.0,1.0,23892.5,-0.9741379310344828,MNQ_v4
single,MNQ,2025-08-15 01:52:00+02:00,2025-08-15 02:41:00+02:00,Short,Asia,1,4,Stop Loss,-160.96,4.0,7,23891.25,23911.0,23911.0,19.75,0.08266624810338513,-1.0,17.5,22.75,0.8860759493670886,1.1518987341772151,3.873097619951295,0.016211364495165782,0.011917711882320405,True,False,True,0.016211364495165782,-12.576001671066479,-12.3786439971609,-4.951038070359621,-18.581586643168176,-7.427605926801279,8.85358690828927,3,4.0,1.0,2.0,-1.0,23891.75,-0.02531645569620253,MNQ_v4
single,MNQ,2025-08-15 06:04:00+02:00,2025-08-15 06:25:00+02:00,Long,Asia,6,4,Canal Exit,-27.72,3.0,3,23937.75,23933.5,23910.5,27.25,0.11383693120698478,-0.1559633027522936,4.5,6.5,0.1651376146788991,0.23853211009174313,0.38171220308868214,0.0015946035157384554,-0.003440751519491872,True,True,False,0.0015946035157384554,0.43457748464425094,29.564653902746,21.971230154425285,15.10549584561324,7.593423748320713,36.891415722112654,0,3.0,-1.0,10.0,1.0,23941.25,0.12844036697247707,MNQ_v4
single,MNQ,2025-08-15 07:49:00+02:00,2025-08-15 09:55:00+02:00,Long,Asia,7,4,Canal Exit,-1.48,2.0,18,23941.75,23941.75,23910.5,31.25,0.13052512869777688,0.0,21.0,12.75,0.672,0.408,4.7255280635436065,0.01973760507708754,-0.005302905386977432,False,False,False,-0.01973760507708754,2.6608099276272696,13.686714885213519,3.5197241544636455,11.635248103779736,10.166990730749873,-26.897337050889092,1,4.0,-1.0,4.0,-1.0,23934.5,-0.232,MNQ_v4
single,MNQ,2025-08-15 10:16:00+02:00,2025-08-15 10:30:00+02:00,Long,UK,10,4,Stop Loss,-173.92,8.0,2,23939.5,23929.0,23929.0,10.5,0.04386056517471125,-1.0,7.25,14.0,0.6904761904761905,1.3333333333333333,5.084202713769628,0.021237714713213007,-0.005846308017813018,False,False,False,-0.021237714713213007,5.317630933004693,3.9523185552173095,1.1219842067073984,0.20235279861235136,2.8303343485099113,-8.503818249450426,2,1.0,-1.0,5.0,1.0,23892.25,-4.5,MNQ_v4
single,MNQ,2025-08-18 03:23:00+02:00,2025-08-18 06:04:00+02:00,Long,Asia,3,0,Stop Loss,-173.7,5.0,23,23870.75,23853.75,23853.75,17.0,0.07121686582951939,-1.0,11.25,19.5,0.6617647058823529,1.1470588235294117,2.043600634089671,0.008561107774534404,0.0006853606856105567,False,False,False,-0.008561107774534404,2.9047947427097824,10.945457493724577,4.724987714333997,17.786222300842777,6.22046977939058,-35.549137547412634,1,5.0,-1.0,7.0,-1.0,23849.5,-1.25,MNQ_v4
single,MNQ,2025-08-18 10:23:00+02:00,2025-08-18 15:31:00+02:00,Short,UK,10,0,Stop Loss,-92.24,1.0,44,23766.25,23812.0,23812.0,45.75,0.19249986851101877,-1.0,27.5,52.0,0.6010928961748634,1.1366120218579234,0.349649931435124,0.0014712036246152592,0.0003459967156551409,False,True,True,-0.0014712036246152592,-0.3349405026929162,-30.08563199941998,-26.437195974311614,-11.08760792695414,-3.648436025108367,16.575359849651022,0,1.0,1.0,6.0,1.0,23771.25,-0.1092896174863388,MNQ_v4
single,MNQ,2025-08-18 18:54:00+02:00,2025-08-18 19:08:00+02:00,Short,US,18,0,Canal Exit,-63.48,2.0,2,23743.0,23758.5,23780.25,37.25,0.1568883460388325,-0.4161073825503356,11.5,18.0,0.3087248322147651,0.48322147651006714,1.568344172614161,0.0066055012955993815,0.010847701633343072,True,False,True,0.0066055012955993815,-0.23022708865755703,-25.08107131032113,-19.527448552472997,-2.8957331486945237,-5.553622757848132,-20.075196415838544,0,2.0,1.0,4.0,-1.0,23754.0,-0.2953020134228188,MNQ_v4
single,MNQ,2025-08-18 20:18:00+02:00,2025-08-18 20:53:00+02:00,Short,US,20,0,Stop Loss,-122.48,2.0,5,23769.5,23799.75,23799.75,30.25,0.12726393066745198,-1.0,17.5,33.5,0.5785123966942148,1.1074380165289257,2.616796678492392,0.011009052266528081,0.005074345509212655,True,True,False,0.011009052266528081,-4.1753712122372235,-7.8539567518682265,-12.459000279690759,1.1217845635274841,4.605043527822533,43.597131322930124,3,6.0,-1.0,1.0,-1.0,23800.5,-1.024793388429752,MNQ_v4
single,MNQ,2025-08-19 00:00:00+02:00,2025-08-19 00:28:00+02:00,Long,Asia,0,1,Canal Exit,-35.74,1.0,4,23830.5,23813.0,23785.0,45.5,0.19093178909380834,-0.38461538461538464,9.25,39.5,0.2032967032967033,0.8681318681318682,3.567376227074419,0.014969791767165688,-0.010490662382952117,False,True,True,-0.014969791767165688,5.40231262733505,2.223425366008235,-5.240783516126369,7.661344905862148,7.464208882134604,21.58465478097083,0,4.0,-1.0,6.0,1.0,23815.5,-0.32967032967032966,MNQ_v4
single,MNQ,2025-08-19 00:56:00+02:00,2025-08-19 01:24:00+02:00,Short,Asia,0,1,Canal Exit,-32.96,4.0,4,23811.25,23815.0,23829.5,18.25,0.07664444327786235,-0.2054794520547945,2.0,14.75,0.1095890410958904,0.8082191780821918,3.0719369495782303,0.012901199851239352,0.015546386158122778,True,False,True,0.012901199851239352,-1.0645395101419126,-7.7929810059092475,-4.620835910886268,2.5047045539333914,-3.1721450950229793,-8.482811463045834,0,2.0,1.0,7.0,1.0,23797.25,0.7671232876712328,MNQ_v4
single,MNQ,2025-08-19 05:43:00+02:00,2025-08-19 06:18:00+02:00,Short,Asia,5,1,Canal Exit,34.52,2.0,5,23753.75,23744.75,23786.75,33.0,0.13892543282639583,0.2727272727272727,10.0,5.5,0.30303030303030304,0.16666666666666666,0.4193225515919039,0.00176528990829618,-0.002300535772063636,True,False,True,0.00176528990829618,-3.054820926321554,-4.007459928910937,-0.5019126115457406,-13.263045907494984,-3.5055473173651968,-40.03856906373,1,5.0,1.0,7.0,-1.0,23739.25,0.4393939393939394,MNQ_v4
single,MNQ,2025-08-19 07:14:00+02:00,2025-08-19 10:51:00+02:00,Short,Asia,7,1,Stop Loss,-93.24,1.0,31,23740.5,23786.75,23786.75,46.25,0.19481476801246816,-1.0,9.75,46.75,0.21081081081081082,1.0108108108108107,4.119651544599037,0.017352842377367946,-0.0009232307932944396,True,True,False,0.017352842377367946,-0.3779031008707534,-3.027790687429399,5.599133629005175,-17.7087559705205,-8.626924316434575,27.10927246815462,0,4.0,1.0,4.0,-1.0,23798.75,-1.2594594594594595,MNQ_v4
single,MNQ,2025-08-20 05:15:00+02:00,2025-08-20 06:39:00+02:00,Short,Asia,5,2,Canal Exit,19.26,1.0,12,23364.25,23354.25,23431.25,67.0,0.28676289630525265,0.14925373134328357,26.25,9.25,0.3917910447761194,0.13805970149253732,4.611172893433832,0.019736019317691908,0.009920706270557975,True,True,False,0.019736019317691908,-12.639884475083818,-17.778263650676976,-8.48613912568535,-15.59027317577899,-9.292124524991626,23.424398529449917,2,4.0,1.0,6.0,1.0,23345.25,0.2835820895522388,MNQ_v4
single,MNQ,2025-08-20 13:04:00+02:00,2025-08-20 13:32:00+02:00,Long,UK,13,2,Stop Loss,-165.48,2.0,4,23444.0,23403.0,23403.0,41.0,0.174884831939942,-1.0,8.0,49.0,0.1951219512195122,1.1951219512195121,7.770318986760685,0.03314416902730202,-0.01153241863273356,False,True,True,-0.03314416902730202,10.353939735941822,4.442246605123994,-4.700032917141811,1.5898610427914253,9.142279522265806,-5.269402491459873,1,3.0,-1.0,3.0,1.0,23413.75,-0.7378048780487805,MNQ_v4
single,MNQ,2025-08-21 00:14:00+02:00,2025-08-21 01:03:00+02:00,Long,Asia,0,3,Stop Loss,-169.92,8.0,7,23318.25,23308.0,23308.0,10.25,0.04395698648054635,-1.0,20.75,10.75,2.024390243902439,1.048780487804878,5.939737758148112,0.025472485105649492,-0.00781689994194838,False,False,False,-0.025472485105649492,2.6051391455366684,16.539700631362624,18.84811605095082,14.285924009791879,-2.308415419588197,-22.38767834995309,0,7.0,1.0,4.0,-1.0,23310.25,-0.7804878048780488,MNQ_v4
single,MNQ,2025-08-21 06:53:00+02:00,2025-08-21 07:00:00+02:00,Long,Asia,6,3,Stop Loss,-169.92,8.0,1,23340.5,23330.25,23330.25,10.25,0.04391508322443821,-1.0,9.5,13.0,0.926829268292683,1.2682926829268293,2.7463588399259606,0.011766495318977574,-0.00939366427752011,False,False,False,-0.011766495318977574,9.03456522464694,4.976786182008509,0.5939453729124118,11.22309964192253,4.3828408090960975,3.427943134201609,2,1.0,-1.0,6.0,1.0,23318.0,-2.1951219512195124,MNQ_v4
single,MNQ,2025-08-21 08:59:00+02:00,2025-08-21 10:16:00+02:00,Short,UK,8,3,Canal Exit,95.04,4.0,11,23345.75,23333.5,23368.25,22.5,0.09637728494479723,0.5444444444444444,28.75,14.0,1.2777777777777777,0.6222222222222222,8.329269384914369,0.0356778830618608,0.022815651157105498,True,True,False,0.0356778830618608,-0.3926527089352021,-0.052738027111703084,5.654959079376802,1.3528634098915784,-5.707697106488505,19.531575361709514,0,4.0,1.0,9.0,1.0,23315.0,1.3666666666666667,MNQ_v4
single,MNQ,2025-08-21 10:44:00+02:00,2025-08-21 11:19:00+02:00,Short,UK,10,3,Canal Exit,30.52,2.0,5,23323.0,23315.0,23357.5,34.5,0.14792265145993225,0.2318840579710145,33.25,23.25,0.9637681159420289,0.6739130434782609,0.10791049975523492,0.0004626784708452383,0.0032292168350263033,True,False,True,0.0004626784708452383,-0.5447885758112534,-2.8231426175271874,1.455043627331174,0.7451493607173276,-4.278186244858361,-30.175328222228792,0,5.0,1.0,5.0,-1.0,23303.0,0.5797101449275363,MNQ_v4
single,MNQ,2025-08-21 13:39:00+02:00,2025-08-21 14:28:00+02:00,Short,UK,13,3,Canal Exit,32.26,1.0,7,23284.5,23268.0,23335.0,50.5,0.21688247546651204,0.32673267326732675,71.75,13.0,1.4207920792079207,0.25742574257425743,3.3829772755198064,0.01452888091013252,0.007042950083267682,True,False,True,0.01452888091013252,-2.9054463413158373,-25.870858703826432,-21.727599964984098,-5.2548843551855375,-4.143258738842334,-29.016284130233515,0,2.0,1.0,4.0,-1.0,23221.25,1.2524752475247525,MNQ_v4
single,MNQ,2025-08-22 05:01:00+02:00,2025-08-22 05:29:00+02:00,Short,Asia,5,4,Canal Exit,-29.48,2.0,4,23199.75,23206.75,23234.0,34.25,0.14763090119505598,-0.20437956204379562,8.0,7.5,0.23357664233576642,0.21897810218978103,3.9222625983165926,0.016906486485055196,0.01718734404859686,True,False,True,0.016906486485055196,-6.870859997212392,-11.232153119984032,-1.379908610548756,-10.47854635908398,-9.852244509435277,-35.083049435412875,1,4.0,1.0,12.0,-1.0,23209.5,-0.2846715328467153,MNQ_v4
single,MNQ,2025-08-22 06:11:00+02:00,2025-08-22 06:53:00+02:00,Long,Asia,6,4,Canal Exit,64.82,7.0,6,23204.5,23209.5,23192.5,12.0,0.051714107177487124,0.4166666666666667,11.25,3.5,0.9375,0.2916666666666667,0.424235066609981,0.001828244808593079,-0.009366265349583064,False,True,True,-0.001828244808593079,2.5417335523525253,2.639187747923048,-0.30932591710953306,1.1103034437955976,2.948513665032581,25.908507544456494,1,6.0,-1.0,7.0,1.0,23195.0,-0.7916666666666666,MNQ_v4
single,MNQ,2025-08-22 07:14:00+02:00,2025-08-22 07:42:00+02:00,Short,Asia,7,4,Canal Exit,-14.219999999999999,3.0,4,23193.0,23195.0,23215.75,22.75,0.09808994093045316,-0.08791208791208792,12.25,6.5,0.5384615384615384,0.2857142857142857,1.5581944295481662,0.00671838239791388,0.0072259310400835,True,False,True,0.00671838239791388,-7.351272776373662,-21.08059831344111,-12.73569293909609,0.7695577372123807,-8.344905374345021,-32.568535768249575,2,4.0,1.0,3.0,-1.0,23173.75,0.8461538461538461,MNQ_v4
single,MNQ,2025-08-26 01:03:00+02:00,2025-08-26 03:02:00+02:00,Short,Asia,1,1,Canal Exit,1738.88,13.0,17,23511.25,23444.0,23517.75,6.5,0.0276463395183157,10.346153846153847,140.0,5.5,21.53846153846154,0.8461538461538461,6.660209878631576,0.02832775747198289,0.006074731917971006,True,False,True,0.02832775747198289,-0.8494404927369033,-4.1824874083765105,0.2080959579795656,-30.00501881799293,-4.390583366356076,-24.754534120566138,0,7.0,1.0,5.0,-1.0,23432.5,12.115384615384615,MNQ_v4
single,MNQ,2025-08-26 03:23:00+02:00,2025-08-26 04:05:00+02:00,Long,Asia,3,1,Canal Exit,9.76,1.0,6,23452.0,23457.25,23373.75,78.25,0.33366024219682755,0.0670926517571885,9.25,37.25,0.1182108626198083,0.476038338658147,2.6366531841558754,0.011242764728619629,-0.053432962456130495,False,True,True,-0.011242764728619629,25.80321256626121,19.801758718500142,11.981815921658088,-21.542720503799313,7.819942796842055,0.7450621263950127,2,2.0,-1.0,5.0,-1.0,23462.25,0.13099041533546327,MNQ_v4
single,MNQ,2025-08-26 18:12:00+02:00,2025-08-26 18:33:00+02:00,Long,US,18,1,Canal Exit,-18.24,1.0,3,23549.0,23540.25,23498.0,51.0,0.2165697057199881,-0.1715686274509804,7.25,19.5,0.14215686274509803,0.38235294117647056,6.7957965133100515,0.02885811080432312,-0.016613003494199044,False,True,True,-0.02885811080432312,1.353437312769529,25.076612060394265,17.51157862602753,2.167196690516827,7.565033434366736,33.94694065008292,0,3.0,-1.0,6.0,1.0,23532.5,-0.3235294117647059,MNQ_v4
single,MNQ,2025-08-26 19:08:00+02:00,2025-08-26 19:15:00+02:00,Short,US,19,1,Canal Exit,-24.72,3.0,1,23528.75,23532.5,23555.25,26.5,0.11262816766721565,-0.14150943396226415,19.5,7.25,0.7358490566037735,0.27358490566037735,0.2746410802428727,0.0011672574201471507,0.013351988189978337,False,False,False,-0.0011672574201471507,-0.9262831252999604,-22.619353926648863,-19.527125626080668,1.7690816105210985,-3.0922283005681948,-20.383993436570364,0,1.0,1.0,3.0,-1.0,23510.5,0.6886792452830188,MNQ_v4
single,MNQ,2025-08-27 01:45:00+02:00,2025-08-27 01:59:00+02:00,Long,Asia,1,2,Stop Loss,-193.32,18.0,2,23614.75,23609.75,23609.75,5.0,0.021173207423326523,-1.0,5.0,11.75,1.0,2.35,4.086618220702803,0.017305363049377204,-0.00221340148105386,False,False,False,-0.017305363049377204,9.55076643666689,1.793952101501545,-1.2111125258292286,27.044450825109873,3.0050646273307735,-2.9894987113932174,3,2.0,-1.0,6.0,1.0,23596.75,-3.6,MNQ_v4
single,MNQ,2025-08-27 07:07:00+02:00,2025-08-27 07:35:00+02:00,Short,Asia,7,2,Canal Exit,-16.96,4.0,4,23600.0,23601.75,23621.75,21.75,0.09216101694915255,-0.08045977011494253,5.0,14.0,0.22988505747126436,0.6436781609195402,1.8314181821406237,0.007760246534494168,0.005508860026091467,True,False,True,0.007760246534494168,-0.039521605387562886,-0.8899444494187994,9.534677559385575,-3.0812808572940162,-10.424622008804374,-37.95535783605333,0,4.0,1.0,10.0,-1.0,23605.75,-0.26436781609195403,MNQ_v4
single,MNQ,2025-08-27 09:13:00+02:00,2025-08-27 09:41:00+02:00,Short,UK,9,2,Canal Exit,38.28,3.0,4,23595.0,23588.25,23619.75,24.75,0.1048951048951049,0.2727272727272727,19.5,13.75,0.7878787878787878,0.5555555555555556,2.3918888568368857,0.010137270001427785,0.009522011390365862,True,False,True,0.010137270001427785,-2.37227826203889,-20.635736078632338,-14.139276099553294,1.839320824346088,-6.496459979079043,-33.30217832107814,0,4.0,1.0,5.0,-1.0,23584.0,0.4444444444444444,MNQ_v4
single,MNQ,2025-08-27 12:08:00+02:00,2025-08-27 12:29:00+02:00,Short,UK,12,2,Stop Loss,-185.12,13.0,3,23596.75,23603.5,23603.5,6.75,0.02860563425047941,-1.0,5.75,9.5,0.8518518518518519,1.4074074074074074,3.5395065853590495,0.01499997493451026,0.009681136832127249,True,False,True,0.01499997493451026,-7.4786851180651865,-5.444160925262173,-0.6433421165709365,-5.185838293772695,-4.800818808691236,-0.9706335160744908,2,2.0,1.0,4.0,-1.0,23599.25,-0.37037037037037035,MNQ_v4
single,MNQ,2025-08-27 17:23:00+02:00,2025-08-27 17:44:00+02:00,Short,US,17,2,Stop Loss,-158.22,3.0,3,23590.0,23616.0,23616.0,26.0,0.11021619330224672,-1.0,16.0,35.5,0.6153846153846154,1.3653846153846154,5.05876183246437,0.021444518153727724,0.032984321561110426,True,False,True,0.021444518153727724,-24.01032764923366,-5.331815892621725,-1.4330999265129143,-3.017147804376769,-3.8987159661088104,7.30097610184363,2,2.0,1.0,4.0,-1.0,23598.5,-0.3269230769230769,MNQ_v4
single,MNQ,2025-08-27 19:08:00+02:00,2025-08-27 19:36:00+02:00,Long,US,19,2,Canal Exit,23.26,1.0,4,23602.25,23614.25,23542.0,60.25,0.2552722727706045,0.1991701244813278,15.75,15.25,0.26141078838174275,0.25311203319502074,6.547065208316781,0.02773915710712657,-0.02623508245416763,False,True,True,-0.02773915710712657,0.7994876551711059,25.027118997129456,19.033273099989017,8.540171779302344,5.993845897140439,30.139782251877282,0,3.0,-1.0,7.0,-1.0,23645.25,0.7136929460580913,MNQ_v4
single,MNQ,2025-08-27 21:42:00+02:00,2025-08-27 21:56:00+02:00,Long,US,21,2,Auto-Close (loss),-7.74,1.0,2,23623.5,23620.0,23552.5,71.0,0.30054818295341507,-0.04929577464788732,23.0,7.0,0.323943661971831,0.09859154929577464,20.474011471269478,0.08666798514728757,-0.03185800666624994,False,False,False,-0.08666798514728757,1.6705560433292703,12.611842712421337,4.060641956555903,3.7307545310055077,8.551200755865434,32.19072212595987,0,3.0,-1.0,1.0,-1.0,23624.5,0.014084507042253521,MNQ_v4
single,MNQ,2025-08-28 02:20:00+02:00,2025-08-28 03:02:00+02:00,Short,Asia,2,3,Stop Loss,-177.72,3.0,6,23496.75,23526.0,23526.0,29.25,0.12448530115867087,-1.0,10.0,34.0,0.3418803418803419,1.1623931623931625,0.9542723436097731,0.004061295045526607,-0.000356074349720484,True,True,False,0.004061295045526607,-10.85074903838904,-6.1802665624816155,-4.691118916748016,-18.139309259734393,-1.4891476457336,39.326483924614884,3,2.0,1.0,2.0,-1.0,23525.5,-0.9829059829059829,MNQ_v4
single,MNQ,2025-08-28 07:00:00+02:00,2025-08-28 07:21:00+02:00,Long,Asia,7,3,Stop Loss,-177.4,10.0,3,23566.0,23557.5,23557.5,8.5,0.03606891284053297,-1.0,1.25,9.75,0.14705882352941177,1.1470588235294117,2.958973006083397,0.012556110523989633,-0.003691368210517573,False,False,False,-0.012556110523989633,2.4229701184522128,1.6135982215137274,3.5241884046136045,5.96966502360291,-1.910590183099877,-19.161708001572332,0,8.0,1.0,5.0,1.0,23547.5,-2.176470588235294,MNQ_v4
single,MNQ,2025-08-28 16:41:00+02:00,2025-08-28 17:09:00+02:00,Long,US,16,3,Canal Exit,28.76,1.0,4,23714.25,23729.0,23579.75,134.5,0.5671695288697723,0.10966542750929369,17.75,41.25,0.13197026022304834,0.3066914498141264,5.525768410276214,0.023301468147954137,-0.02176910632410209,False,True,True,-0.023301468147954137,3.1585272964584874,21.99088885711785,15.576127189395947,19.251068707704945,6.414761667721901,43.663204512330125,0,4.0,-1.0,7.0,1.0,23692.5,-0.16171003717472118,MNQ_v4
single,MNQ,2025-08-28 18:26:00+02:00,2025-08-28 18:47:00+02:00,Long,US,18,3,Canal Exit,47.26,1.0,3,23734.75,23758.75,23674.75,60.0,0.252793899240565,0.4,31.25,5.25,0.5208333333333334,0.0875,4.536043872591108,0.019111403627976316,-0.009830750015128424,False,True,True,-0.019111403627976316,4.114062085038313,28.936705908970463,24.24354975023153,20.117483493609416,4.693156158738933,33.16653470455644,0,3.0,-1.0,5.0,1.0,23757.5,0.37916666666666665,MNQ_v4
single,MNQ,2025-08-28 19:29:00+02:00,2025-08-28 21:56:00+02:00,Long,US,19,3,Auto-Close (loss),-4.74,1.0,21,23768.25,23766.25,23674.75,93.5,0.39338192757144513,-0.0213903743315508,35.5,17.0,0.37967914438502676,0.18181818181818182,1.6841138484160183,0.007085560983311848,0.011280657525010108,False,False,False,-0.007085560983311848,3.485458734961867,3.059518649017846,-3.498323697829064,24.480563736428905,6.557842346846909,-3.426288910003742,1,4.0,-1.0,5.0,1.0,23763.75,-0.0481283422459893,MNQ_v4
single,MNQ,2025-08-29 03:09:00+02:00,2025-08-29 04:05:00+02:00,Short,Asia,3,4,Canal Exit,106.3,5.0,8,23739.0,23728.0,23755.75,16.75,0.07055899574539787,0.6567164179104478,12.25,3.75,0.7313432835820896,0.22388059701492538,1.070396949085989,0.004509022912026576,0.004500124932850045,False,False,False,-0.004509022912026576,-7.801320752081665,-7.425868358536446,-0.27424315379199626,0.46798353759240996,-7.15162520474445,-30.005359782402383,3,5.0,1.0,6.0,1.0,23722.75,0.9701492537313433,MNQ_v4
single,MNQ,2025-08-29 05:50:00+02:00,2025-08-29 10:16:00+02:00,Short,Asia,5,4,Canal Exit,682.56,6.0,38,23726.5,23669.25,23741.0,14.5,0.06111310138452784,3.9482758620689653,71.75,10.5,4.948275862068965,0.7241379310344828,4.996177445180365,0.021057372327061997,0.008680454255869609,True,False,True,0.021057372327061997,-4.058347647980554,-4.975694891683277,3.6330650556223762,-19.600550260953508,-8.608759947305654,-42.668682513980485,1,6.0,1.0,5.0,-1.0,23632.5,6.482758620689655,MNQ_v4
single,MNQ,2025-08-29 12:36:00+02:00,2025-08-29 14:28:00+02:00,Short,UK,12,4,Stop Loss,-141.72,3.0,16,23638.5,23661.75,23661.75,23.25,0.09835649470144045,-1.0,17.5,42.25,0.7526881720430108,1.8172043010752688,3.3465510808091494,0.014157205748288383,-0.00025933669543283316,True,False,True,0.014157205748288383,-0.20174221599518205,-6.912238817176743,-5.765701113602219,-23.572925828365133,-1.1465377035745234,0.41774602968896096,0,3.0,1.0,4.0,-1.0,23658.0,-0.8387096774193549,MNQ_v4
single,MNQ,2025-09-01 08:03:00+02:00,2025-09-01 08:38:00+02:00,Short,Asia,8,0,Stop Loss,-101.24,1.0,5,23398.5,23448.75,23448.75,50.25,0.21475735624078468,-1.0,27.0,60.5,0.5373134328358209,1.2039800995024876,7.6143813744565705,0.03254217738084309,0.012342255117566283,True,False,True,0.03254217738084309,-15.847280354977556,-2.333437589030035,7.928610124631281,-20.624592086241908,-10.262047713661316,-9.79826297253472,2,4.0,1.0,5.0,-1.0,23454.5,-1.1144278606965174,MNQ_v4
single,MNQ,2025-09-01 12:29:00+02:00,2025-09-01 13:18:00+02:00,Long,UK,12,0,Stop Loss,-177.92,8.0,7,23491.0,23480.25,23480.25,10.75,0.04576220680260525,-1.0,10.75,23.0,1.0,2.13953488372093,1.2602539458603133,0.005364837366907808,-0.0012192862846498813,False,False,False,-0.005364837366907808,1.040985041494423,23.761088595189577,22.026667764455176,11.97788647076907,1.7344208307344005,-27.267606136620486,0,2.0,-1.0,3.0,1.0,23466.5,-2.2790697674418605,MNQ_v4
single,MNQ,2025-09-01 18:54:00+02:00,2025-09-02 00:00:00+02:00,Long,Asia,18,0,Canal Exit,-64.96,4.0,1,23502.75,23495.0,23481.75,21.0,0.08935124613077193,-0.36904761904761907,8.25,16.25,0.39285714285714285,0.7738095238095238,0.43453319861146156,0.0018488610848154431,-0.005255232778105833,False,True,True,-0.0018488610848154431,1.1417344999645138,39.0171926496125,33.91884602893066,3.345692055423297,5.098346620681838,33.914648184185445,0,1.0,-1.0,10.0,1.0,23454.75,-2.2857142857142856,MNQ_v4
single,MNQ,2025-09-02 00:21:00+02:00,2025-09-02 01:10:00+02:00,Short,Asia,0,1,Canal Exit,171.78,3.0,7,23483.75,23454.75,23511.0,27.25,0.11603768563368286,1.0642201834862386,38.5,9.25,1.4128440366972477,0.3394495412844037,0.23958728673460428,0.0010202258444013596,0.006032908192205481,True,False,True,0.0010202258444013596,-1.8503216775243345,-15.81209812405009,-7.152621037417178,1.7581625118645572,-8.659477086632911,-42.54551769321785,1,7.0,1.0,1.0,-1.0,23433.5,1.8440366972477065,MNQ_v4
single,MNQ,2025-09-02 03:37:00+02:00,2025-09-02 05:57:00+02:00,Short,Asia,3,1,Canal Exit,296.3,5.0,20,23469.0,23439.0,23484.5,15.5,0.06604456943201671,1.935483870967742,54.5,6.25,3.5161290322580645,0.4032258064516129,8.910732054551772,0.03796809431399622,0.026196559431839832,True,True,False,0.03796809431399622,-13.518078222467011,-2.0610762877041275,5.680237758671447,-3.8465423324885037,-7.7413140463755745,39.08056128059544,2,8.0,1.0,3.0,1.0,23446.0,1.4838709677419355,MNQ_v4
single,MNQ,2025-09-02 08:03:00+02:00,2025-09-02 08:24:00+02:00,Long,Asia,8,1,Canal Exit,-27.72,3.0,3,23433.75,23429.5,23406.25,27.5,0.11735210967088068,-0.15454545454545454,5.75,15.75,0.20909090909090908,0.5727272727272728,1.155389484069019,0.004930450670801809,-0.01259478593555689,False,True,True,-0.004930450670801809,0.6139199685239873,13.423018781047563,8.824346452472671,-3.852949613232178,4.598672328574892,19.172475671984646,0,3.0,-1.0,1.0,1.0,23434.5,0.02727272727272727,MNQ_v4
single,MNQ,2025-09-02 09:20:00+02:00,2025-09-02 10:02:00+02:00,Short,UK,9,1,Canal Exit,173.26,1.0,6,23389.5,23302.5,23452.25,62.75,0.2682827764595224,1.3864541832669324,122.0,33.0,1.9442231075697212,0.5258964143426295,2.07134464947012,0.008855874001026616,0.014178907569211925,False,False,False,-0.008855874001026616,-17.73593552184684,-16.82776514233894,-8.187090046513449,-2.3296290434432607,-8.640675095825491,-42.4913947176231,3,6.0,1.0,8.0,-1.0,23317.75,1.1434262948207172,MNQ_v4
single,MNQ,2025-09-02 11:54:00+02:00,2025-09-02 13:32:00+02:00,Short,UK,11,1,Canal Exit,242.52,2.0,14,23292.0,23231.0,23332.75,40.75,0.17495277348445817,1.4969325153374233,69.0,19.5,1.6932515337423313,0.4785276073619632,7.6859272833535215,0.03299814220914272,0.011197207504135647,True,True,False,0.03299814220914272,-1.2883319918691996,-20.4968852970229,-11.494833190553184,-17.816879083271328,-9.002052106469716,-10.882169260993038,0,5.0,1.0,1.0,1.0,23240.0,1.2760736196319018,MNQ_v4
single,MNQ,2025-09-02 16:41:00+02:00,2025-09-02 17:58:00+02:00,Short,US,16,1,Canal Exit,231.76,1.0,11,23161.0,23044.75,23280.25,119.25,0.5148741418764302,0.9748427672955975,134.5,64.25,1.1278825995807127,0.5387840670859538,29.43981239903951,0.12710941841474682,0.08487119064911794,True,False,True,0.12710941841474682,-68.93909113741029,-4.464153540284448,3.016906202068511,-2.2448713061199457,-7.481059742352959,-43.63908619105532,3,6.0,1.0,10.0,-1.0,23116.25,0.3752620545073375,MNQ_v4
single,MNQ,2025-09-02 18:26:00+02:00,2025-09-02 19:08:00+02:00,Long,US,18,1,Canal Exit,191.52,2.0,6,23068.0,23116.25,23026.5,41.5,0.17990289578637073,1.1626506024096386,75.5,7.0,1.819277108433735,0.1686746987951807,2.291968490702857,0.009935705265748468,-0.07324600179611522,False,True,True,-0.009935705265748468,34.14558542230952,1.2041027552773598,-6.0516387606142485,-1.096427956934021,7.255741515891608,45.008079564634656,2,6.0,-1.0,4.0,1.0,23214.75,3.536144578313253,MNQ_v4
single,MNQ,2025-09-03 07:00:00+02:00,2025-09-03 08:03:00+02:00,Short,Asia,7,2,Canal Exit,-84.96,4.0,9,23319.0,23329.25,23337.5,18.5,0.07933444830395815,-0.5540540540540541,11.0,17.75,0.5945945945945946,0.9594594594594594,2.2024507898822776,0.009444876666590666,0.006122611644556055,True,False,True,0.009444876666590666,-5.129283822778234,-1.912137735772942,4.531786582176651,0.2929212047963065,-6.443924317949593,-16.18273909048979,2,2.0,1.0,6.0,-1.0,23354.25,-1.9054054054054055,MNQ_v4
single,MNQ,2025-09-03 08:24:00+02:00,2025-09-03 08:45:00+02:00,Long,Asia,8,2,Canal Exit,-13.74,1.0,3,23360.75,23354.25,23308.75,52.0,0.22259559303532636,-0.125,4.75,22.0,0.09134615384615384,0.4230769230769231,2.5326611830314505,0.01084152342296994,-0.010483562825379357,True,True,False,0.01084152342296994,8.313290398567915,29.99200727303152,20.552712612421995,1.7021459473999876,9.439294660609523,41.64785939948313,2,3.0,-1.0,6.0,1.0,23346.0,-0.28365384615384615,MNQ_v4
single,MNQ,2025-09-03 12:50:00+02:00,2025-09-03 14:28:00+02:00,Long,UK,12,2,Stop Loss,-177.48,2.0,14,23442.25,23398.25,23398.25,44.0,0.18769529375379923,-1.0,16.25,46.25,0.3693181818181818,1.0511363636363635,4.984301568227238,0.021262044250134855,0.003324420862381013,False,False,False,-0.021262044250134855,2.600761251851509,3.552904785296232,0.15135155612614315,20.607000883151624,3.401553229170089,7.016624418051396,0,4.0,-1.0,4.0,1.0,23429.25,-0.29545454545454547,MNQ_v4
single,MNQ,2025-09-03 17:23:00+02:00,2025-09-03 17:58:00+02:00,Short,US,17,2,Canal Exit,23.76,1.0,5,23424.75,23412.5,23526.0,101.25,0.4322351359139372,0.12098765432098765,24.75,47.25,0.24444444444444444,0.4666666666666667,10.955381129628222,0.04676840149682802,0.0644875243119061,True,False,True,0.04676840149682802,-37.044274769814365,-13.731508967659785,-2.928064217555889,12.388403052907785,-10.803444750103896,-35.961968786920934,2,5.0,1.0,6.0,-1.0,23417.75,0.0691358024691358,MNQ_v4
single,MNQ,2025-09-03 18:26:00+02:00,2025-09-03 18:40:00+02:00,Long,US,18,2,Stop Loss,-152.48,2.0,2,23437.75,23400.0,23400.0,37.75,0.16106494864054785,-1.0,10.0,41.25,0.26490066225165565,1.0927152317880795,17.81559081501473,0.07601237667871161,-0.046045999536580416,False,False,False,-0.07601237667871161,12.086507243016968,0.42578606500772237,-4.43209763888462,2.5735035547911416,4.857883703892342,1.6545517240386898,1,2.0,-1.0,3.0,1.0,23430.0,-0.2052980132450331,MNQ_v4
single,MNQ,2025-09-04 03:16:00+02:00,2025-09-04 03:51:00+02:00,Short,Asia,3,3,Canal Exit,22.560000000000002,6.0,5,23498.0,23495.75,23513.0,15.0,0.06383522001872499,0.15,13.25,7.75,0.8833333333333333,0.5166666666666667,3.106774508174567,0.013221442285192642,0.03192380380326981,True,False,True,0.013221442285192642,-9.724440022913768,-1.573348063361578,6.195777577099998,8.877860598053028,-7.769125640461576,-20.507960110046298,1,5.0,1.0,5.0,-1.0,23496.0,0.13333333333333333,MNQ_v4
single,MNQ,2025-09-04 04:12:00+02:00,2025-09-04 04:54:00+02:00,Long,Asia,4,3,Stop Loss,-132.48,2.0,6,23517.5,23484.75,23484.75,32.75,0.1392579993621771,-1.0,6.25,41.75,0.19083969465648856,1.2748091603053435,6.17138646300009,0.026241677316892056,-0.007763653855104263,False,False,False,-0.026241677316892056,6.508719495293917,19.122992030321328,14.322432583582112,9.668782360537309,4.800559446739216,-33.1958101326933,1,2.0,-1.0,3.0,1.0,23482.75,-1.0610687022900764,MNQ_v4
single,MNQ,2025-09-04 07:28:00+02:00,2025-09-04 09:34:00+02:00,Short,Asia,7,3,Stop Loss,-174.72,3.0,18,23474.0,23502.75,23502.75,28.75,0.12247593081707421,-1.0,23.5,32.0,0.8173913043478261,1.1130434782608696,1.1207721436294378,0.004774525618256103,0.008916254009077858,False,True,True,-0.004774525618256103,-0.1057165679121681,-8.130252086622576,-3.692579268204701,-8.124563060115262,-4.437672818417875,26.520825712810648,0,5.0,1.0,1.0,-1.0,23483.0,-0.3130434782608696,MNQ_v4
single,MNQ,2025-09-04 09:55:00+02:00,2025-09-04 10:23:00+02:00,Short,UK,9,3,Stop Loss,-138.72,3.0,4,23483.25,23506.0,23506.0,22.75,0.09687756166629406,-1.0,6.5,23.75,0.2857142857142857,1.043956043956044,5.263400527670456,0.02241342457994722,0.010018323904961457,True,True,False,0.02241342457994722,-3.34336042853829,-1.0775748778089456,3.9712250372101368,2.158608815436363,-5.0487999150190825,18.00768249516465,1,2.0,1.0,3.0,-1.0,23498.5,-0.6703296703296703,MNQ_v4
single,MNQ,2025-09-05 00:56:00+02:00,2025-09-05 07:56:00+02:00,Long,Asia,0,4,Canal Exit,324.78,3.0,60,23711.25,23765.75,23682.75,28.5,0.1201961094417207,1.912280701754386,59.0,9.5,2.0701754385964914,0.3333333333333333,6.273333159660979,0.026457201369227596,0.006131219855358527,False,True,True,-0.026457201369227596,8.73211203932442,3.8124737009632685,0.3806018876209081,37.56562257242135,3.4318718133423607,40.258187878121305,2,5.0,-1.0,1.0,1.0,23778.25,2.3508771929824563,MNQ_v4
single,MNQ,2025-09-05 10:02:00+02:00,2025-09-05 11:26:00+02:00,Long,UK,10,4,Canal Exit,325.56,6.0,12,23760.5,23788.0,23747.5,13.0,0.054712653353254356,2.1153846153846154,31.5,10.0,2.423076923076923,0.7692307692307693,5.90150572314451,0.02483746437635786,-0.015749681315702115,False,True,True,-0.02483746437635786,11.994587621044047,1.9570644363873293,-2.5549018243427932,2.3558236936657706,4.511966260730123,13.328278965055368,2,6.0,-1.0,1.0,-1.0,23784.5,1.8461538461538463,MNQ_v4
single,MNQ,2025-09-05 12:43:00+02:00,2025-09-05 12:57:00+02:00,Long,UK,12,4,Stop Loss,-169.44,6.0,2,23788.0,23774.25,23774.25,13.75,0.057802253236926185,-1.0,1.75,14.0,0.12727272727272726,1.018181818181818,2.0240806933215936,0.008508830895079846,-0.002077994581926156,False,False,False,-0.008508830895079846,0.8683519672194961,29.64488395343922,24.223566447806224,23.513350474448313,5.421317505632995,19.39973383274131,0,1.0,-1.0,2.0,1.0,23795.75,0.5636363636363636,MNQ_v4
single,MNQ,2025-09-05 15:38:00+02:00,2025-09-05 16:34:00+02:00,Short,US,15,4,Canal Exit,1406.28,3.0,8,23874.25,23639.5,23902.5,28.25,0.11832832444998273,8.309734513274336,267.5,19.5,9.469026548672566,0.6902654867256637,14.54107286465296,0.060906930540867085,0.056431473184177336,True,False,True,0.060906930540867085,-26.26933489131261,-2.6038477913334206,2.906577534432394,13.544021450981496,-5.510425325765814,-51.32838061875855,2,1.0,1.0,11.0,-1.0,23614.0,9.212389380530974,MNQ_v4
single,MNQ,2025-09-08 00:28:00+02:00,2025-09-08 00:56:00+02:00,Long,Asia,0,0,Canal Exit,55.76,1.0,4,23716.5,23744.75,23650.5,66.0,0.27828726835747264,0.42803030303030304,32.5,23.75,0.49242424242424243,0.35984848484848486,1.235705089995463,0.0052103180907615496,-0.008905786779174552,False,True,True,-0.0052103180907615496,0.10013732492006966,16.79108979003473,8.740292232157636,2.8535268236912024,8.050797557877093,46.82008781713,0,4.0,-1.0,4.0,1.0,23780.0,0.9621212121212122,MNQ_v4
single,MNQ,2025-09-08 03:44:00+02:00,2025-09-08 03:58:00+02:00,Long,Asia,3,0,Stop Loss,-160.96,4.0,2,23777.0,23757.25,23757.25,19.75,0.08306346469277033,-1.0,2.25,23.0,0.11392405063291139,1.1645569620253164,6.888125707329891,0.028969700581780257,-0.014984919638954397,False,False,False,-0.028969700581780257,22.915306124104973,16.473312095527348,6.861681660882626,7.685736910905167,9.611630434644722,15.343705893908185,3,2.0,-1.0,5.0,1.0,23741.0,-1.8227848101265822,MNQ_v4
single,MNQ,2025-09-08 12:50:00+02:00,2025-09-08 13:18:00+02:00,Short,UK,12,0,Canal Exit,3.04,4.0,4,23769.25,23768.5,23790.0,20.75,0.08729766399865373,0.03614457831325301,4.0,12.75,0.1927710843373494,0.6144578313253012,1.1953996487354743,0.005029185391779187,0.011757393140514542,True,False,True,0.005029185391779187,-4.975183630867832,-6.736438404232139,2.959062716163218,0.4411245282327781,-9.695501120395356,-31.64964325443573,1,4.0,1.0,5.0,-1.0,23763.0,0.30120481927710846,MNQ_v4
single,MNQ,2025-09-08 13:39:00+02:00,2025-09-08 13:46:00+02:00,Long,UK,13,0,Stop Loss,-184.14,11.0,1,23776.0,23768.0,23768.0,8.0,0.033647375504710635,-1.0,1.25,8.5,0.15625,1.0625,4.911968572407204,0.020659356377890327,-0.006217377790728003,False,False,False,-0.020659356377890327,2.02771828470577,2.567389196060527,-1.4777815260829332,7.50016842697671,4.04517072214346,3.063319850735644,1,2.0,-1.0,1.0,-1.0,23763.0,-1.625,MNQ_v4
single,MNQ,2025-09-09 09:55:00+02:00,2025-09-09 10:44:00+02:00,Short,UK,9,1,Canal Exit,73.52,2.0,7,23854.75,23836.0,23885.25,30.5,0.1278571353713621,0.6147540983606558,20.75,2.75,0.680327868852459,0.09016393442622951,1.48390743265918,0.006220595196592627,0.013941422912762286,True,False,True,0.006220595196592627,-9.350048284297372,-9.254409594040288,0.08300117893368064,10.41750871033405,-9.337410772973968,-15.817307895716912,3,3.0,1.0,2.0,1.0,23845.0,0.319672131147541,MNQ_v4
single,MNQ,2025-09-09 14:56:00+02:00,2025-09-09 15:24:00+02:00,Short,UK,14,1,Stop Loss,-158.22,3.0,4,23831.75,23857.75,23857.75,26.0,0.10909815687056135,-1.0,31.5,26.0,1.2115384615384615,1.0,0.5411263495843741,0.0022706110528365486,0.00992670304472257,False,False,False,-0.0022706110528365486,-7.41760184380837,-25.272658196926752,-19.298138662351725,-6.989159720131344,-5.974519534575027,-18.812080698458352,2,2.0,1.0,3.0,-1.0,23809.5,0.8557692307692307,MNQ_v4
single,MNQ,2025-09-09 15:45:00+02:00,2025-09-09 15:59:00+02:00,Long,US,15,1,Stop Loss,-173.16,9.0,2,23809.5,23800.25,23800.25,9.25,0.03885003885003885,-1.0,39.0,28.5,4.216216216216216,3.081081081081081,6.169785994308768,0.025913127089223914,-0.013542676380561962,False,False,False,-0.025913127089223914,0.6762432278119377,0.4517981479074691,1.3212476385231244,-6.956135321100333,-0.8694494906156554,-9.354123521844398,1,3.0,1.0,1.0,1.0,23845.75,3.918918918918919,MNQ_v4
single,MNQ,2025-09-10 07:21:00+02:00,2025-09-10 10:16:00+02:00,Long,Asia,7,2,Stop Loss,-177.66,9.0,25,23921.0,23911.5,23911.5,9.5,0.03971405877680699,-1.0,32.75,11.25,3.4473684210526314,1.1842105263157894,1.896113345566846,0.00792656387929788,0.0007942516389904527,False,False,False,-0.00792656387929788,0.7384295554984419,4.476844496504619,0.4893064045424107,8.595960475805407,3.987538091962208,-34.50725601400654,0,1.0,-1.0,4.0,1.0,23898.0,-2.4210526315789473,MNQ_v4
single,MNQ,2025-09-10 16:34:00+02:00,2025-09-10 19:22:00+02:00,Long,US,16,2,Stop Loss,-155.74,1.0,24,23971.75,23894.25,23894.25,77.5,0.3232972144294847,-1.0,19.0,96.25,0.24516129032258063,1.2419354838709677,5.594386934324575,0.023337415642681804,-0.019814742882652447,True,True,False,0.023337415642681804,28.569823669931793,34.58362916996407,32.6471709417674,-11.797764890112731,1.9364582281966705,-5.581506097943525,3,2.0,-1.0,3.0,1.0,23902.5,-0.8935483870967742,MNQ_v4
single,MNQ,2025-09-11 03:02:00+02:00,2025-09-11 03:09:00+02:00,Long,Asia,3,3,Canal Exit,-11.48,2.0,1,23907.25,23904.75,23870.75,36.5,0.15267335222578926,-0.0684931506849315,4.5,7.0,0.1232876712328767,0.1917808219178082,1.3854773880448192,0.0057952185552283065,-0.005619033828721965,True,True,False,0.0057952185552283065,1.7014326910611999,31.467413424107818,30.306210111168312,22.895995331664295,1.1612033129395058,29.30531029276803,0,1.0,-1.0,3.0,1.0,23914.5,0.19863013698630136,MNQ_v4
single,MNQ,2025-09-11 03:58:00+02:00,2025-09-11 04:26:00+02:00,Short,Asia,3,3,Canal Exit,-154.44,6.0,4,23902.75,23915.25,23916.75,14.0,0.05857066655510349,-0.8928571428571429,2.75,13.75,0.19642857142857142,0.9821428571428571,2.157623029379465,0.00902667278609978,0.009645855340754154,True,False,True,0.00902667278609978,-0.26714558779713116,-1.1589260737860443,6.7286790776693355,16.18626420002418,-7.8876051514553795,-11.915257559696103,0,4.0,1.0,3.0,-1.0,23903.25,-0.03571428571428571,MNQ_v4
single,MNQ,2025-09-11 12:08:00+02:00,2025-09-11 13:39:00+02:00,Long,UK,12,3,Canal Exit,89.28,3.0,13,23935.0,23950.25,23907.75,27.25,0.11385001044495507,0.5596330275229358,17.5,8.75,0.6422018348623854,0.3211009174311927,1.5545521373715019,0.006494890901907257,-0.006817485974350836,False,False,False,-0.006494890901907257,10.34854007415197,5.386490376813385,-3.4357827288536744,13.95309107252577,8.82227310566706,-7.641748823719289,3,4.0,-1.0,4.0,-1.0,23945.25,0.3761467889908257,MNQ_v4
single,MNQ,2025-09-11 19:22:00+02:00,2025-09-11 21:56:00+02:00,Long,US,19,3,Auto-Close (loss),-42.96,4.0,22,24016.75,24011.75,23994.75,22.0,0.09160273559078559,-0.22727272727272727,27.5,13.25,1.25,0.6022727272727273,11.248961554454581,0.046837984133800706,-0.01821794615558094,False,False,False,-0.046837984133800706,12.057496265333612,0.668939460387273,-6.102801049232096,9.522413862124823,6.771740509619369,-9.363134155018367,2,3.0,-1.0,5.0,1.0,24011.0,-0.26136363636363635,MNQ_v4
single,MNQ,2025-09-12 02:06:00+02:00,2025-09-12 03:58:00+02:00,Short,Asia,2,4,Canal Exit,67.56,6.0,16,24011.75,24005.75,24025.5,13.75,0.05726363134715296,0.43636363636363634,10.75,12.0,0.7818181818181819,0.8727272727272727,2.0776777071441757,0.008652754202189243,0.00818676995676824,True,False,True,0.008652754202189243,-4.692608031193231,-7.624262025381537,-0.10144928237215955,-2.579696767095456,-7.522812743009377,-28.047755615134687,1,2.0,1.0,2.0,-1.0,23994.0,1.290909090909091,MNQ_v4
single,MNQ,2025-09-12 05:50:00+02:00,2025-09-12 05:57:00+02:00,Short,Asia,5,4,Stop Loss,-209.6,40.0,1,24004.75,24007.0,24007.0,2.25,0.009373144898405525,-1.0,3.25,6.75,1.4444444444444444,3.0,1.444556772854412,0.006017795531527768,0.0020612545574935207,True,True,False,0.006017795531527768,-0.42305072112503694,-17.708050935908847,-19.2650235401359,-2.2366156553185697,1.5569726042270524,-3.4108817109878045,0,6.0,-1.0,5.0,-1.0,24022.0,-7.666666666666667,MNQ_v4
single,MNQ,2025-09-12 09:06:00+02:00,2025-09-12 10:02:00+02:00,Long,UK,9,4,Stop Loss,-183.7,5.0,8,24024.0,24006.0,24006.0,18.0,0.07492507492507493,-1.0,5.75,21.75,0.3194444444444444,1.2083333333333333,6.607602695949026,0.027504173726061548,-0.011557323684670398,False,False,False,-0.027504173726061548,1.8772117611479189,5.953797649822988,-1.868337708965063,14.342643503283066,7.822135358788051,-27.98957258893355,0,3.0,-1.0,3.0,1.0,23991.0,-1.8333333333333333,MNQ_v4
single,MNQ,2025-09-12 16:13:00+02:00,2025-09-12 16:55:00+02:00,Long,US,16,4,Canal Exit,103.26,1.0,6,24054.0,24106.0,24002.0,52.0,0.21618026107923838,1.0,61.75,27.5,1.1875,0.5288461538461539,4.092744984591263,0.01701482075576313,-0.010454568642751808,False,True,True,-0.01701482075576313,5.614672932726535,16.029891882200392,8.757738766610249,0.334179590800737,7.272153115590143,43.28797856755649,1,6.0,-1.0,8.0,1.0,24098.75,0.8605769230769231,MNQ_v4
single,MNQ,2025-09-12 18:26:00+02:00,2025-09-12 21:07:00+02:00,Long,US,18,4,Canal Exit,123.52,2.0,23,24109.0,24140.25,24071.25,37.75,0.15658053009249656,0.8278145695364238,50.0,17.5,1.3245033112582782,0.46357615894039733,3.538593469049374,0.014677479236174766,-0.0035688411776375116,False,True,True,-0.014677479236174766,0.9024375588523981,37.063197029328194,32.38897426677333,7.244611098031228,4.674222762554862,32.73184736894494,0,1.0,-1.0,6.0,1.0,24126.25,0.45695364238410596,MNQ_v4
single,MNQ,2025-09-12 21:28:00+02:00,2025-09-12 21:49:00+02:00,Short,US,21,4,Canal Exit,-31.24,1.0,3,24111.0,24126.25,24159.0,48.0,0.19907925842976237,-0.3177083333333333,23.5,23.5,0.4895833333333333,0.4895833333333333,0.21819170797243714,0.0009049467378890845,0.022718259192666006,False,False,False,-0.0009049467378890845,-7.0521747874227,-15.10190957771162,-6.035539358799314,6.365251142305723,-9.066370218912306,-32.014587336134014,1,3.0,1.0,6.0,-1.0,24111.75,-0.015625,MNQ_v4
single,MNQ,2025-09-15 01:31:00+02:00,2025-09-15 05:15:00+02:00,Short,Asia,1,0,Stop Loss,-149.22,3.0,32,24104.75,24129.25,24129.25,24.5,0.10163971831278068,-1.0,13.25,27.75,0.5408163265306123,1.1326530612244898,1.8914147701507318,0.00784664752860217,0.006392074987673086,False,False,False,-0.00784664752860217,-1.3148428445456375,-27.273407212090916,-22.3683048544435,-8.104923637020981,-4.905102357647415,21.641311352570625,0,2.0,1.0,2.0,-1.0,24119.0,-0.5816326530612245,MNQ_v4
single,MNQ,2025-09-15 07:42:00+02:00,2025-09-15 08:10:00+02:00,Long,Asia,7,0,Canal Exit,43.8,5.0,4,24136.5,24141.25,24120.0,16.5,0.06836119569945932,0.2878787878787879,9.5,2.0,0.5757575757575758,0.12121212121212122,0.591993016518245,0.002452687906358606,0.0001730616215859535,False,True,True,-0.002452687906358606,0.3478029226389481,14.730321754171378,9.949221190309363,16.62029172989939,4.781100563862015,33.764768980370384,0,4.0,-1.0,4.0,1.0,24146.75,0.6212121212121212,MNQ_v4
single,MNQ,2025-09-15 17:51:00+02:00,2025-09-15 21:56:00+02:00,Long,US,17,0,Auto-Close (profit),50.26,1.0,35,24286.0,24311.5,24237.0,49.0,0.2017623322078564,0.5204081632653061,29.75,40.75,0.6071428571428571,0.8316326530612245,5.633346865673957,0.0231958612602897,-0.003705987451339375,False,True,True,-0.0231958612602897,5.495166732467624,16.767492371214637,9.180268947506956,18.95356402054573,7.58722342370768,39.47951262240507,0,4.0,-1.0,6.0,1.0,24301.5,0.3163265306122449,MNQ_v4
single,MNQ,2025-09-16 01:10:00+02:00,2025-09-16 02:34:00+02:00,Long,Asia,1,1,Canal Exit,2887.56,6.0,12,24297.5,24538.5,24284.25,13.25,0.05453235929622389,18.18867924528302,250.0,9.25,18.867924528301888,0.6981132075471698,2.5624008150334703,0.010545944294818275,-0.006166519231028643,False,True,True,-0.010545944294818275,6.068912184524379,3.960893465938918,-2.5747541450495444,12.954961770088877,6.5356476109884625,48.85574383486633,2,5.0,-1.0,4.0,1.0,24549.75,19.037735849056602,MNQ_v4
single,MNQ,2025-09-16 12:22:00+02:00,2025-09-16 13:11:00+02:00,Long,UK,12,1,Stop Loss,-173.92,8.0,7,24627.0,24616.5,24616.5,10.5,0.042636131075648676,-1.0,5.25,12.5,0.5,1.1904761904761905,5.182607124042988,0.02104441110993214,-0.009434371095311441,False,True,True,-0.02104441110993214,7.8197940505815495,11.03521897115642,5.328647137835681,22.74544305351331,5.706571833320739,-12.822544884827158,2,2.0,-1.0,6.0,1.0,24605.0,-2.0952380952380953,MNQ_v4
single,MNQ,2025-09-16 15:38:00+02:00,2025-09-16 21:56:00+02:00,Short,US,15,1,Auto-Close (profit),173.52,2.0,54,24567.75,24524.0,24609.75,42.0,0.17095582623561376,1.0416666666666667,68.75,5.5,1.6369047619047619,0.13095238095238096,1.4032806509712827,0.00571188102683918,0.005211471416968999,False,False,False,-0.00571188102683918,-0.3968814559812017,-20.741064146558088,-13.263530592160713,-20.73017576276528,-7.477533554397375,-15.951374021260467,0,4.0,1.0,8.0,-1.0,24531.5,0.8630952380952381,MNQ_v4
single,MNQ,2025-09-17 00:21:00+02:00,2025-09-17 01:45:00+02:00,Long,Asia,0,2,Canal Exit,-18.72,3.0,12,24545.5,24542.75,24516.75,28.75,0.11712941272330978,-0.09565217391304348,6.0,9.0,0.20869565217391303,0.3130434782608696,0.28756356557278195,0.0011715530976055975,-0.0035515262019265863,False,False,False,-0.0011715530976055975,4.570111445969815,9.259691891650212,1.2513126042176292,2.150411187450691,8.008379287432582,-27.401811034652972,2,4.0,-1.0,3.0,-1.0,24531.5,-0.48695652173913045,MNQ_v4
single,MNQ,2025-09-17 02:06:00+02:00,2025-09-17 02:13:00+02:00,Long,Asia,2,2,Stop Loss,-87.0,50.0,1,24531.5,24531.0,24531.0,0.5,0.0020381957890875,-1.0,18.5,0.75,37.0,1.5,2.7568308401387185,0.01123792201919458,-0.0021442892693439085,False,False,False,-0.01123792201919458,-0.17137085030117305,7.3560788176188705,8.061285441345557,4.565761796840071,-0.7052066237266867,1.6678002314549043,1,6.0,1.0,5.0,1.0,24540.5,18.0,MNQ_v4
single,MNQ,2025-09-17 07:21:00+02:00,2025-09-17 08:24:00+02:00,Short,Asia,7,2,Stop Loss,-156.2,5.0,9,24511.75,24527.0,24527.0,15.25,0.06221506012422614,-1.0,4.5,17.75,0.29508196721311475,1.1639344262295082,1.4402608939926722,0.005875797909136117,0.0009607514633018318,True,True,False,0.005875797909136117,-2.3872003043106815,-3.71895975742261,-0.9043017484282188,-10.36303020047026,-2.814658008994391,27.381680952667313,3,3.0,1.0,6.0,-1.0,24532.75,-1.3770491803278688,MNQ_v4
single,MNQ,2025-09-17 21:14:00+02:00,2025-09-17 21:35:00+02:00,Long,US,21,2,Canal Exit,14.76,1.0,3,24486.25,24494.0,24241.75,244.5,0.9985195773137987,0.03169734151329243,64.5,73.75,0.26380368098159507,0.3016359918200409,8.27013925902429,0.03377462559201303,-0.07226053302406668,False,True,True,-0.03377462559201303,18.318036043845495,19.329090155563847,11.389628975526458,-6.278121175101602,7.939461180037389,37.66870498722257,0,3.0,-1.0,7.0,1.0,24509.25,0.09406952965235174,MNQ_v4
single,MNQ,2025-09-18 06:25:00+02:00,2025-09-18 10:16:00+02:00,Long,Asia,6,3,Canal Exit,80.26,1.0,33,24642.5,24683.0,24560.5,82.0,0.3327584457745764,0.49390243902439024,53.5,56.5,0.6524390243902439,0.6890243902439024,5.786413118854398,0.023481437024873278,0.00331529045337119,False,True,True,-0.023481437024873278,0.5042246107987012,20.47413401051854,16.138752161514994,21.196631069316123,4.3353818490035465,43.08152780317317,0,1.0,-1.0,3.0,1.0,24704.25,0.7530487804878049,MNQ_v4
single,MNQ,2025-09-18 13:11:00+02:00,2025-09-18 14:56:00+02:00,Long,UK,13,3,Stop Loss,-99.24,1.0,15,24742.25,24693.0,24693.0,49.25,0.1990522284755833,-1.0,23.75,69.0,0.48223350253807107,1.401015228426396,5.030955611167883,0.02033346042161842,-0.01812552374896039,False,False,False,-0.02033346042161842,24.001054747022863,11.96370987196813,0.5823482655253338,14.364053689418085,11.381361606442795,-34.03025854940218,2,4.0,-1.0,2.0,1.0,24690.5,-1.0507614213197969,MNQ_v4
single,MNQ,2025-09-18 17:02:00+02:00,2025-09-18 17:16:00+02:00,Short,US,17,3,Stop Loss,-163.48,2.0,2,24768.5,24809.0,24809.0,40.5,0.1635141409451521,-1.0,23.5,47.25,0.5802469135802469,1.1666666666666667,21.35691774130828,0.08622612488163707,0.06119956581921416,True,True,False,0.08622612488163707,-11.469841450259992,-6.910782163214576,-2.3902161503244628,2.070421990991767,-4.5205660128901135,2.4382037910237306,1,1.0,1.0,3.0,-1.0,24771.75,-0.08024691358024691,MNQ_v4
single,MNQ,2025-09-18 18:40:00+02:00,2025-09-18 19:01:00+02:00,Long,US,18,3,Canal Exit,7.76,1.0,3,24788.0,24792.25,24720.5,67.5,0.2723091818621914,0.06296296296296296,8.75,8.25,0.12962962962962962,0.12222222222222222,4.347005672068917,0.01753673419424285,-0.019523651593677124,False,True,True,-0.01753673419424285,1.2725904356739193,35.276209285402274,28.781569731948636,6.857637135015043,6.494639553453638,43.28843918109032,0,3.0,-1.0,8.0,1.0,24739.5,-0.7185185185185186,MNQ_v4
single,MNQ,2025-09-18 19:22:00+02:00,2025-09-18 19:57:00+02:00,Short,US,19,3,Canal Exit,103.52,2.0,5,24765.75,24739.5,24796.75,31.0,0.12517286978993167,0.8467741935483871,43.0,20.75,1.3870967741935485,0.6693548387096774,6.764215360613889,0.027312782211779935,0.01899249173284404,True,False,True,0.027312782211779935,-2.9360456533904653,-4.01429191320046,6.836914332127039,5.097244904056224,-10.8512062453275,-44.42702744735421,0,5.0,1.0,10.0,-1.0,24749.25,0.532258064516129,MNQ_v4
single,MNQ,2025-09-19 00:49:00+02:00,2025-09-19 01:31:00+02:00,Short,Asia,0,4,Stop Loss,-172.4,10.0,6,24734.75,24743.0,24743.0,8.25,0.033353884716845736,-1.0,13.0,13.0,1.5757575757575757,1.5757575757575757,4.468686007894576,0.018066428841587545,0.015103599603085441,True,True,False,0.018066428841587545,-13.516701543194358,-5.521564611197514,-2.636731763415766,-18.575535409791016,-2.8848328477817478,30.802048190989733,2,1.0,1.0,3.0,-1.0,24741.75,-0.8484848484848485,MNQ_v4
single,MNQ,2025-09-19 03:16:00+02:00,2025-09-19 04:40:00+02:00,Long,Asia,3,4,Canal Exit,40.32,7.0,12,24707.5,24710.75,24694.75,12.75,0.051603764039259335,0.2549019607843137,16.0,7.5,1.2549019607843137,0.5882352941176471,5.737992163973104,0.023223685779512716,-0.02086965798767776,False,True,True,-0.023223685779512716,5.776388260022941,2.7605647114356158,-1.9693539574108025,-4.296335704568777,4.729918668846418,-20.327539737986417,1,4.0,-1.0,7.0,-1.0,24722.5,1.1764705882352942,MNQ_v4
single,MNQ,2025-09-19 05:50:00+02:00,2025-09-19 06:25:00+02:00,Short,Asia,5,4,Canal Exit,3.52,2.0,5,24706.25,24705.0,24736.75,30.5,0.12345054389071591,0.040983606557377046,24.25,17.5,0.7950819672131147,0.5737704918032787,4.555950430003577,0.018440477328625658,0.014323222603211984,True,False,True,0.018440477328625658,-10.865611862336664,-6.951094710469699,3.158184758989313,2.920973954230457,-10.109279469459013,-34.69994084682006,2,5.0,1.0,6.0,-1.0,24711.0,-0.1557377049180328,MNQ_v4
single,MNQ,2025-09-19 07:35:00+02:00,2025-09-19 08:24:00+02:00,Short,Asia,7,4,Canal Exit,163.8,5.0,7,24706.5,24689.75,24723.5,17.0,0.06880780361443345,0.9852941176470589,32.0,10.25,1.8823529411764706,0.6029411764705882,5.7480429107672535,0.023265306339494682,0.009519620749353305,True,False,True,0.023265306339494682,-1.7719528498273576,-7.960345970206663,-0.5256516320436146,-8.411349987901602,-7.434694338163048,-8.212319533462392,0,4.0,1.0,2.0,1.0,24698.0,0.5,MNQ_v4
single,MNQ,2025-09-19 09:34:00+02:00,2025-09-19 10:37:00+02:00,Long,UK,9,4,Canal Exit,86.52,2.0,9,24686.25,24708.25,24655.0,31.25,0.1265886880348372,0.704,28.5,15.0,0.912,0.48,3.100627573330712,0.012560140050962428,-0.01639969008103605,False,True,True,-0.012560140050962428,10.317025166965323,8.670176420027662,1.4334244837161254,-8.95307387312688,7.236751936311537,42.418332954339434,3,9.0,-1.0,6.0,1.0,24723.0,1.176,MNQ_v4
single,MNQ,2025-09-19 13:46:00+02:00,2025-09-19 14:28:00+02:00,Long,UK,13,4,Canal Exit,92.28,3.0,6,24729.75,24745.5,24700.5,29.25,0.11827859157492494,0.5384615384615384,25.0,9.0,0.8547008547008547,0.3076923076923077,0.843336775804346,0.0034102114894179925,-0.0010275695440252694,False,True,True,-0.0034102114894179925,0.3851313089617179,4.298324313774802,-1.1261844782339856,14.579762934695287,5.424508792008787,40.26686850780751,0,6.0,-1.0,6.0,1.0,24763.0,1.1367521367521367,MNQ_v4
single,MNQ,2025-09-19 15:17:00+02:00,2025-09-19 15:31:00+02:00,Long,UK,15,4,Canal Exit,-39.74,1.0,2,24764.5,24745.0,24716.25,48.25,0.19483534898746188,-0.40414507772020725,20.0,24.5,0.41450777202072536,0.5077720207253886,0.5505707354896003,0.002223225728319168,0.002820546997181046,False,True,True,-0.002223225728319168,0.7529881233240303,16.637294353782753,8.658809857310525,23.553230602740516,7.978484496472229,25.974989478308693,0,2.0,-1.0,4.0,1.0,24791.5,0.5595854922279793,MNQ_v4
single,MNQ,2025-09-19 16:34:00+02:00,2025-09-19 17:02:00+02:00,Short,US,16,4,Canal Exit,37.76,1.0,4,24759.0,24739.75,24807.25,48.25,0.19487862999313382,0.39896373056994816,27.5,31.5,0.5699481865284974,0.6528497409326425,1.7021145917096874,0.006874730771475776,0.023435218883399188,True,False,True,0.006874730771475776,-14.637471232726966,-4.255713253042771,1.135736952874883,-4.176256147045989,-5.3914502059176534,-29.50532361707146,3,3.0,1.0,5.0,1.0,24747.5,0.23834196891191708,MNQ_v4
single,MNQ,2025-09-19 19:15:00+02:00,2025-09-19 20:32:00+02:00,Short,US,19,4,Canal Exit,-102.72,3.0,11,24805.5,24822.25,24834.5,29.0,0.11690955634839047,-0.5775862068965517,9.25,23.5,0.31896551724137934,0.8103448275862069,1.0433089795551496,0.004205958273589122,0.031220758184761468,True,False,True,0.004205958273589122,-20.697602843469213,-8.189098765754146,-1.3865272886610036,4.869698854958592,-6.802571477093142,-9.433838978566294,2,3.0,1.0,2.0,-1.0,24810.25,-0.16379310344827586,MNQ_v4
single,MNQ,2025-09-19 20:53:00+02:00,2025-09-19 21:56:00+02:00,Long,US,20,4,Auto-Close (profit),275.04,4.0,9,24825.5,24860.25,24804.5,21.0,0.08459044128013533,1.6547619047619047,62.5,17.75,2.9761904761904763,0.8452380952380952,2.5841531882761046,0.010409269453892589,-0.0024609892302050913,False,True,True,-0.010409269453892589,4.586367739568232,2.205764280628095,-1.6041945164724323,15.578775214264269,3.809958797100527,21.672824904615307,2,6.0,-1.0,13.0,1.0,24839.25,0.6547619047619048,MNQ_v4
single,MNQ,2025-09-22 00:49:00+02:00,2025-09-22 05:22:00+02:00,Long,Asia,0,0,Canal Exit,27.78,3.0,39,24851.5,24856.5,24826.75,24.75,0.09959157394925859,0.20202020202020202,24.5,23.5,0.98989898989899,0.9494949494949495,8.073958620974736,0.032488818063194314,-0.020435142063492038,False,True,True,-0.032488818063194314,18.363456057846633,9.470329743082933,2.403281335193303,18.77157371320348,7.06704840788963,-2.309067593978361,3,3.0,-1.0,5.0,-1.0,24856.75,0.21212121212121213,MNQ_v4
single,MNQ,2025-09-22 06:18:00+02:00,2025-09-22 07:56:00+02:00,Short,Asia,6,0,Canal Exit,162.08,8.0,14,24854.25,24843.75,24864.75,10.5,0.04224629590512689,1.0,15.75,7.5,1.5,0.7142857142857143,1.53555967516877,0.006178257944491465,0.006771204742242206,True,False,True,0.006178257944491465,-5.971435681905859,-5.9829184686817145,1.4449192210253252,7.947498859838166,-7.42783768970704,-32.33402886035511,3,4.0,1.0,1.0,-1.0,24829.0,2.4047619047619047,MNQ_v4
single,MNQ,2025-09-22 18:19:00+02:00,2025-09-22 18:40:00+02:00,Long,US,18,0,Canal Exit,37.76,1.0,3,24959.0,24978.25,24897.5,61.5,0.2464041027284747,0.3130081300813008,34.0,8.5,0.5528455284552846,0.13821138211382114,2.804968588257907,0.011238305173516195,-0.007768872157174785,False,True,True,-0.011238305173516195,4.695691594370146,39.59329520591545,33.99893591191717,16.6751602160702,5.594359293998281,47.2628700869498,0,3.0,-1.0,9.0,1.0,24995.75,0.5975609756097561,MNQ_v4
single,MNQ,2025-09-22 19:43:00+02:00,2025-09-22 21:56:00+02:00,Long,US,19,0,Auto-Close (profit),4.76,1.0,19,24995.75,24998.5,24897.5,98.25,0.39306682135963117,0.027989821882951654,31.5,12.75,0.32061068702290074,0.1297709923664122,8.927598119480535,0.03571646427684921,0.013736385024596426,False,False,False,-0.03571646427684921,1.3219858109187044,5.290737407828076,2.4901454139571015,15.812241941916396,2.8005919938709747,-30.323570905220205,0,5.0,-1.0,3.0,1.0,24989.5,-0.06361323155216285,MNQ_v4
single,MNQ,2025-09-23 02:27:00+02:00,2025-09-23 02:41:00+02:00,Short,Asia,2,1,Canal Exit,-73.7,5.0,2,24989.25,24996.25,25005.5,16.25,0.06502796202367017,-0.4307692307692308,2.0,8.5,0.12307692307692308,0.5230769230769231,0.5657195432577282,0.0022638516292314823,0.007773591576976141,True,False,True,0.0022638516292314823,-1.2662818609060196,-23.31871354594672,-17.561503159286303,0.23351382254109274,-5.757210386660418,-19.172613561412255,0,2.0,1.0,2.0,-1.0,24985.75,0.2153846153846154,MNQ_v4
single,MNQ,2025-09-23 03:30:00+02:00,2025-09-23 03:51:00+02:00,Long,Asia,3,1,Canal Exit,-80.96,4.0,3,25005.5,24995.75,24985.5,20.0,0.07998240387114834,-0.4875,3.25,10.5,0.1625,0.525,0.8765636715907021,0.003505483479997209,-0.003125798755106178,True,True,False,0.003505483479997209,0.8821250774235523,18.02497095887895,10.468746412773804,0.4993242098340964,7.556224546105145,18.698698083705608,0,3.0,-1.0,6.0,1.0,25000.0,-0.275,MNQ_v4
single,MNQ,2025-09-23 09:48:00+02:00,2025-09-23 10:30:00+02:00,Long,UK,9,1,Canal Exit,173.8,5.0,6,24997.5,25015.25,24980.0,17.5,0.07000700070007,1.0142857142857142,28.75,4.5,1.6428571428571428,0.2571428571428571,4.216327710841142,0.016866997543118878,-0.008692267937583266,False,True,True,-0.016866997543118878,1.2542460248296265,3.91429453134882,-0.279691069254862,5.28880916554673,4.193985600603682,40.47287624778138,0,6.0,-1.0,7.0,1.0,25006.25,0.5,MNQ_v4
single,MNQ,2025-09-23 11:54:00+02:00,2025-09-23 12:29:00+02:00,Long,UK,11,1,Stop Loss,-161.2,5.0,5,25011.75,24996.0,24996.0,15.75,0.06297040391016223,-1.0,4.75,17.75,0.30158730158730157,1.126984126984127,1.5133324471389642,0.006050486060107606,-0.005136656701705426,False,True,True,-0.006050486060107606,2.2105693046178203,32.739037927169896,28.887203885859655,4.975385283615545,3.8518340413102408,-21.757750913436375,1,2.0,-1.0,3.0,1.0,25002.75,-0.5714285714285714,MNQ_v4
single,MNQ,2025-09-23 18:05:00+02:00,2025-09-23 18:54:00+02:00,Short,US,18,1,Canal Exit,13.52,2.0,7,24923.5,24919.75,24963.0,39.5,0.15848496398980882,0.0949367088607595,8.5,31.5,0.21518987341772153,0.7974683544303798,1.419593361657462,0.0056958026025937854,0.007481479567874531,True,False,True,0.0056958026025937854,-4.671949902156484,-22.39421432334411,-16.750892943918778,-13.124512051729617,-5.6433213794253305,0.3884828465213364,0,2.0,1.0,6.0,1.0,24805.75,2.981012658227848,MNQ_v4
single,MNQ,2025-09-24 05:50:00+02:00,2025-09-24 06:04:00+02:00,Short,Asia,5,2,Stop Loss,-191.08,17.0,2,24836.75,24842.0,24842.0,5.25,0.021138031344680765,-1.0,4.0,7.0,0.7619047619047619,1.3333333333333333,1.3303141116848565,0.005356232645917266,0.006726537502213669,True,False,True,0.005356232645917266,-6.116283152889082,-0.7131349751203123,1.7510866412411807,-1.4597669656713197,-2.464221616361493,14.131592681860479,3,1.0,1.0,2.0,-1.0,24838.25,-0.2857142857142857,MNQ_v4
single,MNQ,2025-09-24 09:55:00+02:00,2025-09-24 10:23:00+02:00,Long,UK,9,2,Canal Exit,-25.24,1.0,4,24897.25,24885.0,24846.25,51.0,0.2048419002098625,-0.24019607843137256,9.0,13.25,0.17647058823529413,0.25980392156862747,5.596798161837796,0.022479583736508234,-0.015642385269571686,False,True,True,-0.022479583736508234,8.608968537846522,16.700954257923577,5.930171707352859,3.759420058981212,10.770782550570718,35.91414007292963,1,4.0,-1.0,5.0,1.0,24900.0,0.05392156862745098,MNQ_v4
single,MNQ,2025-09-24 10:51:00+02:00,2025-09-24 11:05:00+02:00,Short,UK,10,2,Stop Loss,-177.4,10.0,2,24895.0,24903.5,24903.5,8.5,0.03414340228961639,-1.0,10.25,13.5,1.2058823529411764,1.588235294117647,3.9199227108547348,0.015745823301284333,0.01702342397643144,True,False,True,0.015745823301284333,-2.197471099862014,-3.7216972918460605,-1.8587299840120726,5.481466726525974,-1.862967307833988,11.740614065682625,1,1.0,1.0,4.0,-1.0,24901.25,-0.7352941176470589,MNQ_v4
single,MNQ,2025-09-24 12:57:00+02:00,2025-09-24 13:39:00+02:00,Long,UK,12,2,Stop Loss,-144.72,3.0,6,24907.25,24883.5,24883.5,23.75,0.09535376245872186,-1.0,5.5,31.25,0.23157894736842105,1.3157894736842106,5.348035622278985,0.021471802877792552,-0.008056352492160312,False,True,True,-0.021471802877792552,9.78091374541691,1.7986792876651936,-8.181109365171416,1.0338028046497207,9.979788652836609,-13.634498355574369,3,4.0,-1.0,3.0,1.0,24895.25,-0.5052631578947369,MNQ_v4
single,MNQ,2025-09-24 19:57:00+02:00,2025-09-24 21:56:00+02:00,Short,US,19,2,Auto-Close (loss),-68.24,1.0,17,24705.75,24739.5,24755.0,49.25,0.19934630602187747,-0.6852791878172588,23.75,46.0,0.48223350253807107,0.934010152284264,20.713826415616495,0.08384212750317839,0.031462170959219445,True,False,True,0.08384212750317839,-24.07471884678671,-10.039172618832396,-2.6680091295902724,-15.347587286488732,-7.371163489242123,8.14175883742861,1,3.0,1.0,4.0,-1.0,24745.0,-0.7969543147208121,MNQ_v4
single,MNQ,2025-09-25 01:52:00+02:00,2025-09-25 03:23:00+02:00,Long,Asia,1,3,Canal Exit,430.08,8.0,13,24751.0,24778.25,24739.75,11.25,0.04545270898145529,2.422222222222222,29.0,4.25,2.577777777777778,0.37777777777777777,2.1096831100876443,0.00852362777296935,-0.003648651081548272,False,False,False,-0.00852362777296935,4.31985379985781,0.5817823928233157,-7.292519633979658,22.593175744829736,7.874302026802973,17.358406475918052,1,5.0,-1.0,4.0,-1.0,24779.5,2.533333333333333,MNQ_v4
single,MNQ,2025-09-25 04:40:00+02:00,2025-09-25 06:39:00+02:00,Long,Asia,4,3,Stop Loss,-169.44,6.0,17,24786.25,24772.5,24772.5,13.75,0.055474305310403954,-1.0,4.75,16.25,0.34545454545454546,1.1818181818181819,1.873361775687954,0.007558068589189385,0.0008566843814140842,False,False,False,-0.007558068589189385,1.9627552375968662,3.4792252722370987,-2.2423918735078434,19.41908006660939,5.721617145744942,-44.195320015766924,1,3.0,-1.0,4.0,-1.0,24749.75,-2.6545454545454548,MNQ_v4
single,MNQ,2025-09-25 10:51:00+02:00,2025-09-25 12:08:00+02:00,Short,UK,10,3,Canal Exit,92.52,2.0,11,24729.0,24705.5,24762.25,33.25,0.13445751951150473,0.706766917293233,40.5,8.5,1.218045112781955,0.2556390977443609,2.4767254988328204,0.010015469686735496,0.020890333656007204,True,False,True,0.010015469686735496,-24.97188037359956,-13.919561790278642,-4.854113155507958,-7.48628315923304,-9.065448634770684,-28.133053557656915,3,3.0,1.0,2.0,-1.0,24682.75,1.3909774436090225,MNQ_v4
single,MNQ,2025-09-25 16:13:00+02:00,2025-09-25 16:41:00+02:00,Long,US,16,3,Canal Exit,68.26,1.0,4,24606.0,24640.5,24422.0,184.0,0.7477850930667317,0.1875,41.5,44.75,0.22554347826086957,0.24320652173913043,4.9369363564037485,0.020063953330097327,-0.07642813660497082,False,True,True,-0.020063953330097327,45.37957419616214,13.247476284638967,1.4351888907321984,-17.711893161788172,11.812287393906768,45.010889269648395,2,4.0,-1.0,7.0,1.0,24647.0,0.22282608695652173,MNQ_v4
single,MNQ,2025-09-25 17:16:00+02:00,2025-09-25 17:30:00+02:00,Short,US,17,3,Stop Loss,-154.48,2.0,2,24618.5,24656.75,24656.75,38.25,0.1553709608627658,-1.0,31.0,44.75,0.8104575163398693,1.1699346405228759,24.14239686918154,0.09806607579333242,0.07218810824377031,True,False,True,0.09806607579333242,-65.81294322776012,-1.1729006913489335,1.826052233456933,6.033567120074199,-2.9989529248058666,-6.795677171797913,3,2.0,1.0,6.0,-1.0,24663.0,-1.1633986928104576,MNQ_v4
single,MNQ,2025-09-25 21:35:00+02:00,2025-09-25 21:56:00+02:00,Short,US,21,3,Stop Loss,-92.24,1.0,3,24594.5,24640.25,24640.25,45.75,0.18601719896724878,-1.0,1.75,51.75,0.03825136612021858,1.1311475409836065,15.456838480626175,0.06284672784820255,0.050161693187582554,True,False,True,0.06284672784820255,-5.924073566249717,-14.61702689542011,-6.239622026107089,-8.452301372130655,-8.377404869313022,-13.798510010026934,0,2.0,1.0,4.0,-1.0,24622.25,-0.6065573770491803,MNQ_v4
single,MNQ,2025-09-26 05:08:00+02:00,2025-09-26 05:36:00+02:00,Short,Asia,5,4,Canal Exit,14.52,2.0,4,24589.5,24585.5,24623.25,33.75,0.13725370585005794,0.11851851851851852,7.5,10.75,0.2222222222222222,0.31851851851851853,3.9865627677572775,0.016212459658623713,0.010408263949603667,True,False,True,0.016212459658623713,-2.247615565524029,-17.418586497814253,-7.088264190814037,-7.709288136782909,-10.330322307000216,-42.128705019124055,0,4.0,1.0,7.0,-1.0,24594.0,-0.13333333333333333,MNQ_v4
single,MNQ,2025-09-26 06:53:00+02:00,2025-09-26 07:49:00+02:00,Short,Asia,6,4,Stop Loss,-134.48,2.0,8,24581.0,24614.25,24614.25,33.25,0.13526707619706277,-1.0,3.25,36.0,0.09774436090225563,1.0827067669172932,6.019898623242625,0.024490047692293338,0.010618529002627594,True,True,False,0.024490047692293338,-6.7362843919072475,-6.888724624810423,1.6269270699649074,-13.325268625893308,-8.51565169477533,43.31040652742827,1,3.0,1.0,4.0,-1.0,24665.0,-2.526315789473684,MNQ_v4
single,MNQ,2025-09-29 03:44:00+02:00,2025-09-29 09:20:00+02:00,Long,Asia,3,0,Canal Exit,299.28,3.0,48,24803.5,24853.75,24774.5,29.0,0.116918983208015,1.7327586206896552,52.5,17.5,1.8103448275862069,0.603448275862069,6.2459426923669525,0.02518169892300261,-0.00414768177883614,False,True,True,-0.02518169892300261,5.503020781674422,15.713638151917339,6.550933802767574,16.547841378374958,9.162704349149765,-1.89912744740836,1,2.0,-1.0,8.0,-1.0,24868.0,2.2241379310344827,MNQ_v4
single,MNQ,2025-09-29 12:22:00+02:00,2025-09-29 13:11:00+02:00,Long,UK,12,0,Stop Loss,-132.48,2.0,7,24898.25,24865.5,24865.5,32.75,0.13153534886990048,-1.0,3.5,40.0,0.10687022900763359,1.2213740458015268,6.323482124891598,0.025397295492219724,-0.0059415175918389376,False,False,False,-0.025397295492219724,5.314886503350863,6.140464047407697,-3.5477364295683254,14.758844359242659,9.688200476976021,-20.791488350463023,1,4.0,-1.0,5.0,1.0,24873.0,-0.7709923664122137,MNQ_v4
single,MNQ,2025-09-29 15:24:00+02:00,2025-09-29 15:38:00+02:00,Short,US,15,0,Stop Loss,-109.24,1.0,2,24855.25,24909.5,24909.5,54.25,0.21826374709568402,-1.0,9.5,60.75,0.17511520737327188,1.119815668202765,0.876379659086524,0.0035259337930076103,0.019297681006561134,True,False,True,0.0035259337930076103,-6.922453306135139,-25.075257875823684,-16.789879489053227,-3.828738509583635,-8.285378386770457,-16.52440034900163,0,2.0,1.0,5.0,-1.0,24928.0,-1.3410138248847927,MNQ_v4
single,MNQ,2025-09-29 15:59:00+02:00,2025-09-29 16:13:00+02:00,Long,US,15,0,Canal Exit,-6.74,1.0,2,24931.0,24928.0,24845.75,85.25,0.34194376479082267,-0.03519061583577713,44.0,11.5,0.5161290322580645,0.1348973607038123,4.389241621007386,0.017605557823622744,-0.009500630455998636,True,True,False,0.017605557823622744,9.25947050290415,31.201465782918106,25.57645432272074,12.657882848654394,5.625011460197367,31.83872003514861,2,2.0,-1.0,12.0,1.0,24861.75,-0.8123167155425219,MNQ_v4
single,MNQ,2025-09-30 07:28:00+02:00,2025-09-30 08:52:00+02:00,Long,Asia,7,1,Stop Loss,-154.96,4.0,12,24834.25,24815.25,24815.25,19.0,0.07650724302123076,-1.0,21.75,22.75,1.144736842105263,1.1973684210526316,2.2321895953427884,0.008988351149492289,-0.012175655381557243,False,True,True,-0.008988351149492289,10.996798314019543,14.769565887990865,7.270988755586073,1.4188149559074184,7.498577132404792,-13.842789283282954,3,5.0,-1.0,4.0,1.0,24802.75,-1.6578947368421053,MNQ_v4
single,MNQ,2025-09-30 11:54:00+02:00,2025-09-30 14:28:00+02:00,Short,UK,11,1,Stop Loss,-143.22,3.0,22,24797.25,24820.75,24820.75,23.5,0.09476857312806863,-1.0,23.0,26.5,0.9787234042553191,1.127659574468085,1.249278842988133,0.0050379733357051,0.006620856204472597,True,False,True,0.0050379733357051,-11.588001747746603,-7.809612967699306,-5.323213683268315,-2.4275221974842034,-2.4863992844309912,8.636128035217991,3,4.0,1.0,4.0,-1.0,24829.75,-1.3829787234042554,MNQ_v4
single,MNQ,2025-09-30 16:34:00+02:00,2025-09-30 17:51:00+02:00,Long,US,16,1,Canal Exit,86.76,1.0,11,24768.25,24812.0,24722.5,45.75,0.18471228286213195,0.9562841530054644,95.75,16.0,2.092896174863388,0.34972677595628415,7.148623350607522,0.0288620445554592,-0.027729206653534965,False,False,False,-0.0288620445554592,19.303000941494247,4.149396407510985,3.358583122159767,-8.005304803990795,0.7908132853512182,-23.904651754896157,2,5.0,-1.0,6.0,-1.0,24807.75,0.8633879781420765,MNQ_v4
single,MNQ,2025-09-30 18:26:00+02:00,2025-09-30 19:08:00+02:00,Long,US,18,1,Stop Loss,-110.24,1.0,6,24817.25,24762.5,24762.5,54.75,0.22061267868115925,-1.0,7.5,64.25,0.136986301369863,1.17351598173516,2.28262421641557,0.009197732288692624,-0.010526962910955007,False,False,False,-0.009197732288692624,2.3457457100448664,19.632439924142236,18.40496129967409,2.3598872690603847,1.227478624468148,-35.36762888544001,0,1.0,-1.0,3.0,1.0,24751.5,-1.2009132420091324,MNQ_v4
single,MNQ,2025-10-01 00:14:00+02:00,2025-10-01 00:56:00+02:00,Long,Asia,0,2,Stop Loss,-154.48,2.0,6,24859.75,24821.5,24821.5,38.25,0.153863172397148,-1.0,17.25,41.25,0.45098039215686275,1.0784313725490196,10.128092123421084,0.04074092508340222,-0.01997297139875288,False,True,True,-0.04074092508340222,4.155408136462938,10.349055552825323,2.497866095284447,15.470501162680208,7.851189457540876,-11.256105907051674,0,4.0,-1.0,3.0,1.0,24846.75,-0.33986928104575165,MNQ_v4
single,MNQ,2025-10-01 04:33:00+02:00,2025-10-01 05:43:00+02:00,Short,Asia,4,2,Canal Exit,95.28,3.0,10,24786.75,24770.5,24810.75,24.0,0.09682592514145662,0.6770833333333334,24.0,5.0,1.0,0.20833333333333334,1.1260615327773849,0.004542997903224041,0.005742551461124375,True,False,True,0.004542997903224041,-1.7514943558926461,-26.85001544932433,-20.917449858989894,-8.143950417237187,-5.932565590334438,-26.954683063333228,0,5.0,1.0,8.0,-1.0,24775.0,0.4895833333333333,MNQ_v4
single,MNQ,2025-10-01 15:38:00+02:00,2025-10-01 15:45:00+02:00,Long,US,15,2,Stop Loss,-171.74,1.0,1,24829.0,24743.5,24743.5,85.5,0.34435539087357525,-1.0,9.5,103.0,0.1111111111111111,1.2046783625730995,1.8400494884990621,0.007410888430863354,-0.006976456501787123,False,True,True,-0.007410888430863354,16.353149084559846,7.115529546473529,4.712072282505417,1.311369931051568,2.4034572639681118,4.5173356850632596,1,1.0,-1.0,2.0,1.0,24815.25,-0.1608187134502924,MNQ_v4
single,MNQ,2025-10-01 19:01:00+02:00,2025-10-01 21:56:00+02:00,Long,US,19,2,Auto-Close (profit),62.76,1.0,25,24979.75,25011.5,24876.0,103.75,0.4153364225022268,0.3060240963855422,57.25,27.75,0.5518072289156627,0.2674698795180723,6.166974737483542,0.024687896145812276,0.008313421243719945,False,False,False,-0.024687896145812276,0.7928614912052581,15.075349347423053,10.56406097125814,29.408024397849953,4.511288376164913,-4.458159343355197,0,4.0,-1.0,5.0,1.0,25011.25,0.3036144578313253,MNQ_v4
single,MNQ,2025-10-02 05:15:00+02:00,2025-10-02 05:29:00+02:00,Long,Asia,5,3,Stop Loss,-176.68,7.0,2,25060.0,25047.75,25047.75,12.25,0.048882681564245814,-1.0,7.75,16.75,0.6326530612244898,1.3673469387755102,3.4616498140167096,0.013813446983306901,-0.007116076970807149,False,False,False,-0.013813446983306901,9.132618576299137,6.355021329020391,-0.4237257755593409,9.329056104111151,6.7787471045797325,0.8487032743431876,3,2.0,-1.0,4.0,1.0,25059.5,-0.04081632653061224,MNQ_v4
single,MNQ,2025-10-02 12:08:00+02:00,2025-10-02 13:39:00+02:00,Long,UK,12,3,Canal Exit,124.52,2.0,13,25106.25,25137.75,25075.75,30.5,0.12148369429922827,1.0327868852459017,34.75,4.75,1.139344262295082,0.1557377049180328,6.90777602543676,0.02751416888399008,-0.012723561816630648,False,True,True,-0.02751416888399008,3.283148300877656,8.424506803032486,1.8244793135989577,14.099184346074017,6.600027489433528,40.46190546231201,0,3.0,-1.0,2.0,1.0,25148.75,1.3934426229508197,MNQ_v4
single,MNQ,2025-10-03 05:08:00+02:00,2025-10-03 08:17:00+02:00,Long,Asia,5,4,Canal Exit,519.12,12.0,27,25158.5,25180.5,25151.25,7.25,0.028817298328596697,3.0344827586206895,33.75,3.25,4.655172413793103,0.4482758620689655,1.0758382027415792,0.004276241440235225,0.0033297484221354707,False,False,False,-0.004276241440235225,0.4405858738500683,16.93624163778583,18.97921741144159,13.906037994386503,-2.0429757736557583,-22.23488573235779,0,4.0,1.0,5.0,-1.0,25185.0,3.6551724137931036,MNQ_v4
single,MNQ,2025-10-03 12:29:00+02:00,2025-10-03 12:50:00+02:00,Short,UK,12,4,Canal Exit,-0.48,2.0,3,25165.5,25165.25,25197.0,31.5,0.12517136555999286,0.007936507936507936,8.0,15.75,0.25396825396825395,0.5,1.9688338862833916,0.007823543685932693,0.008468059416416889,True,False,True,0.007823543685932693,-2.3165951728078653,-17.244367362064327,-6.657404723245694,1.6465030592769736,-10.586962638818633,-35.578719751908906,0,3.0,1.0,3.0,-1.0,25152.75,0.40476190476190477,MNQ_v4
single,MNQ,2025-10-03 16:06:00+02:00,2025-10-03 16:27:00+02:00,Short,US,16,4,Canal Exit,-16.24,1.0,3,25079.5,25087.25,25171.0,91.5,0.3648398094060886,-0.08469945355191257,28.5,28.75,0.3114754098360656,0.31420765027322406,3.551326200540643,0.014160275127257893,0.015623480897617819,True,False,True,0.014160275127257893,-11.0216124093713,-18.4614816211077,-12.043503029374499,1.3414959328777816,-6.417978591733203,-29.99915303986017,1,3.0,1.0,9.0,-1.0,25132.0,-0.5737704918032787,MNQ_v4
single,MNQ,2025-10-03 16:48:00+02:00,2025-10-03 17:30:00+02:00,Long,US,16,4,Canal Exit,23.26,1.0,6,25120.0,25132.0,25058.75,61.25,0.24382961783439489,0.19591836734693877,23.0,28.75,0.37551020408163266,0.46938775510204084,6.841677971868194,0.02723597918737338,-0.03143991068490015,False,True,True,-0.02723597918737338,7.625107591877168,12.21106430144421,4.680228973391976,-4.1739611397219045,7.530835328052234,33.890280613309436,1,6.0,-1.0,4.0,1.0,25148.0,0.45714285714285713,MNQ_v4
single,MNQ,2025-10-06 03:23:00+02:00,2025-10-06 09:41:00+02:00,Long,Asia,3,0,Stop Loss,-169.44,6.0,54,25064.5,25050.75,25050.75,13.75,0.05485846515988749,-1.0,44.75,19.5,3.2545454545454544,1.4181818181818182,2.401860152480367,0.009582717199546637,-0.007159109592293659,False,False,False,-0.009582717199546637,2.362611056687456,21.50618243503023,17.41520486092682,8.420063056605523,4.090977574103409,-36.242934982267776,0,6.0,-1.0,1.0,1.0,25083.0,1.3454545454545455,MNQ_v4
single,MNQ,2025-10-07 02:48:00+02:00,2025-10-07 04:12:00+02:00,Short,Asia,2,1,Stop Loss,-172.96,4.0,12,25131.5,25152.75,25152.75,21.25,0.08455523944054275,-1.0,8.75,22.75,0.4117647058823529,1.0705882352941176,1.0977552207768895,0.00436804496658333,-0.003778725283040188,True,True,False,0.00436804496658333,-0.4800659735738009,-19.051677678077557,-19.023003557766625,-12.733531626383773,-0.028674120310931528,34.56474548684,0,1.0,1.0,1.0,-1.0,25142.25,-0.5058823529411764,MNQ_v4
single,MNQ,2025-10-07 13:46:00+02:00,2025-10-07 14:07:00+02:00,Long,UK,13,1,Canal Exit,-0.7199999999999998,3.0,3,25199.75,25200.0,25170.0,29.75,0.1180567267532416,0.008403361344537815,15.5,18.25,0.5210084033613446,0.6134453781512605,0.44878962948860135,0.001780928896074768,-0.00561185405964157,False,True,True,-0.001780928896074768,2.789442895707907,28.978075662798894,22.293725845571785,10.704952439945437,6.684349817227108,41.43085316612782,0,3.0,-1.0,4.0,1.0,25229.5,1.0,MNQ_v4
single,MNQ,2025-10-07 19:50:00+02:00,2025-10-07 21:56:00+02:00,Short,US,19,1,Auto-Close (loss),-39.74,1.0,18,25025.75,25045.25,25092.0,66.25,0.2647273308492253,-0.2943396226415094,34.75,45.75,0.5245283018867924,0.690566037735849,7.671166889449523,0.030653094870081908,0.006109674886703163,True,True,False,0.030653094870081908,-5.871043320126773,-0.510801698181852,0.8524033759133874,-26.550062530933165,-1.3632050740952395,20.06934981100401,0,3.0,1.0,2.0,-1.0,25055.25,-0.44528301886792454,MNQ_v4
single,MNQ,2025-10-08 04:05:00+02:00,2025-10-08 04:19:00+02:00,Short,Asia,4,2,Stop Loss,-177.4,10.0,2,25076.25,25084.75,25084.75,8.5,0.033896615323264045,-1.0,4.0,12.5,0.47058823529411764,1.4705882352941178,0.35110737736249575,0.0014001590244254853,0.015627459203563846,True,False,True,0.0014001590244254853,-11.739974038537184,-2.343328524345681,0.6615242752658856,-1.1082557479550985,-3.004852799611567,7.483173759138455,3,1.0,1.0,3.0,-1.0,25076.25,-0.0,MNQ_v4
single,MNQ,2025-10-08 12:36:00+02:00,2025-10-08 13:25:00+02:00,Long,UK,12,2,Stop Loss,-133.48,2.0,7,25091.5,25058.5,25058.5,33.0,0.13151864177111772,-1.0,13.0,33.0,0.3939393939393939,1.0,2.030441864852037,0.008092150189713794,-0.004251578525799595,False,True,True,-0.008092150189713794,1.102890739472059,15.118552921625536,11.380715078818458,12.85572099830481,3.737837842807078,-22.305113799095746,0,4.0,-1.0,3.0,1.0,25092.25,0.022727272727272728,MNQ_v4
single,MNQ,2025-10-08 19:15:00+02:00,2025-10-08 21:56:00+02:00,Long,US,19,2,Auto-Close (profit),437.28,3.0,23,25256.25,25329.5,25233.5,22.75,0.09007671368473151,3.21978021978022,87.5,7.25,3.8461538461538463,0.31868131868131866,13.736251731861557,0.05438753469680399,-0.005764529978494839,False,True,True,-0.05438753469680399,11.469841337751859,1.3188870106813355,-7.544041471457601,4.904929126349437,8.862928482138937,31.65305973345288,1,5.0,-1.0,2.0,1.0,25336.0,3.5054945054945055,MNQ_v4
single,MNQ,2025-10-09 09:55:00+02:00,2025-10-09 10:09:00+02:00,Long,UK,9,3,Stop Loss,-163.7,5.0,2,25338.75,25322.75,25322.75,16.0,0.0631443934685018,-1.0,5.0,25.0,0.3125,1.5625,2.4950145711845835,0.00984663636203279,-0.008564048422985013,False,False,False,-0.00984663636203279,6.838328414421994,2.953553290511336,-0.6712536084322305,7.005977758426759,3.6248068989435667,6.379566997757216,2,2.0,-1.0,8.0,1.0,25315.0,-1.484375,MNQ_v4
single,MNQ,2025-10-09 12:29:00+02:00,2025-10-09 13:25:00+02:00,Short,UK,12,3,Stop Loss,-133.48,2.0,8,25306.0,25339.0,25339.0,33.0,0.13040385679285543,-1.0,2.25,34.5,0.06818181818181818,1.0454545454545454,3.2129700780205894,0.012696475452543229,0.011841528654957398,True,True,False,0.012696475452543229,-5.961649654425855,-11.740119007767886,-5.513410857662119,-15.446686253541094,-6.226708150105767,40.01221802375891,1,3.0,1.0,2.0,-1.0,25323.0,-0.5151515151515151,MNQ_v4
single,MNQ,2025-10-09 18:47:00+02:00,2025-10-09 19:36:00+02:00,Short,US,18,3,Canal Exit,176.52,2.0,7,25242.5,25198.0,25274.25,31.75,0.12577993463404974,1.4015748031496063,81.75,17.75,2.574803149606299,0.5590551181102362,5.045316992385779,0.019987390283790346,0.017741025828952303,True,False,True,0.019987390283790346,-16.269796848249825,-6.21579082719875,-1.6049068697963174,-8.31640645051669,-4.610883957402432,-34.97070557754673,2,7.0,1.0,7.0,-1.0,25216.0,0.8346456692913385,MNQ_v4
single,MNQ,2025-10-09 19:57:00+02:00,2025-10-09 20:25:00+02:00,Long,US,19,3,Canal Exit,56.52,2.0,4,25201.5,25216.0,25160.75,40.75,0.16169672440132532,0.3558282208588957,33.0,18.5,0.8098159509202454,0.4539877300613497,9.367670394931338,0.037171082653537836,-0.03960793739859441,False,True,True,-0.037171082653537836,5.146558812306466,6.41057338200794,-0.24767756359109194,-4.228074939950267,6.658250945599033,31.634790334860206,0,4.0,-1.0,5.0,1.0,25246.25,1.098159509202454,MNQ_v4
single,MNQ,2025-10-10 01:52:00+02:00,2025-10-10 08:17:00+02:00,Long,Asia,1,4,Canal Exit,14.76,1.0,55,25333.5,25341.25,25275.75,57.75,0.22795902658535144,0.1341991341991342,22.75,37.25,0.3939393939393939,0.645021645021645,3.0345449997330434,0.011978388299023203,0.0038912174994258438,False,True,True,-0.011978388299023203,2.53280366245599,17.466704832494496,12.55057125116724,19.628264616282063,4.916133581327257,35.888822578738456,0,3.0,-1.0,7.0,1.0,25305.5,-0.48484848484848486,MNQ_v4
single,MNQ,2025-10-10 08:38:00+02:00,2025-10-10 10:16:00+02:00,Short,Asia,8,4,Canal Exit,-19.48,2.0,14,25322.25,25326.75,25354.25,32.0,0.12637107681979287,-0.140625,27.75,13.25,0.8671875,0.4140625,3.7514691613978357,0.014814912424440307,0.01983450976791532,True,True,False,0.014814912424440307,-14.63173148786882,-4.3167275363543585,4.536525388363032,1.1806950347985865,-8.85325292471739,34.00752692846071,1,4.0,1.0,2.0,1.0,25335.0,-0.3984375,MNQ_v4
single,MNQ,2025-10-10 15:38:00+02:00,2025-10-10 15:59:00+02:00,Long,US,15,4,Canal Exit,-73.24,1.0,3,25368.5,25332.25,25288.5,80.0,0.3153517157104283,-0.453125,19.5,55.0,0.24375,0.6875,1.7835252329387004,0.007030471777750755,-0.01695740565136072,True,True,False,0.007030471777750755,7.474128053745517,29.49990576668854,22.797224898709672,10.93296786539141,6.7026808679788665,23.699495048707202,0,3.0,-1.0,6.0,1.0,25349.5,-0.2375,MNQ_v4
single,MNQ,2025-10-10 16:20:00+02:00,2025-10-10 17:37:00+02:00,Short,US,16,4,Canal Exit,2240.52,2.0,11,25350.0,24789.5,25388.0,38.0,0.14990138067061146,14.75,682.75,9.75,17.967105263157894,0.2565789473684211,9.766138004808454,0.03852519923001362,0.023896310861514402,True,False,True,0.03852519923001362,-11.551439859787934,-4.612409319951823,-2.2973817894003443,-3.4230496057703115,-2.3150275305514785,-42.562767798411386,3,3.0,1.0,8.0,-1.0,24781.0,14.973684210526315,MNQ_v4
single,MNQ,2025-10-10 20:11:00+02:00,2025-10-10 21:56:00+02:00,Short,US,20,4,Auto-Close (profit),563.26,1.0,15,24684.75,24402.75,24751.0,66.25,0.2683843263553409,4.256603773584906,300.5,34.0,4.535849056603774,0.5132075471698113,42.139734718584805,0.1707116123055117,0.01730228741203373,True,False,True,0.1707116123055117,-13.956189404398174,-12.169940197163793,-7.062059678739426,-17.838464369199546,-5.107880518424367,-24.67935010657042,0,2.0,1.0,1.0,-1.0,24418.0,4.026415094339622,MNQ_v4
single,MNQ,2025-10-13 01:03:00+02:00,2025-10-13 01:10:00+02:00,Short,Asia,1,0,Stop Loss,-199.68,32.0,1,24716.25,24719.0,24719.0,2.75,0.011126283315632427,-1.0,64.75,3.75,23.545454545454547,1.3636363636363635,92.44810695874912,0.37403775636979364,0.21471318365965902,True,True,False,0.37403775636979364,-161.4902713255724,-3.499676581358965,-0.3783550140328882,-17.68315181953284,-3.121321567326077,-2.7695494289506715,3,1.0,1.0,7.0,-1.0,24762.5,-16.818181818181817,MNQ_v4
single,MNQ,2025-10-13 15:31:00+02:00,2025-10-13 15:59:00+02:00,Short,US,15,0,Stop Loss,-267.74,1.0,4,24755.5,24889.0,24889.0,133.5,0.5392741007048938,-1.0,31.0,156.5,0.23220973782771537,1.1722846441947565,9.134390768027515,0.03689842971472002,0.03987312260849481,True,False,True,0.03689842971472002,-37.12722646370821,-0.8587521988046066,5.216751523039765,-6.5079332434893225,-6.075503721844371,17.842677044776266,2,2.0,1.0,3.0,-1.0,24807.75,-0.3913857677902622,MNQ_v4
single,MNQ,2025-10-13 17:37:00+02:00,2025-10-13 17:51:00+02:00,Long,US,17,0,Canal Exit,76.26,1.0,2,24856.75,24895.25,24743.5,113.25,0.45561064901887816,0.33995584988962474,42.75,4.75,0.37748344370860926,0.04194260485651214,6.271894807374338,0.025232159503452128,-0.02951142011997029,True,True,False,0.025232159503452128,7.690384541201638,38.382908932074635,34.831226686087604,-6.949551886215619,3.551682245987031,36.44677685966381,1,2.0,-1.0,3.0,1.0,24912.75,0.49448123620309054,MNQ_v4
single,MNQ,2025-10-13 20:11:00+02:00,2025-10-13 21:00:00+02:00,Long,US,20,0,Stop Loss,-93.24,1.0,7,24934.75,24888.5,24888.5,46.25,0.18548411353632982,-1.0,30.25,52.25,0.654054054054054,1.1297297297297297,9.443886938795913,0.03787439993902451,-0.0157227883876223,False,False,False,-0.03787439993902451,4.349493782814534,22.129167683716023,12.813285543857631,7.005071656822003,9.315882139858392,-28.45201195367888,0,3.0,-1.0,2.0,1.0,24936.25,0.032432432432432434,MNQ_v4
single,MNQ,2025-10-14 01:38:00+02:00,2025-10-14 01:59:00+02:00,Short,Asia,1,1,Canal Exit,-147.72,3.0,3,24905.5,24929.75,24934.0,28.5,0.11443255505811971,-0.8508771929824561,6.75,25.5,0.23684210526315788,0.8947368421052632,0.03172953463945305,0.00012739970945956937,0.007514751614731111,False,False,False,-0.00012739970945956937,-0.7375632945258985,-11.152663328579706,-5.534847602182554,-23.773514872044135,-5.617815726397152,-11.780157111714246,0,3.0,1.0,6.0,-1.0,24994.75,-3.1315789473684212,MNQ_v4
single,MNQ,2025-10-14 09:48:00+02:00,2025-10-14 13:39:00+02:00,Short,UK,9,1,Canal Exit,-6.74,1.0,33,24632.5,24635.5,24731.25,98.75,0.40089312899624474,-0.030379746835443037,130.0,80.5,1.3164556962025316,0.8151898734177215,5.361339563627553,0.0217653082863191,0.0022636834480726717,True,True,False,0.0217653082863191,-35.768281053628016,-3.3308184542667068,1.8628815923589164,-7.3150692191278734,-5.193700046625623,46.133048990394656,3,4.0,1.0,6.0,1.0,24659.5,-0.27341772151898736,MNQ_v4
single,MNQ,2025-10-15 06:11:00+02:00,2025-10-15 07:21:00+02:00,Long,Asia,6,2,Canal Exit,278.52,2.0,10,24823.25,24893.25,24788.5,34.75,0.13998972737252374,2.014388489208633,96.0,9.0,2.762589928057554,0.2589928057553957,2.432554060847906,0.009799498699194931,-0.0035427545323869704,False,True,True,-0.009799498699194931,2.3904290539503563,5.853562293067731,5.3488297764649015,-0.8970734803574238,0.5047325166028296,44.330483870700796,0,10.0,-1.0,8.0,1.0,24891.0,1.9496402877697843,MNQ_v4
single,MNQ,2025-10-15 10:09:00+02:00,2025-10-15 11:54:00+02:00,Long,UK,10,2,Canal Exit,203.52,2.0,15,24920.75,24972.0,24876.5,44.25,0.17756287431156767,1.1581920903954803,70.25,12.75,1.5875706214689265,0.288135593220339,3.830874237602984,0.015372226909715736,-0.008563816438672893,False,True,True,-0.015372226909715736,18.01050846963699,15.742385390132895,6.29795090913605,13.177844119753681,9.444434480996845,2.951888422102102,3,3.0,-1.0,2.0,-1.0,24961.0,0.9096045197740112,MNQ_v4
single,MNQ,2025-10-15 12:50:00+02:00,2025-10-15 13:11:00+02:00,Long,UK,12,2,Stop Loss,-170.22,3.0,3,24977.25,24949.25,24949.25,28.0,0.11210201283167681,-1.0,2.75,32.25,0.09821428571428571,1.1517857142857142,7.383131089343806,0.029559423432698975,-0.0015950646478106712,False,False,False,-0.029559423432698975,3.6949991530746047,12.164276790780185,5.6501624392940055,13.892949223987648,6.51411435148618,3.04599830178568,0,2.0,-1.0,4.0,1.0,24964.75,-0.44642857142857145,MNQ_v4
single,MNQ,2025-10-15 15:24:00+02:00,2025-10-15 15:45:00+02:00,Short,US,15,2,Canal Exit,17.26,1.0,3,24975.25,24966.25,25025.25,50.0,0.20019819621425208,0.18,78.25,34.5,1.565,0.69,3.2915396166281425,0.0131792058803341,0.023932178461624796,False,False,False,-0.0131792058803341,-12.315244576515397,-8.598056866568697,-1.040900753995274,-4.663793430643939,-7.5571561125734235,-26.625004992689856,2,3.0,1.0,7.0,-1.0,25099.75,-2.49,MNQ_v4
single,MNQ,2025-10-15 17:09:00+02:00,2025-10-15 17:51:00+02:00,Short,US,17,2,Canal Exit,595.52,2.0,6,25079.75,24930.5,25117.75,38.0,0.15151666184870263,3.9276315789473686,203.25,12.0,5.348684210526316,0.3157894736842105,8.383898740918085,0.0334289565921434,0.058945853805826544,True,False,True,0.0334289565921434,-33.84775733810238,-0.27991506486427553,4.962579979833997,-4.302488737403304,-5.2424950446982725,-51.06455013890483,3,6.0,1.0,7.0,-1.0,24910.25,4.4605263157894735,MNQ_v4
single,MNQ,2025-10-16 04:26:00+02:00,2025-10-16 04:47:00+02:00,Short,Asia,4,3,Canal Exit,-55.48,2.0,3,24910.25,24923.75,24949.25,39.0,0.156562057787457,-0.34615384615384615,14.75,18.0,0.3782051282051282,0.46153846153846156,1.0963693278026767,0.004401277898867642,0.013288079675447394,False,False,False,-0.004401277898867642,-3.6238607088744175,-20.959904962421916,-13.794871514087559,-4.175313484261039,-7.165033448334357,-32.18158928966331,0,3.0,1.0,5.0,-1.0,24920.75,-0.2692307692307692,MNQ_v4
single,MNQ,2025-10-16 05:08:00+02:00,2025-10-16 05:22:00+02:00,Long,Asia,5,3,Canal Exit,-21.72,3.0,2,24924.0,24920.75,24895.5,28.5,0.114347616754935,-0.11403508771929824,16.5,15.5,0.5789473684210527,0.543859649122807,4.3237245614873245,0.017347635056521125,-0.014916728164152638,False,True,True,-0.017347635056521125,3.025793309589062,17.818277613813382,12.45168482997898,-1.8175260530387287,5.3665927838344025,15.88179587946993,1,2.0,-1.0,5.0,1.0,24918.75,-0.18421052631578946,MNQ_v4
single,MNQ,2025-10-16 06:18:00+02:00,2025-10-16 10:23:00+02:00,Long,Asia,6,3,Canal Exit,476.28,3.0,35,24933.0,25012.75,24909.0,24.0,0.09625797136325352,3.3229166666666665,124.5,16.25,5.1875,0.6770833333333334,1.0047159509704215,0.0040296633015297866,-0.006163448850244062,True,True,False,0.0040296633015297866,0.9402628120406007,21.913597145536635,14.54050774260988,3.4602285902311585,7.373089402926755,34.22608110831978,0,3.0,-1.0,5.0,1.0,25025.75,3.8645833333333335,MNQ_v4
single,MNQ,2025-10-16 17:23:00+02:00,2025-10-16 17:58:00+02:00,Short,US,17,3,Canal Exit,140.26,1.0,5,25038.5,24968.0,25179.75,141.25,0.5641312378936437,0.49911504424778763,105.5,72.0,0.7469026548672566,0.5097345132743363,11.54791363903496,0.046120628787806615,0.0480609966883043,True,False,True,0.046120628787806615,-17.66328906554918,-11.761436278269692,-5.070163278853558,-1.8889626523925216,-6.6912729994161335,-35.425182874987044,1,5.0,1.0,2.0,-1.0,24930.0,0.768141592920354,MNQ_v4
single,MNQ,2025-10-16 21:00:00+02:00,2025-10-16 21:42:00+02:00,Long,US,21,3,Canal Exit,-49.74,1.0,6,24800.25,24775.75,24643.25,157.0,0.6330581344946119,-0.15605095541401273,18.25,107.5,0.11624203821656051,0.6847133757961783,12.404115205186827,0.05001608937485238,-0.10678778206680693,False,True,True,-0.05001608937485238,42.35519596492304,24.928146216704217,16.207652105547517,-21.345223806833957,8.7204941111567,-10.070859427958721,2,2.0,-1.0,4.0,-1.0,24770.25,-0.1910828025477707,MNQ_v4
single,MNQ,2025-10-17 01:59:00+02:00,2025-10-17 02:27:00+02:00,Long,Asia,1,4,Canal Exit,20.76,1.0,4,24769.75,24780.5,24720.5,49.25,0.19883123568061847,0.2182741116751269,25.25,24.0,0.5126903553299492,0.4873096446700508,5.242977187743236,0.021166855490036177,-0.03960136034297165,False,True,True,-0.021166855490036177,0.2255247148386843,3.76500572672883,-4.43379147782387,2.3305002473690037,8.1987972045527,29.175246819095236,0,4.0,-1.0,4.0,1.0,24791.5,0.4416243654822335,MNQ_v4
single,MNQ,2025-10-17 04:47:00+02:00,2025-10-17 05:36:00+02:00,Long,Asia,4,4,Stop Loss,-127.48,2.0,7,24763.5,24732.0,24732.0,31.5,0.12720334363074687,-1.0,9.0,36.25,0.2857142857142857,1.1507936507936507,16.640586619527312,0.06719803993590288,-0.04005990868809287,False,True,True,-0.06719803993590288,4.384437479551707,7.948224076458006,-0.4389607107281801,6.049410050165304,8.387184787186186,-11.360910322952346,0,3.0,-1.0,3.0,1.0,24739.0,-0.7777777777777778,MNQ_v4
single,MNQ,2025-10-17 08:45:00+02:00,2025-10-17 09:20:00+02:00,Short,Asia,8,4,Canal Exit,132.76,1.0,5,24576.0,24509.25,24678.5,102.5,0.4170735677083333,0.651219512195122,124.5,40.5,1.2146341463414634,0.3951219512195122,1.1678263621288352,0.004751897632360169,0.002247061534420188,False,False,False,-0.004751897632360169,-1.7294194524547493,-32.45596127371016,-25.777912896160203,-26.723282949634637,-6.678048377549956,-39.84626471059754,0,5.0,1.0,7.0,-1.0,24440.5,1.3219512195121952,MNQ_v4
single,MNQ,2025-10-17 15:52:00+02:00,2025-10-17 16:27:00+02:00,Long,US,15,4,Canal Exit,60.26,1.0,5,24843.5,24874.0,24672.25,171.25,0.6893151126049067,0.1781021897810219,117.25,67.25,0.6846715328467153,0.3927007299270073,15.77602724640019,0.06350162918429444,-0.024630529057540363,False,True,True,-0.06350162918429444,10.831226689795585,10.224502303322367,3.4367475387236377,9.815794182465696,6.78775476459873,34.54744630525626,0,5.0,-1.0,10.0,1.0,24774.75,-0.40145985401459855,MNQ_v4
single,MNQ,2025-10-17 16:48:00+02:00,2025-10-17 17:37:00+02:00,Short,US,16,4,Canal Exit,93.76,1.0,7,24822.0,24774.75,24960.75,138.75,0.5589799371525259,0.34054054054054056,147.5,46.0,1.063063063063063,0.33153153153153153,15.379838986809773,0.06196051481270555,0.08705084660197528,True,False,True,0.06196051481270555,-6.309158420339372,-14.339244240953189,-6.989874636387636,-5.590872241705514,-7.3493696045655525,-32.03099428038909,0,7.0,1.0,7.0,-1.0,24949.25,-0.9171171171171171,MNQ_v4
single,MNQ,2025-10-17 19:01:00+02:00,2025-10-17 19:29:00+02:00,Short,US,19,4,Canal Exit,-40.24,1.0,4,24881.75,24901.5,24980.0,98.25,0.3948677243361098,-0.2010178117048346,53.0,26.5,0.539440203562341,0.2697201017811705,13.640207514887152,0.05482012927100043,0.09355114830738383,True,False,True,0.05482012927100043,-8.72306767579721,-20.115257674211303,-12.272605703196167,-3.224034713203636,-7.842651971015137,-30.35354752976067,0,4.0,1.0,9.0,-1.0,25014.0,-1.3460559796437659,MNQ_v4
single,MNQ,2025-10-17 19:50:00+02:00,2025-10-17 21:07:00+02:00,Long,US,19,4,Canal Exit,217.76,1.0,11,24934.5,25043.75,24828.75,105.75,0.42411117126872405,1.033096926713948,119.75,60.0,1.132387706855792,0.5673758865248227,34.34327329548978,0.13773395614706443,-0.04273784939271535,False,True,True,-0.13773395614706443,19.599058314084687,2.2757036093061513,-5.697988327252901,-1.1709671427306876,7.973691936559052,13.987043122246146,0,6.0,-1.0,3.0,-1.0,25006.5,0.6808510638297872,MNQ_v4
single,MNQ,2025-10-20 03:51:00+02:00,2025-10-20 05:15:00+02:00,Short,Asia,3,0,Canal Exit,-92.22,3.0,12,25047.75,25062.75,25076.75,29.0,0.11577886237286782,-0.5172413793103449,21.75,17.5,0.75,0.603448275862069,12.360656184668187,0.049348369353208126,0.0405189320903984,True,True,False,0.049348369353208126,-3.9138293727082782,-3.2744453244087235,2.834288052727149,-6.993996498171466,-6.108733377135872,42.883310783385205,0,5.0,1.0,3.0,1.0,25075.0,-0.9396551724137931,MNQ_v4
single,MNQ,2025-10-20 08:38:00+02:00,2025-10-20 10:44:00+02:00,Long,Asia,8,0,Stop Loss,-129.48,2.0,18,25119.25,25087.25,25087.25,32.0,0.12739233854513968,-1.0,33.5,52.0,1.046875,1.625,4.132005691470113,0.01644955837244389,-0.009432685826775814,False,False,False,-0.01644955837244389,14.451226979566854,14.83146284238594,5.790169924546702,17.860675119617685,9.04129291783924,-34.84261101353854,2,3.0,-1.0,2.0,1.0,25082.0,-1.1640625,MNQ_v4
single,MNQ,2025-10-21 01:52:00+02:00,2025-10-21 02:55:00+02:00,Short,Asia,1,1,Stop Loss,-143.22,3.0,9,25320.0,25343.5,25343.5,23.5,0.09281200631911532,-1.0,9.0,28.75,0.3829787234042553,1.2234042553191489,2.188818605733104,0.008644623245391406,0.009912072851901429,True,True,False,0.008644623245391406,-8.448311816002388,-11.91378297220855,-5.4565127793830355,5.934599220666521,-6.457270192825514,46.22077072339049,2,3.0,1.0,1.0,-1.0,25346.0,-1.1063829787234043,MNQ_v4
single,MNQ,2025-10-21 09:41:00+02:00,2025-10-21 11:26:00+02:00,Short,UK,9,1,Stop Loss,-125.48,2.0,15,25263.5,25294.5,25294.5,31.0,0.12270667168048767,-1.0,10.75,32.5,0.3467741935483871,1.0483870967741935,2.8096912295077345,0.011121543845895204,-0.003035605464585412,True,True,False,0.011121543845895204,-0.20371908640663605,-2.780689540171911,-1.6667410427515612,-11.677176254930636,-1.1139484974203497,38.997280690687006,0,3.0,1.0,1.0,-1.0,25283.25,-0.6370967741935484,MNQ_v4
single,MNQ,2025-10-21 19:50:00+02:00,2025-10-21 21:14:00+02:00,Long,US,19,1,Canal Exit,16.26,1.0,12,25309.0,25317.5,25257.75,51.25,0.20249713540637718,0.16585365853658537,15.0,19.0,0.2926829268292683,0.37073170731707317,13.842541542377148,0.05469414651853945,-0.030476048845443495,False,False,False,-0.05469414651853945,0.5800167277302535,16.32764707844071,9.719114841415156,0.34129204570366883,6.608532237025553,6.4942112298639705,0,3.0,-1.0,2.0,-1.0,25305.5,-0.06829268292682927,MNQ_v4
single,MNQ,2025-10-22 06:04:00+02:00,2025-10-22 06:25:00+02:00,Long,Asia,6,2,Canal Exit,-5.74,1.0,3,25324.5,25322.0,25243.75,80.75,0.31886118185946416,-0.030959752321981424,8.5,24.0,0.10526315789473684,0.29721362229102166,0.7125067102169851,0.002813507513344726,-0.018650281752347023,True,True,False,0.002813507513344726,6.194509579472651,34.124117147078074,23.570797380859855,15.357330810964294,10.55331976621822,51.69624676910925,0,3.0,-1.0,7.0,1.0,25319.75,-0.058823529411764705,MNQ_v4
single,MNQ,2025-10-22 08:17:00+02:00,2025-10-22 08:59:00+02:00,Long,Asia,8,2,Stop Loss,-164.22,3.0,6,25321.0,25294.0,25294.0,27.0,0.10663085976067296,-1.0,17.5,36.75,0.6481481481481481,1.3611111111111112,7.818852243006404,0.030878923593090336,-0.013563191667698524,False,True,True,-0.030878923593090336,5.521558842465311,14.247219225886615,4.105030288033181,6.043434297156196,10.142188937853435,1.2419688386720829,0,4.0,-1.0,4.0,1.0,25298.0,-0.8518518518518519,MNQ_v4
single,MNQ,2025-10-22 13:04:00+02:00,2025-10-22 14:42:00+02:00,Short,UK,13,2,Canal Exit,-40.24,1.0,14,25239.25,25259.0,25305.0,65.75,0.26050694850282796,-0.30038022813688214,32.5,29.0,0.49429657794676807,0.44106463878326996,7.720424355640716,0.030588961065169198,0.025851877534325537,True,True,False,0.030588961065169198,-23.59353864688819,-0.3796552137107719,10.526747345412174,3.054398932372468,-10.906402559122945,32.75019846754028,2,5.0,1.0,4.0,1.0,25274.75,-0.5399239543726235,MNQ_v4
single,MNQ,2025-10-22 15:31:00+02:00,2025-10-22 15:52:00+02:00,Short,US,15,2,Stop Loss,-174.74,1.0,3,25191.5,25278.5,25278.5,87.0,0.34535458388742235,-1.0,18.75,98.0,0.21551724137931033,1.1264367816091954,0.26220046918751905,0.0010408291256476154,0.018618368785390745,True,False,True,0.0010408291256476154,-24.51803765746081,-5.983373211059771,1.55198813726492,-3.577559197111563,-7.535361348324691,3.1643484545500513,3,2.0,1.0,3.0,-1.0,25237.5,-0.5287356321839081,MNQ_v4
single,MNQ,2025-10-24 04:47:00+02:00,2025-10-24 05:15:00+02:00,Short,Asia,4,4,Stop Loss,-156.2,5.0,4,25311.0,25326.25,25326.25,15.25,0.06025048397929754,-1.0,6.5,16.75,0.4262295081967213,1.098360655737705,0.49399957601417555,0.0019517189206834007,0.007491939505719623,True,False,True,0.0019517189206834007,-0.6025596490471798,-2.1794758294862584,4.303105319643155,12.83289078386826,-6.482581149129413,-9.584463994384244,0,4.0,1.0,6.0,-1.0,25328.0,-1.1147540983606556,MNQ_v4
single,MNQ,2025-10-24 05:36:00+02:00,2025-10-24 06:39:00+02:00,Long,Asia,5,4,Canal Exit,13.04,4.0,9,25326.75,25328.75,25304.5,22.25,0.08785177727106715,0.0898876404494382,7.75,7.0,0.34831460674157305,0.3146067415730337,0.38203580454865005,0.0015084280634058854,-0.003331935394150343,True,False,True,0.0015084280634058854,6.779320983507205,35.109279851276725,29.283695268824722,12.93620785372238,5.825584582452002,-0.5610681463634298,3,3.0,-1.0,10.0,-1.0,25343.25,0.7415730337078652,MNQ_v4
single,MNQ,2025-10-24 12:22:00+02:00,2025-10-24 13:11:00+02:00,Short,UK,12,4,Canal Exit,29.04,4.0,7,25375.25,25371.25,25394.0,18.75,0.07389089762662436,0.21333333333333335,10.75,11.5,0.5733333333333334,0.6133333333333333,0.4757749584096018,0.0018749567330749524,0.014205245381352283,False,False,False,-0.0018749567330749524,-9.842594234258286,-1.8737936550571888,0.4629240243341458,7.239409992853594,-2.3367176793913345,-21.968979792960432,3,6.0,1.0,2.0,1.0,25368.5,0.36,MNQ_v4
single,MNQ,2025-10-24 17:23:00+02:00,2025-10-24 21:56:00+02:00,Long,US,17,4,Auto-Close (loss),-52.74,1.0,39,25535.0,25509.0,25432.5,102.5,0.40140982964558447,-0.25365853658536586,34.0,37.5,0.33170731707317075,0.36585365853658536,16.57081247252063,0.06489450743105787,-0.022210979558755443,False,False,False,-0.06489450743105787,11.232073390256119,14.097517921526107,6.990177672908544,6.256190272072698,7.107340248617563,-30.385265998175957,0,4.0,-1.0,3.0,1.0,25510.5,-0.23902439024390243,MNQ_v4
single,MNQ,2025-10-27 07:52:00+01:00,2025-10-27 08:06:00+01:00,Short,Asia,7,0,Canal Exit,-124.96,4.0,2,25784.5,25799.75,25802.75,18.25,0.070778956349745,-0.8356164383561644,5.25,17.5,0.2876712328767123,0.958904109589041,0.9396772542895633,0.0036443493350251633,0.012306537028567828,True,False,True,0.0036443493350251633,-2.014353844722791,-0.014444774345089005,8.702315793600409,14.94338140118231,-8.716760567945498,-8.253939999698686,0,2.0,1.0,5.0,-1.0,25802.25,-0.9726027397260274,MNQ_v4
single,MNQ,2025-10-27 08:27:00+01:00,2025-10-27 09:23:00+01:00,Long,UK,8,0,Stop Loss,-132.48,2.0,8,25812.0,25779.25,25779.25,32.75,0.12687897102123044,-1.0,4.5,40.5,0.13740458015267176,1.2366412213740459,1.0328581683425,0.004001465087333411,-0.0010418109707046003,False,False,False,-0.004001465087333411,5.289667375214776,34.581499283091325,27.55201753600143,18.20694979502049,7.029481747089896,-32.93215815023722,2,2.0,-1.0,1.0,1.0,25777.0,-1.0687022900763359,MNQ_v4
single,MNQ,2025-10-27 18:43:00+01:00,2025-10-27 20:56:00+01:00,Long,US,18,0,Auto-Close (profit),139.52,2.0,19,25925.75,25961.0,25892.0,33.75,0.1301794547891575,1.0444444444444445,55.75,6.25,1.651851851851852,0.18518518518518517,3.1758701077560545,0.012249867825447883,-0.0023256668587123895,False,True,True,-0.012249867825447883,8.662329773360398,8.142987913603884,1.484472779326584,12.466566865691325,6.6585151342773,31.486900943175094,1,5.0,-1.0,6.0,-1.0,26002.0,2.259259259259259,MNQ_v4
single,MNQ,2025-10-28 00:03:00+01:00,2025-10-28 00:59:00+01:00,Long,Asia,0,1,Stop Loss,-169.92,8.0,8,25998.5,25988.25,25988.25,10.25,0.03942535146258438,-1.0,20.0,17.5,1.951219512195122,1.7073170731707317,8.0284411483226,0.030880401362857857,-0.003965613240484826,False,True,True,-0.030880401362857857,1.7462778797307692,16.65463628291943,14.213581326588868,28.16271275512933,2.4410549563305626,-14.880303084206187,0,4.0,-1.0,4.0,1.0,25982.25,-1.5853658536585367,MNQ_v4
single,MNQ,2025-10-28 05:11:00+01:00,2025-10-28 06:07:00+01:00,Short,Asia,5,1,Canal Exit,208.8,5.0,8,25973.75,25952.5,25989.0,15.25,0.05871312382694067,1.3934426229508197,26.25,8.5,1.721311475409836,0.5573770491803278,1.6750732849395717,0.006449100668711956,0.00295908989602956,True,False,True,0.006449100668711956,-4.0141302747615555,-3.7174633647615254,1.6541773286311274,-2.3401145758653628,-5.371640693392653,-38.13158089188053,2,8.0,1.0,9.0,-1.0,25957.25,1.0819672131147542,MNQ_v4
single,MNQ,2025-10-28 07:52:00+01:00,2025-10-28 10:19:00+01:00,Short,Asia,7,1,Canal Exit,-75.72,3.0,21,25958.0,25970.25,25985.0,27.0,0.10401417674705292,-0.4537037037037037,15.75,23.0,0.5833333333333334,0.8518518518518519,4.922883945509966,0.01896480447457418,0.006598337071337437,True,True,False,0.01896480447457418,-3.6190738461482397,-0.8745578213541182,4.138955900948303,-9.851036062320404,-5.013513722302421,38.32681467168004,0,4.0,1.0,5.0,1.0,25977.25,-0.7129629629629629,MNQ_v4
single,MNQ,2025-10-28 16:09:00+01:00,2025-10-28 16:30:00+01:00,Long,US,16,1,Stop Loss,-164.22,3.0,3,26035.5,26008.5,26008.5,27.0,0.10370455723915423,-1.0,18.75,29.5,0.6944444444444444,1.0925925925925926,13.013683292236237,0.04998438014340511,-0.018139159295521966,False,False,False,-0.04998438014340511,6.634203682438965,5.17401009399714,-0.21368843811582705,0.4711356173999152,5.387698532112967,13.094210267511967,1,3.0,-1.0,2.0,1.0,26048.0,0.46296296296296297,MNQ_v4
single,MNQ,2025-10-29 05:39:00+01:00,2025-10-29 08:20:00+01:00,Long,Asia,5,2,Canal Exit,168.78,3.0,23,26247.5,26276.0,26220.75,26.75,0.10191446804457566,1.0654205607476634,44.0,6.75,1.644859813084112,0.2523364485981308,3.544066567781556,0.013502491924112986,-0.0076624329018516605,False,False,False,-0.013502491924112986,9.744846029348992,14.743668156183375,6.210125322784599,18.621322855224403,8.533542833398776,-10.485276514828763,2,4.0,-1.0,6.0,-1.0,26298.5,1.9065420560747663,MNQ_v4
single,MNQ,2025-10-29 08:41:00+01:00,2025-10-29 09:51:00+01:00,Long,UK,8,2,Stop Loss,-143.48,2.0,10,26296.25,26260.75,26260.75,35.5,0.1350002376764748,-1.0,13.75,35.5,0.3873239436619718,1.0,2.2956119314330863,0.00872980722130755,-0.0003728320515910395,False,False,False,-0.00872980722130755,4.812203737183154,26.92785361577521,19.210795573297936,23.433277025455528,7.717058042477273,-33.26196100559481,1,3.0,-1.0,3.0,1.0,26252.0,-1.2464788732394365,MNQ_v4
single,MNQ,2025-10-29 14:24:00+01:00,2025-10-29 14:31:00+01:00,Long,US,14,2,Canal Exit,-71.22,3.0,1,26268.75,26257.25,26243.5,25.25,0.09612181774922675,-0.45544554455445546,23.75,13.0,0.9405940594059405,0.5148514851485149,0.5782589982336503,0.0022013190510916975,-0.00928815216609449,False,True,True,-0.0022013190510916975,0.6543582570957369,20.624401755500486,20.075603111310862,3.825454830518525,0.548798644189624,10.194042205543962,0,1.0,-1.0,3.0,1.0,26309.5,1.613861386138614,MNQ_v4
single,MNQ,2025-10-29 18:29:00+01:00,2025-10-29 18:57:00+01:00,Short,US,18,2,Stop Loss,-126.48,2.0,4,26237.5,26268.75,26268.75,31.25,0.11910433539780849,-1.0,21.5,52.5,0.688,1.68,6.0090150414253,0.02290239177294064,0.01706425070960579,True,False,True,0.02290239177294064,-1.9970785497826,-15.654472156228694,-8.758139784834068,-4.840456591397953,-6.896332371394626,-2.6456491028146596,0,2.0,1.0,2.0,-1.0,26239.75,-0.072,MNQ_v4
single,MNQ,2025-10-29 20:14:00+01:00,2025-10-29 20:56:00+01:00,Long,US,20,2,Auto-Close (profit),146.76,1.0,6,26206.5,26280.25,26047.5,159.0,0.606719706942934,0.4638364779874214,172.0,57.5,1.0817610062893082,0.36163522012578614,19.85595682121493,0.07576729750716399,-0.059431432626293926,False,True,True,-0.07576729750716399,19.032759083347628,8.448935755210114,3.540735823431424,-5.926149307374644,4.9081999317786895,27.248136080992495,1,3.0,-1.0,1.0,-1.0,26215.0,0.05345911949685535,MNQ_v4
single,MNQ,2025-10-30 00:24:00+01:00,2025-10-30 00:31:00+01:00,Long,Asia,0,3,Stop Loss,-127.48,2.0,1,26221.75,26190.25,26190.25,31.5,0.12012928198918836,-1.0,14.25,50.5,0.4523809523809524,1.6031746031746033,1.5332621466150158,0.005847291453144873,-0.015924637929221084,True,True,False,0.005847291453144873,9.865612936777325,7.519969535816119,3.691634657179334,2.9045098178387256,3.828334878636785,4.821729006550371,1,1.0,-1.0,2.0,1.0,26234.75,0.4126984126984127,MNQ_v4
single,MNQ,2025-10-30 16:44:00+01:00,2025-10-30 20:28:00+01:00,Short,US,16,3,Canal Exit,95.26,1.0,32,25986.0,25938.0,26157.0,171.0,0.6580466404987301,0.2807017543859649,104.0,111.0,0.6081871345029239,0.6491228070175439,5.668106164470373,0.021812153330525563,0.00424835021392472,True,False,True,0.021812153330525563,-19.620675010122795,-13.023402190314743,-6.1512036226425195,-14.804148977783202,-6.872198567672223,-34.71501304079222,1,3.0,1.0,10.0,-1.0,26131.25,-0.8494152046783626,MNQ_v4
single,MNQ,2025-10-31 09:16:00+01:00,2025-10-31 11:29:00+01:00,Short,UK,9,4,Canal Exit,-35.74,1.0,19,26164.5,26182.0,26219.5,55.0,0.21020848860096694,-0.3181818181818182,7.25,46.25,0.1318181818181818,0.8409090909090909,13.247031876424444,0.05062979180349116,0.026710221660834005,True,False,True,0.05062979180349116,-8.38163809670732,-4.600504365514011,6.96059872224141,1.5701989070011635,-11.56110308775542,-24.172904518150254,0,3.0,1.0,6.0,-1.0,26186.25,-0.39545454545454545,MNQ_v4
single,MNQ,2025-10-31 16:37:00+01:00,2025-10-31 17:05:00+01:00,Short,US,16,4,Canal Exit,184.26,1.0,4,26085.0,25992.5,26183.0,98.0,0.37569484377995016,0.9438775510204082,98.5,72.75,1.0051020408163265,0.7423469387755102,13.046492379027768,0.05001530526750151,0.035832325315407816,True,False,True,0.05001530526750151,-1.183196069101541,-28.181179401871436,-18.738953538818976,-17.438439914198607,-9.44222586305246,-45.79370718420523,0,4.0,1.0,7.0,-1.0,25942.75,1.4515306122448979,MNQ_v4
single,MNQ,2025-11-03 00:07:00+01:00,2025-11-03 00:35:00+01:00,Long,Asia,0,0,Canal Exit,36.26,1.0,4,26065.5,26084.0,25971.0,94.5,0.3625481958911205,0.19576719576719576,22.0,16.25,0.2328042328042328,0.17195767195767195,4.177580566327379,0.016027241243511074,-0.038217693516069205,True,True,False,0.016027241243511074,6.907826167967869,30.805679303214035,22.844109434211013,4.275045026375113,7.961569869003021,47.860878105988924,0,4.0,-1.0,5.0,1.0,26103.75,0.40476190476190477,MNQ_v4
single,MNQ,2025-11-03 03:23:00+01:00,2025-11-03 03:30:00+01:00,Long,Asia,3,0,Stop Loss,-170.96,4.0,1,26104.25,26083.25,26083.25,21.0,0.08044667056130707,-1.0,10.25,31.25,0.4880952380952381,1.4880952380952381,8.763986228477734,0.0335730244250562,-0.014856140456140726,False,False,False,-0.0335730244250562,15.102843327873416,4.427588130636732,-3.841911176930254,11.652660955833923,8.269499307566985,5.018396973382509,2,2.0,-1.0,1.0,-1.0,26080.25,-1.1428571428571428,MNQ_v4
single,MNQ,2025-11-03 13:11:00+01:00,2025-11-03 15:45:00+01:00,Long,UK,13,0,Stop Loss,-180.48,2.0,22,26168.75,26124.0,26124.0,44.75,0.17100549319321712,-1.0,97.0,49.25,2.1675977653631286,1.100558659217877,3.550095365055313,0.01356616332478744,0.0034240973128110627,False,True,True,-0.01356616332478744,3.9785288626553665,2.5655428713471644,-1.1075996360380234,11.963774965507158,3.6731425073851875,-13.174070984214032,1,2.0,-1.0,4.0,1.0,26110.0,-1.312849162011173,MNQ_v4
single,MNQ,2025-11-03 21:07:00+01:00,2025-11-03 21:56:00+01:00,Long,US,21,0,Auto-Close (profit),-0.48,2.0,7,26110.0,26110.25,26066.0,44.0,0.1685178092684795,0.005681818181818182,13.0,38.25,0.29545454545454547,0.8693181818181818,3.5447972145848325,0.013576396838701005,-0.02414567159124392,False,True,True,-0.013576396838701005,6.034287557889911,18.110295223353873,14.02426813422748,-1.5153303965418345,4.086027089126393,-7.36409378767092,0,2.0,-1.0,3.0,-1.0,26113.75,0.08522727272727272,MNQ_v4
single,MNQ,2025-11-03 22:59:00+01:00,2025-11-04 00:42:00+01:00,Short,Asia,22,0,Canal Exit,76.76,1.0,7,26109.5,26070.75,26178.0,68.5,0.26235661349317296,0.5656934306569343,46.25,1.75,0.6751824817518248,0.025547445255474453,1.8084878568843124,0.006926551090156121,0.009287747285592046,True,False,True,0.006926551090156121,-2.3875508567434736,-23.638184865501028,-22.595539490817536,-10.184096421197308,-1.0426453746834916,-37.94081406398933,0,7.0,1.0,2.0,-1.0,26055.5,0.7883211678832117,MNQ_v4
single,MNQ,2025-11-04 03:16:00+01:00,2025-11-04 04:33:00+01:00,Short,Asia,3,1,Canal Exit,74.26,1.0,11,25980.5,25943.0,26030.75,50.25,0.19341429148784667,0.746268656716418,46.25,15.0,0.9203980099502488,0.29850746268656714,3.7929153343720827,0.014599085215342596,0.004240745842122796,True,True,False,0.014599085215342596,-1.7463477823039284,-30.177878792272885,-26.94087476426953,-21.027731359542667,-3.237004028003355,-1.8998243148859315,0,6.0,1.0,5.0,1.0,25926.25,1.0796019900497513,MNQ_v4
single,MNQ,2025-11-04 09:06:00+01:00,2025-11-04 12:01:00+01:00,Short,UK,9,1,Canal Exit,-33.24,1.0,25,25744.75,25761.0,25803.5,58.75,0.22820186639994564,-0.2765957446808511,100.0,45.75,1.702127659574468,0.7787234042553192,17.96821431661374,0.06979370285830602,0.015537183435572255,True,True,False,0.06979370285830602,-12.538127139945573,-2.4172503838784847,6.174618505366954,-20.423877171703037,-8.59186888924544,45.22939036937362,1,3.0,1.0,12.0,1.0,25783.25,-0.6553191489361702,MNQ_v4
single,MNQ,2025-11-04 16:48:00+01:00,2025-11-04 17:51:00+01:00,Short,US,16,1,Canal Exit,146.26,1.0,9,25806.25,25732.75,25893.75,87.5,0.33906514894647616,0.84,83.0,35.75,0.9485714285714286,0.4085714285714286,16.29043844591797,0.06312594214935517,0.0832602885414133,True,False,True,0.06312594214935517,-65.31080109613686,-3.0536406988386378,6.719630372050082,3.93048657699009,-9.77327107088872,-14.36171044467571,3,5.0,1.0,5.0,1.0,25704.0,1.1685714285714286,MNQ_v4
single,MNQ,2025-11-05 07:28:00+01:00,2025-11-05 07:49:00+01:00,Long,Asia,7,2,Canal Exit,-17.74,1.0,3,25536.75,25528.25,25443.75,93.0,0.36418103321683454,-0.0913978494623656,13.5,17.25,0.14516129032258066,0.18548387096774194,4.711476199234312,0.01844978785175996,-0.01391649777510381,False,True,True,-0.01844978785175996,0.8671312334845425,22.766412322242598,14.391393356027598,11.103228880874568,8.375018966215,32.25740351203301,0,3.0,-1.0,6.0,1.0,25498.0,-0.4166666666666667,MNQ_v4
single,MNQ,2025-11-05 08:10:00+01:00,2025-11-05 08:31:00+01:00,Short,Asia,8,2,Canal Exit,-19.74,1.0,3,25488.5,25498.0,25546.5,58.0,0.2275536026050964,-0.16379310344827586,18.25,20.25,0.3146551724137931,0.34913793103448276,3.5930271446632105,0.014096659845276145,0.027651034422806905,True,False,True,0.014096659845276145,-1.423489610915567,-13.912532890667821,-4.018533191017479,5.52368531918077,-9.893999699650342,-32.600705316534956,0,3.0,1.0,10.0,-1.0,25516.5,-0.4827586206896552,MNQ_v4
single,MNQ,2025-11-06 01:24:00+01:00,2025-11-06 02:06:00+01:00,Short,Asia,1,3,Canal Exit,18.26,1.0,6,25679.75,25670.25,25776.25,96.5,0.3757824745178594,0.09844559585492228,27.5,32.0,0.2849740932642487,0.3316062176165803,3.2761005531501723,0.012757525104995851,0.025194815948023266,True,False,True,0.012757525104995851,-5.945095361072163,-25.193025146384276,-17.775652266085547,-31.35168699430351,-7.417372880298728,-9.12639603938887,0,2.0,1.0,4.0,1.0,25662.5,0.17875647668393782,MNQ_v4
single,MNQ,2025-11-06 02:55:00+01:00,2025-11-06 03:16:00+01:00,Long,Asia,2,3,Canal Exit,-3.24,1.0,3,25663.0,25661.75,25616.75,46.25,0.18022055098780346,-0.02702702702702703,15.75,23.75,0.34054054054054056,0.5135135135135135,2.5425043743816786,0.009907276524107387,-0.02985988313800055,False,True,True,-0.009907276524107387,3.1201210008366616,1.896369168566323,-2.8241393433168254,-8.776974311866963,4.720508511883148,7.347177955815432,1,3.0,-1.0,2.0,1.0,25687.75,0.5351351351351351,MNQ_v4
single,MNQ,2025-11-06 13:32:00+01:00,2025-11-06 15:03:00+01:00,Long,UK,13,3,Stop Loss,-137.48,2.0,13,25779.75,25745.75,25745.75,34.0,0.1318864612728983,-1.0,44.0,87.25,1.2941176470588236,2.5661764705882355,0.7854995204543229,0.0030469632965964485,0.0025475709376081546,True,False,True,0.0030469632965964485,1.42407025616194,21.377904625943234,19.67390897159117,17.32569041336556,1.7039956543520631,-32.39855878989338,0,3.0,-1.0,4.0,1.0,25638.5,-4.154411764705882,MNQ_v4
single,MNQ,2025-11-06 19:22:00+01:00,2025-11-06 19:36:00+01:00,Short,US,19,3,Stop Loss,-156.72,3.0,2,25330.75,25356.5,25356.5,25.75,0.10165510298747571,-1.0,73.25,40.25,2.8446601941747574,1.5631067961165048,29.919941577179998,0.1181170773750481,0.03052648991506622,True,True,False,0.1181170773750481,-65.66330610365912,-2.4855247407753387,-0.07191286631966132,-27.20985756289031,-2.413611874455677,15.107127903489985,3,1.0,1.0,4.0,-1.0,25389.0,-2.262135922330097,MNQ_v4
single,MNQ,2025-11-07 04:40:00+01:00,2025-11-07 05:08:00+01:00,Short,Asia,4,4,Canal Exit,36.26,1.0,4,25214.0,25195.5,25281.0,67.0,0.2657253906559848,0.27611940298507465,52.0,20.0,0.7761194029850746,0.29850746268656714,2.8596504055021796,0.011341518225994208,0.010768393771053483,True,False,True,0.011341518225994208,-1.9320626452936267,-29.22333803841963,-25.17138617944417,-11.474641035303227,-4.05195185897546,-29.82688999997674,0,4.0,1.0,6.0,-1.0,25244.25,-0.45149253731343286,MNQ_v4
single,MNQ,2025-11-07 05:29:00+01:00,2025-11-07 05:50:00+01:00,Long,Asia,5,4,Canal Exit,-4.24,1.0,3,25246.0,25244.25,25162.0,84.0,0.3327259763922998,-0.020833333333333332,9.5,15.25,0.1130952380952381,0.18154761904761904,0.1774816061661113,0.0007030088178963451,-0.024257310687470297,False,True,True,-0.0007030088178963451,9.076281980836939,19.686655643057847,12.411208950885207,-8.579712755301351,7.27544669217264,31.991729846888553,2,3.0,-1.0,2.0,1.0,25290.25,0.5267857142857143,MNQ_v4
single,MNQ,2025-11-07 13:46:00+01:00,2025-11-07 14:35:00+01:00,Short,UK,13,4,Canal Exit,-11.24,1.0,7,25072.25,25077.5,25195.75,123.5,0.4925764540478018,-0.04251012145748988,10.25,74.75,0.08299595141700405,0.6052631578947368,10.642179381888127,0.042446048447539124,0.022623215833688006,True,False,True,0.042446048447539124,-8.72558658523485,-35.56919261305511,-26.61310733626056,-13.016728834305482,-8.95608527679455,-4.715843748166432,0,2.0,1.0,1.0,1.0,25129.75,-0.46558704453441296,MNQ_v4
single,MNQ,2025-11-10 01:24:00+01:00,2025-11-10 11:05:00+01:00,Long,Asia,1,0,Canal Exit,948.52,2.0,83,25309.75,25547.25,25268.75,41.0,0.16199290787147247,5.7926829268292686,259.75,8.25,6.335365853658536,0.20121951219512196,25.457207336701686,0.10058261079900704,0.024012463325166537,False,False,False,-0.10058261079900704,3.5793391059305577,2.7057354566950833,2.9965610602032653,10.813923397472513,-0.290825603508182,3.730622611966484,0,2.0,1.0,2.0,-1.0,25536.5,5.530487804878049,MNQ_v4
single,MNQ,2025-11-10 12:50:00+01:00,2025-11-10 16:06:00+01:00,Long,UK,12,0,Canal Exit,453.52,2.0,28,25535.5,25649.25,25504.75,30.75,0.12042059094202189,3.6991869918699187,127.0,22.25,4.130081300813008,0.7235772357723578,7.775467083789408,0.030449637108297893,-0.01958795866355544,False,True,True,-0.030449637108297893,20.8951442191792,1.884082337937042,-6.237704287021858,5.94607772015743,8.121786624958899,42.30066374976283,3,3.0,-1.0,11.0,1.0,25483.0,-1.7073170731707317,MNQ_v4
single,MNQ,2025-11-10 18:05:00+01:00,2025-11-10 19:08:00+01:00,Long,US,18,0,Canal Exit,227.26,1.0,9,25533.5,25647.5,25452.25,81.25,0.31820941116572343,1.403076923076923,120.25,26.0,1.48,0.32,4.825290005632269,0.018897879278721167,-0.07561379906149028,False,True,True,-0.018897879278721167,80.71323196504818,11.334113890515999,3.5083946327022595,7.991166649615024,7.82571925781374,45.44865736860669,3,9.0,-1.0,5.0,1.0,25680.25,1.8061538461538462,MNQ_v4
single,MNQ,2025-11-11 08:03:00+01:00,2025-11-11 10:30:00+01:00,Short,Asia,8,1,Canal Exit,159.52,2.0,21,25664.0,25623.75,25704.75,40.75,0.15878273067331672,0.9877300613496932,47.75,21.0,1.1717791411042944,0.5153374233128835,12.216259269400325,0.04760076086892272,0.020828238688343555,True,False,True,0.04760076086892272,-4.914773865020834,-11.368129511697477,-0.7623514758745644,-14.819983928891162,-10.605778035822912,-15.446687034707042,0,4.0,1.0,6.0,1.0,25612.0,1.2760736196319018,MNQ_v4
single,MNQ,2025-11-11 12:36:00+01:00,2025-11-11 14:35:00+01:00,Short,UK,12,1,Canal Exit,120.78,3.0,17,25617.5,25597.0,25645.25,27.75,0.10832438762564654,0.7387387387387387,45.0,21.5,1.6216216216216217,0.7747747747747747,7.179150819145434,0.02802440058220136,0.011544444439690375,True,False,True,0.02802440058220136,-14.742054756472498,-0.4103750419829161,6.34128824830264,-10.479377536496541,-6.751663290285556,3.152271869598326,2,3.0,1.0,4.0,1.0,25598.25,0.6936936936936937,MNQ_v4
single,MNQ,2025-11-11 15:59:00+01:00,2025-11-11 16:55:00+01:00,Short,US,15,1,Canal Exit,112.26,1.0,8,25584.75,25528.25,25646.0,61.25,0.23940042408075124,0.9224489795918367,98.75,50.75,1.6122448979591837,0.8285714285714286,4.284913808267447,0.016747921352631732,0.013735270946973868,True,False,True,0.016747921352631732,-10.509982649437006,-6.8732457129022215,-2.1677328999024033,-0.6025430402133978,-4.705512812999818,-32.84753111430217,2,8.0,1.0,6.0,-1.0,25525.75,0.963265306122449,MNQ_v4
single,MNQ,2025-11-12 04:40:00+01:00,2025-11-12 05:15:00+01:00,Long,Asia,4,2,Stop Loss,-162.96,4.0,5,25728.0,25708.0,25708.0,20.0,0.0777363184079602,-1.0,7.25,22.75,0.3625,1.1375,13.72809038246487,0.05335856025522727,-0.017979834526950095,False,True,True,-0.05335856025522727,3.372263910718175,2.171888449905153,-5.793644764182632,10.278539030611437,7.9655332140877855,2.94840333820343,0,3.0,-1.0,4.0,1.0,25706.25,-1.0875,MNQ_v4
single,MNQ,2025-11-12 09:48:00+01:00,2025-11-12 11:54:00+01:00,Long,UK,9,2,Canal Exit,29.28,3.0,18,25792.5,25797.75,25766.25,26.25,0.10177377144518757,0.2,38.0,22.25,1.4476190476190476,0.8476190476190476,4.045981396622665,0.015686658511670698,-0.005377580682563975,False,False,False,-0.015686658511670698,1.1515333419956733,16.506661685231542,13.278855987740643,15.192128730355956,3.227805697490899,-26.105810214155085,0,1.0,-1.0,4.0,-1.0,25770.0,-0.8571428571428571,MNQ_v4
single,MNQ,2025-11-12 14:56:00+01:00,2025-11-12 15:52:00+01:00,Short,UK,14,2,Canal Exit,1539.04,4.0,8,25790.25,25597.5,25812.25,22.0,0.0853035546378961,8.761363636363637,228.75,18.0,10.397727272727273,0.8181818181818182,1.0779484940503608,0.004179674466321035,0.009900578257932344,False,False,False,-0.004179674466321035,-10.749483759202121,-1.2110482282766741,1.5311953247654886,1.0600006115831953,-2.7422435530421625,-49.31040409316148,3,8.0,1.0,8.0,-1.0,25549.0,10.965909090909092,MNQ_v4
single,MNQ,2025-11-13 01:03:00+01:00,2025-11-13 02:41:00+01:00,Long,Asia,1,3,Canal Exit,197.76,1.0,14,25593.5,25692.75,25502.0,91.5,0.35751264969621194,1.0846994535519126,127.0,45.75,1.3879781420765027,0.5,16.078825989308825,0.06282386539281,-0.055668723404897466,False,True,True,-0.06282386539281,40.0027871395323,2.297687384270972,-7.165294997577005,2.9637608310134334,9.462982381847977,34.190837120729796,2,4.0,-1.0,14.0,1.0,25652.75,0.6475409836065574,MNQ_v4
single,MNQ,2025-11-13 04:33:00+01:00,2025-11-13 10:37:00+01:00,Long,Asia,4,3,Stop Loss,-270.24,1.0,52,25682.5,25547.75,25547.75,134.75,0.5246763360264772,-1.0,39.25,151.75,0.2912801484230056,1.1261595547309833,14.090428142575547,0.05486392735355027,-0.029950751110553817,False,False,False,-0.05486392735355027,5.423991690495313,1.4494045030898552,-8.468744553822905,-0.17125668463298874,9.91814905691276,-51.043280261411965,0,4.0,-1.0,1.0,1.0,25575.75,-0.7922077922077922,MNQ_v4
single,MNQ,2025-11-13 12:22:00+01:00,2025-11-13 15:10:00+01:00,Short,UK,12,3,Canal Exit,204.76,1.0,24,25571.75,25469.0,25629.0,57.25,0.22387986743183397,1.794759825327511,137.25,44.0,2.3973799126637556,0.7685589519650655,9.642529801938508,0.03770774312254151,0.02156283482480175,True,False,True,0.03770774312254151,-13.50631650827927,-9.353621756137393,-3.5607260329687893,-12.901075044548248,-5.792895723168604,-35.508637647565045,1,4.0,1.0,3.0,-1.0,25372.5,3.480349344978166,MNQ_v4
single,MNQ,2025-11-13 18:54:00+01:00,2025-11-13 21:56:00+01:00,Short,US,18,3,Auto-Close (profit),82.76,1.0,26,25141.75,25100.0,25263.25,121.5,0.48325991627472237,0.3436213991769547,139.75,32.0,1.1502057613168724,0.26337448559670784,26.22834535052243,0.1043218763631109,0.02447751203768865,True,True,False,0.1043218763631109,-29.561267488050362,-10.56707186625522,-1.195689396129036,-8.932216016109424,-9.371382470126186,32.60101696927118,1,4.0,1.0,3.0,-1.0,25137.75,0.03292181069958848,MNQ_v4
single,MNQ,2025-11-14 02:48:00+01:00,2025-11-14 03:02:00+01:00,Short,Asia,2,4,Canal Exit,-27.72,3.0,2,25119.25,25123.5,25149.25,30.0,0.11943031738606846,-0.14166666666666666,11.5,14.75,0.38333333333333336,0.49166666666666664,0.4516795559466118,0.0017981410907834106,0.005818080616902172,True,False,True,0.0017981410907834106,-0.3732280326257751,-7.620565054809648,-2.444460796533636,-3.074722796075443,-5.176104258276013,-9.571038751843638,1,2.0,1.0,7.0,-1.0,25131.75,-0.4166666666666667,MNQ_v4
single,MNQ,2025-11-14 07:21:00+01:00,2025-11-14 08:38:00+01:00,Short,Asia,7,4,Canal Exit,143.26,1.0,11,25053.75,24981.75,25113.75,60.0,0.23948510701990722,1.2,119.75,25.5,1.9958333333333333,0.425,24.24567008874874,0.09677461493288925,0.04137900581719341,True,False,True,0.09677461493288925,-0.7641633256826026,-3.1478191263769295,5.342619701039954,-12.29811560084668,-8.490438827416884,-23.638380238043293,0,4.0,1.0,4.0,-1.0,24972.25,1.3583333333333334,MNQ_v4
single,MNQ,2025-11-14 08:59:00+01:00,2025-11-14 09:20:00+01:00,Long,UK,8,4,Stop Loss,-151.48,2.0,3,24980.0,24942.5,24942.5,37.5,0.1501200960768615,-1.0,32.0,56.75,0.8533333333333334,1.5133333333333334,2.755516984689166,0.011030892652878967,-0.04421947004705058,False,True,True,-0.011030892652878967,19.780543621363904,8.544928553236595,5.545327840510643,-5.9088426839482695,2.999600712725952,-9.861907787252852,2,1.0,-1.0,4.0,1.0,24967.75,-0.32666666666666666,MNQ_v4
single,MNQ,2025-11-14 10:44:00+01:00,2025-11-14 13:11:00+01:00,Short,UK,10,4,Canal Exit,397.26,1.0,21,24957.25,24758.25,25023.5,66.25,0.26545392621382563,3.0037735849056606,210.75,37.0,3.181132075471698,0.5584905660377358,19.29784478044894,0.07732360248204005,0.030418472778131263,True,False,True,0.07732360248204005,-13.839207059922046,-11.120582681701402,-5.185528722640183,-14.77833628789242,-5.935053959061219,-32.8303546852015,1,3.0,1.0,5.0,1.0,24722.5,3.543396226415094,MNQ_v4
single,MNQ,2025-11-17 01:17:00+01:00,2025-11-17 01:24:00+01:00,Short,Asia,1,0,Stop Loss,-115.24,1.0,1,25131.5,25188.75,25188.75,57.25,0.22780176272805047,-1.0,18.0,80.0,0.314410480349345,1.3973799126637554,12.906168780260487,0.051354550187058014,0.033344434419480706,True,True,False,0.051354550187058014,-13.73923234258109,-11.948559800397154,-2.8685545982071847,-17.189757057582455,-9.08000520218997,-11.233340830312976,1,1.0,1.0,5.0,-1.0,25217.25,-1.497816593886463,MNQ_v4
single,MNQ,2025-11-17 03:51:00+01:00,2025-11-17 04:19:00+01:00,Long,Asia,3,0,Canal Exit,2.76,1.0,4,25251.0,25252.75,25196.25,54.75,0.21682309611500533,0.0319634703196347,18.5,7.5,0.3378995433789954,0.136986301369863,3.5729724265402183,0.014149825458556961,-0.008941927682786231,False,True,True,-0.014149825458556961,0.7808089017053135,13.239921640972641,9.628534881002686,8.276255461004846,3.611386759969955,35.31156168340128,0,4.0,-1.0,4.0,1.0,25264.75,0.2511415525114155,MNQ_v4
single,MNQ,2025-11-17 16:20:00+01:00,2025-11-17 18:05:00+01:00,Short,US,16,0,Canal Exit,-142.24,1.0,15,25094.0,25164.75,25254.75,160.75,0.6405913764246434,-0.4401244167962675,150.5,107.0,0.9362363919129082,0.6656298600311042,47.04157026518078,0.18746142609859243,0.10338780051377479,True,True,False,0.18746142609859243,-61.555395026050974,-0.500779783393676,8.158157484645864,0.17133229811311898,-8.65893726803954,46.0444862496223,2,4.0,1.0,9.0,1.0,24986.75,0.6671850699844479,MNQ_v4
single,MNQ,2025-11-17 18:33:00+01:00,2025-11-17 19:50:00+01:00,Short,US,18,0,Canal Exit,364.26,1.0,11,25111.0,24928.5,25201.0,90.0,0.35840866552506867,2.0277777777777777,190.25,53.75,2.113888888888889,0.5972222222222222,32.28459300971008,0.12856753219589057,0.08535040993308746,True,False,True,0.12856753219589057,-57.515998601586034,-14.109506092100409,-4.953299952612279,1.337281456164823,-9.15620613948813,-12.80053597638594,3,5.0,1.0,6.0,1.0,24808.0,3.3666666666666667,MNQ_v4
single,MNQ,2025-11-18 03:16:00+01:00,2025-11-18 04:05:00+01:00,Short,Asia,3,1,Canal Exit,897.04,4.0,7,24940.25,24827.75,24959.75,19.5,0.07818686661120076,5.769230769230769,138.75,1.25,7.115384615384615,0.0641025641025641,10.626759268379828,0.04260887227826437,0.035562389255867126,True,False,True,0.04260887227826437,-14.791948067933845,-1.4157360652211688,1.2603060896090033,-0.013468489998381017,-2.676042154830172,-48.99867116782697,2,7.0,1.0,6.0,-1.0,24779.5,8.243589743589743,MNQ_v4
single,MNQ,2025-11-18 07:00:00+01:00,2025-11-18 08:52:00+01:00,Short,Asia,7,1,Canal Exit,27.76,1.0,16,24714.5,24700.25,24767.25,52.75,0.21343745574460338,0.27014218009478674,110.75,33.25,2.0995260663507107,0.6303317535545023,21.153221439635672,0.08559032729626605,0.0309105680589883,True,True,False,0.08559032729626605,-3.8050844962199335,-18.841009110131203,-11.86104208037448,-7.130440916223258,-6.979967029756724,38.3485754428404,0,9.0,1.0,5.0,1.0,24795.0,-1.5260663507109005,MNQ_v4
single,MNQ,2025-11-18 15:38:00+01:00,2025-11-18 16:20:00+01:00,Short,US,15,1,Canal Exit,131.76,1.0,6,24654.75,24588.5,24832.0,177.25,0.7189284012208601,0.37376586741889983,224.75,131.25,1.2679830747531735,0.7404795486600846,0.9269324799024616,0.003759650695717708,0.014180141890475886,True,False,True,0.003759650695717708,-6.099565062057081,-10.773557859675678,-7.445553996640106,-1.5895808590532887,-3.3280038630355726,-35.36286061315554,0,6.0,1.0,5.0,-1.0,24394.0,1.471086036671368,MNQ_v4
single,MNQ,2025-11-18 18:19:00+01:00,2025-11-18 18:40:00+01:00,Short,US,18,1,Stop Loss,-211.74,1.0,3,24592.25,24697.75,24697.75,105.5,0.42899694009291545,-1.0,100.75,143.25,0.9549763033175356,1.3578199052132702,41.66070712182409,0.1694058377001864,0.11942545243851375,True,False,True,0.1694058377001864,-76.67857723802445,-8.524473184999582,0.39373241814291493,-4.1462560103397195,-8.918205603142496,-19.389904093251488,2,3.0,1.0,5.0,-1.0,24750.75,-1.5023696682464456,MNQ_v4
single,MNQ,2025-11-19 01:10:00+01:00,2025-11-19 02:06:00+01:00,Short,Asia,1,2,Canal Exit,-7.74,1.0,8,24526.5,24530.0,24631.0,104.5,0.42606976127861695,-0.03349282296650718,28.75,51.5,0.2751196172248804,0.49282296650717705,7.045676612862735,0.028726791889844595,0.042463603469656525,True,False,True,0.028726791889844595,-10.50971442138325,-38.098264935934026,-29.862160009332193,-28.214720875291047,-8.236104926601833,9.373282724566888,0,3.0,1.0,2.0,1.0,24607.5,-0.7751196172248804,MNQ_v4
single,MNQ,2025-11-19 13:32:00+01:00,2025-11-19 14:00:00+01:00,Long,UK,13,2,Stop Loss,-97.24,1.0,4,24720.75,24672.5,24672.5,48.25,0.19518016241416625,-1.0,1.5,64.5,0.031088082901554404,1.3367875647668395,12.270924706295773,0.04963815703931221,-0.014811117704341336,False,False,False,-0.04963815703931221,17.67337983392281,5.221025071841869,-3.357148695541959,14.96523325148727,8.578173767383829,7.415740690496379,2,3.0,-1.0,4.0,1.0,24679.0,-0.8652849740932642,MNQ_v4
single,MNQ,2025-11-19 20:25:00+01:00,2025-11-19 21:14:00+01:00,Short,US,20,2,Stop Loss,-232.74,1.0,7,24597.0,24713.0,24713.0,116.0,0.4716022279139732,-1.0,27.0,209.25,0.23275862068965517,1.8038793103448276,6.844710710662184,0.027827420867025183,0.02831734089775512,True,True,False,0.027827420867025183,-6.486416298776021,-8.145575876609588,-4.068712994894594,-8.697355600297461,-4.076862881714994,38.31139092943209,0,3.0,1.0,2.0,-1.0,24772.0,-1.5086206896551724,MNQ_v4
single,MNQ,2025-11-20 02:27:00+01:00,2025-11-20 10:23:00+01:00,Long,Asia,2,3,Stop Loss,-126.24,1.0,68,25150.0,25087.25,25087.25,62.75,0.24950298210735586,-1.0,59.0,75.75,0.9402390438247012,1.207171314741036,25.046522131895472,0.09958855718447503,0.006364997169276571,False,False,False,-0.09958855718447503,16.990793997796573,4.697290700969204,0.7251051481666551,30.2181993249837,3.972185552802549,-39.020916490147584,1,5.0,-1.0,2.0,1.0,25085.0,-1.0358565737051793,MNQ_v4
single,MNQ,2025-11-20 12:29:00+01:00,2025-11-20 12:43:00+01:00,Short,UK,12,3,Stop Loss,-171.72,3.0,2,25097.5,25125.75,25125.75,28.25,0.11256101205299332,-1.0,40.75,30.0,1.4424778761061947,1.0619469026548674,10.037393106722448,0.03999359739704133,0.020600169584544508,True,True,False,0.03999359739704133,-3.1221758384854184,-20.54405932075415,-19.404598277489008,-9.769041363565243,-1.1394610432651433,1.4943635953348215,0,1.0,1.0,2.0,-1.0,25073.75,0.8407079646017699,MNQ_v4
single,MNQ,2025-11-21 04:40:00+01:00,2025-11-21 05:01:00+01:00,Long,Asia,4,4,Canal Exit,-75.74,1.0,3,24216.5,24179.0,24159.0,57.5,0.23744141391200216,-0.6521739130434783,15.75,48.0,0.27391304347826084,0.8347826086956521,2.70410867578903,0.01116638934523581,-0.01724099899786763,False,True,True,-0.01116638934523581,5.399674869946466,4.193234380803899,-2.7830856031595568,9.693182104847844,6.976319983963456,5.9376401967943035,0,3.0,-1.0,6.0,1.0,24124.0,-1.608695652173913,MNQ_v4
single,MNQ,2025-11-21 06:04:00+01:00,2025-11-21 07:56:00+01:00,Long,Asia,6,4,Canal Exit,-37.74,1.0,16,24177.0,24158.5,24097.5,79.5,0.32882491624271,-0.23270440251572327,33.0,50.0,0.41509433962264153,0.6289308176100629,15.859442506800406,0.06559723086735494,-0.041595426658853324,False,True,True,-0.06559723086735494,30.773257565775566,4.7296739339008695,-2.584768207583007,-0.7294125974067759,7.314442141483877,17.125443119941934,2,4.0,-1.0,4.0,1.0,24184.75,0.09748427672955975,MNQ_v4
single,MNQ,2025-11-21 08:38:00+01:00,2025-11-21 09:06:00+01:00,Short,Asia,8,4,Canal Exit,-8.74,1.0,4,24152.5,24156.5,24202.0,49.5,0.20494772797847016,-0.08080808080808081,92.0,26.25,1.8585858585858586,0.5303030303030303,3.262460774858482,0.013507756028810608,0.01418681479341046,True,False,True,0.013507756028810608,-14.997133205677528,-2.609880730297684,1.4033919328102846,1.459713229654832,-4.013272663107969,-25.011619260768317,2,4.0,1.0,9.0,-1.0,24183.75,-0.6313131313131313,MNQ_v4
single,MNQ,2025-11-21 09:27:00+01:00,2025-11-21 10:09:00+01:00,Long,UK,9,4,Canal Exit,86.26,1.0,6,24140.25,24183.75,24060.5,79.75,0.33036111887822206,0.5454545454545454,77.0,31.25,0.9655172413793104,0.39184952978056425,15.14779977955186,0.0627491421155616,-0.042971755930058746,False,True,True,-0.0627491421155616,2.91770769705181,7.980545521790324,2.870204382171655,-2.205211873385933,5.110341139618669,37.51871450451592,0,6.0,-1.0,8.0,1.0,23978.75,-2.0250783699059562,MNQ_v4
single,MNQ,2025-11-21 10:30:00+01:00,2025-11-21 11:05:00+01:00,Short,UK,10,4,Canal Exit,254.26,1.0,5,24106.25,23978.75,24217.25,111.0,0.46046149857402124,1.1486486486486487,176.25,39.0,1.587837837837838,0.35135135135135137,10.503786159242736,0.04357287491518895,0.0489626883531813,True,False,True,0.04357287491518895,-29.82665912428274,-16.401888093365226,-6.1769222028359465,1.5050829226365192,-10.22496589052928,-44.85350756923741,2,5.0,1.0,10.0,-1.0,24111.0,-0.04279279279279279,MNQ_v4
single,MNQ,2025-11-21 12:43:00+01:00,2025-11-21 13:32:00+01:00,Short,UK,12,4,Stop Loss,-218.74,1.0,7,24044.5,24153.5,24153.5,109.0,0.45332612447753123,-1.0,92.0,147.25,0.8440366972477065,1.3509174311926606,38.873791916281334,0.16167436177205322,0.08988730572664819,True,False,True,0.16167436177205322,-18.30994552865377,-14.127245707191856,-4.631037960907969,-2.792210760011468,-9.496207746283886,1.523438394911047,0,4.0,1.0,4.0,-1.0,24183.0,-1.2706422018348624,MNQ_v4
single,MNQ,2025-11-21 19:50:00+01:00,2025-11-21 20:11:00+01:00,Long,US,19,4,Canal Exit,103.76,1.0,3,24488.0,24540.25,24203.25,284.75,1.16281443972558,0.18349429323968394,78.25,38.75,0.27480245829675154,0.1360842844600527,21.498923561361153,0.08779370941424841,-0.0839787089131481,False,True,True,-0.08779370941424841,4.608617621481244,29.745977150812415,21.29516404668035,10.92027931932806,8.450813104132067,45.07996266704753,0,3.0,-1.0,9.0,1.0,24480.25,-0.027216856892010536,MNQ_v4
single,MNQ,2025-11-24 01:03:00+01:00,2025-11-24 02:13:00+01:00,Short,Asia,1,0,Canal Exit,-48.74,1.0,10,24433.25,24457.25,24506.0,72.75,0.2977499923260311,-0.32989690721649484,29.25,40.5,0.4020618556701031,0.5567010309278351,14.98873426449427,0.06134564277979503,0.08842895530409961,True,False,True,0.06134564277979503,-8.330057734317961,-24.437888176794637,-16.717108224566676,-14.56064869040245,-7.720779952227961,22.84420124159022,0,3.0,1.0,1.0,1.0,24468.25,-0.48109965635738833,MNQ_v4
single,MNQ,2025-11-24 03:16:00+01:00,2025-11-24 03:58:00+01:00,Long,Asia,3,0,Canal Exit,82.76,1.0,6,24478.75,24520.5,24428.0,50.75,0.20732267783281416,0.8226600985221675,43.75,30.25,0.8620689655172413,0.5960591133004927,4.106413528243138,0.016775421654468214,-0.008021210821489714,False,True,True,-0.016775421654468214,6.143276150523889,0.09680320156675842,-5.335830114971857,6.065527231894234,5.432633316538616,45.39191652603925,0,6.0,-1.0,12.0,1.0,24450.0,-0.5665024630541872,MNQ_v4
single,MNQ,2025-11-24 08:24:00+01:00,2025-11-24 08:59:00+01:00,Long,Asia,8,0,Canal Exit,-27.72,3.0,5,24474.5,24470.25,24450.25,24.25,0.09908271874808473,-0.17525773195876287,51.0,11.5,2.1030927835051547,0.4742268041237113,6.121682738848904,0.025012493570242104,-0.0131516525471489,False,True,True,-0.025012493570242104,7.234579129955819,5.863823571537397,1.4783017601920392,-2.7396636012140925,4.385521811345358,24.45648131127696,2,5.0,-1.0,3.0,1.0,24549.75,3.1030927835051547,MNQ_v4
single,MNQ,2025-11-24 18:33:00+01:00,2025-11-24 21:56:00+01:00,Long,US,18,0,Auto-Close (profit),20.26,1.0,29,24925.0,24935.5,24681.0,244.0,0.9789368104312938,0.0430327868852459,68.25,42.25,0.2797131147540984,0.17315573770491804,25.458491759382014,0.10214038820213446,-0.004958874402378468,False,True,True,-0.10214038820213446,2.238450434659171,22.76895279770092,12.31658722452301,20.505059582844073,10.452365573177909,17.91871160106626,0,3.0,-1.0,5.0,1.0,24974.0,0.20081967213114754,MNQ_v4
single,MNQ,2025-11-25 04:33:00+01:00,2025-11-25 05:43:00+01:00,Short,Asia,4,1,Canal Exit,5.28,3.0,10,24932.5,24931.25,24959.0,26.5,0.10628697483204652,0.04716981132075472,17.5,21.5,0.660377358490566,0.8113207547169812,3.493895600673568,0.01401341863300338,0.009413698129483145,True,True,False,0.01401341863300338,-5.331059891315817,-2.893652891826077,5.521362453218825,1.9545449265104118,-8.415015345044901,5.6714152833278835,1,4.0,1.0,3.0,1.0,24942.0,-0.3584905660377358,MNQ_v4
single,MNQ,2025-11-25 06:11:00+01:00,2025-11-25 07:14:00+01:00,Short,Asia,6,1,Canal Exit,145.04,4.0,9,24936.75,24918.25,24955.5,18.75,0.07519023128515144,0.9866666666666667,24.0,18.75,1.28,1.0,2.7278437139029847,0.010939050653765967,0.0009831586278995104,True,False,True,0.010939050653765967,-0.14851500598160783,-1.6583130829397523,-3.342890296363567,-2.241734557353014,1.6845772134238148,-9.175418359030486,0,1.0,-1.0,2.0,1.0,24923.25,0.72,MNQ_v4
single,MNQ,2025-11-25 09:34:00+01:00,2025-11-25 10:30:00+01:00,Short,UK,9,1,Canal Exit,561.04,4.0,8,24912.75,24842.25,24931.25,18.5,0.07425916448404933,3.810810810810811,91.0,7.5,4.918918918918919,0.40540540540540543,5.344389007448626,0.021452424993020146,0.008778881416248762,True,False,True,0.021452424993020146,-1.2785207986453315,-1.8766810724519105,-2.5468298731707026,-0.2448607337385944,0.6701488007187921,-31.917682383817507,0,1.0,-1.0,7.0,-1.0,24859.0,2.9054054054054053,MNQ_v4
single,MNQ,2025-11-25 12:29:00+01:00,2025-11-25 12:57:00+01:00,Short,UK,12,1,Stop Loss,-176.48,2.0,4,24854.0,24897.75,24897.75,43.75,0.17602800354067755,-1.0,9.75,59.5,0.22285714285714286,1.36,6.861591900131316,0.027607595960937138,0.020677850688152824,True,False,True,0.027607595960937138,-18.618521355721896,-11.520887347758476,-1.3419856048654077,-6.8375130944076625,-10.178901742893068,-16.707191723686204,2,3.0,1.0,5.0,-1.0,24892.0,-0.8685714285714285,MNQ_v4
single,MNQ,2025-11-25 21:00:00+01:00,2025-11-25 21:56:00+01:00,Long,US,21,1,Auto-Close (profit),85.76,1.0,8,25036.0,25079.25,24938.0,98.0,0.39143633168237735,0.4413265306122449,99.75,23.25,1.0178571428571428,0.2372448979591837,17.74494358850643,0.07087771045097632,-0.036116870778851146,False,True,True,-0.07087771045097632,31.746045446830976,13.064996905676104,3.442112895765879,8.602489618495431,9.622884009910225,35.682691005447296,1,5.0,-1.0,8.0,1.0,25064.5,0.29081632653061223,MNQ_v4
single,MNQ,2025-11-26 00:07:00+01:00,2025-11-26 02:48:00+01:00,Long,Asia,0,2,Canal Exit,402.78,3.0,23,25087.5,25155.0,25059.25,28.25,0.11260587942202292,2.3893805309734515,80.5,25.75,2.849557522123894,0.911504424778761,16.2151310167028,0.06463430400280139,-0.01399106917239022,False,True,True,-0.06463430400280139,22.583772684363794,4.988312296210205,-4.930385030957853,6.698679099865299,9.918697327168058,29.95143156687886,3,3.0,-1.0,3.0,1.0,25169.25,2.893805309734513,MNQ_v4
single,MNQ,2025-11-26 04:47:00+01:00,2025-11-26 09:20:00+01:00,Long,Asia,4,2,Canal Exit,153.04,4.0,39,25179.5,25199.0,25159.25,20.25,0.08042256597629024,0.9629629629629629,56.5,19.0,2.7901234567901234,0.9382716049382716,3.9629736595525173,0.015738889412230256,0.003758880801104938,False,False,False,-0.015738889412230256,6.6490365164791,1.551494765628293,-0.9583799553135178,20.093072674833163,2.5098747209418106,-20.24132317267759,3,4.0,-1.0,4.0,-1.0,25194.75,0.7530864197530864,MNQ_v4
single,MNQ,2025-11-26 12:43:00+01:00,2025-11-26 13:25:00+01:00,Short,UK,12,2,Canal Exit,335.28,3.0,6,25185.5,25129.25,25215.25,29.75,0.11812352345595681,1.8907563025210083,66.75,24.25,2.2436974789915967,0.8151260504201681,0.896744269230112,0.003560557738500772,0.01543937804320425,True,False,True,0.003560557738500772,-18.48629126846572,-8.59456874776828,-2.358699615714503,-7.8883039033180955,-6.235869132053777,-33.81272770244636,3,6.0,1.0,8.0,-1.0,25193.25,-0.2605042016806723,MNQ_v4
single,MNQ,2025-11-26 15:03:00+01:00,2025-11-26 15:17:00+01:00,Short,UK,15,2,Stop Loss,-150.48,2.0,2,25182.75,25220.0,25220.0,37.25,0.14791871419920383,-1.0,5.75,39.25,0.15436241610738255,1.0536912751677852,8.982668778204243,0.03566992793957865,0.02676968633427598,True,False,True,0.03566992793957865,-16.56392123833575,-2.2656019163560455,3.0508441054894098,-1.9158206241163225,-5.316446021845455,-3.8226549898205326,2,2.0,1.0,5.0,-1.0,25185.5,-0.0738255033557047,MNQ_v4
single,MNQ,2025-11-26 16:55:00+01:00,2025-11-26 17:30:00+01:00,Long,US,16,2,Canal Exit,158.76,1.0,5,25268.5,25348.25,25142.25,126.25,0.4996339315748857,0.6316831683168317,82.5,42.5,0.6534653465346535,0.33663366336633666,4.587247056995693,0.018154014116372928,-0.014653363216724558,True,True,False,0.018154014116372928,7.7864524164106115,31.848830270034036,26.80030502351792,-0.29162337557579693,5.048525246516114,46.56203235731205,0,5.0,-1.0,9.0,1.0,25343.0,0.5900990099009901,MNQ_v4
single,MNQ,2025-11-27 01:31:00+01:00,2025-11-27 01:59:00+01:00,Short,Asia,1,3,Stop Loss,-163.44,6.0,4,25321.25,25334.5,25334.5,13.25,0.05232759046255615,-1.0,5.75,18.0,0.4339622641509434,1.3584905660377358,0.1565802305485704,0.0006183748059379786,0.005407938845325077,False,False,False,-0.0006183748059379786,-1.9121135468158172,-4.6971381385996835,-1.6783121720587837,-28.29435912000656,-3.0188259665409,10.103370952533089,1,3.0,1.0,2.0,-1.0,25308.25,0.9811320754716981,MNQ_v4
single,MNQ,2025-11-27 02:55:00+01:00,2025-11-27 03:23:00+01:00,Long,Asia,2,3,Canal Exit,-16.48,2.0,4,25334.75,25331.0,25303.25,31.5,0.12433515231056158,-0.11904761904761904,4.75,9.75,0.15079365079365079,0.30952380952380953,3.0879607019596733,0.012188636958958242,-0.009429848815844397,False,True,True,-0.012188636958958242,1.7650112264891504,2.2604291338518623,-6.880136040410704,-6.15938881967681,9.140565174262566,31.583770281473093,0,4.0,-1.0,7.0,1.0,25320.25,-0.4603174603174603,MNQ_v4
single,MNQ,2025-11-27 03:44:00+01:00,2025-11-27 06:18:00+01:00,Short,Asia,3,3,Stop Loss,-166.44,6.0,22,25323.0,25336.5,25336.5,13.5,0.053311219049875604,-1.0,18.25,14.0,1.3518518518518519,1.037037037037037,4.301190378864703,0.016985311293546197,0.010268403184948137,True,True,False,0.016985311293546197,-4.618453501840122,-6.991794870189621,-0.12234245259012289,-7.239781101974342,-6.869452417599499,43.030800847774024,2,4.0,1.0,1.0,-1.0,25332.25,-0.6851851851851852,MNQ_v4
single,MNQ,2025-11-27 08:24:00+01:00,2025-11-27 08:31:00+01:00,Long,Asia,8,3,Stop Loss,-169.68,7.0,1,25310.5,25298.75,25298.75,11.75,0.04642342110981608,-1.0,7.75,14.75,0.6595744680851063,1.2553191489361701,1.13484120422072,0.004483677541813556,-0.008402416274413968,False,False,False,-0.004483677541813556,7.8080823717864405,4.685481016720745,0.3552579159191094,4.434137124119727,4.330223100801636,1.448233155242641,3,1.0,-1.0,1.0,1.0,25312.25,0.14893617021276595,MNQ_v4
single,MNQ,2025-11-27 10:02:00+01:00,2025-11-27 10:23:00+01:00,Short,UK,10,3,Canal Exit,-92.22,3.0,3,25301.25,25316.25,25328.75,27.5,0.10869028210068671,-0.5454545454545454,4.0,15.0,0.14545454545454545,0.5454545454545454,0.8804633872714476,0.0034799205069767206,0.005829832915931684,False,False,False,-0.0034799205069767206,-5.710386661354278,-14.216035049310582,-6.211352285483905,-5.70926332640719,-8.004682763826677,-27.87889487282065,2,3.0,1.0,4.0,-1.0,25310.0,-0.3181818181818182,MNQ_v4
single,MNQ,2025-11-27 10:51:00+01:00,2025-11-27 12:15:00+01:00,Long,UK,10,3,Canal Exit,1.8200000000000003,7.0,12,25310.0,25310.5,25297.25,12.75,0.05037534571315685,0.0392156862745098,12.0,10.75,0.9411764705882353,0.8431372549019608,1.4744112351108924,0.0058254098582018665,-0.004410151133210583,True,True,False,0.0058254098582018665,0.60051207485958,14.590848152351965,14.927028442802364,-4.3718761487527695,-0.33618029045039854,22.67338286455078,3,6.0,1.0,3.0,1.0,25321.5,0.9019607843137255,MNQ_v4
single,MNQ,2025-11-27 15:45:00+01:00,2025-11-27 16:06:00+01:00,Short,US,15,3,Canal Exit,-76.96,4.0,3,25296.25,25305.5,25318.0,21.75,0.08598112368434056,-0.42528735632183906,8.25,9.5,0.3793103448275862,0.4367816091954023,0.346119411100517,0.001368263719328031,0.002061785769857393,True,False,True,0.001368263719328031,-1.9711300117123756,-0.9605583073533637,1.3562043398675026,6.408597981325598,-2.316762647220866,-16.763685258821166,1,3.0,1.0,4.0,-1.0,25296.25,-0.0,MNQ_v4
single,MNQ,2025-11-27 16:27:00+01:00,2025-11-27 17:02:00+01:00,Long,US,16,3,Stop Loss,-185.12,13.0,5,25294.75,25288.0,25288.0,6.75,0.026685379377143475,-1.0,10.5,9.0,1.5555555555555556,1.3333333333333333,0.6458105843194062,0.0025531408071611944,-0.0031338747886546906,False,True,True,-0.0025531408071611944,-0.9675021325929265,4.387229655856562,2.8127276555356344,7.724596479181991,1.574502000320928,-3.2721775261083357,1,1.0,-1.0,1.0,1.0,25294.25,-0.07407407407407407,MNQ_v4
single,MNQ,2025-11-28 03:37:00+01:00,2025-11-28 15:26:00+01:00,Long,Asia,3,4,Canal Exit,1506.96,21.0,10,25343.5,25379.75,25339.25,4.25,0.01676958588987314,8.529411764705882,76.5,2.5,18.0,0.5882352941176471,4.519275923034002,0.01783209076502457,-0.00397376572628871,False,True,True,-0.01783209076502457,3.949517550143355,1.5686348723502872,-0.36718920410322087,17.821560174398403,1.9358240764535082,-3.2478671139028505,1,5.0,-1.0,1.0,-1.0,25377.0,7.882352941176471,MNQ_v4
single,MNQ,2025-11-28 16:15:00+01:00,2025-11-28 17:18:00+01:00,Long,US,16,4,Canal Exit,41.76,1.0,9,25383.25,25404.5,25329.5,53.75,0.2117538140309062,0.3953488372093023,53.75,26.75,1.0,0.49767441860465117,5.444335209285782,0.021448534798679374,-0.0027972940911801915,False,True,True,-0.021448534798679374,2.153220009360666,4.0949821640275,2.625146342389387,6.413992235080346,1.4698358216381129,32.63674734209201,0,9.0,-1.0,4.0,1.0,25429.5,0.8604651162790697,MNQ_v4
single,MNQ,2025-11-28 18:56:00+01:00,2025-11-28 19:10:00+01:00,Long,US,18,4,Auto-Close (loss),-10.74,1.0,2,25489.75,25484.75,25381.25,108.5,0.4256612952265126,-0.04608294930875576,10.5,42.0,0.0967741935483871,0.3870967741935484,3.9516682389512425,0.015502969777856757,-0.0038790133219192757,False,True,True,-0.015502969777856757,11.067962448450999,3.9929270241085293,-1.9018277397115213,2.9119882244178092,5.894754763820051,30.278765416668705,0,4.0,-1.0,2.0,-1.0,25496.5,0.06221198156682028,MNQ_v4
single,MNQ,2025-12-01 00:42:00+01:00,2025-12-01 01:10:00+01:00,Short,Asia,0,0,Canal Exit,70.76,1.0,4,25457.0,25421.25,25542.25,85.25,0.3348784224378364,0.41935483870967744,55.75,20.75,0.6539589442815249,0.2434017595307918,4.412776867575303,0.01733423760684803,0.04294851244618798,True,False,True,0.01733423760684803,-24.44897499856961,-21.511568998949894,-15.06429748838054,9.003742878047351,-6.4472715105693545,-34.97055540474822,2,4.0,1.0,1.0,-1.0,25385.25,0.841642228739003,MNQ_v4
single,MNQ,2025-12-01 05:22:00+01:00,2025-12-01 09:06:00+01:00,Short,Asia,5,0,Stop Loss,-93.74,1.0,32,25250.75,25297.25,25297.25,46.5,0.18415294595210044,-1.0,57.25,63.25,1.2311827956989247,1.3602150537634408,9.015730704057205,0.035704803635762124,-0.006329897478475915,True,True,False,0.035704803635762124,-8.615301146804995,-2.485497977023021,1.7171403131629788,-12.995963355384001,-4.202638290186,32.37715797097445,2,9.0,1.0,3.0,-1.0,25318.5,-1.456989247311828,MNQ_v4
single,MNQ,2025-12-01 19:50:00+01:00,2025-12-01 20:11:00+01:00,Long,US,19,0,Stop Loss,-106.74,1.0,3,25489.5,25436.5,25436.5,53.0,0.2079287549775398,-1.0,3.5,60.5,0.0660377358490566,1.1415094339622642,10.450200317485724,0.04099805926944712,0.001942057560671252,False,False,False,-0.04099805926944712,5.234235792977415,5.358543723681619,0.22461747916884756,14.383362986205578,5.133926244512772,-9.383633658974416,0,2.0,-1.0,4.0,1.0,25378.5,-2.0943396226415096,MNQ_v4
single,MNQ,2025-12-02 01:03:00+01:00,2025-12-02 02:06:00+01:00,Short,Asia,1,1,Stop Loss,-140.22,3.0,9,25403.0,25426.0,25426.0,23.0,0.09054048734401449,-1.0,15.75,40.75,0.6847826086956522,1.7717391304347827,1.922268986425479,0.007567094384228158,0.008808436742827646,True,True,False,0.007567094384228158,-10.600053839338216,-3.9249706083394384,1.2713881383068077,-0.19103854160362133,-5.196358746646246,28.41409832819827,2,3.0,1.0,3.0,-1.0,25427.0,-1.0434782608695652,MNQ_v4
single,MNQ,2025-12-02 04:19:00+01:00,2025-12-02 04:47:00+01:00,Short,Asia,4,1,Canal Exit,-29.74,1.0,4,25375.5,25390.0,25445.75,70.25,0.2768418356288546,-0.20640569395017794,27.25,26.5,0.3879003558718861,0.37722419928825623,5.153628411455429,0.020309465474396285,0.008631503093886182,True,False,True,0.020309465474396285,-1.4626702260866296,-6.236134326506912,5.257501248555109,-6.0903064062992,-11.493635575062022,-32.98976767080456,0,4.0,1.0,6.0,-1.0,25393.5,-0.25622775800711745,MNQ_v4
single,MNQ,2025-12-02 07:49:00+01:00,2025-12-02 08:24:00+01:00,Long,Asia,7,1,Canal Exit,1.76,1.0,5,25383.75,25385.0,25334.5,49.25,0.19402176589353423,0.025380710659898477,4.0,23.5,0.08121827411167512,0.47715736040609136,2.2525415707423235,0.008873951133076569,-0.016446577959075677,False,True,True,-0.008873951133076569,9.278536867735966,4.2201247316180375,-5.577120687393077,-3.4725331852175727,9.797245419011116,40.31300421884521,2,5.0,-1.0,7.0,1.0,25351.5,-0.6548223350253807,MNQ_v4
single,MNQ,2025-12-02 08:52:00+01:00,2025-12-02 09:41:00+01:00,Short,Asia,8,1,Stop Loss,-180.72,3.0,7,25358.0,25387.75,25387.75,29.75,0.11731997791623945,-1.0,34.0,60.75,1.1428571428571428,2.042016806722689,1.867846165856463,0.007365904905183622,0.01642766429755768,True,False,True,0.007365904905183622,-19.7531894559761,-16.096029736030786,-7.946675587115612,-3.206468623037292,-8.149354148915174,34.21054627743827,3,3.0,1.0,3.0,-1.0,25426.5,-2.302521008403361,MNQ_v4
single,MNQ,2025-12-02 16:34:00+01:00,2025-12-02 16:48:00+01:00,Short,US,16,1,Stop Loss,-126.24,1.0,2,25591.5,25654.25,25654.25,62.75,0.24519860109802083,-1.0,63.5,78.5,1.0119521912350598,1.250996015936255,13.514208761087502,0.05280741168390873,0.07217082386948237,True,False,True,0.05280741168390873,-38.87309201772587,-0.36703875698561633,6.666765627195192,11.281653200312752,-7.033804384180808,2.4068943458806653,2,2.0,1.0,3.0,-1.0,25532.75,0.9362549800796812,MNQ_v4
single,MNQ,2025-12-02 22:59:00+01:00,2025-12-03 01:17:00+01:00,Long,Asia,22,1,Stop Loss,-160.96,4.0,12,25606.75,25587.0,25587.0,19.75,0.07712810098899704,-1.0,32.0,22.75,1.620253164556962,1.1518987341772151,6.182801970251603,0.02414520378514104,-0.016985706210787224,False,True,True,-0.02414520378514104,16.11602017446421,2.364467978036674,-5.927907441204095,1.4623990971689895,8.29237541924077,-4.202298357492705,2,5.0,-1.0,4.0,1.0,25628.25,1.0886075949367089,MNQ_v4
single,MNQ,2025-12-03 01:59:00+01:00,2025-12-03 03:09:00+01:00,Long,Asia,1,2,Canal Exit,52.26,1.0,10,25627.25,25653.75,25575.25,52.0,0.20290901286716287,0.5096153846153846,30.25,3.25,0.5817307692307693,0.0625,7.1647578927950235,0.027957575989601004,-0.01863108941681216,False,True,True,-0.027957575989601004,14.275208112831024,20.12072969403685,11.617908627439427,-8.326968959785559,8.502821066597424,18.219689855918034,2,3.0,-1.0,3.0,-1.0,25653.75,0.5096153846153846,MNQ_v4
single,MNQ,2025-12-03 04:33:00+01:00,2025-12-03 04:47:00+01:00,Long,Asia,4,2,Canal Exit,-31.48,2.0,2,25673.25,25665.75,25642.5,30.75,0.1197744734305162,-0.24390243902439024,4.0,8.75,0.13008130081300814,0.2845528455284553,2.46837694291753,0.009614586945234942,-0.0021044677102795423,False,True,True,-0.009614586945234942,0.2162210025016975,29.33391103042021,21.57041333133797,19.896082429266198,7.76349769908224,39.665016876356155,0,2.0,-1.0,11.0,1.0,25672.75,-0.016260162601626018,MNQ_v4
single,MNQ,2025-12-03 05:22:00+01:00,2025-12-03 06:04:00+01:00,Short,Asia,5,2,Canal Exit,-106.68,7.0,6,25665.5,25672.75,25677.25,11.75,0.045781301747482024,-0.6170212765957447,9.75,9.5,0.8297872340425532,0.8085106382978723,0.3886788926247391,0.0015144021843515188,0.007446356899177196,True,False,True,0.0015144021843515188,-0.6091639735641365,-3.8976390902745677,0.4442181622820256,13.974601354121175,-4.3418572525565935,-17.841257931771104,0,6.0,1.0,5.0,-1.0,25662.75,0.23404255319148937,MNQ_v4
single,MNQ,2025-12-03 10:02:00+01:00,2025-12-03 11:26:00+01:00,Long,UK,10,2,Canal Exit,36.3,5.0,12,25629.5,25633.5,25612.5,17.0,0.06632981525195575,0.23529411764705882,20.75,16.25,1.2205882352941178,0.9558823529411765,4.176407794628176,0.016295315143206757,-0.018470943726573836,False,True,True,-0.016295315143206757,10.53025700483704,10.433545589599797,7.564929452842782,-5.1209167742146855,2.868616136757015,29.630972336831235,3,1.0,-1.0,6.0,1.0,25623.75,-0.3382352941176471,MNQ_v4
single,MNQ,2025-12-03 11:54:00+01:00,2025-12-03 12:57:00+01:00,Short,UK,11,2,Canal Exit,-50.48,2.0,9,25618.25,25630.5,25650.25,32.0,0.12491095215325013,-0.3828125,8.25,26.25,0.2578125,0.8203125,1.5402119677019073,0.00601216698135863,0.007625284338239573,False,True,True,-0.00601216698135863,-8.470496440560964,-32.95436740642793,-28.598230709033125,-1.3757915040678956,-4.356136697394803,33.38192800270819,2,2.0,1.0,3.0,1.0,25652.0,-1.0546875,MNQ_v4
single,MNQ,2025-12-03 15:59:00+01:00,2025-12-03 17:30:00+01:00,Long,US,15,2,Canal Exit,105.76,1.0,13,25555.0,25608.25,25420.75,134.25,0.525337507337116,0.39664804469273746,59.75,74.25,0.4450651769087523,0.553072625698324,20.438631019715103,0.0799789904899828,-0.10784873904334023,False,True,True,-0.0799789904899828,81.89128043282471,2.6776408302098,-4.415029860029467,-6.92299901865704,7.092670690239267,3.281569750704196,3,7.0,-1.0,3.0,-1.0,25535.5,-0.1452513966480447,MNQ_v4
single,MNQ,2025-12-04 04:33:00+01:00,2025-12-04 04:47:00+01:00,Short,Asia,4,3,Canal Exit,11.280000000000001,3.0,2,25627.25,25625.0,25656.75,29.5,0.11511184383810202,0.07627118644067797,13.25,5.25,0.4491525423728814,0.17796610169491525,0.7817139072067221,0.003050323024150941,0.0050614610484345625,True,False,True,0.003050323024150941,-0.286313020173111,-33.44563319538292,-28.429229671980146,-15.121404060728906,-5.016403523402772,-30.745502737739262,0,2.0,1.0,6.0,-1.0,25629.0,-0.059322033898305086,MNQ_v4
single,MNQ,2025-12-04 06:39:00+01:00,2025-12-04 07:00:00+01:00,Short,Asia,6,3,Stop Loss,-182.16,9.0,3,25639.75,25649.5,25649.5,9.75,0.038026891837868934,-1.0,7.0,14.5,0.717948717948718,1.4871794871794872,1.9167124485175009,0.007475550457853531,0.005324329015987262,True,False,True,0.007475550457853531,-6.404975454162923,-3.8711955562267466,-1.8650265603319314,-1.3998075781397088,-2.0061689958948152,7.201191508889929,3,2.0,1.0,5.0,-1.0,25652.5,-1.3076923076923077,MNQ_v4
single,MNQ,2025-12-04 12:57:00+01:00,2025-12-04 13:46:00+01:00,Long,UK,12,3,Canal Exit,37.52,2.0,7,25663.5,25673.25,25626.5,37.0,0.14417363181171702,0.2635135135135135,11.25,19.25,0.30405405405405406,0.5202702702702703,1.7804656202570186,0.006937734994279886,-0.015608524075094905,True,True,False,0.006937734994279886,18.120419567010686,24.918282101903223,19.76370545657654,-5.670034704053957,5.1545766453266815,35.5142524804071,3,5.0,-1.0,1.0,-1.0,25659.25,-0.11486486486486487,MNQ_v4
single,MNQ,2025-12-04 15:10:00+01:00,2025-12-04 15:24:00+01:00,Long,UK,15,3,Canal Exit,-77.24,1.0,2,25707.75,25669.5,25618.5,89.25,0.3471715727747469,-0.42857142857142855,24.75,42.75,0.2773109243697479,0.4789915966386555,1.9804690250603016,0.007703782030945149,-0.018853933295333587,True,True,False,0.007703782030945149,20.39767512526305,20.255475858007852,12.532262245393468,-5.445381116447108,7.7232136126143835,29.670447521007628,2,2.0,-1.0,7.0,1.0,25569.75,-1.546218487394958,MNQ_v4
single,MNQ,2025-12-04 15:45:00+01:00,2025-12-04 16:13:00+01:00,Short,US,15,3,Canal Exit,6.26,1.0,4,25573.25,25569.75,25732.5,159.25,0.6227210073025524,0.02197802197802198,33.25,35.75,0.2087912087912088,0.22448979591836735,0.9222700016398448,0.0036063855850931924,0.03540679784457881,False,False,False,-0.0036063855850931924,-26.11693791288053,-19.63342142839884,-10.483309924888356,-10.040755897364468,-9.150111503510484,-36.78762808325085,2,4.0,1.0,6.0,-1.0,25556.25,0.10675039246467818,MNQ_v4
single,MNQ,2025-12-04 18:33:00+01:00,2025-12-04 21:07:00+01:00,Short,US,18,3,Canal Exit,25.76,1.0,22,25603.0,25589.75,25654.25,51.25,0.2001718548607585,0.25853658536585367,116.0,30.5,2.2634146341463413,0.5951219512195122,12.821554878792085,0.05007833019096233,0.03860586677642093,True,True,False,0.05007833019096233,-26.240529128350317,-10.84160646932049,-4.249225953135367,-10.655600700928153,-6.592380516185123,26.75453033096189,2,2.0,1.0,5.0,1.0,25579.0,0.4682926829268293,MNQ_v4
single,MNQ,2025-12-05 01:24:00+01:00,2025-12-05 02:34:00+01:00,Long,Asia,1,4,Canal Exit,228.78,3.0,10,25636.0,25674.5,25608.5,27.5,0.1072710251209237,1.4,39.5,4.5,1.4363636363636363,0.16363636363636364,3.835118388189585,0.014959893853134596,-0.009575325316298934,False,True,True,-0.014959893853134596,1.4016531145680347,16.824648917704224,11.101643060846852,23.44911349444608,5.723005856857371,30.92925040068347,0,4.0,-1.0,6.0,-1.0,25692.0,2.036363636363636,MNQ_v4
single,MNQ,2025-12-05 04:40:00+01:00,2025-12-05 10:23:00+01:00,Long,Asia,4,4,Canal Exit,645.84,9.0,49,25692.25,25728.5,25683.0,9.25,0.03600307485720402,3.918918918918919,63.25,2.5,6.837837837837838,0.2702702702702703,7.167057420250785,0.027895795114288493,-0.0027934231837361836,False,False,False,-0.027895795114288493,0.9016941198678978,1.4414478579005554,-0.38461116297835785,31.424857840625744,1.8260590208789131,-35.86322037349923,0,6.0,-1.0,10.0,-1.0,25725.5,3.5945945945945947,MNQ_v4
single,MNQ,2025-12-05 17:58:00+01:00,2025-12-05 20:32:00+01:00,Long,US,17,4,Canal Exit,5.26,1.0,22,25718.0,25721.0,25651.0,67.0,0.26051792518858385,0.04477611940298507,43.5,53.0,0.6492537313432836,0.7910447761194029,34.92019170369895,0.13578113268410819,-0.07494751343229704,False,False,False,-0.13578113268410819,11.463433037850336,5.50060881540702,-0.5129513253836966,0.7582014249501631,6.013560140790716,-28.62066587449253,0,2.0,-1.0,1.0,-1.0,25710.25,-0.11567164179104478,MNQ_v4
single,MNQ,2025-12-08 00:00:00+01:00,2025-12-08 01:24:00+01:00,Short,Asia,0,0,Canal Exit,20.52,2.0,12,25732.75,25727.25,25771.0,38.25,0.148643265877141,0.1437908496732026,32.75,38.25,0.8562091503267973,1.0,3.3217301611657604,0.012908570444922367,0.00965325716249573,True,False,True,0.012908570444922367,-7.1239206562058826,-2.2012745686934045,2.5064108605124327,-11.949895027489879,-4.707685429205837,-20.61462868125221,3,3.0,1.0,7.0,-1.0,25748.0,-0.39869281045751637,MNQ_v4
single,MNQ,2025-12-08 01:45:00+01:00,2025-12-08 02:13:00+01:00,Long,Asia,1,0,Canal Exit,33.52,2.0,4,25739.25,25748.0,25700.0,39.25,0.1524908456928621,0.2229299363057325,25.75,6.5,0.6560509554140127,0.16560509554140126,5.241858197885449,0.020365232855990168,-0.015016116115533712,False,True,True,-0.020365232855990168,3.0777596139705565,17.75660236726922,10.683625579866618,-0.4409148086160511,7.072976787402602,32.24067807654501,0,4.0,-1.0,3.0,1.0,25769.0,0.7579617834394905,MNQ_v4
single,MNQ,2025-12-08 05:22:00+01:00,2025-12-08 09:48:00+01:00,Long,Asia,5,0,Stop Loss,-161.22,3.0,38,25797.0,25770.5,25770.5,26.5,0.10272512307632671,-1.0,24.0,28.75,0.9056603773584906,1.0849056603773586,0.6476826661601081,0.0025106898715358686,0.002843554222912422,False,False,False,-0.0025106898715358686,0.642980443280976,27.62418740871428,22.623757607302935,28.0634230834447,5.000429801411347,-26.377345820733606,0,3.0,-1.0,7.0,-1.0,25781.5,-0.5849056603773585,MNQ_v4
single,MNQ,2025-12-08 12:22:00+01:00,2025-12-08 13:39:00+01:00,Short,UK,12,0,Stop Loss,-153.72,3.0,11,25774.75,25800.0,25800.0,25.25,0.09796409276520625,-1.0,10.0,29.25,0.39603960396039606,1.1584158415841583,5.446323779360682,0.021130462097054995,0.010949767113345289,True,True,False,0.021130462097054995,-3.403851818304247,-1.7392961682738195,6.367156740296618,-9.746177547612664,-8.106452908570438,37.3600642983081,0,5.0,1.0,2.0,-1.0,25803.5,-1.1386138613861385,MNQ_v4
single,MNQ,2025-12-08 19:36:00+01:00,2025-12-08 21:56:00+01:00,Short,US,19,0,Auto-Close (loss),-100.74,1.0,20,25618.75,25668.75,25696.5,77.75,0.3034886557696999,-0.6430868167202572,55.0,56.0,0.707395498392283,0.7202572347266881,17.603616695203527,0.06871380022523943,0.0356989695714713,True,True,False,0.06871380022523943,-34.62534801941729,-10.222485185870074,-0.8553049732839577,-12.366674755826494,-9.367180212586117,23.412305079507636,2,4.0,1.0,5.0,-1.0,25688.0,-0.8906752411575563,MNQ_v4
single,MNQ,2025-12-09 02:13:00+01:00,2025-12-09 02:27:00+01:00,Long,Asia,2,1,Stop Loss,-168.96,4.0,2,25723.75,25703.0,25703.0,20.75,0.08066475533310656,-1.0,5.75,34.75,0.27710843373493976,1.6746987951807228,5.922637233830756,0.023024004018973733,7.19864632228067e-05,False,False,False,-0.023024004018973733,0.408548975836311,9.337437031006699,5.979948582166967,23.072716119175805,3.3574884488397316,1.754083935544027,0,2.0,-1.0,6.0,1.0,25702.25,-1.036144578313253,MNQ_v4
single,MNQ,2025-12-09 13:25:00+01:00,2025-12-09 14:56:00+01:00,Short,UK,13,1,Canal Exit,423.8,5.0,13,25665.0,25622.25,25680.25,15.25,0.059419442820962405,2.80327868852459,58.0,7.75,3.80327868852459,0.5081967213114754,4.224338908024947,0.016459532078803612,0.010831862687443718,True,False,True,0.016459532078803612,-4.271053706052044,-10.490804870987843,-4.620790902828996,-8.626709726125872,-5.870013968158847,-30.082940038607404,1,3.0,1.0,1.0,-1.0,25606.75,3.819672131147541,MNQ_v4
single,MNQ,2025-12-09 19:50:00+01:00,2025-12-09 20:39:00+01:00,Long,US,19,1,Stop Loss,-180.48,2.0,7,25733.75,25689.0,25689.0,44.75,0.17389614805459758,-1.0,4.75,51.0,0.10614525139664804,1.1396648044692737,0.7135998829326127,0.0027730116400937004,0.003065682508537776,False,False,False,-0.0027730116400937004,0.16869907170985243,11.85581732414279,11.495746375172338,-0.5698974213054354,0.3600709489704528,-20.162045131528355,0,1.0,-1.0,1.0,1.0,25698.5,-0.7877094972067039,MNQ_v4
single,MNQ,2025-12-10 01:38:00+01:00,2025-12-10 02:20:00+01:00,Short,Asia,1,2,Canal Exit,126.78,3.0,6,25670.0,25648.5,25693.75,23.75,0.09252045188936502,0.9052631578947369,30.0,4.75,1.263157894736842,0.2,1.085292833384301,0.004227864563242311,0.0018301075406160848,True,False,True,0.004227864563242311,-0.6999372836908151,-13.024315444428241,-9.957343692285633,-7.355460363944663,-3.0669717521426083,-29.018373929248785,0,3.0,1.0,11.0,-1.0,25673.25,-0.1368421052631579,MNQ_v4
single,MNQ,2025-12-10 07:07:00+01:00,2025-12-10 07:28:00+01:00,Long,Asia,7,2,Canal Exit,5.52,2.0,3,25706.75,25708.5,25672.75,34.0,0.13226098203779163,0.051470588235294115,5.5,11.0,0.16176470588235295,0.3235294117647059,0.6784446473102435,0.0026391692738687053,-0.008216074442505168,False,True,True,-0.0026391692738687053,4.645895420879242,34.8885087772548,27.88320822794475,10.413869445486974,7.00530054931005,41.58394008689973,0,3.0,-1.0,7.0,1.0,25715.0,0.2426470588235294,MNQ_v4
single,MNQ,2025-12-10 08:17:00+01:00,2025-12-10 08:24:00+01:00,Short,Asia,8,2,Stop Loss,-206.64,36.0,1,25715.0,25717.5,25717.5,2.5,0.009721952167995334,-1.0,10.75,3.25,4.3,1.3,0.23385619198234053,0.0009094154850567394,0.007654531466169116,False,False,False,-0.0009094154850567394,-3.825108459674084,-4.0457142206718375,-8.243501832877778,13.64822116805972,4.19778761220594,10.126099151476305,3,6.0,-1.0,5.0,-1.0,25727.5,-5.0,MNQ_v4
single,MNQ,2025-12-10 14:56:00+01:00,2025-12-10 16:20:00+01:00,Short,UK,14,2,Canal Exit,69.76,1.0,12,25664.75,25629.5,25718.0,53.25,0.2074830263298883,0.6619718309859155,97.75,18.25,1.835680751173709,0.3427230046948357,16.95048364700051,0.06604577736779244,0.03209416044530976,True,False,True,0.06604577736779244,-19.273648616443097,-3.0733958893967537,4.716340010884487,3.4463881189796837,-7.78973590028124,10.758963887850198,2,5.0,1.0,7.0,1.0,25610.0,1.028169014084507,MNQ_v4
single,MNQ,2025-12-10 18:26:00+01:00,2025-12-10 18:47:00+01:00,Short,US,18,2,Stop Loss,-133.48,2.0,3,25625.5,25658.5,25658.5,33.0,0.12877797506390118,-1.0,8.5,37.5,0.25757575757575757,1.1363636363636365,8.232603915443178,0.03212660793133081,0.027933826637937087,True,False,True,0.03212660793133081,-18.289423184156476,-8.171197321014276,-3.57978968409809,-2.2594676166695216,-4.591407636916186,0.5374314330296573,2,3.0,1.0,4.0,-1.0,25635.0,-0.2878787878787879,MNQ_v4
single,MNQ,2025-12-10 20:11:00+01:00,2025-12-10 20:39:00+01:00,Long,US,20,2,Canal Exit,-33.24,1.0,4,25717.0,25700.75,25579.0,138.0,0.5366100244974142,-0.11775362318840579,62.75,107.0,0.45471014492753625,0.7753623188405797,2.9575821771359188,0.011500494525550875,-0.026865598444029526,True,True,False,0.011500494525550875,12.318185557258403,13.633363591181473,5.824495017964888,3.159920470822726,7.808868573216585,20.96820047550469,1,4.0,-1.0,2.0,1.0,25824.0,0.7753623188405797,MNQ_v4
single,MNQ,2025-12-10 22:59:00+01:00,2025-12-11 00:00:00+01:00,Long,Asia,22,2,Stop Loss,-167.22,3.0,1,25800.25,25772.75,25772.75,27.5,0.10658811445625528,-1.0,3.5,41.5,0.12727272727272726,1.509090909090909,20.415031050230027,0.07912726058945176,-0.02820809351623681,False,False,False,-0.07912726058945176,3.345563511677028,16.85096285783498,13.85058132210315,12.51581328049152,3.0003815357318295,8.25496023899223,0,1.0,-1.0,5.0,1.0,25727.5,-2.6454545454545455,MNQ_v4
single,MNQ,2025-12-11 06:04:00+01:00,2025-12-11 08:31:00+01:00,Short,Asia,6,3,Stop Loss,-151.48,2.0,21,25495.5,25533.0,25533.0,37.5,0.14708477966700007,-1.0,25.0,39.75,0.6666666666666666,1.06,18.900835567364993,0.07413400626528208,0.027103750436956106,True,True,False,0.07413400626528208,-35.36706328812943,-6.740928907603628,-1.522127010233624,-17.707906638496873,-5.218801897370004,31.011131369601266,2,5.0,1.0,3.0,-1.0,25537.0,-1.1066666666666667,MNQ_v4
single,MNQ,2025-12-11 12:43:00+01:00,2025-12-11 14:42:00+01:00,Long,UK,12,3,Canal Exit,104.52,2.0,17,25621.0,25647.5,25590.5,30.5,0.11904297256157058,0.8688524590163934,79.75,22.0,2.6147540983606556,0.7213114754098361,4.573257564610685,0.017849645074785078,-0.0011663104284852454,False,False,False,-0.017849645074785078,0.7538654433628835,14.799217473032725,12.073811276998406,26.821166608239974,2.725406196034319,-45.64428883827775,0,6.0,-1.0,6.0,-1.0,25593.0,-0.9180327868852459,MNQ_v4
single,MNQ,2025-12-11 15:17:00+01:00,2025-12-11 15:24:00+01:00,Long,UK,15,3,Stop Loss,-128.48,2.0,1,25664.0,25632.25,25632.25,31.75,0.12371415211970074,-1.0,16.75,75.5,0.5275590551181102,2.377952755905512,14.339926066655607,0.055875647080173035,-0.02115429269096616,False,False,False,-0.055875647080173035,20.908923437047633,1.748074625007852,-3.9154025778947688,6.1432168832816805,5.663477202902621,-2.6740120415898954,2,1.0,-1.0,6.0,1.0,25560.75,-3.251968503937008,MNQ_v4
single,MNQ,2025-12-12 04:05:00+01:00,2025-12-12 06:53:00+01:00,Short,Asia,4,4,Canal Exit,-58.96,4.0,24,25684.0,25691.0,25703.75,19.75,0.07689612209936146,-0.35443037974683544,30.5,15.25,1.5443037974683544,0.7721518987341772,0.39784720555326203,0.0015490079643095392,0.01258675922408077,True,True,False,0.0015490079643095392,-20.62685124993368,-5.265520547147984,0.2860404459498582,-1.003112401701421,-5.5515609930978425,41.957068719141056,3,4.0,1.0,4.0,1.0,25700.0,-0.810126582278481,MNQ_v4
single,MNQ,2025-12-12 08:59:00+01:00,2025-12-12 09:41:00+01:00,Long,UK,8,4,Stop Loss,-176.96,4.0,6,25674.25,25652.5,25652.5,21.75,0.08471523024041598,-1.0,8.5,23.5,0.39080459770114945,1.0804597701149425,3.4856948546221247,0.013576618030213638,-0.01380958195619912,False,True,True,-0.013576618030213638,5.439537365506112,13.704993346904862,5.238300160776212,-6.4121945406944265,8.466693186128651,16.298016840451606,1,3.0,-1.0,8.0,1.0,25576.5,-4.494252873563219,MNQ_v4
single,MNQ,2025-12-12 10:02:00+01:00,2025-12-12 10:37:00+01:00,Short,UK,10,4,Canal Exit,102.76,1.0,5,25628.25,25576.5,25682.75,54.5,0.21265595582999228,0.9495412844036697,65.0,39.25,1.1926605504587156,0.7201834862385321,1.801064585626591,0.007027653412256362,0.00609671685327101,False,False,False,-0.007027653412256362,-3.676623714785819,-17.162195153934714,-9.754674530774018,-9.45262049634106,-7.407520623160696,-44.47080282545533,0,5.0,1.0,7.0,-1.0,25578.5,0.9128440366972477,MNQ_v4
single,MNQ,2025-12-12 12:43:00+01:00,2025-12-12 13:04:00+01:00,Short,UK,12,4,Canal Exit,-56.74,1.0,3,25537.0,25565.0,25621.75,84.75,0.3318714022790461,-0.3303834808259587,4.75,30.25,0.05604719764011799,0.35693215339233036,1.3325909503837465,0.005218275249182545,-0.0006221869929299395,True,False,True,0.005218275249182545,-1.47853230588953,-23.373541457211818,-19.46157524694226,-16.774918284457204,-3.911966210269558,-22.160829376313693,0,3.0,1.0,5.0,-1.0,25563.0,-0.30678466076696165,MNQ_v4
single,MNQ,2025-12-12 13:25:00+01:00,2025-12-12 15:24:00+01:00,Long,UK,13,4,Stop Loss,-147.48,2.0,17,25568.75,25532.25,25532.25,36.5,0.14275238328037154,-1.0,63.75,42.5,1.7465753424657535,1.1643835616438356,1.9750619072365225,0.007724514914638074,-0.01674293948123045,True,True,False,0.007724514914638074,1.1219688776764087,23.23313562677436,16.505977402582676,-10.539169720836695,6.727158224191683,-6.496642590065274,1,2.0,-1.0,4.0,1.0,25559.0,-0.2671232876712329,MNQ_v4
single,MNQ,2025-12-15 00:49:00+01:00,2025-12-15 01:17:00+01:00,Long,Asia,0,0,Canal Exit,3.26,1.0,4,25196.0,25198.0,25131.25,64.75,0.2569852357517066,0.03088803088803089,18.5,22.0,0.2857142857142857,0.33976833976833976,5.24246876584948,0.020806750142282428,-0.029370076429739815,False,True,True,-0.020806750142282428,0.5856636852295196,2.093603394655194,-4.650523946479172,-10.159655863830844,6.744127341134366,33.58786901886924,0,4.0,-1.0,1.0,1.0,25218.0,0.33976833976833976,MNQ_v4
single,MNQ,2025-12-15 05:01:00+01:00,2025-12-15 05:08:00+01:00,Long,Asia,5,0,Stop Loss,-176.68,7.0,1,25257.5,25245.25,25245.25,12.25,0.04850044541225378,-1.0,3.25,19.25,0.2653061224489796,1.5714285714285714,6.651770996933919,0.026335824990335224,-0.012601131680925541,False,False,False,-0.026335824990335224,4.8893585307996545,2.030863002102832,-5.124744998922336,0.9356218527293928,7.155608001025168,0.20573436962177327,0,1.0,-1.0,3.0,1.0,25249.75,-0.6326530612244898,MNQ_v4
single,MNQ,2025-12-15 12:50:00+01:00,2025-12-15 13:11:00+01:00,Long,UK,12,0,Stop Loss,-155.22,3.0,3,25353.0,25327.5,25327.5,25.5,0.10057981303987693,-1.0,7.0,30.0,0.27450980392156865,1.1764705882352942,1.1017320682367426,0.004345568840913275,0.002516700579586083,True,True,False,0.004345568840913275,0.41278532759679365,34.18857039156609,33.87479083466964,34.02785724084928,0.3137795568964492,-2.956106940757012,0,1.0,-1.0,4.0,1.0,25354.25,0.049019607843137254,MNQ_v4
single,MNQ,2025-12-15 15:38:00+01:00,2025-12-15 16:20:00+01:00,Short,US,15,0,Canal Exit,426.76,1.0,6,25287.75,25074.0,25410.0,122.25,0.4834356556039979,1.7484662576687116,237.0,78.25,1.9386503067484662,0.6400817995910021,0.6733750092244009,0.002662850626190155,0.03004840575689164,True,False,True,0.002662850626190155,-12.021249210069072,-8.436422743609189,0.9761578841626006,9.80528956503291,-9.412580627771788,-44.569776018170984,0,6.0,1.0,10.0,-1.0,25153.25,1.100204498977505,MNQ_v4
single,MNQ,2025-12-16 00:28:00+01:00,2025-12-16 00:56:00+01:00,Short,Asia,0,1,Stop Loss,-177.74,1.0,4,25069.0,25157.5,25157.5,88.5,0.3530256492081854,-1.0,32.25,248.0,0.3644067796610169,2.8022598870056497,8.974151884016464,0.035797805592630204,0.011032366722702445,True,False,True,0.035797805592630204,-12.083846859510231,-5.933262118721251,4.1167126967958545,-25.404295406595896,-10.049974815517105,-27.36798357409369,1,4.0,1.0,5.0,-1.0,25267.25,-2.2401129943502824,MNQ_v4
single,MNQ,2025-12-16 03:30:00+01:00,2025-12-16 04:33:00+01:00,Long,Asia,3,1,Stop Loss,-167.48,2.0,9,25154.0,25112.5,25112.5,41.5,0.1649837004055021,-1.0,26.0,50.75,0.6265060240963856,1.2228915662650603,23.07953273782914,0.09175293288474652,-0.06898939984403991,False,True,True,-0.09175293288474652,34.00918258596721,4.04910281160174,0.007653129689211724,-12.801557793315482,4.041449681912528,-31.324877002819584,1,3.0,-1.0,1.0,1.0,25136.25,-0.42771084337349397,MNQ_v4
single,MNQ,2025-12-16 06:18:00+01:00,2025-12-16 07:35:00+01:00,Short,Asia,6,1,Canal Exit,225.78,3.0,11,25148.75,25110.75,25175.5,26.75,0.10636711566181221,1.4205607476635513,45.25,7.5,1.691588785046729,0.2803738317757009,4.4519957839511335,0.01770265235429647,0.015134753696269926,True,False,True,0.01770265235429647,-1.914086746990506,-14.143445279970605,-7.275902350993255,-6.288586166801512,-6.8675429289773495,-9.559328478580118,0,6.0,1.0,2.0,1.0,25129.0,0.7383177570093458,MNQ_v4
single,MNQ,2025-12-16 07:56:00+01:00,2025-12-16 08:24:00+01:00,Long,Asia,7,1,Canal Exit,-21.48,2.0,4,25139.5,25134.5,25103.5,36.0,0.14320093876170967,-0.1388888888888889,7.0,16.0,0.19444444444444445,0.4444444444444444,1.4685468534153188,0.005841591334017458,-0.013279412470158217,True,True,False,0.005841591334017458,8.319638201643102,5.271692677404655,-1.0424427577250164,-2.290679934950218,6.314135435129671,24.32712035329484,2,4.0,-1.0,4.0,1.0,25129.5,-0.2777777777777778,MNQ_v4
single,MNQ,2025-12-16 08:45:00+01:00,2025-12-16 08:59:00+01:00,Short,Asia,8,1,Stop Loss,-133.48,2.0,2,25113.0,25146.0,25146.0,33.0,0.1314060446780552,-1.0,35.0,46.0,1.0606060606060606,1.393939393939394,0.2720503547316184,0.001083304880864964,0.009722573071933305,False,False,False,-0.001083304880864964,-12.751768666403223,-20.61482382351134,-16.61807589110793,-3.903338213332907,-3.9967479324034088,-4.80509830315564,2,1.0,1.0,5.0,-1.0,25175.5,-1.893939393939394,MNQ_v4
single,MNQ,2025-12-16 12:50:00+01:00,2025-12-16 13:18:00+01:00,Long,UK,12,1,Canal Exit,46.76,1.0,4,25282.25,25306.0,25165.75,116.5,0.4607975951507481,0.20386266094420602,38.5,23.75,0.33047210300429186,0.20386266094420602,3.4834993607291835,0.01377843886809593,0.0032084864203004715,False,True,True,-0.01377843886809593,0.5677732032490894,26.064589993395057,18.196495631410755,9.596052327445014,7.868094361984301,46.59942329348962,0,4.0,-1.0,9.0,1.0,25299.25,0.1459227467811159,MNQ_v4
single,MNQ,2025-12-16 16:27:00+01:00,2025-12-16 16:48:00+01:00,Short,US,16,1,Canal Exit,-96.74,1.0,3,25262.25,25310.25,25408.5,146.25,0.5789270551910459,-0.3282051282051282,86.25,60.25,0.5897435897435898,0.41196581196581195,4.713045652133587,0.0186564761734746,0.059015943383802554,True,False,True,0.0186564761734746,-9.880648538364767,-13.065200141205707,-4.909376060126005,11.732518323016494,-8.155824081079704,-21.19612214467991,1,3.0,1.0,4.0,-1.0,25243.25,0.12991452991452992,MNQ_v4
single,MNQ,2025-12-16 17:09:00+01:00,2025-12-16 18:19:00+01:00,Long,US,17,1,Canal Exit,55.76,1.0,10,25251.0,25279.25,25194.0,57.0,0.2257336343115124,0.4956140350877193,104.5,38.25,1.8333333333333333,0.6710526315789473,14.019038291298784,0.055518744965739115,-0.043757193820880225,False,True,True,-0.055518744965739115,26.458663111774513,14.134572549328931,12.504786793576397,6.965700046774568,1.6297857557525344,32.0342345620157,3,1.0,-1.0,7.0,1.0,25226.25,-0.4342105263157895,MNQ_v4
single,MNQ,2025-12-16 18:40:00+01:00,2025-12-16 19:08:00+01:00,Short,US,18,1,Canal Exit,41.26,1.0,4,25247.25,25226.25,25355.5,108.25,0.4287595678737289,0.19399538106235567,77.25,22.5,0.7136258660508084,0.20785219399538107,9.550876636334579,0.03782937403612108,0.04305576321407045,True,False,True,0.03782937403612108,-10.728904094565223,-20.502262282320572,-11.648964385068297,3.651428625904946,-8.853297897252276,-39.26818254104968,0,4.0,1.0,7.0,-1.0,25262.0,-0.13625866050808313,MNQ_v4
single,MNQ,2025-12-16 19:36:00+01:00,2025-12-16 20:32:00+01:00,Long,US,19,1,Canal Exit,-3.24,1.0,8,25299.75,25298.5,25170.0,129.75,0.5128509174991848,-0.009633911368015413,50.5,75.0,0.3892100192678227,0.5780346820809249,19.457953675475437,0.0769096677851577,-0.06497085805794224,False,True,True,-0.0769096677851577,35.95664003966522,10.46225853830008,0.9439848143568028,-1.344372080406148,9.518273723943278,-14.768175185490858,1,3.0,-1.0,6.0,-1.0,25354.75,0.4238921001926782,MNQ_v4
single,MNQ,2025-12-17 10:02:00+01:00,2025-12-17 11:26:00+01:00,Long,UK,10,2,Canal Exit,607.04,4.0,12,25411.0,25487.25,25392.75,18.25,0.07181929085828971,4.178082191780822,80.25,8.75,4.397260273972603,0.4794520547945205,1.487653849479102,0.005854369562311999,-0.0006375222560532324,False,True,True,-0.005854369562311999,1.2130613933077257,7.131280753020383,8.959111914917784,6.125617049995519,-1.827831161897401,31.117312089336238,0,1.0,1.0,1.0,-1.0,25473.25,3.410958904109589,MNQ_v4
single,MNQ,2025-12-17 12:50:00+01:00,2025-12-17 14:14:00+01:00,Long,UK,12,2,Stop Loss,-173.7,5.0,12,25484.0,25467.0,25467.0,17.0,0.06670852299482029,-1.0,24.0,87.75,1.411764705882353,5.161764705882353,6.805747735052137,0.026705963487098326,0.00043689876400554315,False,False,False,-0.026705963487098326,1.698052716881648,5.554949079818216,3.5727917603669477,17.119528195420397,1.982157319451268,-9.146233816503585,0,1.0,-1.0,3.0,1.0,25428.5,-3.264705882352941,MNQ_v4
single,MNQ,2025-12-17 19:08:00+01:00,2025-12-17 21:56:00+01:00,Short,US,19,2,Auto-Close (profit),236.76,1.0,24,25010.75,24892.0,25085.0,74.25,0.29687234489169656,1.5993265993265993,123.0,51.25,1.6565656565656566,0.6902356902356902,29.780081129894825,0.11906912479591705,0.01717380801291305,True,True,False,0.11906912479591705,-16.56151545798639,-4.105629692039752,-2.5666728499393208,-15.87636144701649,-1.5389568421004314,-13.292570617920708,0,8.0,1.0,1.0,1.0,24976.5,0.4612794612794613,MNQ_v4
single,MNQ,2025-12-18 05:01:00+01:00,2025-12-18 05:57:00+01:00,Long,Asia,5,3,Canal Exit,45.76,1.0,8,24957.5,24980.75,24902.5,55.0,0.22037463688270056,0.42272727272727273,33.25,17.75,0.6045454545454545,0.32272727272727275,5.604950978966372,0.02245798248609184,-0.034435312643145616,False,True,True,-0.02245798248609184,28.534741296010907,16.026995967119124,8.384684248310675,-5.348755993304184,7.642311718808449,36.32828195180814,3,8.0,-1.0,8.0,1.0,24985.5,0.509090909090909,MNQ_v4
single,MNQ,2025-12-18 08:10:00+01:00,2025-12-18 08:38:00+01:00,Long,Asia,8,3,Canal Exit,20.26,1.0,4,25024.0,25034.5,24953.75,70.25,0.28073049872122763,0.1494661921708185,16.5,30.25,0.23487544483985764,0.4306049822064057,1.0217609344108496,0.004083123938662283,-0.010082974120371005,False,True,True,-0.004083123938662283,4.8784914567368105,7.156301304085704,-1.6666106208375475,5.179493632710862,8.822911924923252,43.008553868792596,0,4.0,-1.0,8.0,1.0,25039.0,0.21352313167259787,MNQ_v4
single,MNQ,2025-12-18 10:44:00+01:00,2025-12-18 11:05:00+01:00,Long,UK,10,3,Canal Exit,-11.74,1.0,3,25087.75,25082.25,25008.25,79.5,0.31688772408844956,-0.06918238993710692,10.75,21.0,0.13522012578616352,0.2641509433962264,0.8236279446646222,0.0032829884890618814,0.004438826537745552,False,True,True,-0.0032829884890618814,0.6010855614695174,20.166260310942974,14.844400364600931,16.67251991865344,5.321859946342043,38.52853818073799,0,3.0,-1.0,7.0,1.0,25087.25,-0.006289308176100629,MNQ_v4
single,MNQ,2025-12-18 12:01:00+01:00,2025-12-18 15:03:00+01:00,Long,UK,12,3,Canal Exit,679.52,2.0,26,25085.75,25256.0,25042.5,43.25,0.17240863837038956,3.9364161849710984,178.5,21.0,4.127167630057803,0.48554913294797686,5.244054819690064,0.020904516786183644,0.007034141094515697,False,True,True,-0.020904516786183644,0.2920467749754607,7.1818788536487395,5.691862033077703,12.895587610243064,1.4900168205710367,44.690424683673506,0,9.0,-1.0,8.0,1.0,25268.5,4.22543352601156,MNQ_v4
single,MNQ,2025-12-18 16:34:00+01:00,2025-12-18 17:02:00+01:00,Long,US,16,3,Canal Exit,10.26,1.0,4,25382.25,25387.75,25160.75,221.5,0.8726570733485014,0.024830699774266364,25.25,43.25,0.11399548532731377,0.19525959367945825,10.778945599209692,0.04246647006947647,-0.020444256515794613,False,True,True,-0.04246647006947647,7.02308848523171,22.94442533860356,17.49434871857444,-3.396357145949247,5.450076620029119,36.67736464357252,0,4.0,-1.0,5.0,1.0,25396.0,0.062076749435665914,MNQ_v4
single,MNQ,2025-12-18 18:54:00+01:00,2025-12-18 21:56:00+01:00,Long,US,18,3,Auto-Close (loss),-192.74,1.0,26,25348.0,25252.0,25187.75,160.25,0.6321997790752723,-0.5990639625585024,54.5,155.25,0.34009360374414976,0.968798751950078,28.291510450093483,0.11161239723091954,-0.1040481445707335,False,True,True,-0.11161239723091954,93.61877551682483,22.49075419879657,12.940778076261141,-3.1405643950095588,9.549976122535428,9.724464762220938,3,4.0,-1.0,5.0,1.0,25211.75,-0.8502340093603744,MNQ_v4
single,MNQ,2025-12-19 00:00:00+01:00,2025-12-19 01:10:00+01:00,Long,Asia,0,4,Canal Exit,30.52,2.0,10,25225.75,25233.75,25193.5,32.25,0.12784555464158648,0.24806201550387597,40.75,16.75,1.2635658914728682,0.5193798449612403,10.407589101640042,0.04125779848622951,-0.04355569628015342,False,True,True,-0.04125779848622951,27.611490064409736,6.851917417757946,1.0877207298172356,-6.488748490646242,5.764196687940711,23.73288873405439,3,3.0,-1.0,6.0,1.0,25248.75,0.7131782945736435,MNQ_v4
single,MNQ,2025-12-19 01:31:00+01:00,2025-12-19 02:55:00+01:00,Short,Asia,1,4,Stop Loss,-139.48,2.0,12,25232.0,25266.5,25266.5,34.5,0.13673113506658213,-1.0,20.25,45.75,0.5869565217391305,1.326086956521739,7.022935737964872,0.027833448549321783,0.020887201086601706,True,True,False,0.027833448549321783,-25.673259966984915,-13.114780005720357,-6.672386258070913,-9.71653942826411,-6.442393747649445,14.64255783523861,3,3.0,1.0,5.0,-1.0,25265.5,-0.9710144927536232,MNQ_v4
single,MNQ,2025-12-19 06:39:00+01:00,2025-12-19 07:21:00+01:00,Long,Asia,6,4,Stop Loss,-164.96,4.0,6,25302.0,25281.75,25281.75,20.25,0.08003319895660423,-1.0,11.5,20.75,0.5679012345679012,1.0246913580246915,6.043382324445702,0.023884998515712994,-0.008873483765656252,False,False,False,-0.023884998515712994,6.559054771798401,3.3510216445175973,-3.4575584431978053,10.483670098577523,6.808580087715402,-25.574055308866008,1,2.0,-1.0,4.0,1.0,25291.25,-0.5308641975308642,MNQ_v4
single,MNQ,2025-12-19 08:52:00+01:00,2025-12-19 08:59:00+01:00,Short,Asia,8,4,Stop Loss,-144.48,2.0,1,25337.75,25373.5,25373.5,35.75,0.1410938224585845,-1.0,6.25,39.5,0.17482517482517482,1.1048951048951048,15.543464039721584,0.06134508407305931,0.0419375376118691,True,True,False,0.06134508407305931,-3.7896129223299795,-1.9742154174712379,4.8668556821726545,1.4764977138818978,-6.841071099643893,-4.339442567847719,0,2.0,1.0,1.0,1.0,25362.75,-0.6993006993006993,MNQ_v4
single,MNQ,2025-12-19 18:12:00+01:00,2025-12-19 21:56:00+01:00,Long,US,18,4,Auto-Close (profit),19.26,1.0,32,25571.25,25581.25,25459.75,111.5,0.43603656450114875,0.08968609865470852,26.25,33.75,0.23542600896860988,0.30269058295964124,4.51374140529515,0.017651625967816005,0.005743001782477017,False,False,False,-0.017651625967816005,3.487482108288532,2.9039000449918024,-0.7228273041956266,3.808532416353824,3.626727349187429,2.2572370816183507,0,5.0,-1.0,6.0,-1.0,25587.75,0.14798206278026907,MNQ_v4
single,MNQ,2025-12-22 02:20:00+01:00,2025-12-22 02:41:00+01:00,Long,Asia,2,0,Canal Exit,19.52,2.0,3,25686.75,25692.0,25650.0,36.75,0.14306987065315777,0.14285714285714285,10.25,8.0,0.2789115646258503,0.21768707482993196,1.2089957659482025,0.0047066902817530535,-0.002453207143339609,False,True,True,-0.0047066902817530535,1.5458245132977027,38.345740194585744,34.04396396157112,12.300834374255231,4.301776233014621,39.5434997830659,0,3.0,-1.0,6.0,1.0,25691.5,0.1292517006802721,MNQ_v4
single,MNQ,2025-12-22 08:45:00+01:00,2025-12-22 08:59:00+01:00,Short,Asia,8,0,Stop Loss,-156.2,5.0,2,25696.25,25711.5,25711.5,15.25,0.05934718100890207,-1.0,2.5,18.25,0.16393442622950818,1.1967213114754098,2.2160747196539887,0.008624117214200472,0.010178390162708901,True,True,False,0.008624117214200472,-8.121681376334891,-1.6459068528164094,4.265310804091382,10.03853232933897,-5.911217656907792,4.686875898995338,3,2.0,1.0,4.0,-1.0,25704.5,-0.5409836065573771,MNQ_v4
single,MNQ,2025-12-22 10:23:00+01:00,2025-12-22 10:44:00+01:00,Long,UK,10,0,Canal Exit,2.2800000000000002,3.0,3,25711.25,25712.0,25681.25,30.0,0.11668044144100345,0.025,14.5,3.5,0.48333333333333334,0.11666666666666667,3.1648282234891667,0.012309118473388756,-0.008295862903740769,False,True,True,-0.012309118473388756,2.4814461710193427,21.009135456679697,12.99478132239028,14.11669535195381,8.014354134289418,37.97177071486737,0,3.0,-1.0,11.0,1.0,25710.75,-0.016666666666666666,MNQ_v4
single,MNQ,2025-12-22 12:22:00+01:00,2025-12-22 12:50:00+01:00,Long,UK,12,0,Stop Loss,-175.44,6.0,4,25718.25,25704.0,25704.0,14.25,0.05540812458079379,-1.0,1.25,18.25,0.08771929824561403,1.280701754385965,2.954733819766261,0.011488860322013595,-0.003921020444809387,False,False,False,-0.011488860322013595,4.5020739460560435,13.482536027135959,5.091400699383033,4.27811729341762,8.391135327752925,-5.767578952618897,2,3.0,-1.0,2.0,1.0,25720.25,0.14035087719298245,MNQ_v4
single,MNQ,2025-12-22 18:33:00+01:00,2025-12-22 18:47:00+01:00,Short,US,18,0,Stop Loss,-170.96,4.0,2,25698.0,25719.0,25719.0,21.0,0.0817184216670558,-1.0,13.25,21.5,0.6309523809523809,1.0238095238095237,1.0887591345162946,0.004236746573726728,0.008951439496889011,True,False,True,0.004236746573726728,-3.3430406165716704,-9.564655941101979,-6.491200813475106,-6.373287234154895,-3.0734551276268727,-9.09841119064421,0,2.0,1.0,3.0,-1.0,25691.0,0.3333333333333333,MNQ_v4
single,MNQ,2025-12-22 20:32:00+01:00,2025-12-22 20:53:00+01:00,Long,US,20,0,Canal Exit,-76.48,2.0,3,25709.5,25690.75,25676.25,33.25,0.12932962523580777,-0.5639097744360902,2.75,20.0,0.08270676691729323,0.6015037593984962,1.7388258348801173,0.006763359205274771,-0.00856262845763822,True,True,False,0.006763359205274771,2.0922950537278666,19.491970469216277,12.645890191364492,-5.461896150525071,6.846080277851785,21.98353716308219,0,3.0,-1.0,5.0,1.0,25695.75,-0.41353383458646614,MNQ_v4
single,MNQ,2025-12-22 21:14:00+01:00,2025-12-22 21:56:00+01:00,Short,US,21,0,Auto-Close (profit),38.8,5.0,6,25692.5,25688.25,25710.0,17.5,0.06811326262527975,0.24285714285714285,12.75,13.0,0.7285714285714285,0.7428571428571429,2.5414126468022005,0.009891651831476892,0.007800638250547785,True,False,True,0.009891651831476892,-7.37738698099929,-19.016646150619657,-14.346360860366234,-4.911355408921036,-4.670285290253423,15.524428395088206,3,2.0,1.0,3.0,-1.0,25697.75,-0.3,MNQ_v4
single,MNQ,2025-12-23 03:02:00+01:00,2025-12-23 04:19:00+01:00,Long,Asia,3,1,Canal Exit,-32.22,3.0,11,25724.5,25719.5,25695.5,29.0,0.11273299772590333,-0.1724137931034483,14.0,12.5,0.4827586206896552,0.43103448275862066,3.4633444823339232,0.013463213987964483,-0.005588669770996268,False,False,False,-0.013463213987964483,3.5387202987112687,11.031681509990905,2.944391716310628,-0.393279161789561,8.087289793680277,-12.046779217734239,1,4.0,-1.0,2.0,-1.0,25718.25,-0.21551724137931033,MNQ_v4
single,MNQ,2025-12-23 19:36:00+01:00,2025-12-23 21:56:00+01:00,Long,US,19,1,Auto-Close (profit),216.78,3.0,20,25774.75,25811.25,25750.75,24.0,0.09311438520257229,1.5208333333333333,47.25,5.75,1.96875,0.23958333333333334,3.0961780094803544,0.0120124463262703,-0.0026234698805581327,False,True,True,-0.0120124463262703,2.0917920826723275,34.920877970056296,32.976426631462374,19.321901908626995,1.9444513385939217,26.104928000176535,0,1.0,-1.0,2.0,-1.0,25809.5,1.4479166666666667,MNQ_v4
single,MNQ,2025-12-24 06:39:00+01:00,2025-12-24 07:00:00+01:00,Long,Asia,6,2,Canal Exit,-6.96,4.0,3,25795.75,25795.25,25777.5,18.25,0.07074808834788676,-0.0273972602739726,3.25,5.5,0.1780821917808219,0.3013698630136986,0.07827728029951686,0.0003034502982061652,-0.00769615909925996,True,True,False,0.0003034502982061652,4.11530129059247,21.761786099440425,14.648728983079742,-11.45632929039306,7.113057116360682,29.76948122485173,2,3.0,-1.0,12.0,1.0,25789.0,-0.3698630136986301,MNQ_v4
single,MNQ,2025-12-24 12:08:00+01:00,2025-12-24 12:15:00+01:00,Long,UK,12,2,Stop Loss,-173.16,9.0,1,25799.25,25790.0,25790.0,9.25,0.035853755438627094,-1.0,2.5,11.0,0.2702702702702703,1.1891891891891893,0.3371994020053535,0.0013070124209244589,-0.0021991613328011727,False,True,True,-0.0013070124209244589,1.2522462240922323,9.913654475792589,7.014046443385691,2.5376405542803724,2.8996080324068974,4.167439646152917,0,1.0,-1.0,6.0,1.0,25795.0,-0.4594594594594595,MNQ_v4
single,MNQ,2025-12-24 16:13:00+01:00,2025-12-24 17:44:00+01:00,Long,US,16,2,Canal Exit,94.76,1.0,13,25831.75,25879.5,25784.0,47.75,0.18485003919595072,1.0,54.75,27.75,1.1465968586387434,0.581151832460733,1.8514209221975761,0.00716722994840681,-0.013691584990771465,False,True,True,-0.00716722994840681,10.752434373538563,25.16218816720705,18.0094631948143,-3.920523092068412,7.15272497239275,47.60339825074019,2,2.0,-1.0,9.0,1.0,25878.75,0.9842931937172775,MNQ_v4
single,MNQ,2025-12-26 00:14:00+01:00,2025-12-26 08:17:00+01:00,Long,Asia,0,4,Stop Loss,-158.22,3.0,69,25878.25,25852.25,25852.25,26.0,0.10047047230782606,-1.0,38.25,30.0,1.4711538461538463,1.1538461538461537,3.9982318810361903,0.015450163287842843,-0.0034611171864303743,False,False,False,-0.015450163287842843,0.2007859333898523,4.34734998438063,0.9497133335930252,18.555461038018844,3.3976366507876046,-31.20831457851571,0,4.0,-1.0,2.0,1.0,25866.75,-0.4423076923076923,MNQ_v4
single,MNQ,2025-12-26 13:25:00+01:00,2025-12-26 14:14:00+01:00,Long,UK,13,4,Canal Exit,125.04,4.0,7,25883.75,25899.75,25865.25,18.5,0.07147341478727001,0.8648648648648649,16.0,2.75,0.8648648648648649,0.14864864864864866,2.963401513174176,0.011448887866611971,-0.007649561042240682,False,True,True,-0.011448887866611971,1.0052072833095735,22.23262514627052,15.809391738943145,-1.7444743546427748,6.423233407327377,28.45751513769559,0,4.0,-1.0,1.0,-1.0,25897.5,0.7432432432432432,MNQ_v4
single,MNQ,2025-12-26 20:32:00+01:00,2025-12-26 21:56:00+01:00,Short,US,20,4,Auto-Close (profit),138.8,5.0,12,25881.0,25866.75,25898.5,17.5,0.06761717089756965,0.8142857142857143,24.0,15.0,1.3714285714285714,0.8571428571428571,4.710182030168653,0.01819938190243288,0.013328799655033426,True,False,True,0.01819938190243288,-10.960508713564195,-3.0450817340329777,5.995226245344834,-5.602197301430856,-9.040307979377811,-14.149074861145214,3,3.0,1.0,1.0,-1.0,25863.25,1.0142857142857142,MNQ_v4
single,MNQ,2025-12-29 01:17:00+01:00,2025-12-29 01:31:00+01:00,Short,Asia,1,0,Stop Loss,-152.96,4.0,2,25860.25,25879.0,25879.0,18.75,0.07250509952533328,-1.0,7.25,20.25,0.38666666666666666,1.08,3.1102680023468565,0.012027215523232979,0.008504672805946429,True,False,True,0.012027215523232979,-3.5411340521022794,-0.5416305765520398,6.55741149740787,-14.877604265210627,-7.099042073959909,-9.013751415575975,1,2.0,1.0,5.0,-1.0,25873.5,-0.7066666666666667,MNQ_v4
single,MNQ,2025-12-29 17:02:00+01:00,2025-12-29 17:30:00+01:00,Short,US,17,0,Canal Exit,-14.24,1.0,4,25690.25,25697.0,25814.0,123.75,0.48170025593367133,-0.05454545454545454,9.75,28.25,0.07878787878787878,0.22828282828282828,0.423870474776777,0.0016499274034965678,0.012297607554208554,False,False,False,-0.0016499274034965678,-16.19292646120448,-7.364582495188375,-1.4108582370827345,-6.5843960946777385,-5.953724258105641,-21.254641865951207,2,4.0,1.0,5.0,-1.0,25680.0,0.08282828282828283,MNQ_v4
single,MNQ,2025-12-29 17:58:00+01:00,2025-12-29 18:05:00+01:00,Long,US,17,0,Stop Loss,-163.7,5.0,1,25696.0,25680.0,25680.0,16.0,0.062266500622665005,-1.0,14.75,22.5,0.921875,1.40625,2.789376718523272,0.010855295448798537,-0.01525065136936482,False,False,False,-0.010855295448798537,0.4648441472018021,2.8491097837699435,0.1514072668341513,-3.1379144665038545,2.6977025169357924,-1.9473492467964981,0,1.0,-1.0,5.0,1.0,25684.5,-0.71875,MNQ_v4
single,MNQ,2025-12-29 19:57:00+01:00,2025-12-29 20:32:00+01:00,Short,US,19,0,Stop Loss,-168.48,2.0,5,25687.5,25729.25,25729.25,41.75,0.16253041362530413,-1.0,4.0,43.25,0.09580838323353294,1.035928143712575,9.927660220157122,0.038647825674577606,0.016257225425090806,True,False,True,0.038647825674577606,-12.546013511309866,-3.1355899922121457,4.814927026055074,-1.901435845076853,-7.950517018267219,7.6189500647923785,2,3.0,1.0,4.0,-1.0,25750.5,-1.5089820359281436,MNQ_v4
single,MNQ,2025-12-29 22:59:00+01:00,2025-12-30 00:07:00+01:00,Long,Asia,22,0,Stop Loss,-173.7,5.0,2,25744.5,25727.5,25727.5,17.0,0.06603352172308649,-1.0,3.25,19.25,0.19117647058823528,1.1323529411764706,1.8858676100207958,0.007325322340774907,-0.005153701380170167,False,False,False,-0.007325322340774907,0.34291959317124565,19.588695797230596,19.920201049430368,2.4942741066093013,-0.3315052521997721,-7.598322707512945,0,7.0,1.0,5.0,1.0,25711.75,-1.9264705882352942,MNQ_v4
single,MNQ,2025-12-30 03:30:00+01:00,2025-12-30 04:26:00+01:00,Short,Asia,3,1,Stop Loss,-152.96,4.0,8,25710.25,25729.0,25729.0,18.75,0.07292811232874048,-1.0,9.25,21.75,0.49333333333333335,1.16,3.548495040566195,0.013801869062207464,0.005715244823981682,True,True,False,0.013801869062207464,-0.773777273199812,-7.596037019757112,-1.8799069217645705,-0.17670317449637216,-5.716130097992542,31.608017467580282,0,4.0,1.0,3.0,-1.0,25735.75,-1.36,MNQ_v4
single,MNQ,2025-12-30 15:24:00+01:00,2025-12-30 15:31:00+01:00,Long,US,15,1,Stop Loss,-177.72,3.0,1,25717.5,25688.25,25688.25,29.25,0.1137357830271216,-1.0,15.5,32.0,0.5299145299145299,1.0940170940170941,5.412542386300629,0.021046145178577346,-0.01844869715675877,False,False,False,-0.021046145178577346,8.581906709488976,2.9530386526792602,-2.6513793799294585,-5.405438543531939,5.604418032608718,7.718776320913407,2,2.0,-1.0,1.0,-1.0,25690.25,-0.9316239316239316,MNQ_v4
single,MNQ,2025-12-30 16:20:00+01:00,2025-12-30 16:48:00+01:00,Short,US,16,1,Canal Exit,-62.74,1.0,4,25699.25,25730.25,25774.75,75.5,0.2937828924968628,-0.4105960264900662,21.0,39.5,0.2781456953642384,0.5231788079470199,6.967041394134867,0.02710990162800419,0.013702305097119255,True,False,True,0.02710990162800419,-3.269202301366022,-6.290306887650193,-1.2958748226585204,-10.534772749949152,-4.994432064991672,-17.31282036098544,0,4.0,1.0,6.0,-1.0,25755.5,-0.7450331125827815,MNQ_v4
single,MNQ,2025-12-30 17:09:00+01:00,2025-12-30 17:30:00+01:00,Long,US,17,1,Canal Exit,-8.24,1.0,3,25759.25,25755.5,25678.25,81.0,0.3144501489756107,-0.046296296296296294,34.75,8.75,0.42901234567901236,0.10802469135802469,8.169865801290143,0.03171624096699299,-0.013781249507662567,True,True,False,0.03171624096699299,15.253561396013538,37.290208027027475,29.60272239866693,-6.753245684777038,7.687485628360545,37.69297276897745,2,3.0,-1.0,6.0,1.0,25714.0,-0.558641975308642,MNQ_v4
single,MNQ,2025-12-30 17:51:00+01:00,2025-12-30 19:36:00+01:00,Short,US,17,1,Canal Exit,-2.74,1.0,15,25720.5,25721.5,25794.0,73.5,0.2857642736338718,-0.013605442176870748,21.0,23.5,0.2857142857142857,0.3197278911564626,9.620376541388396,0.03740353625080537,0.041858359250961825,True,True,False,0.03740353625080537,-28.4767009621537,-24.045772953569145,-13.836884835233914,-2.1640827703287293,-10.208888118335231,19.735277902912102,2,3.0,1.0,6.0,1.0,25739.75,-0.2619047619047619,MNQ_v4
single,MNQ,2025-12-31 02:34:00+01:00,2025-12-31 03:02:00+01:00,Long,Asia,2,2,Canal Exit,23.04,4.0,4,25610.25,25613.5,25588.0,22.25,0.08687927685204166,0.14606741573033707,18.5,2.0,0.8314606741573034,0.0898876404494382,3.22995853334578,0.012611975804007301,-0.019244881527120016,False,True,True,-0.012611975804007301,3.97626666803626,3.6242370071109153,0.780117286980196,-23.03324662963874,2.8441197201307196,8.80777726972067,2,4.0,-1.0,2.0,1.0,25626.5,0.7303370786516854,MNQ_v4
single,MNQ,2025-12-31 09:13:00+01:00,2025-12-31 10:37:00+01:00,Short,UK,9,2,Canal Exit,121.04,4.0,12,25587.25,25571.75,25608.5,21.25,0.08304917488202132,0.7294117647058823,35.0,5.25,1.6470588235294117,0.24705882352941178,3.60181098326575,0.014076584952528115,0.008052138179774933,True,True,False,0.014076584952528115,-2.052472737923381,-16.460010214973305,-8.418414670368264,-5.830086259466043,-8.041595544605041,18.017301278060838,0,4.0,1.0,5.0,1.0,25575.25,0.5647058823529412,MNQ_v4
single,MNQ,2025-12-31 19:01:00+01:00,2025-12-31 19:29:00+01:00,Short,US,19,2,Stop Loss,-149.22,3.0,4,25583.0,25607.5,25607.5,24.5,0.09576672008755814,-1.0,10.5,25.25,0.42857142857142855,1.030612244897959,0.9903275501710596,0.003871037603764451,0.006341062339538836,True,True,False,0.003871037603764451,-3.179299978633935,-5.767747046240239,-3.3465734774981244,-5.786446847013803,-2.4211735687421148,22.469794152422086,0,1.0,1.0,5.0,-1.0,25623.25,-1.6428571428571428,MNQ_v4
single,MNQ,2026-01-02 11:54:00+01:00,2026-01-02 12:57:00+01:00,Long,UK,11,4,Stop Loss,-150.72,3.0,9,25732.5,25707.75,25707.75,24.75,0.09618187117458467,-1.0,11.5,32.25,0.46464646464646464,1.303030303030303,10.304150225303601,0.04004333129429166,-0.007802270450786279,False,False,False,-0.04004333129429166,1.2915879294014303,4.739926973366537,-3.4228444255488806,21.503849967423605,8.162771398915417,-22.40592824987907,0,3.0,-1.0,4.0,1.0,25702.0,-1.2323232323232323,MNQ_v4
single,MNQ,2026-01-02 16:13:00+01:00,2026-01-02 16:41:00+01:00,Short,US,16,4,Canal Exit,-15.74,1.0,4,25577.0,25584.5,25803.5,226.5,0.8855612464323416,-0.033112582781456956,119.75,59.75,0.5286975717439294,0.26379690949227375,8.327517493969935,0.032558617093364876,0.03212684305363096,True,False,True,0.032558617093364876,-25.057927160702093,-8.952025905101973,-1.4831420744839008,-9.901464451136784,-7.468883830618072,-32.29258345366384,1,4.0,1.0,2.0,-1.0,25349.75,1.0033112582781456,MNQ_v4
single,MNQ,2026-01-05 02:34:00+01:00,2026-01-05 07:21:00+01:00,Long,Asia,2,0,Canal Exit,26.52,2.0,41,25480.5,25487.5,25448.5,32.0,0.12558623260925023,0.21875,24.0,28.75,0.75,0.8984375,6.658731231531419,0.026132655291424497,-0.005644543139239093,False,True,True,-0.026132655291424497,1.6500350841852196,4.418156225009618,1.1060078057483849,5.507813255520497,3.312148419261233,33.265585297257815,0,6.0,-1.0,4.0,1.0,25499.5,0.59375,MNQ_v4
single,MNQ,2026-01-05 09:06:00+01:00,2026-01-05 09:34:00+01:00,Long,UK,9,0,Canal Exit,24.76,1.0,4,25511.0,25523.75,25455.25,55.75,0.21853318176472894,0.22869955156950672,45.0,31.75,0.8071748878923767,0.5695067264573991,7.026122581970412,0.02754154122523779,-0.02020423258697372,False,True,True,-0.02754154122523779,13.284434665107256,9.24591199422939,-1.3776893533887575,1.3836571879999593,10.623601347618148,43.256932275023246,1,4.0,-1.0,6.0,1.0,25526.25,0.273542600896861,MNQ_v4
single,MNQ,2026-01-05 15:52:00+01:00,2026-01-05 16:27:00+01:00,Short,US,15,0,Stop Loss,-159.24,1.0,5,25594.0,25673.25,25673.25,79.25,0.30964288505118387,-1.0,28.5,97.25,0.35962145110410093,1.227129337539432,12.831827866051754,0.05013607824510336,0.04052474185133935,True,True,False,0.05013607824510336,-7.768481914339645,-4.74250261883888,0.6472011679828422,-0.03370504411300838,-5.3897037868217215,35.022510098656475,1,2.0,1.0,2.0,-1.0,25656.5,-0.7886435331230284,MNQ_v4
single,MNQ,2026-01-06 02:06:00+01:00,2026-01-06 08:38:00+01:00,Long,Asia,2,1,Canal Exit,435.78,3.0,56,25575.0,25648.0,25552.25,22.75,0.08895405669599218,3.208791208791209,99.5,11.0,4.373626373626373,0.4835164835164835,1.0327510419519967,0.004038127241259029,-0.008232189537949915,True,False,True,0.004038127241259029,0.5234388795870473,9.680059115826106,1.6096934800601792,-4.943260784024272,8.070365635765928,-39.94091442976358,0,5.0,-1.0,4.0,-1.0,25608.25,1.4615384615384615,MNQ_v4
single,MNQ,2026-01-06 15:24:00+01:00,2026-01-06 16:06:00+01:00,Long,US,15,1,Canal Exit,140.76,1.0,6,25670.0,25740.75,25590.5,79.5,0.30970003895597975,0.889937106918239,103.0,61.25,1.2955974842767295,0.7704402515723271,10.779459050369042,0.04199243884054944,-0.01920482669657554,False,True,True,-0.04199243884054944,1.7637200312165078,1.6609125213765772,-7.030232601192311,14.24268527169275,8.691145122568887,45.06666815353006,0,6.0,-1.0,10.0,1.0,25691.25,0.2672955974842767,MNQ_v4
single,MNQ,2026-01-06 17:51:00+01:00,2026-01-06 19:36:00+01:00,Long,US,17,1,Canal Exit,343.52,2.0,15,25683.75,25770.0,25639.0,44.75,0.17423468146201393,1.9273743016759777,102.0,16.0,2.2793296089385473,0.3575418994413408,21.474473477901483,0.08361112951925433,-0.040486719089590076,False,False,False,-0.08361112951925433,17.64221814759003,3.698167564956843,1.0058261981197063,8.07425069176988,2.6923413668371365,6.814460054551318,1,8.0,-1.0,7.0,-1.0,25812.25,2.8715083798882683,MNQ_v4
single,MNQ,2026-01-06 19:57:00+01:00,2026-01-06 20:25:00+01:00,Long,US,19,1,Canal Exit,25.26,1.0,4,25799.25,25812.25,25750.0,49.25,0.19089702220025775,0.2639593908629442,15.25,5.25,0.3096446700507614,0.1065989847715736,2.357574074259901,0.009138149652644556,0.010321898335469242,False,True,True,-0.009138149652644556,0.6185671050916426,28.492209498972123,25.632404673537273,11.616900845486127,2.85980482543485,34.497065433598095,0,4.0,-1.0,9.0,1.0,25814.0,0.29949238578680204,MNQ_v4
single,MNQ,2026-01-06 21:35:00+01:00,2026-01-06 21:56:00+01:00,Long,US,21,1,Auto-Close (loss),-35.24,1.0,3,25830.5,25813.25,25750.0,80.5,0.3116470838737152,-0.21428571428571427,7.25,20.75,0.09006211180124224,0.2577639751552795,7.591179792027106,0.029388435345917056,0.0004924071455131645,False,False,False,-0.029388435345917056,2.829069337945839,5.90926993062571,-1.4164400463487503,17.22905569796382,7.32570997697446,25.216126748910245,0,3.0,-1.0,6.0,1.0,25826.5,-0.049689440993788817,MNQ_v4
single,MNQ,2026-01-07 05:01:00+01:00,2026-01-07 05:29:00+01:00,Short,Asia,5,2,Canal Exit,63.78,3.0,4,25796.0,25785.0,25821.25,25.25,0.09788339277407351,0.43564356435643564,15.25,4.0,0.6039603960396039,0.15841584158415842,1.6743449246932869,0.006490715322892258,0.006230588971115469,True,False,True,0.006490715322892258,-0.007342171444179257,-17.291197594485674,-9.19744846092949,-12.919903071630628,-8.093749133556184,-46.609485454604844,0,4.0,1.0,11.0,-1.0,25781.5,0.5742574257425742,MNQ_v4
single,MNQ,2026-01-07 07:42:00+01:00,2026-01-07 10:23:00+01:00,Short,Asia,7,2,Canal Exit,174.78,3.0,23,25773.75,25744.25,25799.75,26.0,0.10087783112663078,1.1346153846153846,46.75,14.5,1.7980769230769231,0.5576923076923077,1.9202134058359661,0.00745026783388512,0.006508696579720903,True,False,True,0.00745026783388512,-8.37509814718942,-14.830967175163929,-5.708249485109121,-16.7603274017532,-9.122717690054808,-36.46041564972419,2,3.0,1.0,7.0,-1.0,25748.5,0.9711538461538461,MNQ_v4
single,MNQ,2026-01-07 15:38:00+01:00,2026-01-07 16:13:00+01:00,Long,US,15,2,Canal Exit,-36.74,1.0,5,25854.75,25836.75,25755.25,99.5,0.3848422436882971,-0.18090452261306533,25.25,49.5,0.2537688442211055,0.49748743718592964,1.263115789020958,0.004885430294320996,-0.006262887140943191,True,True,False,0.004885430294320996,5.733066770091682,0.1122316376300631,-7.337937426035549,19.306551260686806,7.450169063665612,29.778695847495797,0,5.0,-1.0,4.0,1.0,25884.75,0.3015075376884422,MNQ_v4
single,MNQ,2026-01-07 19:50:00+01:00,2026-01-07 20:04:00+01:00,Long,US,19,2,Stop Loss,-161.22,3.0,2,25952.0,25925.5,25925.5,26.5,0.10211159062885326,-1.0,26.75,40.5,1.009433962264151,1.528301886792453,17.856013050986803,0.06880399603493681,-0.020621685738552525,False,False,False,-0.06880399603493681,26.838931579168275,9.09573764641769,3.102319422470301,10.919019130336252,5.99341822394739,5.498649239293176,2,2.0,-1.0,4.0,1.0,25913.0,-1.471698113207547,MNQ_v4
single,MNQ,2026-01-08 00:42:00+01:00,2026-01-08 04:33:00+01:00,Short,Asia,0,3,Canal Exit,415.04,4.0,33,25829.5,25777.25,25850.25,20.75,0.08033450124857237,2.5180722891566263,55.75,14.75,2.6867469879518073,0.7108433734939759,5.171217823510233,0.02002058817828542,0.00448379732654971,True,False,True,0.02002058817828542,-0.8504606822971255,-25.80594087987064,-25.763379337660503,-23.701004593784276,-0.042561542210137304,-18.617533578405247,0,1.0,1.0,3.0,1.0,25779.5,2.4096385542168677,MNQ_v4
single,MNQ,2026-01-08 06:11:00+01:00,2026-01-08 07:21:00+01:00,Short,Asia,6,3,Canal Exit,494.28,3.0,10,25763.5,25680.75,25793.5,30.0,0.11644380615987734,2.7583333333333333,91.75,13.75,3.058333333333333,0.4583333333333333,2.387500829529017,0.009266989460007442,0.002317761320152787,True,False,True,0.009266989460007442,-1.7254127657906793,-34.8116987969547,-32.70841264398531,-23.65044066875517,-2.103286152969389,-46.86953598938048,0,1.0,1.0,9.0,-1.0,25745.5,0.6,MNQ_v4
single,MNQ,2026-01-08 07:56:00+01:00,2026-01-08 09:13:00+01:00,Long,Asia,7,3,Canal Exit,713.04,4.0,11,25689.5,25779.0,25671.0,18.5,0.07201385780182565,4.837837837837838,115.0,9.25,6.216216216216216,0.5,4.986051910884271,0.019408909908267078,-0.04022701058664721,False,True,True,-0.019408909908267078,21.547706347675557,5.984717689017925,0.4973610135291291,-22.94042033687023,5.487356675488796,9.443127108871021,3,4.0,-1.0,5.0,-1.0,25787.0,5.27027027027027,MNQ_v4
single,MNQ,2026-01-08 15:17:00+01:00,2026-01-08 15:59:00+01:00,Short,UK,15,3,Canal Exit,596.52,2.0,6,25787.25,25637.75,25818.75,31.5,0.12215338975656573,4.746031746031746,217.75,15.5,6.912698412698413,0.49206349206349204,0.3450624565448379,0.0013381126585612576,0.01445024207535806,True,False,True,0.0013381126585612576,-11.074463893644861,-7.500299477970113,-3.6203356717566795,-2.5775460986398038,-3.879963806213434,-41.80498014566805,3,6.0,1.0,7.0,-1.0,25616.25,5.428571428571429,MNQ_v4
single,MNQ,2026-01-09 01:24:00+01:00,2026-01-09 01:52:00+01:00,Long,Asia,1,4,Stop Loss,-181.2,5.0,4,25689.5,25671.75,25671.75,17.75,0.06909437708013001,-1.0,6.0,24.75,0.3380281690140845,1.3943661971830985,10.437711330909224,0.040630262678951416,-0.021327341244940068,False,True,True,-0.040630262678951416,9.64173825949183,3.5298121824515936,-4.45530857744171,21.915808686916776,7.985120759893304,15.368762773917657,1,3.0,-1.0,6.0,1.0,25634.75,-3.084507042253521,MNQ_v4
single,MNQ,2026-01-09 04:26:00+01:00,2026-01-09 06:53:00+01:00,Short,Asia,4,4,Stop Loss,-171.2,5.0,21,25677.25,25694.0,25694.0,16.75,0.0652328423020378,-1.0,19.5,18.25,1.164179104477612,1.0895522388059702,3.245314519670501,0.012638871061622646,0.01689226215005217,True,True,False,0.012638871061622646,-10.146586567952909,-2.922822413655783,0.6305478872020525,-2.415669156312385,-3.5533703008578357,-15.524430026072025,1,2.0,1.0,4.0,-1.0,25678.25,-0.05970149253731343,MNQ_v4
single,MNQ,2026-01-09 08:10:00+01:00,2026-01-09 08:38:00+01:00,Short,Asia,8,4,Canal Exit,108.8,5.0,4,25681.5,25670.25,25699.5,18.0,0.07008936393902226,0.625,29.5,6.75,1.6388888888888888,0.375,1.930216815424501,0.00751598160319491,0.009315252497320167,True,False,True,0.00751598160319491,-7.548397142705653,-1.8696021181771296,6.177776336163312,1.4890956391942336,-8.047378454340441,-37.21178932170819,3,4.0,1.0,7.0,-1.0,25674.5,0.3888888888888889,MNQ_v4
single,MNQ,2026-01-09 08:59:00+01:00,2026-01-09 10:09:00+01:00,Long,UK,8,4,Canal Exit,-26.22,3.0,10,25680.0,25676.0,25652.0,28.0,0.10903426791277258,-0.14285714285714285,21.5,17.75,0.7678571428571429,0.6339285714285714,8.876201152648719,0.03456464623305576,-0.016615118081997966,False,False,False,-0.03456464623305576,3.1522747869457817,1.8423182835844543,-5.800537585710674,0.5052212133939401,7.642855869295128,-29.010398546709627,0,4.0,-1.0,7.0,-1.0,25717.75,1.3482142857142858,MNQ_v4
single,MNQ,2026-01-09 10:30:00+01:00,2026-01-09 10:58:00+01:00,Long,UK,10,4,Canal Exit,1.76,1.0,4,25716.5,25717.75,25662.25,54.25,0.21095405673400347,0.02304147465437788,13.25,20.25,0.24423963133640553,0.37327188940092165,1.807398781144002,0.0070281678344409305,-0.009103770734950936,False,True,True,-0.0070281678344409305,8.658853974233352,14.124028756343254,3.4890303799622355,5.395691096695597,10.634998376381018,40.581835662597605,1,4.0,-1.0,3.0,1.0,25736.0,0.35944700460829493,MNQ_v4
single,MNQ,2026-01-09 15:24:00+01:00,2026-01-09 15:38:00+01:00,Short,US,15,4,Canal Exit,-138.74,1.0,2,25682.75,25751.75,25824.75,142.0,0.5529002929982186,-0.4859154929577465,34.5,108.25,0.24295774647887325,0.7623239436619719,0.5468361773600918,0.00212919635693254,0.04400027443553341,True,False,True,0.00212919635693254,-26.44901405415294,-12.82903726240779,-2.837368075378242,12.914224887170674,-9.991669187029547,-20.426942025197043,1,2.0,1.0,10.0,-1.0,25775.75,-0.6549295774647887,MNQ_v4
single,MNQ,2026-01-09 16:13:00+01:00,2026-01-09 16:48:00+01:00,Long,US,16,4,Canal Exit,11.76,1.0,5,25769.5,25775.75,25615.75,153.75,0.596635557538951,0.04065040650406504,109.5,47.5,0.7121951219512195,0.3089430894308943,19.84898908407922,0.07702512304887259,-0.03393671312976115,False,True,True,-0.07702512304887259,20.10489850524027,5.475904950206578,2.5683090539160576,5.48080925795031,2.9075958962905206,29.88410852414238,1,5.0,-1.0,3.0,1.0,25884.5,0.7479674796747967,MNQ_v4
single,MNQ,2026-01-09 19:36:00+01:00,2026-01-09 21:56:00+01:00,Long,US,19,4,Auto-Close (loss),-48.74,1.0,20,25957.0,25933.0,25845.0,112.0,0.4314828369996533,-0.21428571428571427,29.0,30.75,0.25892857142857145,0.27455357142857145,13.424374097266991,0.051717741253869826,-0.009463464387274167,False,False,False,-0.051717741253869826,6.0810045834150515,0.7852703037235745,-8.019421427234603,15.470405633980752,8.804691730958178,-25.664639047250052,0,4.0,-1.0,3.0,1.0,25935.25,-0.19419642857142858,MNQ_v4
single,MNQ,2026-01-12 04:19:00+01:00,2026-01-12 09:48:00+01:00,Short,Asia,4,0,Canal Exit,320.52,2.0,47,25744.0,25663.5,25784.0,40.0,0.15537600994406464,2.0125,111.25,8.75,2.78125,0.21875,8.973946883175813,0.03485840150394583,0.0033651559785345697,True,False,True,0.03485840150394583,-13.09475839307197,-7.883645049841135,-3.873361366340646,-28.374014658615902,-4.010283683500489,-40.44714641531737,2,2.0,1.0,6.0,-1.0,25671.25,1.81875,MNQ_v4
single,MNQ,2026-01-12 10:09:00+01:00,2026-01-12 11:47:00+01:00,Long,UK,10,0,Canal Exit,49.26,1.0,14,25688.0,25713.0,25632.75,55.25,0.21508097165991902,0.45248868778280543,35.25,23.0,0.6380090497737556,0.416289592760181,18.21301672943082,0.07090087484206953,-0.049287759060851866,False,True,True,-0.07090087484206953,10.514825655234745,8.973575545791705,-0.4141020593971714,-6.441159364894005,9.387677605188877,34.46776054444001,0,3.0,-1.0,10.0,1.0,25726.75,0.7013574660633484,MNQ_v4
single,MNQ,2026-01-12 15:31:00+01:00,2026-01-12 16:06:00+01:00,Long,US,15,0,Canal Exit,86.26,1.0,5,25860.75,25904.25,25719.75,141.0,0.5452278066181375,0.30851063829787234,64.0,77.5,0.45390070921985815,0.549645390070922,0.6276185876340605,0.002426915644882923,-0.015467189797498226,True,True,False,0.002426915644882923,22.52675827873827,5.664572762572173,-0.2523638127416121,2.8800952104222497,5.916936575313786,39.04711017407551,1,5.0,-1.0,7.0,1.0,25914.25,0.37943262411347517,MNQ_v4
single,MNQ,2026-01-12 18:54:00+01:00,2026-01-12 21:56:00+01:00,Long,US,18,0,Auto-Close (loss),-29.74,1.0,26,25966.5,25952.0,25920.75,45.75,0.1761885506325458,-0.31693989071038253,54.0,18.5,1.180327868852459,0.40437158469945356,11.79634771811834,0.04542910179700129,0.002052393123878147,False,False,False,-0.04542910179700129,15.501206427674333,3.6484126176695257,-0.8419364781486691,9.486729660466047,4.490349095818194,-37.02517589598343,2,5.0,-1.0,7.0,-1.0,25941.25,-0.5519125683060109,MNQ_v4
single,MNQ,2026-01-13 09:20:00+01:00,2026-01-13 09:34:00+01:00,Long,UK,9,1,Stop Loss,-164.96,4.0,2,25921.25,25901.0,25901.0,20.25,0.07812123257944736,-1.0,5.25,26.0,0.25925925925925924,1.2839506172839505,3.537078835586726,0.013645479425516619,-0.00185599532178055,False,False,False,-0.013645479425516619,0.4577292892863625,1.0279006221910836,-0.3287796175467286,17.425202910524423,1.3566802397378122,-12.716169896310914,0,1.0,-1.0,2.0,1.0,25909.75,-0.5679012345679012,MNQ_v4
single,MNQ,2026-01-13 18:26:00+01:00,2026-01-13 19:08:00+01:00,Short,US,18,1,Canal Exit,124.26,1.0,6,25966.25,25903.75,26026.0,59.75,0.23010638809993741,1.0460251046025104,115.25,12.5,1.9288702928870294,0.20920502092050208,22.227427824684128,0.08560122399146634,0.07341551611851672,True,False,True,0.08560122399146634,-24.78675632195882,-1.5319743998318591,5.651051863492784,-1.7307731974389473,-7.183026263324643,-36.93697792600754,1,6.0,1.0,5.0,-1.0,25864.25,1.707112970711297,MNQ_v4
single,MNQ,2026-01-14 05:08:00+01:00,2026-01-14 05:43:00+01:00,Short,Asia,5,2,Canal Exit,62.28,3.0,5,25897.5,25886.75,25926.0,28.5,0.11004923255140459,0.37719298245614036,12.5,12.0,0.43859649122807015,0.42105263157894735,4.013475584528351,0.015497540629513855,0.017988950905350704,True,False,True,0.015497540629513855,-5.4117405029064685,-15.76330746822692,-5.4573312370783285,-6.021589727825745,-10.305976231148591,-42.33002118450757,0,5.0,1.0,6.0,-1.0,25864.5,1.1578947368421053,MNQ_v4
single,MNQ,2026-01-15 00:49:00+01:00,2026-01-15 02:27:00+01:00,Long,Asia,0,3,Stop Loss,-181.48,2.0,14,25607.75,25562.75,25562.75,45.0,0.17572805107828685,-1.0,35.75,45.25,0.7944444444444444,1.0055555555555555,13.478441368766653,0.05263422740680713,-0.025983454580651273,False,True,True,-0.05263422740680713,6.943964891706855,12.554837065964563,6.873078603151352,10.309454226196397,5.68175846281321,1.9496118783573764,0,3.0,-1.0,3.0,1.0,25618.0,0.22777777777777777,MNQ_v4
single,MNQ,2026-01-15 09:34:00+01:00,2026-01-15 10:37:00+01:00,Long,UK,9,3,Canal Exit,196.26,1.0,9,25724.5,25823.0,25673.5,51.0,0.1982545822076231,1.9313725490196079,108.75,10.5,2.1323529411764706,0.20588235294117646,2.628982094094681,0.01021975973913849,0.00019384571265296789,True,True,False,0.01021975973913849,3.5010327345626138,13.44181775282702,13.982992932144908,15.744291204666263,-0.5411751793178876,49.667927090854576,0,2.0,1.0,9.0,1.0,25820.25,1.8774509803921569,MNQ_v4
single,MNQ,2026-01-15 12:08:00+01:00,2026-01-15 16:06:00+01:00,Long,UK,12,3,Canal Exit,116.52,2.0,34,25846.0,25875.5,25804.25,41.75,0.1615336996053548,0.7065868263473054,108.25,35.0,2.592814371257485,0.8383233532934131,11.894034828299482,0.04601886105509356,-0.0018709393294842403,False,False,False,-0.04601886105509356,1.4071098614549555,32.90865398809705,28.310700282245417,21.307222345251958,4.5979537058516335,-21.768380783534184,0,2.0,-1.0,6.0,-1.0,25830.0,-0.38323353293413176,MNQ_v4
single,MNQ,2026-01-15 18:26:00+01:00,2026-01-15 18:54:00+01:00,Short,US,18,3,Canal Exit,16.26,1.0,4,25867.5,25859.0,25939.75,72.25,0.27930801198415,0.11764705882352941,19.0,35.0,0.2629757785467128,0.4844290657439446,0.03745917061314685,0.0001448117159104933,0.02375941995916761,False,False,False,-0.0001448117159104933,-6.6403007049630105,-12.097531688866402,-1.972483191011631,0.9515834921800419,-10.12504849785477,-34.30095850715406,0,4.0,1.0,7.0,-1.0,25889.5,-0.3044982698961938,MNQ_v4
single,MNQ,2026-01-15 19:15:00+01:00,2026-01-15 19:57:00+01:00,Long,US,19,3,Stop Loss,-93.74,1.0,6,25895.0,25848.5,25848.5,46.5,0.17957134581965628,-1.0,16.0,56.5,0.34408602150537637,1.2150537634408602,15.108316654041118,0.05834453235775678,-0.025079642628328618,False,True,True,-0.05834453235775678,16.179461753341457,5.997424389512287,-1.828221614194129,1.1891407396843938,7.8256460037064155,4.507318846117088,2,4.0,-1.0,6.0,1.0,25790.25,-2.252688172043011,MNQ_v4
single,MNQ,2026-01-16 05:15:00+01:00,2026-01-16 09:48:00+01:00,Long,Asia,5,4,Canal Exit,215.04,4.0,39,25804.75,25832.0,25784.0,20.75,0.08041155213671902,1.3132530120481927,40.75,14.5,1.963855421686747,0.6987951807228916,3.3308894231158774,0.01290804763896522,-0.002566247579362538,False,False,False,-0.01290804763896522,4.494420858864032,4.743872754393132,-0.812226755544327,7.2756520143137005,5.556099509937459,-19.120115248176514,1,5.0,-1.0,6.0,-1.0,25833.0,1.3614457831325302,MNQ_v4
single,MNQ,2026-01-16 10:09:00+01:00,2026-01-16 11:54:00+01:00,Long,UK,10,4,Canal Exit,100.52,2.0,15,25830.0,25855.5,25795.25,34.75,0.1345334881920248,0.7338129496402878,34.5,20.0,0.9928057553956835,0.5755395683453237,3.1603337218548404,0.012235128617324198,-0.008621565262565458,False,True,True,-0.012235128617324198,8.646507290904992,22.111537030365437,15.567710878103377,7.163595199304719,6.54382615226206,41.04162177103042,3,3.0,-1.0,3.0,1.0,25870.0,1.1510791366906474,MNQ_v4
single,MNQ,2026-01-16 15:45:00+01:00,2026-01-16 16:20:00+01:00,Short,US,15,4,Canal Exit,247.26,1.0,5,25811.75,25687.75,25891.25,79.5,0.3079992639011303,1.559748427672956,144.5,41.25,1.8176100628930818,0.5188679245283019,13.10958742062212,0.05078922359244189,0.020468663503209587,True,False,True,0.05078922359244189,-0.0466629850998288,-0.37332149654460606,9.958802848803524,7.973730125273113,-10.332124345348129,-45.323598344719876,0,5.0,1.0,2.0,-1.0,25617.25,2.4465408805031448,MNQ_v4
single,MNQ,2026-01-16 18:19:00+01:00,2026-01-16 21:56:00+01:00,Short,US,18,4,Auto-Close (profit),31.26,1.0,31,25700.75,25684.75,25753.25,52.5,0.20427419433285018,0.3047619047619048,46.75,47.5,0.8904761904761904,0.9047619047619048,19.19209396750375,0.07467522919566064,0.04318665709676853,True,False,True,0.07467522919566064,-12.202750825144904,-15.619037329423065,-9.64153743225684,-7.505192132094398,-5.977499897166226,-25.057682432016556,0,5.0,1.0,4.0,1.0,25682.75,0.34285714285714286,MNQ_v4
single,MNQ,2026-01-19 02:41:00+01:00,2026-01-19 08:52:00+01:00,Short,Asia,2,0,Canal Exit,106.76,1.0,53,25402.75,25349.0,25451.25,48.5,0.19092421096141166,1.1082474226804124,77.5,22.25,1.597938144329897,0.4587628865979381,15.47095918955165,0.060902694352192775,0.011742717351849539,True,False,True,0.060902694352192775,-9.432546638283384,-28.22813046269664,-22.958538694052102,-18.53237418431722,-5.269591768644538,-36.66361082430544,0,3.0,1.0,7.0,-1.0,25382.25,0.422680412371134,MNQ_v4
single,MNQ,2026-01-19 10:09:00+01:00,2026-01-19 10:44:00+01:00,Short,UK,10,0,Canal Exit,91.76,1.0,5,25346.25,25300.0,25410.5,64.25,0.2534891749272575,0.7198443579766537,74.5,20.0,1.1595330739299612,0.311284046692607,13.676343468228879,0.053958054813745146,0.03129366397771007,True,False,True,0.053958054813745146,-7.700744560777821,-10.573810142742753,-2.352841665519243,-6.903696882498314,-8.22096847722351,-40.471540158635804,0,5.0,1.0,8.0,-1.0,25275.5,1.1011673151750974,MNQ_v4
single,MNQ,2026-01-19 12:57:00+01:00,2026-01-19 13:32:00+01:00,Short,UK,12,0,Stop Loss,-148.48,2.0,5,25281.75,25318.5,25318.5,36.75,0.14536177282031504,-1.0,10.75,41.25,0.2925170068027211,1.1224489795918366,13.216883713183051,0.05227835776076834,0.016871951818382587,True,True,False,0.05227835776076834,-4.797047589348949,-2.8180872806855843,6.552646289195319,-18.734548827909922,-9.370733569880905,19.45295894706388,0,3.0,1.0,3.0,-1.0,25328.75,-1.2789115646258504,MNQ_v4
single,MNQ,2026-01-19 15:59:00+01:00,2026-01-19 16:27:00+01:00,Long,US,15,0,Canal Exit,-17.74,1.0,4,25335.75,25327.25,25236.25,99.5,0.39272569393051326,-0.08542713567839195,8.0,48.0,0.08040201005025126,0.4824120603015075,15.81891362350143,0.062437123919763304,-0.03421513228635722,False,True,True,-0.062437123919763304,4.448928258672822,1.7954847659409165,-10.66785953945718,-7.2734123944146605,12.463344305398095,32.1645141101186,0,4.0,-1.0,4.0,1.0,25331.25,-0.04522613065326633,MNQ_v4
single,MNQ,2026-01-20 03:16:00+01:00,2026-01-20 03:44:00+01:00,Short,Asia,3,1,Stop Loss,-151.48,2.0,4,25397.5,25435.0,25435.0,37.5,0.14765232798503788,-1.0,6.0,41.25,0.16,1.1,2.8511863639359945,0.011226248110782535,0.02743023810181333,True,False,True,0.011226248110782535,-7.719805131899193,-8.30822589764406,1.494954239341677,2.138457653861856,-9.803180136985738,9.865192738244524,1,2.0,1.0,3.0,-1.0,25429.0,-0.84,MNQ_v4
single,MNQ,2026-01-20 15:31:00+01:00,2026-01-20 15:59:00+01:00,Long,US,15,1,Canal Exit,53.26,1.0,4,25284.0,25311.0,25181.5,102.5,0.4053947160259453,0.2634146341463415,85.0,51.5,0.8292682926829268,0.5024390243902439,2.2764548948325682,0.00900353937206363,-0.016488914355517213,True,True,False,0.00900353937206363,9.25675720932486,17.055701799377044,15.529951377790544,6.162232253279764,1.5257504215864994,34.37545773283851,0,4.0,-1.0,4.0,1.0,25372.5,0.8634146341463415,MNQ_v4
single,MNQ,2026-01-21 04:12:00+01:00,2026-01-21 04:40:00+01:00,Long,Asia,4,2,Canal Exit,-32.74,1.0,4,25223.75,25207.75,25168.0,55.75,0.2210218544030923,-0.28699551569506726,3.75,38.0,0.06726457399103139,0.6816143497757847,5.7304832392401295,0.022718601473770274,-0.018042146645910178,False,True,True,-0.022718601473770274,2.0144455521840428,27.74608277023656,20.213814358464823,17.96573579064778,7.532268411771735,37.17870460070246,0,4.0,-1.0,6.0,1.0,25205.75,-0.32286995515695066,MNQ_v4
single,MNQ,2026-01-21 05:08:00+01:00,2026-01-21 07:07:00+01:00,Short,Asia,5,2,Stop Loss,-179.22,3.0,17,25196.75,25226.25,25226.25,29.5,0.11707859148501294,-1.0,14.25,33.5,0.4830508474576271,1.1355932203389831,0.6335300946884672,0.002514332581338733,0.01524976510027543,False,True,True,-0.002514332581338733,-0.5455610830831574,-19.72625290151957,-14.694552138999232,6.110400674856308,-5.031700762520337,25.037430541819713,0,2.0,1.0,8.0,1.0,25215.25,-0.6271186440677966,MNQ_v4
single,MNQ,2026-01-21 07:42:00+01:00,2026-01-21 08:03:00+01:00,Short,Asia,7,2,Canal Exit,-64.48,2.0,3,25199.5,25215.25,25234.5,35.0,0.1388916446754896,-0.45,7.75,24.5,0.22142857142857142,0.7,0.7411213289087755,0.0029410160078921226,0.009226914980567668,False,False,False,-0.0029410160078921226,-1.8688291910984844,-4.06854472179417,3.167503766527063,-4.1460206171513265,-7.2360484883212335,-25.142788535971782,0,3.0,1.0,6.0,-1.0,25222.0,-0.6428571428571429,MNQ_v4
single,MNQ,2026-01-21 08:24:00+01:00,2026-01-21 08:45:00+01:00,Long,Asia,8,2,Canal Exit,-35.74,1.0,3,25239.5,25222.0,25191.75,47.75,0.18918758295528834,-0.36649214659685864,6.5,22.75,0.13612565445026178,0.47643979057591623,0.5892842439716333,0.0023347698804319947,-0.012138721083296307,False,True,True,-0.0023347698804319947,13.047479353277595,29.964204166508306,20.149100205379497,4.355540172537267,9.81510396112881,29.22410808568639,2,3.0,-1.0,5.0,1.0,25217.5,-0.4607329842931937,MNQ_v4
single,MNQ,2026-01-21 09:06:00+01:00,2026-01-21 09:20:00+01:00,Short,UK,9,2,Canal Exit,-44.48,2.0,2,25206.75,25217.5,25241.0,34.25,0.1358763029744017,-0.31386861313868614,11.75,12.25,0.34306569343065696,0.35766423357664234,0.6136131712191855,0.0024343208514353712,0.014738014267186175,False,False,False,-0.0024343208514353712,-5.459547987084079,-24.590573661981242,-17.069355990984754,1.5022491690199342,-7.521217670996489,-25.877598410591624,1,2.0,1.0,5.0,-1.0,25204.0,0.08029197080291971,MNQ_v4
single,MNQ,2026-01-21 14:56:00+01:00,2026-01-21 15:03:00+01:00,Short,UK,14,2,Stop Loss,-164.48,2.0,1,25085.0,25125.75,25125.75,40.75,0.16244767789515646,-1.0,12.75,77.75,0.3128834355828221,1.9079754601226995,9.191799259133404,0.036642612155205916,0.00937661860985629,True,True,False,0.036642612155205916,-9.049996097644907,-0.638145683771487,-3.0279527551587706,-10.547861379852264,2.389807071387284,7.947677931276523,2,5.0,-1.0,4.0,-1.0,25186.5,-2.4907975460122698,MNQ_v4
single,MNQ,2026-01-22 00:00:00+01:00,2026-01-22 09:06:00+01:00,Long,Asia,0,3,Canal Exit,95.76,1.0,78,25564.75,25613.0,25445.75,119.0,0.46548470061314895,0.4054621848739496,60.25,81.5,0.5063025210084033,0.6848739495798319,1.208361764671281,0.004726671548406619,-0.011516201898326972,False,True,True,-0.004726671548406619,25.386581902148464,1.082355540949185,-1.843590569562314,14.452274719969887,2.925946110511499,42.45488107935378,1,4.0,-1.0,2.0,1.0,25642.75,0.6554621848739496,MNQ_v4
single,MNQ,2026-01-22 12:01:00+01:00,2026-01-22 12:15:00+01:00,Long,UK,12,3,Stop Loss,-138.48,2.0,2,25704.5,25670.25,25670.25,34.25,0.13324515162714698,-1.0,10.5,38.25,0.30656934306569344,1.1167883211678833,9.31101736806886,0.036223296963834584,-0.010372442801594807,False,False,False,-0.036223296963834584,6.932037773371121,19.523006997944574,15.375886267612373,31.346873003230034,4.147120730332201,9.904964223869916,0,1.0,-1.0,5.0,1.0,25676.25,-0.8248175182481752,MNQ_v4
single,MNQ,2026-01-22 15:31:00+01:00,2026-01-22 16:13:00+01:00,Short,US,15,3,Canal Exit,226.26,1.0,6,25677.25,25563.75,25739.75,62.5,0.24340612799267836,1.816,142.5,28.25,2.28,0.452,1.8489238975962508,0.007200630509872555,0.017673428818448366,False,False,False,-0.007200630509872555,-3.034004374552751,-11.181521025476824,-6.566618385582016,9.626790258382522,-4.614902639894808,-39.517256454666665,0,6.0,1.0,7.0,-1.0,25635.5,0.668,MNQ_v4
single,MNQ,2026-01-23 00:07:00+01:00,2026-01-23 01:59:00+01:00,Short,Asia,0,4,Stop Loss,-143.24,1.0,16,25591.5,25662.75,25662.75,71.25,0.27841275423480455,-1.0,9.25,85.25,0.12982456140350876,1.1964912280701754,7.215472859796137,0.028194802414067705,0.010300390035200089,False,True,True,-0.028194802414067705,-6.1166393246967345,-31.87383011138911,-30.135943041821996,-11.045991159375875,-1.7378870695671154,44.36409522336199,0,2.0,1.0,2.0,-1.0,25674.0,-1.1578947368421053,MNQ_v4
single,MNQ,2026-01-23 05:36:00+01:00,2026-01-23 08:10:00+01:00,Long,Asia,5,4,Canal Exit,27.52,2.0,22,25696.75,25704.0,25664.75,32.0,0.12452936655413623,0.2265625,35.0,7.25,1.09375,0.2265625,4.214065090760414,0.016399214261571652,0.0012881050068678937,False,False,False,-0.016399214261571652,0.7820884968605242,9.508609022298604,4.896026367367745,4.158008022791345,4.612582654930859,-40.63154366853038,0,1.0,-1.0,5.0,-1.0,25694.75,-0.0625,MNQ_v4
single,MNQ,2026-01-23 08:31:00+01:00,2026-01-23 08:45:00+01:00,Long,Asia,8,4,Stop Loss,-163.44,6.0,2,25709.5,25696.25,25696.25,13.25,0.051537369454870766,-1.0,8.0,27.0,0.6037735849056604,2.0377358490566038,6.163768501632148,0.023974672792672548,-0.009181276928699852,False,False,False,-0.023974672792672548,9.36013639751036,3.8422448426610885,-0.9660200230148823,13.35246912675021,4.808264865675971,-0.2858353658879799,3,2.0,-1.0,8.0,1.0,25620.5,-6.716981132075472,MNQ_v4
single,MNQ,2026-01-26 00:49:00+01:00,2026-01-26 01:59:00+01:00,Long,Asia,0,0,Canal Exit,211.76,1.0,10,25532.25,25638.5,25399.5,132.75,0.5199306759098787,0.800376647834275,113.25,11.5,0.8531073446327684,0.08662900188323917,36.56286181972246,0.14320266259229975,-0.11112975035804658,False,True,True,-0.14320266259229975,61.050025945973175,5.437932739372091,0.9366620028930308,2.0750523711552447,4.50127073647906,-3.531526941182233,3,6.0,-1.0,6.0,-1.0,25648.0,0.871939736346516,MNQ_v4
single,MNQ,2026-01-26 07:42:00+01:00,2026-01-26 08:52:00+01:00,Short,Asia,7,0,Stop Loss,-153.72,3.0,10,25678.25,25703.5,25703.5,25.25,0.09833224616163484,-1.0,13.25,33.25,0.5247524752475248,1.316831683168317,4.330831903760554,0.016865759558227503,0.02466373743093863,True,True,False,0.016865759558227503,-15.63067616882472,-1.1694894360251904,6.87949441336283,8.247356117722614,-8.048983849388021,41.13172340563703,2,4.0,1.0,2.0,-1.0,25703.5,-1.0,MNQ_v4
single,MNQ,2026-01-26 13:46:00+01:00,2026-01-26 14:56:00+01:00,Short,UK,13,0,Stop Loss,-140.48,2.0,10,25680.0,25714.75,25714.75,34.75,0.13531931464174457,-1.0,22.0,53.75,0.6330935251798561,1.5467625899280575,7.3759748926822795,0.02872264366309299,0.02702741527509801,True,False,True,0.02872264366309299,-22.492437106924626,-7.4576137071767805,-0.15624701722116363,3.6863661309141285,-7.301366689955617,6.300100513843368,3,3.0,1.0,4.0,-1.0,25716.75,-1.0575539568345325,MNQ_v4
single,MNQ,2026-01-26 18:33:00+01:00,2026-01-26 18:47:00+01:00,Long,US,18,0,Stop Loss,-143.22,3.0,2,25911.25,25887.75,25887.75,23.5,0.09069419653625356,-1.0,4.5,29.5,0.19148936170212766,1.2553191489361701,6.456169079006941,0.02491647094990377,0.011789237175458067,False,False,False,-0.02491647094990377,3.5048489473119844,10.204505788266763,12.94803090768503,22.307026628207907,-2.7435251194182673,-9.988756085046091,0,6.0,1.0,4.0,1.0,25905.5,-0.24468085106382978,MNQ_v4
single,MNQ,2026-01-27 05:15:00+01:00,2026-01-27 11:54:00+01:00,Long,Asia,5,1,Canal Exit,75.78,3.0,57,25992.25,26005.25,25963.0,29.25,0.11253354365243487,0.4444444444444444,36.0,25.25,1.2307692307692308,0.8632478632478633,4.306349505517574,0.016567821198694124,-0.0006355170576897971,False,True,True,-0.016567821198694124,0.04125988798114122,24.31953907641522,21.70929064052698,31.704304189053214,2.6102484358882414,38.7142183642644,0,2.0,-1.0,5.0,1.0,26027.75,1.2136752136752136,MNQ_v4
single,MNQ,2026-01-28 03:44:00+01:00,2026-01-28 04:26:00+01:00,Long,Asia,3,2,Stop Loss,-183.68,7.0,6,26214.25,26201.5,26201.5,12.75,0.04863766844368998,-1.0,7.0,18.0,0.5490196078431373,1.411764705882353,9.428821652385523,0.03596830598771859,-0.002119453697747776,False,False,False,-0.03596830598771859,1.788904111712327,2.761603972646046,5.567039268866961,22.632969576897366,-2.805435296220915,-11.673730677194566,0,2.0,1.0,4.0,1.0,26205.5,-0.6862745098039216,MNQ_v4
single,MNQ,2026-01-28 12:29:00+01:00,2026-01-28 12:50:00+01:00,Short,UK,12,2,Stop Loss,-191.08,17.0,3,26315.5,26320.75,26320.75,5.25,0.019950219452413976,-1.0,9.25,11.25,1.7619047619047619,2.142857142857143,0.8036462048694375,0.0030538891712847465,0.013503743247778905,True,False,True,0.0030538891712847465,-0.18033034681138815,-3.735914602178657,-4.642111365290654,1.4513472645116572,0.9061967631119967,23.416184104173396,0,5.0,-1.0,2.0,-1.0,26314.75,0.14285714285714285,MNQ_v4
single,MNQ,2026-01-29 00:14:00+01:00,2026-01-29 01:17:00+01:00,Short,Asia,0,3,Canal Exit,108.76,1.0,9,26211.5,26156.75,26294.5,83.0,0.3166549033821033,0.6596385542168675,106.75,32.25,1.286144578313253,0.3885542168674699,14.935841088372399,0.056982015864686875,0.06730640635090251,True,False,True,0.056982015864686875,-53.284858295923186,-10.039046846892258,-2.360433521277878,-7.123033153533414,-7.67861332561438,-18.762420886401543,3,4.0,1.0,8.0,-1.0,26132.0,0.9578313253012049,MNQ_v4
single,MNQ,2026-01-29 08:38:00+01:00,2026-01-29 08:59:00+01:00,Long,Asia,8,3,Stop Loss,-91.24,1.0,3,26273.0,26227.75,26227.75,45.25,0.17223004605488526,-1.0,3.75,46.25,0.08287292817679558,1.022099447513812,4.271779427414003,0.01625919928220608,-0.00994696082636762,False,True,True,-0.01625919928220608,19.673900128156674,10.243380318808397,2.6381380223483806,7.8860082372852816,7.605242296460016,24.01148927390913,3,3.0,-1.0,4.0,1.0,26267.0,-0.13259668508287292,MNQ_v4
single,MNQ,2026-01-29 13:39:00+01:00,2026-01-29 14:00:00+01:00,Short,UK,13,3,Canal Exit,-32.24,1.0,3,26166.0,26181.75,26222.0,56.0,0.2140181915462814,-0.28125,10.25,21.0,0.18303571428571427,0.375,4.758807061625703,0.018186987165121543,0.010638790728791446,True,False,True,0.018186987165121543,-0.3335882096653222,-26.63715694999196,-17.47111426783465,-9.873805478868208,-9.166042682157311,-32.976658542843104,0,3.0,1.0,8.0,-1.0,26172.75,-0.12053571428571429,MNQ_v4
single,MNQ,2026-01-29 15:10:00+01:00,2026-01-29 16:06:00+01:00,Short,UK,15,3,Canal Exit,715.76,1.0,8,26146.25,25788.0,26222.0,75.75,0.2897164985418559,4.729372937293729,393.0,31.0,5.188118811881188,0.40924092409240925,6.557283124937385,0.02507924893603245,0.010542898466498467,True,False,True,0.02507924893603245,-12.92559173830523,-6.702730642989419,4.163486771115636,-2.8068374301454164,-10.866217414105055,-48.32334943734633,2,8.0,1.0,4.0,-1.0,25635.0,6.749174917491749,MNQ_v4
single,MNQ,2026-01-30 00:35:00+01:00,2026-01-30 02:34:00+01:00,Long,Asia,0,4,Stop Loss,-323.24,1.0,17,26002.5,25841.25,25841.25,161.25,0.6201326795500433,-1.0,16.5,176.0,0.10232558139534884,1.0914728682170542,28.280758631248318,0.10876169072684672,-0.022343088099653415,False,False,False,-0.10876169072684672,1.1516751833914896,5.895065548371976,-2.2045200629735113,6.603445896757131,8.099585611345487,-45.91372722028818,0,3.0,-1.0,1.0,1.0,25833.0,-1.0511627906976744,MNQ_v4
single,MNQ,2026-01-30 10:23:00+01:00,2026-01-30 12:01:00+01:00,Short,UK,10,4,Stop Loss,-174.24,1.0,14,25706.0,25792.75,25792.75,86.75,0.3374698513965611,-1.0,57.0,98.0,0.6570605187319885,1.1296829971181557,12.946472627256298,0.050363621828585926,0.020491463802765363,True,True,False,0.050363621828585926,-13.9664456819919,-7.591987814719277,0.05001637027076056,-14.514905722051601,-7.6420041849900375,36.272195199110975,1,4.0,1.0,4.0,1.0,25837.75,-1.5187319884726225,MNQ_v4
single,MNQ,2026-01-30 15:17:00+01:00,2026-01-30 16:27:00+01:00,Long,UK,15,4,Stop Loss,-150.72,3.0,10,25825.5,25800.75,25800.75,24.75,0.09583551141313817,-1.0,113.75,55.25,4.595959595959596,2.2323232323232323,10.983560272907198,0.042529903672367225,-0.024787437789000447,False,True,True,-0.042529903672367225,25.467176587913855,2.6115599019500424,0.4293951022024247,-3.2122223399982843,2.1821647997476177,-14.255835438983606,2,5.0,-1.0,1.0,1.0,25885.5,2.4242424242424243,MNQ_v4
single,MNQ,2026-01-30 20:39:00+01:00,2026-01-30 21:56:00+01:00,Short,US,20,4,Auto-Close (profit),3.76,1.0,11,25679.5,25677.25,25781.25,101.75,0.39623045620047115,0.022113022113022112,108.5,50.75,1.0663390663390664,0.4987714987714988,45.4663219610884,0.17705298764029048,0.06262605123712375,True,False,True,0.17705298764029048,-5.727850621584366,-4.105466861848534,5.325096856050976,-12.713586873862653,-9.43056371789951,16.63374924173964,0,6.0,1.0,1.0,-1.0,25634.0,0.44717444717444715,MNQ_v4
single,MNQ,2026-02-02 00:49:00+01:00,2026-02-02 01:31:00+01:00,Long,Asia,0,0,Canal Exit,203.26,1.0,6,25535.0,25637.0,25373.25,161.75,0.6334442921480321,0.6306027820710973,102.0,47.75,0.6306027820710973,0.29520865533230295,39.85946958488057,0.15609739410566115,-0.13448735852850266,False,True,True,-0.15609739410566115,44.09474716711702,10.003798048616828,0.6655915326443163,-2.8373491155341455,9.338206515972512,43.1545170454522,1,5.0,-1.0,1.0,-1.0,25623.5,0.5471406491499228,MNQ_v4
single,MNQ,2026-02-02 02:13:00+01:00,2026-02-02 03:02:00+01:00,Short,Asia,2,0,Canal Exit,135.76,1.0,7,25504.25,25436.0,25646.0,141.75,0.5557897213209563,0.48148148148148145,106.0,43.75,0.7477954144620811,0.30864197530864196,5.2207805117432144,0.020470237359433093,0.07582334329481917,True,False,True,0.020470237359433093,-89.5139092982281,-23.004843319779944,-13.150325538742216,6.154957997379199,-9.854517781037728,-36.73314939771325,3,4.0,1.0,6.0,-1.0,25388.25,0.818342151675485,MNQ_v4
single,MNQ,2026-02-02 06:11:00+01:00,2026-02-02 08:59:00+01:00,Short,Asia,6,0,Stop Loss,-170.24,1.0,24,25291.25,25376.0,25376.0,84.75,0.3350961300845154,-1.0,111.0,103.0,1.3097345132743363,1.2153392330383481,42.418180135246075,0.16771879656104807,0.044670159593621764,True,True,False,0.16771879656104807,-19.296025325078517,-3.028373145402689,8.009563259424452,-9.256781134869584,-11.037936404827141,40.03342520221268,0,5.0,1.0,4.0,-1.0,25398.5,-1.2654867256637168,MNQ_v4
single,MNQ,2026-02-02 12:15:00+01:00,2026-02-02 14:35:00+01:00,Long,UK,12,0,Canal Exit,96.76,1.0,20,25435.25,25484.0,25355.25,80.0,0.3145241348129073,0.609375,92.0,15.75,1.15,0.196875,20.752750047206064,0.0815905094198251,-0.02359093740558554,False,False,False,-0.0815905094198251,13.437061211909167,1.8664578961954543,-6.3211442304678584,5.0700231185319105,8.187602126663313,-18.956565183627596,1,5.0,-1.0,6.0,-1.0,25526.5,1.140625,MNQ_v4
single,MNQ,2026-02-02 14:56:00+01:00,2026-02-02 15:52:00+01:00,Long,UK,14,0,Canal Exit,373.26,1.0,8,25545.5,25732.5,25456.75,88.75,0.347419310641796,2.1070422535211266,253.75,26.0,2.859154929577465,0.29295774647887324,7.100427241661237,0.0277952173246217,-0.01896491450442525,False,True,True,-0.0277952173246217,32.33901366372811,27.866333313961988,19.40230652416796,14.28006413831533,8.464026789794026,46.72497912651676,3,3.0,-1.0,4.0,1.0,25899.75,3.991549295774648,MNQ_v4
single,MNQ,2026-02-03 01:10:00+01:00,2026-02-03 01:24:00+01:00,Short,Asia,1,1,Stop Loss,-164.48,2.0,2,25938.0,25978.75,25978.75,40.75,0.15710540519700825,-1.0,23.5,46.75,0.5766871165644172,1.147239263803681,10.728635696817946,0.041362617383059394,0.04070421756380352,True,True,False,0.041362617383059394,-29.391449990820547,-1.9513496267364707,3.7591793234625364,-2.214230144036017,-5.7105289501990075,7.02329243504598,2,1.0,1.0,3.0,-1.0,25953.0,-0.36809815950920244,MNQ_v4
single,MNQ,2026-02-03 06:11:00+01:00,2026-02-03 06:46:00+01:00,Short,Asia,6,1,Stop Loss,-155.22,3.0,5,25962.25,25987.75,25987.75,25.5,0.09821953027954047,-1.0,10.5,34.5,0.4117647058823529,1.3529411764705883,0.6242412721912842,0.0024044190014012043,0.016247798001786024,False,False,False,-0.0024044190014012043,-13.312123027455527,-1.4779053624658918,7.43126015575008,8.833190694347538,-8.909165518215971,17.605535639778186,2,3.0,1.0,5.0,-1.0,25993.0,-1.2058823529411764,MNQ_v4
single,MNQ,2026-02-03 08:38:00+01:00,2026-02-03 09:48:00+01:00,Long,Asia,8,1,Stop Loss,-147.48,2.0,10,26011.25,25974.75,25974.75,36.5,0.14032389831322983,-1.0,16.5,40.5,0.4520547945205479,1.1095890410958904,6.090555511749699,0.023415081980872502,-0.003449890059286723,False,False,False,-0.023415081980872502,0.8427946277915908,3.347828325414149,-4.6817488606029825,6.585576238800566,8.029577186017132,-32.71998107297729,0,4.0,-1.0,2.0,1.0,25999.25,-0.3287671232876712,MNQ_v4
single,MNQ,2026-02-03 18:33:00+01:00,2026-02-03 21:56:00+01:00,Short,US,18,1,Auto-Close (loss),-138.24,1.0,29,25375.0,25443.75,25607.25,232.25,0.9152709359605912,-0.2960172228202368,157.0,93.75,0.6759956942949408,0.40365984930032295,0.7863822540602996,0.0030990433657548753,-0.013558981978220365,False,True,True,-0.0030990433657548753,-18.330047848321556,-27.92913871475798,-24.199726168592925,-28.621396528153042,-3.7294125461650545,43.81274652463053,0,3.0,1.0,1.0,-1.0,25449.25,-0.31969860064585576,MNQ_v4
single,MNQ,2026-02-04 02:13:00+01:00,2026-02-04 04:05:00+01:00,Long,Asia,2,2,Canal Exit,-22.24,1.0,16,25440.0,25429.25,25375.5,64.5,0.2535377358490566,-0.16666666666666666,33.5,41.25,0.5193798449612403,0.6395348837209303,4.224815700370527,0.016606979954286664,-0.00915113714229578,False,False,False,-0.016606979954286664,13.067267790691403,7.470889119372763,-0.9948848027900854,-0.24832036577673952,8.465773922162848,-23.506470655727785,1,4.0,-1.0,5.0,-1.0,25421.75,-0.28294573643410853,MNQ_v4
single,MNQ,2026-02-04 04:26:00+01:00,2026-02-04 07:21:00+01:00,Long,Asia,4,2,Canal Exit,70.52,2.0,25,25437.75,25455.75,25398.75,39.0,0.15331544653123802,0.46153846153846156,28.0,29.5,0.717948717948718,0.7564102564102564,8.67252040180756,0.034093111229599946,-0.01943797042687514,False,True,True,-0.034093111229599946,19.300901845483168,19.01201327252946,10.880307165508182,4.624397492886573,8.13170610702128,37.030662607797005,3,2.0,-1.0,2.0,1.0,25474.0,0.9294871794871795,MNQ_v4
single,MNQ,2026-02-05 03:51:00+01:00,2026-02-05 03:58:00+01:00,Long,Asia,3,3,Stop Loss,-110.74,1.0,1,25014.25,24959.25,24959.25,55.0,0.21987467143728076,-1.0,31.25,66.5,0.5681818181818182,1.209090909090909,28.87387622978713,0.11542970998445737,-0.05092588182773954,False,False,False,-0.11542970998445737,31.97085715418507,0.9637047782359913,0.4178009874392953,-9.255202809595588,0.545903790796696,-5.432301984660172,3,1.0,-1.0,3.0,1.0,25025.5,0.20454545454545456,MNQ_v4
single,MNQ,2026-02-05 10:37:00+01:00,2026-02-05 13:18:00+01:00,Long,UK,10,3,Stop Loss,-108.74,1.0,23,25032.0,24978.0,24978.0,54.0,0.21572387344199426,-1.0,60.25,140.5,1.1157407407407407,2.6018518518518516,22.250058035977418,0.0888864574783374,-0.047841872854387645,False,False,False,-0.0888864574783374,17.948027541810006,3.712925947276367,-0.775306678806055,1.0493219825957343,4.4882326260824215,-3.5349276177298776,1,3.0,-1.0,5.0,1.0,24793.75,-4.412037037037037,MNQ_v4
single,MNQ,2026-02-05 17:16:00+01:00,2026-02-05 17:51:00+01:00,Long,US,17,3,Canal Exit,174.26,1.0,5,24729.5,24817.0,24537.0,192.5,0.7784225317940112,0.45454545454545453,127.25,106.75,0.6610389610389611,0.5545454545454546,7.160161199943104,0.02895392628214523,-0.09662954228917459,True,True,False,0.02895392628214523,49.04276651674445,2.1029681902005657,-4.32302741096566,-6.368179309006404,6.4259956011662265,44.0447296984959,2,5.0,-1.0,5.0,1.0,24840.75,0.577922077922078,MNQ_v4
single,MNQ,2026-02-05 20:18:00+01:00,2026-02-05 20:32:00+01:00,Long,US,20,3,Canal Exit,-182.24,1.0,2,24818.75,24728.0,24661.75,157.0,0.6325862503147822,-0.5780254777070064,20.25,136.25,0.12898089171974522,0.8678343949044586,4.546752989117522,0.018319830729257202,-0.07235040797954762,False,True,True,-0.018319830729257202,11.383990989856102,29.366990907707667,20.03983503773776,-2.723679678589684,9.327155869969907,25.584461370367393,0,2.0,-1.0,5.0,1.0,24756.75,-0.39490445859872614,MNQ_v4
single,MNQ,2026-02-05 20:53:00+01:00,2026-02-05 21:07:00+01:00,Short,US,20,3,Canal Exit,-89.24,1.0,2,24712.5,24756.75,24839.0,126.5,0.5118866970156803,-0.34980237154150196,38.75,95.75,0.30632411067193677,0.7569169960474308,9.09908911579987,0.03681978397895749,0.03146876036128845,True,False,True,0.03681978397895749,-6.0876805748048355,-29.94867735943842,-22.94396791851664,-7.252984297473496,-7.004709440921779,-20.02528206079494,2,2.0,1.0,2.0,-1.0,24645.5,0.5296442687747036,MNQ_v4
single,MNQ,2026-02-06 02:27:00+01:00,2026-02-06 02:34:00+01:00,Short,Asia,2,4,Stop Loss,-95.74,1.0,1,24392.25,24439.75,24439.75,47.5,0.19473398312988757,-1.0,36.75,55.25,0.7736842105263158,1.1631578947368422,36.81982123610942,0.1509488515250107,0.04784904066429707,True,True,False,0.1509488515250107,-53.85087284852125,-6.471051650461201,-2.729065012554275,-13.723276938452443,-3.7419866379069258,-2.582158221594333,2,1.0,1.0,5.0,-1.0,24539.75,-3.1052631578947367,MNQ_v4
single,MNQ,2026-02-06 07:42:00+01:00,2026-02-06 08:52:00+01:00,Short,Asia,7,4,Canal Exit,20.76,1.0,10,24561.75,24551.0,24614.25,52.5,0.2137469846407524,0.20476190476190476,55.25,17.25,1.0523809523809524,0.32857142857142857,10.258633691395517,0.04176670510609186,0.06950644118823987,True,False,True,0.04176670510609186,-25.920512689415773,-13.468696283043764,-5.219262447378845,4.075511712087736,-8.24943383566492,14.527709622460408,1,4.0,1.0,2.0,1.0,24582.5,-0.3952380952380952,MNQ_v4
single,MNQ,2026-02-09 07:07:00+01:00,2026-02-09 07:35:00+01:00,Short,Asia,7,0,Canal Exit,-0.48,2.0,4,25188.0,25187.75,25229.0,41.0,0.1627759250436716,0.006097560975609756,29.25,15.75,0.7134146341463414,0.38414634146341464,5.007706479584158,0.019881318403939013,0.009103869638746076,True,False,True,0.019881318403939013,-1.6467411152625573,-2.095757978054047,1.5927726146011294,-20.263870104696263,-3.6885305926551766,-23.7694651179682,0,4.0,1.0,4.0,-1.0,25167.75,0.49390243902439024,MNQ_v4
single,MNQ,2026-02-09 08:59:00+01:00,2026-02-09 09:27:00+01:00,Long,UK,8,0,Canal Exit,-83.74,1.0,4,25193.5,25152.0,25120.5,73.0,0.2897572786631472,-0.5684931506849316,21.25,46.0,0.2910958904109589,0.6301369863013698,3.2743769969965797,0.012996911889958043,-0.028864086691485182,False,True,True,-0.012996911889958043,13.855734018739895,11.954595866908019,1.7116410994233329,-17.261194472120952,10.242954767484687,22.601358942712903,2,4.0,-1.0,5.0,1.0,25173.5,-0.273972602739726,MNQ_v4
single,MNQ,2026-02-09 09:48:00+01:00,2026-02-09 11:05:00+01:00,Short,UK,9,0,Canal Exit,378.52,2.0,11,25179.25,25084.25,25211.0,31.75,0.12609589245112543,2.9921259842519685,129.75,6.75,4.086614173228346,0.2125984251968504,12.550624776013137,0.04984510966773489,0.024361513764526277,True,False,True,0.04984510966773489,-10.316153394338471,-9.649673567241846,-6.42376865543073,-9.271740626316904,-3.2259049118111163,-46.530302502768194,2,2.0,1.0,4.0,-1.0,24988.25,6.015748031496063,MNQ_v4
single,MNQ,2026-02-09 15:52:00+01:00,2026-02-09 16:20:00+01:00,Long,US,15,0,Canal Exit,140.76,1.0,4,25116.5,25187.25,24955.5,161.0,0.6410128799792965,0.4394409937888199,137.75,24.25,0.8555900621118012,0.15062111801242237,1.5428680871773395,0.006142846683165806,-0.039042424697741544,False,True,True,-0.006142846683165806,4.990759616641299,23.018826946401436,17.893427300870517,-14.958914959742359,5.125399645530919,35.994964942186186,0,4.0,-1.0,4.0,1.0,25294.25,1.1040372670807452,MNQ_v4
single,MNQ,2026-02-09 19:36:00+01:00,2026-02-09 21:56:00+01:00,Long,US,19,0,Auto-Close (loss),-68.74,1.0,20,25372.25,25338.25,25311.5,60.75,0.23943481559577884,-0.5596707818930041,56.75,38.25,0.934156378600823,0.6296296296296297,26.726500873002806,0.10533752770449135,-0.029505686537523147,False,False,False,-0.10533752770449135,36.74691832563258,3.866849873024826,-3.3310189657549607,20.147673457358916,7.197868838779787,-25.250442560549548,2,9.0,-1.0,8.0,-1.0,25361.5,-0.17695473251028807,MNQ_v4
single,MNQ,2026-02-10 03:16:00+01:00,2026-02-10 04:19:00+01:00,Short,Asia,3,1,Canal Exit,60.52,2.0,9,25315.25,25299.75,25352.25,37.0,0.14615696072525453,0.4189189189189189,36.75,17.75,0.9932432432432432,0.4797297297297297,4.025535915279761,0.015901624180206637,0.005829787011496591,True,False,True,0.015901624180206637,-5.986196745936468,-1.431566896806239,4.056818457719842,3.7942327685126536,-5.4883853545260814,-23.038535669567963,1,5.0,1.0,12.0,-1.0,25332.25,-0.4594594594594595,MNQ_v4
single,MNQ,2026-02-10 04:40:00+01:00,2026-02-10 05:43:00+01:00,Long,Asia,4,1,Canal Exit,353.8,5.0,9,25296.5,25332.25,25278.5,18.0,0.07115608878698634,1.9861111111111112,39.25,4.75,2.1805555555555554,0.2638888888888889,0.1385542206116952,0.0005477209124254153,-0.015255002652210343,False,True,True,-0.0005477209124254153,2.6190804605939775,7.388113865835529,2.688562362472334,-0.13034059316879384,4.699551503363195,41.47796637138148,1,9.0,-1.0,1.0,1.0,25340.0,2.4166666666666665,MNQ_v4
single,MNQ,2026-02-10 08:10:00+01:00,2026-02-10 09:06:00+01:00,Long,Asia,8,1,Canal Exit,142.52,2.0,8,25326.0,25362.0,25291.25,34.75,0.13721077153912975,1.0359712230215827,38.0,11.0,1.0935251798561152,0.31654676258992803,10.371180916896265,0.04095072619796361,-0.02551298928034597,False,True,True,-0.04095072619796361,4.431247957400046,9.589916844022575,0.2858695653708718,3.372919131534933,9.304047278651703,29.706829073659204,0,4.0,-1.0,1.0,-1.0,25346.25,0.5827338129496403,MNQ_v4
single,MNQ,2026-02-10 09:41:00+01:00,2026-02-10 10:02:00+01:00,Short,UK,9,1,Stop Loss,-182.22,3.0,3,25337.5,25367.5,25367.5,30.0,0.11840157868771584,-1.0,11.25,38.5,0.375,1.2833333333333334,2.5289247643304407,0.009980956149306129,0.016767791970488815,True,False,True,0.009980956149306129,-7.825543826311332,-0.4492645294552469,4.211189715553963,6.65369511065315,-4.66045424500921,3.1047591442483746,2,2.0,1.0,5.0,-1.0,25390.75,-1.775,MNQ_v4
single,MNQ,2026-02-10 13:46:00+01:00,2026-02-10 14:14:00+01:00,Short,UK,13,1,Canal Exit,26.26,1.0,4,25354.0,25340.5,25421.75,67.75,0.26721621834818965,0.1992619926199262,61.5,21.5,0.9077490774907749,0.3173431734317343,8.888970443811559,0.03505944010338234,0.029619609701999883,True,False,True,0.03505944010338234,-8.666219851376809,-5.439577139527769,5.122981365992352,0.8342407628455852,-10.562558505520121,-43.90323271300099,0,4.0,1.0,10.0,-1.0,25376.75,-0.33579335793357934,MNQ_v4
single,MNQ,2026-02-10 14:56:00+01:00,2026-02-10 15:24:00+01:00,Long,UK,14,1,Canal Exit,-2.74,1.0,4,25377.75,25376.75,25292.5,85.25,0.33592418555624515,-0.011730205278592375,22.25,20.5,0.26099706744868034,0.2404692082111437,2.449534391707857,0.009652291443125799,-0.027989281695276532,True,True,False,0.009652291443125799,31.38188245889978,35.97077044076701,31.31724408046741,-4.602022695118662,4.653526360299601,39.043324366412634,3,4.0,-1.0,4.0,1.0,25402.75,0.2932551319648094,MNQ_v4
single,MNQ,2026-02-10 15:45:00+01:00,2026-02-10 15:52:00+01:00,Short,US,15,1,Canal Exit,-161.74,1.0,1,25322.25,25402.75,25410.25,88.0,0.34752046125443037,-0.9147727272727273,71.0,85.5,0.8068181818181818,0.9715909090909091,1.207734460971551,0.004769459510792094,0.03020150212020979,True,False,True,0.004769459510792094,-12.709294660664455,-16.30943951886743,-9.676880719374878,-7.377098918487316,-6.63255879949255,-13.444004303833161,1,1.0,1.0,6.0,-1.0,25396.75,-0.8465909090909091,MNQ_v4
single,MNQ,2026-02-10 17:02:00+01:00,2026-02-10 17:51:00+01:00,Short,US,17,1,Canal Exit,93.76,1.0,7,25381.75,25334.5,25438.75,57.0,0.22457080382558334,0.8289473684210527,65.0,19.5,1.1403508771929824,0.34210526315789475,2.4781036271815537,0.009763328482793952,0.032727128836158456,True,False,True,0.009763328482793952,-27.01420552207128,-6.79673100315821,-2.2632675634398938,-5.174390922444751,-4.533463439718316,-38.66264785686991,3,7.0,1.0,8.0,-1.0,25391.0,-0.16228070175438597,MNQ_v4
single,MNQ,2026-02-10 19:15:00+01:00,2026-02-10 19:36:00+01:00,Short,US,19,1,Canal Exit,10.26,1.0,3,25304.75,25299.25,25397.75,93.0,0.36751993202857175,0.05913978494623656,33.75,45.0,0.3629032258064516,0.4838709677419355,7.2309547022450715,0.02857548366312677,0.03004267987899114,True,False,True,0.02857548366312677,-7.167783974033227,-24.133263065417356,-14.552753477436521,-7.97052974259309,-9.580509587980835,-44.487052571730864,0,3.0,1.0,9.0,-1.0,25290.75,0.15053763440860216,MNQ_v4
single,MNQ,2026-02-11 04:33:00+01:00,2026-02-11 05:36:00+01:00,Long,Asia,4,2,Stop Loss,-150.96,4.0,9,25321.5,25303.0,25303.0,18.5,0.07306044270679067,-1.0,23.75,26.0,1.2837837837837838,1.4054054054054055,4.081495240134245,0.01611869454864145,-0.0027154895975093477,False,False,False,-0.01611869454864145,1.68969926823047,2.2675079357138976,-1.5586659614428702,11.318516877520565,3.826173897156768,-39.080951661070955,0,4.0,-1.0,2.0,1.0,25311.0,-0.5675675675675675,MNQ_v4
single,MNQ,2026-02-11 09:13:00+01:00,2026-02-11 09:27:00+01:00,Short,UK,9,2,Canal Exit,-78.24,1.0,2,25211.5,25250.25,25285.5,74.0,0.2935168474704004,-0.5236486486486487,2.0,44.25,0.02702702702702703,0.597972972972973,1.4408907393808477,0.005715212261788658,0.004349877247226286,False,False,False,-0.005715212261788658,-3.691300158872764,-29.704244903148645,-23.68276419858052,-14.707779595375749,-6.021480704568123,-31.279355536705832,0,2.0,1.0,6.0,-1.0,25260.75,-0.6655405405405406,MNQ_v4
single,MNQ,2026-02-11 09:48:00+01:00,2026-02-11 10:37:00+01:00,Long,UK,9,2,Stop Loss,-177.48,2.0,7,25253.5,25209.5,25209.5,44.0,0.1742332745956006,-1.0,25.5,49.25,0.5795454545454546,1.1193181818181819,5.211112819881237,0.02063521024761414,-0.024167037781088783,False,True,True,-0.02063521024761414,8.807785460361629,11.627787283173381,4.030291410853019,-10.69991774644363,7.597495872320362,-26.31760967055911,2,3.0,-1.0,4.0,1.0,25169.5,-1.9090909090909092,MNQ_v4
single,MNQ,2026-02-11 19:08:00+01:00,2026-02-11 20:11:00+01:00,Short,US,19,2,Stop Loss,-229.24,1.0,9,25210.75,25325.0,25325.0,114.25,0.4531796951697193,-1.0,10.0,118.25,0.087527352297593,1.0350109409190371,28.50801345470245,0.11307879953869858,0.06132243008216315,True,True,False,0.11307879953869858,-20.468597018141736,-1.447855654817679,8.512233474398688,0.8642427667167295,-9.960089129216367,35.306569568547665,0,3.0,1.0,4.0,-1.0,25288.5,-0.6805251641137856,MNQ_v4
single,MNQ,2026-02-12 09:27:00+01:00,2026-02-12 09:48:00+01:00,Short,UK,9,3,Canal Exit,-44.48,2.0,3,25331.75,25342.5,25369.5,37.75,0.1490224717992243,-0.2847682119205298,7.25,23.5,0.19205298013245034,0.6225165562913907,1.1402681904364727,0.004501339980208524,0.01655212658663866,True,False,True,0.004501339980208524,-3.407898663132073,-13.069698610548736,-7.813202735749687,10.518203032744895,-5.2564958747990485,-23.517012057420814,0,3.0,1.0,6.0,-1.0,25350.25,-0.4900662251655629,MNQ_v4
single,MNQ,2026-02-12 10:09:00+01:00,2026-02-12 13:46:00+01:00,Long,UK,10,3,Canal Exit,50.28,3.0,31,25354.5,25363.25,25324.5,30.0,0.11832219132698338,0.2916666666666667,29.5,25.0,0.9833333333333333,0.8333333333333334,6.499655207640899,0.025635114901263675,-0.0076531208211862885,False,True,True,-0.025635114901263675,2.0994605025771307,11.741528629684389,4.370682840176097,7.797302592442217,7.370845789508292,26.012094774183694,0,3.0,-1.0,6.0,1.0,25369.25,0.49166666666666664,MNQ_v4
single,MNQ,2026-02-12 15:24:00+01:00,2026-02-12 16:13:00+01:00,Short,US,15,3,Canal Exit,284.26,1.0,7,25344.75,25202.25,25409.25,64.5,0.25449057497114785,2.2093023255813953,174.75,49.0,2.7093023255813953,0.7596899224806202,7.966049490016303,0.03143076767384292,0.0292642198596719,True,False,True,0.03143076767384292,-10.560455813512817,-10.763492014718306,-4.678077847899777,4.006949098270112,-6.085414166818529,-45.05355301388634,1,7.0,1.0,3.0,-1.0,25111.0,3.624031007751938,MNQ_v4
single,MNQ,2026-02-12 19:15:00+01:00,2026-02-12 20:46:00+01:00,Short,US,19,3,Stop Loss,-234.24,1.0,13,24824.0,24940.75,24940.75,116.75,0.47031098936513055,-1.0,19.5,120.0,0.1670235546038544,1.0278372591006424,27.64943726009369,0.1113818774576768,0.01404159265914845,True,True,False,0.1113818774576768,-3.175623858714971,-22.49365240468803,-20.26467337450506,-24.887256833306438,-2.2289790301829733,24.244271950281966,0,2.0,1.0,1.0,-1.0,24898.5,-0.6381156316916489,MNQ_v4
single,MNQ,2026-02-13 02:13:00+01:00,2026-02-13 02:41:00+01:00,Long,Asia,2,4,Canal Exit,-9.24,1.0,4,24813.5,24809.25,24708.5,105.0,0.42315674935015213,-0.04047619047619048,6.75,43.25,0.06428571428571428,0.4119047619047619,20.148036565056827,0.08119788246340431,-0.053983568041205264,False,True,True,-0.08119788246340431,2.2893655259904335,8.792640848180884,-2.8492463891380906,2.0756417049483615,11.641887237318976,33.01868103747797,0,4.0,-1.0,3.0,1.0,24816.25,0.02619047619047619,MNQ_v4
single,MNQ,2026-02-13 06:18:00+01:00,2026-02-13 10:16:00+01:00,Short,Asia,6,4,Stop Loss,-136.74,1.0,34,24720.25,24788.25,24788.25,68.0,0.2750781242099089,-1.0,77.5,76.0,1.1397058823529411,1.1176470588235294,0.6156851276173256,0.002490610441307534,0.0004985053797189682,False,True,True,-0.002490610441307534,-0.5327192805743834,-31.334314814419525,-26.951437966881244,-19.338955226930675,-4.382876847538281,28.94141566443918,0,3.0,1.0,1.0,-1.0,24794.25,-1.088235294117647,MNQ_v4
single,MNQ,2026-02-13 16:20:00+01:00,2026-02-13 16:41:00+01:00,Long,US,16,4,Canal Exit,-143.74,1.0,3,24818.75,24747.25,24578.75,240.0,0.9670108285066734,-0.29791666666666666,110.5,95.0,0.46041666666666664,0.3958333333333333,3.5294200184434885,0.01422078073409615,-0.03128014561256759,False,True,True,-0.01422078073409615,0.15362084472508286,16.42343366574065,13.354061221897908,0.97428816787651,3.0693724438427417,22.18767300003355,0,3.0,-1.0,6.0,1.0,24851.5,0.13645833333333332,MNQ_v4
single,MNQ,2026-02-17 06:18:00+01:00,2026-02-17 07:07:00+01:00,Short,Asia,6,1,Stop Loss,-144.48,2.0,7,24592.0,24627.75,24627.75,35.75,0.14537247885491217,-1.0,34.0,42.0,0.951048951048951,1.1748251748251748,5.999017399808508,0.0243941826602493,0.008563326590027162,True,False,True,0.0243941826602493,-22.000430075248005,-3.178238633884464,-0.7075259918952292,-16.553800164227365,-2.470712641989235,13.736663654939846,2,3.0,1.0,3.0,-1.0,24606.25,-0.3986013986013986,MNQ_v4
single,MNQ,2026-02-17 16:55:00+01:00,2026-02-17 17:23:00+01:00,Long,US,16,1,Canal Exit,150.26,1.0,4,24652.0,24727.5,24449.25,202.75,0.8224484828817136,0.3723797780517879,144.5,97.0,0.7127003699136868,0.4784217016029593,21.528451905025577,0.08732943333208493,-0.07855584279775077,False,True,True,-0.08732943333208493,36.44777083142617,8.336535898128957,0.9689095369697069,6.481875177946964,7.3676263611592505,48.56147913307799,1,4.0,-1.0,13.0,1.0,24677.75,0.12700369913686807,MNQ_v4
single,MNQ,2026-02-17 19:22:00+01:00,2026-02-17 19:57:00+01:00,Long,US,19,1,Canal Exit,172.26,1.0,5,24767.75,24854.25,24608.5,159.25,0.6429732212251819,0.543171114599686,105.0,46.25,0.6593406593406593,0.2904238618524333,22.32093497529422,0.09012096365351807,-0.06862795614738716,False,True,True,-0.09012096365351807,21.301660977263964,11.567859492746912,2.435894887401229,5.705991082341323,9.131964605345683,44.30224883464273,0,5.0,-1.0,13.0,1.0,24756.25,-0.07221350078492936,MNQ_v4
single,MNQ,2026-02-18 07:42:00+01:00,2026-02-18 08:10:00+01:00,Long,Asia,7,2,Stop Loss,-166.96,4.0,4,24829.5,24809.0,24809.0,20.5,0.08256308020701182,-1.0,18.75,23.25,0.9146341463414634,1.1341463414634145,7.1627982055797474,0.028847935744093712,-0.010152935838038786,False,False,False,-0.028847935744093712,9.621235079695907,4.795947427172991,0.43433841386048755,16.56818570250335,4.361609013312504,-9.007765795972508,1,2.0,-1.0,3.0,1.0,24829.75,0.012195121951219513,MNQ_v4
single,MNQ,2026-02-18 19:01:00+01:00,2026-02-18 19:22:00+01:00,Long,US,19,2,Stop Loss,-174.48,2.0,3,25101.0,25057.75,25057.75,43.25,0.17230389227520818,-1.0,26.5,50.0,0.6127167630057804,1.1560693641618498,8.220797861249594,0.03275087789828929,-0.005627839323201385,False,False,False,-0.03275087789828929,5.932436054714344,14.773186769614307,12.795059089710662,20.188349152571355,1.9781276799036451,-13.43567224114681,0,1.0,-1.0,4.0,1.0,25029.0,-1.6647398843930636,MNQ_v4
single,MNQ,2026-02-19 06:32:00+01:00,2026-02-19 07:49:00+01:00,Long,Asia,6,3,Canal Exit,95.52,2.0,11,24985.25,25009.5,24940.5,44.75,0.17910567234668456,0.5418994413407822,30.25,7.75,0.6759776536312849,0.17318435754189945,4.802943703820347,0.01922311645398924,-0.018399448458187743,False,True,True,-0.01922311645398924,19.11260878086614,13.881471906015838,4.324157741476471,-0.6852155426105604,9.557314164539367,15.01633526810209,3,4.0,-1.0,7.0,-1.0,25032.0,1.0446927374301676,MNQ_v4
single,MNQ,2026-02-19 18:26:00+01:00,2026-02-19 18:47:00+01:00,Long,US,18,3,Stop Loss,-122.24,1.0,3,24862.5,24801.75,24801.75,60.75,0.24434389140271492,-1.0,24.5,92.25,0.40329218106995884,1.5185185185185186,18.88424171648512,0.07595471781391702,-0.04732167794777522,False,True,True,-0.07595471781391702,11.770134026610322,3.5167978602395653,-2.884590117617151,-4.968461625308234,6.401387977856716,-7.9256817377792474,1,2.0,-1.0,3.0,1.0,24831.5,-0.5102880658436214,MNQ_v4
single,MNQ,2026-02-19 20:46:00+01:00,2026-02-19 21:49:00+01:00,Short,US,20,3,Stop Loss,-151.74,1.0,9,24774.5,24850.0,24850.0,75.5,0.3047488344870734,-1.0,23.0,80.25,0.304635761589404,1.0629139072847682,9.608757194342616,0.03878486828934031,0.028526804361498584,True,True,False,0.03878486828934031,-4.011706472934748,-20.369576595873514,-12.956818747113338,-20.40163727864725,-7.412757848760176,25.665740760492863,0,2.0,1.0,4.0,-1.0,24854.25,-1.0562913907284768,MNQ_v4
single,MNQ,2026-02-20 10:51:00+01:00,2026-02-20 11:54:00+01:00,Short,UK,10,4,Canal Exit,89.26,1.0,9,24937.5,24892.5,24985.25,47.75,0.19147869674185464,0.9424083769633508,46.0,9.75,0.9633507853403142,0.20418848167539266,10.854491315083578,0.043526782215874,0.035092373051185205,True,False,True,0.043526782215874,-5.926458356381772,-13.540862185701233,-3.137619322237267,1.207457427518424,-10.403242863463966,-27.13149556649723,0,3.0,1.0,4.0,1.0,24881.25,1.1780104712041886,MNQ_v4
single,MNQ,2026-02-20 15:38:00+01:00,2026-02-20 16:06:00+01:00,Long,US,15,4,Canal Exit,130.76,1.0,4,24930.25,24996.0,24677.0,253.25,1.0158341773548198,0.2596248766041461,152.0,106.25,0.6001974333662389,0.41954590325765057,5.400572253900464,0.021662728026796616,-0.05639666712709314,True,True,False,0.021662728026796616,45.74509498165571,6.953993863093382,-1.7032415457704557,-11.655875640215205,8.657235408863837,28.14922115044473,1,4.0,-1.0,5.0,1.0,25068.25,0.5449160908193484,MNQ_v4
single,MNQ,2026-02-20 18:54:00+01:00,2026-02-20 21:56:00+01:00,Long,US,18,4,Auto-Close (profit),63.76,1.0,26,25041.5,25073.75,24879.25,162.25,0.6479244454206018,0.1987673343605547,81.0,112.5,0.49922958397534667,0.6933744221879815,50.34024348054663,0.20102726865621723,-0.09853319225483603,False,False,False,-0.20102726865621723,28.271168208902964,6.101328211162971,-5.042050963358484,1.5216959741654215,11.143379174521456,13.007997788750034,0,3.0,-1.0,3.0,-1.0,25070.25,0.17719568567026195,MNQ_v4
single,MNQ,2026-02-23 04:19:00+01:00,2026-02-23 07:56:00+01:00,Short,Asia,4,0,Stop Loss,-119.24,1.0,31,24822.5,24881.75,24881.75,59.25,0.23869473260147042,-1.0,15.5,69.75,0.2616033755274262,1.1772151898734178,12.260089905073983,0.04939103597572357,0.0019955168786429454,True,True,False,0.04939103597572357,-21.541554922663636,-0.051027097037337245,6.77019549169336,-22.641134611306715,-6.821222588730698,39.96587533888992,3,4.0,1.0,3.0,-1.0,24896.75,-1.2531645569620253,MNQ_v4
single,MNQ,2026-02-23 10:02:00+01:00,2026-02-23 10:23:00+01:00,Long,UK,10,0,Canal Exit,44.76,1.0,3,24971.25,24994.0,24877.75,93.5,0.37443059518446214,0.24331550802139038,27.5,28.25,0.29411764705882354,0.30213903743315507,1.438763770078367,0.005761681013478969,-0.008568366402693598,True,True,False,0.005761681013478969,3.4836218657073914,38.50135854876148,31.674695914515453,10.303546988795423,6.826662634246027,50.95610178699566,0,3.0,-1.0,10.0,1.0,24971.0,-0.00267379679144385,MNQ_v4
single,MNQ,2026-02-23 12:15:00+01:00,2026-02-23 12:43:00+01:00,Long,UK,12,0,Stop Loss,-150.72,3.0,4,24970.25,24945.5,24945.5,24.75,0.09911795036092952,-1.0,18.0,46.0,0.7272727272727273,1.8585858585858586,16.39961664454313,0.06567662175806462,-0.013557075531465604,False,False,False,-0.06567662175806462,6.364877054387762,0.22612308141638904,-2.153262170033896,4.4979794502599395,2.379385251450285,-32.44184650546645,0,1.0,-1.0,3.0,1.0,24924.75,-1.8383838383838385,MNQ_v4
single,MNQ,2026-02-23 15:52:00+01:00,2026-02-23 16:20:00+01:00,Short,US,15,0,Canal Exit,18.76,1.0,4,24907.0,24897.25,25040.0,133.0,0.5339864295178063,0.07330827067669173,67.5,46.5,0.5075187969924813,0.34962406015037595,2.8988950035200105,0.011638876635162847,0.02734045291206236,True,False,True,0.011638876635162847,-26.615738616765157,-7.626858728713345,-2.0663668098419796,2.8127072120035415,-5.5604919188713655,-28.679482244218878,2,4.0,1.0,4.0,-1.0,24775.5,0.9887218045112782,MNQ_v4
single,MNQ,2026-02-23 21:35:00+01:00,2026-02-23 21:56:00+01:00,Long,US,21,0,Auto-Close (profit),77.26,1.0,3,24729.25,24768.25,24678.5,50.75,0.20522256032835612,0.7684729064039408,52.25,18.75,1.0295566502463054,0.3694581280788177,6.250845782953547,0.02527713449843221,-0.03230509077684011,True,True,False,0.02527713449843221,2.676935270665126,11.294127698669657,3.2112833244600756,-11.317915839568292,8.082844374209582,34.925152527879575,0,8.0,-1.0,5.0,-1.0,24781.75,1.0344827586206897,MNQ_v4
single,MNQ,2026-02-24 01:59:00+01:00,2026-02-24 04:19:00+01:00,Long,Asia,1,1,Canal Exit,494.28,3.0,20,24797.25,24880.0,24772.75,24.5,0.09880127836756092,3.377551020408163,87.5,2.25,3.5714285714285716,0.09183673469387756,2.494614003386232,0.010060042961966475,-0.009993075625825425,False,True,True,-0.010060042961966475,0.09160428433460766,22.85143291669565,18.428565663416393,16.730980447138432,4.422867253279257,22.966439662469764,0,2.0,-1.0,1.0,-1.0,24877.0,3.2551020408163267,MNQ_v4
single,MNQ,2026-02-24 05:29:00+01:00,2026-02-24 06:11:00+01:00,Long,Asia,5,1,Stop Loss,-194.8,20.0,6,24869.75,24865.25,24865.25,4.5,0.018094271152705597,-1.0,20.5,7.75,4.555555555555555,1.7222222222222223,6.665780263065244,0.026802763449834618,0.0002681549444343004,False,False,False,-0.026802763449834618,0.6940791672386695,8.79449806492742,8.941224944671205,22.22361804756793,-0.14672687974378462,7.495779292735896,0,1.0,1.0,6.0,1.0,24840.75,-6.444444444444445,MNQ_v4
single,MNQ,2026-02-24 13:04:00+01:00,2026-02-24 13:25:00+01:00,Long,UK,13,1,Canal Exit,-44.24,1.0,3,24863.25,24841.5,24808.75,54.5,0.21919901863191657,-0.39908256880733944,38.0,29.25,0.6972477064220184,0.536697247706422,1.548962494576699,0.006229927682731337,-0.01962403946119028,False,True,True,-0.006229927682731337,3.964850866035704,3.784758605228989,-4.0176116850698,-0.8013309471204669,7.802370290298789,10.764918421974862,0,3.0,-1.0,5.0,1.0,24826.25,-0.6788990825688074,MNQ_v4
single,MNQ,2026-02-24 13:46:00+01:00,2026-02-24 14:42:00+01:00,Short,UK,13,1,Stop Loss,-143.74,1.0,8,24812.25,24883.75,24883.75,71.5,0.2881641124847606,-1.0,16.0,75.0,0.22377622377622378,1.048951048951049,3.5953920699030277,0.01449039111690003,0.021709865514316,True,True,False,0.01449039111690003,-14.081304877257935,-26.516999042180704,-21.869942862730966,-3.7004207507761984,-4.647056179449738,41.23224173512976,2,2.0,1.0,2.0,-1.0,24877.0,-0.9055944055944056,MNQ_v4
single,MNQ,2026-02-24 15:24:00+01:00,2026-02-24 15:38:00+01:00,Short,US,15,1,Stop Loss,-157.24,1.0,2,24813.0,24891.25,24891.25,78.25,0.31535888445572885,-1.0,119.0,99.25,1.5207667731629393,1.268370607028754,2.8742204592490452,0.011583526616084493,0.034933017169225464,True,False,True,0.011583526616084493,-22.81283217503369,-23.06368625951138,-13.898791317461434,3.3272196959740854,-9.164894942049944,-28.072030887941022,2,2.0,1.0,10.0,-1.0,24985.0,-2.198083067092652,MNQ_v4
single,MNQ,2026-02-25 08:03:00+01:00,2026-02-25 08:59:00+01:00,Short,Asia,8,2,Stop Loss,-181.92,8.0,8,25048.0,25059.0,25059.0,11.0,0.04391568189076972,-1.0,30.5,29.75,2.772727272727273,2.7045454545454546,1.402923262125114,0.005600939245149769,0.0020208364637369883,True,False,True,0.005600939245149769,-0.4306561828198028,-15.136510046204302,-12.595259059625027,-5.317965187077341,-2.541250986579275,-0.5487019600945949,0,1.0,1.0,4.0,-1.0,25064.0,-1.4545454545454546,MNQ_v4
single,MNQ,2026-02-25 15:03:00+01:00,2026-02-25 16:06:00+01:00,Long,UK,15,2,Canal Exit,591.52,2.0,9,25166.75,25315.0,25123.75,43.0,0.1708603613895318,3.447674418604651,194.25,36.75,4.517441860465116,0.8546511627906976,3.245335631421767,0.012895330670117385,-0.002034767963300494,False,True,True,-0.012895330670117385,0.729610466005397,26.04833764444747,20.098519579511898,18.22749395934648,5.949818064935574,43.56341033869693,0,2.0,-1.0,8.0,1.0,25297.75,3.046511627906977,MNQ_v4
single,MNQ,2026-02-25 17:44:00+01:00,2026-02-25 21:56:00+01:00,Long,US,17,2,Auto-Close (profit),122.26,1.0,36,25322.5,25384.0,25264.75,57.75,0.22805805114029026,1.0649350649350648,74.25,13.5,1.2857142857142858,0.23376623376623376,17.323097837142996,0.06840990359223219,-0.018324023995222812,False,False,False,-0.06840990359223219,5.700331345266022,22.40431914598867,16.877623291282006,10.912466995781978,5.526695854706663,20.5222486796967,0,5.0,-1.0,3.0,-1.0,25387.5,1.1255411255411256,MNQ_v4
single,MNQ,2026-02-26 01:24:00+01:00,2026-02-26 02:27:00+01:00,Long,Asia,1,3,Stop Loss,-118.24,1.0,9,25333.25,25274.5,25274.5,58.75,0.23190865759426837,-1.0,9.75,68.5,0.16595744680851063,1.1659574468085105,14.224705443179118,0.05615033777023918,-0.06191720167342857,False,True,True,-0.05615033777023918,57.075140368178836,6.6729365297297,1.330279118944989,8.894065288680714,5.342657410784711,-25.042953441727576,3,2.0,-1.0,1.0,1.0,25302.75,-0.5191489361702127,MNQ_v4
single,MNQ,2026-02-26 03:51:00+01:00,2026-02-26 04:40:00+01:00,Short,Asia,3,3,Stop Loss,-166.44,6.0,7,25306.75,25320.25,25320.25,13.5,0.053345451312396895,-1.0,12.25,17.0,0.9074074074074074,1.2592592592592593,2.3484312586660963,0.00927986113849505,-0.0012107480321778413,True,True,False,0.00927986113849505,-0.8645550710170937,-9.876566253518616,-13.754499986434794,-0.9020187493738246,3.877933732916178,19.285108755411304,0,5.0,-1.0,2.0,-1.0,25302.75,0.2962962962962963,MNQ_v4
single,MNQ,2026-02-26 10:23:00+01:00,2026-02-26 10:51:00+01:00,Long,UK,10,3,Canal Exit,6.52,2.0,4,25380.5,25382.5,25345.5,35.0,0.1379011445795,0.05714285714285714,21.5,16.75,0.6142857142857143,0.4785714285714286,3.502466269819706,0.013799831641692267,-0.007361612772333326,False,True,True,-0.013799831641692267,3.6938864127332636,20.352065130744307,9.920563073020082,18.202009486233013,10.431502057724225,39.90075708017969,0,4.0,-1.0,9.0,1.0,25356.0,-0.7,MNQ_v4
single,MNQ,2026-02-26 15:10:00+01:00,2026-02-26 15:45:00+01:00,Short,UK,15,3,Canal Exit,640.52,2.0,5,25375.0,25214.5,25415.5,40.5,0.15960591133004925,3.962962962962963,170.75,10.0,4.216049382716049,0.24691358024691357,2.255818576712045,0.008889925425466186,0.014591650043782234,True,False,True,0.008889925425466186,-7.829135237236187,-15.586974878666968,-7.274836149713661,6.471760523968239,-8.312138728953308,-44.93843329650963,1,5.0,1.0,1.0,-1.0,25197.5,4.382716049382716,MNQ_v4
single,MNQ,2026-02-27 07:49:00+01:00,2026-02-27 08:38:00+01:00,Long,Asia,7,4,Canal Exit,173.52,2.0,7,25027.25,25071.0,24991.75,35.5,0.1418453885265061,1.232394366197183,47.25,5.0,1.3309859154929577,0.14084507042253522,13.783554810433998,0.0550741883764057,-0.022411384960030457,False,True,True,-0.0550741883764057,5.542284176557587,6.50689395422761,-0.9977711517915115,7.387082978259023,7.504665106019122,44.54202301837758,1,7.0,-1.0,9.0,1.0,25062.0,0.9788732394366197,MNQ_v4
single,MNQ,2026-02-27 09:20:00+01:00,2026-02-27 10:09:00+01:00,Short,UK,9,4,Stop Loss,-152.48,2.0,7,25052.25,25090.0,25090.0,37.75,0.15068506820744643,-1.0,6.0,40.25,0.15894039735099338,1.0662251655629138,1.2023826429212932,0.00479949961748463,0.022760581904436687,True,False,True,0.00479949961748463,-12.811466047758586,-2.63083315558779,3.9575294091760487,10.260628635255577,-6.588362564763839,18.79377352999066,2,3.0,1.0,3.0,-1.0,25057.25,-0.13245033112582782,MNQ_v4
single,MNQ,2026-03-02 03:02:00+01:00,2026-03-02 05:50:00+01:00,Short,Asia,3,0,Canal Exit,138.26,1.0,24,24839.75,24770.25,24901.25,61.5,0.24758703288076572,1.1300813008130082,99.0,35.25,1.6097560975609757,0.573170731707317,19.611789939655864,0.07895325009171132,0.07843605553096868,True,True,False,0.07895325009171132,-71.78765918396675,-6.34791979667062,1.9213600916349023,1.8795863343151211,-8.269279888305523,13.594043420222887,3,4.0,1.0,6.0,1.0,24738.25,1.6504065040650406,MNQ_v4
single,MNQ,2026-03-03 02:41:00+01:00,2026-03-03 03:16:00+01:00,Short,Asia,2,1,Canal Exit,159.76,1.0,5,24908.25,24828.0,24983.0,74.75,0.3001013720353698,1.0735785953177257,96.5,10.5,1.2909698996655519,0.14046822742474915,2.6966624044143828,0.010826382441216796,0.0017188001605166231,True,False,True,0.010826382441216796,-5.098175733877724,-7.249066280022364,-0.4727912663337901,-12.898154924011989,-6.776275013688574,-43.463107848117815,1,5.0,1.0,7.0,-1.0,24840.75,0.903010033444816,MNQ_v4
single,MNQ,2026-03-03 05:15:00+01:00,2026-03-03 07:42:00+01:00,Short,Asia,5,1,Canal Exit,191.26,1.0,21,24838.75,24742.75,24884.75,46.0,0.18519450455437572,2.0869565217391304,100.5,8.0,2.1847826086956523,0.17391304347826086,7.762531399603176,0.0312516990573325,0.008604037750793665,True,True,False,0.0312516990573325,-15.749893336898822,-2.2700970185641474,2.6648689948140607,-22.855587999089646,-4.934966013378208,-2.909361715136967,2,6.0,1.0,6.0,1.0,24711.0,2.777173913043478,MNQ_v4
single,MNQ,2026-03-03 15:31:00+01:00,2026-03-03 15:45:00+01:00,Long,US,15,1,Canal Exit,-230.24,1.0,2,24642.25,24527.5,24447.75,194.5,0.7892948087126783,-0.589974293059126,18.75,154.75,0.09640102827763496,0.7956298200514139,2.5897937919580727,0.010509567072641795,-0.05946135320466124,True,True,False,0.010509567072641795,15.932865561764629,32.70920326286438,23.491034078875952,3.81455176633434,9.218169183988426,28.920358051758665,0,2.0,-1.0,7.0,1.0,24455.0,-0.9627249357326478,MNQ_v4
single,MNQ,2026-03-03 16:06:00+01:00,2026-03-03 16:34:00+01:00,Short,US,16,1,Canal Exit,119.76,1.0,4,24515.25,24455.0,24661.0,145.75,0.5945278959015307,0.41337907375643224,164.5,36.75,1.1286449399656946,0.2521440823327616,16.89079998217494,0.06889915453513605,0.05249047044793638,True,False,True,0.06889915453513605,-17.41063939263404,-21.623209797162414,-14.456716068643491,6.315413447175068,-7.1664937285189225,-33.14553905491063,2,4.0,1.0,9.0,-1.0,24640.5,-0.8593481989708405,MNQ_v4
single,MNQ,2026-03-03 21:14:00+01:00,2026-03-03 21:56:00+01:00,Long,US,21,1,Auto-Close (loss),-41.24,1.0,6,24777.25,24757.0,24709.25,68.0,0.2744453076915315,-0.2977941176470588,30.75,59.5,0.4522058823529412,0.875,12.207965146255447,0.04927086398311131,0.012088986638645865,False,False,False,-0.04927086398311131,4.022127156931674,8.052546035054046,11.642168701981443,4.0230318743632045,-3.589622666927397,-27.514038429352482,0,8.0,1.0,2.0,1.0,24739.5,-0.5551470588235294,MNQ_v4
single,MNQ,2026-03-04 02:13:00+01:00,2026-03-04 02:41:00+01:00,Short,Asia,2,2,Canal Exit,41.26,1.0,4,24700.0,24679.0,24804.25,104.25,0.42206477732793524,0.2014388489208633,70.25,22.0,0.6738609112709832,0.21103117505995203,2.2145826252017287,0.008965921559521169,0.007692199126103359,False,False,False,-0.008965921559521169,-7.870964310041018,-12.190062888540805,-10.093698416587056,-2.203911256857046,-2.0963644719537484,-28.291284694324855,0,4.0,1.0,4.0,-1.0,24637.75,0.5971223021582733,MNQ_v4
single,MNQ,2026-03-04 05:43:00+01:00,2026-03-04 08:38:00+01:00,Short,Asia,5,2,Stop Loss,-177.48,2.0,25,24600.25,24644.25,24644.25,44.0,0.17885997093525474,-1.0,101.75,65.75,2.3125,1.4943181818181819,22.297925039856636,0.0906410505578465,0.024045739985727267,True,True,False,0.0906410505578465,-0.9870731013761542,-3.751025740633646,0.9594204163324018,-7.974354398705603,-4.710446156966047,38.605132770170606,0,4.0,1.0,3.0,-1.0,24660.75,-1.375,MNQ_v4
single,MNQ,2026-03-04 15:59:00+01:00,2026-03-04 16:34:00+01:00,Long,US,15,2,Canal Exit,277.26,1.0,5,24937.25,25076.25,24813.5,123.75,0.49624557639675587,1.1232323232323231,210.5,57.25,1.701010101010101,0.4626262626262626,11.780397205737245,0.047240161628636854,0.007092909891957831,False,True,True,-0.047240161628636854,9.097329100004572,1.2147097858134697,-0.6812655713307126,13.309933119219949,1.8959753571441822,45.916714940249776,1,5.0,-1.0,7.0,1.0,25136.75,1.612121212121212,MNQ_v4
single,MNQ,2026-03-04 18:54:00+01:00,2026-03-04 21:56:00+01:00,Long,US,18,2,Auto-Close (loss),-118.74,1.0,26,25179.0,25120.0,25051.25,127.75,0.5073672504865165,-0.461839530332681,38.0,85.25,0.2974559686888454,0.6673189823874756,18.108558208572504,0.07191929071278647,0.004601159769771284,False,False,False,-0.07191929071278647,4.04379030367636,23.92025737325549,18.847008911863785,17.463859692817234,5.073248461391707,-16.09350313658396,0,3.0,-1.0,8.0,-1.0,25132.5,-0.3639921722113503,MNQ_v4
single,MNQ,2026-03-05 06:18:00+01:00,2026-03-05 08:31:00+01:00,Short,Asia,6,3,Canal Exit,59.28,3.0,19,25076.75,25066.5,25106.5,29.75,0.11863578813043954,0.3445378151260504,96.0,19.75,3.226890756302521,0.6638655462184874,9.251210833135701,0.03689158616302233,0.02484536668020064,True,True,False,0.03689158616302233,-30.150611983241106,-8.66542453342466,-0.9847737373769849,-6.321990782901149,-7.680650796047676,30.2943419760052,3,5.0,1.0,7.0,1.0,25018.5,1.9579831932773109,MNQ_v4
single,MNQ,2026-03-05 08:52:00+01:00,2026-03-05 10:02:00+01:00,Short,Asia,8,3,Stop Loss,-140.48,2.0,10,25059.0,25093.75,25093.75,34.75,0.13867273235165012,-1.0,86.0,107.25,2.4748201438848922,3.0863309352517985,18.24309604026348,0.07280057480451527,0.04094965197544942,True,False,True,0.07280057480451527,-24.96790179076197,-8.347736708493658,-2.328362114663194,-6.053089837845662,-6.019374593830464,23.369942827798035,2,4.0,1.0,3.0,-1.0,25129.75,-2.035971223021583,MNQ_v4
single,MNQ,2026-03-05 10:51:00+01:00,2026-03-05 12:36:00+01:00,Short,UK,10,3,Canal Exit,-0.74,1.0,15,25112.75,25112.75,25206.5,93.75,0.37331634329175417,-0.0,30.75,39.25,0.328,0.4186666666666667,32.91029478251585,0.13105014298520012,0.08797118278955683,True,True,False,0.13105014298520012,-42.821685060553136,-5.656707633680908,0.4662346025917392,1.3014586148449563,-6.122942236272647,21.32084536041812,2,3.0,1.0,6.0,1.0,25127.25,-0.15466666666666667,MNQ_v4
single,MNQ,2026-03-05 12:57:00+01:00,2026-03-05 13:18:00+01:00,Short,UK,12,3,Stop Loss,-139.24,1.0,3,25082.75,25152.0,25152.0,69.25,0.2760861548275209,-1.0,4.5,74.0,0.06498194945848375,1.068592057761733,2.0975969945211546,0.008362707416535884,0.011441378999702679,False,False,False,-0.008362707416535884,-2.067224462971353,-20.397815556749258,-12.314127430418143,-1.1904211538232765,-8.083688126331115,-24.98422573368945,0,3.0,1.0,4.0,-1.0,25048.75,0.49097472924187724,MNQ_v4
single,MNQ,2026-03-05 16:34:00+01:00,2026-03-05 17:37:00+01:00,Short,US,16,3,Canal Exit,78.26,1.0,9,25048.75,25009.25,25208.25,159.5,0.6367583212735167,0.2476489028213166,108.75,48.25,0.6818181818181818,0.30250783699059564,4.4708549284914625,0.01784861491488183,0.09032666141121877,True,False,True,0.01784861491488183,-65.21824428002947,-24.94859684016527,-18.845502738369444,11.016848374417568,-6.103094101795826,-17.396715982146382,2,2.0,1.0,5.0,-1.0,24977.75,0.445141065830721,MNQ_v4
single,MNQ,2026-03-05 17:58:00+01:00,2026-03-05 18:12:00+01:00,Long,US,17,3,Canal Exit,-265.74,1.0,2,25110.25,24977.75,24965.0,145.25,0.5784490397347697,-0.9122203098106713,12.75,134.5,0.08777969018932874,0.9259896729776248,1.7658786465399317,0.007032501255622432,-0.05544893343054078,True,True,False,0.007032501255622432,34.77102371202636,20.980131393348962,13.239153675155437,9.597297533303491,7.740977718193525,16.109754373091924,2,2.0,-1.0,6.0,1.0,24817.0,-2.018932874354561,MNQ_v4
single,MNQ,2026-03-05 18:33:00+01:00,2026-03-05 18:54:00+01:00,Short,US,18,3,Canal Exit,139.76,1.0,3,24887.25,24817.0,25123.0,235.75,0.9472721976112266,0.2979851537645811,102.0,35.25,0.432661717921527,0.14952279957582185,3.0162413804864627,0.012119625030834916,0.03593785470299511,False,False,False,-0.012119625030834916,-25.00038644392771,-34.78236674870741,-26.96596894730179,5.610579974207528,-7.816397801405621,-43.56704326944056,1,3.0,1.0,4.0,-1.0,24789.5,0.4146341463414634,MNQ_v4
single,MNQ,2026-03-06 02:06:00+01:00,2026-03-06 02:27:00+01:00,Long,Asia,2,4,Stop Loss,-151.48,2.0,3,25083.5,25046.0,25046.0,37.5,0.14950066776964938,-1.0,7.75,45.5,0.20666666666666667,1.2133333333333334,8.031079975735338,0.03201738184757047,0.010770409106471661,False,False,False,-0.03201738184757047,4.607233721228113,3.9241913487734803,1.4660122330146195,18.775341233450703,2.4581791157588606,-9.564818218068565,1,1.0,-1.0,1.0,1.0,25073.75,-0.26,MNQ_v4
single,MNQ,2026-03-06 09:20:00+01:00,2026-03-06 13:11:00+01:00,Short,UK,9,4,Canal Exit,383.76,1.0,33,25059.0,24866.75,25139.75,80.75,0.3222395147452013,2.3808049535603715,222.75,50.25,2.7585139318885448,0.6222910216718266,5.332810334577516,0.02128101813551026,0.010636385631455112,False,False,False,-0.02128101813551026,-3.017627340479521,-31.549194767917687,-25.08188855134034,-9.25669534319182,-6.467306216577345,-37.67610192524128,0,2.0,1.0,12.0,-1.0,24740.5,3.9442724458204332,MNQ_v4
single,MNQ,2026-03-06 15:52:00+01:00,2026-03-06 16:41:00+01:00,Long,US,15,4,Canal Exit,685.52,2.0,7,24646.25,24818.0,24611.75,34.5,0.13998072729117006,4.978260869565218,246.5,14.5,7.144927536231884,0.42028985507246375,11.390073045156896,0.046214223442336645,-0.08263768518832137,True,True,False,0.046214223442336645,53.3175027616453,5.997955682279107,3.9894095986409503,-21.77522838206652,2.008546083638157,37.88316530880599,3,7.0,-1.0,8.0,1.0,24871.5,6.528985507246377,MNQ_v4
single,MNQ,2026-03-06 19:22:00+01:00,2026-03-06 19:29:00+01:00,Long,US,19,4,Canal Exit,16.26,1.0,1,24825.0,24833.5,24744.0,81.0,0.32628398791540786,0.10493827160493827,61.5,10.75,0.7592592592592593,0.13271604938271606,2.2295913218185888,0.008981233924747587,-0.039657622195844996,True,True,False,0.008981233924747587,5.1259176507956,24.779896307930482,21.752736550842876,9.708535170567897,3.027159757087606,23.124670391539507,0,1.0,-1.0,6.0,1.0,24828.5,0.043209876543209874,MNQ_v4
single,MNQ,2026-03-09 09:02:00+01:00,2026-03-09 10:47:00+01:00,Long,UK,9,0,Canal Exit,228.76,1.0,15,24290.0,24404.75,24210.25,79.75,0.32832441333882256,1.438871473354232,205.0,57.0,2.5705329153605017,0.7147335423197492,1.0784097895520972,0.004439727416846839,0.005219650197081359,False,True,True,-0.004439727416846839,2.2784733081934974,14.365235715255258,15.43918043028092,17.004852951493913,-1.0739447150256627,36.08395935538725,0,2.0,1.0,7.0,1.0,24385.75,1.2006269592476488,MNQ_v4
single,MNQ,2026-03-09 11:08:00+01:00,2026-03-09 11:36:00+01:00,Short,UK,11,0,Canal Exit,-8.24,1.0,4,24382.0,24385.75,24495.0,113.0,0.46345664834714134,-0.033185840707964605,23.25,35.75,0.20575221238938052,0.3163716814159292,21.39292988069792,0.08774066885693513,0.09504102164092633,True,False,True,0.08774066885693513,-15.577627749109524,-8.509263870247947,0.3224691497143519,12.394416290788214,-8.8317330199623,-24.298490705422026,0,4.0,1.0,7.0,-1.0,24362.75,0.17035398230088494,MNQ_v4
single,MNQ,2026-03-09 19:11:00+01:00,2026-03-09 20:49:00+01:00,Long,US,19,0,Canal Exit,631.26,1.0,14,24653.75,24969.75,24575.5,78.25,0.31739593368148866,4.038338658146965,401.25,40.25,5.127795527156549,0.5143769968051118,29.697351794304268,0.12045774697279023,-0.06591673888990644,False,True,True,-0.12045774697279023,64.58019212854197,8.78461432747117,-0.800252900060304,14.299372588874059,9.584867227531474,42.3951678564021,2,6.0,-1.0,8.0,1.0,24969.5,4.035143769968051,MNQ_v4
single,MNQ,2026-03-10 14:59:00+01:00,2026-03-10 15:34:00+01:00,Short,US,14,1,Stop Loss,-187.74,1.0,5,24987.5,25081.0,25081.0,93.5,0.3741870935467734,-1.0,95.0,106.75,1.0160427807486632,1.141711229946524,19.53075911754422,0.07816211752894135,0.045919040586203504,True,False,True,0.07816211752894135,-20.84666746678704,-7.4639608226919245,-2.09181970326652,3.4883002377105767,-5.372141119425405,18.721362257381983,1,3.0,1.0,4.0,-1.0,25132.75,-1.553475935828877,MNQ_v4
single,MNQ,2026-03-10 23:14:00+01:00,2026-03-11 00:59:00+01:00,Short,Asia,23,1,Stop Loss,-138.48,2.0,15,24994.5,25028.75,25028.75,34.25,0.1370301466322591,-1.0,43.0,35.5,1.2554744525547445,1.0364963503649636,4.598146634976729,0.01839663379934277,0.014578919722000542,True,True,False,0.01839663379934277,-3.183941144234268,-16.81422276155795,-15.824208773622741,-15.544647655571234,-0.9900139879352086,31.462159749100024,0,6.0,1.0,4.0,-1.0,25069.25,-2.1824817518248176,MNQ_v4
single,MNQ,2026-03-11 04:15:00+01:00,2026-03-11 06:07:00+01:00,Long,Asia,4,2,Stop Loss,-141.72,3.0,16,25097.0,25073.75,25073.75,23.25,0.09264055464796589,-1.0,26.5,40.75,1.1397849462365592,1.7526881720430108,1.9701391233757022,0.007850098112825048,-2.4141665594746017e-05,False,False,False,-0.007850098112825048,0.1446143910252431,28.723209805494616,25.215426438169068,18.849505080916447,3.5077833673255476,-44.882004095276464,0,1.0,-1.0,1.0,1.0,25070.25,-1.1505376344086022,MNQ_v4
single,MNQ,2026-03-11 09:51:00+01:00,2026-03-11 10:19:00+01:00,Short,UK,9,2,Canal Exit,70.76,1.0,4,24982.25,24946.5,25037.75,55.5,0.22215773198971267,0.6441441441441441,57.25,16.75,1.0315315315315314,0.30180180180180183,10.28420768390788,0.041166058637263976,0.01839309486328476,True,False,True,0.041166058637263976,-8.668941086009,-12.884555618768857,-5.840205849411488,-8.851214503563375,-7.044349769357369,-38.06601861024308,1,4.0,1.0,4.0,-1.0,24915.0,1.2117117117117118,MNQ_v4
single,MNQ,2026-03-11 11:15:00+01:00,2026-03-11 11:43:00+01:00,Long,UK,11,2,Canal Exit,72.26,1.0,4,24977.0,25013.5,24895.25,81.75,0.32730111702766546,0.44648318042813456,48.0,18.75,0.5871559633027523,0.22935779816513763,5.476956214857637,0.021927998618159254,-0.03401466726986755,True,True,False,0.021927998618159254,24.30806722190391,9.853275831924911,0.01536788662505284,-9.341423294253767,9.837907945299857,48.245534738283766,2,4.0,-1.0,11.0,1.0,24952.0,-0.3058103975535168,MNQ_v4
single,MNQ,2026-03-11 18:36:00+01:00,2026-03-11 19:04:00+01:00,Short,US,18,2,Canal Exit,10.76,1.0,4,24915.25,24909.5,25035.0,119.75,0.48062933344036285,0.04801670146137787,41.5,79.75,0.3465553235908142,0.6659707724425887,15.828729036489676,0.06353028380806805,0.05522890432233744,True,False,True,0.06353028380806805,-9.808515484568488,-6.348380753358571,0.34702193627053424,-6.055129337943576,-6.6954026896291055,-17.60796622491828,0,3.0,1.0,2.0,1.0,24926.5,-0.09394572025052192,MNQ_v4
single,MNQ,2026-03-11 19:46:00+01:00,2026-03-11 20:28:00+01:00,Long,US,19,2,Canal Exit,24.26,1.0,6,24955.75,24968.25,24890.25,65.5,0.2624645622752272,0.19083969465648856,21.75,42.25,0.3320610687022901,0.6450381679389313,2.5914004507212667,0.010383981450051658,-0.038279618835862714,False,True,True,-0.010383981450051658,14.591346786390204,21.049007065956765,15.393235378953475,-5.742773883403841,5.6557716870032895,-9.036461804546915,2,2.0,-1.0,4.0,-1.0,24949.25,-0.09923664122137404,MNQ_v4
single,MNQ,2026-03-12 05:46:00+01:00,2026-03-12 06:00:00+01:00,Short,Asia,5,3,Stop Loss,-153.48,2.0,2,24713.75,24751.75,24751.75,38.0,0.1537605583936068,-1.0,4.5,63.75,0.11842105263157894,1.6776315789473684,9.228967985101917,0.03734345449436818,0.01055603286930251,True,True,False,0.03734345449436818,-14.620678714622045,-13.122681730261888,-4.958444207270109,-9.831287192672125,-8.16423752299178,-20.14284435851617,2,2.0,1.0,6.0,-1.0,24745.25,-0.8289473684210527,MNQ_v4
single,MNQ,2026-03-12 17:47:00+01:00,2026-03-12 20:56:00+01:00,Short,US,17,3,Auto-Close (profit),150.26,1.0,27,24631.25,24555.75,24735.25,104.0,0.4222278609489977,0.7259615384615384,88.25,92.75,0.8485576923076923,0.8918269230769231,15.296635957682156,0.06210255653968904,0.03649918981157248,True,False,True,0.06210255653968904,-55.68136136247995,-0.9105607454050465,1.5845881966175397,-4.912557438496758,-2.495148942022586,-22.237780079267015,3,2.0,1.0,3.0,1.0,24547.5,0.8052884615384616,MNQ_v4
single,MNQ,2026-03-13 01:27:00+01:00,2026-03-13 01:48:00+01:00,Long,Asia,1,4,Canal Exit,-55.24,1.0,3,24636.25,24609.0,24491.5,144.75,0.5875488355573596,-0.18825561312607944,11.0,31.5,0.07599309153713299,0.21761658031088082,1.7448449662042549,0.0070824292098199,-0.03317024837975569,True,True,False,0.0070824292098199,4.55788262193164,33.56903067316074,23.63516345630604,-3.5144479103508446,9.9338672168547,38.61898309343481,0,3.0,-1.0,11.0,1.0,24645.75,0.06563039723661486,MNQ_v4
single,MNQ,2026-03-13 07:31:00+01:00,2026-03-13 08:13:00+01:00,Short,Asia,7,4,Canal Exit,181.76,1.0,6,24525.5,24434.25,24596.0,70.5,0.2874559132331655,1.2943262411347518,109.75,34.5,1.5567375886524824,0.48936170212765956,0.9666800049744779,0.003941530264314603,0.006986456402071513,True,False,True,0.003941530264314603,-2.8732198390753183,-21.086154126932254,-16.004128608701826,-4.939038166921557,-5.082025518230427,-44.36920695866096,0,6.0,1.0,7.0,-1.0,24423.5,1.446808510638298,MNQ_v4
single,MNQ,2026-03-13 18:43:00+01:00,2026-03-13 20:56:00+01:00,Short,US,18,4,Auto-Close (loss),-59.24,1.0,19,24368.25,24397.5,24488.25,120.0,0.4924440614323966,-0.24375,17.5,104.5,0.14583333333333334,0.8708333333333333,11.23137919234432,0.046090216541377904,0.01173209228761853,True,False,True,0.046090216541377904,-2.178351255995949,-7.8069749366801995,-1.565322468399617,-24.25726901728667,-6.2416524682805825,-25.881855639578443,0,4.0,1.0,6.0,-1.0,24365.0,0.027083333333333334,MNQ_v4
single,MNQ,2026-03-16 03:19:00+01:00,2026-03-16 07:52:00+01:00,Long,Asia,3,0,Canal Exit,416.28,3.0,39,24493.25,24563.0,24468.75,24.5,0.10002755861308726,2.8469387755102042,74.75,18.75,3.0510204081632653,0.7653061224489796,5.971575724615832,0.024380495543122417,-0.0037143291856859217,False,False,False,-0.024380495543122417,0.7766673847472703,15.927106809608128,17.967952568732812,12.255574059665477,-2.040845759124684,-7.452072568880225,0,5.0,1.0,3.0,-1.0,24540.75,1.9387755102040816,MNQ_v4
single,MNQ,2026-03-16 14:52:00+01:00,2026-03-16 15:27:00+01:00,Long,US,14,0,Canal Exit,-119.74,1.0,5,24736.5,24677.0,24623.0,113.5,0.458836132840135,-0.5242290748898678,29.25,61.5,0.2577092511013216,0.5418502202643172,6.801492296508513,0.02749577465085406,-0.008543761417552875,False,True,True,-0.02749577465085406,4.666865747236443,17.843771194108697,11.35079300928303,11.790750442910353,6.492978184825667,15.214804070807057,0,3.0,-1.0,4.0,1.0,24685.0,-0.45374449339207046,MNQ_v4
single,MNQ,2026-03-16 16:16:00+01:00,2026-03-16 19:46:00+01:00,Long,US,16,0,Canal Exit,-16.24,1.0,30,24726.25,24718.5,24602.25,124.0,0.5014913300642031,-0.0625,13.5,109.0,0.10887096774193548,0.8790322580645161,23.05893525465217,0.09325690411870854,-0.039416783462058985,False,True,True,-0.09325690411870854,31.808741502969497,8.457074427688172,-1.4482696121502636,6.148064445688678,9.905344039838436,34.65066691778306,2,4.0,-1.0,7.0,1.0,24662.25,-0.5161290322580645,MNQ_v4
single,MNQ,2026-03-16 20:07:00+01:00,2026-03-16 20:35:00+01:00,Short,US,20,0,Canal Exit,79.26,1.0,4,24702.25,24662.25,24816.25,114.0,0.4614964223906729,0.3508771929824561,42.75,114.0,0.375,1.0,2.3588759730482707,0.009549235284430652,0.01938994217251655,True,False,True,0.009549235284430652,-8.17268098097702,-16.672916903087543,-8.523307230511064,8.554016819404856,-8.14960967257648,-38.71286091548573,1,4.0,1.0,8.0,-1.0,24647.75,0.4780701754385965,MNQ_v4
single,MNQ,2026-03-16 23:56:00+01:00,2026-03-17 00:59:00+01:00,Short,Asia,23,0,Stop Loss,-179.22,3.0,9,24847.5,24877.0,24877.0,29.5,0.11872421772814165,-1.0,10.75,35.0,0.3644067796610169,1.1864406779661016,42.11540212554246,0.1694955312427506,0.11972956513811854,True,False,True,0.1694955312427506,-57.58001754300858,-9.287389451931935,-2.4503506882428923,-11.703912900423811,-6.837038763689042,25.79909640172,2,4.0,1.0,6.0,1.0,24834.0,0.4576271186440678,MNQ_v4
single,MNQ,2026-03-17 07:45:00+01:00,2026-03-17 08:41:00+01:00,Long,Asia,7,1,Canal Exit,285.04,4.0,8,24747.75,24783.75,24729.0,18.75,0.07576446343606993,1.92,68.5,10.75,3.6533333333333333,0.5733333333333334,15.219710995450441,0.061499372651859015,-0.054103974517158405,False,True,True,-0.061499372651859015,19.54205767484018,2.4430908525709087,-1.451917406539418,-0.8749519310499766,3.8950082591103268,40.14736817838538,1,8.0,-1.0,8.0,1.0,24794.0,2.466666666666667,MNQ_v4
single,MNQ,2026-03-17 23:07:00+01:00,2026-03-18 00:31:00+01:00,Short,Asia,23,1,Canal Exit,94.56,6.0,12,25015.25,25007.0,25028.5,13.25,0.052967689709277344,0.6226415094339622,25.25,8.75,1.9056603773584906,0.660377358490566,1.0099000655973214,0.004037137608448133,0.009296752036916647,False,True,True,-0.004037137608448133,-11.388893850908062,-8.19187358154709,-2.968577402532606,3.983603404904494,-5.2232961790144845,8.990732785859828,3,5.0,1.0,4.0,1.0,25024.0,-0.660377358490566,MNQ_v4
single,MNQ,2026-03-18 04:43:00+01:00,2026-03-18 08:27:00+01:00,Long,Asia,4,2,Canal Exit,100.26,1.0,32,25129.0,25179.5,25080.5,48.5,0.19300409884993433,1.041237113402062,81.75,10.0,1.6855670103092784,0.20618556701030927,6.773671419250604,0.0269555948077942,0.000661203626530006,False,False,False,-0.0269555948077942,1.422401813117176,15.84454789215002,12.245702720769856,22.20035228797113,3.598845171380164,-22.384859225732868,0,5.0,-1.0,3.0,-1.0,25165.25,0.7474226804123711,MNQ_v4
single,MNQ,2026-03-18 11:57:00+01:00,2026-03-18 12:11:00+01:00,Short,UK,11,2,Canal Exit,-85.48,2.0,2,25153.75,25174.75,25197.75,44.0,0.17492421607116235,-0.4772727272727273,7.0,22.0,0.1590909090909091,0.5,1.3201013709840481,0.005248129487587529,0.01088991810782585,False,False,False,-0.005248129487587529,-4.588417440976627,-16.17488927998507,-6.357868198232923,-5.871757682478659,-9.817021081752147,-27.90266967594393,1,2.0,1.0,6.0,-1.0,25112.75,0.9318181818181818,MNQ_v4
single,MNQ,2026-03-18 15:34:00+01:00,2026-03-18 16:37:00+01:00,Short,US,15,2,Canal Exit,-106.24,1.0,9,24841.5,24894.25,24999.0,157.5,0.6340196848016424,-0.3349206349206349,22.25,90.25,0.14126984126984127,0.573015873015873,0.07962355790368747,0.00032052636879289684,0.020102665462754375,False,True,True,-0.00032052636879289684,-12.393928958044853,-39.16303389729136,-36.25401282591481,-3.116434214092532,-2.90902107137655,17.011233381585047,0,1.0,1.0,5.0,1.0,24899.75,-0.36984126984126986,MNQ_v4
single,MNQ,2026-03-19 09:02:00+01:00,2026-03-19 09:58:00+01:00,Short,UK,9,3,Canal Exit,-38.22,3.0,8,24573.75,24579.75,24603.0,29.25,0.11902945215931633,-0.20512820512820512,68.25,20.25,2.3333333333333335,0.6923076923076923,1.3066670734478976,0.005317328748961382,-0.004568103323362885,False,False,False,-0.005317328748961382,-1.0853963094923529,-15.110810218741271,-15.148980066591111,-1.3494170053019243,0.03816984784984001,-20.22029604547203,0,3.0,-1.0,3.0,-1.0,24511.5,2.128205128205128,MNQ_v4
single,MNQ,2026-03-19 11:36:00+01:00,2026-03-19 13:21:00+01:00,Short,UK,11,3,Canal Exit,224.76,1.0,15,24581.75,24469.0,24627.25,45.5,0.18509666724297497,2.478021978021978,121.25,31.75,2.6648351648351647,0.6978021978021978,15.557880485401256,0.06329036982884155,0.043791516611347295,True,False,True,0.06329036982884155,-36.993704879707366,-5.576992803411186,1.6760945139294283,-6.661953827869513,-7.253087317340615,-10.59733534495722,3,4.0,1.0,8.0,1.0,24432.75,3.2747252747252746,MNQ_v4
single,MNQ,2026-03-19 18:50:00+01:00,2026-03-19 19:25:00+01:00,Long,US,18,3,Canal Exit,-11.74,1.0,5,24463.5,24458.0,24377.25,86.25,0.3525660678153167,-0.06376811594202898,57.5,38.75,0.6666666666666666,0.4492753623188406,3.979086577288399,0.01626540183247859,-0.0278283364493477,False,True,True,-0.01626540183247859,7.383334654510691,10.420704714043504,5.474458054861375,-0.4084434775602392,4.946246659182129,21.60826995301342,0,5.0,-1.0,4.0,1.0,24509.0,0.527536231884058,MNQ_v4
single,MNQ,2026-03-19 19:46:00+01:00,2026-03-19 19:53:00+01:00,Short,US,19,3,Stop Loss,-161.74,1.0,1,24440.5,24521.0,24521.0,80.5,0.32937133037376487,-1.0,23.25,83.75,0.2888198757763975,1.0403726708074534,12.708852704861783,0.051999151837572,0.03321751743246358,True,True,False,0.051999151837572,-17.216329253016738,-18.22070092936922,-10.878518253561296,1.1380794402762813,-7.342182675807923,-15.764636153202058,1,1.0,1.0,5.0,-1.0,24580.75,-1.7422360248447204,MNQ_v4
single,MNQ,2026-03-19 23:35:00+01:00,2026-03-20 06:07:00+01:00,Long,Asia,23,3,Stop Loss,-147.74,1.0,56,24636.75,24563.25,24563.25,73.5,0.29833480471247226,-1.0,24.0,77.75,0.32653061224489793,1.0578231292517006,4.690127813439176,0.01903712061631171,-0.0008422286802186531,False,False,False,-0.01903712061631171,0.0822602152293257,11.770814378755658,7.016919735900906,15.144944950981928,4.7538946428547515,-43.43835145464102,0,2.0,-1.0,1.0,1.0,24580.5,-0.7653061224489796,MNQ_v4
single,MNQ,2026-03-20 07:24:00+01:00,2026-03-20 07:52:00+01:00,Short,Asia,7,4,Canal Exit,129.52,2.0,4,24562.25,24529.5,24604.5,42.25,0.17201192887459416,0.7751479289940828,43.25,8.5,1.0236686390532543,0.20118343195266272,3.837244129317696,0.01562252696441774,0.010274793784753261,True,False,True,0.01562252696441774,-1.1768872745633416,-28.2503903866655,-20.343324590884038,-8.630257493807568,-7.907065795781463,-39.59999783307375,0,4.0,1.0,9.0,-1.0,24582.5,-0.47928994082840237,MNQ_v4
single,MNQ,2026-03-20 09:30:00+01:00,2026-03-20 10:54:00+01:00,Short,UK,9,4,Canal Exit,1023.78,3.0,12,24590.5,24419.5,24616.5,26.0,0.10573188833085947,6.576923076923077,182.5,13.0,7.019230769230769,0.5,16.83980268349842,0.06848092834020625,0.038970796576844546,True,False,True,0.06848092834020625,-21.904821346572135,-3.573782105181883,2.4278820298914323,0.09934999859956524,-6.001664135073316,-41.38495435062903,1,4.0,1.0,1.0,-1.0,24354.5,9.076923076923077,MNQ_v4
single,MNQ,2026-03-20 17:33:00+01:00,2026-03-20 19:18:00+01:00,Short,US,17,4,Canal Exit,292.76,1.0,15,24270.25,24123.5,24359.0,88.75,0.36567402478342825,1.6535211267605634,156.75,29.75,1.7661971830985916,0.3352112676056338,24.103959980260697,0.09931484010366888,0.050526221101358564,True,False,True,0.09931484010366888,-31.609083503590227,-1.0024420136738232,9.146225716622254,-4.78072822342731,-10.148667730296077,-27.709919666404467,1,4.0,1.0,5.0,1.0,24094.5,1.980281690140845,MNQ_v4
single,MNQ,2026-03-23 01:20:00+01:00,2026-03-23 01:34:00+01:00,Long,Asia,1,0,Stop Loss,-189.74,1.0,2,24066.5,23972.0,23972.0,94.5,0.3926619990443147,-1.0,23.75,112.25,0.25132275132275134,1.187830687830688,3.8166194489895133,0.015858639390810933,-0.030562909305255966,False,True,True,-0.015858639390810933,0.37849790389009286,6.718712996458344,-2.2577496949075875,5.557666444627767,8.976462691365931,8.234354568910183,0,2.0,-1.0,5.0,1.0,24006.0,-0.6402116402116402,MNQ_v4
single,MNQ,2026-03-23 02:23:00+01:00,2026-03-23 02:51:00+01:00,Long,Asia,2,0,Canal Exit,31.76,1.0,4,24028.25,24044.5,23936.0,92.25,0.38392309052885665,0.17615176151761516,44.5,15.5,0.4823848238482385,0.16802168021680217,3.7084240659241914,0.015433600307655329,-0.0414709338648165,False,True,True,-0.015433600307655329,7.954849129942886,13.791886996376917,4.147784740338816,-2.5231981657904954,9.644102256038101,37.89725422298915,1,4.0,-1.0,10.0,1.0,24018.5,-0.10569105691056911,MNQ_v4
single,MNQ,2026-03-23 06:28:00+01:00,2026-03-23 07:59:00+01:00,Short,Asia,6,0,Canal Exit,174.76,1.0,13,23959.75,23872.0,24033.5,73.75,0.3078078861423846,1.1898305084745762,133.25,43.0,1.806779661016949,0.5830508474576271,11.305640729668085,0.04718597117944922,0.024917268419018413,True,False,True,0.04718597117944922,-14.814623989390384,-5.38665416411129,2.31186942429101,-7.461162876236599,-7.6985235884023,-40.09537431664937,1,4.0,1.0,4.0,-1.0,23803.25,2.1220338983050846,MNQ_v4
single,MNQ,2026-03-23 14:59:00+01:00,2026-03-23 16:58:00+01:00,Long,US,14,0,Stop Loss,-331.24,1.0,17,24556.0,24390.75,24390.75,165.25,0.6729516207851441,-1.0,134.0,185.25,0.81089258698941,1.1210287443267777,42.372291968342324,0.17255372197565697,-0.03303492797997556,False,False,False,-0.17255372197565697,47.42098761146917,9.009827957984456,2.773105744347866,9.095178974644405,6.23672221363659,-52.96391915832524,1,4.0,-1.0,1.0,1.0,24443.75,-0.6792738275340393,MNQ_v4
single,MNQ,2026-03-24 00:38:00+01:00,2026-03-24 02:02:00+01:00,Short,Asia,0,1,Canal Exit,1956.3,5.0,12,24473.0,24277.0,24490.0,17.0,0.06946430760429861,11.529411764705882,215.25,2.0,12.661764705882353,0.11764705882352941,8.223320469987812,0.03360160368564463,0.032753539985706195,True,False,True,0.03360160368564463,-22.732447937043617,-3.694228094530895,-0.5785966528251156,-8.828244086524602,-3.115631441705779,-19.22939631517886,3,6.0,1.0,3.0,1.0,24303.25,9.985294117647058,MNQ_v4
single,MNQ,2026-03-24 04:22:00+01:00,2026-03-24 05:04:00+01:00,Short,Asia,4,1,Stop Loss,-186.66,9.0,6,24280.5,24290.5,24290.5,10.0,0.04118531331727106,-1.0,49.75,26.75,4.975,2.675,8.644146450540575,0.03560118799258901,0.0008874919422445549,True,True,False,0.03560118799258901,-0.4170217480423162,-12.940148834499897,-16.29626329754724,-15.892344752308588,3.3561144630473443,31.192129309539116,0,8.0,-1.0,2.0,-1.0,24266.25,1.425,MNQ_v4
single,MNQ,2026-03-24 20:28:00+01:00,2026-03-24 20:56:00+01:00,Short,US,20,1,Auto-Close (profit),54.76,1.0,4,24246.5,24218.75,24349.0,102.5,0.4227414265976533,0.2707317073170732,57.25,36.25,0.5585365853658537,0.35365853658536583,6.584782520534645,0.027157662015279093,0.04739364741014368,True,False,True,0.027157662015279093,-38.13935708774807,-11.757061346873463,-5.629294981801296,3.019742496792528,-6.127766365072167,-42.03284479594388,2,5.0,1.0,1.0,1.0,24224.5,0.2146341463414634,MNQ_v4
single,MNQ,2026-03-25 07:52:00+01:00,2026-03-25 09:16:00+01:00,Long,Asia,7,2,Canal Exit,594.52,2.0,12,24366.0,24515.0,24324.5,41.5,0.1703192973815973,3.5903614457831323,168.75,14.75,4.066265060240964,0.35542168674698793,13.925551635795273,0.057151570367706114,-0.037984009515648884,False,True,True,-0.057151570367706114,6.367191459154128,2.11843177177958,-5.353583904258433,5.885019161084865,7.472015676038013,45.74123374970684,0,4.0,-1.0,8.0,1.0,24472.25,2.5602409638554215,MNQ_v4
single,MNQ,2026-03-25 11:15:00+01:00,2026-03-25 13:07:00+01:00,Long,UK,11,2,Canal Exit,106.76,1.0,16,24464.25,24518.0,24412.25,52.0,0.21255505482489756,1.0336538461538463,75.75,37.75,1.4567307692307692,0.7259615384615384,6.669823664451542,0.027263552589805704,-0.022166973467832925,False,True,True,-0.027263552589805704,6.7394267032213975,13.315665343635274,9.174860402663962,2.779661466668866,4.140804940971313,19.280720918170346,0,2.0,-1.0,1.0,-1.0,24449.25,-0.28846153846153844,MNQ_v4
single,MNQ,2026-03-25 17:26:00+01:00,2026-03-25 17:54:00+01:00,Long,US,17,2,Canal Exit,-21.24,1.0,4,24435.0,24424.75,24287.25,147.75,0.6046654389195826,-0.06937394247038917,15.75,41.0,0.1065989847715736,0.27749576988155666,4.264931934478227,0.017454192488144983,-0.05374086271854953,False,True,True,-0.017454192488144983,44.9366034244631,7.96048084736436,0.9569368520595787,3.771769982384201,7.003543995304781,40.63138433765188,3,4.0,-1.0,4.0,1.0,24442.0,0.047377326565143825,MNQ_v4
single,MNQ,2026-03-25 23:00:00+01:00,2026-03-25 23:35:00+01:00,Short,Asia,23,2,Canal Exit,59.52,2.0,5,24348.5,24333.25,24381.75,33.25,0.13655872024970736,0.45864661654135336,28.25,20.25,0.849624060150376,0.6090225563909775,1.9249331279206672,0.007905756526770303,0.0032804063515092085,True,False,True,0.007905756526770303,-1.0587040781501855,-10.067585258326615,-10.373486553893079,-1.5473327558257968,0.30590129556646417,-36.34754450497247,0,1.0,-1.0,5.0,-1.0,24303.25,1.3609022556390977,MNQ_v4
single,MNQ,2026-03-26 02:02:00+01:00,2026-03-26 03:47:00+01:00,Short,Asia,2,3,Canal Exit,136.26,1.0,15,24356.5,24288.0,24410.0,53.5,0.21965389115841766,1.280373831775701,113.5,22.0,2.121495327102804,0.411214953271028,17.62026112742751,0.07234315738068897,0.051637262527841864,True,False,True,0.07234315738068897,-36.28543267783607,-4.9273436236390316,1.7872534205179629,-3.1428520174648753,-6.714597044156994,-38.966205021405464,3,4.0,1.0,9.0,-1.0,24376.25,-0.3691588785046729,MNQ_v4
single,MNQ,2026-03-26 04:15:00+01:00,2026-03-26 04:50:00+01:00,Long,Asia,4,3,Canal Exit,104.76,1.0,5,24323.5,24376.25,24243.0,80.5,0.3309556601640389,0.65527950310559,97.75,16.0,1.2142857142857142,0.19875776397515527,16.058976643325877,0.06602247473976146,-0.050586901496853326,False,True,True,-0.06602247473976146,22.628648028829048,9.18627453868669,0.8656685575156722,-4.694480903105474,8.320605981171019,41.05526465942581,1,5.0,-1.0,12.0,1.0,24303.5,-0.2484472049689441,MNQ_v4
single,MNQ,2026-03-26 05:18:00+01:00,2026-03-26 06:49:00+01:00,Short,Asia,5,3,Canal Exit,191.76,1.0,13,24356.75,24260.5,24421.25,64.5,0.2648136553522124,1.4922480620155039,101.25,12.75,1.569767441860465,0.19767441860465115,21.55205129389651,0.08848492222442038,0.05781103621596344,True,False,True,0.08848492222442038,-13.475442439073959,-13.68181117637349,-6.328746631207864,2.2562137558091577,-7.353064545165625,-28.5989730766945,1,8.0,1.0,1.0,1.0,24261.75,1.4728682170542635,MNQ_v4
single,MNQ,2026-03-26 09:16:00+01:00,2026-03-26 09:51:00+01:00,Short,UK,9,3,Canal Exit,21.76,1.0,5,24208.25,24197.0,24298.0,89.75,0.3707413794883976,0.12534818941504178,53.25,24.75,0.5933147632311978,0.2757660167130919,0.8762237175833434,0.0036195252345103154,0.004209668959404,True,False,True,0.0036195252345103154,-13.720504378696205,-0.43494415620763754,7.4220663650794965,-14.01438214187805,-7.857010521287134,-37.919747788885985,1,5.0,1.0,4.0,-1.0,24154.5,0.5988857938718662,MNQ_v4
single,MNQ,2026-03-26 12:04:00+01:00,2026-03-26 14:45:00+01:00,Short,UK,12,3,Stop Loss,-167.22,3.0,23,24175.0,24202.5,24202.5,27.5,0.1137538779731127,-1.0,109.0,31.25,3.963636363636364,1.1363636363636365,11.264350180426845,0.046595036940752205,0.025641357049927687,True,True,False,0.046595036940752205,-23.277472030335048,-5.414529630374218,-2.5156604261085627,-8.668292906308533,-2.898869204265655,21.254812732356726,2,8.0,1.0,1.0,-1.0,24158.75,0.5909090909090909,MNQ_v4
single,MNQ,2026-03-26 20:28:00+01:00,2026-03-26 20:56:00+01:00,Short,US,20,3,Auto-Close (profit),69.76,1.0,4,23822.0,23786.75,23890.0,68.0,0.28545042397783565,0.5183823529411765,50.75,24.0,0.7463235294117647,0.35294117647058826,7.914816116375732,0.03322481788420675,-0.006295222271636994,True,False,True,0.03322481788420675,-1.5036369538720464,-33.162955133910714,-27.807484915321997,-27.58897396185213,-5.355470218588717,-34.72836852043173,0,2.0,1.0,1.0,1.0,23792.75,0.43014705882352944,MNQ_v4
single,MNQ,2026-03-27 02:16:00+01:00,2026-03-27 03:40:00+01:00,Long,Asia,2,4,Canal Exit,36.26,1.0,12,23852.25,23870.75,23805.25,47.0,0.19704640023477868,0.39361702127659576,34.25,15.0,0.7287234042553191,0.3191489361702128,14.643461161773303,0.06139236827457914,-0.03971378159857541,False,True,True,-0.06139236827457914,2.589509800225642,7.868079167172799,-1.7290780034906477,1.2483859319153285,9.597157170663447,-0.3292104254916779,0,4.0,-1.0,3.0,-1.0,23852.0,-0.005319148936170213,MNQ_v4
single,MNQ,2026-03-27 04:36:00+01:00,2026-03-27 05:11:00+01:00,Long,Asia,4,4,Canal Exit,0.26,1.0,5,23889.0,23889.5,23839.25,49.75,0.20825484532630079,0.010050251256281407,9.0,22.25,0.18090452261306533,0.4472361809045226,6.489820561349916,0.027166564365816548,-0.013504689408707533,False,True,True,-0.027166564365816548,1.069981597007427,2.5823239649094725,-6.719822448833733,-1.3766612723591412,9.302146413743205,37.97594436170475,0,5.0,-1.0,4.0,1.0,23904.5,0.31155778894472363,MNQ_v4
single,MNQ,2026-03-27 12:39:00+01:00,2026-03-27 13:00:00+01:00,Long,UK,12,4,Canal Exit,-68.24,1.0,3,23657.75,23624.0,23609.75,48.0,0.20289334361889866,-0.703125,31.5,36.75,0.65625,0.765625,7.16445780837239,0.03028376666577502,-0.05866168116151935,False,True,True,-0.03028376666577502,18.50888293566095,2.060065489687206,-5.259503361370624,-19.4512380269539,7.31956885105783,13.319527787027141,2,3.0,-1.0,5.0,1.0,23635.75,-0.4583333333333333,MNQ_v4
single,MNQ,2026-03-27 17:12:00+01:00,2026-03-27 18:57:00+01:00,Short,US,17,4,Canal Exit,286.76,1.0,15,23499.0,23355.25,23611.0,112.0,0.47661602621388144,1.2834821428571428,153.25,29.25,1.3683035714285714,0.2611607142857143,20.965578799186915,0.0892190254869863,0.052913155662935314,True,False,True,0.0892190254869863,-52.082174973929796,-13.383115177571634,-4.842770114940994,-6.431350758992703,-8.540345062630639,-42.278991930455305,3,4.0,1.0,8.0,-1.0,23340.0,1.4196428571428572,MNQ_v4
single,MNQ,2026-03-27 20:42:00+01:00,2026-03-27 20:56:00+01:00,Short,US,20,4,Auto-Close (loss),-16.74,1.0,2,23300.75,23308.75,23396.75,96.0,0.41200390545368715,-0.08333333333333333,31.75,50.5,0.3307291666666667,0.5260416666666666,5.144928483139665,0.022080527378473505,-0.0066997901682724495,True,True,False,0.022080527378473505,-9.15367754251929,-17.270848277444426,-16.525952528716694,-15.991830098037733,-0.7448957487277319,-14.626111053171416,1,1.0,1.0,6.0,1.0,23258.5,0.4401041666666667,MNQ_v4
single,MNQ,2026-03-30 02:55:00+02:00,2026-03-30 04:47:00+02:00,Short,Asia,2,0,Stop Loss,-198.74,1.0,16,23164.0,23263.0,23263.0,99.0,0.42738732515973066,-1.0,35.75,110.5,0.3611111111111111,1.1161616161616161,23.10258229829924,0.09973485709851165,0.04371851421941568,True,True,False,0.09973485709851165,-42.70262858218484,-9.890911844060087,-1.5331515908750708,-5.067873319516273,-8.357760253185017,18.32765949006181,3,4.0,1.0,5.0,-1.0,23293.5,-1.3080808080808082,MNQ_v4
single,MNQ,2026-03-30 07:56:00+02:00,2026-03-30 14:14:00+02:00,Long,Asia,7,0,Canal Exit,463.52,2.0,54,23363.25,23479.5,23320.0,43.25,0.18511979283704108,2.6878612716763004,216.75,26.5,5.011560693641618,0.6127167630057804,3.041194595192792,0.013017001466802744,0.01268750436132719,False,True,True,-0.013017001466802744,2.370458861321822,8.47545821536725,7.652755412507251,19.614902715712038,0.8227028028599994,-11.403457614141104,0,8.0,-1.0,5.0,-1.0,23497.0,3.092485549132948,MNQ_v4
single,MNQ,2026-03-30 18:12:00+02:00,2026-03-30 18:40:00+02:00,Short,US,18,0,Canal Exit,6.26,1.0,4,23302.5,23299.0,23437.75,135.25,0.5804098272717519,0.025878003696857672,36.0,44.75,0.266173752310536,0.33086876155268025,19.7672227813091,0.08482876421546659,0.050517182451697555,True,False,True,0.08482876421546659,-1.0025783573582885,-12.64520079884967,-2.522604475942561,-6.7467098035542294,-10.122596322907109,-36.20208914728354,0,4.0,1.0,4.0,-1.0,23247.75,0.4048059149722736,MNQ_v4
single,MNQ,2026-03-31 10:30:00+02:00,2026-03-31 12:15:00+02:00,Short,UK,10,1,Canal Exit,61.26,1.0,15,23328.75,23297.75,23391.25,62.5,0.26790976799014093,0.496,35.5,22.75,0.568,0.364,21.589310331168235,0.09254379395024695,0.055340979554406505,True,False,True,0.09254379395024695,-20.538443636061857,-6.978476580868852,1.6232002128792216,-0.12096252184428972,-8.601676793748073,-9.165155615538149,1,4.0,1.0,5.0,1.0,23274.5,0.868,MNQ_v4
single,MNQ,2026-03-31 17:37:00+02:00,2026-03-31 20:11:00+02:00,Long,US,17,1,Canal Exit,700.26,1.0,22,23482.25,23832.75,23377.5,104.75,0.44608161483673836,3.3460620525059666,395.0,46.25,3.7708830548926016,0.441527446300716,20.653135330197983,0.0879521141721853,-0.03263093672042819,False,False,False,-0.0879521141721853,1.5464895914956287,18.941661991439464,18.598355713377316,9.381703013992338,0.34330627806214764,-12.673067303775328,0,1.0,-1.0,7.0,-1.0,23855.75,3.5656324582338903,MNQ_v4
single,MNQ,2026-04-01 10:44:00+02:00,2026-04-01 10:51:00+02:00,Long,UK,10,2,Stop Loss,-118.24,1.0,1,24092.0,24033.25,24033.25,58.75,0.24385688195251534,-1.0,10.5,65.75,0.17872340425531916,1.1191489361702127,24.40282270595344,0.10129014903683148,-0.05828822835611688,False,False,False,-0.10129014903683148,38.82565068270196,5.49364397963565,-1.486575136799869,1.019763977857065,6.980219116435519,14.081744709424767,2,2.0,-1.0,1.0,-1.0,24063.0,-0.49361702127659574,MNQ_v4
single,MNQ,2026-04-01 15:38:00+02:00,2026-04-01 16:34:00+02:00,Long,US,15,2,Canal Exit,182.76,1.0,8,24096.5,24188.25,24036.25,60.25,0.25003631232751644,1.5228215767634854,147.75,36.5,2.4522821576763487,0.6058091286307054,6.050591581544722,0.025109835791690585,-0.06413152739293114,False,True,True,-0.025109835791690585,49.38010015015243,2.769879363543006,-2.5172048759624506,8.626527946523542,5.2870842395054565,27.665939080554057,2,8.0,-1.0,2.0,1.0,24246.5,2.4896265560165975,MNQ_v4
single,MNQ,2026-04-02 15:38:00+02:00,2026-04-02 15:52:00+02:00,Short,US,15,3,Stop Loss,-217.24,1.0,2,23710.75,23819.0,23819.0,108.25,0.456543972670624,-1.0,32.75,181.0,0.302540415704388,1.672055427251732,13.528108149454056,0.05705474584082771,0.01931849449606996,True,True,False,0.05705474584082771,-9.714877866586903,-2.7722409821466614,-1.7886874412553868,-2.8181556369454435,-0.9835535408912746,15.085639625797803,0,1.0,1.0,5.0,-1.0,24024.0,-2.8937644341801385,MNQ_v4
single,MNQ,2026-04-02 18:47:00+02:00,2026-04-02 21:56:00+02:00,Long,US,18,3,Auto-Close (profit),135.26,1.0,27,24153.0,24221.0,24057.75,95.25,0.3943609489504409,0.7139107611548556,76.75,89.5,0.8057742782152231,0.9396325459317585,41.550609451311175,0.17203084275788172,-0.052524960626762505,False,True,True,-0.17203084275788172,0.8136150445243402,6.5264476918770065,-1.334844784246548,26.071444995732715,7.8612924761235545,11.31197727842645,0,6.0,-1.0,5.0,-1.0,24208.5,0.5826771653543307,MNQ_v4
single,MNQ,2026-04-03 00:35:00+02:00,2026-04-03 07:00:00+02:00,Long,Asia,0,4,Canal Exit,-45.24,1.0,55,24206.75,24184.5,24137.5,69.25,0.28607723052454376,-0.3212996389891697,48.75,55.75,0.703971119133574,0.8050541516245487,15.261575045478821,0.06304677433145227,-0.004273363926015181,False,True,True,-0.06304677433145227,0.20708498471867642,1.387433520890659,-3.455407770955197,11.186881522329415,4.842841291845856,-2.830005917576744,0,3.0,-1.0,8.0,-1.0,24179.25,-0.3971119133574007,MNQ_v4
single,MNQ,2026-04-03 09:34:00+02:00,2026-04-03 10:44:00+02:00,Long,UK,9,4,Canal Exit,-8.48,2.0,10,24157.75,24156.0,24120.25,37.5,0.15522968819529964,-0.04666666666666667,9.75,15.5,0.26,0.41333333333333333,6.077430822624592,0.025157271776653837,-0.025133434458147308,False,True,True,-0.025157271776653837,7.2613286476553185,11.868267213600118,3.538342386262097,-6.0547240149254025,8.329924827338022,-21.61958564087622,1,4.0,-1.0,3.0,-1.0,24137.75,-0.5333333333333333,MNQ_v4
single,MNQ,2026-04-06 00:49:00+02:00,2026-04-06 02:27:00+02:00,Long,Asia,0,0,Canal Exit,188.26,1.0,14,24085.5,24180.0,23981.0,104.5,0.4338710012248033,0.9043062200956937,119.5,45.5,1.1435406698564594,0.4354066985645933,16.441610569578188,0.06826352190977222,-0.07589985989490754,False,True,True,-0.06826352190977222,43.26009027142209,12.468975917519776,5.62058189683358,-2.055404203856579,6.848394020686196,43.305185514506256,2,2.0,-1.0,4.0,1.0,24219.75,1.284688995215311,MNQ_v4
single,MNQ,2026-04-06 05:50:00+02:00,2026-04-06 10:23:00+02:00,Long,Asia,5,0,Canal Exit,276.76,1.0,39,24211.25,24350.0,24128.75,82.5,0.3407506840828127,1.6818181818181819,149.5,9.75,1.812121212121212,0.11818181818181818,30.775470461558143,0.12711227409389494,-0.056633275157381424,False,True,True,-0.12711227409389494,30.521723515390477,11.32949295383969,3.557072487345142,1.3812171946245198,7.772420466494548,43.274352253121606,1,5.0,-1.0,1.0,1.0,24388.25,2.1454545454545455,MNQ_v4
single,MNQ,2026-04-06 16:27:00+02:00,2026-04-06 17:44:00+02:00,Short,US,16,0,Canal Exit,64.26,1.0,11,24354.5,24322.0,24453.0,98.5,0.40444271079266664,0.3299492385786802,102.0,35.25,1.0355329949238579,0.35786802030456855,15.54368928563781,0.06382265817667294,0.032105589017113745,True,False,True,0.06382265817667294,-6.49499626936813,-1.3864229262637384,1.128778518765999,8.539736564709568,-2.5152014450297377,-13.902382391929283,1,5.0,1.0,10.0,-1.0,24295.0,0.6040609137055838,MNQ_v4
single,MNQ,2026-04-06 18:05:00+02:00,2026-04-06 18:54:00+02:00,Long,US,18,0,Canal Exit,-5.48,2.0,7,24296.0,24295.0,24252.5,43.5,0.17904181758314125,-0.022988505747126436,51.0,13.0,1.1724137931034482,0.2988505747126437,2.543657109279593,0.010469448095487294,-0.027905361754820158,False,True,True,-0.010469448095487294,12.2417917050916,12.975021404142012,10.239759510812284,-0.7331081491666028,2.735261893329728,14.526454902422973,2,7.0,-1.0,4.0,1.0,24307.5,0.26436781609195403,MNQ_v4
single,MNQ,2026-04-06 19:15:00+02:00,2026-04-06 19:22:00+02:00,Short,US,19,0,Canal Exit,-117.24,1.0,1,24249.25,24307.5,24344.25,95.0,0.39176469375341505,-0.6131578947368421,31.75,60.75,0.33421052631578946,0.6394736842105263,8.329115100365016,0.034347928700331,0.021858217926324922,False,False,False,-0.034347928700331,-20.223174245467817,-30.205963021721963,-24.90357877116309,-6.5362336535892105,-5.302384250558873,-27.223232259156056,2,1.0,1.0,5.0,-1.0,24254.5,-0.05526315789473684,MNQ_v4
single,MNQ,2026-04-07 00:07:00+02:00,2026-04-07 00:21:00+02:00,Long,Asia,0,1,Stop Loss,-173.22,3.0,2,24367.25,24338.75,24338.75,28.5,0.1169602642891586,-1.0,13.25,65.75,0.4649122807017544,2.307017543859649,0.02968628369126236,0.00012182861706291175,-0.0016641432365308959,True,True,False,0.00012182861706291175,0.9324964479892515,18.245433615325314,13.803571727914866,18.197087014884513,4.4418618874104485,15.889290536264307,0,2.0,-1.0,6.0,1.0,24317.0,-1.763157894736842,MNQ_v4
single,MNQ,2026-04-07 09:55:00+02:00,2026-04-07 10:37:00+02:00,Long,UK,9,1,Canal Exit,148.26,1.0,6,24283.5,24358.0,24204.5,79.0,0.32532377952107394,0.9430379746835443,99.5,59.75,1.259493670886076,0.7563291139240507,1.1748821774453972,0.004838191271626401,-0.0036008767908477816,True,True,False,0.004838191271626401,1.2394470244653348,12.77290192767135,6.3615542531454965,2.9941924721872772,6.411347674525854,38.17552966610992,0,6.0,-1.0,4.0,1.0,24381.0,1.2341772151898733,MNQ_v4
single,MNQ,2026-04-07 15:45:00+02:00,2026-04-07 16:20:00+02:00,Short,US,15,1,Canal Exit,95.26,1.0,5,24160.0,24112.0,24303.25,143.25,0.5929221854304636,0.33507853403141363,166.0,50.0,1.1588132635253054,0.34904013961605584,8.787713245299528,0.036372985286835795,0.03040178306275193,True,False,True,0.036372985286835795,-18.46210580785555,-11.968143417504187,-6.529158186325677,-9.195511373093384,-5.43898523117851,-36.875989783324286,0,5.0,1.0,5.0,-1.0,24001.0,1.1099476439790577,MNQ_v4
single,MNQ,2026-04-07 16:48:00+02:00,2026-04-07 16:55:00+02:00,Long,US,16,1,Stop Loss,-141.74,1.0,1,24064.5,23994.0,23994.0,70.5,0.29296266284360784,-1.0,27.5,82.5,0.3900709219858156,1.1702127659574468,23.82267223673989,0.09899508502873482,-0.09406844300366625,False,False,False,-0.09899508502873482,15.025344431094709,3.3263694913609583,1.37929337581851,-9.056915059548025,1.9470761155424483,-3.956714058819957,1,1.0,-1.0,3.0,1.0,24046.0,-0.2624113475177305,MNQ_v4
single,MNQ,2026-04-08 03:09:00+02:00,2026-04-08 11:26:00+02:00,Long,Asia,3,2,Canal Exit,250.26,1.0,71,25088.25,25213.75,25006.75,81.5,0.32485326796408676,1.539877300613497,157.0,41.5,1.9263803680981595,0.50920245398773,39.53354722792574,0.1575779387877821,-0.011323510282042405,False,True,True,-0.1575779387877821,42.45859003296209,28.333700100636985,24.075320984850414,27.267513412516887,4.258379115786571,33.90893158342262,1,1.0,-1.0,8.0,1.0,25218.25,1.5950920245398772,MNQ_v4
single,MNQ,2026-04-08 11:54:00+02:00,2026-04-08 12:22:00+02:00,Short,UK,11,2,Canal Exit,-68.48,2.0,4,25201.5,25218.25,25245.25,43.75,0.17360077773148425,-0.38285714285714284,16.25,20.0,0.37142857142857144,0.45714285714285713,0.2956786934664706,0.0011732583118721923,0.032673675832221784,True,False,True,0.0011732583118721923,-15.354901552334923,-13.742862254850639,-8.940845914760438,1.3059759601406462,-4.802016340090201,-7.022944442234847,2,4.0,1.0,5.0,-1.0,25198.5,0.06857142857142857,MNQ_v4
single,MNQ,2026-04-08 12:50:00+02:00,2026-04-08 13:04:00+02:00,Long,UK,12,2,Stop Loss,-125.48,2.0,2,25216.25,25185.25,25185.25,31.0,0.12293659842363555,-1.0,5.25,34.25,0.1693548387096774,1.1048387096774193,3.922292657676735,0.015554623140541258,-0.00657677086550626,False,False,False,-0.015554623140541258,0.9448658048167999,22.438244552690293,21.53063600469689,4.580032902808046,0.9076085479934015,0.4316819096092147,0,1.0,-1.0,3.0,1.0,25224.0,0.25,MNQ_v4
single,MNQ,2026-04-08 13:32:00+02:00,2026-04-08 14:21:00+02:00,Long,UK,13,2,Stop Loss,-176.22,3.0,7,25208.75,25179.75,25179.75,29.0,0.11503942083601924,-1.0,48.5,54.25,1.6724137931034482,1.8706896551724137,3.560046128484828,0.01412226361277266,-0.005101891589881982,False,True,True,-0.01412226361277266,9.51332653211648,0.8790617748218191,-2.065296009807212,-0.45566785850768926,2.944357784629031,0.5297862764131367,2,6.0,-1.0,4.0,1.0,25215.75,0.2413793103448276,MNQ_v4
single,MNQ,2026-04-08 15:38:00+02:00,2026-04-08 15:59:00+02:00,Short,US,15,2,Canal Exit,7.76,1.0,3,25099.0,25094.75,25251.75,152.75,0.6085899836646879,0.027823240589198037,34.0,62.25,0.2225859247135843,0.4075286415711948,6.165957779507153,0.024566547589573898,0.018985819020074023,False,False,False,-0.024566547589573898,-9.1665897655148,-26.169763641056445,-16.32205992603921,-0.2501724992796177,-9.847703715017236,-46.541738086309095,0,3.0,1.0,6.0,-1.0,25013.0,0.563011456628478,MNQ_v4
single,MNQ,2026-04-08 22:59:00+02:00,2026-04-09 02:48:00+02:00,Short,Asia,22,2,Canal Exit,56.26,1.0,25,25038.75,25010.25,25095.25,56.5,0.22565024212470672,0.504424778761062,38.75,27.5,0.6858407079646017,0.48672566371681414,0.5804402989306254,0.0023181680352678366,0.028254873295544918,True,False,True,0.0023181680352678366,-25.145444531539397,-35.60638991676823,-33.554363208587475,-2.769979701907926,-2.0520267081807546,4.781026661707713,2,1.0,1.0,6.0,1.0,25005.75,0.584070796460177,MNQ_v4
single,MNQ,2026-04-09 03:09:00+02:00,2026-04-09 03:58:00+02:00,Short,Asia,3,3,Stop Loss,-173.22,3.0,7,25001.5,25030.0,25030.0,28.5,0.11399316041037538,-1.0,20.75,31.0,0.7280701754385965,1.087719298245614,0.4287692181605962,0.0017149739742039326,-0.002295474025987851,False,True,True,-0.0017149739742039326,-0.24993996159901144,-23.167566784728713,-18.34213741716018,-5.649234921648328,-4.825429367568532,32.09372744106767,1,3.0,1.0,3.0,-1.0,25027.75,-0.9210526315789473,MNQ_v4
single,MNQ,2026-04-09 06:53:00+02:00,2026-04-09 07:07:00+02:00,Long,Asia,6,3,Stop Loss,-182.88,12.0,2,25013.75,25006.5,25006.5,7.25,0.028984058767677776,-1.0,9.75,19.5,1.3448275862068966,2.689655172413793,0.5659319409533055,0.0022624833979443524,-0.00772453637106815,False,True,True,-0.0022624833979443524,4.030853354852297,3.5381066745818552,-0.910579185975168,3.735688719517301,4.448685860557023,-0.5756886507000384,2,1.0,-1.0,1.0,1.0,25025.75,1.6551724137931034,MNQ_v4
single,MNQ,2026-04-09 08:17:00+02:00,2026-04-09 09:48:00+02:00,Short,Asia,8,3,Canal Exit,305.28,3.0,13,25031.0,24979.75,25058.25,27.25,0.10886500739083536,1.8807339449541285,66.0,18.0,2.4220183486238533,0.6605504587155964,5.808965948643163,0.023207087006684363,0.011414679373321728,True,False,True,0.023207087006684363,-3.3391974415280856,-0.20145113394241607,4.533469307494396,-1.0079891644529877,-4.734920441436812,-37.42746452248176,1,5.0,1.0,3.0,-1.0,24955.0,2.7889908256880735,MNQ_v4
single,MNQ,2026-04-09 13:46:00+02:00,2026-04-09 14:14:00+02:00,Long,UK,13,3,Canal Exit,23.76,1.0,4,25027.5,25039.75,24976.25,51.25,0.2047747477774448,0.23902439024390243,23.75,5.25,0.4634146341463415,0.1024390243902439,3.9737108535628067,0.01587737829812329,-0.02155202196872091,False,True,True,-0.01587737829812329,0.9940016371256206,12.997379348676128,4.617391483432405,-0.7812766776984112,8.379987865243724,40.33445558992393,0,4.0,-1.0,8.0,1.0,25042.75,0.2975609756097561,MNQ_v4
single,MNQ,2026-04-09 15:38:00+02:00,2026-04-09 15:52:00+02:00,Long,US,15,3,Stop Loss,-163.24,1.0,2,25100.25,25019.0,25019.0,81.25,0.32370195515980915,-1.0,12.5,94.75,0.15384615384615385,1.166153846153846,3.7068862775995512,0.01476832413063436,-0.0025248235113553546,True,True,False,0.01476832413063436,2.1670962845928443,11.238007435385462,6.372364344255765,8.022619267237586,4.865643091129697,-0.5693682475348082,0,1.0,-1.0,7.0,1.0,25004.5,-1.1784615384615384,MNQ_v4
single,MNQ,2026-04-10 15:17:00+02:00,2026-04-10 15:24:00+02:00,Short,UK,15,4,Stop Loss,-171.2,5.0,1,25309.5,25326.25,25326.25,16.75,0.06618068314269346,-1.0,16.0,34.5,0.9552238805970149,2.0597014925373136,8.818617086377344,0.034843110635837705,0.01731967945115339,True,True,False,0.034843110635837705,-1.1051690162967134,-4.339707913026293,-4.247781772500836,10.933007554475514,-0.091926140525457,-0.03417350979442277,0,1.0,1.0,3.0,-1.0,25321.0,-0.6865671641791045,MNQ_v4
single,MNQ,2026-04-10 16:27:00+02:00,2026-04-10 16:48:00+02:00,Long,US,16,4,Canal Exit,-80.74,1.0,3,25361.25,25321.25,25268.75,92.5,0.36472965646409383,-0.43243243243243246,15.75,55.25,0.17027027027027028,0.5972972972972973,5.957307453587418,0.02348980217295054,-0.0028166340069294806,False,True,True,-0.02348980217295054,6.7119450433019665,9.416179943148522,2.5186067017940985,11.58950170510149,6.897573241354424,23.38937799135797,0,3.0,-1.0,3.0,1.0,25379.5,0.1972972972972973,MNQ_v4
single,MNQ,2026-04-10 17:44:00+02:00,2026-04-10 18:05:00+02:00,Short,US,17,4,Canal Exit,20.26,1.0,3,25295.5,25285.0,25393.5,98.0,0.38742068747405667,0.10714285714285714,50.25,19.0,0.5127551020408163,0.19387755102040816,6.450473033924936,0.025500476503429213,0.023521211372243365,False,False,False,-0.025500476503429213,-14.162714304413385,-18.60060558407111,-9.455876793955152,14.01275758927765,-9.144728790115959,-43.977684062060156,2,3.0,1.0,4.0,-1.0,25251.0,0.45408163265306123,MNQ_v4
single,MNQ,2026-04-10 20:53:00+02:00,2026-04-10 21:07:00+02:00,Short,US,20,4,Stop Loss,-172.96,4.0,2,25260.75,25282.0,25282.0,21.25,0.08412260126876676,-1.0,10.0,31.25,0.47058823529411764,1.4705882352941178,4.253500160499243,0.016838376376391212,0.011657705262380053,True,True,False,0.016838376376391212,-3.288567808267544,-11.14393735177149,-8.808893560271121,-10.709672862733264,-2.335043791500368,11.274529279667739,0,1.0,1.0,4.0,-1.0,25263.5,-0.12941176470588237,MNQ_v4
single,MNQ,2026-04-13 09:27:00+02:00,2026-04-13 09:55:00+02:00,Short,UK,9,0,Canal Exit,-78.96,4.0,4,25105.5,25115.0,25128.0,22.5,0.08962179602079226,-0.4222222222222222,15.75,11.75,0.7,0.5222222222222223,0.6750344655229128,0.0026887911633821787,0.01435850518504774,False,False,False,-0.0026887911633821787,-9.753151073742629,-0.8861881452003496,4.183603407608261,6.486293332282649,-5.06979155280861,-8.60010349422039,3,4.0,1.0,5.0,-1.0,25098.0,0.3333333333333333,MNQ_v4
single,MNQ,2026-04-13 10:16:00+02:00,2026-04-13 10:37:00+02:00,Long,UK,10,0,Stop Loss,-150.72,3.0,3,25117.75,25093.0,25093.0,24.75,0.09853589593016891,-1.0,6.25,28.75,0.25252525252525254,1.1616161616161615,4.95626991946483,0.01973214129237225,-0.004474180130446732,False,False,False,-0.01973214129237225,1.2629555129351502,3.4624635963399797,1.9752041254909642,-1.0650837315292645,1.4872594708490154,-7.252352449920939,0,2.0,-1.0,3.0,1.0,25118.5,0.030303030303030304,MNQ_v4
single,MNQ,2026-04-13 18:19:00+02:00,2026-04-13 21:56:00+02:00,Long,US,18,0,Auto-Close (profit),342.26,1.0,31,25366.5,25538.0,25274.25,92.25,0.3636686180592514,1.8590785907859078,183.75,39.5,1.991869918699187,0.4281842818428184,14.816450678321416,0.058409519162365385,-0.01061767758245295,False,True,True,-0.058409519162365385,8.568966072594776,4.363050663514039,-3.933749265342328,14.65094490260966,8.296799928856366,31.080505349434784,0,4.0,-1.0,4.0,-1.0,25553.5,2.02710027100271,MNQ_v4
single,MNQ,2026-04-14 01:03:00+02:00,2026-04-14 01:59:00+02:00,Long,Asia,1,1,Stop Loss,-96.24,1.0,8,25613.0,25565.25,25565.25,47.75,0.18642876664193966,-1.0,5.75,50.5,0.12041884816753927,1.057591623036649,12.450137879946851,0.04860866700482899,0.0006569314908387447,False,False,False,-0.04860866700482899,5.2279004107367655,18.99941554618861,14.873054121614073,31.986079061695207,4.126361424574538,-29.955998619557246,0,3.0,-1.0,2.0,1.0,25580.0,-0.6910994764397905,MNQ_v4
single,MNQ,2026-04-14 07:35:00+02:00,2026-04-14 08:03:00+02:00,Short,Asia,7,1,Canal Exit,38.28,3.0,4,25576.0,25569.25,25599.0,23.0,0.08992805755395684,0.29347826086956524,7.75,6.5,0.33695652173913043,0.2826086956521739,0.6662868796556722,0.0026051254287444174,0.006192748520376238,False,False,False,-0.0026051254287444174,-5.969862798741815,-13.866148488276751,-4.991816555655905,-0.9201063895866805,-8.874331932620846,-37.11453765300895,2,4.0,1.0,2.0,-1.0,25565.0,0.4782608695652174,MNQ_v4
single,MNQ,2026-04-14 08:45:00+02:00,2026-04-14 09:13:00+02:00,Long,Asia,8,1,Canal Exit,296.3,5.0,4,25580.25,25610.25,25564.5,15.75,0.06157093851701997,1.9047619047619047,57.5,4.5,3.6507936507936507,0.2857142857142857,0.30619620245852275,0.0011970023844900765,-0.010656548018944566,True,True,False,0.0011970023844900765,9.347240158229397,12.722171302108213,5.961881055040454,-6.395511769755925,6.7602902470677595,28.957902495685715,3,4.0,-1.0,2.0,1.0,25630.75,3.2063492063492065,MNQ_v4
single,MNQ,2026-04-14 12:22:00+02:00,2026-04-14 12:36:00+02:00,Long,UK,12,1,Stop Loss,-172.96,4.0,2,25648.0,25626.75,25626.75,21.25,0.0828524641297567,-1.0,7.5,26.0,0.35294117647058826,1.223529411764706,10.980365706200246,0.04281178144962666,-0.013897220922451072,False,False,False,-0.04281178144962666,2.468168960618641,12.913864671081939,5.120409701698169,16.46601661263969,7.793454969383769,9.564301098915488,0,2.0,-1.0,4.0,1.0,25639.0,-0.4235294117647059,MNQ_v4
single,MNQ,2026-04-14 14:56:00+02:00,2026-04-14 15:17:00+02:00,Short,UK,14,1,Canal Exit,-12.24,1.0,3,25668.0,25673.75,25716.25,48.25,0.1879772479351722,-0.11917098445595854,2.75,14.75,0.05699481865284974,0.30569948186528495,0.4976416709178011,0.0019387629379686811,0.017299497499306274,True,False,True,0.0019387629379686811,-5.892154049430246,-13.749634129324036,-9.783238858048907,7.9236530113397,-3.966395271275129,-18.843496997073615,1,3.0,1.0,6.0,-1.0,25731.0,-1.305699481865285,MNQ_v4
single,MNQ,2026-04-14 15:38:00+02:00,2026-04-14 15:59:00+02:00,Long,US,15,1,Canal Exit,-36.24,1.0,3,25748.75,25731.0,25639.5,109.25,0.42429244138064953,-0.16247139588100687,15.0,45.25,0.13729977116704806,0.41418764302059496,2.9007316138158785,0.011265524011130167,-0.008814064158464717,True,True,False,0.011265524011130167,13.643616744153405,25.72994053542694,17.198359903585555,8.95330437347501,8.531580631841386,38.83320510103983,1,3.0,-1.0,3.0,1.0,25795.25,0.425629290617849,MNQ_v4
single,MNQ,2026-04-14 19:36:00+02:00,2026-04-14 20:18:00+02:00,Long,US,19,1,Stop Loss,-110.24,1.0,6,25966.0,25911.25,25911.25,54.75,0.21085265346992219,-1.0,3.25,77.75,0.0593607305936073,1.4200913242009132,6.632752058205369,0.025543988516542285,0.008074154330653366,False,False,False,-0.025543988516542285,4.409729682243778,33.479938252859654,28.4406108793954,23.799407539511606,5.039327373464253,-25.484583089319486,0,2.0,-1.0,2.0,1.0,25925.5,-0.7397260273972602,MNQ_v4
single,MNQ,2026-04-15 06:46:00+02:00,2026-04-15 07:00:00+02:00,Short,Asia,6,2,Stop Loss,-185.92,8.0,2,26014.75,26026.0,26026.0,11.25,0.043244697719562936,-1.0,16.25,43.5,1.4444444444444444,3.8666666666666667,2.6531910210178467,0.010198794995215586,0.011762439012945495,True,False,True,0.010198794995215586,-0.32713686130955466,-6.728510619591658,-0.6200869216451945,-9.95496896062004,-6.1084236979464634,-28.65271199165454,0,9.0,1.0,7.0,1.0,25975.0,3.533333333333333,MNQ_v4
single,MNQ,2026-04-15 19:22:00+02:00,2026-04-15 21:28:00+02:00,Long,US,19,2,Canal Exit,310.26,1.0,18,26194.0,26349.5,26103.0,91.0,0.347407803313736,1.7087912087912087,156.5,30.25,1.7197802197802199,0.3324175824175824,27.405575261487684,0.10462539230926046,-0.0426674310581849,False,True,True,-0.10462539230926046,31.701130271158036,8.6377234700143,-0.27028740528564477,4.418959946279486,8.908010875299945,39.45389065670095,2,4.0,-1.0,1.0,-1.0,26333.5,1.532967032967033,MNQ_v4
single,MNQ,2026-04-16 00:00:00+02:00,2026-04-16 08:17:00+02:00,Long,Asia,0,3,Canal Exit,885.04,4.0,71,26362.0,26473.0,26342.75,19.25,0.0730217737652682,5.766233766233766,122.75,18.0,6.376623376623376,0.935064935064935,11.920498750419938,0.04521849158038062,0.0007485921161144478,False,True,True,-0.04521849158038062,5.246097265749995,19.613601022761216,16.2690480605982,34.353696742114444,3.3445529621630143,36.98672892314517,0,4.0,-1.0,5.0,1.0,26482.5,6.259740259740259,MNQ_v4
single,MNQ,2026-04-16 12:29:00+02:00,2026-04-16 12:50:00+02:00,Short,UK,12,3,Canal Exit,-10.74,1.0,3,26401.25,26406.25,26466.0,64.75,0.24525353913166992,-0.07722007722007722,37.0,37.5,0.5714285714285714,0.5791505791505791,1.1841252637532307,0.004485110605570686,0.010284605701071575,False,False,False,-0.004485110605570686,-6.326062382064265,-14.354427789049938,-5.983359530664851,-9.63147223073453,-8.371068258385087,-41.20458104845386,0,3.0,1.0,7.0,-1.0,26409.25,-0.12355212355212356,MNQ_v4
single,MNQ,2026-04-16 14:56:00+02:00,2026-04-16 15:24:00+02:00,Short,UK,14,3,Stop Loss,-181.92,8.0,4,26423.0,26434.0,26434.0,11.0,0.04163039775952768,-1.0,36.25,30.5,3.2954545454545454,2.772727272727273,1.731386008526897,0.006552571655477792,0.0044797616654450485,True,False,True,0.006552571655477792,-6.7952291734436585,-3.10836265610695,-3.648925191849095,-5.444489954809581,0.5405625357421449,-1.9426810624316675,2,3.0,-1.0,5.0,1.0,26337.75,7.75,MNQ_v4
single,MNQ,2026-04-16 16:34:00+02:00,2026-04-16 17:23:00+02:00,Long,US,16,3,Canal Exit,180.76,1.0,7,26367.0,26457.75,26275.75,91.25,0.34607653506276786,0.9945205479452055,137.5,6.5,1.5068493150684932,0.07123287671232877,11.116532488216762,0.04216077858010681,-0.045382132342536526,False,True,True,-0.04216077858010681,19.596798886988836,9.535773530398334,4.651006236506718,-8.747287275705785,4.884767293891616,42.19439513632381,1,7.0,-1.0,5.0,1.0,26540.25,1.8986301369863015,MNQ_v4
single,MNQ,2026-04-16 19:43:00+02:00,2026-04-16 20:04:00+02:00,Long,US,19,3,Stop Loss,-149.74,1.0,3,26505.5,26431.0,26431.0,74.5,0.28107373941257474,-1.0,4.25,113.75,0.05704697986577181,1.5268456375838926,21.464306530702743,0.08098057584540093,-0.04839514359137827,False,True,True,-0.08098057584540093,11.92509866378532,12.686988202396625,3.028052714176324,8.08804101177966,9.658935488220301,-1.5405348305690043,0,2.0,-1.0,4.0,1.0,26424.75,-1.0838926174496644,MNQ_v4
single,MNQ,2026-04-17 02:27:00+02:00,2026-04-17 02:55:00+02:00,Long,Asia,2,4,Canal Exit,-41.48,2.0,4,26493.5,26483.5,26455.75,37.75,0.14248778002151472,-0.26490066225165565,2.5,11.25,0.06622516556291391,0.2980132450331126,2.376189852206153,0.008968954091404129,-0.004741981102023049,False,True,True,-0.008968954091404129,4.015094661070179,10.043170559421783,2.5144290704171697,-0.4719388697951909,7.528741489004614,30.42898316537976,1,4.0,-1.0,7.0,1.0,26490.75,-0.0728476821192053,MNQ_v4
single,MNQ,2026-04-17 03:23:00+02:00,2026-04-17 03:44:00+02:00,Short,Asia,3,4,Canal Exit,-94.44,6.0,3,26483.25,26490.75,26497.75,14.5,0.05475158826805623,-0.5172413793103449,3.25,14.0,0.22413793103448276,0.9655172413793104,2.055036623511114,0.007759759936983241,0.007703547319822297,True,False,True,0.007759759936983241,-0.045974465319886804,-3.8746961938721456,3.565754811417772,-0.391315073560893,-7.440451005289917,-9.67618612979701,0,3.0,1.0,3.0,-1.0,26475.5,0.5344827586206896,MNQ_v4
single,MNQ,2026-04-17 07:00:00+02:00,2026-04-17 07:35:00+02:00,Short,Asia,7,4,Canal Exit,-54.72,3.0,5,26453.5,26462.25,26481.75,28.25,0.10679116185003876,-0.30973451327433627,10.25,11.5,0.36283185840707965,0.40707964601769914,3.8384509259994957,0.014510181737764362,0.012241742942959986,True,False,True,0.014510181737764362,-3.564049232390971,-15.032244287924383,-7.7370765882899155,-13.912401042404,-7.295167699634468,-18.1578976151239,0,3.0,1.0,6.0,-1.0,26465.25,-0.415929203539823,MNQ_v4
single,MNQ,2026-04-17 07:56:00+02:00,2026-04-17 08:17:00+02:00,Long,Asia,7,4,Canal Exit,-15.719999999999999,3.0,3,26467.5,26465.25,26443.5,24.0,0.09067724567866252,-0.09375,12.25,6.75,0.5104166666666666,0.28125,1.64442740141385,0.006213006144947011,-0.009805524897519246,False,True,True,-0.006213006144947011,1.6517684911668766,27.109237613186913,20.563749488171496,-6.985281914453444,6.545488125015417,29.838516095680912,1,3.0,-1.0,6.0,1.0,26475.75,0.34375,MNQ_v4
single,MNQ,2026-04-17 13:11:00+02:00,2026-04-17 14:14:00+02:00,Long,UK,13,4,Canal Exit,193.52,2.0,9,26538.25,26587.0,26504.0,34.25,0.12905899974565016,1.4233576642335766,56.75,8.5,1.6569343065693432,0.24817518248175183,7.197456287089153,0.027121065959847212,-0.00869662510515187,False,True,True,-0.027121065959847212,3.1182827648808598,17.108303398436203,7.957858015220431,18.018437389118418,9.150445383215771,44.63588213669747,0,5.0,-1.0,5.0,1.0,26714.0,5.131386861313868,MNQ_v4
single,MNQ,2026-04-17 18:19:00+02:00,2026-04-17 19:15:00+02:00,Long,US,18,4,Stop Loss,-118.74,1.0,8,26851.0,26792.0,26792.0,59.0,0.21973110871103496,-1.0,32.0,71.5,0.5423728813559322,1.2118644067796611,18.83968955326418,0.07016382836119392,0.002698654057370399,False,False,False,-0.07016382836119392,15.956158024102479,5.5358433864148235,0.9737386217863926,5.045876832974738,4.562104764628431,-4.152993635452363,2,5.0,-1.0,4.0,1.0,26818.25,-0.5550847457627118,MNQ_v4
single,MNQ,2026-04-20 00:49:00+02:00,2026-04-20 03:23:00+02:00,Long,Asia,0,0,Canal Exit,38.76,1.0,22,26668.75,26688.5,26534.75,134.0,0.502460745254277,0.14738805970149255,31.75,52.75,0.23694029850746268,0.39365671641791045,62.5080821948286,0.23438699674648644,-0.12472400605704588,False,True,True,-0.23438699674648644,36.56787028080362,7.597405058015837,-1.5545391908904898,7.5415610702893146,9.151944248906327,40.333119553996056,1,4.0,-1.0,13.0,1.0,26699.75,0.23134328358208955,MNQ_v4
single,MNQ,2026-04-20 09:41:00+02:00,2026-04-20 11:05:00+02:00,Short,UK,9,0,Canal Exit,-71.74,1.0,12,26659.25,26694.75,26721.5,62.25,0.23350244286692237,-0.570281124497992,40.5,60.5,0.6506024096385542,0.9718875502008032,8.322840757318772,0.03121933571769188,0.029058102261080725,True,True,False,0.03121933571769188,-21.30448011092085,-7.776095096072727,0.03345343421856528,5.96981411077381,-7.809548530291293,39.49320947614319,2,4.0,1.0,8.0,1.0,26714.0,-0.8795180722891566,MNQ_v4
single,MNQ,2026-04-20 13:39:00+02:00,2026-04-20 15:03:00+02:00,Long,UK,13,0,Canal Exit,225.52,2.0,12,26713.0,26769.75,26680.25,32.75,0.12259948339759669,1.7328244274809161,90.0,20.0,2.7480916030534353,0.6106870229007634,5.305725722028001,0.01986196129984652,-0.010289406448347005,False,True,True,-0.01986196129984652,6.396916137862718,4.536893504236776,-1.529776251343797,13.38574591999941,6.066669755580573,33.17896156460649,1,6.0,-1.0,11.0,1.0,26771.75,1.7938931297709924,MNQ_v4
single,MNQ,2026-04-20 15:52:00+02:00,2026-04-20 17:09:00+02:00,Short,US,15,0,Canal Exit,696.52,2.0,11,26787.25,26612.75,26826.0,38.75,0.1446583729199526,4.503225806451613,218.25,17.0,5.632258064516129,0.43870967741935485,3.018132440629415,0.01126704846757101,0.031097873285660146,True,False,True,0.01126704846757101,-22.65312661259304,-4.019919603790923,-1.5567585067294685,8.463807337314503,-2.4631610970614544,-35.83860798033536,3,4.0,1.0,6.0,-1.0,26657.75,3.3419354838709676,MNQ_v4
single,MNQ,2026-04-21 02:06:00+02:00,2026-04-21 07:14:00+02:00,Long,Asia,2,1,Canal Exit,49.26,1.0,44,26815.0,26840.0,26751.5,63.5,0.2368077568525079,0.3937007874015748,28.5,30.75,0.44881889763779526,0.484251968503937,7.30129423206381,0.02722839542071158,-0.0074323733700269795,False,True,True,-0.02722839542071158,12.4187845758388,5.150792888571961,-3.135139631081454,18.983498655893708,8.285932519653414,25.15075138571406,2,3.0,-1.0,2.0,-1.0,26834.25,0.3031496062992126,MNQ_v4
single,MNQ,2026-04-21 07:49:00+02:00,2026-04-21 08:03:00+02:00,Short,Asia,7,1,Stop Loss,-154.96,4.0,2,26824.5,26843.5,26843.5,19.0,0.07083077037782624,-1.0,6.25,29.25,0.32894736842105265,1.5394736842105263,1.6271263566886773,0.006065821755069721,0.009834663020075468,False,False,False,-0.006065821755069721,-10.442323883002246,-10.907917707566211,-2.922873830197017,9.926538597691318,-7.985043877369194,-20.134877700387154,3,2.0,1.0,5.0,-1.0,26850.25,-1.355263157894737,MNQ_v4
single,MNQ,2026-04-21 16:55:00+02:00,2026-04-21 17:09:00+02:00,Short,US,16,1,Canal Exit,-115.74,1.0,2,26702.5,26760.0,26885.0,182.5,0.6834566051867803,-0.3150684931506849,40.25,92.25,0.22054794520547946,0.5054794520547945,6.934711459900427,0.025970270423744696,0.04256346923146467,True,False,True,0.025970270423744696,-15.141266409027594,-28.777751157288108,-21.009574966331797,2.7525167837965654,-7.768176190956311,-33.7600612298595,0,2.0,1.0,10.0,-1.0,26713.25,-0.0589041095890411,MNQ_v4
single,MNQ,2026-04-21 19:01:00+02:00,2026-04-21 19:29:00+02:00,Short,US,19,1,Canal Exit,0.76,1.0,4,26657.25,26656.5,26761.0,103.75,0.38919993622748034,0.007228915662650603,57.25,49.5,0.5518072289156627,0.4771084337349398,3.234132571335067,0.01213228135435976,-0.0017848501115643666,False,False,False,-0.01213228135435976,-3.6733554558049946,-27.580190812046695,-27.081735411769035,-10.554414760658725,-0.4984554002776598,-26.968254790499003,0,4.0,1.0,6.0,-1.0,26698.0,-0.3927710843373494,MNQ_v4
single,MNQ,2026-04-21 20:25:00+02:00,2026-04-21 21:07:00+02:00,Short,US,20,1,Stop Loss,-159.24,1.0,6,26686.5,26765.75,26765.75,79.25,0.2969666310681431,-1.0,21.5,82.5,0.27129337539432175,1.0410094637223974,28.023886752205726,0.1050114730376997,0.02510625299718382,True,True,False,0.1050114730376997,-6.607158384256763,-5.230935385936716,-0.3572854844427913,-8.159404640164883,-4.873649901493925,21.815696320194338,0,4.0,1.0,4.0,-1.0,26670.0,0.2082018927444795,MNQ_v4
single,MNQ,2026-04-22 03:51:00+02:00,2026-04-22 06:25:00+02:00,Long,Asia,3,2,Stop Loss,-164.22,3.0,22,26820.25,26793.25,26793.25,27.0,0.10067020255217607,-1.0,13.5,28.75,0.5,1.0648148148148149,4.842725857648475,0.018056229370153054,-0.0007049895353960351,False,False,False,-0.018056229370153054,0.5651287953878636,24.599829817004668,21.79056508339255,19.807744412835806,2.8092647336121175,-22.693883557852583,0,3.0,-1.0,5.0,1.0,26783.0,-1.3796296296296295,MNQ_v4
single,MNQ,2026-04-22 08:17:00+02:00,2026-04-22 09:06:00+02:00,Short,Asia,8,2,Canal Exit,-119.48,2.0,7,26813.25,26842.75,26850.75,37.5,0.13985622779782383,-0.7866666666666666,10.5,33.75,0.28,0.9,3.9260772918350995,0.01464230293543341,0.020922620142071347,True,True,False,0.01464230293543341,-4.663244571078394,-22.201210751887547,-16.647370426654504,-0.695836958110886,-5.553840325233043,33.42153039128889,0,1.0,1.0,3.0,1.0,26850.75,-1.0,MNQ_v4
single,MNQ,2026-04-22 12:08:00+02:00,2026-04-22 12:22:00+02:00,Short,UK,12,2,Canal Exit,-40.24,1.0,2,26812.75,26832.5,26862.75,50.0,0.18647844775340092,-0.395,7.75,24.0,0.155,0.48,3.3561938748825924,0.012517156482951554,0.022504895239490313,True,False,True,0.012517156482951554,-6.7505172543205845,-19.27882221347844,-12.829734448440615,5.6152022391028025,-6.449087765037824,-21.424965692585488,0,2.0,1.0,5.0,-1.0,26830.0,-0.345,MNQ_v4
single,MNQ,2026-04-22 12:57:00+02:00,2026-04-22 14:28:00+02:00,Long,UK,12,2,Canal Exit,239.28,3.0,13,26830.0,26870.25,26805.0,25.0,0.09317927692881103,1.61,70.5,24.0,2.82,0.96,5.121330506561208,0.019088074940593395,-0.006523831544979376,False,True,True,-0.019088074940593395,1.308931073112035,5.934602214299818,7.176590341201727,-0.3303060728502973,-1.2419881269019095,37.000559783195,0,7.0,1.0,6.0,1.0,26832.5,0.1,MNQ_v4
single,MNQ,2026-04-22 14:56:00+02:00,2026-04-22 15:45:00+02:00,Short,UK,14,2,Canal Exit,-20.74,1.0,7,26820.75,26830.75,26900.5,79.75,0.2973444068491746,-0.12539184952978055,13.0,71.75,0.16300940438871472,0.8996865203761756,1.4223332265391946,0.005303107581030339,0.030601490135981266,False,False,False,-0.005303107581030339,-25.19040148165368,-36.21676218985596,-29.29644669926639,-1.7177754176745037,-6.920315490589573,6.42850910915712,2,2.0,1.0,3.0,1.0,26894.0,-0.9184952978056427,MNQ_v4
single,MNQ,2026-04-22 19:08:00+02:00,2026-04-22 21:56:00+02:00,Long,US,19,2,Auto-Close (profit),124.26,1.0,24,27017.25,27079.75,26958.0,59.25,0.21930433334258667,1.0548523206751055,101.5,39.5,1.7130801687763713,0.6666666666666666,8.726745849431609,0.032300644401009014,-0.010863273529659599,False,True,True,-0.032300644401009014,19.114485509129736,8.305162147827586,3.1433892432901844,15.599615012663202,5.1617729045374015,35.702865671062725,2,5.0,-1.0,1.0,1.0,27125.5,1.8270042194092826,MNQ_v4
single,MNQ,2026-04-23 15:45:00+02:00,2026-04-23 16:27:00+02:00,Long,US,15,3,Canal Exit,-47.24,1.0,6,27067.25,27044.0,26957.0,110.25,0.40731880778431495,-0.2108843537414966,35.25,101.25,0.3197278911564626,0.9183673469387755,6.602238236053381,0.02439198010900029,-0.015187302720111496,False,False,False,-0.02439198010900029,2.083733945579297,23.245960442465567,21.188575193468075,10.154446701918001,2.057385248997491,-15.009035219212448,0,1.0,-1.0,8.0,-1.0,27131.0,0.5782312925170068,MNQ_v4
single,MNQ,2026-04-23 18:40:00+02:00,2026-04-23 19:01:00+02:00,Long,US,18,3,Stop Loss,-128.74,1.0,3,27102.5,27038.5,27038.5,64.0,0.23614057743750577,-1.0,11.0,126.5,0.171875,1.9765625,20.393286688966327,0.07524503897782982,-0.02731327338729492,False,False,False,-0.07524503897782982,2.043265541582514,17.374129108311227,10.232238533057338,5.625221467349367,7.141890575253889,10.36327226382739,0,2.0,-1.0,6.0,1.0,26747.5,-5.546875,MNQ_v4
single,MNQ,2026-04-24 03:51:00+02:00,2026-04-24 04:05:00+02:00,Long,Asia,3,4,Stop Loss,-172.96,4.0,2,27120.75,27099.5,27099.5,21.25,0.07835329037729413,-1.0,4.75,26.0,0.2235294117647059,1.223529411764706,12.65459171875409,0.04666018350803017,-0.0003736595604339374,False,False,False,-0.04666018350803017,8.380946467321337,0.0773373828654336,-4.473332864780295,16.44989861955179,4.550670247645728,-1.97733544253476,1,2.0,-1.0,5.0,1.0,27078.5,-1.988235294117647,MNQ_v4
single,MNQ,2026-04-24 19:57:00+02:00,2026-04-24 21:56:00+02:00,Long,US,19,4,Auto-Close (profit),10.76,1.0,17,27427.75,27433.5,27367.0,60.75,0.22149100819425582,0.09465020576131687,26.5,44.0,0.43621399176954734,0.7242798353909465,11.423930530094367,0.041650994084802315,-0.011507617755647077,False,True,True,-0.041650994084802315,0.5580814951717912,22.417987712784086,18.283430295199366,24.49828203617959,4.13455741758472,-6.381167158696575,0,1.0,-1.0,3.0,1.0,27427.0,-0.012345679012345678,MNQ_v4
single,MNQ,2026-04-27 05:43:00+02:00,2026-04-27 05:57:00+02:00,Long,Asia,5,0,Stop Loss,-175.44,6.0,2,27527.25,27513.0,27513.0,14.25,0.0517668855406915,-1.0,4.0,18.5,0.2807017543859649,1.2982456140350878,7.2504914889868814,0.026339323720992402,-0.004794830638398916,False,False,False,-0.026339323720992402,1.9425529723339423,7.935764975540896,3.8339806310914155,23.65656120204427,4.101784344449481,7.937588850638006,0,2.0,-1.0,4.0,1.0,27531.25,0.2807017543859649,MNQ_v4
single,MNQ,2026-04-27 21:35:00+02:00,2026-04-27 21:56:00+02:00,Long,US,21,0,Auto-Close (profit),93.52,2.0,3,27421.0,27444.75,27389.75,31.25,0.11396375041026952,0.76,31.25,13.25,1.0,0.424,2.986029239349591,0.010889570910432118,-0.01467869894957531,False,True,True,-0.010889570910432118,1.9550738404141157,27.88705210108938,23.02328071925427,2.4872435539834328,4.863771381835111,28.628113253364944,0,3.0,-1.0,5.0,1.0,27437.0,0.512,MNQ_v4
single,MNQ,2026-04-28 07:00:00+02:00,2026-04-28 08:31:00+02:00,Short,Asia,7,1,Canal Exit,197.52,2.0,13,27403.25,27353.5,27439.5,36.25,0.13228357950243128,1.3724137931034484,58.75,20.25,1.6206896551724137,0.5586206896551724,3.9677842506716843,0.01447924698957855,0.012506746216157804,True,True,False,0.01447924698957855,-18.982188167094137,-3.2427565453202325,8.857094436238963,-5.7818031717649285,-12.099850981559197,1.587412694611076,3,4.0,1.0,6.0,1.0,27339.5,1.7586206896551724,MNQ_v4
single,MNQ,2026-04-29 03:37:00+02:00,2026-04-29 06:04:00+02:00,Long,Asia,3,2,Canal Exit,64.26,1.0,21,27260.75,27293.25,27191.5,69.25,0.25402822739653164,0.4693140794223827,36.5,20.75,0.5270758122743683,0.2996389891696751,24.53416661173833,0.0899981350907012,-0.028251570154485903,False,True,True,-0.0899981350907012,12.415248140434414,2.131880913200793,-6.9393831151075815,1.6552354143990964,9.071264028308374,5.748624616852137,1,7.0,-1.0,5.0,-1.0,27302.5,0.6028880866425993,MNQ_v4
single,MNQ,2026-04-29 07:07:00+02:00,2026-04-29 07:28:00+02:00,Short,Asia,7,2,Canal Exit,-33.72,3.0,3,27286.0,27291.25,27312.5,26.5,0.09711940189107968,-0.19811320754716982,13.0,13.75,0.49056603773584906,0.5188679245283019,0.4676536528568249,0.0017138959644389978,0.010258027461978953,False,False,False,-0.0017138959644389978,-4.5070186468656175,-11.740554885646896,-3.12498332627571,4.19943985944375,-8.615571559371187,-24.97765340947755,2,3.0,1.0,6.0,-1.0,27289.0,-0.11320754716981132,MNQ_v4
single,MNQ,2026-04-29 07:49:00+02:00,2026-04-29 08:45:00+02:00,Long,Asia,7,2,Stop Loss,-140.48,2.0,8,27307.75,27273.0,27273.0,34.75,0.12725325228186138,-1.0,10.5,40.0,0.302158273381295,1.1510791366906474,4.850760534092842,0.017763310906584548,-0.0076557921963820805,False,False,False,-0.017763310906584548,8.40107816015734,24.405334206643104,15.07926418723179,0.6660753180848408,9.326070019411315,-37.68719659890357,2,3.0,-1.0,2.0,1.0,27283.0,-0.7122302158273381,MNQ_v4
single,MNQ,2026-04-29 11:54:00+02:00,2026-04-29 12:22:00+02:00,Short,UK,11,2,Stop Loss,-114.74,1.0,4,27214.0,27271.0,27271.0,57.0,0.2094510178584552,-1.0,2.5,73.75,0.043859649122807015,1.293859649122807,6.377918303616752,0.02343616632474738,0.016440880013499953,True,False,True,0.02343616632474738,-9.847450281256897,-19.917066594296337,-12.509473027240501,-8.685868937747053,-7.4075935670558355,9.137196738341428,1,2.0,1.0,3.0,-1.0,27266.5,-0.9210526315789473,MNQ_v4
single,MNQ,2026-04-29 19:08:00+02:00,2026-04-29 21:28:00+02:00,Long,US,19,2,Canal Exit,149.26,1.0,20,27204.75,27279.75,27153.0,51.75,0.19022413365313043,1.4492753623188406,133.5,46.75,2.579710144927536,0.9033816425120773,13.637557052687043,0.05012932319792331,-0.042169798136362596,False,True,True,-0.05012932319792331,21.74865289832087,3.035558801497746,-2.4038158394607674,-0.7106835689319162,5.439374640958514,33.315124105007484,2,7.0,-1.0,4.0,1.0,27385.25,3.4879227053140096,MNQ_v4
single,MNQ,2026-04-30 00:07:00+02:00,2026-04-30 00:42:00+02:00,Long,Asia,0,3,Canal Exit,146.76,1.0,5,27416.75,27490.5,27148.5,268.25,0.9784164789772676,0.2749301025163094,83.25,82.5,0.3103448275862069,0.30754892823858343,15.903968982980587,0.05800822118953044,-0.05227665783374732,False,True,True,-0.05800822118953044,41.740127088007284,8.637798383011773,1.5578808619950264,10.009443674628717,7.079917521016747,42.57578865666599,1,5.0,-1.0,7.0,1.0,27492.5,0.28238583410997203,MNQ_v4
single,MNQ,2026-04-30 01:17:00+02:00,2026-04-30 01:38:00+02:00,Short,Asia,1,3,Stop Loss,-159.48,2.0,3,27459.75,27499.25,27499.25,39.5,0.14384690319467583,-1.0,6.75,62.75,0.17088607594936708,1.5886075949367089,17.15761504544207,0.06248277950615745,0.1092490615638056,True,False,True,0.06248277950615745,-85.96963617728397,-8.009726466707672,-0.45836954796094,7.489631878636952,-7.551356918746732,11.417045932111005,3,2.0,1.0,5.0,-1.0,27575.25,-2.9240506329113924,MNQ_v4
single,MNQ,2026-04-30 13:18:00+02:00,2026-04-30 13:46:00+02:00,Long,UK,13,3,Canal Exit,3.26,1.0,4,27440.75,27442.75,27356.25,84.5,0.30793618979073095,0.023668639053254437,53.5,16.75,0.6331360946745562,0.19822485207100593,1.921390540919674,0.007001960736932022,-0.004920527440564902,False,True,True,-0.007001960736932022,15.217117889769725,10.38582685312176,2.1168407197476045,1.1969856034417592,8.268986133374156,29.95129039271789,1,4.0,-1.0,3.0,1.0,27487.25,0.5502958579881657,MNQ_v4
single,MNQ,2026-05-01 05:08:00+02:00,2026-05-01 07:56:00+02:00,Long,Asia,5,4,Stop Loss,-151.48,2.0,24,27650.0,27612.5,27612.5,37.5,0.13562386980108498,-1.0,23.75,38.0,0.6333333333333333,1.0133333333333334,8.149235927652626,0.029472824331474235,-0.011459867462153637,False,True,True,-0.029472824331474235,7.351559319435182,6.44191441380917,-4.212760359620736,10.580897128899794,10.654674773429907,-22.760039480885148,1,4.0,-1.0,2.0,1.0,27625.5,-0.6533333333333333,MNQ_v4
single,MNQ,2026-05-01 12:29:00+02:00,2026-05-01 14:07:00+02:00,Short,UK,12,4,Stop Loss,-164.22,3.0,14,27554.25,27581.25,27581.25,27.0,0.09798851356868724,-1.0,19.25,41.75,0.7129629629629629,1.5462962962962963,6.146394260853413,0.022306519904745775,0.006968293472477048,True,True,False,0.022306519904745775,-7.480543203088018,-5.587692596464527,2.5172107073284526,-3.7060396210969864,-8.10490330379298,28.77430813858833,1,3.0,1.0,3.0,-1.0,27603.25,-1.8148148148148149,MNQ_v4
single,MNQ,2026-05-04 01:03:00+02:00,2026-05-04 02:20:00+02:00,Short,Asia,1,0,Canal Exit,76.52,2.0,11,27843.25,27823.75,27879.75,36.5,0.13109101846946747,0.5342465753424658,42.5,23.75,1.1643835616438356,0.6506849315068494,12.843888229159347,0.04612927093338366,0.031026196833457316,True,True,False,0.04612927093338366,-10.027191650049645,-17.05154009317566,-14.014905467580958,-11.272197892853972,-3.0366346255947025,8.890158219748312,0,5.0,1.0,1.0,1.0,27852.75,-0.2602739726027397,MNQ_v4
single,MNQ,2026-05-04 06:11:00+02:00,2026-05-04 08:38:00+02:00,Long,Asia,6,0,Stop Loss,-125.74,1.0,21,27944.0,27881.5,27881.5,62.5,0.22366160893215,-1.0,22.5,72.25,0.36,1.156,6.740928586543305,0.02412299093380799,-0.0001224187633895347,False,False,False,-0.02412299093380799,0.3350872338451154,12.68726826280024,4.432925650474024,3.165619713573495,8.254342612326216,-31.345530568516,0,4.0,-1.0,8.0,-1.0,27939.0,-0.08,MNQ_v4
single,MNQ,2026-05-04 10:09:00+02:00,2026-05-04 10:23:00+02:00,Short,UK,10,0,Canal Exit,-29.74,1.0,2,27887.5,27902.0,27956.25,68.75,0.24652622142536978,-0.2109090909090909,18.0,27.5,0.26181818181818184,0.4,0.750966208812315,0.0026928416272965125,0.019997597030446002,True,False,True,0.0026928416272965125,-2.0182926776105887,-23.617791307814237,-17.454703511849598,-5.646950586125395,-6.163087795964639,-31.85373681875609,0,2.0,1.0,11.0,-1.0,27910.75,-0.3381818181818182,MNQ_v4
single,MNQ,2026-05-04 20:25:00+02:00,2026-05-04 21:56:00+02:00,Short,US,20,0,Auto-Close (loss),-40.74,1.0,13,27759.75,27779.75,27818.25,58.5,0.21073676816253747,-0.3418803418803419,41.25,33.25,0.7051282051282052,0.5683760683760684,5.444816381990677,0.019614068505626588,0.034414842517182354,True,True,False,0.019614068505626588,-47.61871964365855,-3.748021598195338,2.801589803813071,-15.135711846778962,-6.549611402008409,-3.254430083800486,3,4.0,1.0,4.0,1.0,27763.25,-0.05982905982905983,MNQ_v4
single,MNQ,2026-05-05 00:14:00+02:00,2026-05-05 00:35:00+02:00,Long,Asia,0,1,Canal Exit,-10.48,2.0,3,27775.0,27772.75,27737.25,37.75,0.13591359135913592,-0.059602649006622516,5.75,8.0,0.152317880794702,0.2119205298013245,3.6192429016009555,0.013030577503513793,-0.009305768737548601,True,True,False,0.013030577503513793,3.755856479809154,12.011788644240525,4.736687372601468,-11.08905982220667,7.275101271639057,33.25250978390181,1,3.0,-1.0,6.0,1.0,27757.75,-0.45695364238410596,MNQ_v4
single,MNQ,2026-05-05 00:56:00+02:00,2026-05-05 01:45:00+02:00,Short,Asia,0,1,Canal Exit,26.52,2.0,7,27744.75,27737.75,27780.75,36.0,0.1297542778363474,0.19444444444444445,17.25,18.75,0.4791666666666667,0.5208333333333334,4.507520137718529,0.01624638945284614,0.016909066740349015,True,False,True,0.01624638945284614,-13.902579582219914,-17.36849784496322,-8.131787493996795,-9.14432635882912,-9.236710350966424,-10.890262712759325,2,3.0,1.0,2.0,1.0,27790.5,-1.2708333333333333,MNQ_v4
single,MNQ,2026-05-05 02:06:00+02:00,2026-05-05 02:20:00+02:00,Long,Asia,2,1,Canal Exit,-60.74,1.0,2,27776.75,27746.75,27727.5,49.25,0.17730656034273268,-0.6091370558375635,14.0,33.75,0.28426395939086296,0.6852791878172588,1.3558844427752774,0.004881364604481364,-0.009382647183275241,True,True,False,0.004881364604481364,9.65263858614344,11.010190014210384,5.051937946761459,-4.859735820532154,5.9582520674489245,13.986973138973541,1,2.0,-1.0,4.0,1.0,27791.25,0.29441624365482233,MNQ_v4
single,MNQ,2026-05-05 12:29:00+02:00,2026-05-05 12:57:00+02:00,Long,UK,12,1,Stop Loss,-149.48,2.0,4,27951.5,27914.5,27914.5,37.0,0.13237214460762392,-1.0,10.0,45.5,0.2702702702702703,1.2297297297297298,3.3622092932564556,0.012028725804541637,0.0012990542471346303,False,False,False,-0.012028725804541637,8.272064999007853,1.5664283287949563,-2.3683429878094175,14.739868347834422,3.934771316604374,-9.48921460516121,3,3.0,-1.0,4.0,1.0,27934.75,-0.4527027027027027,MNQ_v4
single,MNQ,2026-05-05 15:10:00+02:00,2026-05-05 15:24:00+02:00,Short,UK,15,1,Stop Loss,-156.96,4.0,2,27987.5,28006.75,28006.75,19.25,0.06878070567217508,-1.0,14.0,35.5,0.7272727272727273,1.844155844155844,1.4122157281963155,0.005045880225801931,0.020917410700273743,True,False,True,0.005045880225801931,-6.478082425426692,-0.0332577267912127,0.03581907111914166,14.894334040361722,-0.06907679791035437,-2.3325960948352327,2,2.0,1.0,6.0,-1.0,28089.5,-5.298701298701299,MNQ_v4
single,MNQ,2026-05-06 03:09:00+02:00,2026-05-06 06:18:00+02:00,Long,Asia,3,2,Canal Exit,165.52,2.0,27,28283.25,28325.0,28248.25,35.0,0.12374815482662,1.1928571428571428,51.25,20.75,1.4642857142857142,0.5928571428571429,22.44904672177654,0.07937223169818369,-0.050663030232910036,False,True,True,-0.07937223169818369,52.7894863853071,7.133410566929489,0.3998278181208268,-2.959019037392823,6.7335827488086615,3.5915549002929983,3,3.0,-1.0,9.0,-1.0,28345.0,1.7642857142857142,MNQ_v4
single,MNQ,2026-05-06 08:59:00+02:00,2026-05-06 11:05:00+02:00,Long,UK,8,2,Canal Exit,179.26,1.0,18,28347.5,28437.5,28300.0,47.5,0.16756327718493694,1.894736842105263,171.5,40.0,3.610526315789474,0.8421052631578947,9.036898536520312,0.03187899651299166,-0.01122951842728266,False,True,True,-0.03187899651299166,4.973542448442458,6.497049568290267,-1.7384585721813703,0.8888553913985303,8.235508140471637,32.59339208774946,0,2.0,-1.0,4.0,1.0,28500.0,3.210526315789474,MNQ_v4
single,MNQ,2026-05-07 04:19:00+02:00,2026-05-07 07:35:00+02:00,Short,Asia,4,3,Stop Loss,-167.48,2.0,28,28675.75,28717.25,28717.25,41.5,0.1447215853116309,-1.0,20.5,52.75,0.4939759036144578,1.2710843373493976,10.875308063194097,0.03792510418452559,0.02567904744174687,True,False,True,0.03792510418452559,-10.453607621238916,-10.404251707027422,-3.1089607751262527,-6.572650204612713,-7.295290931901169,14.547381404956964,1,3.0,1.0,4.0,-1.0,28707.5,-0.7650602409638554,MNQ_v4
single,MNQ,2026-05-07 08:17:00+02:00,2026-05-07 08:31:00+02:00,Short,Asia,8,3,Canal Exit,-108.7,5.0,2,28715.5,28726.0,28731.75,16.25,0.05658964670648256,-0.6461538461538462,14.75,12.75,0.9076923076923077,0.7846153846153846,1.0933135694358498,0.0038073986851555773,0.0083556482509609,True,False,True,0.0038073986851555773,-3.7013733088751906,-4.5502408838084145,0.9112501186987578,10.825282346507324,-5.461491002507172,-3.3145028106943393,2,2.0,1.0,6.0,-1.0,28760.75,-2.7846153846153845,MNQ_v4
single,MNQ,2026-05-07 08:52:00+02:00,2026-05-07 09:27:00+02:00,Long,Asia,8,3,Canal Exit,206.52,2.0,5,28736.0,28788.0,28700.75,35.25,0.12266842984409798,1.475177304964539,69.0,11.75,1.9574468085106382,0.3333333333333333,1.800853753782576,0.006266890846960524,-0.00028749627943383906,True,True,False,0.006266890846960524,4.817216310282674,26.273387446173746,22.828511626544298,11.181286463757177,3.4448758196294484,24.16302739476995,2,3.0,-1.0,2.0,-1.0,28773.0,1.049645390070922,MNQ_v4
single,MNQ,2026-05-07 15:59:00+02:00,2026-05-07 16:34:00+02:00,Long,US,15,3,Canal Exit,182.76,1.0,5,28817.25,28909.0,28708.0,109.25,0.3791132047645074,0.8398169336384439,98.0,47.0,0.897025171624714,0.4302059496567506,1.269434142530372,0.004405118956633169,-0.0068030586380123685,True,True,False,0.004405118956633169,2.3851045823939785,6.652702699474234,0.7274118212546301,-1.7613493923168946,5.925290878219604,46.016295668744924,0,5.0,-1.0,9.0,1.0,28879.75,0.5720823798627003,MNQ_v4
single,MNQ,2026-05-08 05:01:00+02:00,2026-05-08 08:45:00+02:00,Long,Asia,5,4,Canal Exit,315.52,2.0,32,28748.25,28827.5,28709.5,38.75,0.13479081335385631,2.0451612903225804,85.25,5.25,2.2,0.13548387096774195,12.761379802097508,0.044390110013992186,-0.01566634315515098,False,True,True,-0.044390110013992186,4.220181877597497,11.534677790609829,8.086836686375396,15.733691395817251,3.447841104234433,29.29893465992716,0,2.0,-1.0,1.0,1.0,28836.5,2.2774193548387096,MNQ_v4
single,MNQ,2026-05-08 09:48:00+02:00,2026-05-08 10:58:00+02:00,Long,UK,9,4,Canal Exit,387.04,4.0,10,28825.0,28873.75,28804.5,20.5,0.07111882046834346,2.3780487804878048,50.75,9.25,2.475609756097561,0.45121951219512196,6.539777349309588,0.022687865912609153,-0.0012633454518917512,False,True,True,-0.022687865912609153,4.171627199339127,2.2980921119830056,-0.28428772707812144,9.946470903136975,2.582379839061127,13.374084961416433,1,7.0,-1.0,4.0,-1.0,28875.0,2.4390243902439024,MNQ_v4
single,MNQ,2026-05-08 12:22:00+02:00,2026-05-08 14:28:00+02:00,Long,UK,12,4,Canal Exit,248.52,2.0,18,28872.25,28934.75,28832.0,40.25,0.13940721627167954,1.5527950310559007,70.25,32.0,1.7453416149068324,0.7950310559006211,13.47855823415739,0.04668343559700886,-0.013793487882436905,False,False,False,-0.04668343559700886,6.8255497381942405,5.976795877622191,-2.948154000917743,17.516714365746168,8.924949878539934,-18.600457923186898,1,4.0,-1.0,5.0,-1.0,28896.25,0.5962732919254659,MNQ_v4
single,MNQ,2026-05-08 15:10:00+02:00,2026-05-08 15:31:00+02:00,Short,UK,15,4,Stop Loss,-206.74,1.0,3,28873.75,28976.75,28976.75,103.0,0.356725399367938,-1.0,11.5,109.75,0.11165048543689321,1.0655339805825244,5.3222362998640165,0.01843278514174299,0.02825859040189068,True,False,True,0.01843278514174299,-12.195154216064111,-2.5645217590564755,5.913031085182818,6.205532661037329,-8.477552844239295,-16.013027921780797,1,3.0,1.0,6.0,-1.0,29114.25,-2.3349514563106797,MNQ_v4
single,MNQ,2026-05-08 15:52:00+02:00,2026-05-08 16:13:00+02:00,Long,US,15,4,Canal Exit,88.76,1.0,3,29069.5,29114.25,28863.5,206.0,0.7086465195479799,0.21723300970873785,63.5,26.25,0.308252427184466,0.12742718446601942,16.201075845354353,0.0557322136443845,-0.020663955561724314,True,True,False,0.0557322136443845,38.03780329431538,37.52667897121498,29.083362855470245,14.861410279814022,8.443316115744732,46.232061243174115,2,3.0,-1.0,5.0,1.0,29156.75,0.42354368932038833,MNQ_v4
single,MNQ,2026-05-11 03:37:00+02:00,2026-05-11 04:47:00+02:00,Long,Asia,3,0,Canal Exit,30.26,1.0,10,29335.25,29350.75,29250.5,84.75,0.28890157745374595,0.18289085545722714,26.0,15.5,0.30678466076696165,0.18289085545722714,29.478871863109816,0.10048958799774951,-0.04248387065209907,False,True,True,-0.10048958799774951,2.1868280362759833,5.379405684328884,-3.4727506527685184,11.366387429977102,8.852156337097403,6.957971328394001,0,4.0,-1.0,1.0,-1.0,29330.0,-0.061946902654867256,MNQ_v4
single,MNQ,2026-05-11 05:08:00+02:00,2026-05-11 05:29:00+02:00,Short,Asia,5,0,Canal Exit,-13.48,2.0,3,29323.5,29326.5,29361.25,37.75,0.1287363377495865,-0.07947019867549669,10.5,24.75,0.2781456953642384,0.6556291390728477,2.1149189334755647,0.0072123686922623996,0.009157833970906592,False,False,False,-0.0072123686922623996,-3.622359395492822,-17.039668258421507,-12.281626202821558,3.438719552442919,-4.758042055599949,-25.0928309151498,1,3.0,1.0,4.0,-1.0,29316.75,0.17880794701986755,MNQ_v4
single,MNQ,2026-05-11 07:49:00+02:00,2026-05-11 08:17:00+02:00,Short,Asia,7,0,Canal Exit,-75.72,3.0,4,29330.25,29342.5,29354.25,24.0,0.08182678292888741,-0.5104166666666666,10.25,17.25,0.4270833333333333,0.71875,0.8870954501617234,0.003024506951566125,0.008487035414582806,True,False,True,0.003024506951566125,-5.008532239291526,-4.128163578587569,0.8396649464463817,0.4771098119859592,-4.9678285250339504,-8.807413910966275,1,4.0,1.0,2.0,-1.0,29321.25,0.375,MNQ_v4
single,MNQ,2026-05-11 09:41:00+02:00,2026-05-11 10:02:00+02:00,Long,UK,9,0,Stop Loss,-130.48,2.0,3,29318.75,29286.5,29286.5,32.25,0.10999786825836709,-1.0,13.75,36.25,0.4263565891472868,1.124031007751938,3.8745694349199766,0.013215329558456541,-0.013959448110686262,False,True,True,-0.013215329558456541,12.996456752473023,7.794721172746338,2.415962395195397,1.1708936234016285,5.378758777550941,8.174839008392782,3,3.0,-1.0,6.0,1.0,29303.25,-0.4806201550387597,MNQ_v4
single,MNQ,2026-05-11 12:08:00+02:00,2026-05-11 13:18:00+02:00,Short,UK,12,0,Stop Loss,-104.74,1.0,10,29314.25,29366.25,29366.25,52.0,0.17738813034616271,-1.0,26.0,56.25,0.5,1.0817307692307692,7.919244369259104,0.027014999084947096,0.02027226393199074,True,True,False,0.027014999084947096,-18.83694460474726,-10.524456716335,-2.2751912305488666,0.5873913760956929,-8.249265485786133,37.64858102698498,2,5.0,1.0,2.0,-1.0,29362.5,-0.9278846153846154,MNQ_v4
single,MNQ,2026-05-11 19:29:00+02:00,2026-05-11 21:56:00+02:00,Long,US,19,0,Auto-Close (loss),-52.24,1.0,21,29454.75,29429.0,29367.75,87.0,0.295368319201487,-0.2959770114942529,22.25,84.0,0.2557471264367816,0.9655172413793104,26.61534681572084,0.09036011786119671,-0.03078709602323619,False,False,False,-0.09036011786119671,10.50911776117573,7.713036010671723,-0.13978329409389412,10.448628027079456,7.852819304765617,1.715954070015148,0,4.0,-1.0,3.0,-1.0,29379.25,-0.867816091954023,MNQ_v4
single,MNQ,2026-05-12 05:29:00+02:00,2026-05-12 08:03:00+02:00,Short,Asia,5,1,Canal Exit,402.78,3.0,22,29338.25,29270.75,29364.75,26.5,0.09032576926026603,2.547169811320755,77.75,8.5,2.9339622641509435,0.32075471698113206,12.491280673515575,0.04257677493891277,0.0243634283633893,True,True,False,0.04257677493891277,-14.405677764902066,-0.9331383617941242,4.156514853662912,-7.1734051660067655,-5.089653215457036,6.215362141105256,1,6.0,1.0,1.0,1.0,29281.5,2.141509433962264,MNQ_v4
single,MNQ,2026-05-12 08:24:00+02:00,2026-05-12 09:06:00+02:00,Short,Asia,8,1,Canal Exit,181.52,2.0,6,29258.25,29212.5,29298.5,40.25,0.13756803636581136,1.1366459627329193,82.25,4.75,2.0434782608695654,0.11801242236024845,3.054467875743285,0.010439680690893285,-0.0008401251453557309,True,False,True,0.010439680690893285,-2.3669601505971514,-17.745262585021166,-10.866615054030204,-16.012440122454517,-6.878647530990962,-36.107201137509676,1,6.0,1.0,7.0,-1.0,29227.75,0.7577639751552795,MNQ_v4
single,MNQ,2026-05-12 10:09:00+02:00,2026-05-12 11:05:00+02:00,Short,UK,10,1,Canal Exit,-34.24,1.0,8,29182.25,29199.0,29288.75,106.5,0.3649478707090783,-0.1572769953051643,8.5,43.0,0.07981220657276995,0.40375586854460094,10.725736321619479,0.03675431579682677,0.00904578896156964,True,False,True,0.03675431579682677,-3.2475521891683456,-12.913368331282937,-2.4159252984926702,-14.681678242949573,-10.497443032790267,4.492927070349878,0,3.0,1.0,1.0,1.0,29209.0,-0.2511737089201878,MNQ_v4
single,MNQ,2026-05-12 15:31:00+02:00,2026-05-12 15:38:00+02:00,Short,US,15,1,Stop Loss,-121.24,1.0,1,29177.0,29237.25,29237.25,60.25,0.2064982691846317,-1.0,33.25,108.75,0.5518672199170125,1.8049792531120332,12.916019016418431,0.044267810317779176,0.03970067722827313,True,True,False,0.044267810317779176,-32.1892051085415,-8.316528694250795,-0.5827798381075331,-2.9431745182325124,-7.733748856143262,-6.1080532355769215,2,1.0,1.0,1.0,-1.0,29187.5,-0.17427385892116182,MNQ_v4
single,MNQ,2026-05-13 05:36:00+02:00,2026-05-13 06:25:00+02:00,Long,Asia,5,2,Canal Exit,55.76,1.0,7,29260.0,29288.25,29201.5,58.5,0.19993164730006835,0.4829059829059829,37.25,20.0,0.6367521367521367,0.3418803418803419,7.44199916676007,0.025434036796856012,-0.008507054817273233,False,True,True,-0.025434036796856012,1.191055341714673,28.31633327822464,18.175087346278804,24.183393584127504,10.141245931945836,33.82166252864654,0,3.0,-1.0,1.0,-1.0,29277.0,0.2905982905982906,MNQ_v4
single,MNQ,2026-05-13 11:54:00+02:00,2026-05-13 13:04:00+02:00,Long,UK,11,2,Stop Loss,-99.74,1.0,10,29416.25,29366.75,29366.75,49.5,0.16827433816343007,-1.0,10.0,59.5,0.20202020202020202,1.202020202020202,16.04972383556742,0.05456074052799871,-0.02062145820911299,False,False,False,-0.05456074052799871,7.473986366570898,27.640328907896677,21.787785143488104,11.094057552680317,5.852543764408573,-26.544269299309153,0,2.0,-1.0,3.0,1.0,29370.75,-0.9191919191919192,MNQ_v4
single,MNQ,2026-05-13 21:28:00+02:00,2026-05-13 21:56:00+02:00,Long,US,21,2,Auto-Close (loss),-81.74,1.0,4,29516.0,29475.5,29441.75,74.25,0.25155847675836834,-0.5454545454545454,23.75,66.5,0.31986531986531985,0.8956228956228957,16.622874639433576,0.056318182136582115,-0.009500961965893838,False,False,False,-0.056318182136582115,19.19725631539768,8.141031534923677,1.9399660067414635,8.988360046465845,6.201065528182213,3.264203826007805,2,3.0,-1.0,3.0,1.0,29518.25,0.030303030303030304,MNQ_v4
single,MNQ,2026-05-14 01:45:00+02:00,2026-05-14 02:13:00+02:00,Short,Asia,1,3,Stop Loss,-160.48,2.0,4,29609.0,29648.75,29648.75,39.75,0.13424972136850283,-1.0,18.25,48.5,0.4591194968553459,1.220125786163522,5.406731433540699,0.018260432414268293,0.035559916028096,True,False,True,0.018260432414268293,-7.726503499809041,-4.189892720695816,2.3840900777710736,10.153375679298923,-6.57398279846689,0.5563622754878941,1,3.0,1.0,6.0,-1.0,29677.0,-1.7106918238993711,MNQ_v4
single,MNQ,2026-05-14 02:34:00+02:00,2026-05-14 02:55:00+02:00,Long,Asia,2,3,Canal Exit,16.26,1.0,3,29668.5,29677.0,29590.75,77.75,0.2620624568144665,0.10932475884244373,25.0,7.0,0.3215434083601286,0.09003215434083602,2.199750027873961,0.007414429539322719,-0.0017002805366901042,False,True,True,-0.007414429539322719,8.876056228811649,32.35574358011082,28.734699753812475,18.123271756483422,3.6210438262983438,39.07527647131253,1,3.0,-1.0,11.0,1.0,29612.75,-0.7170418006430869,MNQ_v4
single,MNQ,2026-05-14 03:30:00+02:00,2026-05-14 04:12:00+02:00,Short,Asia,3,3,Canal Exit,191.52,2.0,6,29661.0,29612.75,29693.5,32.5,0.10957149118370924,1.4846153846153847,60.5,23.0,1.8615384615384616,0.7076923076923077,2.6425854321787483,0.00890929311951299,0.021952551009460572,False,False,False,-0.00890929311951299,-5.61473971522355,-2.121421881179422,1.0561529496089042,14.984413544920235,-3.177574830788326,-36.62493988985153,2,6.0,1.0,5.0,-1.0,29592.5,2.1076923076923078,MNQ_v4
single,MNQ,2026-05-14 07:35:00+02:00,2026-05-14 07:42:00+02:00,Short,Asia,7,3,Stop Loss,-149.48,2.0,1,29562.5,29599.5,29599.5,37.0,0.12515856236786468,-1.0,16.25,51.5,0.4391891891891892,1.3918918918918919,1.8448776249060757,0.006240600845348247,0.00937704207774608,True,False,True,0.006240600845348247,-3.321144875822938,-12.882357202103154,-14.87470756833161,-8.53678483105823,1.9923503662284556,-5.078432772071849,0,7.0,-1.0,6.0,-1.0,29630.5,-1.837837837837838,MNQ_v4
single,MNQ,2026-05-14 13:39:00+02:00,2026-05-14 15:17:00+02:00,Short,UK,13,3,Canal Exit,225.52,2.0,14,29549.75,29493.0,29594.0,44.25,0.14974745979238405,1.2824858757062148,101.5,25.5,2.2937853107344632,0.576271186440678,4.006486652091553,0.013558445171588772,0.009630401316354847,True,False,True,0.013558445171588772,-5.844926069516077,-0.22086776162612784,2.2814398077243054,-8.821370056793933,-2.502307569350433,-33.53657061599704,1,2.0,1.0,6.0,-1.0,29593.0,-0.9774011299435028,MNQ_v4
single,MNQ,2026-05-14 15:38:00+02:00,2026-05-14 15:59:00+02:00,Long,US,15,3,Canal Exit,-67.24,1.0,3,29626.25,29593.0,29448.25,178.0,0.6008185308636766,-0.18679775280898878,58.5,100.25,0.32865168539325845,0.5632022471910112,7.0015501366360695,0.023632927341921673,-0.05069650531384336,False,True,True,-0.023632927341921673,32.99874414953956,13.91597238946812,3.3209649090065003,-8.672454999573764,10.59500748046162,34.56669871045644,1,3.0,-1.0,5.0,1.0,29678.5,0.29353932584269665,MNQ_v4
single,MNQ,2026-05-14 19:50:00+02:00,2026-05-14 21:56:00+02:00,Long,US,19,3,Auto-Close (loss),-118.24,1.0,18,29745.25,29686.5,29595.25,150.0,0.5042821963170591,-0.39166666666666666,7.25,105.5,0.04833333333333333,0.7033333333333334,16.75106295896694,0.056315085463954556,-0.057163044243175365,False,True,True,-0.056315085463954556,83.74231728188897,14.98320828949334,5.019149526808333,2.087718580388573,9.964058762685008,10.855612469834526,3,2.0,-1.0,7.0,1.0,29667.25,-0.52,MNQ_v4
single,MNQ,2026-05-15 00:00:00+02:00,2026-05-15 00:00:00+02:00,Long,Asia,0,4,End of Data,-0.74,1.0,0,29714.0,29714.0,29636.75,77.25,0.25997846133135893,0.0,5.5,39.25,0.07119741100323625,0.5080906148867314,12.269040289909753,0.04129043646062379,-0.026080379152678405,False,False,False,-0.04129043646062379,16.622457596509776,7.165015890372325,-1.7423951338244472,-2.0870305122638015,8.907411024196772,7.165015890372325,1,,,,,,,MNQ_v4
