leg,symbol,entry_time,exit_time,side,session,hour,dow,status,pnl,size,bars_in_trade,entry_px,exit_px,sl_px,sl_dist_pts,sl_dist_pct,r_at_exit,mfe_pts,mae_pts,mfe_r,mae_r,canal_width_e,canal_width_pct_e,canal_slope_pct_per_bar,canal_green_e,canal_green_x,canal_flipped,hma_spread_pct,bbmc_minus_hma2,hw_at_entry,sgd_at_entry,mfi_at_entry,hw_sgd_spread_e,hw_at_exit,bars_since_setup,first_hw_after_entry_bars,first_hw_after_entry_dir,first_hw_after_exit_bars,first_hw_after_exit_dir,first_hw_after_exit_close,shadow_exit_r,preset
single,MGC,2025-01-06 01:10:00+01:00,2025-01-06 01:52:00+01:00,Short,Asia,1,0,Stop Loss,-218.68,7.0,6,2652.3,2655.3,2655.3,3.0,0.113109376767334,-1.0,1.2000000000002728,3.699999999999818,0.40000000000009095,1.2333333333332728,1.4397532055691045,0.05428319592689758,0.009900210082019188,True,False,True,0.05428319592689758,-0.05849247309197381,-28.014237564422814,-21.83088015692292,-12.475637585875086,-6.183357407499894,19.2032459557786,0,3,1,3,-1,2659.8,-2.5,MGC_v2
single,MGC,2025-01-06 09:55:00+01:00,2025-01-06 12:36:00+01:00,Long,UK,9,0,Canal Exit,494.27999999999724,3.0,23,2643.9,2660.5,2636.4,7.5,0.2836718484057642,2.2133333333333214,19.09999999999991,2.300000000000182,2.5466666666666544,0.3066666666666909,2.262258742033737,0.0855652158566412,-0.007457937809628517,True,True,False,0.0855652158566412,0.13816327544009255,20.277146364124214,14.95033375808232,-14.313515566490993,5.326812606041894,45.989035549919905,0,4,-1,8,1,2659.5,2.079999999999988,MGC_v2
single,MGC,2025-01-06 15:59:00+01:00,2025-01-06 16:20:00+01:00,Long,US,15,0,Canal Exit,19.759999999999092,1.0,3,2646.4,2648.5,2624.5,21.90000000000009,0.8275392986698946,0.09589041095889955,2.699999999999818,5.200000000000273,0.1232876712328679,0.2374429223744407,1.4170040474500638,0.05354459066845767,-0.06938373512329037,False,True,True,-0.05354459066845767,2.8753578785790523,19.989321620465905,18.404154040326752,-9.1978198385107,1.585167580139153,17.020991493284548,1,1,-1,2,-1,2646.0,-0.018264840182652477,MGC_v2
single,MGC,2025-01-06 18:12:00+01:00,2025-01-06 18:54:00+01:00,Short,US,18,0,Canal Exit,103.31999999999363,7.0,6,2649.7000000000003,2648.100000000001,2652.9,3.199999999999818,0.1207683888742053,0.4999999999998579,4.300000000000182,1.9999999999995453,1.3437500000001332,0.6249999999998934,2.9818362622972927,0.11253486290135836,0.03577622790019383,True,False,True,0.11253486290135836,-1.6669409072396775,-11.61173138147921,-2.454369559397593,-10.892948633242861,-9.157361822081617,-19.647707221449227,3,3,1,5,-1,2646.0,1.156250000000151,MGC_v2
single,MGC,2025-01-06 20:32:00+01:00,2025-01-06 21:35:00+01:00,Long,US,20,0,Stop Loss,-237.11999999997636,13.0,9,2645.5,2643.8,2643.8,1.699999999999818,0.06426006426005738,-1.0,1.099999999999909,1.900000000000091,0.6470588235294275,1.1176470588237024,1.8162684217641072,0.06865501499769826,-0.014511361571348117,False,False,False,-0.06865501499769826,0.3710926658995959,6.0518473053312505,-0.17817857584540064,-6.28828677829816,6.230025881176651,-28.727447459163514,1,2,-1,1,1,2644.9,-0.3529411764705725,MGC_v2
single,MGC,2025-01-07 15:59:00+01:00,2025-01-07 20:39:00+01:00,Short,US,15,1,Canal Exit,-67.23999999999909,1.0,40,2657.9,2664.5,2678.5,20.59999999999991,0.7750479702020358,-0.32038834951456013,4.200000000000273,15.199999999999818,0.20388349514564522,0.7378640776698974,3.9011622278940195,0.14677611000767596,0.03759448975324987,False,False,False,-0.14677611000767596,-2.624320058088415,-26.941307978147847,-12.454355892268923,21.685256618249753,-14.486952085878924,13.6130508737352,0,2,1,3,-1,2663.1,-0.2524271844660117,MGC_v2
single,MGC,2025-01-08 03:58:00+01:00,2025-01-08 04:12:00+01:00,Long,Asia,3,2,Canal Exit,-64.67999999998091,7.0,2,2662.4,2661.600000000001,2659.1000000000004,3.299999999999727,0.12394831730768205,-0.24242424242404198,1.0,1.599999999999909,0.3030303030303281,0.48484848484849735,0.020734689100208925,0.000778796916323953,-0.007959452239904616,True,True,False,0.000778796916323953,0.29321573173865545,27.429256301485005,27.34202490067426,-3.5078424334304414,0.08723140081074376,-4.673053360481196,1,1,-1,4,1,2660.6,-0.5454545454546457,MGC_v2
single,MGC,2025-01-08 04:33:00+01:00,2025-01-08 05:57:00+01:00,Short,Asia,4,2,Canal Exit,8.800000000009096,5.0,12,2660.3,2660.0,2664.5,4.199999999999818,0.15787693117316912,0.07142857142861783,2.100000000000364,1.699999999999818,0.5000000000001082,0.404761904761879,0.21692437978526868,0.008154132232653034,-9.644837897901661e-05,True,False,True,0.008154132232653034,-0.13618419552130945,-34.01976809892193,-31.0948680025411,-4.861930382693219,-2.924900096380828,-20.66242925369975,0,1,1,5,-1,2662.4,-0.5,MGC_v2
single,MGC,2025-01-08 08:38:00+01:00,2025-01-08 08:59:00+01:00,Short,Asia,8,2,Canal Exit,102.08000000000727,8.0,3,2665.7000000000003,2664.3,2668.6000000000004,2.900000000000091,0.10878943617061525,0.4827586206896714,1.400000000000091,1.599999999999909,0.4827586206896714,0.5517241379309858,0.410955530348474,0.015416420840622499,0.016371574986697206,True,False,True,0.015416420840622499,-0.05849128779345847,-23.603384185554283,-15.834312124031499,10.776462669567474,-7.769072061522785,-33.46267712891944,0,2,1,1,1,2665.2,0.17241379310359967,MGC_v2
single,MGC,2025-01-08 10:02:00+01:00,2025-01-08 12:22:00+01:00,Long,UK,10,2,Stop Loss,-200.96000000000365,4.0,20,2667.8,2662.9,2662.9,4.900000000000091,0.18367193942574747,-1.0,1.599999999999909,6.400000000000091,0.32653061224487334,1.3061224489795862,1.2988948808124405,0.048687865687549306,-0.006129294920361982,False,False,False,-0.048687865687549306,0.49888872323072064,16.730099165407882,12.260228113564274,11.422265202619135,4.469871051843608,-34.104977853783666,0,3,-1,7,-1,2662.3,-1.122448979591816,MGC_v2
single,MGC,2025-01-08 17:44:00+01:00,2025-01-08 18:26:00+01:00,Long,US,17,2,Stop Loss,-222.7199999999918,3.0,6,2685.5,2678.2000000000003,2678.2000000000003,7.299999999999727,0.27183019921801255,-1.0,1.5,9.699999999999818,0.2054794520548022,1.328767123287696,2.58920317897082,0.09641419396651721,0.0013162885292904705,False,False,False,-0.09641419396651721,1.5159326960888393,22.057364390253127,19.251951486986453,14.124127720387776,2.8054129032666744,-25.412107479489073,4,3,-1,3,1,2669.8,-2.150684931506905,MGC_v2
single,MGC,2025-01-08 20:11:00+01:00,2025-01-08 21:00:00+01:00,Long,US,20,2,Canal Exit,23.279999999989087,3.0,7,2675.1000000000004,2676.0,2668.1000000000004,7.0,0.26167246084258533,0.1285714285713766,2.4999999999995453,2.100000000000364,0.3571428571427922,0.30000000000005195,0.4101249562463636,0.015331200936277654,-0.031008263365950084,False,True,True,-0.015331200936277654,1.681241864704134,18.63845768196189,4.00414258277373,-6.23578056638821,14.634315099188159,-9.078799962701243,1,3,-1,4,-1,2676.3,0.17142857142854545,MGC_v2
single,MGC,2025-01-09 02:34:00+01:00,2025-01-09 03:16:00+01:00,Long,Asia,2,3,Stop Loss,-233.92000000001454,8.0,6,2677.7000000000003,2674.9,2674.9,2.800000000000182,0.10456735257871239,-1.0,1.4999999999995453,3.0000000000004547,0.5357142857140885,1.0714285714286642,1.115649478037085,0.0416644686871974,-0.009794717049659807,False,True,True,-0.0416644686871974,0.3635200126973359,11.661805192424206,2.7619770584606202,-3.154873145800188,8.899828133963585,-24.30344575683955,3,3,-1,3,1,2675.2,-0.8928571428572473,MGC_v2
single,MGC,2025-01-09 10:37:00+01:00,2025-01-09 12:22:00+01:00,Long,UK,10,3,Canal Exit,310.55999999998363,6.0,15,2682.1000000000004,2687.4,2678.4,3.700000000000273,0.13795160508557744,1.432432432432253,5.899999999999636,3.0000000000004547,1.5945945945943787,0.8108108108108739,1.202476399303123,0.0448333917192917,-0.0055733554838934074,False,True,True,-0.0448333917192917,0.4203658261753844,4.192071271493036,-3.831805668555785,8.724619486462235,8.023876940048822,17.518367434554413,1,3,-1,2,-1,2686.2,1.108108108107879,MGC_v2
single,MGC,2025-01-10 16:55:00+01:00,2025-01-10 18:26:00+01:00,Short,US,16,4,Canal Exit,-63.23999999999818,1.0,13,2719.2000000000003,2725.4,2735.1000000000004,15.900000000000091,0.5847308031774084,-0.3899371069182253,3.900000000000091,9.599999999999909,0.24528301886792886,0.6037735849056513,0.4983377313810706,0.018326630309689267,0.06559567514593234,True,False,True,0.018326630309689267,-1.634896096619741,-25.865007563895936,-11.756428502413018,6.978839568038064,-14.108579061482919,-1.7002806895471103,0,2,1,4,-1,2726.3,-0.4465408805031364,MGC_v2
single,MGC,2025-01-13 08:17:00+01:00,2025-01-13 09:27:00+01:00,Short,Asia,8,0,Canal Exit,28.799999999990906,5.0,10,2713.3,2712.6000000000004,2717.5,4.199999999999818,0.1547930564257479,0.16666666666663058,5.900000000000091,2.0,1.4047619047619873,0.4761904761904968,1.1401158610970015,0.042019528290163324,0.007317300705777815,True,False,True,0.042019528290163324,-0.04740148673272415,-33.79778013495109,-27.013714493963306,0.5240097764360208,-6.784065640987784,27.106441699131565,0,3,1,1,1,2714.9,-0.3809523809523758,MGC_v2
single,MGC,2025-01-13 16:20:00+01:00,2025-01-13 20:46:00+01:00,Short,US,16,0,Canal Exit,245.28000000000546,3.0,38,2685.3,2677.0,2692.9,7.599999999999909,0.28302238111197664,1.0921052631579318,10.300000000000182,6.5,1.355263157894777,0.855263157894747,5.888699803490454,0.2192939263207259,0.01362812340222669,True,False,True,0.2192939263207259,-0.5335272909528612,-3.2556801206384307,6.095232255547563,-14.601882721922491,-9.350912376185994,16.71934105770091,0,6,1,3,1,2677.9,0.9736842105263394,MGC_v2
single,MGC,2025-01-14 05:22:00+01:00,2025-01-14 05:43:00+01:00,Short,Asia,5,1,Stop Loss,-245.16000000003274,9.0,3,2684.5,2687.1000000000004,2687.1000000000004,2.600000000000364,0.0968523002421443,-1.0,0.40000000000009095,3.599999999999909,0.1538461538461673,1.3846153846151559,0.3538295627140542,0.01318046424712439,0.0018635018139654268,False,False,False,-0.01318046424712439,-0.014668297015305143,-34.40844176774658,-30.696401231851098,5.06010082956735,-3.7120405358954827,25.273208938921684,0,1,1,2,-1,2688.1,-1.3846153846151559,MGC_v2
single,MGC,2025-01-14 12:36:00+01:00,2025-01-14 13:04:00+01:00,Long,UK,12,1,Canal Exit,86.07999999998545,8.0,4,2680.1000000000004,2681.3,2677.3,2.800000000000182,0.10447371366740725,0.4285714285713358,3.0999999999994543,0.5000000000004547,1.1071428571425903,0.17857142857157937,0.007926940999823273,0.0002957703443835406,-0.013982673611012044,True,True,False,0.0002957703443835406,0.30475589177103757,9.834543547935969,-0.3949247356981882,-5.918269191425021,10.229468283634157,27.128095969782223,0,4,-1,7,1,2680.8,0.2499999999999188,MGC_v2
single,MGC,2025-01-14 15:59:00+01:00,2025-01-14 16:20:00+01:00,Long,US,15,1,Canal Exit,39.52000000000728,2.0,3,2682.5,2684.6000000000004,2671.6000000000004,10.899999999999636,0.40633737185459967,0.1926605504587554,3.699999999999818,4.900000000000091,0.3394495412843983,0.44954128440369306,1.057073148098425,0.039406268335449204,-0.023680301278110986,False,True,True,-0.039406268335449204,0.3300351274147033,30.284996650027708,22.66313208069205,-1.35500925009307,7.621864569335656,42.84846002503218,0,3,-1,5,1,2685.8,0.3027522935780084,MGC_v2
single,MGC,2025-01-14 18:05:00+01:00,2025-01-14 19:36:00+01:00,Short,US,18,1,Canal Exit,-93.72,3.0,13,2682.1000000000004,2685.1000000000004,2688.0,5.899999999999636,0.21997688378508018,-0.5084745762712178,2.300000000000182,3.799999999999727,0.38983050847463113,0.644067796610163,0.6178049208519951,0.02303437309764718,0.02132762714297843,False,False,False,-0.02303437309764718,-1.4792074725714883,-10.796920489345862,-1.3470307817369367,2.967443934426567,-9.449889707608925,31.13517411617402,2,3,1,3,-1,2686.2,-0.6949152542372385,MGC_v2
single,MGC,2025-01-15 02:27:00+01:00,2025-01-15 02:41:00+01:00,Long,Asia,2,2,Stop Loss,-237.11999999997636,13.0,2,2689.8,2688.1000000000004,2688.1000000000004,1.699999999999818,0.06320172503531185,-1.0,0.5,3.400000000000091,0.294117647058855,2.0000000000002673,1.6897486890775326,0.06282060707404016,-0.009247303440827392,False,False,False,-0.06282060707404016,0.2536356698046802,5.128014085844665,0.5183614553858682,18.155120481259193,4.609652630458797,-14.315510075642425,1,2,-1,3,1,2688.5,-0.76470588235313,MGC_v2
single,MGC,2025-01-15 15:38:00+01:00,2025-01-15 16:06:00+01:00,Short,US,15,2,Canal Exit,34.760000000003636,1.0,4,2703.1000000000004,2699.5,2719.1000000000004,16.0,0.5919129887906477,0.22500000000002274,5.200000000000273,4.499999999999545,0.32500000000001705,0.2812499999999716,0.4712102157582194,0.017432215447383353,0.026010713218580353,True,False,True,0.017432215447383353,-0.8419004398101606,-30.62611414586435,-27.970842513736493,3.0281658759486114,-2.6552716321278567,-20.520852469840285,0,1,1,2,1,2704.3,-0.07499999999998863,MGC_v2
single,MGC,2025-01-15 17:16:00+01:00,2025-01-15 17:37:00+01:00,Long,US,17,2,Canal Exit,17.52,2.0,3,2707.1000000000004,2708.1000000000004,2697.9,9.200000000000273,0.3398470688190415,0.10869565217390982,1.3999999999996362,3.800000000000182,0.1521739130434342,0.41304347826087706,1.6929567223869526,0.0625376499718131,-0.032252974697274193,False,True,True,-0.0625376499718131,0.3795177917240835,26.047201958286315,10.67165068704378,-6.461983607874456,15.375551271242536,34.76964920878628,0,3,-1,1,1,2710.6,0.38043478260863495,MGC_v2
single,MGC,2025-01-15 19:43:00+01:00,2025-01-15 19:57:00+01:00,Short,US,19,2,Canal Exit,-175.4400000000109,6.0,2,2716.0,2718.8,2719.5,3.5,0.12886597938144329,-0.800000000000052,1.400000000000091,3.300000000000182,0.400000000000026,0.9428571428571948,0.15060080465627834,0.005544948625047067,0.03304803755115187,True,False,True,0.005544948625047067,-0.9527756113288888,-18.411519598097183,-8.626657179722683,-0.3074402424640681,-9.7848624183745,3.8288166783662962,1,2,1,3,-1,2718.1,-0.599999999999974,MGC_v2
single,MGC,2025-01-15 20:32:00+01:00,2025-01-15 21:56:00+01:00,Long,US,20,2,Auto-Close (profit),7.040000000007276,4.0,12,2719.4,2719.7000000000003,2714.5,4.900000000000091,0.1801868059130724,0.06122448979595435,1.0,2.0,0.20408163265305743,0.40816326530611485,2.1262655443288168,0.07818877488890258,0.01092126866668498,False,False,False,-0.07818877488890258,0.1315403920357312,19.563722634009324,14.953653546781725,9.790960908957842,4.610069087227599,9.848173975331566,0,1,-1,3,-1,2720.3,0.18367346938777027,MGC_v2
single,MGC,2025-01-16 14:07:00+01:00,2025-01-16 14:35:00+01:00,Long,UK,14,3,Canal Exit,363.03999999999274,4.0,4,2733.2000000000003,2742.4,2727.5,5.700000000000273,0.20854675837846745,1.6140350877191891,9.299999999999727,4.300000000000182,1.6315789473682951,0.7543859649122765,2.8599582895321873,0.10463772462798869,-0.024478769857588817,False,True,True,-0.10463772462798869,0.28526944151280986,17.181182506867444,13.73091650616179,-1.3017638800834799,3.4502660007056534,51.06742886287227,0,4,-1,9,1,2747.7,2.5438596491226053,MGC_v2
single,MGC,2025-01-16 17:02:00+01:00,2025-01-16 21:56:00+01:00,Long,US,17,3,Auto-Close (loss),-108.48000000000364,2.0,42,2752.3,2747.0,2743.4,8.900000000000091,0.3233659121462083,-0.5955056179775424,5.599999999999909,6.5,0.6292134831460507,0.730337078651678,1.7038984572673144,0.061908166161658035,0.01551747062572946,False,True,True,-0.061908166161658035,0.4926276059613883,26.581485581213855,21.745663485522297,3.462251145866876,4.835822095691558,-10.638967151415676,0,2,-1,3,1,2745.8,-0.730337078651678,MGC_v2
single,MGC,2025-01-17 02:13:00+01:00,2025-01-17 02:55:00+01:00,Short,Asia,2,4,Canal Exit,-73.92000000001455,8.0,6,2745.8,2746.6000000000004,2748.6000000000004,2.800000000000182,0.10197392381091781,-0.2857142857143321,3.100000000000364,1.2999999999997272,1.1071428571429152,0.4642857142855867,1.3142347628991047,0.04786345556483009,0.00685001187163544,True,False,True,0.04786345556483009,-0.143940384486541,-16.017287144570453,-13.70902682863085,-7.071527248582238,-2.3082603159396022,24.255072931907677,0,4,1,2,-1,2746.8,-0.35714285714283395,MGC_v2
single,MGC,2025-01-17 12:08:00+01:00,2025-01-17 16:41:00+01:00,Long,UK,12,4,Canal Exit,778.7999999999909,5.0,39,2733.1000000000004,2748.8,2728.8,4.300000000000182,0.15733050382350378,3.6511627906974775,17.199999999999818,1.800000000000182,3.9999999999997886,0.4186046511628153,1.020312961277341,0.03733170982683915,-0.01998518757992838,True,True,False,0.03733170982683915,0.16748038237801666,16.477463708793152,3.3165078976444793,-26.818695679736454,13.160955811148673,14.641373362633969,0,3,-1,5,-1,2755.0,5.0930232558136534,MGC_v2
single,MGC,2025-01-20 02:48:00+01:00,2025-01-20 12:22:00+01:00,Long,Asia,2,0,Canal Exit,375.04,4.0,82,2737.3,2746.8,2731.8,5.5,0.20092792167464285,1.7272727272727273,17.299999999999727,1.0,3.1454545454544958,0.18181818181818182,1.407606423328616,0.05142316966823571,-0.007731360632084043,True,True,False,0.05142316966823571,0.024287696179271734,20.466152300096425,16.844714175329194,-15.55982003527408,3.6214381247672307,14.830183546020729,0,3,-1,3,1,2747.9,1.9272727272727108,MGC_v2
single,MGC,2025-01-20 14:28:00+01:00,2025-01-20 14:56:00+01:00,Short,UK,14,0,Canal Exit,209.5199999999982,2.0,4,2742.7000000000003,2732.1000000000004,2750.7000000000003,8.0,0.29168337769351366,1.3249999999999886,20.100000000000364,7.199999999999818,2.5125000000000455,0.8999999999999773,0.11300594566364452,0.004120244491327688,0.007885121802527765,True,False,True,0.004120244491327688,-0.9686010347345473,-1.352983552753832,9.763644046133816,-10.081374607753176,-11.116627598887648,-24.881767871075645,5,4,1,5,-1,2733.9,1.1000000000000227,MGC_v2
single,MGC,2025-01-21 01:45:00+01:00,2025-01-21 02:27:00+01:00,Short,Asia,1,1,Stop Loss,-237.72000000000546,3.0,6,2728.5,2736.3000000000006,2736.3,7.800000000000182,0.2858713578889566,-1.0000000000000584,5.900000000000091,7.800000000000182,0.7564102564102504,1.0,1.4706171260177143,0.05389837368582423,0.014129619850059314,False,False,False,-0.05389837368582423,-0.7062092676274005,-34.399193501763115,-30.90364175162366,13.620317615655123,-3.4955517501394553,34.00545776120339,0,2,1,1,-1,2734.0,-0.7051282051281886,MGC_v2
single,MGC,2025-01-21 05:22:00+01:00,2025-01-21 07:35:00+01:00,Long,Asia,5,1,Stop Loss,-200.95999999998546,4.0,19,2746.0,2741.1000000000004,2741.1000000000004,4.899999999999636,0.17844136926437132,-1.0,0.8000000000001819,5.900000000000091,0.16326530612249823,1.2040816326531691,1.7595655396116854,0.06407740493851731,0.008579251273427702,False,False,False,-0.06407740493851731,0.26267696969489407,29.35328844348484,22.151805906779757,17.538749501610805,7.2014825367050825,-32.794732967858664,0,2,-1,2,1,2740.6,-1.102040816326631,MGC_v2
single,MGC,2025-01-21 08:38:00+01:00,2025-01-21 09:34:00+01:00,Long,Asia,8,1,Stop Loss,-160.4800000000018,2.0,8,2743.8,2735.9,2735.9,7.900000000000091,0.287921860193895,-1.0,1.0,8.300000000000182,0.1265822784810112,1.050632911392416,2.7817310448463104,0.10138242746724653,-0.025888371452431207,False,True,True,-0.10138242746724653,0.13361364141155718,30.214159275999275,21.220550330886155,-6.229437875181154,8.99360894511312,-33.519156296104,0,2,-1,4,1,2731.5,-1.5569620253164609,MGC_v2
single,MGC,2025-01-21 15:03:00+01:00,2025-01-21 15:24:00+01:00,Short,UK,15,1,Stop Loss,-221.19999999998635,5.0,3,2738.6000000000004,2742.9,2742.9,4.299999999999727,0.15701453297304194,-1.0,1.800000000000182,5.599999999999454,0.41860465116285955,1.3023255813953045,0.7491334789374378,0.02735461472786963,0.01977196665525133,True,False,True,0.02735461472786963,-0.15475928665046013,-9.879242510514931,-9.815887575374749,11.905740752283242,-0.06335493514018253,33.15925946446964,0,1,1,5,-1,2752.1,-3.1395348837210237,MGC_v2
single,MGC,2025-01-22 03:58:00+01:00,2025-01-22 07:21:00+01:00,Long,Asia,3,2,Stop Loss,-206.2,5.0,29,2764.7000000000003,2760.7000000000003,2760.7000000000003,4.0,0.14468115889608274,-1.0,7.599999999999909,4.200000000000273,1.8999999999999773,1.0500000000000682,1.461639199757883,0.05286791332722837,0.00340786295125431,False,False,False,-0.05286791332722837,0.11148878868107204,16.992713746589736,5.60971277294146,10.604182367905791,11.383000973648276,-49.0772562650481,0,3,-1,1,1,2762.9,-0.4500000000000455,MGC_v2
single,MGC,2025-01-22 11:54:00+01:00,2025-01-22 14:42:00+01:00,Short,UK,11,2,Canal Exit,488.32000000002546,7.0,24,2771.1000000000004,2764.0,2774.4,3.299999999999727,0.11908628342534469,2.1515151515154396,11.000000000000455,3.0999999999994543,3.333333333333747,0.9393939393938517,1.295991782976671,0.04676813478317891,0.015197985928703486,False,False,False,-0.04676813478317891,-1.1850704464195587,-19.99015496136065,-13.039164066328393,12.551099517914162,-6.950990895032255,-33.18465157407945,2,2,1,4,-1,2764.7,1.9393939393942652,MGC_v2
single,MGC,2025-01-22 18:05:00+01:00,2025-01-22 18:54:00+01:00,Short,US,18,2,Canal Exit,7.040000000007276,4.0,7,2768.1000000000004,2767.8,2773.3,5.199999999999818,0.18785448502582341,0.057692307692344694,0.5000000000004547,2.5999999999994543,0.09615384615393698,0.49999999999991257,1.4897463493307441,0.05381837178319945,0.02120467728508506,True,False,True,0.05381837178319945,-0.21673943858013445,-27.964195539832453,-20.217281270821267,-3.924636402098168,-7.746914269011185,-3.353185765233233,0,2,1,3,1,2769.3,-0.23076923076920386,MGC_v2
single,MGC,2025-01-22 19:29:00+01:00,2025-01-22 21:56:00+01:00,Long,US,19,2,Auto-Close (loss),-180.96000000000365,4.0,21,2771.1000000000004,2766.7000000000003,2765.6000000000004,5.5,0.19847713904225756,-0.8000000000000166,0.29999999999972715,5.100000000000364,0.05454545454540494,0.9272727272727934,1.8822396410714646,0.06792391617305273,-0.008189276468414232,False,False,False,-0.06792391617305273,0.033364650098064885,32.57834247966549,20.71983993787517,-3.2822679593297353,11.858502541790315,-21.662607650266203,0,2,-1,1,1,2767.0,-0.7454545454546117,MGC_v2
single,MGC,2025-01-23 02:41:00+01:00,2025-01-23 04:05:00+01:00,Short,Asia,2,3,Canal Exit,33.799999999986355,5.0,12,2762.0,2761.2000000000003,2766.5,4.5,0.16292541636495295,0.17777777777771714,1.599999999999909,2.400000000000091,0.35555555555553536,0.5333333333333535,1.1363752131019282,0.041143201053654176,0.005295061850686999,True,False,True,0.041143201053654176,-0.27352670490427045,-21.827224809784013,-16.283838658094986,-9.004115909106737,-5.5433861516890275,-18.376303178413526,0,3,1,4,1,2760.0,0.4444444444444444,MGC_v2
single,MGC,2025-01-23 08:03:00+01:00,2025-01-23 08:45:00+01:00,Short,Asia,8,3,Canal Exit,24.840000000008185,9.0,6,2761.9,2761.5,2764.5,2.599999999999909,0.09413809334153694,0.1538461538461942,2.800000000000182,1.400000000000091,1.0769230769231846,0.5384615384615923,1.0018842644194592,0.03627518246205363,0.00978155476003864,True,False,True,0.03627518246205363,-0.006337565026115044,-28.132451315566918,-27.792327767478437,5.994340890375143,-0.34012354808848144,-17.021933321707223,0,2,1,3,-1,2760.2,0.6538461538462816,MGC_v2
single,MGC,2025-01-23 13:11:00+01:00,2025-01-23 13:39:00+01:00,Short,UK,13,3,Canal Exit,119.28000000001092,3.0,4,2755.1000000000004,2751.0,2761.9,6.799999999999727,0.24681499764072906,0.6029411764706659,7.000000000000455,2.199999999999818,1.0294117647059906,0.32352941176469213,2.498498444575489,0.0906863070151896,0.024776575929632554,True,False,True,0.0906863070151896,-0.8201115152651255,-28.50177782417704,-21.43831234797687,-3.433992254602297,-7.063465476200172,-35.86901507387404,0,4,1,4,-1,2747.8,1.0735294117647758,MGC_v2
single,MGC,2025-01-23 15:17:00+01:00,2025-01-23 15:52:00+01:00,Long,UK,15,3,Canal Exit,27.52,2.0,5,2750.7000000000003,2752.2000000000003,2740.9,9.800000000000182,0.35627294870397286,0.1530612244897931,2.9999999999995453,5.600000000000364,0.3061224489795398,0.5714285714285979,0.4375173176631506,0.015905671925806178,-0.03507272260711463,True,True,False,0.015905671925806178,1.1194883266693978,32.245361884189805,29.12181764736637,-4.911995916766013,3.1235442368234345,0.8936472911715372,0,1,-1,3,-1,2750.0,-0.07142857142859795,MGC_v2
single,MGC,2025-01-23 20:18:00+01:00,2025-01-23 20:53:00+01:00,Long,US,20,3,Stop Loss,-223.43999999999454,6.0,5,2765.8,2762.2000000000003,2762.2000000000003,3.599999999999909,0.13016125533299258,-1.0,0.6999999999998181,3.600000000000364,0.19444444444439882,1.0000000000001263,3.3149603913389,0.11985539053217514,0.0015565931427341437,False,False,False,-0.11985539053217514,0.5998494220702923,12.608531333812538,2.100510707481475,9.75405838801236,10.508020626331064,-21.542697648548504,2,2,-1,2,1,2762.8,-0.8333333333333544,MGC_v2
single,MGC,2025-01-24 15:17:00+01:00,2025-01-24 16:06:00+01:00,Short,UK,15,4,Canal Exit,-152.48,2.0,7,2783.1000000000004,2790.6000000000004,2792.9,9.799999999999727,0.3521253278717878,-0.7653061224490009,2.700000000000273,7.599999999999454,0.27551020408166815,0.7755102040815985,0.004987453689864196,0.0001792049761009017,0.02488123454816928,True,False,True,0.0001792049761009017,-0.23930299994799498,-27.369410582857025,-20.365518392465834,19.69365416714172,-7.003892190391191,20.86563837118441,0,2,1,4,-1,2792.3,-0.9387755102040892,MGC_v2
single,MGC,2025-01-24 16:13:00+01:00,2025-01-24 16:34:00+01:00,Long,US,16,4,Canal Exit,-1.24,1.0,3,2792.3,2792.3,2780.3,12.0,0.4297532500089532,0.0,2.5,2.600000000000364,0.20833333333333334,0.21666666666669698,2.738263369782544,0.09806479854537636,-0.01676002988362066,False,True,True,-0.09806479854537636,0.4280971390594459,34.830340255173255,27.84798931317888,10.056690653960692,6.982350941994376,37.991780406502485,0,3,-1,5,1,2782.1,-0.8500000000000227,MGC_v2
single,MGC,2025-01-24 20:11:00+01:00,2025-01-24 21:56:00+01:00,Short,US,20,4,Auto-Close (profit),83.79999999998635,5.0,15,2779.5,2777.7000000000003,2783.6000000000004,4.100000000000364,0.14750854470229766,0.4390243902437969,2.099999999999909,3.5,0.5121951219511519,0.8536585365852901,1.5745487103613414,0.05664863142152694,-0.001273817105641525,True,False,True,0.05664863142152694,-0.5052462384746832,-12.242436053573083,-4.856988387271968,-1.9596656557129606,-7.385447666301116,-34.13398900133398,2,2,1,3,-1,2777.0,0.6097560975609215,MGC_v2
single,MGC,2025-01-27 01:45:00+01:00,2025-01-27 02:34:00+01:00,Long,Asia,1,0,Stop Loss,-242.4000000000182,10.0,7,2773.3,2771.0,2771.0,2.300000000000182,0.08293368910684677,-1.0,4.599999999999909,2.800000000000182,1.9999999999998024,1.2173913043478088,1.1754944501717546,0.0423861266423306,-0.012915562581876039,True,True,False,0.0423861266423306,0.20605713709346674,14.083169160336418,7.7017008520102115,-19.495459483387354,6.381468308326206,-31.410331854542058,0,4,-1,3,1,2768.5,-2.0869565217390447,MGC_v2
single,MGC,2025-01-27 20:46:00+01:00,2025-01-27 21:35:00+01:00,Short,US,20,0,Stop Loss,-239.68000000001274,7.0,7,2739.9,2743.2000000000003,2743.2000000000003,3.300000000000182,0.1204423519106603,-1.0,0.0,4.299999999999727,0.0,1.3030303030301484,4.620912460222826,0.16865259535832788,0.01911490509494179,True,True,False,0.16865259535832788,-0.5171348633666639,-11.631060578103506,-5.66836370193657,-3.958355647779259,-5.9626968761669366,23.421937565927742,1,1,1,6,-1,2745.7,-1.757575757575578,MGC_v2
single,MGC,2025-01-28 04:19:00+01:00,2025-01-28 04:33:00+01:00,Long,Asia,4,1,Stop Loss,-243.6,15.0,2,2743.5,2742.0,2742.0,1.5,0.054674685620557675,-1.0,1.800000000000182,2.199999999999818,1.2000000000001212,1.4666666666665453,1.0211898712022958,0.037222156777922205,-0.011194433295278574,False,False,False,-0.037222156777922205,0.12270398031660079,19.319876227558865,18.69732628914127,-2.879874465794496,0.6225499384175954,-23.34345985505107,0,1,-1,2,1,2742.8,-0.4666666666665454,MGC_v2
single,MGC,2025-01-28 11:54:00+01:00,2025-01-28 12:43:00+01:00,Short,UK,11,1,Canal Exit,-153.92000000001454,8.0,7,2747.0,2748.8,2749.7000000000003,2.700000000000273,0.09828904259192839,-0.6666666666666666,1.199999999999818,2.300000000000182,0.4444444444443322,0.8518518518518331,0.0048455762980665895,0.00017639520560853983,0.015669434631207322,True,False,True,0.00017639520560853983,-0.6842664162895744,-24.563161092594065,-23.404734365190627,5.7579813276885625,-1.1584267274034374,10.781177965893505,1,1,1,1,1,2748.4,-0.5185185185184998,MGC_v2
single,MGC,2025-01-28 13:32:00+01:00,2025-01-28 14:35:00+01:00,Long,UK,13,1,Canal Exit,342.08000000000726,8.0,9,2748.0,2752.4,2745.2000000000003,2.799999999999727,0.10189228529838891,1.571428571428757,6.5,1.599999999999909,2.3214285714287977,0.5714285714285946,1.55899982765186,0.0567321625783064,-0.004297654154179115,False,True,True,-0.0567321625783064,0.21897044501065466,19.65767043631933,9.192695716143573,7.776034420805224,10.464974720175755,32.91965672716391,0,2,-1,3,1,2754.5,2.3214285714287977,MGC_v2
single,MGC,2025-01-29 10:51:00+01:00,2025-01-29 11:40:00+01:00,Short,UK,10,2,Canal Exit,171.03999999998544,4.0,7,2770.0,2765.6000000000004,2775.6000000000004,5.600000000000364,0.20216606498196257,0.7857142857141697,4.699999999999818,2.099999999999909,0.8392857142856273,0.3749999999999594,0.2818089939200945,0.010173609888812076,0.0150547716165016,False,False,False,-0.010173609888812076,-1.3086012242342804,-10.654664740315866,-1.0452705201236698,6.857935131715422,-9.609394220192197,-39.93386435891483,2,7,1,1,-1,2765.3,0.8392857142856273,MGC_v2
single,MGC,2025-01-30 03:58:00+01:00,2025-01-30 08:03:00+01:00,Long,Asia,3,3,Canal Exit,969.1199999999782,12.0,35,2796.6000000000004,2804.8000000000006,2794.7000000000003,1.900000000000091,0.06793964099263716,4.315789473684148,8.899999999999636,1.0000000000004547,4.684210526315374,0.5263157894738983,6.549310871771013,0.2341883312511983,-0.0076930065761391594,False,True,True,-0.2341883312511983,1.5334450943191769,17.281250878220817,8.567374402266323,1.742774120147807,8.713876475954494,48.32177244411098,2,3,-1,6,1,2806.5,5.210526315789033,MGC_v2
single,MGC,2025-01-31 10:51:00+01:00,2025-01-31 11:40:00+01:00,Short,UK,10,4,Canal Exit,152.32000000001273,7.0,7,2846.2000000000003,2843.9,2849.5,3.299999999999727,0.11594406577189681,0.6969696969698097,4.100000000000364,1.099999999999909,1.2424242424244554,0.3333333333333333,0.6981197077193428,0.02452813251771986,0.0014060151472644372,True,False,True,0.02452813251771986,-0.002826920873758354,-22.148560307793566,-11.87386559455866,-1.4461825970624165,-10.274694713234906,-4.806745421906696,0,3,1,1,1,2845.1,0.33333333333347115,MGC_v2
single,MGC,2025-01-31 13:04:00+01:00,2025-01-31 13:18:00+01:00,Long,UK,13,4,Canal Exit,78.80000000001364,5.0,2,2844.9,2846.6000000000004,2840.7000000000003,4.199999999999818,0.14763260571548448,0.40476190476198726,3.099999999999909,0.3000000000001819,0.7380952380952484,0.07142857142861783,0.07543805161549244,0.002651694316689249,-0.013326836210856684,False,True,True,-0.002651694316689249,0.08065521511571205,28.926673947571842,23.677685944415202,-5.174020682753761,5.24898800315664,28.02307012855718,0,2,-1,9,1,2846.2,0.30952380952375796,MGC_v2
single,MGC,2025-02-03 05:43:00+01:00,2025-02-03 07:21:00+01:00,Short,Asia,5,0,Stop Loss,-212.96000000001092,4.0,14,2811.5,2816.7000000000003,2816.7000000000003,5.200000000000273,0.1849546505424248,-1.0,1.699999999999818,6.199999999999818,0.3269230769230248,1.1923076923075948,7.118347952157819,0.25318683806358955,0.015375192389209478,True,True,False,0.25318683806358955,-0.23683190775773255,-11.417300458237607,-10.325572017448948,-16.73288579372686,-1.0917284407886587,21.00810225237702,0,1,1,4,-1,2818.0,-1.2499999999999345,MGC_v2
single,MGC,2025-02-03 17:30:00+01:00,2025-02-03 21:14:00+01:00,Long,US,17,0,Canal Exit,-49.23999999999727,1.0,32,2862.5,2857.7000000000003,2846.1000000000004,16.399999999999636,0.572925764192127,-0.29268292682925817,1.199999999999818,11.099999999999909,0.0731707317073076,0.6768292682926924,4.69078014508159,0.16387004873647473,-0.001673063956702197,False,False,False,-0.16387004873647473,1.4457634900577432,16.777278307562256,15.748443417593865,5.03627276004546,1.0288348899683903,-9.998520215313789,1,2,-1,3,-1,2857.5,-0.30487804878049457,MGC_v2
single,MGC,2025-02-04 10:02:00+01:00,2025-02-04 10:51:00+01:00,Short,UK,10,1,Stop Loss,-200.96000000000365,4.0,7,2843.2000000000003,2848.1000000000004,2848.1000000000004,4.900000000000091,0.17234102419808986,-1.0,2.0000000000004547,4.999999999999545,0.40816326530620767,1.0204081632651945,2.623582735545824,0.09227570116579291,0.009125997737965828,True,True,False,0.09227570116579291,-0.14460611626873288,-11.799819405580475,-11.090923363992925,-12.18408415404705,-0.7088960415875505,27.836268042060986,0,1,1,2,-1,2844.2,-0.20408163265296464,MGC_v2
single,MGC,2025-02-04 16:48:00+01:00,2025-02-04 18:26:00+01:00,Short,US,16,1,Stop Loss,-166.48000000000545,2.0,14,2866.5,2874.7000000000003,2874.7000000000003,8.200000000000273,0.2860631432060099,-1.0,6.400000000000091,9.0,0.7804878048780339,1.0975609756097195,4.001760544342687,0.13960441459419806,0.03464371342799703,False,True,True,-0.13960441459419806,-0.24553658271770473,-18.343412227910598,-10.594774419174716,25.716703918102137,-7.748637808735882,32.74204822989073,0,2,1,1,-1,2874.1,-0.926829268292641,MGC_v2
single,MGC,2025-02-04 21:42:00+01:00,2025-02-04 21:56:00+01:00,Long,US,21,1,Auto-Close (loss),-55.43999999998363,6.0,2,2875.0,2874.2000000000003,2871.5,3.5,0.1217391304347826,-0.22857142857135063,0.1999999999998181,1.5,0.05714285714280517,0.42857142857142855,1.8217882238077436,0.06336654691505195,-0.009252589515653317,False,False,False,-0.06336654691505195,0.5693948307111896,22.172985535251026,9.331930940617232,13.861746828552645,12.841054594633794,32.37250478887954,1,3,-1,1,-1,2873.6,-0.400000000000026,MGC_v2
single,MGC,2025-02-05 00:14:00+01:00,2025-02-05 01:24:00+01:00,Short,Asia,0,2,Canal Exit,-145.4400000000109,6.0,10,2871.8,2874.1000000000004,2875.3,3.5,0.12187478236646006,-0.6571428571429091,0.6000000000003638,2.5,0.17142857142867537,0.7142857142857143,0.14036159237730317,0.004887582435312458,0.0012178475437719868,False,False,False,-0.004887582435312458,-0.06082367644785336,-28.12366908681438,-19.79549275416337,-4.407055555918784,-8.328176332651012,7.092295060755026,0,2,1,3,-1,2875.4,-1.0285714285714025,MGC_v2
single,MGC,2025-02-05 01:31:00+01:00,2025-02-05 01:45:00+01:00,Long,Asia,1,2,Canal Exit,8.799999999986358,5.0,2,2875.1000000000004,2875.4,2871.1000000000004,4.0,0.13912559563145627,0.07499999999993179,1.699999999999818,0.9000000000005457,0.4249999999999545,0.22500000000013642,0.0002480566408848972,8.627756978362394e-06,-0.00597748480753815,True,True,False,8.627756978362394e-06,0.27356883297989043,26.26554077082835,16.678917915791782,-11.014927329053577,9.586622855036566,33.37314176577921,0,2,-1,9,1,2873.9,-0.3000000000000682,MGC_v2
single,MGC,2025-02-05 02:34:00+01:00,2025-02-05 02:55:00+01:00,Short,Asia,2,2,Canal Exit,-80.47999999999273,2.0,3,2871.1000000000004,2875.0,2879.6000000000004,8.5,0.2960537772978997,-0.4588235294117219,1.0000000000004547,4.399999999999636,0.11764705882358291,0.5176470588234866,1.215560211605407,0.0423377873151547,0.01303665292515288,True,False,True,0.0423377873151547,-0.12814811750922672,-33.624840844094294,-26.621093872186066,14.718627052978034,-7.003746971908228,4.474070695425944,0,2,1,4,-1,2881.4,-1.2117647058823209,MGC_v2
single,MGC,2025-02-05 08:24:00+01:00,2025-02-05 09:41:00+01:00,Long,Asia,8,2,Canal Exit,287.0400000000073,4.0,11,2887.3,2894.6000000000004,2882.1000000000004,5.199999999999818,0.18009905447995767,1.403846153846238,8.399999999999636,2.300000000000182,1.6153846153846019,0.44230769230774275,2.558599559870345,0.08861564644721175,-0.003017017587040182,False,True,True,-0.08861564644721175,0.12579356619107784,9.092663570289767,-6.3709727462637575,13.682898863307264,15.463636316553526,8.81628746921289,0,4,-1,3,-1,2892.8,1.0576923076923448,MGC_v2
single,MGC,2025-02-05 13:32:00+01:00,2025-02-05 14:14:00+01:00,Long,UK,13,2,Stop Loss,-232.6800000000191,7.0,6,2893.7000000000003,2890.5,2890.5,3.200000000000273,0.11058506410478877,-1.0,2.699999999999818,6.900000000000091,0.8437499999998712,2.1562499999998446,1.3145514447887763,0.0454280486846866,-0.00999274921448356,False,True,True,-0.0454280486846866,0.9364270024439065,6.437665250330509,-4.110405437116257,0.35281773797357613,10.548070687446767,-5.77977255389669,5,1,-1,3,1,2887.5,-1.93749999999992,MGC_v2
single,MGC,2025-02-05 14:21:00+01:00,2025-02-05 14:35:00+01:00,Short,UK,14,2,Canal Exit,44.280000000010915,3.0,2,2889.1000000000004,2887.5,2896.5,7.399999999999636,0.25613512858674453,0.216216216216276,5.200000000000273,1.4999999999995453,0.7027027027027741,0.20270270270265123,0.09805949159090233,0.0033941189848361885,0.0027886687428929483,False,False,False,-0.0033941189848361885,-0.20860573245590786,-24.479132701344934,-15.12945262762071,-4.554269930616875,-9.349680073724224,-38.050419530774775,0,2,1,2,-1,2880.5,1.1621621621622684,MGC_v2
single,MGC,2025-02-05 18:54:00+01:00,2025-02-05 20:46:00+01:00,Long,US,18,2,Stop Loss,-210.4800000000018,2.0,16,2894.7000000000003,2884.3,2884.3,10.400000000000091,0.35927729989291085,-1.0,0.3999999999996362,11.500000000000455,0.038461538461503145,1.1057692307692648,1.4173228358304186,0.048962684762856895,-0.010525245481129441,False,False,False,-0.048962684762856895,0.8677532496317326,1.1472654111315244,-6.596169483913059,-0.10960099011210407,7.743434895044583,-23.650734750770695,1,1,-1,2,1,2884.0,-1.028846153846171,MGC_v2
single,MGC,2025-02-06 02:41:00+01:00,2025-02-06 03:44:00+01:00,Long,Asia,2,3,Canal Exit,3.799999999990905,5.0,9,2888.8,2889.0,2884.5,4.300000000000182,0.1488507338687407,0.04651162790693247,4.0,1.400000000000091,0.9302325581394956,0.32558139534884456,0.10494991601899528,0.0036329934927649982,0.002723097757652741,False,False,False,-0.0036329934927649982,0.04044471684619566,29.920759216898627,26.757266020838948,4.348154342622504,3.1634931960596795,-22.409630811111718,0,3,-1,3,-1,2887.4,-0.32558139534884456,MGC_v2
single,MGC,2025-02-07 00:21:00+01:00,2025-02-07 01:59:00+01:00,Long,Asia,0,4,Canal Exit,195.84000000001637,9.0,14,2881.8,2884.1000000000004,2879.4,2.400000000000091,0.08328128253175414,0.9583333333333728,2.899999999999636,1.300000000000182,1.2083333333331359,0.5416666666667219,1.1615663462152952,0.04030697294105403,0.0012419049255542232,False,True,True,-0.04030697294105403,0.07006804054844906,7.5247524614242,-1.704815751788427,6.194239292802678,9.229568213212627,-14.22435305996751,0,3,-1,4,-1,2886.9,2.1249999999998814,MGC_v2
single,MGC,2025-02-07 08:17:00+01:00,2025-02-07 08:45:00+01:00,Long,Asia,8,4,Canal Exit,35.04,4.0,4,2888.3,2889.3,2882.7000000000003,5.599999999999909,0.19388567669563095,0.17857142857143146,1.0,1.7000000000002728,0.17857142857143146,0.3035714285714822,0.27914470323867135,0.009664671372041387,-0.011584125234781412,True,True,False,0.009664671372041387,0.7581866669229385,28.853967790305077,14.174278104979075,-19.916628100283344,14.679689685326002,38.032605365909006,1,3,-1,1,-1,2888.0,-0.053571428571461924,MGC_v2
single,MGC,2025-02-07 19:01:00+01:00,2025-02-07 21:21:00+01:00,Long,US,19,4,Canal Exit,-76.48000000000546,2.0,20,2887.6000000000004,2883.9,2877.7000000000003,9.900000000000091,0.34284526942790167,-0.37373737373739785,2.299999999999727,4.200000000000273,0.23232323232320262,0.4242424242424479,5.009106088024055,0.17346952791328626,-0.06392881105745198,False,True,True,-0.17346952791328626,1.0644705010099642,29.540100413482484,21.507405407931657,-4.368986521114905,8.032695005550828,7.925625467528141,0,3,-1,3,1,2886.0,-0.16161616161619688,MGC_v2
single,MGC,2025-02-10 15:38:00+01:00,2025-02-10 15:59:00+01:00,Long,US,15,0,Canal Exit,39.519999999998184,2.0,3,2931.3,2933.4,2921.1000000000004,10.199999999999818,0.34796847814962023,0.20588235294117121,2.5,2.5,0.24509803921569065,0.24509803921569065,2.1767669817963906,0.07425944058255349,-0.022515127412794513,False,True,True,-0.07425944058255349,0.2371182913152552,33.954267460414286,30.566117923349267,-5.789256065176731,3.3881495370650185,35.39981579265344,0,2,-1,3,-1,2934.5,0.3137254901960662,MGC_v2
single,MGC,2025-02-11 10:16:00+01:00,2025-02-11 10:37:00+01:00,Long,UK,10,1,Stop Loss,-198.72,3.0,3,2937.7000000000003,2931.2000000000003,2931.2000000000003,6.5,0.22126153112979538,-1.0,0.29999999999972715,6.700000000000273,0.046153846153804176,1.0307692307692728,0.05335362886216899,0.0018161700943652853,-0.01634635894208043,True,True,False,0.0018161700943652853,-0.023282224035483523,8.626462722002419,-2.707178294958678,-11.201086308056745,11.333641016961096,-9.83766928990697,5,2,-1,3,1,2931.7,-0.9230769230769931,MGC_v2
single,MGC,2025-02-11 10:44:00+01:00,2025-02-11 14:07:00+01:00,Short,UK,10,1,Canal Exit,411.51999999999634,2.0,29,2931.8,2911.1000000000004,2941.3,9.5,0.3240330172590217,2.1789473684210336,22.100000000000364,2.799999999999727,2.3263157894737225,0.29473684210523443,0.3117124057989713,0.010632116986116763,-0.003080820191589447,True,False,True,0.010632116986116763,-1.728076000787496,-29.341463370910432,-19.589566330408616,-12.046397508994596,-9.751897040501817,-39.97773771913773,2,2,1,9,-1,2926.3,0.5789473684210527,MGC_v2
single,MGC,2025-02-12 04:40:00+01:00,2025-02-12 05:29:00+01:00,Short,Asia,4,2,Canal Exit,-0.24000000000090949,1.0,7,2913.9,2913.8,2925.9,12.0,0.4118192113662102,0.008333333333325754,1.800000000000182,3.199999999999818,0.15000000000001515,0.2666666666666515,2.7359731565229595,0.09389385896986717,-0.007822440755092336,False,False,False,-0.09389385896986717,-3.1870248443133278,-22.34053968820395,-17.758176597263542,-10.354402437077164,-4.582363090940408,16.59565183056612,5,3,1,4,1,2910.8,0.25833333333332575,MGC_v2
single,MGC,2025-02-12 13:04:00+01:00,2025-02-12 13:53:00+01:00,Short,UK,13,2,Stop Loss,-232.95999999999273,4.0,7,2906.3,2912.0,2912.0,5.699999999999818,0.1961256580531885,-1.0,1.0,6.199999999999818,0.17543859649123367,1.0877192982456168,1.6281892318320388,0.056022751671611276,-0.006117182302635594,True,True,False,0.056022751671611276,-0.04050586495850439,-14.896941691055652,-8.178502205389648,-22.924100383696928,-6.7184394856660035,37.92681195352192,0,2,1,1,-1,2909.8,-0.6140350877193178,MGC_v2
single,MGC,2025-02-12 14:14:00+01:00,2025-02-12 15:10:00+01:00,Short,UK,14,2,Stop Loss,-145.24000000000092,1.0,8,2898.2000000000003,2912.6000000000004,2912.6000000000004,14.400000000000091,0.4968601200745321,-1.0,11.800000000000182,21.699999999999818,0.8194444444444519,1.5069444444444222,2.4372738413603656,0.08409612315783471,0.014124138542510569,True,True,False,0.08409612315783471,-1.7294787086229917,-25.68968984765398,-10.670463429608334,-17.545554971756676,-15.019226418045646,46.746234058708154,0,3,1,1,-1,2918.5,-1.4097222222221943,MGC_v2
single,MGC,2025-02-12 17:09:00+01:00,2025-02-12 17:44:00+01:00,Short,US,17,2,Stop Loss,-204.96,4.0,5,2919.9,2924.9,2924.9,5.0,0.17123874105277578,-1.0,2.0,6.0,0.4,1.2,0.5540140664643332,0.01897373425337625,0.041761982382917395,True,False,True,0.01897373425337625,-0.8900507785428999,-0.3951216572635339,9.665248984986379,6.168751919823642,-10.060370642249913,30.721408347483965,1,3,1,3,-1,2933.5,-2.719999999999982,MGC_v2
single,MGC,2025-02-12 21:14:00+01:00,2025-02-12 21:56:00+01:00,Long,US,21,2,Auto-Close (profit),88.80000000000454,5.0,6,2922.7000000000003,2924.6000000000004,2918.2000000000003,4.5,0.1539672220891641,0.4222222222222424,3.4999999999995453,1.6000000000003638,0.7777777777776768,0.3555555555556364,4.240709175876873,0.14509560255506457,-0.030205535780864195,False,True,True,-0.14509560255506457,0.2504109002543373,15.06960409927144,13.039776519518533,1.2334233135504071,2.029827579752908,12.604692110530394,0,4,-1,2,1,2926.2,0.7777777777776768,MGC_v2
single,MGC,2025-02-13 08:10:00+01:00,2025-02-13 09:13:00+01:00,Long,Asia,8,3,Stop Loss,-206.2,5.0,9,2943.4,2939.4,2939.4,4.0,0.13589726167017735,-1.0,3.099999999999909,6.0,0.7749999999999773,1.5,4.07085228347114,0.13830441949687913,-0.018897029304260883,False,True,True,-0.13830441949687913,0.2766728975861952,19.45336810229066,14.065188946851107,-0.9506895248137598,5.388179155439554,-27.375245663721326,0,4,-1,1,1,2938.9,-1.125,MGC_v2
single,MGC,2025-02-13 12:15:00+01:00,2025-02-13 12:57:00+01:00,Short,UK,12,3,Stop Loss,-233.91999999997816,8.0,6,2943.6000000000004,2946.4,2946.4,2.799999999999727,0.09512161978528764,-1.0,1.9000000000005457,3.0999999999994543,0.6785714285716896,1.1071428571427702,1.9098182303414433,0.06488035841627406,0.0167104220784028,True,False,True,0.06488035841627406,-0.11354498167929705,-14.118883796654096,-7.776297205838384,-2.6930963827457517,-6.342586590815712,14.232840523475927,0,2,1,1,1,2948.0,-1.5714285714285947,MGC_v2
single,MGC,2025-02-13 13:11:00+01:00,2025-02-13 13:32:00+01:00,Long,UK,13,3,Canal Exit,71.04000000000364,4.0,3,2947.0,2948.9,2941.6000000000004,5.399999999999636,0.18323719036306876,0.3518518518518924,2.0,2.400000000000091,0.37037037037039533,0.4444444444444912,0.044324786463221244,0.0015040646916600355,0.003701905465173065,False,True,True,-0.0015040646916600355,0.1718723969720486,31.567428689644736,28.64870103231592,-5.795417646459197,2.918727657328816,18.756026820975514,0,1,-1,2,-1,2947.3,0.05555555555559298,MGC_v2
single,MGC,2025-02-13 14:07:00+01:00,2025-02-13 17:58:00+01:00,Short,UK,14,3,Canal Exit,8.28000000000273,3.0,33,2942.9,2942.5,2949.5,6.599999999999909,0.22426857861292973,0.06060606060607522,10.200000000000273,6.0,1.545454545454608,0.9090909090909216,0.2736785857123323,0.009299622335530677,0.013048018636122129,False,False,False,-0.009299622335530677,-0.16853669878537403,-28.076377229513987,-21.406471974811932,5.292900717906362,-6.669905254702055,-25.375294802589853,0,2,1,9,-1,2947.6,-0.7121212121211944,MGC_v2
single,MGC,2025-02-14 04:40:00+01:00,2025-02-14 05:43:00+01:00,Short,Asia,4,4,Canal Exit,-78.72,3.0,9,2953.2000000000003,2955.7000000000003,2959.3,6.099999999999909,0.20655560070431764,-0.4098360655737766,1.400000000000091,3.399999999999636,0.2295081967213298,0.5573770491802765,0.11360621951007488,0.003846885395844334,-0.002062315671939201,False,False,False,-0.003846885395844334,-0.21722400752287285,-30.369422876756147,-20.81575816860635,1.8326178293031983,-9.553664708149796,32.86400165886887,0,2,1,4,1,2956.9,-0.6065573770491596,MGC_v2
single,MGC,2025-02-14 08:10:00+01:00,2025-02-14 08:52:00+01:00,Short,Asia,8,4,Canal Exit,292.3199999999809,7.0,6,2960.4,2956.100000000001,2963.4,3.0,0.10133765707336846,1.4333333333330909,5.200000000000273,0.5,1.7333333333334242,0.16666666666666666,1.063431351926738,0.035921880554206795,0.016957439383780186,True,False,True,0.035921880554206795,-0.0199575811620889,-23.917096376056023,-22.701455623031336,14.099216687170914,-1.2156407530246867,-10.484066968667396,0,2,1,2,1,2959.3,0.36666666666663633,MGC_v2
single,MGC,2025-02-17 00:28:00+01:00,2025-02-17 02:27:00+01:00,Short,Asia,0,0,Stop Loss,-137.24000000000365,1.0,17,2890.5,2904.1000000000004,2904.1000000000004,13.600000000000364,0.4705068327279144,-1.0,2.300000000000182,15.5,0.1691176470588324,1.1397058823529107,2.548279487788932,0.08816050814007721,0.014589290621119345,True,True,False,0.08816050814007721,-1.8403979850777432,-20.859689915079464,-8.864525194096965,-8.146329062147228,-11.9951647209825,36.56068612123442,1,2,1,3,1,2908.4,-1.3161764705882069,MGC_v2
single,MGC,2025-02-17 07:56:00+01:00,2025-02-17 08:52:00+01:00,Long,Asia,7,0,Canal Exit,101.51999999999636,2.0,8,2909.7000000000003,2914.9,2900.5,9.200000000000273,0.31618379901709015,0.5652173913043113,5.199999999999818,1.300000000000182,0.5652173913043113,0.14130434782610254,2.342026381253163,0.08049030419813598,-0.02834025846251842,False,True,True,-0.08049030419813598,0.7242483038603496,33.084468665796024,33.06565930193152,-2.1935732768562417,0.018809363864505713,15.048086964584598,1,1,-1,1,-1,2912.1,0.260869565217344,MGC_v2
single,MGC,2025-02-17 13:39:00+01:00,2025-02-17 14:28:00+01:00,Long,UK,13,0,Canal Exit,-112.95999999999272,4.0,7,2912.4,2909.7000000000003,2906.7000000000003,5.699999999999818,0.19571487433044285,-0.473684210526299,0.5,4.800000000000182,0.08771929824561683,0.8421052631579535,1.523646766492675,0.05231584832072088,-0.013292396826617607,False,False,False,-0.05231584832072088,0.2557128062217089,23.779218331550148,9.730745897545715,-2.5199922040982004,14.048472434004433,-1.002913824992035,0,2,-1,1,-1,2908.2,-0.7368421052632292,MGC_v2
single,MGC,2025-02-17 15:31:00+01:00,2025-02-17 20:25:00+01:00,Long,US,15,0,Auto-Close (loss),-71.2000000000091,5.0,39,2912.6000000000004,2911.3,2908.0,4.600000000000364,0.15793449151961694,-0.2826086956521911,5.199999999999818,3.600000000000364,1.1304347826085668,0.7826086956521912,0.885359195919591,0.030397555308644884,-0.0028554577420080557,True,False,True,0.030397555308644884,0.3061567943514092,16.59268183114687,10.92942678744151,-5.888497073911419,5.663255043705359,1.713051845899102,0,4,-1,2,-1,2910.2,-0.52173913043486,MGC_v2
single,MGC,2025-02-18 00:49:00+01:00,2025-02-18 01:10:00+01:00,Long,Asia,0,1,Canal Exit,-2.4000000000090953,10.0,3,2911.7000000000003,2911.8,2909.4,2.300000000000182,0.07899165436000212,0.04347826086952224,0.6999999999998181,0.5000000000004547,0.30434782608685335,0.2173913043480066,0.24554476398134284,0.00843303788100913,-0.004516637204555895,True,True,False,0.00843303788100913,0.26695749360806076,21.282713628967095,10.196451396806909,-3.0068555370873207,11.086262232160186,32.76544780718467,1,3,-1,9,1,2909.2,-1.0869565217392423,MGC_v2
single,MGC,2025-02-18 01:59:00+01:00,2025-02-18 02:27:00+01:00,Short,Asia,1,1,Canal Exit,374.07999999997816,8.0,4,2910.5,2905.7000000000003,2913.4,2.900000000000091,0.09963923724446283,1.6551724137929575,5.099999999999909,1.699999999999818,1.758620689655086,0.586206896551643,0.7779494968963263,0.026729067063952113,0.006515065522619166,True,False,True,0.026729067063952113,-0.09258175935838153,-25.961318569973066,-21.16740889006074,2.9372791284561686,-4.793909679912325,-32.386034439504556,0,2,1,1,1,2908.9,0.5517241379309858,MGC_v2
single,MGC,2025-02-18 12:43:00+01:00,2025-02-18 21:56:00+01:00,Long,UK,12,1,Auto-Close (profit),1027.0400000000072,4.0,79,2925.5,2951.3,2920.5,5.0,0.17091095539224066,5.160000000000037,31.0,1.099999999999909,6.2,0.21999999999998182,0.5888489194394424,0.02012814628061673,-0.00013736920451441452,True,False,True,0.02012814628061673,0.27661048119034604,12.792183202319684,11.11277166194257,-6.522109707785151,1.6794115403771137,-20.611865174342245,1,3,-1,4,-1,2952.6,5.419999999999982,MGC_v2
single,MGC,2025-02-19 02:34:00+01:00,2025-02-19 02:55:00+01:00,Long,Asia,2,2,Canal Exit,71.28,3.0,3,2954.9,2957.4,2947.5,7.400000000000091,0.2504314866831395,0.33783783783783367,4.099999999999909,4.400000000000091,0.554054054054035,0.5945945945945996,1.3994665765203536,0.047360877746128585,-0.01584416355149864,False,True,True,-0.047360877746128585,0.04775718087648784,30.39191207728266,22.430416854225207,-21.081479292345648,7.9614952230574545,45.65932621087494,0,3,-1,8,1,2946.9,-1.0810810810810678,MGC_v2
single,MGC,2025-02-19 05:50:00+01:00,2025-02-19 09:34:00+01:00,Long,Asia,5,2,Canal Exit,1530.8799999999528,13.0,32,2945.1000000000004,2957.0,2943.3,1.800000000000182,0.06111846796374254,6.611111111110241,12.299999999999727,0.7000000000002728,6.833333333332491,0.3888888888890012,0.8433468068724324,0.028635591554528956,-0.013365379457760099,True,True,False,0.028635591554528956,0.5334207726168643,3.727671374437258,-0.06355519739335458,-9.207842348264457,3.7912265718306126,42.50390230281637,3,4,-1,4,1,2956.5,6.333333333332491,MGC_v2
single,MGC,2025-02-20 00:56:00+01:00,2025-02-20 02:55:00+01:00,Long,Asia,0,3,Canal Exit,28.800000000013643,5.0,17,2953.0,2953.7000000000003,2948.6000000000004,4.399999999999636,0.14900101591600529,0.15909090909098425,6.699999999999818,2.599999999999909,1.5227272727273573,0.5909090909091191,1.5476018321314768,0.05240778300479095,-0.0028894761548972623,False,False,False,-0.05240778300479095,1.1924022359571609,14.393997743040476,1.2942289383818437,25.149624515601527,13.099768804658632,-28.653703774687525,4,4,-1,6,-1,2955.7,0.6136363636363731,MGC_v2
single,MGC,2025-02-20 14:42:00+01:00,2025-02-20 15:10:00+01:00,Short,UK,14,3,Canal Exit,58.76,1.0,4,2951.7000000000003,2945.7000000000003,2965.2000000000003,13.5,0.45736355320662664,0.4444444444444444,12.200000000000273,8.399999999999636,0.9037037037037239,0.6222222222221953,0.6226519331657983,0.021094688930643295,-0.009937731658886959,True,False,True,0.021094688930643295,-0.9699134370262072,-5.511830124055016,4.809957701662871,-8.617507276724506,-10.321787825717887,-31.59733642445032,0,4,1,6,-1,2952.0,-0.02222222222220201,MGC_v2
single,MGC,2025-02-20 18:05:00+01:00,2025-02-20 18:40:00+01:00,Short,US,18,3,Stop Loss,-226.1999999999818,5.0,5,2958.6000000000004,2963.0,2963.0,4.399999999999636,0.14871898871086445,-1.0,2.600000000000364,5.199999999999818,0.5909090909092225,1.1818181818182383,5.301557603933361,0.1791914285112337,0.030293590045536146,True,True,False,0.1791914285112337,-0.11892200785314344,-19.280955931239422,-16.803610603208366,-10.078763649045174,-2.4773453280310562,24.8087257025103,0,2,1,2,-1,2955.3,0.7500000000001034,MGC_v2
single,MGC,2025-02-21 01:10:00+01:00,2025-02-21 01:38:00+01:00,Short,Asia,1,4,Canal Exit,261.36,11.0,4,2957.2000000000003,2954.7000000000003,2959.3,2.099999999999909,0.07101312051940717,1.190476190476242,4.400000000000091,0.9999999999995453,2.0952380952382295,0.47619047619028027,1.153310101190982,0.039000071053394494,0.012840962238408735,True,False,True,0.039000071053394494,-0.193248525211402,-6.574051143113878,-2.0695423233884465,-3.3444063755202116,-4.504508819725432,-32.01906977537328,2,4,1,6,-1,2961.1,-1.8571428571427644,MGC_v2
single,MGC,2025-02-21 02:06:00+01:00,2025-02-21 02:41:00+01:00,Long,Asia,2,4,Stop Loss,-168.47999999999453,2.0,5,2961.0,2952.7000000000003,2952.7000000000003,8.299999999999727,0.28031070584261153,-1.0,3.699999999999818,11.599999999999909,0.4457831325301132,1.397590361445818,1.6778265696793824,0.056664186750401295,-0.009253697547468371,False,True,True,-0.056664186750401295,0.059627777933656034,32.87511200001526,24.57273162555453,3.130515370183241,8.302380374460729,-28.17110435479947,0,2,-1,3,1,2952.5,-1.0240963855422023,MGC_v2
single,MGC,2025-02-21 08:38:00+01:00,2025-02-21 09:20:00+01:00,Short,Asia,8,4,Canal Exit,646.5600000000054,6.0,6,2944.9,2934.0,2948.4,3.5,0.11884953648680771,3.11428571428574,14.800000000000182,1.699999999999818,4.22857142857148,0.48571428571423375,2.885574520791124,0.09798548408404781,0.015441575895242773,True,False,True,0.09798548408404781,-0.2773415960100465,-25.59337224706189,-16.989607243305244,-7.310913822391094,-8.603765003756646,-46.18483349035306,0,1,1,7,-1,2939.3,1.599999999999974,MGC_v2
single,MGC,2025-02-21 10:30:00+01:00,2025-02-21 10:58:00+01:00,Long,UK,10,4,Canal Exit,17.76000000000091,1.0,4,2942.5,2944.4,2930.0,12.5,0.4248088360237893,0.15200000000000727,2.900000000000091,3.599999999999909,0.23200000000000728,0.2879999999999927,0.7490125642143539,0.025454972445687472,-0.015392935484265444,True,True,False,0.025454972445687472,0.9290485558676664,16.960774170044594,12.180873577876449,-5.156701416497104,4.779900592168145,33.27662635242915,0,4,-1,5,1,2944.6,0.1679999999999927,MGC_v2
single,MGC,2025-02-21 12:43:00+01:00,2025-02-21 13:04:00+01:00,Short,UK,12,4,Canal Exit,15.04,4.0,3,2945.2000000000003,2944.7000000000003,2950.3,5.099999999999909,0.17316311286160221,0.09803921568627626,4.200000000000273,2.099999999999909,0.8235294117647741,0.41176470588234243,1.3878729067027962,0.047123214270772644,0.02125237226102749,True,False,True,0.047123214270772644,-0.37401217375963824,-17.558605113356727,-10.394202035073725,-1.3479091897205369,-7.1644030782830015,-27.761435074498493,0,3,1,5,-1,2949.4,-0.8235294117646849,MGC_v2
single,MGC,2025-02-21 17:16:00+01:00,2025-02-21 17:37:00+01:00,Long,US,17,4,Canal Exit,111.52000000000545,2.0,3,2946.0,2951.7000000000003,2934.9,11.099999999999909,0.3767820773930723,0.5135135135135424,7.800000000000182,0.1999999999998181,0.7027027027027248,0.018018018018001777,0.8695862937938728,0.029517525247585632,-0.015052381564451055,False,True,True,-0.029517525247585632,0.14361836944499373,28.044170459894683,27.622048503081245,3.6955452744488624,0.422121956813438,37.33698662382484,0,3,-1,5,1,2953.4,0.6666666666666803,MGC_v2
single,MGC,2025-02-21 19:15:00+01:00,2025-02-21 19:29:00+01:00,Short,US,19,4,Stop Loss,-241.44000000000545,6.0,2,2952.2000000000003,2956.1000000000004,2956.1000000000004,3.900000000000091,0.13210487094370607,-1.0,0.900000000000091,4.099999999999909,0.2307692307692487,1.0512820512820034,0.624456879666468,0.02115225525596057,0.02614575473411707,True,False,True,0.02115225525596057,-0.4423884557072597,-27.09289385031917,-19.95466365764608,7.359947425319916,-7.138230192673092,2.7275955563525542,0,1,1,5,-1,2958.2,-1.538461538461386,MGC_v2
single,MGC,2025-02-21 19:50:00+01:00,2025-02-21 20:46:00+01:00,Long,US,19,4,Stop Loss,-160.4800000000018,2.0,8,2959.1000000000004,2951.2000000000003,2951.2000000000003,7.900000000000091,0.2669730661349765,-1.0,0.6999999999998181,11.500000000000455,0.08860759493668481,1.4556962025316864,0.4158487240292743,0.014053216316760984,0.007421798547810259,False,False,False,-0.014053216316760984,0.5908794552397012,30.712794056032152,28.976243438330986,4.459750760162969,1.736550617701166,-49.9193834513172,0,2,-1,1,1,2947.6,-1.4556962025316864,MGC_v2
single,MGC,2025-02-24 00:56:00+01:00,2025-02-24 02:20:00+01:00,Short,Asia,0,0,Canal Exit,427.0400000000073,4.0,12,2950.2000000000003,2939.4,2955.4,5.199999999999818,0.17625923666191506,2.0769230769231846,13.400000000000091,1.7999999999997272,2.5769230769231846,0.3461538461538058,1.791929138931664,0.06073924272699016,0.015969653198547956,True,False,True,0.06073924272699016,-0.40859644133752226,-30.711068698233305,-26.54025232718878,-5.527746740393355,-4.170816371044523,-37.68362503052646,0,1,1,5,-1,2940.5,1.865384615384733,MGC_v2
single,MGC,2025-02-24 05:43:00+01:00,2025-02-24 06:11:00+01:00,Short,Asia,5,0,Canal Exit,33.319999999993634,7.0,4,2954.4,2953.8,2957.6000000000004,3.200000000000273,0.10831302464122233,0.1874999999999556,2.300000000000182,0.599999999999909,0.7187499999999956,0.1874999999999556,2.1427780658259508,0.07252836670139287,0.017703360585418118,False,False,False,-0.07252836670139287,-2.3902149157665917,-1.9376218283019409,5.059435971594085,2.9087365471366446,-6.997057799896026,-17.54464089987875,5,4,1,2,-1,2951.6,0.8749999999999822,MGC_v2
single,MGC,2025-02-24 12:29:00+01:00,2025-02-24 13:32:00+01:00,Long,UK,12,0,Canal Exit,95.52000000000182,2.0,9,2957.8,2962.7000000000003,2949.2000000000003,8.599999999999909,0.2907566434512106,0.5697674418604817,8.5,1.400000000000091,0.9883720930232662,0.1627906976744309,2.486485890007316,0.0840653827171315,-0.021656454376624622,False,True,True,-0.0840653827171315,0.3432880943169039,34.00584066869712,31.85315143540634,-2.874257143911224,2.152689233290779,1.4653504330838174,0,4,-1,1,-1,2961.8,0.4651162790697724,MGC_v2
single,MGC,2025-02-24 15:24:00+01:00,2025-02-24 15:59:00+01:00,Short,US,15,0,Canal Exit,92.76000000000091,1.0,5,2958.6000000000004,2949.2000000000003,2974.6000000000004,16.0,0.5407963225850063,0.5875000000000057,12.000000000000455,6.899999999999636,0.7500000000000284,0.43124999999997726,0.5101660323980468,0.01724349463929043,0.030046439677881537,True,False,True,0.01724349463929043,-0.5616257135607157,-34.5165113771761,-25.292219131016797,14.420075255363761,-9.224292246159305,-16.928020090947612,0,2,1,2,1,2952.7,0.3687500000000341,MGC_v2
single,MGC,2025-02-24 17:02:00+01:00,2025-02-24 18:26:00+01:00,Long,US,17,0,Canal Exit,11.759999999997271,1.0,12,2958.2000000000003,2959.5,2945.4,12.800000000000182,0.43269555810966737,0.10156249999997724,2.299999999999727,4.400000000000091,0.17968749999997613,0.3437500000000022,2.4057096049482425,0.08132342657522285,-0.04201485910694145,False,True,True,-0.08132342657522285,0.8989123828828269,25.628535999999883,23.63595274986612,-8.058855103894963,1.9925832501337624,12.546674490439084,0,2,-1,3,-1,2959.4,0.09374999999998446,MGC_v2
single,MGC,2025-02-25 02:06:00+01:00,2025-02-25 02:34:00+01:00,Long,Asia,2,1,Stop Loss,-229.44000000001637,6.0,4,2967.7000000000003,2964.0,2964.0,3.700000000000273,0.12467567476497868,-1.0,0.7999999999997272,5.500000000000455,0.21621621621612652,1.4864864864864997,1.5604377456929797,0.05258071050621624,-0.010183780795382706,False,False,False,-0.05258071050621624,0.27160907119878175,17.763753234185316,12.633317825824166,4.098010433574108,5.13043540836115,-24.48190600055879,0,1,-1,2,1,2964.6,-0.8378378378378744,MGC_v2
single,MGC,2025-02-25 04:12:00+01:00,2025-02-25 04:54:00+01:00,Short,Asia,4,1,Canal Exit,251.04000000000363,4.0,6,2962.8,2956.4,2968.5,5.699999999999818,0.19238558120696023,1.1228070175439115,8.600000000000364,2.5,1.5087719298246733,0.4385964912280842,0.04231052447721595,0.0014280587443369767,0.002387598257148775,False,False,False,-0.0014280587443369767,-0.44219344541716055,-18.49582006090136,-15.503341009185949,-3.021377475769166,-2.99247905171541,-39.190171463086216,1,6,1,7,-1,2952.1,1.877192982456248,MGC_v2
single,MGC,2025-02-25 18:19:00+01:00,2025-02-25 21:56:00+01:00,Long,US,18,1,Auto-Close (profit),147.75999999999635,1.0,31,2910.6000000000004,2925.5,2897.8,12.800000000000182,0.43977186834330306,1.1640624999999551,15.799999999999727,3.100000000000364,1.2343749999999611,0.24218750000002498,3.813584109427211,0.13102398506930565,-0.07882599772252627,True,False,True,0.13102398506930565,1.704612317277224,19.71356648637036,16.491201869731267,-15.85456885746333,3.2223646166390942,12.2303028430972,1,4,-1,4,-1,2930.0,1.51562499999995,MGC_v2
single,MGC,2025-02-26 03:58:00+01:00,2025-02-26 05:15:00+01:00,Long,Asia,3,2,Stop Loss,-189.71999999999454,3.0,11,2934.3,2928.1000000000004,2928.1000000000004,6.199999999999818,0.21129400538458296,-1.0,1.7999999999997272,8.0,0.2903225806451258,1.2903225806451992,2.9139176844691974,0.09930537724394907,-0.012592568795314011,False,False,False,-0.09930537724394907,0.2791924433431632,22.094523948021113,21.37244478997044,-0.5565828720388524,0.722079158050672,-21.413185639386427,0,2,-1,2,-1,2927.8,-1.0483870967742244,MGC_v2
single,MGC,2025-02-26 08:45:00+01:00,2025-02-26 11:26:00+01:00,Long,Asia,8,2,Canal Exit,-52.48,2.0,23,2929.2000000000003,2926.7000000000003,2918.4,10.800000000000182,0.36870135190496317,-0.23148148148147757,3.299999999999727,6.900000000000091,0.30555555555552516,0.6388888888888865,1.0793208761060669,0.03684695057032865,-0.016416824365262678,True,False,True,0.03684695057032865,0.556390465532786,34.778831781938386,27.523371520860245,-16.361371576613802,7.255460261078142,5.248335260412336,0,2,-1,3,1,2926.2,-0.2777777777778152,MGC_v2
single,MGC,2025-02-26 18:26:00+01:00,2025-02-26 18:54:00+01:00,Short,US,18,2,Canal Exit,26.32,7.0,4,2927.9,2927.4,2931.1000000000004,3.200000000000273,0.10929335018273413,0.15624999999998668,0.900000000000091,3.099999999999909,0.28125000000000444,0.968749999999889,1.1394930676360673,0.03891844214748001,0.022918699604305853,False,False,False,-0.03891844214748001,-2.647381984452295,-2.792583577418961,0.25870039136103795,-1.9112458004371717,-3.051283968779999,7.152453365267072,5,2,1,1,1,2930.7,-0.8749999999998401,MGC_v2
single,MGC,2025-02-27 08:03:00+01:00,2025-02-27 10:02:00+01:00,Short,Asia,8,3,Canal Exit,245.52000000000183,2.0,17,2902.4,2890.0,2910.8,8.400000000000091,0.2894156560088234,1.476190476190471,12.800000000000182,6.199999999999818,1.523809523809529,0.7380952380952085,4.582442071940932,0.1578845807587146,0.000625691533530121,True,False,True,0.1578845807587146,-0.724871471541519,-33.622015907793156,-25.01577288166746,-16.68857186118559,-8.606243026125696,-28.257373826588037,0,1,1,1,1,2901.7,0.08333333333336491,MGC_v2
single,MGC,2025-02-27 10:30:00+01:00,2025-02-27 14:49:00+01:00,Long,UK,10,3,Canal Exit,1.520000000005457,2.0,37,2901.0,2901.2000000000003,2889.5,11.5,0.39641502930024125,0.01739130434784981,7.300000000000182,7.0,0.6347826086956679,0.6086956521739131,1.9382117915029085,0.06681185079293032,-0.0298639579671305,True,True,False,0.06681185079293032,0.3571256634245401,33.537789011154445,31.134025198982833,-8.514094566048147,2.4037638121716114,0.8288170402312014,0,1,-1,5,-1,2902.9,0.16521739130435573,MGC_v2
single,MGC,2025-02-27 15:38:00+01:00,2025-02-27 15:59:00+01:00,Short,US,15,3,Canal Exit,25.52000000000182,2.0,3,2894.7000000000003,2893.3,2906.1000000000004,11.400000000000091,0.39382319411338274,0.12280701754386665,15.700000000000273,3.9999999999995453,1.3771929824561533,0.35087719298241343,2.0283965564594837,0.07007277287661877,0.018221446258008075,True,False,True,0.07007277287661877,-0.36867106685349427,-21.591435246833278,-8.95132745696238,-5.750405057416419,-12.640107789870898,-26.233536826023954,0,3,1,4,-1,2888.2,0.5701754385965265,MGC_v2
single,MGC,2025-02-27 20:18:00+01:00,2025-02-27 20:39:00+01:00,Short,US,20,3,Canal Exit,316.56000000000546,6.0,3,2896.1000000000004,2890.7000000000003,2899.5,3.399999999999636,0.11739926107522654,1.5882352941178437,7.700000000000273,1.7999999999997272,2.2647058823532635,0.5294117647058587,0.2156997954189137,0.007447940175370798,0.020346922487109974,True,False,True,0.007447940175370798,-1.3627365094766901,-14.824919467863655,-3.199500414438357,4.966013568936996,-11.625419053425297,-35.38341449730219,4,3,1,4,-1,2886.7,2.7647058823533976,MGC_v2
single,MGC,2025-02-28 02:48:00+01:00,2025-02-28 03:09:00+01:00,Short,Asia,2,4,Canal Exit,20.279999999991816,3.0,3,2886.9,2886.1000000000004,2893.8,6.900000000000091,0.23901070352281306,0.11594202898546617,4.200000000000273,5.400000000000091,0.6086956521739446,0.7826086956521768,1.4730018968421064,0.051023655022415265,0.016376665309303068,True,False,True,0.051023655022415265,-0.2147990883845523,-16.748639892095714,-11.071959285520762,12.756938473178286,-5.676680606574951,-23.975088038186108,0,3,1,5,-1,2887.1,-0.028985507246350066,MGC_v2
single,MGC,2025-02-28 12:15:00+01:00,2025-02-28 12:57:00+01:00,Short,UK,12,4,Stop Loss,-235.4400000000109,6.0,6,2872.8,2876.6000000000004,2876.6000000000004,3.800000000000182,0.1322751322751386,-1.0,1.7000000000002728,4.599999999999909,0.447368421052682,1.2105263157893917,0.5646080591723148,0.019653580450164118,0.017967392894471742,True,False,True,0.019653580450164118,-1.215238180425331,-9.295749409538889,-4.0637408570095745,-5.105007918700829,-5.232008552529314,29.98620232575668,3,3,1,2,-1,2875.4,-0.6842105263157328,MGC_v2
single,MGC,2025-02-28 16:48:00+01:00,2025-02-28 21:00:00+01:00,Long,US,16,4,Canal Exit,9.75999999999909,1.0,36,2860.2000000000003,2861.3,2844.2000000000003,16.0,0.5594014404587092,0.06874999999999432,6.399999999999636,13.300000000000182,0.39999999999997726,0.8312500000000114,3.005832918046508,0.10509170400833884,-0.03875438746135707,True,True,False,0.10509170400833884,1.3301334992825105,20.238498871972478,16.55800162746666,-14.565703496431325,3.680497244505819,34.33500112852981,0,3,-1,1,1,2863.4,0.19999999999998863,MGC_v2
single,MGC,2025-03-03 02:48:00+01:00,2025-03-03 04:05:00+01:00,Long,Asia,2,0,Stop Loss,-170.4800000000018,2.0,11,2883.7000000000003,2875.3,2875.3,8.400000000000091,0.29129243679994765,-1.0,0.6999999999998181,11.300000000000182,0.08333333333331078,1.3452380952381022,2.31219883770882,0.08018167069073828,-0.002044139195223055,False,False,False,-0.08018167069073828,2.7502678159198695,20.238980585378197,19.58282985268088,6.330139273690503,0.6561507326973164,-44.01131042706004,4,1,-1,2,1,2871.2,-1.488095238095276,MGC_v2
single,MGC,2025-03-03 05:36:00+01:00,2025-03-03 06:25:00+01:00,Long,Asia,5,0,Canal Exit,-120.72000000000273,3.0,7,2876.7000000000003,2872.8000000000006,2869.1000000000004,7.599999999999909,0.26419160844022344,-0.5131578947368004,1.3999999999996362,4.000000000000455,0.1842105263157438,0.5263157894737504,0.23915563374612248,0.008313540993017085,-0.02026756914230461,True,True,False,0.008313540993017085,1.3610674110668697,20.449300586268535,6.960192993417676,-11.034088239695246,13.489107592850859,-38.45004375469279,2,3,-1,3,1,2870.1,-0.8684210526316372,MGC_v2
single,MGC,2025-03-03 08:17:00+01:00,2025-03-03 09:41:00+01:00,Short,Asia,8,0,Stop Loss,-235.43999999998363,6.0,12,2872.7000000000003,2876.5,2876.5,3.799999999999727,0.13227973683293512,-1.0,3.900000000000091,4.699999999999818,1.0263157894737818,1.2368421052631988,1.9812192926283387,0.06896714911506034,0.002327029814126635,True,False,True,0.06896714911506034,-0.07599900613877253,-14.643756940103588,-1.7614912771190268,-3.8560703342796394,-12.882265662984562,8.339041492868548,0,3,1,3,-1,2878.1,-1.4210526315789536,MGC_v2
single,MGC,2025-03-03 14:14:00+01:00,2025-03-03 15:31:00+01:00,Short,UK,14,0,Stop Loss,-195.72000000000273,3.0,11,2882.3,2888.7000000000003,2888.7000000000003,6.400000000000091,0.22204489470215075,-1.0,2.600000000000364,12.599999999999909,0.40625000000005107,1.9687499999999578,1.590261330354224,0.05517334525740637,0.013787137581493063,False,True,True,-0.05517334525740637,-0.0334968900383501,-25.218004470320018,-21.472736183951003,2.904458962314248,-3.745268286369015,36.23800792127797,0,2,1,1,-1,2889.3,-1.0937499999999845,MGC_v2
single,MGC,2025-03-03 21:42:00+01:00,2025-03-03 21:56:00+01:00,Long,US,21,0,Auto-Close (profit),81.51999999999636,2.0,2,2897.1000000000004,2901.3,2887.5,9.600000000000364,0.33136584860724044,0.4374999999999645,4.999999999999545,3.4000000000005457,0.5208333333332662,0.3541666666667101,2.1585313116383986,0.07450662081524277,-0.022466310012563016,False,True,True,-0.07450662081524277,0.024329563313585822,19.654581001431993,17.119144130422605,-6.342373235199435,2.535436871009388,40.73923670929237,0,4,-1,2,-1,2902.3,0.5416666666666272,MGC_v2
single,MGC,2025-03-04 00:21:00+01:00,2025-03-04 00:56:00+01:00,Short,Asia,0,1,Canal Exit,100.56000000001092,6.0,5,2903.3,2901.5,2906.7000000000003,3.400000000000091,0.11710811834808978,0.5294117647059217,2.400000000000091,1.199999999999818,0.7058823529411843,0.3529411764705253,1.914273774400499,0.06593441168327417,0.024232304401132335,True,False,True,0.06593441168327417,-0.02828029038028035,-26.232574756221197,-24.021084356975194,3.0494263165440287,-2.211490399246003,-35.82072850622641,0,3,1,4,-1,2900.9,0.7058823529411843,MGC_v2
single,MGC,2025-03-04 12:08:00+01:00,2025-03-04 14:35:00+01:00,Long,UK,12,1,Canal Exit,371.03999999998547,4.0,21,2927.6000000000004,2937.0,2921.8,5.800000000000182,0.19811449651592367,1.6206896551723002,12.199999999999818,1.4000000000005457,2.1034482758619717,0.2413793103449141,7.214521508044527,0.24643125796025844,-0.007964102501639451,False,True,True,-0.24643125796025844,0.6327564034418174,28.645170979446185,24.032639302357353,25.21065735367452,4.612531677088832,-11.37432945761153,0,2,-1,1,-1,2932.2,0.7931034482757431,MGC_v2
single,MGC,2025-03-04 15:03:00+01:00,2025-03-04 20:18:00+01:00,Short,UK,15,1,Canal Exit,215.28000000000546,3.0,45,2931.7000000000003,2924.4,2938.2000000000003,6.5,0.2217143636797762,1.123076923076951,20.800000000000182,2.099999999999909,3.200000000000028,0.3230769230769091,2.3054707448427507,0.07863938141156157,0.014333483833281252,False,False,False,-0.07863938141156157,-0.48780866500692355,-19.894135590928485,-16.737426998337604,6.66567764162329,-3.1567085925908813,26.539124370532765,0,3,1,3,1,2926.0,0.8769230769231189,MGC_v2
single,MGC,2025-03-05 04:26:00+01:00,2025-03-05 07:14:00+01:00,Long,Asia,4,2,Canal Exit,302.28000000000816,3.0,24,2920.5,2930.7000000000003,2912.8,7.699999999999818,0.2636534839924608,1.3246753246753915,12.0,1.900000000000091,1.5584415584415952,0.2467532467532644,1.2448967546797576,0.04262615150418619,-0.014062042369700453,True,True,False,0.04262615150418619,0.06229175767157358,31.252903961225044,29.604031114508707,-8.9198858463677,1.648872846716337,38.52612084866287,0,3,-1,5,1,2926.4,0.7662337662337961,MGC_v2
single,MGC,2025-03-05 14:28:00+01:00,2025-03-05 14:56:00+01:00,Short,UK,14,2,Canal Exit,95.52000000000182,2.0,4,2918.9,2914.0,2930.1000000000004,11.200000000000273,0.3837061906882823,0.43749999999999745,15.5,6.299999999999727,1.3839285714285376,0.5624999999999619,1.1868200010339933,0.04065983764548266,0.004805095075830615,False,False,False,-0.04065983764548266,-2.053060027648826,-14.54361445151893,-10.607799427133033,-8.667446543431593,-3.9358150243858976,-28.7172901966246,3,4,1,7,-1,2923.9,-0.44642857142856057,MGC_v2
single,MGC,2025-03-06 01:10:00+01:00,2025-03-06 01:24:00+01:00,Long,Asia,1,3,Stop Loss,-245.1599999999918,9.0,2,2928.9,2926.3,2926.3,2.599999999999909,0.08877052818463958,-1.0,0.29999999999972715,2.900000000000091,0.11538461538451449,1.1153846153846894,0.8459732197197809,0.028883649824841436,-0.00848387210092151,False,False,False,-0.028883649824841436,0.17746609944470038,22.75605268385727,17.108674606329775,5.567616655196648,5.647378077527495,4.588325846673911,0,1,-1,5,1,2926.1,-1.0769230769231846,MGC_v2
single,MGC,2025-03-06 02:20:00+01:00,2025-03-06 02:55:00+01:00,Long,Asia,2,3,Canal Exit,258.8000000000091,5.0,5,2927.9,2933.2000000000003,2923.9,4.0,0.13661668772840602,1.3250000000000455,7.299999999999727,0.7000000000002728,1.8249999999999318,0.1750000000000682,0.24536568229814293,0.008380261699448168,-0.008247803656046555,False,True,True,-0.008380261699448168,0.18935588105068746,32.73445085185997,25.82072389742696,-7.932023910626142,6.9137269544330096,42.7058082059204,0,5,-1,7,1,2932.0,1.0249999999999773,MGC_v2
single,MGC,2025-03-06 13:04:00+01:00,2025-03-06 14:14:00+01:00,Short,UK,13,3,Stop Loss,-217.44,6.0,10,2912.4,2915.9,2915.9,3.5,0.12017580002746875,-1.0,6.099999999999909,4.799999999999727,1.742857142857117,1.3714285714284935,6.5786279448966525,0.2258833932460051,0.029204407573591454,True,False,True,0.2258833932460051,-0.06797523282284601,-3.9204461974093325,1.7369858287152975,-10.6793750780159,-5.65743202612463,17.758498109336845,0,2,1,4,1,2912.9,-0.14285714285714285,MGC_v2
single,MGC,2025-03-06 17:16:00+01:00,2025-03-06 21:56:00+01:00,Long,US,17,3,Auto-Close (loss),-178.48000000000363,2.0,40,2926.2000000000003,2917.4,2916.5,9.700000000000273,0.33148793657303915,-0.907216494845354,3.599999999999909,9.300000000000182,0.3711340206185369,0.95876288659793,2.2306485209273887,0.07623021396102073,0.009632929994157118,False,False,False,-0.07623021396102073,0.07152605674491497,24.061104830827812,19.86864968959226,15.630254936412962,4.192455141235552,-32.09250021103298,0,3,-1,3,-1,2916.6,-0.9896907216494942,MGC_v2
single,MGC,2025-03-07 00:56:00+01:00,2025-03-07 01:59:00+01:00,Short,Asia,0,4,Canal Exit,286.56000000000546,6.0,9,2917.2000000000003,2912.3000000000006,2920.8,3.599999999999909,0.12340600575894381,1.3611111111110445,12.000000000000455,0.9999999999995453,3.333333333333544,0.2777777777776585,1.517938502674042,0.05203409100075559,0.00040001033791398804,True,False,True,0.05203409100075559,-0.29945837189688973,-29.905657156458922,-21.888710765533403,-8.898585706250941,-8.016946390925519,16.804002235654597,0,3,1,5,1,2914.1,0.861111111111234,MGC_v2
single,MGC,2025-03-07 02:41:00+01:00,2025-03-07 10:02:00+01:00,Long,Asia,2,4,Canal Exit,265.5200000000018,2.0,63,2915.7000000000003,2929.1000000000004,2905.1000000000004,10.599999999999909,0.3635490619748228,1.264150943396246,15.599999999999909,6.500000000000455,1.4716981132075513,0.6132075471698595,0.45916070644125284,0.015747872087020366,-0.01853176890411234,True,True,False,0.015747872087020366,0.06475627753252411,18.168134350324028,5.960666120150751,-8.700702477203775,12.207468230173276,26.058817181752854,0,3,-1,5,1,2929.7,1.3207547169811005,MGC_v2
single,MGC,2025-03-07 14:14:00+01:00,2025-03-07 14:35:00+01:00,Short,UK,14,4,Stop Loss,-176.48000000000545,2.0,3,2921.9,2930.6000000000004,2930.6000000000004,8.700000000000273,0.2977514630890952,-1.0,5.700000000000273,12.0,0.6551724137931143,1.379310344827543,0.6004367756286229,0.020549532004128235,0.006645682630947434,False,False,False,-0.020549532004128235,-0.7643845945544854,-28.78708978472431,-28.349262746388845,0.04820331409240571,-0.4378270383354632,3.754102296199017,0,2,1,2,-1,2922.3,-0.04597701149426189,MGC_v2
single,MGC,2025-03-07 20:04:00+01:00,2025-03-07 20:18:00+01:00,Short,US,20,4,Stop Loss,-200.96000000000365,4.0,2,2913.3,2918.2000000000003,2918.2000000000003,4.900000000000091,0.16819414409776165,-1.0,0.6000000000003638,5.0,0.1224489795919087,1.0204081632652873,1.8553406391583849,0.06368518996184344,-0.016250841282484538,True,True,False,0.06368518996184344,-0.05446850384623758,-2.578150823973914,7.290265985476342,-13.183832531005544,-9.868416809450256,6.3490074518855035,0,2,1,3,-1,2915.4,-0.42857142857140207,MGC_v2
single,MGC,2025-03-07 20:53:00+01:00,2025-03-07 21:35:00+01:00,Short,US,20,4,Stop Loss,-200.96000000000365,4.0,6,2913.5,2918.4,2918.4,4.900000000000091,0.16818259824953116,-1.0,0.8000000000001819,5.900000000000091,0.16326530612248308,1.2040816326530575,3.1383170094222805,0.10771638954598527,0.003696868871710018,True,True,False,0.10771638954598527,-0.46458325990170124,-24.66709141057958,-18.95451466722843,-13.37890695869082,-5.71257674335115,43.35481107801294,0,1,1,1,-1,2917.8,-0.8775510204081841,MGC_v2
single,MGC,2025-03-07 22:59:00+01:00,2025-03-09 23:00:00+01:00,Short,Asia,22,4,Stop Loss,-236.16,9.0,1,2917.7000000000003,2920.2000000000003,2920.2000000000003,2.5,0.08568392912225382,-1.0,0.6000000000003638,5.399999999999636,0.2400000000001455,2.1599999999998545,1.2233597999493213,0.04192890975594891,0.013238536417013605,True,True,False,0.04192890975594891,-0.6136362627930794,-15.43973969498354,-5.6310741894932175,6.156606030736627,-9.808665505490323,-2.3512423964007247,1,1,1,3,-1,2919.3,-0.6399999999999636,MGC_v2
single,MGC,2025-03-09 23:28:00+01:00,2025-03-09 23:56:00+01:00,Short,Asia,23,6,Canal Exit,110.08,8.0,4,2920.7000000000003,2919.2000000000003,2923.4,2.699999999999818,0.09244359228951339,0.555555555555593,2.200000000000273,0.599999999999909,0.8148148148149708,0.2222222222222035,0.7771831462850969,0.02660948218869096,0.008580984044131471,True,False,True,0.02660948218869096,-0.09077574455795911,-5.480583311170266,0.7490175062188116,10.992398322399408,-6.229600817389077,-7.859704406736673,1,2,1,2,1,2922.8,-0.7777777777777964,MGC_v2
single,MGC,2025-03-10 14:24:00+01:00,2025-03-10 15:06:00+01:00,Short,US,14,0,Stop Loss,-176.48000000000545,2.0,6,2906.4,2915.1000000000004,2915.1000000000004,8.700000000000273,0.299339388934774,-1.0,3.0,9.099999999999909,0.34482758620688575,1.0459770114942095,3.106717026100341,0.1068922731248397,0.016315452209913983,True,False,True,0.1068922731248397,-0.15391400958378654,-24.095894658171694,-15.029644417327583,-4.624116434655282,-9.066250240844111,27.89553013265279,0,2,1,2,-1,2911.1,-0.5402298850574334,MGC_v2
single,MGC,2025-03-10 16:51:00+01:00,2025-03-10 17:05:00+01:00,Short,US,16,0,Canal Exit,-42.71999999999181,3.0,2,2910.6000000000004,2911.9,2917.7000000000003,7.099999999999909,0.24393595822166936,-0.1830985915492597,0.7000000000002728,3.0999999999994543,0.09859154929581435,0.4366197183097879,0.49177138734557957,0.016895876703964113,0.006609388027913204,True,False,True,0.016895876703964113,-0.10519787049679508,-8.130181048021532,0.28508124607318575,-5.599520228118917,-8.415262294094717,-4.810305723840209,0,2,1,1,-1,2910.1,0.07042253521133256,MGC_v2
single,MGC,2025-03-11 07:24:00+01:00,2025-03-11 07:59:00+01:00,Long,Asia,7,1,Canal Exit,86.28,3.0,5,2902.2000000000003,2905.2000000000003,2896.2000000000003,6.0,0.20673971469919367,0.5,5.099999999999909,3.900000000000091,0.8499999999999849,0.6500000000000151,2.3210521481260002,0.07997560981758667,-0.010329503660220906,False,True,True,-0.07997560981758667,0.363400711725717,12.144016788125853,6.375645280408649,-2.6429979128477945,5.768371507717204,31.078070108064352,0,5,-1,5,1,2903.3,0.18333333333331817,MGC_v2
single,MGC,2025-03-11 14:24:00+01:00,2025-03-11 15:48:00+01:00,Long,US,14,1,Canal Exit,119.27999999999727,3.0,12,2918.2000000000003,2922.3000000000006,2912.0,6.200000000000273,0.212459735453371,0.6612903225806748,11.099999999999909,3.300000000000182,1.7903225806450678,0.532258064516135,3.0878979577119026,0.10581515858103976,-0.005267800295370316,False,True,True,-0.10581515858103976,0.07025978149977163,1.8066829512125473,-10.801453702687906,8.654683783236658,12.608136653900454,-18.979867864497592,0,3,-1,4,-1,2923.0,0.7741935483870187,MGC_v2
single,MGC,2025-03-11 16:51:00+01:00,2025-03-11 20:14:00+01:00,Long,US,16,1,Canal Exit,95.27999999999182,3.0,29,2923.6000000000004,2926.9,2917.2000000000003,6.400000000000091,0.21890819537556747,0.51562499999995,3.399999999999636,3.800000000000182,0.5312499999999356,0.59375000000002,0.7310330895370498,0.02500455224849671,0.006277142749647889,False,True,True,-0.02500455224849671,0.10113606201275616,2.1564421150464854,-0.38218325777888795,14.849348009355069,2.5386253728253734,32.4262000449059,1,1,-1,3,-1,2926.9,0.51562499999995,MGC_v2
single,MGC,2025-03-12 00:03:00+01:00,2025-03-12 00:59:00+01:00,Long,Asia,0,2,Stop Loss,-241.43999999997817,6.0,8,2925.0,2921.1000000000004,2921.1000000000004,3.899999999999636,0.1333333333333209,-1.0,0.3000000000001819,4.199999999999818,0.07692307692313075,1.0769230769231308,0.0765627068676622,0.0026175284399200752,-0.008112280082556943,False,True,True,-0.0026175284399200752,0.8194866839271526,16.479552683710445,3.0621320564632555,-1.9943765569946212,13.41742062724719,-38.49996185183228,1,2,-1,1,1,2920.8,-1.0769230769231308,MGC_v2
single,MGC,2025-03-12 04:50:00+01:00,2025-03-12 05:11:00+01:00,Short,Asia,4,2,Canal Exit,98.79999999999545,5.0,3,2922.0,2919.9,2926.0,4.0,0.13689253935660506,0.5249999999999773,2.5,0.900000000000091,0.625,0.22500000000002274,1.1472743393569544,0.03926332441331124,0.011538738796419416,True,False,True,0.03926332441331124,-0.1621217376309687,-32.09736906890899,-22.166129278500684,5.8527704479518485,-9.931239790408306,-38.52409314497383,0,3,1,6,-1,2919.6,0.6000000000000227,MGC_v2
single,MGC,2025-03-12 14:17:00+01:00,2025-03-12 15:13:00+01:00,Short,UK,14,2,Canal Exit,-134.47999999999817,2.0,8,2916.1000000000004,2922.7000000000003,2927.5,11.399999999999636,0.39093309557284167,-0.5789473684210631,4.900000000000546,8.299999999999727,0.42982456140357034,0.7280701754385958,1.7855246508179334,0.061229884119815274,0.018272906020807913,True,False,True,0.061229884119815274,-0.33850500188327715,-32.57300553175375,-25.676749720785086,5.5946120199680145,-6.896255810968665,33.965946874358615,0,1,1,4,1,2926.5,-0.9122807017543831,MGC_v2
single,MGC,2025-03-13 00:24:00+01:00,2025-03-13 01:20:00+01:00,Short,Asia,0,3,Stop Loss,-211.43999999997817,6.0,8,2943.1000000000004,2946.5,2946.5,3.399999999999636,0.11552444701164201,-1.0,0.7000000000002728,3.699999999999818,0.20588235294127874,1.08823529411771,0.9828239743064842,0.03339417533575088,0.010425329616816036,True,True,False,0.03339417533575088,-0.14840797530951022,-31.209469667943765,-21.15757395563886,-10.097955324900902,-10.051895712304905,16.38879533091984,0,1,1,5,1,2948.0,-1.4411764705882826,MGC_v2
single,MGC,2025-03-13 11:15:00+01:00,2025-03-13 12:39:00+01:00,Short,UK,11,3,Stop Loss,-231.2,5.0,12,2953.4,2957.9,2957.9,4.5,0.15236676372993838,-1.0,1.7000000000002728,4.599999999999909,0.3777777777778384,1.022222222222202,1.3171071346796452,0.04459630035483325,0.027712499176044673,True,False,True,0.04459630035483325,-0.5788599188517765,-32.17367208000043,-25.130952242296743,8.112236061040553,-7.042719837703686,15.394212044691903,0,2,1,3,1,2957.8,-0.977777777777798,MGC_v2
single,MGC,2025-03-13 14:31:00+01:00,2025-03-13 15:06:00+01:00,Long,US,14,3,Canal Exit,34.75999999999909,1.0,5,2959.7000000000003,2963.3,2947.8,11.900000000000091,0.402067777139578,0.3025210084033514,4.299999999999727,6.000000000000455,0.36134453781510034,0.5042016806723033,1.5209866713275915,0.05138989327727781,-0.015076497688303004,False,True,True,-0.05138989327727781,0.8287530767011049,31.46241603459506,23.060326132244032,3.3865461051582124,8.402089902351026,32.5647980059059,0,2,-1,3,-1,2964.3,0.3865546218487289,MGC_v2
single,MGC,2025-03-14 03:47:00+01:00,2025-03-14 04:50:00+01:00,Short,Asia,3,4,Stop Loss,-216.1999999999909,5.0,9,2998.6000000000004,3002.8,3002.8,4.199999999999818,0.14006536383645093,-1.0,1.800000000000182,6.099999999999454,0.42857142857149044,1.4523809523808853,0.3363292485892089,0.011216209183926127,0.004910471974610583,False,True,True,-0.011216209183926127,-0.20670991228325875,-32.8310732453039,-29.76513533316721,5.596666612445039,-3.0659379121366896,35.455430079679644,0,2,1,2,-1,3003.6,-1.1904761904761338,MGC_v2
single,MGC,2025-03-14 11:36:00+01:00,2025-03-14 13:07:00+01:00,Short,UK,11,4,Canal Exit,-71.24,1.0,13,3002.8,3009.8,3017.4,14.599999999999909,0.48621286798987307,-0.4794520547945235,3.700000000000273,8.699999999999818,0.25342465753426685,0.5958904109588954,0.21627447787705023,0.007202426997370794,0.028491373380176845,True,False,True,0.007202426997370794,-0.46660948095177446,-17.259665282003322,-4.827801997223489,18.22830814071737,-12.431863284779833,8.058200023017248,0,3,1,2,-1,3006.9,-0.2808219178082147,MGC_v2
single,MGC,2025-03-14 18:43:00+01:00,2025-03-14 19:53:00+01:00,Short,US,18,4,Canal Exit,334.32000000000636,7.0,10,2998.6000000000004,2993.7000000000003,3001.7000000000003,3.099999999999909,0.10338157806976285,1.5806451612903982,5.200000000000273,1.3999999999996362,1.677419354838847,0.45161290322570236,2.4902581733122133,0.08304736121230617,0.01893536227403426,True,False,True,0.08304736121230617,-1.1592734316768656,-13.726800676728121,-5.16997998805665,-6.153416636093005,-8.556820688671472,-39.102803250096045,1,4,1,4,-1,2993.2,1.741935483871195,MGC_v2
single,MGC,2025-03-17 00:52:00+01:00,2025-03-17 01:13:00+01:00,Short,Asia,0,0,Canal Exit,67.03999999998909,4.0,3,2997.5,2995.7000000000003,3002.4,4.900000000000091,0.16346955796497384,0.3673469387754477,3.0,2.0,0.6122448979591724,0.40816326530611485,1.1619078889707453,0.03876256510327757,0.01878033363015968,True,False,True,0.03876256510327757,-0.39017096395991757,-26.90692678166481,-17.21054915550413,4.022426521276965,-9.696377626160682,-29.818971038103037,0,3,1,1,-1,2995.2,0.4693877551020692,MGC_v2
single,MGC,2025-03-17 06:56:00+01:00,2025-03-17 10:26:00+01:00,Long,Asia,6,0,Canal Exit,370.55999999998363,6.0,30,2994.6000000000004,3000.9,2991.2000000000003,3.400000000000091,0.11353770119548823,1.8529411764704584,6.399999999999636,3.100000000000364,1.8823529411763131,0.9117647058824355,0.958905627772765,0.03202115901198039,-0.005466146021612492,True,True,False,0.03202115901198039,0.15991244581437059,31.67831022607829,30.37448548549325,-7.60476855255073,1.3038247405850392,47.74924739317824,0,1,-1,1,1,3002.7,2.3823529411762463,MGC_v2
single,MGC,2025-03-17 12:53:00+01:00,2025-03-17 17:47:00+01:00,Short,UK,12,0,Canal Exit,103.80000000001364,5.0,42,3005.2000000000003,3003.0,3009.6000000000004,4.400000000000091,0.1464128843338244,0.5000000000000516,13.300000000000182,2.899999999999636,3.0227272727272516,0.6590909090908128,1.1070920222473433,0.03683921277277197,0.017985916201051878,False,False,False,-0.03683921277277197,-0.0811849653596255,-14.585228990591311,-3.874591453754814,17.05679402348294,-10.710637536836497,-22.519154371196773,0,3,1,6,-1,3006.2,-0.2272727272726192,MGC_v2
single,MGC,2025-03-18 12:04:00+01:00,2025-03-18 13:21:00+01:00,Long,UK,12,1,Canal Exit,316.56000000000546,6.0,11,3031.5,3036.9,3027.8,3.699999999999818,0.12205178954312447,1.4594594594595558,9.0,1.0,2.432432432432552,0.27027027027028355,1.8373446131090532,0.06060843190199746,-0.005859540187451183,False,True,True,-0.06060843190199746,0.872079633125395,2.1215700985249386,-0.3943513968396215,9.66111689083818,2.51592149536456,24.749165256467528,3,5,-1,2,1,3042.1,2.8648648648649813,MGC_v2
single,MGC,2025-03-18 20:14:00+01:00,2025-03-18 20:56:00+01:00,Long,US,20,1,Auto-Close (loss),-88.95999999999636,4.0,6,3044.8,3042.7000000000003,3039.4,5.400000000000091,0.1773515501839231,-0.38888888888886547,0.1999999999998181,2.5,0.03703703703700273,0.46296296296295514,1.6073607322778116,0.05279035510633906,0.0030172962391310796,True,True,False,0.05279035510633906,1.8686673633528699,15.760876259838998,11.852425501429835,8.850271520325444,3.9084507584091632,-23.890813182746687,5,3,-1,4,1,3041.7,-0.5740740740741318,MGC_v2
single,MGC,2025-03-18 23:49:00+01:00,2025-03-19 00:17:00+01:00,Long,Asia,23,1,Stop Loss,-241.35999999998728,14.0,4,3040.8,3039.2000000000003,3039.2000000000003,1.599999999999909,0.052617732175740235,-1.0,0.8999999999996362,2.400000000000091,0.5624999999998046,1.500000000000142,0.9079100019080215,0.029857603325046746,-0.01001380208035265,False,True,True,-0.029857603325046746,0.09850734610836298,9.13305226512393,2.554871191111882,4.4940245104442775,6.578181074012047,-15.960744860506491,0,3,-1,3,1,3040.3,-0.31250000000001776,MGC_v2
single,MGC,2025-03-19 00:45:00+01:00,2025-03-19 00:52:00+01:00,Long,Asia,0,2,Stop Loss,-256.32000000003273,18.0,1,3039.6000000000004,3038.3,3038.3,1.300000000000182,0.04276878536650157,-1.0,0.8999999999996362,1.5000000000004547,0.6923076923073156,1.1538461538463423,0.12279709494487179,0.004039909690251078,-0.004739738442448911,False,False,False,-0.004039909690251078,-0.019808706345884275,1.3961120454225355,-6.20517456423356,2.766610813355188,7.601286609656095,-2.9172438007217725,1,1,-1,4,1,3039.2,-0.3076923076926844,MGC_v2
single,MGC,2025-03-19 13:21:00+01:00,2025-03-19 13:35:00+01:00,Short,UK,13,2,Stop Loss,-241.91999999997088,8.0,2,3045.6000000000004,3048.5,3048.5,2.899999999999636,0.09521933280797333,-1.0,1.9000000000005457,2.9999999999995453,0.6551724137933738,1.0344827586206626,0.8753340818320794,0.028740940433152066,0.02063129424773606,True,False,True,0.028740940433152066,-0.9825530911116402,-7.7143329466836414,-0.535797665917213,-0.4938365630852057,-7.178535280766429,1.613990475562188,3,2,1,2,-1,3046.0,-0.13793103448265048,MGC_v2
single,MGC,2025-03-20 04:50:00+01:00,2025-03-20 05:39:00+01:00,Long,Asia,4,3,Canal Exit,293.8,5.0,7,3058.2000000000003,3064.2000000000003,3053.6000000000004,4.599999999999909,0.15041527696030044,1.3043478260869823,7.299999999999727,1.900000000000091,1.5869565217391024,0.4130434782608975,0.5679130722901391,0.01857017436041263,-0.009261983950889717,True,True,False,0.01857017436041263,0.8811620766368833,14.945183630464246,12.668313821494753,-4.134629831605303,2.2768698089694936,43.50006169741962,2,7,-1,5,1,3059.5,0.2826086956521202,MGC_v2
single,MGC,2025-03-20 14:10:00+01:00,2025-03-20 15:34:00+01:00,Short,UK,14,3,Canal Exit,-78.48000000000364,2.0,12,3040.0,3043.8,3051.1000000000004,11.100000000000364,0.3651315789473804,-0.3423423423423475,2.400000000000091,5.300000000000182,0.2162162162162173,0.4774774774774782,5.613611747473442,0.18465828116688954,0.03132018708431946,True,False,True,0.18465828116688954,-0.18847170036769967,-32.8612480019306,-22.10875011246162,-4.8253643947857405,-10.752497889468977,15.780331653972814,0,3,1,4,-1,3048.1,-0.7297297297296976,MGC_v2
single,MGC,2025-03-20 17:26:00+01:00,2025-03-20 18:08:00+01:00,Short,US,17,3,Canal Exit,5.280000000005457,3.0,6,3044.8,3044.5,3051.0,6.199999999999818,0.2036258539148653,0.04838709677422431,2.900000000000091,3.399999999999636,0.46774193548389936,0.548387096774151,0.3449354379617944,0.011328673080721044,0.01634699053709612,True,False,True,0.011328673080721044,-0.2759851511477791,-15.03706813836876,-5.639607547447813,7.269267516053916,-9.397460590920947,16.432302462689954,0,3,1,4,1,3046.8,-0.3225806451612998,MGC_v2
single,MGC,2025-03-20 23:49:00+01:00,2025-03-21 01:13:00+01:00,Long,Asia,23,3,Stop Loss,-227.16000000000818,9.0,12,3053.1000000000004,3050.7000000000003,3050.7000000000003,2.400000000000091,0.0786086272968488,-1.0,1.8999999999996362,2.600000000000364,0.7916666666664851,1.0833333333334438,2.152063132699368,0.07048780363235294,-0.005928926530396806,False,True,True,-0.07048780363235294,0.04493841439807511,9.938748078055925,1.98159824716853,15.344427460592494,7.957149830887395,-7.329470387411845,0,3,-1,3,1,3050.8,-0.9583333333333728,MGC_v2
single,MGC,2025-03-21 11:08:00+01:00,2025-03-21 11:57:00+01:00,Long,UK,11,4,Canal Exit,-100.96000000000363,4.0,7,3039.3,3036.9,3034.5,4.800000000000182,0.15793110255651568,-0.5,1.0,3.300000000000182,0.20833333333332543,0.6875000000000119,0.362043753530088,0.011912076910146679,-0.006599751976456572,False,True,True,-0.011912076910146679,0.43727251469499606,30.603364249639448,24.157762269775397,4.593887725149617,6.445601979864051,1.6607941854401684,0,2,-1,4,1,3038.1,-0.25000000000004735,MGC_v2
single,MGC,2025-03-21 14:17:00+01:00,2025-03-21 20:56:00+01:00,Short,UK,14,4,Auto-Close (profit),386.28,3.0,57,3038.6000000000004,3025.6000000000004,3044.9,6.299999999999727,0.20733232409661442,2.063492063492153,34.600000000000364,5.499999999999545,5.492063492063788,0.8730158730158386,0.567679670306461,0.018682277045562464,0.012060348665912993,False,True,True,-0.018682277045562464,-0.46021370834932895,-16.211525371953552,-12.14475340322072,9.551558044848834,-4.066771968732832,-6.298325213107811,0,4,1,6,-1,3028.5,1.6031746031747303,MGC_v2
single,MGC,2025-03-24 01:27:00+01:00,2025-03-24 03:54:00+01:00,Short,Asia,1,0,Canal Exit,394.5600000000164,6.0,21,3028.1000000000004,3021.4,3031.7000000000003,3.599999999999909,0.11888643043492318,1.861111111111234,8.800000000000182,1.7999999999997272,2.4444444444445566,0.49999999999993683,1.385300814983566,0.045748185825552845,0.005679933405447221,False,False,False,-0.045748185825552845,-0.1703772332639346,-32.58193243275478,-27.448751159760427,2.7983296888597438,-5.1331812729943564,-36.977051438961084,0,4,1,5,-1,3021.2,1.9166666666668666,MGC_v2
single,MGC,2025-03-24 11:15:00+01:00,2025-03-24 12:11:00+01:00,Long,UK,11,0,Canal Exit,-63.72,3.0,8,3034.7000000000003,3032.7000000000003,3027.2000000000003,7.5,0.24714139783174613,-0.26666666666666666,3.699999999999818,3.100000000000364,0.4933333333333091,0.41333333333338185,2.343489975513876,0.07722311844709118,-0.006004809171334844,False,True,True,-0.07722311844709118,0.1978392347755289,31.32953131854843,19.051455868729448,7.891492402779488,12.278075449818981,-22.579056552416795,0,2,-1,3,-1,3032.3,-0.3200000000000121,MGC_v2
single,MGC,2025-03-24 16:51:00+01:00,2025-03-24 19:04:00+01:00,Long,US,16,0,Stop Loss,-192.48,2.0,19,3019.3,3009.8,3009.8,9.5,0.3146424667969397,-1.0,1.5,10.700000000000273,0.15789473684210525,1.126315789473713,1.4746431051798936,0.048840562553568494,-0.027133544766797732,True,False,True,0.048840562553568494,0.3162027507246421,32.08657333700762,31.45609564907315,-16.821229402526264,0.6304776879344729,-42.51855422012541,0,2,-1,1,1,3009.9,-0.9894736842105359,MGC_v2
single,MGC,2025-03-25 01:13:00+01:00,2025-03-25 02:30:00+01:00,Long,Asia,1,1,Canal Exit,243.88,13.0,11,3015.3,3017.3,3013.6000000000004,1.699999999999818,0.05637913308791225,1.17647058823542,4.099999999999909,1.0,2.4117647058825575,0.58823529411771,1.3001331420909992,0.04311787026468342,-0.00817649452539375,False,True,True,-0.04311787026468342,0.1867593811170991,23.805175997937276,17.253471068506514,8.07362722268467,6.5517049294307625,-15.479542037746473,0,2,-1,3,-1,3015.9,0.3529411764705725,MGC_v2
single,MGC,2025-03-25 16:02:00+01:00,2025-03-25 16:23:00+01:00,Short,US,16,1,Canal Exit,16.759999999997273,1.0,3,3029.9,3028.1000000000004,3042.3,12.400000000000091,0.40925443083930463,0.1451612903225576,4.800000000000182,2.799999999999727,0.3870967741935602,0.22580645161287957,1.5865800590190702,0.05236410637377703,0.023914474203462967,False,False,False,-0.05236410637377703,-1.8892341850164485,-16.64650556146263,-11.836964890636498,12.315695470992296,-4.809540670826131,-31.584592084903072,1,3,1,4,-1,3026.7,0.25806451612905235,MGC_v2
single,MGC,2025-03-25 17:26:00+01:00,2025-03-25 18:15:00+01:00,Long,US,17,1,Stop Loss,-218.68,7.0,7,3028.9,3025.9,3025.9,3.0,0.09904585823236157,-1.0,2.799999999999727,3.200000000000273,0.9333333333332424,1.0666666666667577,3.161324373489151,0.10437202857437192,-0.021423933365681522,False,True,True,-0.10437202857437192,0.05105228223692393,18.351428020884136,17.853071970202357,5.943283620991008,0.49835605068177813,-41.66998871186942,0,4,-1,2,1,3026.4,-0.8333333333333334,MGC_v2
single,MGC,2025-03-25 19:18:00+01:00,2025-03-25 20:56:00+01:00,Short,US,19,1,Auto-Close (loss),-21.720000000010913,3.0,14,3025.0,3025.6000000000004,3031.8,6.800000000000182,0.22479338842975807,-0.0882352941176982,1.900000000000091,1.400000000000091,0.27941176470588824,0.20588235294118434,0.011018794029951096,0.00036425765388268085,-0.0011869548628228662,True,True,False,0.00036425765388268085,-0.7771560737114669,-19.476387164389863,-5.191879515362997,-11.172720472407171,-14.284507649026866,24.937469123694125,5,3,1,2,1,3026.6,-0.23529411764703914,MGC_v2
single,MGC,2025-03-25 21:59:00+01:00,2025-03-25 23:07:00+01:00,Short,Asia,21,1,Stop Loss,-266.2399999999054,26.0,2,3026.1000000000004,3027.0,3027.0,0.8999999999996362,0.029741251115284893,-1.0,0.8000000000001819,1.5999999999994543,0.8888888888894503,1.77777777777789,1.421794961967862,0.04698440110927801,0.004546540798971735,True,True,False,0.04698440110927801,-0.013929908634963795,-28.326482600793362,-24.533302546388864,-2.671122694977124,-3.7931800544044982,11.585614197486299,0,1,1,1,-1,3025.8,0.33333333333367016,MGC_v2
single,MGC,2025-03-26 09:23:00+01:00,2025-03-26 09:37:00+01:00,Short,UK,9,2,Canal Exit,15.04,4.0,2,3031.3,3030.8,3036.1000000000004,4.800000000000182,0.15834790353974143,0.10416666666666272,1.300000000000182,0.599999999999909,0.27083333333336096,0.12499999999997631,0.09101990717408626,0.0030026690586245587,0.02145620980443176,True,False,True,0.0030026690586245587,-0.02730667189189262,-32.430656963934844,-23.76481260688163,17.83904475232534,-8.665844357053214,-29.197744693695338,0,2,1,1,-1,3028.5,0.5833333333333491,MGC_v2
single,MGC,2025-03-26 16:23:00+01:00,2025-03-26 16:37:00+01:00,Long,US,16,2,Canal Exit,4.560000000016371,6.0,2,3022.0,3022.2000000000003,3018.1000000000004,3.899999999999636,0.129053606882847,0.051282051282126026,2.699999999999818,1.0,0.6923076923077103,0.2564102564102803,0.06840665303479909,0.002263621874083358,-0.016229037674536543,False,True,True,-0.002263621874083358,0.47494567940793786,2.277808793734831,-1.4276160981868653,-13.257444476557296,3.7054248919216963,6.146038231371623,2,2,-1,4,1,3022.6,0.1538461538461449,MGC_v2
single,MGC,2025-03-26 17:40:00+01:00,2025-03-26 19:04:00+01:00,Short,US,17,2,Stop Loss,-223.43999999999454,6.0,12,3022.3,3025.9,3025.9,3.599999999999909,0.11911458161002908,-1.0,1.300000000000182,4.599999999999909,0.3611111111111708,1.2777777777777848,2.923676766060453,0.09673681520896181,0.002050213502740369,True,True,False,0.09673681520896181,-0.0358400597756372,-1.9389164266746146,10.162368638910031,-13.891858043112487,-12.101285065584646,32.31871480659556,0,4,1,2,-1,3026.0,-1.0277777777777533,MGC_v2
single,MGC,2025-03-26 19:53:00+01:00,2025-03-26 20:56:00+01:00,Short,US,19,2,Auto-Close (profit),16.559999999978174,6.0,9,3023.5,3023.1000000000004,3027.0,3.5,0.11575988093269389,0.11428571428561034,2.900000000000091,1.099999999999909,0.8285714285714546,0.3142857142856883,1.2312340372891413,0.04072214444482029,0.009973155037132501,True,False,True,0.04072214444482029,-0.23958252472493768,-33.611855029427495,-26.959151023617608,-2.883235750053881,-6.652704005809888,19.84561916673774,0,3,1,3,-1,3025.1,-0.45714285714283115,MGC_v2
single,MGC,2025-03-27 07:52:00+01:00,2025-03-27 08:41:00+01:00,Long,Asia,7,3,Canal Exit,286.56000000000546,6.0,7,3037.7000000000003,3042.6000000000004,3034.1000000000004,3.599999999999909,0.11851071534384267,1.3611111111111707,5.299999999999727,1.7000000000002728,1.4722222222221837,0.4722222222223099,3.4639574114626157,0.11403224187584737,-0.013551085783502831,False,True,True,-0.11403224187584737,0.006642800877216359,9.935887169415832,-4.898871854419044,11.126981964682225,14.834759023834875,21.116564727145104,0,3,-1,3,-1,3045.9,2.277777777777785,MGC_v2
single,MGC,2025-03-27 17:05:00+01:00,2025-03-27 18:08:00+01:00,Short,US,17,3,Canal Exit,14.280000000010915,3.0,9,3064.1000000000004,3063.5,3071.4,7.299999999999727,0.2382428771906833,0.08219178082197072,2.800000000000182,3.899999999999636,0.3835616438356557,0.5342465753424359,1.2663485088060042,0.04132856332384727,0.043778207268752894,True,False,True,0.04132856332384727,-1.447245014372129,-27.72598583193642,-20.838248507593953,3.6618137022044515,-6.887737324342467,-14.730824883461384,0,1,1,2,-1,3060.7,0.4657534246576264,MGC_v2
single,MGC,2025-03-27 18:50:00+01:00,2025-03-27 19:53:00+01:00,Long,US,18,3,Canal Exit,59.280000000010915,3.0,9,3066.0,3068.1000000000004,3059.7000000000003,6.299999999999727,0.2054794520547856,0.33333333333340553,4.0,1.400000000000091,0.6349206349206624,0.22222222222224627,3.6792783480459548,0.12000255538310355,-0.016691624990447587,False,True,True,-0.12000255538310355,0.731245362620939,32.98342613275126,22.70683238752206,13.746850473381272,10.276593745229203,12.814691451387258,0,3,-1,3,1,3068.7,0.4285714285714183,MGC_v2
single,MGC,2025-03-28 14:52:00+01:00,2025-03-28 15:27:00+01:00,Long,US,14,4,Stop Loss,-140.23999999999637,1.0,5,3119.0,3105.1000000000004,3105.1000000000004,13.899999999999636,0.4456556588650092,-1.0,3.400000000000091,14.199999999999818,0.24460431654677553,1.0215827338129633,1.4455359835901618,0.046346136056112916,-0.019226761149355773,False,True,True,-0.046346136056112916,0.3277276302296741,33.742626232965584,26.44976066575671,-0.7747554414804986,7.2928655672088745,-25.87241991056025,0,2,-1,3,1,3105.3,-0.9856115107913797,MGC_v2
single,MGC,2025-03-28 18:22:00+01:00,2025-03-28 18:50:00+01:00,Short,US,18,4,Canal Exit,131.28,3.0,4,3114.4,3109.9,3121.5,7.099999999999909,0.2279732853840197,0.6338028169014166,5.400000000000091,5.0,0.7605633802817127,0.7042253521126851,0.4034027048965072,0.012952822530712407,0.016750769718700622,False,False,False,-0.012952822530712407,-0.9694797619367819,-11.30446364831153,-0.06203719564581167,1.7275737439737355,-11.242426452665718,-42.231869121232464,1,4,1,5,-1,3111.2,0.4507042253521569,MGC_v2
single,MGC,2025-03-28 20:00:00+01:00,2025-03-28 20:42:00+01:00,Long,US,20,4,Canal Exit,44.27999999999727,3.0,6,3113.2000000000003,3114.8000000000006,3105.6000000000004,7.599999999999909,0.24412180393164296,0.21052631578952408,1.699999999999818,1.800000000000182,0.22368421052629453,0.23684210526318467,2.328890226702242,0.07480695832912251,-0.019665804316105928,False,True,True,-0.07480695832912251,0.32388558597540396,32.24551296727315,21.360184996841454,2.7506030392514695,10.885327970431696,29.896329974128793,0,2,-1,1,-1,3114.0,0.1052631578947022,MGC_v2
single,MGC,2025-03-31 01:59:00+02:00,2025-03-31 03:30:00+02:00,Short,Asia,1,0,Stop Loss,-192.96000000001092,4.0,13,3120.4,3125.1000000000004,3125.1000000000004,4.700000000000273,0.15062171516473122,-1.0,7.900000000000091,8.599999999999909,1.680851063829709,1.8297872340424277,1.3557033440256419,0.04344646019823234,0.012579686293490797,False,False,False,-0.04344646019823234,-0.054731369077217096,-18.11158748052133,-15.98183113891346,31.7399637553775,-2.1297563416078695,38.553816195450715,0,1,1,2,-1,3125.0,-0.978723404255243,MGC_v2
single,MGC,2025-03-31 15:24:00+02:00,2025-03-31 15:45:00+02:00,Short,US,15,0,Canal Exit,69.7599999999991,1.0,3,3147.8,3140.7000000000003,3160.6000000000004,12.800000000000182,0.4066332041425815,0.554687499999985,16.300000000000182,6.899999999999636,1.2734374999999962,0.5390624999999639,0.5352801862063643,0.017004898221181914,0.01722705507758676,False,False,False,-0.017004898221181914,-1.5096894688422253,-18.246592044536605,-15.821100844577419,9.399550431306734,-2.425491199959186,-37.83694936089722,1,3,1,5,-1,3143.7,0.32031250000002387,MGC_v2
single,MGC,2025-03-31 16:41:00+02:00,2025-03-31 17:02:00+02:00,Long,US,16,0,Canal Exit,0.759999999998181,1.0,3,3154.8,3155.0,3131.4,23.40000000000009,0.7417268923545103,0.00854700854700074,2.599999999999909,2.0,0.11111111111110679,0.08547008547008514,0.6939336512941736,0.021996121823702725,-0.0216983327010002,False,True,True,-0.021996121823702725,1.2022017004355803,30.936372618543807,24.640584980318007,1.4251943454846685,6.2957876382258,31.568724933558634,0,3,-1,7,1,3147.8,-0.29914529914529797,MGC_v2
single,MGC,2025-04-01 10:09:00+02:00,2025-04-01 15:10:00+02:00,Long,UK,10,1,Canal Exit,39.519999999998184,2.0,43,3162.7000000000003,3164.8,3152.1000000000004,10.599999999999909,0.33515666993391435,0.19811320754716294,6.099999999999909,6.300000000000182,0.5754716981132039,0.5943396226415317,1.0039045449657351,0.03174200983228681,-0.030590021536906632,True,True,False,0.03174200983228681,0.6854719119246511,33.571779194368254,22.348594424937772,-20.537723504494306,11.223184769430482,25.811425738910984,0,2,-1,4,1,3163.8,0.1037735849056527,MGC_v2
single,MGC,2025-04-01 16:13:00+02:00,2025-04-01 16:34:00+02:00,Short,US,16,1,Canal Exit,-0.48000000000181897,2.0,3,3158.7000000000003,3158.6000000000004,3168.0,9.299999999999727,0.29442492164497186,0.010752688172033547,5.000000000000455,2.9999999999995453,0.5376344086022152,0.3225806451612509,0.29642454784243455,0.009384384330339522,0.008984978851204839,True,False,True,0.009384384330339522,-0.49977647003242964,-9.558515758162935,1.8214804652487482,9.292978588765108,-11.379996223411684,-19.34832217173444,0,3,1,5,-1,3161.7,-0.3225806451612509,MGC_v2
single,MGC,2025-04-01 19:22:00+02:00,2025-04-01 21:56:00+02:00,Long,US,19,1,Auto-Close (profit),49.75999999999909,1.0,22,3145.9,3151.0,3130.3,15.599999999999909,0.4958835309450366,0.326923076923073,5.5,1.599999999999909,0.35256410256410464,0.10256410256409733,1.389371808535543,0.0441645255264167,-0.04240250531131014,True,True,False,0.0441645255264167,0.8438805731552748,34.54013383505061,25.558048012953744,-14.943209084768496,8.982085822096867,16.691361466697344,0,2,-1,1,1,3151.1,0.3333333333333236,MGC_v2
single,MGC,2025-04-02 01:38:00+02:00,2025-04-02 02:20:00+02:00,Long,Asia,1,2,Canal Exit,454.07999999997816,8.0,6,3145.7000000000003,3151.5,3143.0,2.700000000000273,0.08583145245892083,2.14814814814783,6.599999999999909,1.800000000000182,2.4444444444441635,0.6666666666666666,1.4835894113484756,0.047162457047667465,-0.014791010738488396,False,True,True,-0.047162457047667465,0.3251206337763506,3.647959179119873,-5.125687041681191,2.8056618868207934,8.773646220801064,6.635916409341706,0,3,-1,4,-1,3152.0,2.3333333333329964,MGC_v2
single,MGC,2025-04-02 04:33:00+02:00,2025-04-02 04:54:00+02:00,Short,Asia,4,2,Canal Exit,148.79999999999546,5.0,3,3160.0,3156.9,3164.1000000000004,4.100000000000364,0.1297468354430495,0.7560975609755205,3.300000000000182,2.199999999999818,0.8048780487804608,0.5365853658535665,0.3886821001597127,0.012300066460750401,0.03136056888492816,True,False,True,0.012300066460750401,-0.14886010988402631,-28.12519723450766,-21.18779585224766,28.58712254046149,-6.937401382259999,-23.360268970590194,0,1,1,1,1,3160.7,-0.17073170731701365,MGC_v2
single,MGC,2025-04-02 07:56:00+02:00,2025-04-02 10:09:00+02:00,Long,Asia,7,2,Canal Exit,74.7599999999991,1.0,19,3148.1000000000004,3155.7000000000003,3135.0,13.100000000000364,0.41612401130841975,0.5801526717557022,9.099999999999454,6.800000000000182,0.6946564885495574,0.5190839694656483,1.6653729355093674,0.052900890553329534,-0.03100814361598713,False,True,True,-0.052900890553329534,0.1065649351180582,30.94445016627586,25.725988975055053,-20.33194436920057,5.218461191220808,37.62990901088014,0,1,-1,1,1,3157.2,0.6946564885495574,MGC_v2
single,MGC,2025-04-02 21:00:00+02:00,2025-04-02 21:56:00+02:00,Long,US,21,2,Auto-Close (loss),-141.1999999999909,5.0,8,3165.8,3163.1000000000004,3161.3,4.5,0.14214416577168487,-0.5999999999999596,1.7999999999997272,3.700000000000273,0.39999999999993935,0.8222222222222828,3.6280498831101795,0.11460136089172339,-0.023189452876909933,False,True,True,-0.11460136089172339,0.02826510204522492,7.0479619167486955,-0.24068609663690177,0.9039629339351419,7.288648013385597,-6.080577308464555,0,2,-1,1,1,3165.5,-0.06666666666670709,MGC_v2
single,MGC,2025-04-03 10:44:00+02:00,2025-04-03 12:15:00+02:00,Short,UK,10,3,Canal Exit,647.0400000000072,4.0,13,3151.3,3135.0,3156.1000000000004,4.800000000000182,0.15231809094659923,3.3958333333332424,21.40000000000009,1.2999999999997272,4.458333333333183,0.2708333333332662,7.125678655606862,0.22611870198352618,0.0217883944312087,True,False,True,0.22611870198352618,-0.32901500916568693,-17.677583046760127,-16.506906859343815,-13.973749750099403,-1.170676187416312,-33.0521877474783,0,1,1,2,-1,3121.9,6.124999999999787,MGC_v2
single,MGC,2025-04-03 19:36:00+02:00,2025-04-03 21:07:00+02:00,Long,US,19,3,Canal Exit,49.519999999998184,2.0,13,3128.3,3130.9,3120.4,7.900000000000091,0.2525333248090046,0.3291139240506176,5.099999999999909,4.600000000000364,0.6455696202531456,0.5822784810126975,6.735541336902315,0.21530995546789997,-0.042411691075475905,False,True,True,-0.21530995546789997,4.417541611966499,8.163866538065072,-3.463253931732731,12.850689204314767,11.627120469797802,39.934300137560356,4,3,-1,6,1,3125.6,-0.34177215189876475,MGC_v2
single,MGC,2025-04-04 04:12:00+02:00,2025-04-04 04:19:00+02:00,Long,Asia,4,4,Stop Loss,-226.20000000000454,5.0,1,3130.3,3125.9,3125.9,4.400000000000091,0.14056160751365973,-1.0,2.299999999999727,5.800000000000182,0.5227272727271999,1.3181818181818323,1.0457622813955822,0.03340773348866186,-0.011330532938983772,False,False,False,-0.03340773348866186,-0.07588056006261468,9.302996971117874,4.096987429895403,-2.1700121200821036,5.206009541222471,-3.5314640802650175,1,1,-1,4,1,3116.7,-3.0909090909091095,MGC_v2
single,MGC,2025-04-04 22:59:00+02:00,2025-04-07 00:49:00+02:00,Short,Asia,22,4,Canal Exit,1155.04,4.0,8,3056.0,3027.0,3061.4,5.400000000000091,0.17670157068063125,5.37037037037028,67.0,0.900000000000091,12.407407407407199,0.1666666666666807,1.5188825792210991,0.049701655079224444,0.03685542120489231,True,False,True,0.049701655079224444,-0.4498983603621127,-21.330598100175354,-19.715119584911328,9.360346745665021,-1.6154785152640265,8.374747335315211,0,2,1,1,1,3032.5,4.351851851851778,MGC_v2
single,MGC,2025-04-07 16:13:00+02:00,2025-04-07 16:34:00+02:00,Long,US,16,0,Stop Loss,-281.24,1.0,3,3046.5,3018.5,3018.5,28.0,0.91908747743312,-1.0,10.0,33.59999999999991,0.35714285714285715,1.1999999999999968,3.712759722345254,0.12186967741162824,-0.07748579048475486,False,True,True,-0.12186967741162824,1.9887253333608896,33.944747965659985,28.063177269755247,-1.8156055179632524,5.881570695904738,-32.39365096198031,0,1,-1,2,1,3015.7,-1.1000000000000065,MGC_v2
single,MGC,2025-04-08 00:00:00+02:00,2025-04-08 00:35:00+02:00,Short,Asia,0,1,Stop Loss,-198.72,3.0,5,2997.6000000000004,3004.1000000000004,3004.1000000000004,6.5,0.2168401387776888,-1.0,0.9000000000005457,6.799999999999727,0.1384615384616224,1.0461538461538042,4.39127025736434,0.14649286954111088,0.041904725351143986,True,False,True,0.14649286954111088,-0.0809720918741732,-32.00162768828842,-25.535065377691303,-1.5426442724607614,-6.466562310597119,15.239171172076354,0,1,1,3,-1,3001.8,-0.6461538461538182,MGC_v2
single,MGC,2025-04-08 00:49:00+02:00,2025-04-08 01:24:00+02:00,Long,Asia,0,1,Stop Loss,-198.72,3.0,5,3003.1000000000004,2996.6000000000004,2996.6000000000004,6.5,0.2164430088908128,-1.0,1.699999999999818,7.000000000000455,0.2615384615384336,1.0769230769231468,0.29746788925149303,0.009905360768921881,0.01820859994315004,False,False,False,-0.009905360768921881,0.12053627919567589,19.288945603449847,17.85854168389075,17.1200172380958,1.4304039195590974,-32.85263573212406,0,1,-1,2,1,2994.5,-1.323076923076979,MGC_v2
single,MGC,2025-04-08 02:13:00+02:00,2025-04-08 03:44:00+02:00,Long,Asia,2,1,Canal Exit,407.2799999999945,3.0,13,2999.6000000000004,3013.3000000000006,2993.0,6.600000000000364,0.22002933724497808,2.075757575757503,17.399999999999636,3.600000000000364,2.636363636363436,0.5454545454545705,4.99452272616054,0.16650629171091275,-0.020228231839778912,False,True,True,-0.16650629171091275,0.32971219341470714,30.60679706221249,24.853475684015223,7.571022500412615,5.753321378197267,27.923762016607665,0,2,-1,3,1,3017.4,2.696969696969507,MGC_v2
single,MGC,2025-04-08 05:08:00+02:00,2025-04-08 07:35:00+02:00,Short,Asia,5,1,Stop Loss,-190.4800000000018,2.0,21,3009.5,3018.9,3018.9,9.400000000000091,0.31234424322977544,-1.0,4.5,9.599999999999909,0.4787234042553145,1.0212765957446612,1.8969602717461385,0.0630324064378182,0.03246614724861051,False,True,True,-0.0630324064378182,-1.142501441686818,-29.620620044658484,-20.118669465877193,9.355243354899466,-9.50195057878129,-2.398702587496177,0,1,1,1,1,3016.9,-0.7872340425531935,MGC_v2
single,MGC,2025-04-08 14:21:00+02:00,2025-04-08 14:49:00+02:00,Short,UK,14,1,Canal Exit,12.76000000000091,1.0,4,3019.9,3018.5,3036.3,16.40000000000009,0.5430643398788069,0.08536585365854166,3.5,8.0,0.2134146341463403,0.48780487804877776,2.678816919513338,0.08870548427144401,0.031232041775354855,True,False,True,0.08870548427144401,-0.5254708062384452,-21.439975854594937,-9.641385800398737,5.548230514362192,-11.7985900541962,-18.55139653955852,0,2,1,2,1,3020.9,-0.06097560975609722,MGC_v2
single,MGC,2025-04-08 15:24:00+02:00,2025-04-08 17:16:00+02:00,Long,US,15,1,Canal Exit,-67.23999999999909,1.0,16,3030.3,3023.7000000000003,3016.3,14.0,0.4620004620004619,-0.4714285714285649,3.5,13.300000000000182,0.25,0.950000000000013,3.1685491814678244,0.10456222755066576,-0.021796573080496404,False,False,False,-0.10456222755066576,0.17834868117188307,25.55584636484476,21.049464817533767,5.755752950695862,4.506381547310994,-26.194264433330446,0,1,-1,3,-1,3020.3,-0.7142857142857143,MGC_v2
single,MGC,2025-04-08 21:07:00+02:00,2025-04-08 21:56:00+02:00,Short,US,21,1,Auto-Close (loss),-44.47999999999818,2.0,7,2996.9,2999.0,3007.4,10.5,0.35036204077546795,-0.19999999999999135,6.200000000000273,4.0,0.5904761904762165,0.38095238095238093,7.668731098366152,0.2558887883601772,0.014110323632041353,True,False,True,0.2558887883601772,-0.31376403176636813,-27.772084330544374,-25.20560435730662,-13.56040222230871,-2.5664799732377546,30.274945247019282,0,2,1,2,-1,2992.5,0.4190476190476277,MGC_v2
single,MGC,2025-04-09 01:17:00+02:00,2025-04-09 02:20:00+02:00,Short,Asia,1,2,Canal Exit,-52.48,2.0,9,2995.0,2997.5,3005.7000000000003,10.700000000000273,0.3572621035058522,-0.23364485981307814,12.0,4.0,1.1214953271027752,0.3738317757009251,1.4383129287616612,0.04802380396533092,0.0023823322935853613,True,False,True,0.04802380396533092,-0.6639959665380957,-4.200355499673266,5.083337718137618,4.741140855834469,-9.283693217810885,26.41639078748119,1,3,1,7,1,2995.5,-0.046728971962615634,MGC_v2
single,MGC,2025-04-09 17:16:00+02:00,2025-04-09 19:29:00+02:00,Long,US,17,2,Stop Loss,-201.24,1.0,19,3100.9,3080.9,3080.9,20.0,0.6449740397948983,-1.0,16.0,33.90000000000009,0.8,1.6950000000000045,4.832004110567141,0.15582586057490214,0.02694939547345531,False,False,False,-0.15582586057490214,0.3583064805607137,17.124139775664013,0.8612809625691202,5.391055628480024,16.262858813094894,-21.153734965664913,0,3,-1,2,1,3087.3,-0.6799999999999955,MGC_v2
single,MGC,2025-04-09 21:00:00+02:00,2025-04-09 21:28:00+02:00,Long,US,21,2,Canal Exit,151.7600000000018,1.0,4,3095.5,3110.8,3063.6000000000004,31.899999999999636,1.030528186076551,0.4796238244514218,19.5,15.300000000000182,0.6112852664576872,0.4796238244514218,1.7038073301819168,0.05504142562370915,-0.061188361263721486,False,True,True,-0.05504142562370915,3.6647023398736565,18.68924425702226,15.129865778801468,-7.654282613867561,3.5593784782207916,42.47307409066002,1,4,-1,5,1,3113.3,0.5579937304075355,MGC_v2
single,MGC,2025-04-10 01:31:00+02:00,2025-04-10 02:41:00+02:00,Long,Asia,1,3,Canal Exit,97.75999999999637,1.0,10,3099.1000000000004,3109.0,3085.8,13.300000000000182,0.4291568519892931,0.7443609022556016,17.899999999999636,2.9000000000005457,1.3458646616540897,0.21804511278199293,0.7218291718036198,0.023291574063554574,-0.03036718986327193,False,True,True,-0.023291574063554574,3.528532153095057,9.085698430570716,0.9590760217451351,20.93701473503049,8.12662240882558,25.995313357433616,3,2,-1,6,1,3103.1,0.3007518796992098,MGC_v2
single,MGC,2025-04-10 13:04:00+02:00,2025-04-10 13:25:00+02:00,Short,UK,13,3,Stop Loss,-204.48000000000727,2.0,3,3130.0,3140.1000000000004,3140.1000000000004,10.100000000000364,0.32268370607029917,-1.0,1.5,10.699999999999818,0.14851485148514318,1.0594059405940033,4.985119173185012,0.15926898316885024,0.030324425325058798,True,True,False,0.15926898316885024,-0.12665816444678057,-30.28067993474282,-27.876969213465348,0.6512906033220259,-2.4037107212774735,2.0551985687507006,0,2,1,3,-1,3138.1,-0.8019801980197641,MGC_v2
single,MGC,2025-04-10 15:52:00+02:00,2025-04-10 15:59:00+02:00,Short,US,15,3,Stop Loss,-196.24,1.0,1,3135.3,3154.8,3154.8,19.5,0.6219500526265429,-1.0,1.800000000000182,20.59999999999991,0.09230769230770164,1.0564102564102518,1.9956680789437087,0.06365158290893085,0.03125903785669239,False,False,False,-0.06365158290893085,-0.6411220818013135,-32.21766662783867,-27.197810672410533,13.480135313343313,-5.019855955428135,-8.992840675345793,0,1,1,4,-1,3163.4,-1.4410256410256364,MGC_v2
single,MGC,2025-04-10 16:06:00+02:00,2025-04-10 16:27:00+02:00,Long,US,16,3,Canal Exit,15.75999999999818,1.0,3,3161.7000000000003,3163.4,3133.4,28.300000000000182,0.8950880855236164,0.06007067137808506,5.799999999999727,9.100000000000364,0.20494699646642014,0.321554770318032,1.7300406597887559,0.054718684878032574,-0.007033760274658729,False,True,True,-0.054718684878032574,3.763827479637257,19.400354449443178,5.2037568870488204,12.401453298116474,14.196597562394357,40.073362401466575,1,3,-1,4,1,3176.1,0.508833922261468,MGC_v2
single,MGC,2025-04-10 19:22:00+02:00,2025-04-10 21:28:00+02:00,Long,US,19,3,Canal Exit,261.51999999999634,2.0,18,3179.6000000000004,3192.8,3167.9,11.700000000000273,0.36797081393886877,1.1282051282050864,14.499999999999545,4.400000000000546,1.2393162393161716,0.3760683760684139,12.048936786954073,0.3789450492814842,-0.0062618988458600575,False,True,True,-0.3789450492814842,0.1433033207340486,7.086553770345393,-5.632533342300105,13.695500852723612,12.719087112645498,10.797780899721314,0,3,-1,3,-1,3192.0,1.059829059829004,MGC_v2
single,MGC,2025-04-11 14:14:00+02:00,2025-04-11 15:03:00+02:00,Long,UK,14,4,Canal Exit,327.52,2.0,7,3236.5,3253.0,3228.1000000000004,8.399999999999636,0.2595396261393368,1.9642857142857995,17.0,3.800000000000182,2.0238095238096117,0.45238095238099363,4.876362794304441,0.15066778292304778,-0.03207665459785486,False,True,True,-0.15066778292304778,0.8252705304462324,19.56338675215527,12.515961760244487,1.398565202299796,7.047424991910784,32.57433939759518,0,4,-1,2,-1,3247.5,1.3095238095238662,MGC_v2
single,MGC,2025-04-11 15:59:00+02:00,2025-04-11 17:09:00+02:00,Short,US,15,4,Canal Exit,-91.24,1.0,10,3244.1000000000004,3253.1000000000004,3262.1000000000004,18.0,0.5548534262199069,-0.5,4.700000000000273,11.899999999999636,0.2611111111111263,0.6611111111110909,3.503252880455875,0.10798843686865,0.04653184018014572,True,False,True,0.10798843686865,-0.1967865701849405,-28.917068422193736,-21.375987110824852,2.2193406025242886,-7.541081311368885,27.72185856707308,0,1,1,3,-1,3252.6,-0.47222222222219695,MGC_v2
single,MGC,2025-04-11 17:51:00+02:00,2025-04-11 18:40:00+02:00,Long,US,17,4,Canal Exit,-66.24,1.0,7,3257.4,3250.9,3243.5,13.900000000000091,0.4267206974887975,-0.46762589928057247,5.5,10.599999999999909,0.3956834532374075,0.7625899280575424,3.304229559083069,0.10143763612338273,0.011368841676055185,True,False,True,0.10143763612338273,4.7219658467720365,16.70270993773729,13.676897629635416,4.734969480395545,3.025812308101873,-39.580512937547795,5,3,-1,1,-1,3238.7,-1.345323741007205,MGC_v2
single,MGC,2025-04-14 00:07:00+02:00,2025-04-14 00:21:00+02:00,Short,Asia,0,0,Canal Exit,45.75999999999818,1.0,2,3240.4,3235.7000000000003,3257.1000000000004,16.700000000000273,0.5153684730280297,0.2814371257484875,11.300000000000182,0.09999999999990905,0.6766467065868261,0.005988023952090265,0.6792742226016344,0.02096266580056889,0.019544296431491186,False,False,False,-0.02096266580056889,-2.594380652537893,-14.049626819710992,-5.911622020657444,0.6609642154401018,-8.138004799053547,-20.20493334397931,1,2,1,5,-1,3236.4,0.23952095808382842,MGC_v2
single,MGC,2025-04-14 01:45:00+02:00,2025-04-14 02:06:00+02:00,Long,Asia,1,0,Canal Exit,15.519999999992724,2.0,3,3239.1000000000004,3240.0,3229.0,10.100000000000364,0.31181501034239023,0.08910891089104989,2.899999999999636,3.600000000000364,0.28712871287124075,0.3564356435643796,0.5405306070197184,0.016687678892893656,-0.03253645384338559,False,True,True,-0.016687678892893656,0.2129648737536627,14.276438790233918,3.424987037394864,-14.559072764869962,10.851451752839054,33.55639690362936,0,3,-1,7,1,3238.9,-0.019801980198046104,MGC_v2
single,MGC,2025-04-14 12:01:00+02:00,2025-04-14 12:29:00+02:00,Short,UK,12,0,Canal Exit,297.52,2.0,4,3237.6000000000004,3222.6000000000004,3247.6000000000004,10.0,0.3088707684704719,1.5,16.000000000000455,2.699999999999818,1.6000000000000454,0.2699999999999818,0.524350071869776,0.01619564096459649,-0.008694695428859946,True,False,True,0.01619564096459649,-0.21320209583655014,-19.760368893366987,-16.256470584424697,-3.2659890610903743,-3.50389830894229,-44.98535752297133,0,4,1,7,-1,3237.0,0.06000000000003638,MGC_v2
single,MGC,2025-04-14 14:28:00+02:00,2025-04-14 15:03:00+02:00,Short,UK,14,0,Canal Exit,89.7599999999991,1.0,5,3227.9,3218.8,3244.4,16.5,0.5111682518045788,0.551515151515146,11.300000000000182,2.900000000000091,0.6848484848484959,0.17575757575758127,5.17356009744708,0.16027634367381516,0.029067022030884845,True,False,True,0.16027634367381516,-0.5504973480415174,-29.648169434483492,-17.630971613830283,3.9923586819667043,-12.017197820653209,-12.18080949385798,0,2,1,3,1,3217.9,0.6060606060606061,MGC_v2
single,MGC,2025-04-14 21:42:00+02:00,2025-04-14 21:56:00+02:00,Long,US,21,0,Auto-Close (loss),-8.239999999998181,1.0,2,3228.8,3228.1000000000004,3216.6000000000004,12.199999999999818,0.377849355797814,-0.05737704918031381,0.0,3.400000000000091,0.0,0.27868852459017557,0.39329991210706794,0.012180993313524154,-0.0025128473010994773,False,True,True,-0.012180993313524154,1.0485958097342518,19.55570830658014,16.308386690349202,0.208900107229559,3.2473216162309377,24.872588744631383,1,2,-1,6,1,3227.2,-0.13114754098363834,MGC_v2
single,MGC,2025-04-15 08:31:00+02:00,2025-04-15 09:20:00+02:00,Long,Asia,8,1,Stop Loss,-201.71999999999727,3.0,7,3243.5,3236.9,3236.9,6.599999999999909,0.20348389085863755,-1.0,1.099999999999909,7.5,0.1666666666666552,1.136363636363652,3.2836693011613534,0.10123845540808858,-0.013743072257750228,False,False,False,-0.10123845540808858,0.17240230405286638,22.24604266208533,19.310188140319447,0.9783858505992088,2.935854521765883,-35.63097191475788,0,2,-1,2,1,3235.7,-1.1818181818182256,MGC_v2
single,MGC,2025-04-15 17:02:00+02:00,2025-04-15 17:51:00+02:00,Short,US,17,1,Canal Exit,-70.48000000000182,2.0,7,3234.4,3237.8,3243.4,9.0,0.2782587187731882,-0.37777777777778787,1.0,6.5,0.1111111111111111,0.7222222222222222,2.193470277466986,0.06781691434167035,0.012465369841160616,True,True,False,0.06781691434167035,-0.13282543176546824,-31.33628993721367,-27.401087558927138,2.6897408242728424,-3.935202378286533,-4.582363707797247,0,2,1,2,1,3238.1,-0.4111111111110909,MGC_v2
single,MGC,2025-04-15 17:58:00+02:00,2025-04-15 18:40:00+02:00,Short,US,17,1,Canal Exit,97.5999999999909,10.0,6,3238.7000000000003,3237.6000000000004,3241.0,2.299999999999727,0.07101614845461843,0.47826086956523456,3.0000000000004547,1.099999999999909,1.304347826087309,0.47826086956523456,0.4743165755762675,0.014645276672006283,0.0054346479879646,True,False,True,0.014645276672006283,-0.11576430655213699,-4.6293015119977134,-4.6058326098973845,5.9368587176583985,-0.023468902100328926,-15.845404116760157,2,1,1,4,-1,3237.7,0.43478260869590146,MGC_v2
single,MGC,2025-04-15 21:35:00+02:00,2025-04-15 21:56:00+02:00,Short,US,21,1,Auto-Close (loss),-148.68,7.0,3,3244.8,3246.8,3248.1000000000004,3.300000000000182,0.10170118343195826,-0.6060606060605727,1.6000000000003638,6.099999999999909,0.48484848484856835,1.848484848484719,0.4586987426773703,0.014136425748193118,0.014877622559506217,False,False,False,-0.014136425748193118,-0.05441712545007249,-31.422285904265237,-26.77612810286953,13.38704334792027,-4.646157801395706,22.474923914315156,0,1,1,2,-1,3248.2,-1.0303030303028633,MGC_v2
single,MGC,2025-04-16 12:36:00+02:00,2025-04-16 13:04:00+02:00,Long,UK,12,2,Stop Loss,-216.1999999999909,5.0,4,3319.8,3315.6,3315.6000000000004,4.199999999999818,0.12651364540031984,-1.0000000000001084,3.0,7.200000000000273,0.7142857142857452,1.7142857142858534,5.360315856813941,0.1614650237006428,-0.006011565221710371,False,False,False,-0.1614650237006428,0.08887524303645478,13.688783519960252,6.297383650071954,7.622033638022621,7.391399869888297,-16.366477661350864,0,2,-1,3,1,3315.9,-0.9285714285714904,MGC_v2
single,MGC,2025-04-16 13:39:00+02:00,2025-04-16 14:35:00+02:00,Long,UK,13,2,Canal Exit,50.75999999999818,1.0,8,3321.8,3327.0,3309.0,12.800000000000182,0.38533325305557775,0.40624999999998,8.199999999999818,8.100000000000364,0.6406249999999767,0.6328125000000194,4.801693063493985,0.1445509381508214,-0.023299547055761323,False,True,True,-0.1445509381508214,0.5014662643357042,7.981035670726802,-1.6670520092069046,1.1331238473480596,9.648087679933706,-7.654009332610887,0,3,-1,3,-1,3323.8,0.15624999999999778,MGC_v2
single,MGC,2025-04-16 15:24:00+02:00,2025-04-16 15:38:00+02:00,Short,US,15,2,Canal Exit,113.52000000000363,2.0,2,3320.7000000000003,3314.9,3329.7000000000003,9.0,0.27102719306170386,0.6444444444444647,8.100000000000364,1.7999999999997272,0.9000000000000404,0.19999999999996967,0.29544183274538227,0.00889697451577626,0.021927293285404544,True,False,True,0.00889697451577626,-0.5719641505020263,-24.3415493444651,-22.770206288794988,1.5678506426449417,-1.5713430556701127,-30.496675764761875,0,2,1,4,-1,3326.5,-0.6444444444444142,MGC_v2
single,MGC,2025-04-17 11:54:00+02:00,2025-04-17 12:22:00+02:00,Short,UK,11,3,Stop Loss,-224.96,4.0,4,3335.3,3340.8,3340.8,5.5,0.16490270740263244,-1.0,0.8000000000001819,11.699999999999818,0.14545454545457853,2.127272727272694,5.256867618577417,0.1576130368655718,0.009929644911531295,True,True,False,0.1576130368655718,-0.11788156621832968,-25.381331472398518,-20.82103030932545,-15.761159630173827,-4.560301163073067,17.98268345955154,0,2,1,2,-1,3342.8,-1.3636363636363635,MGC_v2
single,MGC,2025-04-17 13:32:00+02:00,2025-04-17 14:00:00+02:00,Short,UK,13,3,Canal Exit,-128.47999999999453,2.0,4,3337.7000000000003,3344.0,3347.1000000000004,9.400000000000091,0.28163106330707044,-0.6702127659574113,2.300000000000182,8.499999999999545,0.24468085106384677,0.904255319148879,2.1591415683651576,0.06468950380097543,0.021333177610193012,True,False,True,0.06468950380097543,-0.826651318792301,-16.530704681748855,-2.6730310181746866,3.756606927283709,-13.857673663574168,7.660444477603024,0,3,1,3,-1,3338.8,-0.11702127659573387,MGC_v2
single,MGC,2025-04-17 15:03:00+02:00,2025-04-17 15:17:00+02:00,Long,UK,15,3,Stop Loss,-231.71999999999727,3.0,2,3342.9,3335.3000000000006,3335.3,7.599999999999909,0.22734751263872416,-0.9999999999999402,1.599999999999909,8.0,0.21052631578946424,1.052631578947381,2.3695154771794478,0.07088203288101493,-0.0067305234857427294,False,False,False,-0.07088203288101493,0.16290225407192338,11.262036259537087,1.8226293144883376,8.055746676733683,9.439406945048749,1.3989335330761037,0,2,-1,2,1,3341.7,-0.15789473684214306,MGC_v2
single,MGC,2025-04-17 15:38:00+02:00,2025-04-17 15:45:00+02:00,Long,US,15,3,Stop Loss,-202.48,2.0,1,3342.7000000000003,3332.7000000000003,3332.7000000000003,10.0,0.2991593621922398,-1.0,3.4999999999995453,11.100000000000364,0.3499999999999545,1.1100000000000363,2.5172733629578943,0.07530658937259982,-0.004842136036808514,False,False,False,-0.07530658937259982,0.39889351086685565,1.7579707700690026,-5.886919436553339,1.215678552334457,7.644890206622342,-1.0022638948585234,0,1,-1,4,1,3322.9,-1.9800000000000182,MGC_v2
single,MGC,2025-04-17 18:05:00+02:00,2025-04-17 21:56:00+02:00,Long,US,18,3,Auto-Close (profit),230.76000000000272,1.0,33,3311.4,3334.6000000000004,3296.3,15.099999999999909,0.4560004831793172,1.53642384105963,24.699999999999818,2.200000000000273,1.6357615894039712,0.14569536423842955,5.58548544012956,0.16867444102583679,-0.04313902704155481,True,False,True,0.16867444102583679,1.9987486485883892,10.0507133705792,3.9365751027371587,-12.020685764532203,6.114138267842041,39.2474471814922,3,5,-1,4,1,3338.9,1.8211920529801435,MGC_v2
single,MGC,2025-04-21 13:39:00+02:00,2025-04-21 14:35:00+02:00,Long,UK,13,0,Canal Exit,11.759999999997271,1.0,8,3413.6000000000004,3414.9,3397.9,15.700000000000273,0.45992500585892526,0.08280254777068181,5.799999999999727,3.4000000000005457,0.3694267515923329,0.2165605095541711,1.614450774177385,0.04729466762881957,-0.008893882394184267,False,True,True,-0.04729466762881957,1.2977830150794034,33.972458642291656,24.667035095710993,3.744147917499513,9.305423546580663,-2.938249234443462,0,2,-1,5,-1,3428.9,0.9745222929935963,MGC_v2
single,MGC,2025-04-21 19:29:00+02:00,2025-04-21 20:18:00+02:00,Long,US,19,0,Canal Exit,44.75999999999909,1.0,7,3430.7000000000003,3435.3,3417.0,13.700000000000273,0.39933541259801997,0.3357664233576509,5.599999999999909,6.400000000000091,0.4087591240875765,0.46715328467153017,4.622160082941264,0.13472935794273075,-0.024458717715984322,False,True,True,-0.13472935794273075,0.6137785545752195,26.148317161431166,12.03807430483418,-6.09839814183561,14.110242856596987,5.139564297531647,0,3,-1,4,-1,3436.9,0.45255474452552513,MGC_v2
single,MGC,2025-04-21 21:28:00+02:00,2025-04-21 21:49:00+02:00,Short,US,21,0,Canal Exit,23.520000000003638,2.0,3,3432.1000000000004,3430.8,3441.8,9.699999999999818,0.2826257976166142,0.1340206185567223,4.000000000000455,3.4999999999995453,0.41237113402067316,0.3608247422680011,2.804371759713831,0.08171008303120046,0.0308849918194936,True,False,True,0.08171008303120046,-0.26941073843590857,-27.220130504328715,-17.018808619311574,0.350725340288065,-10.20132188501714,-33.38596230416984,0,3,1,9,-1,3435.6,-0.3608247422680011,MGC_v2
single,MGC,2025-04-22 00:00:00+02:00,2025-04-22 00:28:00+02:00,Long,Asia,0,1,Canal Exit,9.75999999999909,1.0,4,3441.1000000000004,3442.2000000000003,3428.0,13.100000000000364,0.3806922205108937,0.08396946564884569,6.899999999999636,7.000000000000455,0.526717557251866,0.5343511450381878,0.8285264031283077,0.024077370699145843,-0.005434056425987058,True,True,False,0.024077370699145843,2.627953628794785,19.42580250279947,18.306236806535345,7.993421258576273,1.1195656962641252,32.37229888876695,3,4,-1,4,1,3442.5,0.10687022900760285,MGC_v2
single,MGC,2025-04-22 01:59:00+02:00,2025-04-22 03:09:00+02:00,Short,Asia,1,1,Canal Exit,-166.24,1.0,10,3427.6000000000004,3444.1000000000004,3455.8,28.199999999999818,0.8227331077138469,-0.5851063829787272,3.5000000000004547,19.999999999999545,0.1241134751773219,0.7092198581560168,1.6605880002589402,0.048447543478204576,0.04964049331395165,True,False,True,0.048447543478204576,-1.202428778402009,-30.509997145288096,-20.436203863339117,8.7911120362216,-10.07379328194898,36.1635603832225,0,2,1,2,-1,3449.5,-0.7765957446808431,MGC_v2
single,MGC,2025-04-22 12:01:00+02:00,2025-04-22 14:42:00+02:00,Long,UK,12,1,Stop Loss,-260.2400000000009,1.0,23,3479.9,3454.0,3454.0,25.90000000000009,0.744274260754622,-1.0,0.5,33.40000000000009,0.01930501930501924,1.2895752895752886,6.064928906384921,0.17428457445285556,-0.03026228606982027,True,False,True,0.17428457445285556,2.3850160089032215,18.116239593254328,11.188194379256014,-13.706006183722158,6.928045213998313,-43.94432369703918,1,2,-1,1,1,3443.9,-1.3899613899613852,MGC_v2
single,MGC,2025-04-22 16:34:00+02:00,2025-04-22 17:58:00+02:00,Long,US,16,1,Stop Loss,-287.24000000000365,1.0,12,3448.1000000000004,3419.5,3419.5,28.600000000000364,0.8294423015573898,-1.0,4.299999999999727,32.000000000000455,0.1503496503496389,1.1188811188811205,1.9358988562898958,0.05614393017284578,-0.04743618025917893,True,True,False,0.05614393017284578,1.1598303765549645,27.630384547345805,26.706488568844456,-15.732351969481547,0.9238959785013492,24.53084660829218,0,1,-1,6,1,3399.2,-1.7097902097902071,MGC_v2
single,MGC,2025-04-23 04:12:00+02:00,2025-04-23 04:47:00+02:00,Short,Asia,4,2,Canal Exit,151.7600000000018,1.0,5,3382.7000000000003,3367.4,3396.2000000000003,13.5,0.3990894847311319,1.1333333333333468,20.700000000000273,3.399999999999636,1.5333333333333536,0.2518518518518249,9.58592764621153,0.2833809574071461,0.09886257687894456,True,False,True,0.2833809574071461,-1.7535846359783136,-9.42275732716836,1.3647637024667274,11.145802854986826,-10.787521029635087,-27.583694031897313,0,2,1,5,1,3347.9,2.5777777777777913,MGC_v2
single,MGC,2025-04-23 19:08:00+02:00,2025-04-23 20:18:00+02:00,Short,US,19,2,Canal Exit,92.76000000000091,1.0,10,3301.4,3292.0,3319.2000000000003,17.800000000000182,0.5391652026413092,0.5280898876404492,12.400000000000091,11.400000000000091,0.6966292134831441,0.6404494382022458,15.27553993019319,0.462698852916738,0.05995666162793439,True,False,True,0.462698852916738,-0.633810692165298,-13.109168261331087,-2.0849865252008852,-14.233465959479409,-11.024181736130203,10.168465018635814,0,4,1,4,1,3296.5,0.2752808988764068,MGC_v2
single,MGC,2025-04-23 21:07:00+02:00,2025-04-23 21:28:00+02:00,Long,US,21,2,Canal Exit,53.52000000000364,2.0,3,3302.4,3305.2000000000003,3290.7000000000003,11.699999999999818,0.3542877906976689,0.2393162393162586,7.099999999999909,4.700000000000273,0.6068376068376085,0.40170940170943126,0.8204408496694668,0.02484377572884771,-0.028513977876390834,False,True,True,-0.02484377572884771,1.5318904339151231,34.704571748307615,30.246310352708477,-0.6715194105684184,4.458261395599138,31.3191005370965,0,1,-1,5,1,3307.9,0.4700854700854774,MGC_v2
single,MGC,2025-04-24 00:07:00+02:00,2025-04-24 00:28:00+02:00,Long,Asia,0,3,Canal Exit,8.76,1.0,3,3322.7000000000003,3323.7000000000003,3296.8,25.90000000000009,0.7794865621332076,0.03861003861003848,2.299999999999727,5.000000000000455,0.08880308880307795,0.19305019305020993,0.40820561459077,0.012285358732078429,-0.00771082131734056,False,True,True,-0.012285358732078429,2.0857371725728626,33.73018524778816,26.581034703788934,-4.089726746956589,7.149150543999223,37.08910353259544,0,3,-1,7,1,3321.4,-0.05019305019305704,MGC_v2
single,MGC,2025-04-24 08:10:00+02:00,2025-04-24 08:59:00+02:00,Short,Asia,8,3,Stop Loss,-147.2399999999991,1.0,7,3330.8,3345.4,3345.4,14.599999999999909,0.438333133181215,-1.0,6.0,17.199999999999818,0.4109589041095916,1.1780821917808169,4.147920099358089,0.12453224748883418,0.011629084604029519,True,False,True,0.12453224748883418,-1.3040397016861789,-22.386322843300714,-15.151825375208263,-17.883025202058256,-7.234497468092451,31.035342826451142,0,1,1,2,-1,3342.1,-0.7739726027397121,MGC_v2
single,MGC,2025-04-24 10:23:00+02:00,2025-04-24 10:44:00+02:00,Short,UK,10,3,Stop Loss,-225.71999999998908,3.0,3,3343.6000000000004,3351.0,3351.0,7.399999999999636,0.2213183395142851,-1.0,5.800000000000182,8.899999999999636,0.7837837837838469,1.2027027027027126,3.446867106124955,0.1030885006018948,0.02016779886324285,True,True,False,0.1030885006018948,-0.07139821828695858,-3.0685597104219458,-1.5423723055637026,-5.056227299683875,-1.5261874048582431,35.544058309477,0,1,1,1,-1,3347.3,-0.5,MGC_v2
single,MGC,2025-04-24 14:56:00+02:00,2025-04-24 15:24:00+02:00,Short,UK,14,3,Canal Exit,27.76000000000091,1.0,4,3344.2000000000003,3341.3,3356.7000000000003,12.5,0.37378147239997606,0.23200000000000728,7.800000000000182,8.899999999999636,0.6240000000000145,0.7119999999999709,1.1445140768319106,0.03422385254565847,0.019754945556229166,True,False,True,0.03422385254565847,-0.10669497709614006,-6.8060508854382835,3.334114131461516,2.2853937182048654,-10.1401650168998,-21.607700024359865,0,4,1,1,-1,3332.7,0.9200000000000363,MGC_v2
single,MGC,2025-04-24 18:33:00+02:00,2025-04-24 19:15:00+02:00,Short,US,18,3,Stop Loss,-218.48000000000363,2.0,6,3337.0,3347.8,3347.8,10.800000000000182,0.3236439916092353,-1.0,3.199999999999818,13.599999999999909,0.29629629629627446,1.2592592592592295,7.825731487065241,0.23451397923479894,0.03982352551642109,True,True,False,0.23451397923479894,-0.13524747021892836,-15.190038558794615,-4.428251117904585,-8.579400492420676,-10.76178744089003,43.00359549239615,0,2,1,5,1,3349.4,-1.1481481481481373,MGC_v2
single,MGC,2025-04-24 19:43:00+02:00,2025-04-24 20:04:00+02:00,Short,US,19,3,Stop Loss,-217.44,6.0,3,3347.8,3351.3000000000006,3351.3,3.5,0.104546269191708,-1.00000000000013,2.5,3.5,0.7142857142857143,1.0,2.523756234434586,0.07538551390269986,0.026813037852384713,True,True,False,0.07538551390269986,0.06086428026355861,-5.654898696209804,-0.44218989079012605,-2.771811271598928,-5.212708805419678,17.85467883267836,1,1,1,2,-1,3349.1,-0.37142857142849345,MGC_v2
single,MGC,2025-04-24 21:21:00+02:00,2025-04-24 21:56:00+02:00,Long,US,21,3,Auto-Close (profit),546.8400000000246,9.0,5,3347.5,3353.7000000000003,3345.0,2.5,0.07468259895444362,2.4800000000001092,11.599999999999909,0.09999999999990905,4.639999999999963,0.03999999999996362,3.4687196328486607,0.10362119889017658,-0.001238575816553044,False,True,True,-0.10362119889017658,0.0755061272925559,27.46952411507269,26.19383583898712,6.691788224645343,1.275688276085571,27.69568201164656,0,5,-1,4,1,3354.1,2.6399999999999637,MGC_v2
single,MGC,2025-04-25 05:08:00+02:00,2025-04-25 05:29:00+02:00,Long,Asia,5,4,Canal Exit,-111.71999999999727,3.0,3,3360.7000000000003,3357.1000000000004,3354.8,5.900000000000091,0.1755586633737046,-0.6101694915253989,5.099999999999909,5.400000000000091,0.8644067796609882,0.9152542372881369,0.5507381367924609,0.01638760189223855,-0.01998419452887204,False,True,True,-0.01638760189223855,0.26504670107715356,21.295726196393208,14.343271758906392,-1.270228927781621,6.952454437486816,-1.9747771320305212,0,2,-1,6,1,3333.4,-4.627118644067756,MGC_v2
single,MGC,2025-04-25 13:11:00+02:00,2025-04-25 14:14:00+02:00,Short,UK,13,4,Canal Exit,59.519999999998184,2.0,9,3306.5,3303.4,3317.1000000000004,10.600000000000364,0.32058067442916566,0.29245283018866064,8.699999999999818,5.199999999999818,0.8207547169810867,0.4905660377358151,1.5723803474447777,0.04755422190971655,0.003165168153908016,True,False,True,0.04755422190971655,-0.36140013912245195,-28.663462367452848,-25.529230635240673,1.4506805568972265,-3.134231732212175,1.4388532788059445,0,2,1,1,1,3311.3,-0.4528301886792469,MGC_v2
single,MGC,2025-04-25 17:09:00+02:00,2025-04-25 18:54:00+02:00,Short,US,17,4,Stop Loss,-156.24,1.0,15,3283.3,3298.8,3298.8,15.5,0.47208601102549264,-1.0,3.600000000000364,16.09999999999991,0.2322580645161525,1.038709677419349,3.7259582750293703,0.1134821147939381,-0.00647101723031292,True,True,False,0.1134821147939381,-0.6211777934463498,-31.614090063114638,-30.29241364276896,-14.192531067948892,-1.3216764203456783,-0.39661916873481884,0,2,1,1,1,3295.2,-0.7677419354838475,MGC_v2
single,MGC,2025-04-25 20:46:00+02:00,2025-04-25 21:07:00+02:00,Short,US,20,4,Canal Exit,5.279999999991815,3.0,3,3300.9,3300.6000000000004,3308.3,7.400000000000091,0.22418128389227457,0.04054054054050317,2.5,2.199999999999818,0.33783783783783367,0.29729729729726906,0.4215221663907869,0.012769916277099789,0.028157435877999886,False,False,False,-0.012769916277099789,-0.48022005077200447,-30.524602808705726,-26.413350237465956,0.6232489355857224,-4.1112525712397705,-32.080380494513044,0,3,1,5,-1,3318.5,-2.3783783783783368,MGC_v2
single,MGC,2025-04-28 02:13:00+02:00,2025-04-28 03:16:00+02:00,Long,Asia,2,0,Stop Loss,-176.47999999999635,2.0,9,3318.0,3309.3,3309.3,8.699999999999818,0.2622061482820922,-1.0,8.699999999999818,9.599999999999909,1.0,1.1034482758620816,8.530138108297251,0.25708674226332884,-0.035114232081479214,False,True,True,-0.25708674226332884,0.29857945870026015,13.81369661244216,9.93787672050813,5.565942411462811,3.8758198919340288,-35.72307936902677,0,6,-1,2,1,3298.9,-2.19540229885061,MGC_v2
single,MGC,2025-04-28 14:56:00+02:00,2025-04-28 15:10:00+02:00,Short,UK,14,0,Canal Exit,-70.2400000000009,1.0,2,3301.7000000000003,3308.6000000000004,3314.0,12.299999999999727,0.37253536057181835,-0.5609756097561174,0.7000000000002728,7.799999999999727,0.0569105691057145,0.6341463414634065,1.7088492043139922,0.05175664670666602,0.0377858969340481,True,False,True,0.05175664670666602,-0.13052746600169485,-23.063613591704456,-15.499904486164928,11.190691945533056,-7.5637091055395285,-12.065272408927173,0,2,1,3,-1,3305.3,-0.2926829268292674,MGC_v2
single,MGC,2025-04-28 15:24:00+02:00,2025-04-28 15:38:00+02:00,Long,US,15,0,Stop Loss,-192.48,2.0,2,3310.4,3300.9,3300.9,9.5,0.2869743837602706,-1.0,2.199999999999818,10.599999999999909,0.2315789473684019,1.115789473684201,2.6258441056324955,0.07932105200678152,0.012194215150239066,False,False,False,-0.07932105200678152,0.0628231553932892,30.936825603507565,21.418644280761995,6.469807920153979,9.51818132274557,-2.9028683700209186,0,1,-1,3,1,3308.0,-0.252631578947378,MGC_v2
single,MGC,2025-04-28 16:13:00+02:00,2025-04-28 16:41:00+02:00,Long,US,16,0,Canal Exit,250.76000000000272,1.0,4,3318.5,3343.7000000000003,3296.9,21.59999999999991,0.6508964893777281,1.1666666666666843,26.5,10.5,1.226851851851857,0.48611111111111316,5.239194381882953,0.15787839029329376,-0.020672379469123776,False,True,True,-0.15787839029329376,1.3132620646110809,29.291054147294247,17.3777404628609,4.430475291316037,11.913313684433348,50.122325087940524,0,4,-1,5,1,3344.3,1.194444444444458,MGC_v2
single,MGC,2025-04-29 02:27:00+02:00,2025-04-29 05:43:00+02:00,Short,Asia,2,1,Canal Exit,638.2800000000027,3.0,28,3343.3,3321.9,3351.0,7.699999999999818,0.2303113690066646,2.7792207792208568,24.5,7.599999999999909,3.181818181818257,0.9870129870129986,1.2266474681546242,0.03668972177652691,-0.004227773283230187,True,False,True,0.03668972177652691,-0.4483809598505104,-21.67181723569874,-20.724894901097024,-13.409488010214687,-0.9469223346017159,-5.260428782536105,0,4,1,2,1,3324.8,2.4025974025974595,MGC_v2
single,MGC,2025-04-29 12:43:00+02:00,2025-04-29 13:25:00+02:00,Long,UK,12,1,Canal Exit,17.279999999994544,3.0,6,3323.3,3324.0,3315.6000000000004,7.699999999999818,0.2316974092016916,0.09090909090906943,2.699999999999818,3.300000000000182,0.35064935064933533,0.4285714285714623,1.8394567583609387,0.055350307175426196,-0.020122759096597317,False,True,True,-0.055350307175426196,0.5449520285851577,14.440854564202017,2.24559035716901,-4.285039506842686,12.195264207033006,5.63966418629977,0,2,-1,3,-1,3320.7,-0.3376623376623929,MGC_v2
single,MGC,2025-04-29 15:10:00+02:00,2025-04-29 15:45:00+02:00,Long,UK,15,1,Stop Loss,-166.24,1.0,5,3326.0,3309.5,3309.5,16.5,0.49609140108238126,-1.0,5.800000000000182,16.90000000000009,0.35151515151516255,1.0242424242424297,2.030560804412744,0.061051136632974866,-0.0063678088907759035,True,True,False,0.061051136632974866,0.6434256813463435,30.99959494173379,30.08272574606974,-6.562374744642997,0.9168691956640487,-8.918977318909347,0,1,-1,3,1,3319.5,-0.3939393939393939,MGC_v2
single,MGC,2025-04-29 15:52:00+02:00,2025-04-29 16:41:00+02:00,Short,US,15,1,Canal Exit,-52.23999999999909,1.0,7,3317.3,3322.4,3331.9,14.599999999999909,0.44011696259005545,-0.34931506849314664,7.600000000000364,11.299999999999727,0.5205479452055076,0.7739726027397121,3.221191020066726,0.09710279504617388,0.019377240956700723,True,True,False,0.09710279504617388,-0.3314499337493544,-23.567831706906894,-16.243404512908057,0.8127540700094293,-7.324427193998837,23.63561335419895,0,2,1,6,1,3323.0,-0.39041095890409955,MGC_v2
single,MGC,2025-04-29 17:37:00+02:00,2025-04-29 17:51:00+02:00,Short,US,17,1,Canal Exit,-62.23999999999909,1.0,2,3316.8,3322.9,3328.7000000000003,11.900000000000091,0.35877954655089517,-0.5126050420167951,1.0,8.599999999999909,0.0840336134453775,0.722689075630239,0.20496624901170435,0.006179638477198032,0.0062133390433897024,False,False,False,-0.006179638477198032,-0.7239357593316527,-23.012028744579496,-19.31715746242953,-2.2847571623264025,-3.6948712821499647,-2.3498032287717194,0,1,1,3,-1,3325.1,-0.6974789915966104,MGC_v2
single,MGC,2025-04-29 17:58:00+02:00,2025-04-29 18:19:00+02:00,Long,US,17,1,Canal Exit,49.519999999998184,2.0,3,3326.7000000000003,3329.3,3315.7000000000003,11.0,0.33065800943878315,0.2363636363636281,2.699999999999818,4.400000000000091,0.2454545454545289,0.4000000000000083,1.2796241440282756,0.0384652702085633,-0.005472810325090184,False,True,True,-0.0384652702085633,0.2570036901574895,19.544019095601445,8.597107933414927,-1.955846857391812,10.946911162186518,35.19917416622944,0,2,-1,4,-1,3339.2,1.136363636363595,MGC_v2
single,MGC,2025-04-30 01:59:00+02:00,2025-04-30 02:13:00+02:00,Long,Asia,1,2,Canal Exit,9.51999999999818,2.0,2,3331.2000000000003,3331.8,3320.7000000000003,10.5,0.31520172910662825,0.05714285714284848,6.499999999999545,5.400000000000091,0.6190476190475758,0.5142857142857229,0.32880698427288735,0.009870526665252382,-0.015168536937996024,False,True,True,-0.009870526665252382,0.37642453821990784,23.179848815397513,17.888951562217816,-8.569530664543182,5.290897253179697,33.484105601970924,0,2,-1,6,1,3324.7,-0.6190476190476624,MGC_v2
single,MGC,2025-04-30 08:17:00+02:00,2025-04-30 09:20:00+02:00,Short,Asia,8,2,Canal Exit,-106.48000000000546,2.0,9,3316.0,3321.2000000000003,3324.2000000000003,8.200000000000273,0.24728588661038214,-0.6341463414634269,3.800000000000182,6.099999999999909,0.4634146341463482,0.7439024390243544,1.8535788830331512,0.05589803627964871,0.010967416766878717,True,False,True,0.05589803627964871,-1.0925582079703418,-15.17120195620146,-12.533434299658314,-8.307979246790737,-2.6377676565431454,27.67829158662795,1,3,1,3,-1,3322.7,-0.817073170731658,MGC_v2
single,MGC,2025-04-30 10:02:00+02:00,2025-04-30 10:23:00+02:00,Short,UK,10,2,Canal Exit,165.76000000000272,1.0,3,3311.6000000000004,3294.9,3324.7000000000003,13.099999999999909,0.39557917622901034,1.2748091603053733,22.100000000000364,5.499999999999545,1.6870229007633983,0.41984732824424303,1.8566002397546981,0.056063541483110824,0.014286843658193113,True,False,True,0.056063541483110824,-0.08682709342974704,-33.103513108505126,-21.222860193109977,2.9636364019854446,-11.88065291539515,-39.98024202904443,0,3,1,5,-1,3291.9,1.503816793893161,MGC_v2
single,MGC,2025-04-30 17:58:00+02:00,2025-04-30 21:56:00+02:00,Long,US,17,2,Auto-Close (loss),-124.24000000000181,1.0,34,3319.2000000000003,3306.9,3301.9,17.300000000000182,0.5212099301036449,-0.7109826589595406,5.799999999999727,16.600000000000364,0.3352601156069171,0.9595375722543462,3.9198912779311286,0.11809747161759243,-0.008051931636131788,False,False,False,-0.11809747161759243,4.233130254369371,6.680709984423244,-0.05368290190876568,6.8499906189949975,6.734392886332009,-44.31040515244576,5,3,-1,1,1,3305.1,-0.8150289017341165,MGC_v2
single,MGC,2025-05-01 10:23:00+02:00,2025-05-01 11:05:00+02:00,Long,UK,10,3,Stop Loss,-186.7200000000109,3.0,6,3242.6000000000004,3236.5,3236.5,6.100000000000364,0.18812064392772354,-1.0,2.4999999999995453,7.100000000000364,0.4098360655736715,1.1639344262294984,0.1908456526853115,0.005885574930158253,-0.008138081778435113,False,True,True,-0.005885574930158253,0.47844207901152913,29.207179629591387,28.745344019164335,8.090723092594567,0.4618356104270518,-1.568908955557132,0,1,-1,5,1,3231.1,-1.8852459016393064,MGC_v2
single,MGC,2025-05-02 08:10:00+02:00,2025-05-02 08:45:00+02:00,Long,Asia,8,4,Stop Loss,-170.4799999999927,2.0,5,3265.5,3257.1000000000004,3257.1000000000004,8.399999999999636,0.2572347266880918,-1.0,5.900000000000091,11.400000000000091,0.7023809523809936,1.3571428571429267,2.991062876284559,0.09159586208190351,-0.009479493748513118,False,True,True,-0.09159586208190351,2.1931872969380493,10.902647424928567,-0.8242668588955873,11.392863024995298,11.726914283824154,-24.98064920561701,3,3,-1,2,1,3260.6,-0.5833333333333695,MGC_v2
single,MGC,2025-05-02 16:20:00+02:00,2025-05-02 16:34:00+02:00,Long,US,16,4,Canal Exit,11.760000000001819,1.0,2,3263.9,3265.2000000000003,3246.5,17.40000000000009,0.5331045681546643,0.07471264367817099,5.400000000000091,5.0,0.3103448275862105,0.28735632183907894,0.36247138695034664,0.011105468517734815,-0.028947794570499865,True,True,False,0.011105468517734815,1.672721347323204,22.593554989228757,11.096215541324254,-5.88214501828002,11.497339447904503,39.500920751660885,1,2,-1,5,1,3271.0,0.40804597701148687,MGC_v2
single,MGC,2025-05-02 19:22:00+02:00,2025-05-02 20:39:00+02:00,Long,US,19,4,Canal Exit,-92.23999999999909,1.0,11,3242.4,3233.3,3229.4,13.0,0.4009375771033802,-0.699999999999993,5.099999999999909,10.900000000000091,0.3923076923076853,0.8384615384615455,0.726928994942682,0.022419473073731867,-0.061997776764070436,True,True,False,0.022419473073731867,1.0957581126244804,29.401892762971652,23.183801844884286,-7.672702854444046,6.218090918087366,-12.763211520099599,0,1,-1,5,-1,3236.8,-0.4307692307692238,MGC_v2
single,MGC,2025-05-05 00:14:00+02:00,2025-05-05 01:24:00+02:00,Short,Asia,0,0,Canal Exit,-161.19999999999544,5.0,10,3247.2000000000003,3250.3,3251.4,4.199999999999818,0.1293422025129286,-0.7380952380952484,2.300000000000182,4.099999999999909,0.5476190476191146,0.9761904761904968,2.5658638454833635,0.07901773360074413,0.026476976661425535,True,False,True,0.07901773360074413,-0.05886350155515174,-10.699378215465524,-9.472839035465025,4.856122046744151,-1.2265391800004988,23.08044546245005,0,1,1,3,-1,3256.7,-2.2619047619047516,MGC_v2
single,MGC,2025-05-05 01:31:00+02:00,2025-05-05 03:58:00+02:00,Long,Asia,1,0,Canal Exit,439.51999999999816,2.0,21,3254.6000000000004,3276.7000000000003,3245.4,9.200000000000273,0.28267682664537186,2.4021739130433972,25.299999999999727,6.500000000000455,2.749999999999889,0.7065217391304632,1.339824888484145,0.041167113884475665,0.0014206504259271285,False,True,True,-0.041167113884475665,1.2715974984803324,33.68185197771801,28.38114872008407,14.038871408637439,5.300703257633941,6.6718521860223445,1,2,-1,1,-1,3271.2,1.8043478260868437,MGC_v2
single,MGC,2025-05-05 17:37:00+02:00,2025-05-05 18:05:00+02:00,Long,US,17,0,Stop Loss,-234.71999999999454,3.0,4,3325.0,3317.3000000000006,3317.3,7.699999999999818,0.23157894736841556,-0.9999999999999409,2.0,11.099999999999909,0.2597402597402659,1.441558441558464,3.138693359325771,0.09439679276167733,-0.020925129212338293,False,True,True,-0.09439679276167733,0.6413148327364979,17.89653165155841,7.8169123093965975,8.036784922345278,10.079619342161811,-28.046517922503135,0,2,-1,2,1,3318.5,-0.8441558441558641,MGC_v2
single,MGC,2025-05-05 18:12:00+02:00,2025-05-05 20:18:00+02:00,Short,US,18,0,Stop Loss,-176.48000000000545,2.0,18,3318.4,3327.1000000000004,3327.1000000000004,8.700000000000273,0.26217454194793494,-1.0,2.800000000000182,9.199999999999818,0.32183908045978094,1.057471264367762,0.6542437450716534,0.019715638412236423,7.966755287938935e-05,False,True,True,-0.019715638412236423,-0.457740623571226,-32.26368087569826,-30.15509939910067,7.75775926625433,-2.1085814765975925,31.40152651176025,1,1,1,4,-1,3330.2,-1.356321839080386,MGC_v2
single,MGC,2025-05-06 00:42:00+02:00,2025-05-06 02:20:00+02:00,Long,Asia,0,1,Stop Loss,-223.43999999999454,6.0,14,3339.9,3336.3000000000006,3336.3,3.599999999999909,0.10778765831312043,-0.9999999999998737,4.099999999999909,7.700000000000273,1.1388888888888924,2.1388888888890185,5.825358047007285,0.17441713964511768,-0.005987670395618945,False,False,False,-0.17441713964511768,0.3073402961131251,4.3215712763211,-4.325306913045764,20.077812174676744,8.646878189366863,-39.55035242990947,0,3,-1,1,1,3335.8,-1.1388888888888924,MGC_v2
single,MGC,2025-05-06 04:47:00+02:00,2025-05-06 05:01:00+02:00,Short,Asia,4,1,Canal Exit,46.76000000000182,1.0,2,3371.6000000000004,3366.8,3395.0,23.399999999999636,0.6940325068216762,0.20512820512821608,11.000000000000455,3.0999999999994543,0.47008547008549684,0.13247863247861122,1.8129453446208572,0.05377106847256071,0.11055091317064893,True,False,True,0.05377106847256071,-0.9010356236613006,-33.07833995314589,-29.763065945543445,19.64923211566639,-3.315274007602447,-34.227561627901565,0,2,1,5,-1,3367.3,0.1837606837606944,MGC_v2
single,MGC,2025-05-06 11:54:00+02:00,2025-05-06 15:10:00+02:00,Long,UK,11,1,Canal Exit,303.5200000000036,2.0,28,3389.5,3404.8,3379.3,10.199999999999818,0.3009293406107042,1.5000000000000446,16.5,8.900000000000091,1.6176470588235583,0.8725490196078676,3.540656966226379,0.10445956531129603,-0.004408948918340269,False,True,True,-0.10445956531129603,1.0492294424793727,34.70429975551538,31.65856603560282,11.792355096135523,3.0457337199125583,29.757389511106453,1,2,-1,1,-1,3403.0,1.3235294117647294,MGC_v2
single,MGC,2025-05-07 00:14:00+02:00,2025-05-07 07:07:00+02:00,Short,Asia,0,2,Canal Exit,205.75999999999817,1.0,59,3413.5,3392.8,3448.1000000000004,34.600000000000364,1.0136223817196532,0.5982658959537457,46.30000000000018,10.599999999999909,1.3381502890173322,0.3063583815028843,2.441280486569667,0.07151839714573509,0.045762653171169475,False,False,False,-0.07151839714573509,-2.25612239467182,-27.28554226315414,-20.452291425469372,10.17986217843697,-6.833250837684769,-15.347640687948338,0,2,1,3,-1,3389.9,0.6820809248554816,MGC_v2
single,MGC,2025-05-07 12:15:00+02:00,2025-05-07 12:36:00+02:00,Long,UK,12,2,Canal Exit,0.7600000000027285,1.0,3,3398.0,3398.2000000000003,3376.8,21.199999999999818,0.6238964096527315,0.009433962264163894,3.099999999999909,6.599999999999909,0.1462264150943366,0.3113207547169795,1.6368984243608793,0.048172408015328995,-0.036421656450618525,False,True,True,-0.048172408015328995,1.4679687903544618,25.08114711352697,13.006385805498642,-4.476195055312719,12.074761308028329,37.59242995882679,0,3,-1,6,1,3394.2,-0.17924528301887804,MGC_v2
single,MGC,2025-05-07 16:13:00+02:00,2025-05-07 18:05:00+02:00,Short,US,16,2,Canal Exit,-52.23999999999909,1.0,16,3388.8,3393.9,3406.7000000000003,17.90000000000009,0.5282105760151112,-0.2849162011173119,5.300000000000182,9.199999999999818,0.296089385474869,0.5139664804469146,0.07679921398175793,0.002266265757252063,0.016535680882879017,True,True,False,0.002266265757252063,-0.4276990837042831,-31.00195583804768,-19.15956277636677,8.353219332484281,-11.842393061680912,-2.4341604888295034,0,2,1,1,-1,3388.5,0.016759776536322928,MGC_v2
single,MGC,2025-05-07 18:40:00+02:00,2025-05-07 20:04:00+02:00,Long,US,18,2,Canal Exit,201.51999999999637,2.0,12,3395.1000000000004,3405.3,3386.6000000000004,8.5,0.25036081411445904,1.1999999999999786,11.399999999999636,5.100000000000364,1.3411764705881926,0.6000000000000428,0.21826970364963927,0.006428962435558283,-0.009124427439255848,False,True,True,-0.006428962435558283,0.45673460075977346,20.4194426692522,8.446610806963635,-6.641533915460617,11.972831862288563,14.993214155138952,0,2,-1,2,-1,3397.1,0.23529411764700534,MGC_v2
single,MGC,2025-05-07 20:25:00+02:00,2025-05-07 21:07:00+02:00,Short,US,20,2,Canal Exit,61.75999999999727,1.0,6,3389.0,3382.7000000000003,3406.6000000000004,17.600000000000364,0.519327235172628,0.35795454545452254,8.5,10.0,0.4829545454545355,0.5681818181818065,4.409363921271506,0.13010811216498985,0.016800633002936483,True,False,True,0.13010811216498985,0.5190737464672566,-8.056726147285962,3.7410236539888944,-2.826112462496616,-11.797749801274858,-14.708284004205751,5,3,1,3,1,3379.2,0.5568181818181807,MGC_v2
single,MGC,2025-05-08 00:14:00+02:00,2025-05-08 07:49:00+02:00,Long,Asia,0,3,Stop Loss,-216.96000000000728,4.0,65,3376.3,3371.0,3371.0,5.300000000000182,0.15697657198709183,-1.0,45.69999999999982,11.900000000000091,8.622641509433633,2.2452830188678647,1.875429616981819,0.0555468891088416,-0.025218883597795956,True,False,True,0.0555468891088416,0.3797620808331885,6.896387268420225,3.2428161968343,-7.1191103740322985,3.6535710715859255,-25.085520300536935,2,1,-1,2,1,3364.0,-2.320754716981087,MGC_v2
single,MGC,2025-05-08 16:20:00+02:00,2025-05-08 21:56:00+02:00,Short,US,16,3,Auto-Close (profit),470.7599999999982,1.0,48,3358.5,3311.3,3375.8,17.300000000000182,0.5151109126098015,2.728323699421926,65.09999999999991,9.699999999999818,3.763005780346776,0.5606936416184807,3.643936716810458,0.10849893454847279,0.03130979229874475,False,True,True,-0.10849893454847279,-1.5983712261008804,-11.881135955537008,-10.268715710585878,3.312606428202386,-1.6124202449511298,41.101554775673506,1,2,1,1,-1,3312.4,2.6647398843930303,MGC_v2
single,MGC,2025-05-09 01:45:00+02:00,2025-05-09 06:53:00+02:00,Short,Asia,1,4,Stop Loss,-190.4800000000018,2.0,44,3319.7000000000003,3329.1000000000004,3329.1000000000004,9.400000000000091,0.2831581166972946,-1.0,40.600000000000364,13.599999999999909,4.31914893617021,1.4468085106382742,1.742631209666797,0.052493635258209985,0.021323321569298736,False,True,True,-0.052493635258209985,-1.1899896778772927,-17.69975423546105,-17.14805074930918,5.124427549946087,-0.5517034861518688,27.20763790897791,1,1,1,3,-1,3328.7,-0.9574468085105806,MGC_v2
single,MGC,2025-05-09 08:38:00+02:00,2025-05-09 13:46:00+02:00,Long,Asia,8,4,Canal Exit,161.51999999999637,2.0,44,3327.8,3336.0,3317.7000000000003,10.099999999999909,0.30350381633511353,0.8118811881188012,15.099999999999909,4.600000000000364,1.4950495049504995,0.45544554455449554,4.4988696607852035,0.1351905060636217,0.009712980107220834,False,True,True,-0.1351905060636217,0.3838899734660117,17.0972072040108,12.941808080890667,14.747292587469687,4.155399123120134,-3.109439193935027,0,5,-1,5,-1,3338.5,1.059405940594051,MGC_v2
single,MGC,2025-05-09 15:59:00+02:00,2025-05-09 16:27:00+02:00,Short,US,15,4,Stop Loss,-138.2399999999982,1.0,4,3331.6000000000004,3345.3,3345.3,13.699999999999818,0.4112138311922145,-1.0,7.000000000000455,15.299999999999727,0.5109489051095291,1.1167883211678782,0.8126891058791443,0.024393357722389968,0.018853763103480553,False,False,False,-0.024393357722389968,-0.6921670359565724,-27.23103410991679,-20.499117925461924,5.941625214822948,-6.731916184454867,22.88592950891965,0,2,1,2,-1,3340.3,-0.6350364963503601,MGC_v2
single,MGC,2025-05-09 16:34:00+02:00,2025-05-09 17:23:00+02:00,Long,US,16,4,Canal Exit,41.76000000000182,1.0,7,3339.9,3344.2000000000003,3324.5,15.400000000000091,0.46109164945058506,0.27922077922078936,8.699999999999818,1.7000000000002728,0.5649350649350497,0.11038961038962745,3.3088572609622133,0.09907054884763657,-0.017917212186838317,False,True,True,-0.09907054884763657,0.5844849881646041,31.00054438154101,26.943236945230357,0.496075698341059,4.057307436310655,23.493804956860657,0,1,-1,2,1,3348.8,0.5779220779220804,MGC_v2
single,MGC,2025-05-12 02:41:00+02:00,2025-05-12 07:07:00+02:00,Short,Asia,2,0,Canal Exit,-0.239999999996362,1.0,38,3280.6000000000004,3280.5,3295.9,15.299999999999727,0.46637810156677817,0.006535947712442195,18.300000000000182,8.299999999999727,1.1960784313725823,0.5424836601307108,16.786400211660293,0.5116868929970216,0.015435127762002948,True,False,True,0.5116868929970216,-0.1856371738863345,-26.960969100998334,-25.527010413733056,-9.24699813027649,-1.433958687265278,-3.250310185484769,0,1,1,3,1,3279.7,0.05882352941180142,MGC_v2
single,MGC,2025-05-12 16:34:00+02:00,2025-05-12 18:12:00+02:00,Long,US,16,0,Stop Loss,-139.24000000000183,1.0,14,3249.3,3235.5,3235.5,13.800000000000182,0.42470685993906937,-1.0,3.099999999999909,16.0,0.22463768115941074,1.1594202898550572,2.157425000459625,0.06639660851443772,0.02055014726355432,False,False,False,-0.06639660851443772,0.2839550943535869,13.24957876674114,7.653919023657704,3.8974764664528387,5.595659743083435,-39.71558984943172,0,1,-1,2,1,3231.3,-1.3043478260869392,MGC_v2
single,MGC,2025-05-13 01:17:00+02:00,2025-05-13 03:30:00+02:00,Long,Asia,1,1,Stop Loss,-189.71999999999454,3.0,19,3239.5,3233.3000000000006,3233.3,6.199999999999818,0.19138755980860683,-0.9999999999999266,8.300000000000182,15.400000000000091,1.3387096774194234,2.483870967742023,3.5932460588692265,0.11091977338691857,-0.009330390757012695,False,False,False,-0.11091977338691857,0.14540524209678551,25.636867135105774,22.483008190575685,6.611455405077739,3.1538589445300893,-40.55845554486177,0,4,-1,2,1,3231.1,-1.3548387096774737,MGC_v2
single,MGC,2025-05-13 13:53:00+02:00,2025-05-13 14:14:00+02:00,Short,UK,13,1,Canal Exit,187.52,2.0,3,3253.2000000000003,3243.7000000000003,3263.5,10.299999999999727,0.31661133653017726,0.9223300970874031,11.000000000000455,5.199999999999818,1.067961165048616,0.5048543689320345,1.6746717216237812,0.051477674954622556,0.014751849262523181,True,False,True,0.051477674954622556,-0.7703040673995929,-26.40632803830909,-14.686453738291094,0.08529630601885903,-11.719874300017997,-46.54290422483501,0,3,1,6,-1,3247.9,0.5145631067961478,MGC_v2
single,MGC,2025-05-13 19:08:00+02:00,2025-05-13 21:56:00+02:00,Short,US,19,1,Auto-Close (loss),-50.480000000001816,2.0,24,3251.7000000000003,3254.1000000000004,3262.3,10.599999999999909,0.3259833317956733,-0.22641509433963317,5.200000000000273,5.299999999999727,0.490566037735879,0.4999999999999786,3.97315277764028,0.12218694152720976,0.017964355027972518,False,True,True,-0.12218694152720976,-3.6201777484316153,-12.009079651717208,-10.52840946491022,3.0821807461153434,-1.4806701868069876,9.828626714288843,4,4,1,3,1,3255.6,-0.3679245283018556,MGC_v2
single,MGC,2025-05-14 00:28:00+02:00,2025-05-14 00:56:00+02:00,Short,Asia,0,2,Stop Loss,-216.96000000000728,4.0,4,3254.4,3259.7000000000003,3259.7000000000003,5.300000000000182,0.16285644051131334,-1.0,0.7000000000002728,5.900000000000091,0.13207547169816017,1.1132075471697902,0.9386273706359134,0.028841794820425065,0.002608613825558818,False,False,False,-0.028841794820425065,-0.704225730977214,-13.385956689025583,-11.672155372693322,5.793327849710804,-1.7138013163322618,40.48049824749394,2,1,1,2,-1,3258.0,-0.6792452830188275,MGC_v2
single,MGC,2025-05-14 08:52:00+02:00,2025-05-14 09:34:00+02:00,Short,Asia,8,2,Stop Loss,-237.7199999999918,3.0,6,3232.2000000000003,3240.0,3240.0,7.799999999999727,0.2413217003898189,-1.0,4.800000000000182,10.399999999999636,0.6153846153846603,1.3333333333333333,3.201420180216701,0.09904771301951305,0.01818019226513143,True,False,True,0.09904771301951305,-1.073520896444279,-17.957770963444716,-15.661521570228238,-9.024813668827742,-2.2962493932164776,30.639639658233563,1,3,1,2,-1,3240.6,-1.076923076923068,MGC_v2
single,MGC,2025-05-15 00:42:00+02:00,2025-05-15 01:10:00+02:00,Short,Asia,0,3,Stop Loss,-237.11999999997636,13.0,4,3185.3,3187.0,3187.0,1.699999999999818,0.05337016921482491,-1.0,2.600000000000364,3.199999999999818,1.52941176470626,1.882352941176565,1.0893423088527925,0.03419904903314577,0.012449367478568774,True,True,False,0.03419904903314577,-1.0151161526709984,-3.1043045464370236,1.9641513428267525,-10.365376083386503,-5.068455889263776,10.708826284047962,5,2,1,2,-1,3185.6,-0.1764705882351525,MGC_v2
single,MGC,2025-05-16 12:15:00+02:00,2025-05-16 12:57:00+02:00,Short,UK,12,4,Canal Exit,525.5200000000018,2.0,6,3205.8,3179.4,3216.1000000000004,10.300000000000182,0.32129265705908605,2.5631067961164686,34.100000000000364,4.699999999999818,3.310679611650462,0.45631067961162475,3.6870868214009533,0.11501300210246905,0.01476547560633631,True,False,True,0.11501300210246905,-0.8957770999822969,-31.608958439671696,-27.389723473268997,-9.152229101763877,-4.2192349664026985,-39.430351903746256,0,6,1,7,-1,3172.3,3.252427184465962,MGC_v2
single,MGC,2025-05-16 14:35:00+02:00,2025-05-16 21:56:00+02:00,Long,UK,14,4,Auto-Close (profit),159.75999999999908,1.0,63,3178.3,3194.4,3156.4,21.90000000000009,0.689047604065069,0.735159817351591,21.399999999999636,9.800000000000182,0.9771689497716688,0.4474885844748923,2.0818129779436276,0.06550083308509667,-0.08916376403650668,True,True,False,0.06550083308509667,0.969396406555461,33.69803572997232,32.280706087792005,-18.814838575121613,1.417329642180313,-6.023223698127635,0,2,-1,4,-1,3198.5,0.9223744292237321,MGC_v2
single,MGC,2025-05-19 16:34:00+02:00,2025-05-19 16:48:00+02:00,Long,US,16,0,Canal Exit,36.75999999999727,1.0,2,3234.1000000000004,3237.9,3218.9,15.200000000000273,0.4699916514640942,0.24999999999997757,4.999999999999545,3.200000000000273,0.3289473684210168,0.21052631578948786,1.497991110160001,0.046318639193593296,-0.04423245951791748,False,True,True,-0.046318639193593296,0.7493378306508021,34.273004594047606,29.947463045868627,-8.207755842311991,4.325541548178979,31.42586904498218,0,2,-1,2,1,3238.6,0.29605263157891215,MGC_v2
single,MGC,2025-05-20 04:05:00+02:00,2025-05-20 04:47:00+02:00,Short,Asia,4,1,Canal Exit,56.76000000000182,1.0,6,3218.7000000000003,3212.9,3235.8,17.09999999999991,0.5312703886662288,0.33918128654972,9.200000000000273,6.499999999999545,0.5380116959064516,0.38011695906430293,3.9926509588885892,0.124045451855985,0.0260342070810866,True,False,True,0.124045451855985,-0.872922319913414,-33.87359128434304,-27.317931234216815,4.1482773460732005,-6.555660050126228,-34.38776061176317,0,2,1,6,-1,3210.7,0.4678362573099706,MGC_v2
single,MGC,2025-05-20 12:22:00+02:00,2025-05-20 13:11:00+02:00,Short,UK,12,1,Stop Loss,-210.71999999998908,3.0,7,3235.6000000000004,3242.5,3242.5,6.899999999999636,0.21325256521200503,-1.0,1.7000000000002728,6.999999999999545,0.24637681159425542,1.014492753623176,2.7812896283394366,0.08595900693347251,0.02715452641475172,False,False,False,-0.08595900693347251,-0.344884519273819,-16.793440812940982,-15.55755833651508,14.185527893126357,-1.2358824764259033,27.127545070158185,0,1,1,2,-1,3239.5,-0.5652173913043249,MGC_v2
single,MGC,2025-05-20 15:38:00+02:00,2025-05-20 16:13:00+02:00,Long,US,15,1,Canal Exit,817.52,2.0,5,3244.2000000000003,3285.2000000000003,3235.1000000000004,9.099999999999909,0.28050058566056063,4.505494505494551,41.499999999999545,1.5000000000004547,4.560439560439556,0.16483516483521646,4.49998147817314,0.138708509899918,-0.01215223589166969,False,True,True,-0.138708509899918,0.2392514166140245,14.308544426572995,6.99181683617081,3.326694032158232,7.316727590402185,49.123615753957644,1,5,-1,8,1,3283.0,4.263736263736276,MGC_v2
single,MGC,2025-05-20 19:01:00+02:00,2025-05-20 21:56:00+02:00,Long,US,19,1,Auto-Close (profit),527.0400000000072,4.0,25,3283.4,3296.7000000000003,3278.0,5.400000000000091,0.16446366571237409,2.4629629629629552,14.599999999999909,2.200000000000273,2.703703703703641,0.40740740740745107,8.981505351985106,0.27354283218569486,-0.010252752367942783,False,True,True,-0.27354283218569486,2.9158865172639707,20.16850382106219,9.182611396483578,14.326600575624974,10.98589242457861,47.06436932567216,2,3,-1,1,-1,3297.7,2.648148148148053,MGC_v2
single,MGC,2025-05-21 00:07:00+02:00,2025-05-21 03:23:00+02:00,Long,Asia,0,2,Stop Loss,-137.2399999999991,1.0,28,3304.9,3291.3,3291.3,13.599999999999909,0.41151018185118793,-1.0,11.799999999999727,18.200000000000273,0.8676470588235151,1.338235294117676,3.142848036104624,0.09509661521088758,-0.01015840203811268,False,True,True,-0.09509661521088758,1.4655746358716897,21.276916794660536,10.411140863561991,15.932564887953538,10.865775931098545,-41.120286714951284,0,2,-1,2,1,3296.7,-0.6029411764706123,MGC_v2
single,MGC,2025-05-21 18:26:00+02:00,2025-05-21 18:47:00+02:00,Short,US,18,2,Canal Exit,59.27999999999727,3.0,3,3310.0,3307.9,3317.2000000000003,7.200000000000273,0.21752265861028014,0.291666666666643,3.800000000000182,3.5,0.527777777777783,0.4861111111110927,1.033852904163723,0.031234226711894953,0.026870262516023403,True,False,True,0.031234226711894953,-1.2431884883831117,-15.394414106251933,-5.091445721043876,-4.6106391853130155,-10.302968385208057,-30.596460899063167,1,3,1,6,-1,3314.5,-0.6249999999999764,MGC_v2
single,MGC,2025-05-22 00:21:00+02:00,2025-05-22 01:59:00+02:00,Long,Asia,0,3,Canal Exit,175.04,4.0,14,3320.7000000000003,3325.2000000000003,3315.5,5.200000000000273,0.1565934893245482,0.86538461538457,5.099999999999909,3.700000000000273,0.9807692307691618,0.7115384615384767,2.8475576943737906,0.08575172988748729,-0.013428663695794495,False,True,True,-0.08575172988748729,0.3288161342834428,27.470254861956498,21.9939983069261,8.51129236281225,5.4762565550304,2.386602292879489,0,1,-1,3,-1,3322.5,0.34615384615377554,MGC_v2
single,MGC,2025-05-22 02:48:00+02:00,2025-05-22 03:30:00+02:00,Long,Asia,2,3,Canal Exit,267.52,2.0,6,3326.4,3339.9,3318.4,8.0,0.24050024050024052,1.6875,15.0,5.099999999999909,1.875,0.6374999999999886,0.41353305314623867,0.012431849842058643,0.009385771865987224,False,True,True,-0.012431849842058643,0.054740464654059906,9.696532277556695,-0.02414999610584534,-4.604673296152291,9.72068227366254,44.63144108535079,0,1,-1,6,1,3340.7,1.787499999999966,MGC_v2
single,MGC,2025-05-22 15:38:00+02:00,2025-05-22 16:06:00+02:00,Short,US,15,3,Canal Exit,827.0400000000072,4.0,4,3310.6000000000004,3289.8,3316.1000000000004,5.5,0.16613302724581644,3.781818181818215,32.80000000000018,0.0999999999994543,5.963636363636397,0.018181818181718965,3.0116060272048344,0.09096858657659741,0.03578760320525918,True,False,True,0.09096858657659741,-2.8328190623337832,-6.435622411374364,-1.030180077385646,-2.5020345186880277,-5.405442333988718,-33.53317445062193,5,4,1,6,-1,3300.0,1.9272727272727934,MGC_v2
single,MGC,2025-05-22 17:37:00+02:00,2025-05-22 18:19:00+02:00,Long,US,17,3,Canal Exit,49.75999999999909,1.0,6,3292.4,3297.5,3280.5,11.900000000000091,0.361438464342124,0.42857142857141767,6.400000000000091,4.5,0.5378151260504237,0.3781512605041988,2.4160275183066915,0.07338195596849385,-0.043222946085731746,False,True,True,-0.07338195596849385,0.22418409329475253,15.21459270421819,11.411662080281555,-5.861899515087561,3.802930623936634,18.84359989474325,0,2,-1,4,-1,3301.2,0.7394957983192991,MGC_v2
single,MGC,2025-05-22 22:59:00+02:00,2025-05-23 02:48:00+02:00,Long,Asia,22,3,Stop Loss,-228.95999999999637,4.0,25,3294.9,3289.3,3289.3,5.599999999999909,0.16995963458678287,-1.0,14.099999999999909,9.300000000000182,2.5178571428571677,1.660714285714345,2.0776393680989713,0.06305621925093238,-0.0014679616231236437,True,True,False,0.06305621925093238,1.0542814681912205,19.85442411890353,19.505953598682446,-8.652798159520247,0.3484705202210847,-10.3512097120852,3,3,-1,1,1,3304.2,1.660714285714264,MGC_v2
single,MGC,2025-05-23 10:51:00+02:00,2025-05-23 13:32:00+02:00,Long,UK,10,4,Canal Exit,-31.2,5.0,23,3326.5,3326.0,3322.0,4.5,0.135277318502931,-0.1111111111111111,7.800000000000182,3.699999999999818,1.7333333333333738,0.8222222222221818,7.4488726470808615,0.22392522612598412,-0.012572251289072755,False,True,True,-0.22392522612598412,0.3667268463914297,6.267809920703673,-1.404924975214401,9.568582140804276,7.672734895918074,-8.418845109587943,0,4,-1,1,1,3335.5,2.0,MGC_v2
single,MGC,2025-05-23 15:31:00+02:00,2025-05-23 15:52:00+02:00,Short,US,15,4,Canal Exit,29.759999999999092,1.0,3,3342.9,3339.8,3365.6000000000004,22.700000000000273,0.6790511232762054,0.13656387665197672,5.800000000000182,10.099999999999909,0.25550660792952035,0.44493392070483645,0.4730948661226648,0.014152229086202542,0.06724963993304911,True,False,True,0.014152229086202542,-1.063102305333814,-22.10330648419484,-19.20719506333276,17.223862766606135,-2.896111420862077,-21.39929014072439,0,2,1,1,1,3344.0,-0.04845814977973109,MGC_v2
single,MGC,2025-05-26 05:08:00+02:00,2025-05-26 06:53:00+02:00,Short,Asia,5,0,Canal Exit,-44.47999999999818,2.0,15,3346.4,3348.5,3355.5,9.099999999999909,0.2719340186469014,-0.2307692307692231,3.700000000000273,3.099999999999909,0.4065934065934406,0.34065934065933406,5.112815262244112,0.15278553855618313,0.03618255739871833,True,False,True,0.15278553855618313,-0.5282935404147793,-33.206974272517,-25.202651591400787,4.906602861808697,-8.004322681116214,14.035937638252506,0,2,1,2,-1,3348.1,-0.1868131868131687,MGC_v2
single,MGC,2025-05-26 13:25:00+02:00,2025-05-26 13:46:00+02:00,Short,UK,13,0,Stop Loss,-211.44000000000545,6.0,3,3329.8,3333.2000000000003,3333.2000000000003,3.400000000000091,0.10210823472881526,-1.0,0.8000000000001819,4.699999999999818,0.23529411764710603,1.3823529411763802,2.732004052197226,0.08204709148288863,0.0014819834023155618,True,True,False,0.08204709148288863,-0.23841584226875057,-1.4328571944390234,9.544628710746043,-4.697537592925861,-10.977485905185066,0.06849645383339897,0,3,1,4,-1,3333.2,-0.9999999999998662,MGC_v2
single,MGC,2025-05-26 14:28:00+02:00,2025-05-26 14:56:00+02:00,Short,UK,14,0,Stop Loss,-180.72000000000273,3.0,4,3329.2000000000003,3335.1000000000004,3335.1000000000004,5.900000000000091,0.17721975249309416,-1.0,3.100000000000364,7.099999999999909,0.5254237288136129,1.2033898305084405,1.565600263322267,0.04702632053713405,0.012008145130545772,True,True,False,0.04702632053713405,-1.0840069624232456,-13.541399583223777,-5.8820239183844825,-6.286979047488839,-7.6593756648392946,34.589947168796265,1,1,1,1,-1,3333.4,-0.7118644067796193,MGC_v2
single,MGC,2025-05-26 18:12:00+02:00,2025-05-26 20:25:00+02:00,Long,US,18,0,Auto-Close (profit),310.08,8.0,19,3338.4,3342.4,3335.6000000000004,2.799999999999727,0.08387251377904767,1.4285714285715678,5.299999999999727,0.7000000000002728,1.8928571428572298,0.2500000000001218,1.4027968492819127,0.04202003502521905,-0.0009887943694628213,False,False,False,-0.04202003502521905,0.5128240512267439,2.1357740499705593,0.8639544853149956,5.470209776918732,1.2718195646555637,8.461783633770102,2,5,-1,2,-1,3343.5,1.8214285714287164,MGC_v2
single,MGC,2025-05-27 00:21:00+02:00,2025-05-27 00:42:00+02:00,Long,Asia,0,1,Canal Exit,8.28000000000273,3.0,3,3346.8,3347.2000000000003,3340.9,5.900000000000091,0.1762877972989151,0.06779661016950589,2.099999999999909,2.600000000000364,0.35593220338980963,0.4406779661017498,1.1833737342176391,0.035358364235019694,0.0021750161908499098,True,True,False,0.035358364235019694,1.7181306240131562,16.394057555366963,16.12673695698149,8.002654100564193,0.2673205983854743,30.12104876370436,4,3,-1,6,1,3347.6,0.13559322033893473,MGC_v2
single,MGC,2025-05-27 15:59:00+02:00,2025-05-27 18:26:00+02:00,Short,US,15,1,Canal Exit,-63.24000000000273,1.0,21,3289.9,3296.1000000000004,3303.8,13.900000000000091,0.4225052433204684,-0.4460431654676426,6.5,12.5,0.46762589928057247,0.8992805755395624,3.6623427393933525,0.11132079210290138,0.02256269217323938,True,False,True,0.11132079210290138,-0.8396160181805499,-19.667335997844727,-12.21548327027364,-4.4680717638536604,-7.451852727571087,36.6343140253854,0,1,1,1,-1,3295.7,-0.41726618705033736,MGC_v2
single,MGC,2025-05-27 21:00:00+02:00,2025-05-27 21:56:00+02:00,Long,US,21,1,Auto-Close (loss),-12.960000000010915,4.0,8,3303.2000000000003,3303.0,3298.1000000000004,5.099999999999909,0.1543957374666962,-0.039215686274564,3.699999999999818,1.400000000000091,0.7254901960784086,0.27450980392159136,0.2073527357133571,0.006277329126706136,0.009422052316606632,False,True,True,-0.006277329126706136,0.03340940463976949,25.05857233387627,24.03859167284999,0.2742653003616707,1.0199806610262812,-5.486171725911525,0,2,-1,3,1,3303.9,0.1372549019607511,MGC_v2
single,MGC,2025-05-28 00:56:00+02:00,2025-05-28 01:03:00+02:00,Long,Asia,0,2,Stop Loss,-180.72000000000273,3.0,1,3303.3,3297.4,3297.4,5.900000000000091,0.17860926951836317,-1.0,0.8999999999996362,8.300000000000182,0.1525423728812919,1.4067796610169583,0.602540633366516,0.018240566505207396,-5.49866240452634e-05,True,True,False,0.018240566505207396,1.561777450858699,12.490977787372117,12.362535225959448,0.991352267144285,0.12844256141266897,16.095445013390332,5,6,-1,5,-1,3308.9,0.9491525423728513,MGC_v2
single,MGC,2025-05-28 14:28:00+02:00,2025-05-28 15:10:00+02:00,Long,UK,14,2,Stop Loss,-172.48,2.0,6,3339.5,3331.0,3331.0,8.5,0.2545291211259171,-1.0,3.300000000000182,9.199999999999818,0.38823529411766844,1.0823529411764492,0.8054718467792554,0.024119534264987436,-0.026188658953033853,False,True,True,-0.024119534264987436,1.5202829158447457,13.279157529535585,6.3454193781379695,-7.109243779628766,6.933738151397615,-17.49403039763838,2,3,-1,3,1,3333.4,-0.7176470588235188,MGC_v2
single,MGC,2025-05-28 15:24:00+02:00,2025-05-28 21:56:00+02:00,Short,US,15,2,Auto-Close (profit),217.52,2.0,56,3333.3,3322.3,3342.9,9.599999999999909,0.28800288002879754,1.1458333333333441,19.300000000000182,2.5,2.0104166666667047,0.2604166666666691,1.606953850942773,0.04820909761925938,-0.0004761780982849446,True,False,True,0.04820909761925938,-0.44729292153988354,-26.302785335668176,-24.94072496990279,-7.792965738938267,-1.3620603657653874,15.4590385445002,0,1,1,1,-1,3321.5,1.2291666666666972,MGC_v2
single,MGC,2025-05-29 02:48:00+02:00,2025-05-29 03:02:00+02:00,Long,Asia,2,3,Stop Loss,-153.24000000000274,1.0,2,3292.1000000000004,3276.9,3276.9,15.200000000000273,0.4617113696424857,-1.0,0.9999999999995453,19.400000000000546,0.06578947368417942,1.2763157894736972,5.084422570984316,0.15444313875594046,-0.05648365118941548,True,True,False,0.15444313875594046,1.2560931273928873,32.82020575891604,28.893751817341762,-18.619500717524357,3.9264539415742767,-6.134501645500135,0,1,-1,3,1,3279.6,-0.8223684210526467,MGC_v2
single,MGC,2025-05-29 08:03:00+02:00,2025-05-29 09:27:00+02:00,Long,Asia,8,3,Canal Exit,343.03999999999274,4.0,12,3294.2000000000003,3302.9,3289.5,4.700000000000273,0.14267500455346585,1.8510638297870878,13.499999999999545,2.300000000000182,2.8723404255316516,0.4893617021276699,3.9305700582099234,0.11931789381974145,-0.01615846110576526,False,True,True,-0.11931789381974145,1.099130097496527,8.584947758845464,3.3568861266794086,10.401716223780358,5.228061632166056,31.11964728665648,1,2,-1,3,1,3308.8,3.1063829787232047,MGC_v2
single,MGC,2025-05-29 12:01:00+02:00,2025-05-29 13:25:00+02:00,Long,UK,12,3,Canal Exit,327.52,2.0,12,3310.8,3327.3,3300.2000000000003,10.599999999999909,0.32016431074060375,1.556603773584919,16.899999999999636,3.800000000000182,1.5943396226414888,0.3584905660377561,2.319247807933607,0.07005097885506847,-0.007682075259817493,False,True,True,-0.07005097885506847,1.0783114555342763,32.57193048736508,29.36627220094648,10.378280558474591,3.2056582864186005,8.067618981142903,0,4,-1,3,-1,3328.1,1.6320754716981014,MGC_v2
single,MGC,2025-05-29 17:02:00+02:00,2025-05-29 19:01:00+02:00,Long,US,17,3,Canal Exit,60.75999999999818,1.0,17,3340.6000000000004,3346.8,3328.6000000000004,12.0,0.35921690714242943,0.5166666666666515,15.499999999999545,3.800000000000182,1.2916666666666288,0.3166666666666818,8.01471193303405,0.23991833601850115,-0.012617966625892723,False,True,True,-0.23991833601850115,0.37066044837774825,24.640243800615778,14.11805226457279,6.270867274769668,10.522191536042987,-31.358107175348586,0,2,-1,3,-1,3344.5,0.3249999999999697,MGC_v2
single,MGC,2025-05-29 20:53:00+02:00,2025-05-29 21:14:00+02:00,Long,US,20,3,Stop Loss,-232.6800000000191,7.0,3,3345.1000000000004,3341.9,3341.9,3.200000000000273,0.09566231203851223,-1.0,0.6999999999998181,4.200000000000273,0.2187499999999245,1.3124999999999734,3.5653219481373526,0.10658341897513833,-0.0156427835949819,False,False,False,-0.10658341897513833,0.286800873685479,18.08363195268213,11.337008386939731,7.012692978658961,6.746623565742398,-11.149749452669315,0,1,-1,5,1,3340.7,-1.3750000000000533,MGC_v2
single,MGC,2025-05-30 00:49:00+02:00,2025-05-30 03:16:00+02:00,Short,Asia,0,4,Stop Loss,-228.72,3.0,21,3338.4,3345.9,3345.9,7.5,0.2246585190510424,-1.0,5.400000000000091,8.599999999999909,0.7200000000000121,1.1466666666666545,0.46645169414478005,0.013972312908722143,0.00021557033919751307,True,True,False,0.013972312908722143,-0.9536170774513266,-16.330838622377684,-13.502789588645449,-1.9644469427350029,-2.828049033732235,36.121508617441044,2,1,1,1,-1,3340.6,-0.2933333333333091,MGC_v2
single,MGC,2025-05-30 08:17:00+02:00,2025-05-30 10:16:00+02:00,Short,Asia,8,4,Canal Exit,-66.48000000000546,2.0,17,3318.0,3321.2000000000003,3328.8,10.800000000000182,0.3254972875226095,-0.2962962962963166,6.5,8.0,0.6018518518518418,0.7407407407407283,5.999375165501988,0.18081299474086762,0.02369596344876303,True,False,True,0.18081299474086762,-0.7472855588343918,-29.275583631640593,-21.358493292764116,-10.153573228331979,-7.917090338876477,-3.2648863234433163,0,2,1,4,-1,3320.7,-0.24999999999997893,MGC_v2
single,MGC,2025-05-30 14:07:00+02:00,2025-05-30 14:56:00+02:00,Long,UK,14,4,Canal Exit,19.759999999999092,1.0,7,3327.1000000000004,3329.2000000000003,3306.6000000000004,20.5,0.6161522046226443,0.10243902439023947,3.9999999999995453,20.400000000000546,0.19512195121949003,0.9951219512195388,2.192218827979559,0.06588977872560364,-0.019073946387798604,False,True,True,-0.06588977872560364,0.11869831337435244,17.081517199293664,8.72796317596235,-3.3928202222975528,8.353554023331315,22.39187798691668,0,3,-1,2,-1,3319.1,-0.39024390243904655,MGC_v2
single,MGC,2025-05-30 15:31:00+02:00,2025-05-30 15:45:00+02:00,Short,US,15,4,Canal Exit,259.51999999999816,2.0,2,3322.0,3308.9,3333.1000000000004,11.100000000000364,0.33413606261289475,1.1801801801801333,13.699999999999818,2.300000000000182,1.2342342342341774,0.2072072072072168,0.17991578684905107,0.005415887623391061,0.0230420717686357,True,False,True,0.005415887623391061,-0.7499633066722708,-30.73636258342645,-29.64981309753894,9.884635398069216,-1.0865494858875095,-34.57054336715778,0,1,1,2,1,3303.5,1.6666666666666121,MGC_v2
single,MGC,2025-05-30 17:16:00+02:00,2025-05-30 17:44:00+02:00,Long,US,17,4,Canal Exit,37.76000000000091,1.0,4,3311.4,3315.3,3296.8,14.599999999999909,0.44090112943165755,0.26712328767124077,5.699999999999818,3.5,0.39041095890409955,0.23972602739726176,1.9777983860458335,0.05972695494491253,-0.0556921191536721,False,True,True,-0.05972695494491253,0.9268365396333138,31.38206422686262,26.417453065667843,-6.037816121868147,4.964611161194778,34.69002580575913,0,4,-1,6,1,3313.9,0.17123287671232984,MGC_v2
single,MGC,2025-05-30 18:40:00+02:00,2025-05-30 18:54:00+02:00,Short,US,18,4,Stop Loss,-210.72000000000273,3.0,2,3310.3,3317.2000000000003,3317.2000000000003,6.900000000000091,0.20844032262937168,-1.0,1.7000000000002728,9.899999999999636,0.2463768115942392,1.4347826086955806,5.402185644828023,0.16319323459589835,0.020370274317714206,True,True,False,0.16319323459589835,-0.18038133052596095,-20.33697218363386,-19.613960219106463,-8.146729764437781,-0.723011964527398,14.025194546156024,0,1,1,3,-1,3316.4,-0.8840579710144679,MGC_v2
single,MGC,2025-06-02 00:07:00+02:00,2025-06-02 01:10:00+02:00,Long,Asia,0,0,Canal Exit,36.76000000000182,1.0,9,3332.0,3335.8,3312.6000000000004,19.399999999999636,0.5822328931572519,0.19587628865980686,7.800000000000182,8.400000000000091,0.40206185567012,0.43298969072166227,0.9200138644173421,0.027611460516726954,-0.017387027318020453,True,True,False,0.027611460516726954,3.9339317900717106,11.30025891798311,1.4746837520083416,4.651744432581563,9.825575165974769,34.46438258970111,1,3,-1,6,1,3333.6,0.08247422680412057,MGC_v2
single,MGC,2025-06-02 04:05:00+02:00,2025-06-02 06:11:00+02:00,Long,Asia,4,0,Canal Exit,110.28000000000546,3.0,18,3331.5,3335.3000000000006,3324.4,7.099999999999909,0.21311721446795462,0.5352112676057303,5.199999999999818,4.900000000000091,0.7323943661971669,0.6901408450704442,6.411128162805653,0.19243968671186112,-0.022035693927677836,False,True,True,-0.19243968671186112,0.09834626313204353,1.9688251667758045,-9.185875556820703,-0.4636740165431898,11.154700723596507,41.742642980460545,0,3,-1,5,1,3339.2,1.0845070422535095,MGC_v2
single,MGC,2025-06-02 12:01:00+02:00,2025-06-02 13:39:00+02:00,Long,UK,12,0,Canal Exit,766.0799999999855,8.0,14,3371.6000000000004,3381.3,3368.7000000000003,2.900000000000091,0.08601257563175022,3.344827586206729,13.799999999999727,2.800000000000182,4.758620689654929,0.9655172413793428,10.014881559307469,0.29703646812514733,-0.026628529154874396,False,True,True,-0.29703646812514733,1.7467907030018068,4.281003221359811,-1.296569222229511,13.459425233951771,5.577572443589322,38.56672350582298,2,1,-1,4,1,3384.1,4.310344827585915,MGC_v2
single,MGC,2025-06-02 14:56:00+02:00,2025-06-02 15:24:00+02:00,Short,UK,14,0,Canal Exit,61.519999999996365,2.0,4,3380.0,3376.8,3389.1000000000004,9.100000000000364,0.26923076923078,0.3516483516483176,3.800000000000182,2.400000000000091,0.4175824175824209,0.2637362637362632,2.4303765621698403,0.07190463201685918,0.033977260104529165,True,False,True,0.07190463201685918,-0.009715622328712925,-29.176178362956772,-20.879527152779115,11.134714250584656,-8.296651210177657,-20.589532661636675,0,2,1,1,1,3384.0,-0.439560439560422,MGC_v2
single,MGC,2025-06-02 19:08:00+02:00,2025-06-02 21:35:00+02:00,Long,US,19,0,Canal Exit,219.04000000001454,4.0,21,3400.0,3405.6000000000004,3394.2000000000003,5.799999999999727,0.17058823529410963,0.9655172413794185,5.800000000000182,4.300000000000182,1.0000000000000784,0.7413793103448938,4.524941628234046,0.13308651847747194,-0.011290275206203446,False,True,True,-0.13308651847747194,1.763842984519215,18.225936354246937,8.573974837702124,15.762907542342177,9.651961516544812,18.76994733287139,5,2,-1,3,-1,3406.1,1.0517241379310682,MGC_v2
single,MGC,2025-06-03 00:07:00+02:00,2025-06-03 01:17:00+02:00,Long,Asia,0,1,Canal Exit,125.27999999999182,3.0,10,3410.6000000000004,3414.9,3404.1000000000004,6.5,0.19058230223421097,0.6615384615384196,5.899999999999636,2.0000000000004547,0.9076923076922517,0.30769230769237765,0.4733517242148082,0.013878840210367917,0.0043929589306969845,False,True,True,-0.013878840210367917,0.7415370003254793,15.78338845879576,14.070086606457522,3.0708724505862564,1.7133018523382368,-7.288898405230009,1,3,-1,2,-1,3410.5,-0.015384615384671353,MGC_v2
single,MGC,2025-06-03 03:58:00+02:00,2025-06-03 04:12:00+02:00,Long,Asia,3,1,Canal Exit,73.52000000000363,2.0,2,3398.4,3402.2000000000003,3387.6000000000004,10.799999999999727,0.31779661016948346,0.35185185185187756,5.099999999999909,2.400000000000091,0.4722222222222257,0.22222222222223625,1.7311071883777913,0.05093888854689828,-0.04280305272517715,False,True,True,-0.05093888854689828,0.5399657348825713,32.787982321942536,32.281552702339916,-10.079085219555292,0.5064296196026206,28.145563572487944,0,1,-1,1,-1,3398.1,-0.02777777777779532,MGC_v2
single,MGC,2025-06-03 05:29:00+02:00,2025-06-03 10:09:00+02:00,Short,Asia,5,1,Canal Exit,43.52000000000364,2.0,40,3390.1000000000004,3387.8,3398.7000000000003,8.599999999999909,0.2536798324533172,0.26744186046514024,14.400000000000546,2.5999999999994543,1.674418604651244,0.3023255813952886,0.23844406871376123,0.0070335408605575415,-0.004700489249490201,False,True,True,-0.0070335408605575415,-3.1460000164747726,-17.051649140836425,-15.401815816676553,-17.928914224262144,-1.6498333241598715,32.9564591652929,4,3,1,10,1,3384.4,0.6627906976744573,MGC_v2
single,MGC,2025-06-03 14:07:00+02:00,2025-06-03 14:35:00+02:00,Short,UK,14,1,Stop Loss,-204.71999999999454,3.0,4,3378.3,3385.0,3385.0,6.699999999999818,0.19832460113074082,-1.0,6.400000000000091,7.199999999999818,0.9552238805970544,1.0746268656716438,1.5253262758369601,0.04515070526113608,0.0062077047060436425,True,False,True,0.04515070526113608,-0.3468807073854805,-13.82760727276677,-4.680511020152284,3.6191774170151305,-9.147096252614485,9.447052161874238,0,2,1,3,-1,3384.4,-0.910447761194041,MGC_v2
single,MGC,2025-06-03 14:49:00+02:00,2025-06-03 15:45:00+02:00,Long,UK,14,1,Stop Loss,-214.47999999999817,2.0,8,3382.4,3371.8,3371.8,10.599999999999909,0.3133869441816435,-1.0,4.599999999999909,17.09999999999991,0.4339622641509385,1.6132075471698166,0.12900908803203492,0.0038141286669830573,-0.014323119474789613,True,False,True,0.0038141286669830573,0.06836848263264983,26.384635044219742,26.235578751313838,-7.631444700845601,0.14905629290590383,-33.72948823285233,0,1,-1,1,1,3369.2,-1.245283018867961,MGC_v2
single,MGC,2025-06-03 21:07:00+02:00,2025-06-03 21:56:00+02:00,Long,US,21,1,Auto-Close (loss),-126.20000000000455,5.0,7,3378.8,3376.4,3374.5,4.300000000000182,0.12726411743814908,-0.5581395348837185,0.8999999999996362,3.700000000000273,0.20930232558130188,0.8604651162790968,0.38423799026077177,0.01137202528296353,0.004523529355640189,False,False,False,-0.01137202528296353,0.02930574984611667,34.46920999463196,33.266299544267625,5.391602012795854,1.2029104503643353,-22.541034127980446,0,1,-1,1,1,3377.0,-0.4186046511628153,MGC_v2
single,MGC,2025-06-04 02:06:00+02:00,2025-06-04 03:16:00+02:00,Short,Asia,2,2,Stop Loss,-188.48000000000363,2.0,10,3376.8,3386.1000000000004,3386.1000000000004,9.300000000000182,0.27540867093106436,-1.0,7.100000000000364,10.5,0.763440860215078,1.129032258064494,0.9453699777768634,0.02799603108791943,0.013750843930417717,False,False,False,-0.02799603108791943,-1.0534255947927704,-12.819499018980522,-2.1624049493072057,3.1365227206495923,-10.657094069673317,33.58243949006827,0,2,1,3,-1,3393.1,-1.752688172042947,MGC_v2
single,MGC,2025-06-04 09:55:00+02:00,2025-06-04 10:58:00+02:00,Short,UK,9,2,Canal Exit,-156.48000000000545,2.0,9,3378.4,3386.1000000000004,3389.2000000000003,10.800000000000182,0.3196779540610994,-0.7129629629629762,3.400000000000091,9.400000000000091,0.31481481481481793,0.8703703703703641,4.638074549041448,0.13728612802040754,0.02668128283008742,True,False,True,0.13728612802040754,-0.6773307352545999,-32.27159805712236,-24.624139655719432,1.892232542415016,-7.647458401402929,40.10778999306088,0,2,1,8,1,3386.6,-0.7592592592592297,MGC_v2
single,MGC,2025-06-05 02:41:00+02:00,2025-06-05 03:02:00+02:00,Short,Asia,2,3,Stop Loss,-210.72000000000273,3.0,3,3398.4,3405.3000000000006,3405.3,6.900000000000091,0.2030367231638445,-1.000000000000066,3.400000000000091,9.299999999999727,0.4927536231884125,1.3478260869564644,1.9044572245320524,0.05603981946010041,0.012963366823980362,True,True,False,0.05603981946010041,-0.13450383487133877,-13.58428325621146,-2.647806603997264,8.627820420849675,-10.936476652214196,26.732476057989278,0,2,1,2,-1,3398.8,-0.05797101449276604,MGC_v2
single,MGC,2025-06-05 05:15:00+02:00,2025-06-05 05:36:00+02:00,Long,Asia,5,3,Canal Exit,87.03999999998909,4.0,3,3395.7000000000003,3398.0,3391.0,4.700000000000273,0.13841034249198317,0.48936170212757313,4.799999999999727,1.7000000000002728,1.0212765957445635,0.3617021276596115,1.4339085942647216,0.042227187156248236,-0.01930567211838871,False,True,True,-0.042227187156248236,0.1989848403495671,20.24218327657675,12.447969509219462,-8.327604306300035,7.794213767357288,37.4453303198195,0,3,-1,6,1,3390.5,-1.106382978723398,MGC_v2
single,MGC,2025-06-05 13:46:00+02:00,2025-06-05 17:23:00+02:00,Short,UK,13,3,Canal Exit,635.5200000000018,2.0,31,3417.4,3385.5,3427.8,10.400000000000091,0.3043249253818719,3.0673076923076743,34.0,7.400000000000091,3.2692307692307407,0.711538461538464,4.047774375248082,0.11844602256827066,0.036771360123264346,False,False,False,-0.11844602256827066,-0.24470591370754846,-32.255011138424884,-31.615323293765947,23.260379599654446,-0.6396878446589369,-25.971611350075108,0,2,1,4,1,3366.1,4.932692307692282,MGC_v2
single,MGC,2025-06-06 05:08:00+02:00,2025-06-06 05:22:00+02:00,Short,Asia,5,4,Stop Loss,-236.96000000000728,4.0,2,3383.8,3389.6000000000004,3389.6000000000004,5.800000000000182,0.17140492936935345,-1.0,2.100000000000364,6.099999999999909,0.36206896551729273,1.0517241379309858,1.349332535695794,0.03987624965115532,0.0038619651764197007,False,False,False,-0.03987624965115532,-0.2840882674618115,-22.513012211855894,-21.993962437998533,9.501611532490488,-0.5190497738573612,11.027133130089695,0,1,1,4,-1,3393.8,-1.7241379310344287,MGC_v2
single,MGC,2025-06-06 05:29:00+02:00,2025-06-06 05:50:00+02:00,Long,Asia,5,4,Canal Exit,43.52000000000364,2.0,3,3391.5,3393.8,3381.6000000000004,9.899999999999636,0.2919062361786713,0.23232323232325924,2.400000000000091,2.300000000000182,0.24242424242426053,0.23232323232325924,0.717413353036136,0.02115327592617237,-0.0039741303267013615,False,True,True,-0.02115327592617237,1.1579390811275516,33.38736668090719,22.20724990549848,10.591892189025845,11.180116775408713,44.76431458786632,1,3,-1,6,1,3395.0,0.3535353535353665,MGC_v2
single,MGC,2025-06-06 10:02:00+02:00,2025-06-06 10:23:00+02:00,Long,UK,10,4,Canal Exit,35.52000000000182,2.0,3,3385.4,3387.3,3375.3,10.099999999999909,0.2983399302888849,0.1881188118811988,2.599999999999909,3.800000000000182,0.2574257425742507,0.3762376237623976,0.6274348731913051,0.01853355211175356,-0.021152343970793974,False,True,True,-0.01853355211175356,0.7455166182853645,15.541189846594593,1.750566580726324,-8.541573266887086,13.79062326586827,28.94893158412187,1,3,-1,2,1,3389.3,0.38613861386139864,MGC_v2
single,MGC,2025-06-09 00:14:00+02:00,2025-06-09 00:49:00+02:00,Long,Asia,0,0,Stop Loss,-170.4800000000018,2.0,5,3337.1000000000004,3328.7000000000003,3328.7000000000003,8.400000000000091,0.2517155614156031,-1.0,2.299999999999727,8.900000000000546,0.27380952380948836,1.059523809523863,3.67164512376894,0.11002502543432739,-0.012603156190801504,True,True,False,0.11002502543432739,0.621733719475742,15.860676612547206,8.71619110737615,-17.996521088509656,7.144485505171055,-24.980448134348876,0,2,-1,1,1,3337.0,-0.011904761904805085,MGC_v2
single,MGC,2025-06-09 04:40:00+02:00,2025-06-09 08:59:00+02:00,Long,Asia,4,0,Canal Exit,169.75999999999908,1.0,37,3325.7000000000003,3342.8,3313.0,12.700000000000273,0.38187449258803474,1.3464566929133497,20.299999999999727,3.600000000000364,1.5984251968503378,0.2834645669291564,0.905274395363449,0.02722056695924013,-0.027617296464274268,True,True,False,0.02722056695924013,0.34449998829541073,33.89435870040097,29.91863967547851,-12.401311319184929,3.975719024922462,37.69346637468675,0,4,-1,3,1,3348.5,1.795275590551121,MGC_v2
single,MGC,2025-06-09 14:56:00+02:00,2025-06-09 15:38:00+02:00,Short,UK,14,0,Canal Exit,107.04000000000728,4.0,6,3337.8,3335.0,3343.4,5.599999999999909,0.16777518125711272,0.5000000000000406,6.400000000000091,4.5,1.1428571428571777,0.8035714285714416,2.350277223495141,0.07041396199577987,0.005407289099570125,True,False,True,0.07041396199577987,-0.1781029806056722,-1.538981900533262,8.725819245846218,-4.952304243359303,-10.26480114637948,-25.140835446412098,0,4,1,5,-1,3344.3,-1.1607142857143045,MGC_v2
single,MGC,2025-06-10 19:01:00+02:00,2025-06-10 20:53:00+02:00,Long,US,19,1,Stop Loss,-204.96,4.0,16,3345.2000000000003,3340.2000000000003,3340.2000000000003,5.0,0.14946789429630514,-1.0,1.7999999999997272,5.300000000000182,0.3599999999999454,1.0600000000000365,0.8101719509750183,0.024218939106033066,-0.021600789379321694,True,True,False,0.024218939106033066,-0.11819682536633991,1.6472085364013562,-8.53266137360189,-10.2633334402493,10.179869910003246,-3.2868863906483887,5,2,-1,1,1,3344.4,-0.1600000000000364,MGC_v2
single,MGC,2025-06-11 13:32:00+02:00,2025-06-11 14:14:00+02:00,Long,UK,13,2,Canal Exit,119.51999999999818,2.0,6,3354.4,3360.5,3346.0,8.400000000000091,0.2504173622704534,0.7261904761904575,6.099999999999909,6.599999999999909,0.7261904761904575,0.7857142857142664,0.7331019985222156,0.021854936755372513,-0.029550712750164018,False,True,True,-0.021854936755372513,0.6361648667061672,27.421016075546074,21.004662721070694,-14.368091982832373,6.41635335447538,24.896468161433067,0,2,-1,3,-1,3377.7,2.773809523809461,MGC_v2
single,MGC,2025-06-11 18:19:00+02:00,2025-06-11 20:11:00+02:00,Short,US,18,2,Stop Loss,-127.23999999999909,1.0,16,3351.1000000000004,3363.7000000000003,3363.7000000000003,12.599999999999909,0.37599594163110345,-1.0,11.800000000000182,13.599999999999454,0.9365079365079577,1.0793650793650438,3.9150307559211797,0.1168282282212163,-0.007602121635680054,False,True,True,-0.1168282282212163,-2.4976669395077806,-21.203273224859785,-19.884688135006158,-4.0623828211616795,-1.3185850898536273,44.31541031959986,2,3,1,1,-1,3362.8,-0.9285714285714208,MGC_v2
single,MGC,2025-06-12 02:13:00+02:00,2025-06-12 08:24:00+02:00,Long,Asia,2,3,Canal Exit,69.51999999999818,2.0,53,3387.2000000000003,3390.8,3377.8,9.400000000000091,0.27751535191308724,0.38297872340424194,11.299999999999727,4.700000000000273,1.2021276595744275,0.5000000000000242,6.979828241993346,0.20606483945422013,0.006569029446205261,False,False,False,-0.20606483945422013,0.05837137632533995,19.634955200859718,11.71394949707165,8.04214407110273,7.921005703788069,-25.50246205584716,0,2,-1,5,-1,3393.1,0.6276595744680403,MGC_v2
single,MGC,2025-06-12 17:30:00+02:00,2025-06-12 21:56:00+02:00,Long,US,17,3,Auto-Close (loss),-16.480000000005457,2.0,38,3409.2000000000003,3408.5,3398.0,11.200000000000273,0.328522820603082,-0.06250000000002284,3.199999999999818,10.500000000000455,0.2857142857142625,0.9375000000000178,5.758592081810093,0.16891329584096249,-0.014878366582210062,False,True,True,-0.16891329584096249,0.1053519006386523,27.325027316408082,16.62950171794536,4.243380869305484,10.695525598462723,32.927946084028164,0,2,-1,6,1,3407.1,-0.18750000000002792,MGC_v2
single,MGC,2025-06-13 16:06:00+02:00,2025-06-13 16:48:00+02:00,Short,US,16,4,Canal Exit,14.75999999999909,1.0,6,3451.4,3449.8,3468.0,16.59999999999991,0.4809642463927655,0.09638554216866975,6.599999999999909,9.099999999999909,0.3975903614457798,0.5481927710843348,0.04573352705392608,0.0013250717695406525,0.05244765538258359,False,False,False,-0.0013250717695406525,-1.4672912624732817,-29.966181637596566,-26.2051678442889,23.121006472322822,-3.761013793307665,21.321696142317165,0,2,1,4,1,3447.5,0.23493975903615136,MGC_v2
single,MGC,2025-06-13 17:58:00+02:00,2025-06-13 18:05:00+02:00,Long,US,17,4,Stop Loss,-237.72000000000546,3.0,1,3448.2000000000003,3440.4,3440.4,7.800000000000182,0.22620497650948845,-1.0,0.7999999999997272,8.600000000000364,0.10256410256406519,1.1025641025641235,6.9382370149824055,0.20121330012709254,-0.03840744264816027,False,False,False,-0.20121330012709254,0.2977705038742897,17.297614934127118,8.022909748471156,5.850706905392621,9.274705185655963,2.441785513040565,0,1,-1,3,1,3449.1,0.11538461538456606,MGC_v2
single,MGC,2025-06-13 21:35:00+02:00,2025-06-13 21:56:00+02:00,Short,US,21,4,Auto-Close (profit),38.28000000000273,3.0,3,3453.6000000000004,3452.2000000000003,3459.6000000000004,6.0,0.1737317581653926,0.2333333333333485,3.200000000000273,1.8999999999996362,0.5333333333333788,0.31666666666660603,0.86762298235044,0.025122277691407225,0.017020006535082313,True,False,True,0.025122277691407225,-0.15691980956080442,-28.24477764418581,-26.552930131995453,11.091038847672879,-1.691847512190357,-39.926737934738455,0,4,1,1,1,3450.7,0.48333333333342426,MGC_v2
single,MGC,2025-06-16 01:52:00+02:00,2025-06-16 02:27:00+02:00,Short,Asia,1,0,Stop Loss,-204.72000000000818,3.0,5,3464.0,3470.7000000000003,3470.7000000000003,6.700000000000273,0.1934180138568208,-1.0,6.900000000000091,7.5,1.0298507462686284,1.1194029850745812,2.00384849202419,0.05784782020855051,0.02737471579966341,False,False,False,-0.05784782020855051,-1.3779290973711795,-5.870405763504692,-1.0701094133989333,-3.6921220756649453,-4.800296350105759,29.66991937246891,1,2,1,1,-1,3463.7,0.0447761194030104,MGC_v2
single,MGC,2025-06-16 13:46:00+02:00,2025-06-16 14:21:00+02:00,Short,UK,13,0,Canal Exit,-0.479999999992724,2.0,5,3434.1000000000004,3434.0,3442.5,8.399999999999636,0.24460557351270013,0.01190476190480573,4.000000000000455,3.199999999999818,0.47619047619055094,0.3809523809523758,0.8917938754229908,0.025968780042019475,0.012476529747559344,True,False,True,0.025968780042019475,-0.33098800831476183,-33.13715262520986,-29.591581727064096,0.7454419056907634,-3.545570898145762,14.136425636442238,0,1,1,4,1,3436.5,-0.2857142857142548,MGC_v2
single,MGC,2025-06-16 18:26:00+02:00,2025-06-16 20:11:00+02:00,Short,US,18,0,Canal Exit,254.27999999999727,3.0,15,3417.9,3409.3000000000006,3425.5,7.599999999999909,0.2223587583018786,1.1315789473683628,8.700000000000273,2.199999999999818,1.1447368421053128,0.28947368421050584,5.507716581524619,0.161143292124539,0.015092991952513022,True,False,True,0.161143292124539,-0.5148772102788826,-27.023828813124318,-26.86834877886723,-0.9871015662811805,-0.15548003425708856,-24.78343768234619,0,1,1,2,1,3410.0,1.0394736842105508,MGC_v2
single,MGC,2025-06-17 04:19:00+02:00,2025-06-17 04:54:00+02:00,Long,Asia,4,1,Stop Loss,-162.48,2.0,5,3416.6000000000004,3408.6000000000004,3408.6000000000004,8.0,0.2341509102616636,-1.0,3.299999999999727,9.500000000000455,0.4124999999999659,1.1875000000000568,4.858919317186519,0.14221504762590056,-0.014157100312441048,False,False,False,-0.14221504762590056,0.18128972681643063,16.541256400060377,4.91538994771763,8.65628242125644,11.625866452342747,-14.96094075451956,0,3,-1,3,1,3399.2,-2.175000000000068,MGC_v2
single,MGC,2025-06-17 20:39:00+02:00,2025-06-17 21:07:00+02:00,Short,US,20,1,Canal Exit,262.56,6.0,4,3407.6000000000004,3403.1000000000004,3411.2000000000003,3.599999999999909,0.10564620260593699,1.2500000000000315,6.500000000000455,2.299999999999727,1.8055555555557274,0.6388888888888292,1.654303261538189,0.048547460427813965,0.023558283636618528,True,False,True,0.048547460427813965,-0.7490774106308891,-11.261319355758744,-3.378486970471604,2.156929307889442,-7.88283238528714,-35.03005059308185,1,4,1,8,-1,3403.0,1.2777777777779111,MGC_v2
single,MGC,2025-06-18 01:31:00+02:00,2025-06-18 04:19:00+02:00,Short,Asia,1,2,Canal Exit,416.28,3.0,24,3407.1000000000004,3393.1000000000004,3413.9,6.799999999999727,0.19958322326904776,2.058823529411847,15.500000000000455,1.199999999999818,2.279411764706041,0.17647058823527445,2.1542932986994856,0.0632295294737309,0.009046910929068617,False,False,False,-0.0632295294737309,-1.7408710639660967,-14.887964250802254,-11.545816337795738,-13.542164314591885,-3.3421479130065155,-41.45210618110405,3,3,1,7,-1,3402.6,0.6617647058824464,MGC_v2
single,MGC,2025-06-18 16:06:00+02:00,2025-06-18 16:20:00+02:00,Short,US,16,2,Canal Exit,17.76000000000091,1.0,2,3403.6000000000004,3401.7000000000003,3416.0,12.399999999999636,0.3643201316253271,0.15322580645162473,11.800000000000182,3.799999999999727,0.951612903225849,0.30645161290321277,0.3870946914275919,0.011373095881642727,0.028404166131200025,True,False,True,0.011373095881642727,-0.5115509795109574,-29.457501937832916,-23.708176699881847,14.973957730600986,-5.749325237951069,-38.38353149450548,0,2,1,5,-1,3406.0,-0.19354838709675054,MGC_v2
single,MGC,2025-06-18 22:59:00+02:00,2025-06-19 07:07:00+02:00,Long,Asia,22,2,Canal Exit,53.28000000000273,3.0,62,3386.4,3388.3000000000006,3379.9,6.5,0.1919442475785495,0.29230769230777626,18.699999999999818,0.3000000000001819,2.876923076923049,0.04615384615387414,2.685354800566529,0.07929821641172126,-0.03842176499200136,True,True,False,0.07929821641172126,0.9518952531007017,33.48738593103346,30.44523259116079,-23.34663578849411,3.0421533398726694,16.424373103022052,1,4,-1,4,1,3389.5,0.4769230769230629,MGC_v2
single,MGC,2025-06-19 15:45:00+02:00,2025-06-19 16:34:00+02:00,Long,US,15,3,Canal Exit,-102.48,2.0,7,3387.8,3382.8,3377.3,10.5,0.3099356514552217,-0.47619047619047616,2.0,9.300000000000182,0.19047619047619047,0.885714285714303,0.7536804943774769,0.022246900477521602,-0.019922561392284144,False,True,True,-0.022246900477521602,1.4835635941794862,19.00722539859875,8.558712541643203,-4.2679019528169695,10.448512856955546,-24.077433580098422,5,2,-1,7,-1,3384.0,-0.3619047619047792,MGC_v2
single,MGC,2025-06-19 19:43:00+02:00,2025-06-19 20:25:00+02:00,Short,US,19,3,Auto-Close (loss),-76.47999999999637,2.0,6,3383.7000000000003,3387.4,3392.1000000000004,8.400000000000091,0.24824895824098148,-0.44047619047616404,1.0000000000004547,5.099999999999909,0.1190476190476719,0.6071428571428398,1.451585986786995,0.04289937012108032,0.018829021617649523,True,False,True,0.04289937012108032,-0.4379189915503048,-33.86175911858813,-22.26950726961402,6.359878494210217,-11.592251848974112,33.97982305196835,0,2,1,1,-1,3385.1,-0.16666666666662155,MGC_v2
single,MGC,2025-06-20 01:17:00+02:00,2025-06-20 02:27:00+02:00,Long,Asia,1,4,Canal Exit,-114.71999999999454,3.0,10,3385.5,3381.8000000000006,3378.4,7.099999999999909,0.20971791463594475,-0.5211267605632973,1.400000000000091,4.0,0.19718309859156463,0.5633802816901481,1.5944407285269335,0.047096166844688626,-0.017602247550571857,False,True,True,-0.047096166844688626,0.35603577910569584,31.909600092001327,25.825326881981894,-1.209134067201802,6.0842732100194326,-38.13521621878537,0,2,-1,2,1,3383.0,-0.35211267605634256,MGC_v2
single,MGC,2025-06-20 12:50:00+02:00,2025-06-20 15:24:00+02:00,Short,UK,12,4,Stop Loss,-232.6800000000191,7.0,22,3371.4,3374.600000000001,3374.6000000000004,3.200000000000273,0.09491605861067427,-1.000000000000142,14.099999999999909,3.599999999999909,4.406249999999596,1.1249999999998757,1.018731680734163,0.03021687372409572,0.011948182967894695,False,True,True,-0.03021687372409572,-0.46986598041485195,-12.421276777987552,-12.360350079872315,9.83439844702396,-0.06092669811523699,49.21292548843465,1,5,1,2,-1,3380.3,-2.7812499999997913,MGC_v2
single,MGC,2025-06-20 17:16:00+02:00,2025-06-20 17:44:00+02:00,Short,US,17,4,Canal Exit,23.279999999989087,3.0,4,3384.5,3383.6000000000004,3390.9,6.400000000000091,0.1890973555916706,0.14062499999994116,2.400000000000091,0.900000000000091,0.3750000000000089,0.1406250000000122,1.2467549991861233,0.03683719897137312,0.03623239169234263,False,False,False,-0.03683719897137312,-1.9595361132992366,-0.11466637942329339,6.511386539368367,9.680924699808315,-6.62605291879166,-22.61782700105644,2,4,1,5,-1,3386.9,-0.3750000000000089,MGC_v2
single,MGC,2025-06-20 21:00:00+02:00,2025-06-20 21:56:00+02:00,Long,US,21,4,Auto-Close (loss),-166.1999999999909,5.0,8,3384.5,3381.3,3380.0,4.5,0.13295907815039149,-0.7111111111110707,1.900000000000091,4.0,0.4222222222222424,0.8888888888888888,2.6816917686956003,0.07923450343316887,-0.01683227706694849,False,True,True,-0.07923450343316887,0.3390321122788009,27.382125067934577,18.42438363335237,-7.516003501688078,8.957741434582207,-43.498851357963865,0,2,-1,6,-1,3384.0,-0.1111111111111111,MGC_v2
single,MGC,2025-06-23 05:43:00+02:00,2025-06-23 07:14:00+02:00,Short,Asia,5,0,Canal Exit,573.84,9.0,13,3379.1000000000004,3372.6000000000004,3381.7000000000003,2.599999999999909,0.07694356485454437,2.5000000000000875,7.300000000000182,1.2999999999997272,2.807692307692476,0.49999999999991257,4.560318944709252,0.13495661403063688,0.013542144655639412,True,False,True,0.13495661403063688,-0.37643984745182024,-4.471051436966636,-2.940502456398233,-16.710587913392818,-1.5305489805684034,-3.296939769239326,0,1,1,4,1,3370.8,3.192307692307874,MGC_v2
single,MGC,2025-06-23 19:01:00+02:00,2025-06-23 19:15:00+02:00,Long,US,19,0,Stop Loss,-176.48000000000545,2.0,2,3404.6000000000004,3395.9,3395.9,8.700000000000273,0.2555366269165327,-1.0,1.9999999999995453,10.700000000000273,0.22988505747120488,1.2298850574712572,4.916493883767544,0.14440738658777957,0.010461558027664089,False,False,False,-0.14440738658777957,0.20190770841554695,4.356504334063401,-2.8492259473774637,14.01425407903168,7.205730281440864,-3.141823128217096,1,2,-1,3,1,3398.1,-0.747126436781638,MGC_v2
single,MGC,2025-06-24 19:57:00+02:00,2025-06-24 20:25:00+02:00,Short,US,19,1,Canal Exit,19.03999999999636,4.0,4,3331.0,3330.4,3335.8,4.800000000000182,0.14410087060943205,0.12499999999997631,1.199999999999818,2.400000000000091,0.24999999999995262,0.5,0.40932874182362866,0.012288464179634605,0.02346582381293717,True,False,True,0.012288464179634605,-0.5005299863760229,-22.77104400379327,-9.586378957074771,6.651093405246519,-13.1846650467185,-20.83164746983576,0,2,1,1,1,3331.7,-0.1458333333332899,MGC_v2
single,MGC,2025-06-24 21:28:00+02:00,2025-06-24 21:56:00+02:00,Long,US,21,1,Auto-Close (profit),35.28000000000546,3.0,4,3336.3,3337.6000000000004,3329.8,6.5,0.1948266043221533,0.200000000000028,2.899999999999636,5.200000000000273,0.44615384615379017,0.800000000000042,2.6879359236490927,0.0805663736369359,-0.009181638210492313,False,True,True,-0.0805663736369359,1.3374543464497037,16.217667365038295,3.8358349239526266,11.511551082180546,12.381832441085669,19.98983371225512,1,3,-1,2,1,3338.4,0.3230769230769091,MGC_v2
single,MGC,2025-06-25 00:21:00+02:00,2025-06-25 02:06:00+02:00,Short,Asia,0,2,Stop Loss,-239.6799999999809,7.0,15,3336.7000000000003,3340.0,3340.0,3.299999999999727,0.09890011088799493,-1.0,3.100000000000364,4.299999999999727,0.9393939393941273,1.303030303030328,1.219564817567516,0.03655002899773776,0.009542685320719972,False,True,True,-0.03655002899773776,-0.17973190837756192,-5.400928879287697,-1.8212000824006473,3.2583345533529773,-3.57972879688705,38.25848588667692,0,1,1,3,-1,3342.2,-1.6666666666666667,MGC_v2
single,MGC,2025-06-25 10:09:00+02:00,2025-06-25 10:51:00+02:00,Short,UK,10,2,Canal Exit,17.52,2.0,6,3342.1000000000004,3341.1000000000004,3351.5,9.399999999999636,0.2812602854492575,0.10638297872340838,2.300000000000182,2.199999999999818,0.24468085106385862,0.23404255319147907,0.2608168102606214,0.00780397984083724,0.009966099082144741,True,False,True,0.00780397984083724,-0.3434430306260765,-34.00157814208263,-27.05644556800747,10.21355085253901,-6.94513257407516,-4.866604614326887,0,2,1,4,1,3337.7,0.4680851063830549,MGC_v2
single,MGC,2025-06-25 13:39:00+02:00,2025-06-25 15:10:00+02:00,Short,UK,13,2,Canal Exit,367.0399999999891,4.0,13,3339.0,3329.7000000000003,3343.7000000000003,4.700000000000273,0.14076070679845082,1.9787234042551463,11.699999999999818,4.300000000000182,2.4893617021274763,0.9148936170212622,2.1778056077546353,0.06522328864194775,0.007806431541885142,True,False,True,0.06522328864194775,-0.184671104545032,-23.850849484854045,-15.23245871403598,0.3730370881536255,-8.618390770818065,-34.3386122146335,0,3,1,10,-1,3333.5,1.1702127659573789,MGC_v2
single,MGC,2025-06-25 21:21:00+02:00,2025-06-25 21:56:00+02:00,Long,US,21,2,Auto-Close (profit),43.8,5.0,5,3347.3,3348.3,3343.3,4.0,0.11949929794162457,0.25,3.0,2.600000000000364,0.75,0.650000000000091,1.0097781797885546,0.030166945890375958,-0.0032611525366986137,True,True,False,0.030166945890375958,2.988895750257143,16.093998725484447,13.533264931149457,8.089514770463513,2.5607337943349897,11.392894686616678,5,4,-1,6,1,3347.8,0.125,MGC_v2
single,MGC,2025-06-26 00:56:00+02:00,2025-06-26 02:34:00+02:00,Long,Asia,0,3,Canal Exit,-1.4400000000054565,6.0,14,3348.2000000000003,3348.3000000000006,3344.3,3.900000000000091,0.1164804969834565,0.025641025641118323,6.099999999999909,2.700000000000273,1.5641025641025044,0.6923076923077461,1.4300470191074055,0.042710919870599294,-0.006179078894311845,False,False,False,-0.042710919870599294,0.23360845536126362,14.26852410950563,9.222933140826298,6.474096951357972,5.045590968679333,-24.271566483868668,0,4,-1,6,-1,3345.8,-0.6153846153846243,MGC_v2
single,MGC,2025-06-26 12:36:00+02:00,2025-06-26 13:32:00+02:00,Long,UK,12,3,Stop Loss,-250.11999999996453,13.0,8,3353.0,3351.2000000000003,3351.2000000000003,1.7999999999997272,0.053683268714575814,-1.0,4.5,5.400000000000091,2.500000000000379,3.0000000000005054,3.097516177529542,0.09238044072560518,-0.017312123849206874,False,True,True,-0.09238044072560518,0.31655347551577506,8.89714763548504,5.8626047183359775,15.548800171741968,3.0345429171490617,-32.90058255946096,0,4,-1,2,1,3347.3,-3.1666666666670458,MGC_v2
single,MGC,2025-06-26 20:04:00+02:00,2025-06-26 20:18:00+02:00,Short,US,20,3,Canal Exit,97.5999999999909,10.0,2,3347.7000000000003,3346.6,3350.0,2.299999999999727,0.06870388625025321,0.4782608695654323,2.300000000000182,0.599999999999909,1.0000000000001976,0.2608695652173827,0.2280373663516002,0.0068117622950563134,0.02421760253517979,True,False,True,0.0068117622950563134,-0.5605378030013526,-8.227824983073905,-3.5279129551112165,10.042607099140735,-4.6999120279626885,-9.007833593580294,1,2,1,1,-1,3345.9,0.7826086956523458,MGC_v2
single,MGC,2025-06-26 21:49:00+02:00,2025-06-26 21:56:00+02:00,Long,US,21,3,Auto-Close (profit),132.83999999999182,9.0,1,3343.4,3345.0,3341.0,2.400000000000091,0.071783214691634,0.6666666666666035,2.699999999999818,0.7000000000002728,1.1249999999998817,0.2916666666667693,4.333990082648597,0.12962822523923542,-0.013088549085436474,False,False,False,-0.12962822523923542,0.033597291548176145,5.057050876181613,4.9266809086272945,16.2245712984903,0.1303699675543184,14.267061174626518,0,2,-1,1,-1,3344.2,0.333333333333207,MGC_v2
single,MGC,2025-06-27 08:03:00+02:00,2025-06-27 13:39:00+02:00,Short,Asia,8,4,Canal Exit,219.5199999999982,2.0,48,3305.2000000000003,3294.1000000000004,3313.1000000000004,7.900000000000091,0.2390173060631759,1.405063291139213,15.200000000000273,6.799999999999727,1.9240506329114049,0.8607594936708416,7.285490970489263,0.22042511710302745,0.008525554811773653,True,False,True,0.22042511710302745,-0.019627690372544748,-4.352140529344913,6.598750673800285,-15.707471571167233,-10.950891203145197,-16.234573403391288,0,2,1,1,-1,3289.6,1.9746835443038209,MGC_v2
single,MGC,2025-06-27 21:00:00+02:00,2025-06-27 21:14:00+02:00,Long,US,21,4,Stop Loss,-241.1999999999909,5.0,2,3286.8,3282.1,3282.1000000000004,4.699999999999818,0.14299622733357117,-1.0000000000000968,2.0,6.700000000000273,0.4255319148936335,1.4255319148937302,2.309464947433298,0.07026484566853164,-0.011547082080519645,False,False,False,-0.07026484566853164,0.29149741668743445,32.058195222066146,24.57228815006117,-0.48884389631877784,7.485907072004977,-10.018947727298684,0,1,-1,3,1,3281.6,-1.106382978723505,MGC_v2
single,MGC,2025-06-30 02:41:00+02:00,2025-06-30 03:16:00+02:00,Short,Asia,2,0,Stop Loss,-216.9599999999891,4.0,5,3276.6000000000004,3281.9,3281.9,5.299999999999727,0.16175303668435959,-1.0,6.900000000000546,8.599999999999454,1.3018867924530002,1.6226415094339428,2.5157899796822676,0.07678050356107756,0.009013556640260132,True,True,False,0.07678050356107756,-0.6075640404264959,-6.598950256251243,0.023024277746898747,-7.410721228464087,-6.6219745339981415,32.6378865385186,0,2,1,2,-1,3282.8,-1.169811320754743,MGC_v2
single,MGC,2025-06-30 20:04:00+02:00,2025-06-30 21:56:00+02:00,Long,US,20,0,Auto-Close (profit),314.27999999999724,3.0,16,3309.9,3320.5,3303.7000000000003,6.199999999999818,0.1873168373666823,1.7096774193548743,11.900000000000091,4.0,1.9193548387097483,0.6451612903225996,2.515215560963952,0.07599068131858824,0.007225238106981027,False,True,True,-0.07599068131858824,0.16646698746899347,5.22602990952346,-8.188075018465469,13.619474732724656,13.414104927988928,20.886428007343962,0,4,-1,8,1,3315.4,0.8870967741935745,MGC_v2
single,MGC,2025-07-01 04:19:00+02:00,2025-07-01 05:22:00+02:00,Short,Asia,4,1,Stop Loss,-222.72000000000546,3.0,9,3325.8,3333.1000000000004,3333.1000000000004,7.300000000000182,0.21949606109808711,-1.0,1.0,8.199999999999818,0.1369863013698596,1.123287671232824,1.7474530646422863,0.052542337622294974,0.013873676644033975,False,False,False,-0.052542337622294974,-0.188413029088224,-34.829336530892476,-33.53559280792584,12.595534305111457,-1.2937437229666386,28.587573488480373,0,1,1,1,-1,3330.1,-0.5890410958903589,MGC_v2
single,MGC,2025-07-01 22:59:00+02:00,2025-07-02 00:21:00+02:00,Short,Asia,22,1,Stop Loss,-245.1599999999918,9.0,4,3349.7000000000003,3352.3,3352.3,2.599999999999909,0.07761889124398928,-1.0,4.200000000000273,4.199999999999818,1.6153846153847768,1.6153846153846019,1.4848203064020709,0.04432696379980508,0.0022923476875073537,True,True,False,0.04432696379980508,-0.03992785939362875,-4.86548032646237,9.514090972746597,-8.20725937742083,-14.379571299208967,17.563784541985914,0,3,1,3,-1,3352.7,-1.1538461538460194,MGC_v2
single,MGC,2025-07-02 01:03:00+02:00,2025-07-02 02:06:00+02:00,Short,Asia,1,2,Stop Loss,-212.96000000001092,4.0,9,3348.9,3354.1000000000004,3354.1000000000004,5.200000000000273,0.1552748663740414,-1.0,5.900000000000091,6.099999999999909,1.1346153846153426,1.173076923076844,1.6382420176150845,0.04891880968721325,0.010801416592621547,True,False,True,0.04891880968721325,-0.01161240540250219,-17.860601294326244,-7.28065293542066,3.8502005945954365,-10.579948358905584,-8.029289368126229,0,2,1,3,-1,3348.4,0.09615384615384111,MGC_v2
single,MGC,2025-07-02 13:39:00+02:00,2025-07-02 14:14:00+02:00,Short,UK,13,2,Stop Loss,-192.7199999999918,3.0,5,3352.2000000000003,3358.5,3358.5,6.299999999999727,0.18793628065150428,-1.0,4.100000000000364,8.599999999999909,0.6507936507937367,1.3650793650794097,1.5365222966256624,0.04583623580411856,0.015185081558689867,False,False,False,-0.04583623580411856,-0.4342678936700395,-20.440185356136997,-17.525966165808864,16.842578071268193,-2.914219190328133,0.548394911276219,0,2,1,4,-1,3359.7,-1.1904761904761698,MGC_v2
single,MGC,2025-07-02 20:11:00+02:00,2025-07-02 21:56:00+02:00,Long,US,20,2,Auto-Close (profit),313.80000000000456,5.0,15,3362.3,3368.7,3358.0,4.300000000000182,0.12788864765191033,1.4883720930231084,8.199999999999818,1.6000000000003638,1.9069767441859236,0.37209302325588284,0.8375778204890594,0.024910859247808326,0.008473352606275159,False,True,True,-0.024910859247808326,0.031996951704968524,24.97849955810713,20.333114468905425,7.92105340789151,4.645385089201707,27.65388590318485,0,3,-1,8,1,3367.5,1.2093023255813018,MGC_v2
single,MGC,2025-07-03 05:15:00+02:00,2025-07-03 06:46:00+02:00,Short,Asia,5,3,Stop Loss,-200.95999999998546,4.0,13,3357.6000000000004,3362.5,3362.5,4.899999999999636,0.1459375744579353,-1.0,2.200000000000273,5.399999999999636,0.44897959183682373,1.1020408163265383,4.7893452555917975,0.14264192445770182,0.016145494532251482,True,True,False,0.14264192445770182,-0.36361843197710186,-10.247465127474774,4.299372715131841,-11.13416556895499,-14.546837842606614,10.39181714143293,0,3,1,5,-1,3364.6,-1.428571428571442,MGC_v2
single,MGC,2025-07-03 21:35:00+02:00,2025-07-03 21:56:00+02:00,Long,US,21,3,Auto-Close (loss),-38.15999999997544,9.0,3,3338.9,3338.6000000000004,3336.3,2.599999999999909,0.07786995717152083,-0.11538461538451449,0.5,0.900000000000091,0.19230769230769904,0.3461538461538932,0.9335048110551725,0.02795845371395287,-0.01017158666630264,False,True,True,-0.02795845371395287,0.32765966632541677,22.13090921377575,13.569697154727558,0.30923717146798185,8.561212059048193,-1.2433439503520898,0,2,-1,5,1,3336.4,-0.9615384615384952,MGC_v2
single,MGC,2025-07-04 08:17:00+02:00,2025-07-04 09:06:00+02:00,Long,Asia,8,4,Stop Loss,-236.96000000000728,4.0,7,3353.8,3348.0,3348.0,5.800000000000182,0.1729381596994508,-1.0,1.2999999999997272,6.700000000000273,0.2241379310344287,1.1551724137931143,2.9760529436998695,0.088736744698547,-0.0025369955333376165,False,False,False,-0.088736744698547,0.3124238465311464,31.78791297170077,23.37887093704328,12.536822936869784,8.409042034657489,-31.41160198297706,0,2,-1,3,1,3348.3,-0.9482758620689358,MGC_v2
single,MGC,2025-07-04 13:25:00+02:00,2025-07-04 14:42:00+02:00,Long,UK,13,4,Stop Loss,-189.72000000000818,3.0,11,3347.6000000000004,3341.4,3341.4,6.200000000000273,0.18520731270164512,-1.0,0.49999999999954525,6.500000000000455,0.08064516129024568,1.0483870967742208,2.843041587866537,0.08492775683673488,-0.004066186729458312,True,False,True,0.08492775683673488,1.6414084158400328,16.46280460440369,15.496703046976899,-3.190566954890617,0.966101557426791,-20.864129729243388,4,2,-1,1,1,3344.3,-0.532258064516135,MGC_v2
single,MGC,2025-07-04 15:59:00+02:00,2025-07-04 16:41:00+02:00,Short,US,15,4,Canal Exit,47.039999999989085,4.0,6,3342.4,3341.1000000000004,3348.2000000000003,5.800000000000182,0.17352800382958897,0.2241379310344287,1.7000000000002728,2.599999999999909,0.2931034482758999,0.44827586206893577,1.3063217292865374,0.03908334517970732,0.0006548824112127512,True,False,True,0.03908334517970732,-0.21301949266580777,-7.39301581040379,7.461439011474597,-0.8226044229205485,-14.854454821878388,-22.327625294947346,0,3,1,1,1,3342.7,-0.05172413793098582,MGC_v2
single,MGC,2025-07-07 00:35:00+02:00,2025-07-07 01:03:00+02:00,Short,Asia,0,0,Canal Exit,53.52000000000364,2.0,4,3344.3,3341.5,3352.7000000000003,8.400000000000091,0.25117363872858567,0.33333333333335136,3.100000000000364,1.699999999999818,0.36904761904765837,0.20238095238092854,1.2124872284457524,0.03625533679531598,0.012481702827426826,True,False,True,0.03625533679531598,-0.016681909154158348,-21.178226331134574,-19.536035632534965,7.722904331754382,-1.6421906985996095,-27.2427283701062,0,3,1,2,1,3340.4,0.4642857142857201,MGC_v2
single,MGC,2025-07-07 08:31:00+02:00,2025-07-07 10:02:00+02:00,Short,Asia,8,0,Canal Exit,119.27999999999727,3.0,13,3318.0,3313.9,3324.4,6.400000000000091,0.19288728149487916,0.6406249999999767,8.599999999999909,4.300000000000182,1.3437499999999667,0.6718750000000189,3.07249087013588,0.0926006892747402,0.015746372873451417,True,False,True,0.0926006892747402,-0.031843163471421576,-29.974240959501557,-25.371225385142093,-0.30655020460194277,-4.603015574359464,-30.50258428487468,0,1,1,5,-1,3319.9,-0.29687500000001,MGC_v2
single,MGC,2025-07-07 14:07:00+02:00,2025-07-07 14:35:00+02:00,Long,UK,14,0,Canal Exit,400.5600000000109,6.0,4,3312.9,3319.7000000000003,3309.1000000000004,3.799999999999727,0.11470313018804452,1.7894736842107026,7.299999999999727,3.5,1.9210526315790135,0.9210526315790135,0.09628532037095283,0.002906375694133624,-0.015960048353843695,True,True,False,0.002906375694133624,0.3142214242220689,6.597004293962312,3.4717659303464474,-7.734812694736287,3.125238363615865,12.695939278722985,0,2,-1,3,-1,3318.5,1.4736842105263976,MGC_v2
single,MGC,2025-07-08 05:01:00+02:00,2025-07-08 05:57:00+02:00,Short,Asia,5,1,Canal Exit,91.03999999998545,4.0,8,3342.5,3340.1000000000004,3348.3,5.800000000000182,0.1735228122662732,0.41379310344820014,2.800000000000182,3.300000000000182,0.4827586206896714,0.5689655172413929,2.213541443442409,0.06622412695414837,0.009348982707840466,True,False,True,0.06622412695414837,-0.2066705887664284,-6.9581665877145475,5.185147106797567,-12.284476217520611,-12.143313694512115,4.61649150708309,0,3,1,6,1,3340.6,0.32758620689655715,MGC_v2
single,MGC,2025-07-08 10:02:00+02:00,2025-07-08 15:45:00+02:00,Short,UK,10,1,Canal Exit,265.5200000000018,2.0,49,3338.1000000000004,3324.7000000000003,3349.7000000000003,11.599999999999909,0.3475030706090263,1.1551724137931203,14.100000000000364,3.699999999999818,1.2155172413793511,0.3189655172413661,3.0061096395756977,0.09005451123620314,-0.001743208621994366,False,False,False,-0.09005451123620314,-2.130739817261656,-15.358659884174088,-13.935346071021218,3.6273634077408126,-1.4233138131528698,-11.821517850684485,5,3,1,4,1,3316.1,1.896551724137985,MGC_v2
single,MGC,2025-07-08 19:50:00+02:00,2025-07-08 21:28:00+02:00,Short,US,19,1,Canal Exit,73.79999999999545,5.0,14,3315.0,3313.4,3319.6000000000004,4.600000000000364,0.13876319758673797,0.34782608695647443,6.300000000000182,2.099999999999909,1.3695652173912356,0.4565217391303789,9.30608779168415,0.2807266302167164,0.03341390476017813,True,False,True,0.2807266302167164,-0.4099446655777683,-4.014650327204791,2.2304569415307007,-16.060993425035917,-6.245107268735492,-12.73295165547963,0,1,1,3,-1,3312.7,0.5,MGC_v2
single,MGC,2025-07-09 00:00:00+02:00,2025-07-09 01:24:00+02:00,Long,Asia,0,2,Canal Exit,-151.44000000000545,6.0,12,3311.7000000000003,3309.3000000000006,3308.3,3.400000000000091,0.10266630431500712,-0.7058823529410506,1.2999999999997272,3.200000000000273,0.38235294117638013,0.9411764705882903,1.7556308950443054,0.053012981098659456,-0.009308805562730836,False,True,True,-0.053012981098659456,0.25458566000634164,7.056628264618874,-1.4178372792230816,7.562638078405098,8.474465543841955,0.8820817072616913,1,2,-1,3,1,3308.2,-1.0294117647059886,MGC_v2
single,MGC,2025-07-09 01:59:00+02:00,2025-07-09 03:44:00+02:00,Long,Asia,1,2,Canal Exit,-148.48000000000363,2.0,15,3316.1000000000004,3308.8,3305.1000000000004,11.0,0.3317149663761647,-0.6636363636363801,0.29999999999972715,8.100000000000364,0.02727272727270247,0.7363636363636694,0.3948926824459704,0.011908346625432598,-0.009403039036261964,False,True,True,-0.011908346625432598,0.2950723918620497,12.39767002544287,-0.8832466913907622,-4.116282039748595,13.280916716833634,-2.166129788426197,0,3,-1,4,1,3309.7,-0.5818181818182314,MGC_v2
single,MGC,2025-07-09 03:58:00+02:00,2025-07-09 09:06:00+02:00,Short,Asia,3,2,Canal Exit,311.28,3.0,44,3310.4,3299.9,3316.3,5.900000000000091,0.17822619623006555,1.7796610169491252,17.59999999999991,1.5,2.983050847457566,0.2542372881355893,2.084001654797248,0.06295316743587627,0.009494307846247909,False,True,True,-0.06295316743587627,-2.0145177008093924,-26.322708677959348,-22.64535132234044,-0.3979996964652817,-3.677357355618909,32.825530427983836,2,2,1,4,1,3301.5,1.5084745762711786,MGC_v2
single,MGC,2025-07-09 10:09:00+02:00,2025-07-09 10:37:00+02:00,Short,UK,10,2,Canal Exit,83.27999999998909,3.0,4,3297.0,3294.1000000000004,3304.6000000000004,7.600000000000364,0.23051258720049633,0.3815789473683549,7.0,2.0,0.9210526315789033,0.2631578947368295,1.8993327936932474,0.05760791003012579,0.006714761766080398,True,False,True,0.05760791003012579,-0.16165528084320613,-30.869292638920967,-21.16349363242935,-5.527862958758537,-9.705799006491617,-30.411798077869896,0,2,1,7,-1,3296.6,0.05263157894737787,MGC_v2
single,MGC,2025-07-09 18:19:00+02:00,2025-07-09 21:56:00+02:00,Long,US,18,2,Auto-Close (profit),175.04,4.0,31,3320.0,3324.5,3314.3,5.699999999999818,0.1716867469879463,0.7894736842105515,5.699999999999818,3.400000000000091,1.0,0.5964912280702104,3.9432661480177558,0.11877307674752276,0.009697223716625831,False,True,True,-0.11877307674752276,0.2693337977957526,22.877396260676033,19.73525974981154,12.228734929148544,3.1421365108644927,-19.6937089442886,0,3,-1,5,1,3321.1,0.19298245614034107,MGC_v2
single,MGC,2025-07-10 04:40:00+02:00,2025-07-10 08:17:00+02:00,Short,Asia,4,3,Stop Loss,-225.72000000000273,3.0,31,3327.5,3334.9,3334.9,7.400000000000091,0.22238918106686975,-1.0,4.099999999999909,9.300000000000182,0.554054054054035,1.256756756756766,0.9284748537211271,0.027903075994624407,0.00835872491997002,False,True,True,-0.027903075994624407,-0.41437624508671433,-19.75339685153035,-16.330000310852423,11.82392701973771,-3.4233965406779276,17.202751051247613,0,3,1,2,-1,3333.6,-0.8243243243243019,MGC_v2
single,MGC,2025-07-10 08:45:00+02:00,2025-07-10 09:06:00+02:00,Short,Asia,8,3,Stop Loss,-216.1999999999909,5.0,3,3332.7000000000003,3336.9,3336.9,4.199999999999818,0.12602394454945895,-1.0,0.900000000000091,5.399999999999636,0.21428571428574522,1.2857142857142547,1.1388328902885405,0.03417147928972126,0.014709412599156346,True,True,False,0.03417147928972126,-0.09599964817925866,-14.402933825467688,-8.069154836809934,4.921715019989836,-6.333778988657754,26.445474753431157,0,2,1,2,-1,3334.8,-0.5,MGC_v2
single,MGC,2025-07-10 18:26:00+02:00,2025-07-10 19:29:00+02:00,Short,US,18,3,Canal Exit,-54.71999999999454,3.0,9,3324.6000000000004,3326.3000000000006,3330.6000000000004,6.0,0.1804728388377549,-0.2833333333333788,4.000000000000455,3.0999999999994543,0.6666666666667425,0.5166666666665757,2.131188888222823,0.06410361812617527,0.007650955864999904,True,False,True,0.06410361812617527,-0.2373296457080869,-30.27898509971216,-28.485307116705904,5.337290324247434,-1.7936779830062548,19.358087476062444,0,3,1,4,1,3327.3,-0.4499999999999697,MGC_v2
single,MGC,2025-07-10 22:59:00+02:00,2025-07-11 00:00:00+02:00,Short,Asia,22,3,Stop Loss,-233.64,11.0,1,3332.9,3334.9,3334.9,2.0,0.060007801014131834,-1.0,0.40000000000009095,2.699999999999818,0.20000000000004547,1.349999999999909,1.946103330195001,0.058390690695640464,0.008201364965929022,False,False,False,-0.058390690695640464,-0.789617208846721,-11.970262246836832,-10.841636757063789,13.92699023823027,-1.128625489773043,-3.370435782776977,4,1,1,2,-1,3333.5,-0.2999999999999545,MGC_v2
single,MGC,2025-07-11 11:54:00+02:00,2025-07-11 12:15:00+02:00,Long,UK,11,4,Canal Exit,37.52,2.0,3,3351.2000000000003,3353.2000000000003,3342.1000000000004,9.099999999999909,0.2715445213654783,0.21978021978022197,2.899999999999636,2.800000000000182,0.3186813186812819,0.30769230769233075,1.1216037500726088,0.033468720162109354,-0.011453012222918753,False,True,True,-0.033468720162109354,0.29736454713793137,34.55649781251456,31.88387861696147,3.94372021599167,2.672619195553086,41.169969767790306,0,3,-1,1,1,3356.8,0.6153846153846115,MGC_v2
single,MGC,2025-07-11 14:07:00+02:00,2025-07-11 14:28:00+02:00,Short,UK,14,4,Stop Loss,-192.96000000001092,4.0,3,3357.5,3362.2000000000003,3362.2000000000003,4.700000000000273,0.13998510796724564,-1.0,1.900000000000091,7.0,0.40425531914893204,1.4893617021275731,0.17493240985095326,0.005210198357437179,0.023072563558283698,True,False,True,0.005210198357437179,-0.2551166666221434,-11.735717345156232,0.5867200530575518,9.35129662380156,-12.322437398213783,5.5829090965096775,0,3,1,4,-1,3366.4,-1.893617021276505,MGC_v2
single,MGC,2025-07-11 19:50:00+02:00,2025-07-11 21:00:00+02:00,Long,US,19,4,Canal Exit,263.80000000000456,5.0,10,3367.3,3372.7,3363.2000000000003,4.099999999999909,0.12175927300804529,1.3170731707316479,5.799999999999727,0.7000000000002728,1.4146341463414283,0.17073170731714352,3.6256288737477007,0.10767169167427021,-0.025334492372646934,False,True,True,-0.10767169167427021,0.5810627045152614,34.80498079822367,26.931299096845002,7.699441696667841,7.873681701378665,1.1439040464224473,0,2,-1,5,-1,3372.0,1.1463414634146152,MGC_v2
single,MGC,2025-07-11 21:49:00+02:00,2025-07-11 21:56:00+02:00,Short,US,21,4,Auto-Close (profit),-11.16,9.0,1,3371.7000000000003,3371.7000000000003,3374.2000000000003,2.5,0.07414657294539846,-0.0,1.2000000000002728,0.6999999999998181,0.4800000000001091,0.27999999999992725,2.0009204795132973,0.05934455851686974,0.014430941349258626,True,True,False,0.05934455851686974,-0.023692835881320207,-8.653222764257507,-1.0805860264646983,-8.066210526656725,-7.572636737792808,-23.36537107150726,0,3,1,2,1,3371.7,1.8189894035458566e-13,MGC_v2
single,MGC,2025-07-14 00:07:00+02:00,2025-07-14 00:28:00+02:00,Long,Asia,0,0,Canal Exit,4.75999999999909,1.0,3,3383.7000000000003,3384.3,3368.2000000000003,15.5,0.4580784348494252,0.03870967741934897,3.799999999999727,5.600000000000364,0.24516129032256304,0.3612903225806686,0.9849030547229631,0.02910728063134921,-0.006828596129030479,True,True,False,0.02910728063134921,2.247699161467608,13.53183818511744,10.37055341749816,2.226093502198728,3.1612847676192803,33.48308521078891,1,3,-1,4,1,3387.2,0.22580645161287388,MGC_v2
single,MGC,2025-07-14 10:23:00+02:00,2025-07-14 10:58:00+02:00,Short,UK,10,0,Canal Exit,35.52000000000182,2.0,5,3377.9,3376.0,3386.4,8.5,0.25163563160543534,0.22352941176471658,2.5,2.900000000000091,0.29411764705882354,0.341176470588246,0.810868977597238,0.024005120861992302,0.020735997087792817,False,False,False,-0.024005120861992302,-0.9645542660514366,-20.528527312740053,-16.326560125969838,9.507600231508162,-4.201967186770215,-21.040300885400413,0,3,1,1,1,3377.8,0.011764705882342241,MGC_v2
single,MGC,2025-07-14 13:46:00+02:00,2025-07-14 21:56:00+02:00,Short,UK,13,0,Auto-Close (profit),725.2800000000054,3.0,70,3377.6000000000004,3353.3000000000006,3384.2000000000003,6.599999999999909,0.1954050213169087,3.6818181818181914,29.200000000000273,4.599999999999454,4.424242424242527,0.6969696969696239,2.0612458627201704,0.0610269381430652,0.006173090717902532,False,False,False,-0.0610269381430652,-1.3981360723323633,-21.11436625124661,-19.0390753347887,-0.4262794926285996,-2.075290916457913,-45.24496837134379,3,4,1,1,1,3354.0,3.57575757575768,MGC_v2
single,MGC,2025-07-15 00:28:00+02:00,2025-07-15 01:03:00+02:00,Long,Asia,0,1,Canal Exit,61.32,7.0,5,3352.4,3353.4,3349.4,3.0,0.08948812790836415,0.3333333333333333,2.699999999999818,1.2000000000002728,0.8999999999999394,0.40000000000009095,0.667367062478661,0.019907143016306552,-0.013907464017593827,False,True,True,-0.019907143016306552,0.1341710185579359,4.245236191230518,-3.5486035241064293,-9.66854314921637,7.793839715336947,26.054415569249535,0,5,-1,4,1,3353.5,0.36666666666663633,MGC_v2
single,MGC,2025-07-15 04:19:00+02:00,2025-07-15 05:22:00+02:00,Long,Asia,4,1,Canal Exit,208.79999999998637,5.0,9,3359.1000000000004,3363.4,3354.5,4.600000000000364,0.13694144264833924,0.9347826086955189,5.699999999999818,2.800000000000182,1.2391304347824712,0.6086956521739044,0.6390238386866258,0.019023662251395488,-0.00022088876374064492,False,True,True,-0.019023662251395488,0.28679195778613575,32.37984987296795,26.885960333640277,17.236507304102357,5.493889539327675,39.32721385425995,0,1,-1,2,1,3366.3,1.5652173913041845,MGC_v2
single,MGC,2025-07-15 11:54:00+02:00,2025-07-15 12:22:00+02:00,Long,UK,11,1,Canal Exit,13.800000000004548,5.0,4,3372.0,3372.4,3367.4,4.599999999999909,0.13641755634637928,0.08695652173915193,3.5,1.099999999999909,0.7608695652174063,0.23913043478259366,0.4187074593764919,0.012417184441770222,-0.0023494188229376102,False,True,True,-0.012417184441770222,0.017936634695615794,19.498473168500187,12.10861204582335,-5.190068532511337,7.389861122676837,17.361146472387773,0,4,-1,6,1,3370.1,-0.4130434782608975,MGC_v2
single,MGC,2025-07-16 01:10:00+02:00,2025-07-16 01:24:00+02:00,Long,Asia,1,2,Canal Exit,2.2800000000081857,3.0,2,3334.9,3335.1000000000004,3329.0,5.900000000000091,0.1769168490809347,0.03389830508479148,1.5,1.599999999999909,0.2542372881355893,0.2711864406779465,0.3213549082138343,0.00963611827082774,-0.0074515351188131525,True,True,False,0.00963611827082774,0.48094849754943425,25.375556570170687,16.35079758397791,-1.552701448168423,9.024758986192776,34.19876354385441,0,2,-1,1,1,3337.0,0.35593220338980963,MGC_v2
single,MGC,2025-07-16 03:58:00+02:00,2025-07-16 05:29:00+02:00,Short,Asia,3,2,Stop Loss,-232.96000000001092,4.0,13,3335.5,3341.2000000000003,3341.2000000000003,5.700000000000273,0.1708889222005778,-1.0,4.099999999999909,5.900000000000091,0.7192982456139847,1.035087719298212,0.7849646125350773,0.023533641509071425,0.008588954027668927,False,True,True,-0.023533641509071425,-0.5975772481774584,-22.988649112642435,-16.901481003166538,13.362306380540977,-6.087168109475897,42.91746292755096,3,3,1,2,-1,3340.5,-0.8771929824560983,MGC_v2
single,MGC,2025-07-16 08:03:00+02:00,2025-07-16 11:54:00+02:00,Long,Asia,8,2,Canal Exit,-14.479999999998181,2.0,33,3347.7000000000003,3347.1000000000004,3338.9,8.800000000000182,0.2628670430444837,-0.06818181818180644,2.099999999999909,5.600000000000364,0.23863636363634838,0.6363636363636646,1.1596730687315357,0.034640889826792594,0.008232311752821726,False,True,True,-0.034640889826792594,0.12458674516210522,20.387716906843583,7.335617442686889,7.102372016164715,13.052099464156694,14.012021124580919,0,3,-1,4,1,3346.2,-0.1704545454545936,MGC_v2
single,MGC,2025-07-16 12:01:00+02:00,2025-07-16 15:24:00+02:00,Short,UK,12,2,Canal Exit,263.80000000000456,5.0,29,3345.9,3340.5,3349.9,4.0,0.11954929914223378,1.3500000000000227,8.200000000000273,2.599999999999909,2.050000000000068,0.6499999999999773,0.20734912116222404,0.006197110528175499,0.004707202149745876,False,False,False,-0.006197110528175499,-0.03599838371428632,-0.5397287859040425,6.736146169338378,-3.5687722324144118,-7.27587495524242,7.127962225687417,0,3,1,4,1,3332.8,3.2749999999999773,MGC_v2
single,MGC,2025-07-17 00:56:00+02:00,2025-07-17 02:06:00+02:00,Short,Asia,0,3,Canal Exit,334.32000000000636,7.0,10,3355.3,3350.4,3358.4,3.099999999999909,0.09239114237176732,1.5806451612903982,5.0,0.7999999999997272,1.612903225806499,0.2580645161289518,1.8611222889066994,0.0554681336663398,0.007006458450534835,True,False,True,0.0554681336663398,-0.17968951248076337,-30.117007268563817,-27.686092913910805,-8.908469917359021,-2.4309143546530123,-28.45622074827617,0,1,1,1,1,3350.0,1.7096774193549475,MGC_v2
single,MGC,2025-07-17 15:52:00+02:00,2025-07-17 21:56:00+02:00,Long,US,15,3,Auto-Close (profit),411.51999999999634,2.0,52,3324.6000000000004,3345.3,3314.2000000000003,10.400000000000091,0.3128195873187779,1.9903846153845806,21.999999999999545,1.6000000000003638,2.1153846153845532,0.1538461538461875,1.602217859313896,0.04819280091782157,-0.013968911117416188,True,True,False,0.04819280091782157,0.3901951959969665,11.168263719508676,10.367201494980847,-13.352414736522443,0.8010622245278292,-3.3187326992851727,0,5,-1,3,1,3345.0,1.9615384615384095,MGC_v2
single,MGC,2025-07-18 01:45:00+02:00,2025-07-18 04:19:00+02:00,Short,Asia,1,4,Stop Loss,-241.44000000000545,6.0,22,3346.2000000000003,3350.1000000000004,3350.1000000000004,3.900000000000091,0.11655011655011926,-1.0,5.700000000000273,3.9999999999995453,1.4615384615384974,1.0256410256408852,0.3668346725662559,0.010962724062107939,0.005767548063945604,False,True,True,-0.010962724062107939,-0.0661957602833354,-32.1271905726107,-28.847549943839155,11.573173740147533,-3.2796406287715456,46.473764259063906,0,2,1,1,-1,3347.3,-0.28205128205125213,MGC_v2
single,MGC,2025-07-18 19:08:00+02:00,2025-07-18 20:11:00+02:00,Short,US,19,4,Canal Exit,56.28,3.0,9,3358.6000000000004,3356.6000000000004,3364.5,5.899999999999636,0.17566843327575882,0.33898305084747854,2.5000000000004547,1.4999999999995453,0.4237288135594252,0.2542372881355318,0.37883541916653485,0.011279563483788925,0.0021227718992752856,True,False,True,0.011279563483788925,-0.3079528125354045,-26.21612499979372,-22.14187166774664,-0.8145554287343231,-4.074253332047082,1.3823448317483464,0,3,1,2,1,3358.5,0.016949152542435588,MGC_v2
single,MGC,2025-07-21 00:07:00+02:00,2025-07-21 02:27:00+02:00,Short,Asia,0,0,Stop Loss,-196.96000000000728,4.0,20,3352.9,3357.7000000000003,3357.7000000000003,4.800000000000182,0.1431596528378473,-1.0,2.099999999999909,6.299999999999727,0.4374999999999645,1.3124999999998934,1.0928594782817527,0.03259445489820015,0.000802306508777257,True,True,False,0.03259445489820015,-0.26284693479192356,-16.61279874089214,-10.000591175844317,-13.345386779296083,-6.612207565047822,36.67283840127202,0,3,1,1,1,3359.9,-1.458333333333278,MGC_v2
single,MGC,2025-07-21 04:12:00+02:00,2025-07-21 04:19:00+02:00,Short,Asia,4,0,Canal Exit,-79.44000000001637,6.0,1,3361.9,3363.1000000000004,3365.6000000000004,3.700000000000273,0.11005681311164141,-0.32432432432437414,1.5,1.5,0.4054054054053755,0.4054054054053755,0.16200318100163713,0.00481879832837494,0.019779241616870304,True,False,True,0.00481879832837494,-0.3199802556241593,-18.945972057350065,-18.011078161286306,8.225057147695315,-0.934893896063759,-6.551234934322965,0,1,1,2,-1,3360.5,0.37837837837837507,MGC_v2
single,MGC,2025-07-21 10:30:00+02:00,2025-07-21 11:40:00+02:00,Long,UK,10,0,Stop Loss,-206.2,5.0,10,3374.4,3370.4,3370.4,4.0,0.11853959222380274,-1.0,0.1999999999998181,4.200000000000273,0.049999999999954525,1.0500000000000682,4.793936045921328,0.14206780600762586,-0.014427161460472054,False,False,False,-0.14206780600762586,0.5352205829171908,23.277081629189922,12.692461783743795,25.293728821987973,10.584619845446127,-26.340511320655985,0,2,-1,5,-1,3372.9,-0.375,MGC_v2
single,MGC,2025-07-21 13:04:00+02:00,2025-07-21 13:25:00+02:00,Long,UK,13,0,Canal Exit,159.03999999999635,4.0,3,3375.9,3380.0,3370.2000000000003,5.699999999999818,0.16884386385852124,0.7192982456140421,5.599999999999909,2.300000000000182,0.9824561403508926,0.40350877192986934,0.34593618060443987,0.010247228312581529,-0.007225501693972712,False,True,True,-0.010247228312581529,0.34897103985940703,32.77243542859909,18.793244584896414,-3.7400506049181863,13.979190843702675,46.90687335741812,0,3,-1,3,1,3382.2,1.1052631578947243,MGC_v2
single,MGC,2025-07-21 22:59:00+02:00,2025-07-22 00:00:00+02:00,Short,Asia,22,0,Stop Loss,-244.63999999998998,11.0,1,3410.4,3412.5,3412.5,2.099999999999909,0.06157635467980029,-1.0,0.5,2.599999999999909,0.2380952380952484,1.2380952380952484,0.1618186427067485,0.0047448581605309785,0.00587031528842553,False,False,False,-0.0047448581605309785,-0.7778181112280436,-5.591737799452158,0.8467537110981009,1.7427870471817617,-6.438491510550259,-3.515847213393636,5,1,1,5,-1,3414.1,-1.7619047619047516,MGC_v2
single,MGC,2025-07-22 01:38:00+02:00,2025-07-22 01:59:00+02:00,Short,Asia,1,1,Canal Exit,38.28000000000273,3.0,3,3409.3,3407.9,3416.5,7.199999999999818,0.2111870471944334,0.194444444444462,2.600000000000364,3.5,0.3611111111111708,0.4861111111111234,0.09534277097827726,0.0027965497603108336,0.009988953813814308,False,False,False,-0.0027965497603108336,-0.2652966261498477,-11.23706175655368,0.997273415600497,13.577599134534012,-12.234335172154179,-27.832146530358823,0,3,1,5,-1,3407.6,0.23611111111115496,MGC_v2
single,MGC,2025-07-22 04:54:00+02:00,2025-07-22 07:42:00+02:00,Long,Asia,4,1,Stop Loss,-228.95999999999637,4.0,24,3405.2000000000003,3399.6000000000004,3399.6000000000004,5.599999999999909,0.16445436391401116,-1.0,1.4999999999995453,6.600000000000364,0.267857142857066,1.1785714285715128,2.3677108406345724,0.069532210755156,-0.0077235640604825925,True,False,True,0.069532210755156,0.8126316480088462,21.186343842190173,18.485142170232486,-17.16266715360199,2.701201671957687,-28.05368253772565,2,1,-1,3,1,3399.5,-1.017857142857208,MGC_v2
single,MGC,2025-07-22 09:55:00+02:00,2025-07-22 11:33:00+02:00,Long,UK,9,1,Stop Loss,-217.44,6.0,14,3398.8,3395.3000000000006,3395.3,3.5,0.10297752147816876,-0.9999999999998701,4.0,4.0,1.1428571428571428,1.1428571428571428,0.8856993137169411,0.02605917717185304,-0.007403608997836689,True,False,True,0.02605917717185304,0.11953310155649888,28.222441122137155,24.563639745358483,-8.143449234857636,3.6588013767786727,-38.958475586291186,0,1,-1,1,1,3397.7,-0.31428571428581825,MGC_v2
single,MGC,2025-07-22 13:18:00+02:00,2025-07-22 14:28:00+02:00,Long,UK,13,1,Canal Exit,1367.600000000018,10.0,10,3397.0,3410.8,3394.7000000000003,2.299999999999727,0.06770680011774292,6.0000000000007905,16.699999999999818,1.099999999999909,7.260869565218173,0.47826086956523456,0.3248506981117316,0.009562870123983856,-0.004649199692377823,True,True,False,0.009562870123983856,0.3905765797176173,4.133194680522946,0.5445987843101916,-0.23462786830543317,3.5885958962127544,42.25879695435516,2,10,-1,3,1,3417.9,9.086956521740248,MGC_v2
single,MGC,2025-07-22 22:59:00+02:00,2025-07-23 01:31:00+02:00,Long,Asia,22,1,Stop Loss,-223.43999999999454,6.0,14,3444.2000000000003,3440.6000000000004,3440.6000000000004,3.599999999999909,0.1045235468323532,-1.0,2.9999999999995453,4.200000000000273,0.8333333333332281,1.166666666666772,0.7949210446240613,0.023079990843274528,-0.001657030959365015,False,True,True,-0.023079990843274528,0.013104867659876618,29.16199354663379,17.518771364832336,4.342634670875228,11.643222181801455,-30.641434327989323,0,1,-1,3,1,3439.5,-1.3055555555556644,MGC_v2
single,MGC,2025-07-23 01:38:00+02:00,2025-07-23 01:52:00+02:00,Short,Asia,1,2,Canal Exit,38.28000000000273,3.0,2,3440.9,3439.5,3447.3,6.400000000000091,0.18599784939986896,0.2187500000000111,3.099999999999909,1.099999999999909,0.4843749999999789,0.17187499999998335,0.2450109948131285,0.007120549705400578,0.00024069100745394064,False,False,False,-0.007120549705400578,-0.30694514588867605,-34.9082240055337,-32.77482916676157,-0.68346341210124,-2.1333948387721264,-30.75809074194531,1,2,1,5,-1,3442.0,-0.17187499999998335,MGC_v2
single,MGC,2025-07-23 02:13:00+02:00,2025-07-23 02:55:00+02:00,Long,Asia,2,2,Canal Exit,-114.47999999999818,2.0,6,3446.5,3440.9,3437.7000000000003,8.799999999999727,0.255331495720288,-0.6363636363636458,5.099999999999909,6.5,0.5795454545454621,0.7386363636363865,0.11772502215717395,0.003415784771715478,-0.009463577009963635,False,True,True,-0.003415784771715478,0.7361208390902902,30.712002430686617,20.903061276094945,-5.4866999203586175,9.808941154591672,-27.924065784036824,0,2,-1,3,1,3437.4,-1.0340909090909307,MGC_v2
single,MGC,2025-07-23 16:48:00+02:00,2025-07-23 17:51:00+02:00,Long,US,16,2,Stop Loss,-184.47999999999817,2.0,9,3423.5,3414.4,3414.4,9.099999999999909,0.2658098437271771,-1.0,2.300000000000182,15.099999999999909,0.2527472527472753,1.6593406593406659,3.7229113892844907,0.10874576863690641,-0.017833742598719064,True,True,False,0.10874576863690641,1.7067424112269691,3.6808542756390903,-1.3121921144782656,-9.307890411145262,4.993046390117356,-37.71720381132283,2,1,-1,2,1,3404.0,-2.142857142857164,MGC_v2
single,MGC,2025-07-24 01:24:00+02:00,2025-07-24 01:59:00+02:00,Long,Asia,1,3,Canal Exit,34.56000000001637,6.0,5,3398.0,3398.7000000000003,3394.6000000000004,3.399999999999636,0.10005885815184332,0.20588235294127874,1.5,2.0,0.4411764705882825,0.58823529411771,0.36270339330985735,0.010674025700702099,-0.0099061691581087,False,True,True,-0.010674025700702099,0.028269030659430427,22.100543674540994,13.535694108572484,-10.851427809409165,8.56484956596851,5.2628205191409,0,2,-1,1,-1,3397.1,-0.26470588235299625,MGC_v2
single,MGC,2025-07-24 13:39:00+02:00,2025-07-24 15:03:00+02:00,Short,UK,13,3,Canal Exit,135.04,4.0,12,3366.3,3362.8,3371.3,5.0,0.1485310281317767,0.7,11.100000000000364,3.699999999999818,2.2200000000000726,0.7399999999999636,2.271744389469859,0.0674849059641107,0.0019175410029280767,True,False,True,0.0674849059641107,-0.9036260345174014,-18.526590709314767,-15.443290131384765,-10.044754749744639,-3.083300577930002,-30.98070929545029,2,1,1,7,-1,3370.5,-0.8399999999999637,MGC_v2
single,MGC,2025-07-24 17:51:00+02:00,2025-07-24 21:56:00+02:00,Short,US,17,3,Auto-Close (profit),75.04,4.0,35,3376.3,3374.3,3381.3,5.0,0.14809110564819478,0.4,7.300000000000182,0.599999999999909,1.4600000000000364,0.11999999999998182,2.682653619618577,0.07945542812008935,0.0209220223971182,False,True,True,-0.07945542812008935,-2.4188345261832183,-4.481364089266393,1.3256811386719551,7.441864213094315,-5.807045227938348,-20.87492396799654,3,6,1,4,1,3373.1,0.6400000000000545,MGC_v2
single,MGC,2025-07-25 12:29:00+02:00,2025-07-25 16:48:00+02:00,Short,UK,12,4,Canal Exit,495.04,4.0,37,3345.6000000000004,3333.1000000000004,3351.4,5.799999999999727,0.17336202773791626,2.155172413793205,14.200000000000273,3.0999999999994543,2.448275862069128,0.5344827586206207,1.9011610208608545,0.05682571200564486,-0.008134625748004568,True,False,True,0.05682571200564486,-0.44114010878683985,-10.658332864677416,-10.398248136086611,-17.419636712761406,-0.26008472859080456,-24.55554053376244,0,4,1,2,1,3332.7,2.2241379310346816,MGC_v2
single,MGC,2025-07-28 08:52:00+02:00,2025-07-28 09:34:00+02:00,Long,Asia,8,0,Stop Loss,-204.96,4.0,6,3340.4,3335.4,3335.4,5.0,0.1496826727338043,-1.0,1.5,6.0,0.3,1.2,2.8107551781549773,0.08414426949332347,-0.006714482533499383,False,False,False,-0.08414426949332347,0.03990654966537477,1.9134864832426146,-10.745039092100274,10.26729378358441,12.658525575342889,-26.354179609993068,0,2,-1,2,1,3335.1,-1.0600000000000365,MGC_v2
single,MGC,2025-07-28 17:23:00+02:00,2025-07-28 21:56:00+02:00,Long,US,17,0,Auto-Close (profit),39.75999999999909,1.0,39,3312.4,3316.5,3300.0,12.400000000000091,0.37435092380147594,0.3306451612903128,5.699999999999818,4.599999999999909,0.45967741935482065,0.3709677419354738,2.3692471710646714,0.07152660219371668,-0.039124193023779244,True,True,False,0.07152660219371668,0.10498967096827982,9.5178607118405,-1.3628065555802147,-18.611468104316693,10.880667267420716,32.09803650822923,0,3,-1,2,-1,3317.2,0.38709677419352356,MGC_v2
single,MGC,2025-07-29 01:52:00+02:00,2025-07-29 02:20:00+02:00,Long,Asia,1,1,Canal Exit,5277.6000000000095,10.0,4,3310.4,3363.3,3308.1000000000004,2.299999999999727,0.06947800869984676,23.000000000002768,60.0,0.7000000000002728,26.086956521742223,0.30434782608711125,1.6226654655756647,0.04901720231922621,-0.013222974545837598,False,True,True,-0.04901720231922621,0.06133329222620887,10.862968676723037,5.634656121716891,9.722539464389483,5.228312555006146,45.58938969768903,0,4,-1,4,1,3366.0,24.17391304348109,MGC_v2
single,MGC,2025-07-29 14:49:00+02:00,2025-07-29 15:31:00+02:00,Long,UK,14,1,Stop Loss,-184.47999999999817,2.0,6,3378.3,3369.2000000000003,3369.2000000000003,9.099999999999909,0.269366249296981,-1.0,1.199999999999818,11.400000000000091,0.1318681318681132,1.2527472527472752,2.9576062280930273,0.08754717544602394,-0.006383998599266601,True,True,False,0.08754717544602394,2.705163377693225,20.217886075314773,15.879632690817923,-6.254349188081048,4.33825338449685,-21.071699157949624,4,2,-1,1,1,3375.1,-0.35164835164838515,MGC_v2
single,MGC,2025-07-29 16:06:00+02:00,2025-07-29 16:20:00+02:00,Short,US,16,1,Stop Loss,-208.96000000001456,4.0,2,3371.5,3376.6000000000004,3376.6000000000004,5.100000000000364,0.1512679816105699,-1.0,2.5,8.099999999999909,0.49019607843133756,1.588235294117516,2.9471390231410624,0.08741328854044379,-0.004986259074568152,False,False,False,-0.08741328854044379,-2.840095621965247,-14.236551821840305,-14.085721083044751,-12.028837677025129,-0.15083073879555364,15.88132135738665,3,1,1,3,-1,3383.0,-2.254901960784153,MGC_v2
single,MGC,2025-07-29 19:08:00+02:00,2025-07-29 20:04:00+02:00,Long,US,19,1,Canal Exit,125.27999999999182,3.0,8,3379.6000000000004,3383.9,3373.2000000000003,6.400000000000091,0.18937152325719286,0.6718749999999478,4.999999999999545,1.2000000000002728,0.7812499999999178,0.18750000000003997,1.4032319621928764,0.04152065221306889,-0.006811251323350343,False,True,True,-0.04152065221306889,0.22836060415465909,17.50103715140436,17.185316844050732,-1.0126838957828805,0.31572030735362944,30.88645549982012,0,3,-1,1,1,3384.8,0.81249999999996,MGC_v2
single,MGC,2025-07-29 21:00:00+02:00,2025-07-29 21:07:00+02:00,Short,US,21,1,Canal Exit,-6.2,5.0,1,3382.0,3382.0,3386.3,4.300000000000182,0.12714370195151337,-0.0,1.300000000000182,0.6999999999998181,0.30232558139537835,0.1627906976743694,0.2891061252939835,0.008548377448077571,0.01647992731144314,True,False,True,0.008548377448077571,-0.15343526801507323,-32.147423834953955,-27.68240155484253,1.7421041631381111,-4.465022280111423,-31.704016956959002,0,1,1,4,-1,3380.4,0.3720930232557771,MGC_v2
single,MGC,2025-07-30 01:38:00+02:00,2025-07-30 01:52:00+02:00,Short,Asia,1,2,Canal Exit,-90.64000000003001,11.0,2,3383.0,3383.7000000000003,3385.1000000000004,2.100000000000364,0.06207508128880768,-0.33333333333340553,0.8000000000001819,0.900000000000091,0.3809523809524016,0.42857142857139763,0.02359722856181179,0.0006975237529356131,0.0039313913859069256,False,False,False,-0.0006975237529356131,-0.12221401100305229,-15.758161723933053,-7.7404171899326935,4.297884567611444,-8.01774453400036,2.2389613787879092,0,2,1,4,-1,3384.6,-0.7619047619045866,MGC_v2
single,MGC,2025-07-30 05:50:00+02:00,2025-07-30 06:18:00+02:00,Long,Asia,5,2,Canal Exit,-1.919999999970896,8.0,4,3383.5,3383.6000000000004,3380.6000000000004,2.899999999999636,0.08571006354365705,0.034482758620819426,0.6999999999998181,2.400000000000091,0.24137931034479515,0.8275862068966869,0.31677240385397454,0.009362269952829157,-0.003698323617471611,False,False,False,-0.009362269952829157,0.012319774129082361,19.867826053732166,15.175149624385808,2.8975708841850185,4.692676429346358,-4.477046591318063,0,1,-1,3,-1,3383.1,-0.13793103448280727,MGC_v2
single,MGC,2025-07-30 07:56:00+02:00,2025-07-30 08:10:00+02:00,Short,Asia,7,2,Canal Exit,35.28000000000546,3.0,2,3379.6000000000004,3378.3000000000006,3385.9,6.299999999999727,0.1864125932062885,0.20634920634917198,1.4000000000005457,1.2999999999997272,0.22222222222231847,0.20634920634917198,0.9604241835304492,0.028418279782531933,0.0024504947545610388,False,False,False,-0.028418279782531933,-1.0960782116299015,-30.264640827558065,-29.018436281217802,1.1629526030508923,-1.2462045463402625,-27.802874431857944,3,1,1,3,1,3378.5,0.1746031746032399,MGC_v2
single,MGC,2025-07-30 14:00:00+02:00,2025-07-30 14:28:00+02:00,Long,UK,14,2,Stop Loss,-189.72000000000818,3.0,4,3384.6000000000004,3378.4,3378.4,6.200000000000273,0.18318265083023907,-1.0,1.699999999999818,9.000000000000455,0.27419354838705534,1.4516129032258158,0.5896143598929484,0.01742050345367099,-0.009053411394323902,False,True,True,-0.01742050345367099,0.8471070930490896,12.02531159695102,2.724498128113371,-6.153436242121757,9.30081346883765,-7.447238035359517,1,2,-1,6,1,3363.6,-3.3870967741934725,MGC_v2
single,MGC,2025-07-30 14:35:00+02:00,2025-07-30 15:10:00+02:00,Short,UK,14,2,Canal Exit,479.27999999999724,3.0,5,3379.7000000000003,3363.6000000000004,3386.4,6.699999999999818,0.1982424475545113,2.4029850746269172,18.600000000000364,1.199999999999818,2.7761194029852043,0.179104477611918,0.37972388372963906,0.011235431657532888,0.0016222613096587705,True,False,True,0.011235431657532888,-0.08117876788810463,-13.979334197678213,-10.713286116518937,-10.310150584398906,-3.2660480811592763,-38.55972441451901,0,5,1,2,-1,3359.2,3.0597014925374646,MGC_v2
single,MGC,2025-07-30 17:16:00+02:00,2025-07-30 21:00:00+02:00,Short,US,17,2,Canal Exit,139.75999999999908,1.0,32,3345.7000000000003,3331.6000000000004,3360.3,14.599999999999909,0.43638102639208265,0.965753424657534,18.200000000000273,12.899999999999636,1.24657534246578,0.883561643835597,3.8512722132618364,0.11511110420126837,-0.017105064486927633,True,False,True,0.11511110420126837,-1.5335407669676897,-31.896116946584527,-29.436460117726384,-20.95085557059678,-2.4596568288581437,-44.57265384593323,0,3,1,3,-1,3324.1,1.4794520547945547,MGC_v2
single,MGC,2025-07-31 18:05:00+02:00,2025-07-31 21:56:00+02:00,Short,US,18,3,Auto-Close (loss),-12.48,2.0,33,3343.7000000000003,3344.2000000000003,3352.0,8.299999999999727,0.2482280108861359,-0.060240963855423664,1.800000000000182,7.799999999999727,0.2168674698795471,0.9397590361445763,0.45272593979552767,0.013539669820723379,-0.013503209144907729,True,False,True,0.013539669820723379,-0.18260126239874808,-31.762733682925493,-31.46125781176397,-21.33225274122195,-0.3014758711615215,-6.91504810773315,0,2,1,1,-1,3344.6,-0.10843373493971876,MGC_v2
single,MGC,2025-08-01 00:21:00+02:00,2025-08-01 00:35:00+02:00,Long,Asia,0,4,Canal Exit,-4.96,4.0,2,3344.9,3344.9,3340.0,4.900000000000091,0.1464916738915989,0.0,0.6999999999998181,1.0,0.14285714285710308,0.20408163265305743,0.3007026013528957,0.008989883146070007,-0.00999401843706458,False,True,True,-0.008989883146070007,0.02614434512133812,29.008581067018454,20.326974872077393,-17.054780056189575,8.681606194941061,37.25916034321328,0,2,-1,7,1,3343.3,-0.32653061224487334,MGC_v2
single,MGC,2025-08-01 01:17:00+02:00,2025-08-01 02:13:00+02:00,Short,Asia,1,4,Canal Exit,178.80000000001365,5.0,8,3342.2000000000003,3338.5,3346.8,4.599999999999909,0.13763389384237654,0.8043478260870317,4.700000000000273,2.199999999999818,1.0217391304348622,0.4782608695651873,1.4252760122208201,0.042644845078715216,0.005936687594167693,True,False,True,0.042644845078715216,-0.23761982938322035,-34.07839442470092,-30.695971590866694,-5.336572284494884,-3.382422833834223,-40.802666542886286,0,1,1,5,-1,3341.5,0.15217391304354058,MGC_v2
single,MGC,2025-08-01 10:44:00+02:00,2025-08-01 11:12:00+02:00,Long,UK,10,4,Canal Exit,95.28000000000546,3.0,4,3342.3,3345.6000000000004,3335.4,6.900000000000091,0.2064446638542348,0.47826086956523745,4.699999999999818,3.700000000000273,0.6811594202898197,0.5362318840580035,0.33618226685211994,0.010058410880295602,-0.01577544214658913,False,True,True,-0.010058410880295602,0.8479021573266436,24.00458374667854,18.277644707353232,-2.6194786451535754,5.726939039325309,41.55456113279434,1,4,-1,4,1,3347.2,0.7101449275361698,MGC_v2
single,MGC,2025-08-01 16:34:00+02:00,2025-08-01 21:28:00+02:00,Short,US,16,4,Stop Loss,-222.48,2.0,42,3397.7000000000003,3408.7000000000003,3408.7000000000003,11.0,0.3237484180475027,-1.0,5.600000000000364,12.699999999999818,0.5090909090909421,1.154545454545438,7.939847375411773,0.2336830024843798,0.07187165516061753,False,True,True,-0.2336830024843798,-2.1402435192953817,-10.797567548680073,0.06202893000540133,17.979342752019793,-10.859596478685475,31.973272249460017,1,4,1,3,-1,3413.0,-1.390909090909066,MGC_v2
single,MGC,2025-08-04 01:45:00+02:00,2025-08-04 02:27:00+02:00,Long,Asia,1,0,Stop Loss,-228.95999999999637,4.0,6,3412.7000000000003,3407.1000000000004,3407.1000000000004,5.599999999999909,0.16409294693351037,-1.0,2.699999999999818,6.100000000000364,0.4821428571428325,1.089285714285797,4.91289228743517,0.14395910239502946,-0.015218001601387712,False,False,False,-0.14395910239502946,0.4490049014821125,20.428389641782935,11.262799516766224,16.34596732060197,9.165590125016712,-45.83996705326595,0,2,-1,1,1,3407.0,-1.017857142857208,MGC_v2
single,MGC,2025-08-04 12:15:00+02:00,2025-08-04 12:57:00+02:00,Short,UK,12,0,Canal Exit,-150.71999999998908,3.0,6,3408.1000000000004,3413.0,3414.8,6.699999999999818,0.19659047563157822,-0.7313432835820551,2.300000000000182,4.999999999999545,0.3432835820895887,0.7462686567163703,0.838027359136504,0.02458928315297391,0.005689534367902915,False,False,False,-0.02458928315297391,-1.0479680400444522,-22.15833168187308,-17.456970362995136,-5.116054717185175,-4.701361318877943,29.254078830392658,2,2,1,4,-1,3421.2,-1.9552238805969866,MGC_v2
single,MGC,2025-08-04 13:04:00+02:00,2025-08-04 13:25:00+02:00,Long,UK,13,0,Canal Exit,111.52000000000545,2.0,3,3415.5,3421.2000000000003,3405.7000000000003,9.799999999999727,0.2869272434489746,0.5816326530612685,6.199999999999818,2.800000000000182,0.6326530612244888,0.28571428571431223,0.7586883169333305,0.022213096674962098,-0.006477342612080864,False,True,True,-0.022213096674962098,0.28581408439822553,34.50323849063593,31.878658660514223,-8.74919819774217,2.624579830121707,47.006324106444985,0,3,-1,4,1,3423.8,0.8469387755102462,MGC_v2
single,MGC,2025-08-04 16:55:00+02:00,2025-08-04 21:56:00+02:00,Short,US,16,0,Auto-Close (loss),-44.47999999999818,2.0,43,3428.4,3430.5,3439.6000000000004,11.200000000000273,0.3266830008167155,-0.18749999999998732,4.300000000000182,3.900000000000091,0.38392857142857834,0.34821428571428537,3.242381671534531,0.09457419412946362,0.019336026205147506,False,False,False,-0.09457419412946362,-0.5905195508753422,-24.781641783445583,-20.831051513488227,9.462731528027236,-3.950590269957356,-31.525011757140334,0,2,1,2,1,3431.1,-0.24107142857140645,MGC_v2
single,MGC,2025-08-05 04:19:00+02:00,2025-08-05 11:05:00+02:00,Short,Asia,4,1,Canal Exit,439.0399999999964,4.0,58,3430.8,3419.7000000000003,3436.1000000000004,5.300000000000182,0.15448291943570544,2.0943396226414204,12.5,3.199999999999818,2.3584905660376547,0.6037735849056053,0.3243204533418975,0.009453201974521904,0.007023096313422088,False,False,False,-0.009453201974521904,-0.1963202538704536,-8.134083297918313,2.197771861705056,8.53872942010893,-10.33185515962337,-39.00116235809546,0,4,1,3,-1,3418.1,2.3962264150943087,MGC_v2
single,MGC,2025-08-06 12:57:00+02:00,2025-08-06 13:18:00+02:00,Short,UK,12,2,Stop Loss,-196.96000000000728,4.0,3,3416.0,3420.8,3420.8,4.800000000000182,0.14051522248244094,-1.0,0.6999999999998181,5.5,0.1458333333332899,1.14583333333329,2.4094718251108134,0.07053488949387628,-0.00404171250499426,True,True,False,0.07053488949387628,-0.05345153048301654,-12.384568352272321,-12.172278555650788,-15.823711622504403,-0.21228979662153336,25.128144103098414,0,1,1,3,-1,3420.2,-0.874999999999929,MGC_v2
single,MGC,2025-08-06 14:00:00+02:00,2025-08-06 14:49:00+02:00,Short,UK,14,2,Stop Loss,-241.44000000000545,6.0,7,3418.2000000000003,3422.1000000000004,3422.1000000000004,3.900000000000091,0.11409513779182291,-1.0,3.900000000000091,5.399999999999636,1.0,1.3846153846152591,4.155786945996624,0.12157822672741864,0.01381083072557652,True,False,True,0.12157822672741864,-0.026043807251880935,-22.421152548278922,-15.42863278340112,-10.344256816818776,-6.992519764877802,27.138714845239,0,3,1,3,-1,3422.8,-1.1794871794871287,MGC_v2
single,MGC,2025-08-07 01:31:00+02:00,2025-08-07 01:45:00+02:00,Short,Asia,1,3,Stop Loss,-233.64,11.0,2,3433.5,3435.5,3435.5,2.0,0.0582495995340032,-1.0,0.900000000000091,2.699999999999818,0.4500000000000455,1.349999999999909,0.8161797971206397,0.023771073165010623,0.00458106619106117,True,True,False,0.023771073165010623,-0.013236430277174804,-12.83536350440104,-10.333853337681024,1.2294848926648594,-2.5015101667200152,5.716092669677213,0,1,1,3,-1,3435.9,-1.2000000000000455,MGC_v2
single,MGC,2025-08-07 05:50:00+02:00,2025-08-07 07:00:00+02:00,Long,Asia,5,3,Canal Exit,115.04,4.0,10,3443.5,3446.5,3438.7000000000003,4.799999999999727,0.13939305938724342,0.6250000000000355,4.0,2.0,0.8333333333333807,0.41666666666669033,2.9626314722218012,0.08603547182290697,-0.013801143140123298,False,True,True,-0.08603547182290697,0.6711409458698654,27.423738959542543,19.457995323288436,16.759485149014456,7.965743636254107,-5.94297531867107,0,3,-1,2,-1,3444.7,0.24999999999997632,MGC_v2
single,MGC,2025-08-07 13:11:00+02:00,2025-08-07 14:42:00+02:00,Long,UK,13,3,Canal Exit,4.75999999999909,1.0,13,3454.6000000000004,3455.2000000000003,3442.7000000000003,11.900000000000091,0.3444682452382357,0.050420168067218864,10.399999999999636,5.600000000000364,0.8739495798318955,0.4705882352941446,0.928744808628835,0.026884293655671708,-0.015706875190905013,False,True,True,-0.026884293655671708,0.8534194619965092,7.438627709733733,-4.080565761279127,-4.648145258143806,11.51919347101286,25.14412748160451,0,3,-1,4,1,3457.1,0.21008403361340555,MGC_v2
single,MGC,2025-08-07 15:59:00+02:00,2025-08-07 16:13:00+02:00,Short,US,15,3,Canal Exit,42.75999999999636,1.0,2,3450.5,3446.1000000000004,3465.1000000000004,14.600000000000364,0.4231270830314553,0.3013698630136662,15.0,4.199999999999818,1.027397260273947,0.2876712328766927,0.2577931005289429,0.007471181003592026,0.02254455550710018,True,False,True,0.007471181003592026,-1.4299844451138597,-18.067572276398103,-7.209564556281398,4.604455957854488,-10.858007720116705,-23.050139804823587,1,2,1,7,-1,3451.5,-0.0684931506849298,MGC_v2
single,MGC,2025-08-07 20:25:00+02:00,2025-08-07 20:46:00+02:00,Short,US,20,3,Canal Exit,31.040000000003637,4.0,3,3453.1000000000004,3452.2000000000003,3458.3,5.199999999999818,0.15058932553357324,0.1730769230769466,1.6000000000003638,2.4999999999995453,0.3076923076923884,0.4807692307691601,0.8551121140317264,0.024763607020698103,0.010987251054152984,True,False,True,0.024763607020698103,-0.2894903309666006,-27.27195450679221,-19.679811891944905,1.8396065581500938,-7.592142614847305,-32.74940270459177,0,3,1,9,-1,3466.1,-2.5,MGC_v2
single,MGC,2025-08-08 05:36:00+02:00,2025-08-08 06:32:00+02:00,Long,Asia,5,4,Canal Exit,17.52,2.0,8,3488.8,3489.8,3480.1000000000004,8.699999999999818,0.24936941068561735,0.11494252873563458,1.3999999999996362,3.0,0.1609195402298466,0.34482758620690374,4.824628713120546,0.13828905965147173,-0.03574233768472195,False,True,True,-0.13828905965147173,0.08298191604353633,19.95760921318361,9.289227322506862,-7.16788970477743,10.668381890676747,18.222494694464473,0,3,-1,4,-1,3494.8,0.6896551724138075,MGC_v2
single,MGC,2025-08-08 17:23:00+02:00,2025-08-08 19:57:00+02:00,Long,US,17,4,Stop Loss,-136.24,1.0,22,3494.3,3480.8,3480.8,13.5,0.38634347365709865,-1.0,1.099999999999909,49.30000000000018,0.08148148148147474,3.6518518518518652,0.19893597533791763,0.0056931567220306675,0.006703739544588639,True,False,True,0.0056931567220306675,2.0059647403477356,18.349050883889902,15.662567876390368,3.2489038295064177,2.6864830074995343,-17.66890303244013,3,2,-1,3,1,3464.1,-2.2370370370370574,MGC_v2
single,MGC,2025-08-08 20:04:00+02:00,2025-08-08 20:32:00+02:00,Short,US,20,4,Canal Exit,48.76,1.0,4,3460.1000000000004,3455.1000000000004,3493.4,33.29999999999973,0.9623999306378349,0.15015015015015137,7.700000000000273,7.299999999999727,0.2312312312312413,0.21921921921921284,6.670936180951685,0.192796051586708,0.016971819536495188,False,False,False,-0.192796051586708,-7.219678700470922,-26.42236204266169,-22.04563253755098,-3.826780962739935,-4.37672950511071,-16.335728239440243,1,2,1,1,1,3459.0,0.03303303303304423,MGC_v2
single,MGC,2025-08-08 21:49:00+02:00,2025-08-08 21:56:00+02:00,Long,US,21,4,Auto-Close (loss),-22.48,2.0,1,3457.8,3456.8,3447.3,10.5,0.3036612875238591,-0.09523809523809523,0.3999999999996362,3.600000000000364,0.038095238095203446,0.3428571428571775,0.6062715418011067,0.017533447330704686,-0.06159633443875804,True,True,False,0.017533447330704686,0.17985518702198533,23.881693945214636,12.622887439684144,-19.743175456921026,11.258806505530492,28.285743800615524,0,2,-1,1,-1,3455.7,-0.20000000000003465,MGC_v2
single,MGC,2025-08-11 00:28:00+02:00,2025-08-11 02:34:00+02:00,Short,Asia,0,0,Canal Exit,231.51999999999637,2.0,18,3458.5,3446.8,3466.6000000000004,8.100000000000364,0.23420558045396453,1.4444444444443572,12.0,3.300000000000182,1.481481481481415,0.40740740740741155,9.628130188116302,0.2783903480733353,0.018191085939528406,True,False,True,0.2783903480733353,-1.432369106702481,-7.7157864425347515,-2.4140896892981494,-16.658275312039695,-5.301696753236602,-32.55988384572641,5,3,1,2,1,3445.7,1.5802469135801984,MGC_v2
single,MGC,2025-08-11 05:36:00+02:00,2025-08-11 08:59:00+02:00,Short,Asia,5,0,Canal Exit,491.28,3.0,29,3437.6000000000004,3421.1000000000004,3444.0,6.399999999999636,0.18617640214101802,2.5781250000001465,16.600000000000364,5.299999999999727,2.5937500000002043,0.8281250000000044,5.340272244578955,0.15534885514832888,0.007434236710406766,True,False,True,0.15534885514832888,-0.793918174954797,-20.13012498249151,-8.712727644921815,-18.1596871323451,-11.417397337569694,-24.358444349764703,0,2,1,2,1,3423.3,2.2343750000001554,MGC_v2
single,MGC,2025-08-11 10:51:00+02:00,2025-08-11 11:47:00+02:00,Long,UK,10,0,Stop Loss,-196.47999999999635,2.0,8,3420.8,3411.1000000000004,3411.1000000000004,9.699999999999818,0.2835594013096298,-1.0,0.3999999999996362,11.200000000000273,0.04123711340202513,1.1546391752577818,4.969745771464659,0.14528022016676387,-0.019224582934988098,True,True,False,0.14528022016676387,1.334767458749866,17.47238211754842,15.189881822300785,-17.725504343161855,2.282500295247635,-24.579995351375054,2,1,-1,2,1,3416.9,-0.40206185567012,MGC_v2
single,MGC,2025-08-11 14:56:00+02:00,2025-08-11 18:26:00+02:00,Long,UK,14,0,Canal Exit,-57.23999999999909,1.0,30,3409.5,3403.9,3396.7000000000003,12.799999999999727,0.37542161607272995,-0.4375000000000022,9.199999999999818,10.599999999999909,0.7187500000000011,0.8281250000000105,0.9891144712728419,0.029010543225482972,-0.020244974077286582,True,True,False,0.029010543225482972,0.11319302425727074,29.65880561230116,27.048136146688037,-11.361744301464853,2.610669465613121,-17.38078441200219,0,1,-1,3,1,3403.5,-0.46875000000001,MGC_v2
single,MGC,2025-08-11 18:33:00+02:00,2025-08-11 19:36:00+02:00,Short,US,18,0,Canal Exit,-66.47999999999637,2.0,9,3402.7000000000003,3405.9,3411.8,9.099999999999909,0.2674346842213509,-0.3516483516483352,3.400000000000091,4.699999999999818,0.37362637362638734,0.5164835164835017,0.6416262736474891,0.018856386800114294,-0.0012606385629630327,True,False,True,0.018856386800114294,-0.0772719264382431,-29.288905439041287,-23.3348449255218,3.634841069249571,-5.954060513519487,22.826874228712512,0,2,1,2,-1,3408.1,-0.5934065934065593,MGC_v2
single,MGC,2025-08-11 21:00:00+02:00,2025-08-11 21:49:00+02:00,Short,US,21,0,Canal Exit,92.28000000000819,3.0,7,3404.7000000000003,3401.5,3411.0,6.299999999999727,0.18503832936821824,0.5079365079365732,3.400000000000091,2.299999999999727,0.5396825396825775,0.3650793650793376,0.5901682188477935,0.017333927184415468,0.0031650327765423286,True,False,True,0.017333927184415468,-0.4032305850355442,-17.78301447208191,-16.2789792740913,11.336011460457845,-1.5040351979906106,-9.928080251665715,0,4,1,3,1,3402.0,0.42857142857149044,MGC_v2
single,MGC,2025-08-12 01:03:00+02:00,2025-08-12 07:00:00+02:00,Long,Asia,1,1,Canal Exit,291.04000000000366,4.0,51,3397.3,3404.7000000000003,3392.2000000000003,5.099999999999909,0.15011921231565975,1.4509803921569064,11.399999999999636,0.7000000000002728,2.2352941176470273,0.13725490196084025,0.8300838801187638,0.024433634948893643,-0.016531345862386974,True,True,False,0.024433634948893643,0.22613629920215317,27.07355357545012,17.3125030337279,-9.448800166214918,9.76105054172222,32.750815492421395,0,2,-1,5,1,3403.9,1.2941176470588287,MGC_v2
single,MGC,2025-08-12 14:14:00+02:00,2025-08-12 14:28:00+02:00,Short,UK,14,1,Stop Loss,-174.48000000000727,2.0,2,3388.5,3397.1000000000004,3397.1000000000004,8.600000000000364,0.2537996163494279,-1.0,2.0,15.5,0.2325581395348739,1.8023255813952725,1.5854374910777551,0.04678877057924613,0.0008366813219107436,True,True,False,0.04678877057924613,-0.406469579955683,-11.17392312312942,3.2805808836241077,-13.662501036867743,-14.454504006753528,-21.056123982767332,0,2,1,4,-1,3397.8,-1.0813953488371848,MGC_v2
single,MGC,2025-08-12 20:11:00+02:00,2025-08-12 21:07:00+02:00,Long,US,20,1,Stop Loss,-235.43999999998363,6.0,8,3401.0,3397.2000000000003,3397.2000000000003,3.799999999999727,0.11173184357541097,-1.0,0.5,5.300000000000182,0.1315789473684305,1.3947368421054112,2.0554969911054286,0.060438017968404256,-0.002257177118177481,False,False,False,-0.060438017968404256,0.01866065350441204,25.89573957390914,17.782784900527485,2.0731645001316252,8.112954673381655,-19.907017788014784,0,1,-1,1,-1,3396.8,-1.1052631578947683,MGC_v2
single,MGC,2025-08-12 21:28:00+02:00,2025-08-12 21:56:00+02:00,Long,US,21,1,Auto-Close (loss),-61.199999999995455,5.0,4,3399.9,3398.8,3395.6000000000004,4.299999999999727,0.12647430806787632,-0.25581395348836716,0.900000000000091,2.200000000000273,0.20930232558142978,0.5116279069768401,2.0871696197991696,0.06138914732195563,-0.006763680341059935,False,False,False,-0.06138914732195563,0.21967878035366084,4.063380735606028,-6.333412078146447,12.588437059505472,10.396792813752475,-1.063818917868991,0,3,-1,3,1,3399.4,-0.11627906976744924,MGC_v2
single,MGC,2025-08-13 01:45:00+02:00,2025-08-13 02:27:00+02:00,Short,Asia,1,2,Canal Exit,679.35999999997,11.0,6,3401.9,3395.6000000000004,3403.9,2.0,0.05879067579881831,3.1499999999998636,8.599999999999909,0.5,4.2999999999999545,0.25,0.2539974141664061,0.00746633981499768,0.007055564252069637,False,False,False,-0.00746633981499768,-0.2563831596125965,-11.15690240834535,-4.701317600724169,6.203363971008764,-6.455584807621181,-37.542340953870024,1,6,1,7,-1,3395.7,3.1000000000001364,MGC_v2
single,MGC,2025-08-13 05:43:00+02:00,2025-08-13 06:04:00+02:00,Short,Asia,5,2,Canal Exit,8.28000000000273,3.0,3,3399.3,3398.9,3405.2000000000003,5.900000000000091,0.1735651457653073,0.06779661016950589,1.800000000000182,1.699999999999818,0.305084745762738,0.2881355932203037,0.8209004985137653,0.02414910418361914,0.006613046060799047,False,False,False,-0.02414910418361914,-1.5029091639657963,-13.034644033849979,-11.329325832099752,1.4929159337889537,-1.7053182017502273,-20.63519900695637,3,3,1,3,-1,3398.8,0.0847457627118631,MGC_v2
single,MGC,2025-08-13 07:56:00+02:00,2025-08-13 08:24:00+02:00,Long,Asia,7,2,Canal Exit,107.28000000000819,3.0,4,3401.0,3404.7000000000003,3394.8,6.199999999999818,0.18229932372830984,0.5967741935484486,5.0,3.099999999999909,0.8064516129032495,0.5,1.4193898241292118,0.04173448468477541,-0.00716180079371885,False,True,True,-0.04173448468477541,0.1020926113983478,10.192108076902583,-3.9357829415154617,1.8295009220518306,14.127891018418044,43.334625634393674,0,4,-1,6,1,3407.4,1.032258064516174,MGC_v2
single,MGC,2025-08-13 13:11:00+02:00,2025-08-13 15:59:00+02:00,Short,UK,13,2,Stop Loss,-216.9599999999891,4.0,24,3412.6000000000004,3417.9,3417.9,5.299999999999727,0.15530680419620602,-1.0,8.700000000000273,6.899999999999636,1.6415094339624001,1.3018867924528286,1.353682468327861,0.039667188311781655,0.016365494812311438,False,True,True,-0.039667188311781655,-0.2538941037910263,-31.04668231463966,-21.194320475747336,14.26060019111101,-9.852361838892325,42.15476154063677,0,2,1,10,1,3408.3,0.8113207547170572,MGC_v2
single,MGC,2025-08-14 01:03:00+02:00,2025-08-14 01:24:00+02:00,Long,Asia,1,3,Canal Exit,46.56000000000546,6.0,3,3409.5,3410.4,3405.9,3.599999999999909,0.10558732952045488,0.2500000000000316,1.199999999999818,1.099999999999909,0.33333333333329124,0.30555555555553804,0.3283075576682677,0.009629199520993333,-0.0009780713326085853,False,True,True,-0.009629199520993333,0.04535615594477349,24.690576059723593,20.56989484583659,4.258226388343375,4.1206812138870035,22.20265918419575,0,2,-1,4,-1,3411.7,0.6111111111110761,MGC_v2
single,MGC,2025-08-14 12:43:00+02:00,2025-08-14 15:03:00+02:00,Short,UK,12,3,Canal Exit,-96.71999999999727,3.0,20,3400.9,3404.0,3407.9,7.0,0.20582786909347522,-0.44285714285712985,10.900000000000091,6.599999999999909,1.55714285714287,0.9428571428571298,4.028051146362486,0.11844074057933153,0.026183197205604428,True,False,True,0.11844074057933153,-0.7483396889765572,-24.06242349370009,-12.598542648331799,-8.122466600014274,-11.463880845368292,18.93547658420301,0,2,1,2,-1,3398.0,0.4142857142857273,MGC_v2
single,MGC,2025-08-14 15:10:00+02:00,2025-08-14 15:59:00+02:00,Long,UK,15,3,Stop Loss,-143.24000000000274,1.0,7,3404.1000000000004,3389.9,3389.9,14.200000000000273,0.41714403219647694,-1.0,0.5999999999994543,17.900000000000546,0.04225352112672132,1.2605633802817044,2.1823820291692755,0.06411039714371715,-0.0167517116401174,False,False,False,-0.06411039714371715,0.07071650719308309,23.334448876050637,21.134962730126755,10.379969136570205,2.1994861459238813,-40.34391627085644,0,1,-1,2,1,3392.4,-0.8239436619718343,MGC_v2
single,MGC,2025-08-14 18:05:00+02:00,2025-08-14 21:56:00+02:00,Short,US,18,3,Auto-Close (loss),-46.47999999999636,2.0,33,3383.2000000000003,3385.4,3394.6000000000004,11.400000000000091,0.3369590919839232,-0.19298245614033338,7.600000000000364,4.699999999999818,0.6666666666666933,0.4122807017543667,3.2835958337136617,0.09705591847108246,-0.0071204794561720314,True,True,False,0.09705591847108246,-0.3982967448373529,-6.73841828208945,6.444209294779346,-10.622300095095321,-13.182627576868796,-36.46191262238425,0,3,1,3,1,3382.2,0.08771929824565322,MGC_v2
single,MGC,2025-08-15 01:24:00+02:00,2025-08-15 01:45:00+02:00,Long,Asia,1,4,Canal Exit,150.84000000001637,9.0,3,3380.3,3382.1000000000004,3377.7000000000003,2.599999999999909,0.07691625003697627,0.6923076923077864,1.8999999999996362,1.2000000000002728,0.7307692307691164,0.46153846153858263,0.3469204045186416,0.010263006375725279,-0.012369273885985558,False,True,True,-0.010263006375725279,0.2652362890830773,31.560844356410712,23.197067817553698,-5.298672921346136,8.363776538857014,48.86546968137152,0,3,-1,5,1,3380.5,0.07692307692300965,MGC_v2
single,MGC,2025-08-15 12:08:00+02:00,2025-08-15 13:04:00+02:00,Short,UK,12,4,Canal Exit,118.8,5.0,8,3386.7000000000003,3384.2,3391.3,4.599999999999909,0.13582543478902498,0.5434782608696748,4.500000000000455,1.199999999999818,0.9782608695653356,0.26086956521735694,0.8431813064898961,0.024896840773906637,0.0027365526326365627,True,False,True,0.024896840773906637,-0.05388701367201065,-29.14539046123916,-24.339930514151508,-3.042799861990583,-4.805459947087652,0.6486140405023209,0,3,1,1,1,3385.5,0.2608695652174558,MGC_v2
single,MGC,2025-08-15 14:35:00+02:00,2025-08-15 14:56:00+02:00,Long,UK,14,4,Canal Exit,1.519999999996362,2.0,3,3389.2000000000003,3389.4,3379.6000000000004,9.599999999999909,0.2832526849994072,0.020833333333314583,4.099999999999909,5.900000000000091,0.42708333333332793,0.6145833333333486,0.16756235502725758,0.00494400905898907,-0.0030534209126734588,False,True,True,-0.00494400905898907,0.06564259003607731,2.4619539691309917,-9.084955693640028,-9.474310837555715,11.54690966277102,26.63546003242739,0,3,-1,5,1,3385.1,-0.4270833333333753,MGC_v2
single,MGC,2025-08-15 15:17:00+02:00,2025-08-15 15:52:00+02:00,Short,UK,15,4,Canal Exit,113.28000000000273,3.0,5,3386.3,3382.4,3393.4,7.099999999999909,0.20966836960694293,0.5492957746479071,7.0,2.0,0.9859154929577592,0.28169014084507404,1.1008268028981547,0.03250824802581445,0.009844746604193384,True,False,True,0.03250824802581445,-0.24169341091237584,-19.42715341059179,-13.856646626449987,-2.5686053672358717,-5.570506784141802,-28.06759431647469,0,2,1,4,-1,3386.5,-0.028169014084481782,MGC_v2
single,MGC,2025-08-18 04:19:00+02:00,2025-08-18 05:36:00+02:00,Short,Asia,4,0,Stop Loss,-236.19999999999544,5.0,11,3388.9,3393.5,3393.5,4.599999999999909,0.13573725987783378,-1.0,1.400000000000091,5.199999999999818,0.3043478260869823,1.1304347826086785,1.5277269329235423,0.04508031906882889,0.03191093094431417,True,False,True,0.04508031906882889,-0.5362882578133394,-22.937515508513584,-12.345068035173739,11.635416199057142,-10.592447473339845,40.23105200341669,0,2,1,1,-1,3396.8,-1.71739130434788,MGC_v2
single,MGC,2025-08-18 12:29:00+02:00,2025-08-18 14:00:00+02:00,Short,UK,12,0,Canal Exit,82.56,6.0,13,3393.8,3392.3000000000006,3397.5,3.699999999999818,0.10902233484589008,0.40540540540530245,3.5,2.0,0.9459459459459925,0.5405405405405671,0.8801918545186709,0.025935289484314658,0.002219416921154251,True,False,True,0.025935289484314658,-0.07106401439295951,-22.548066233962967,-18.114303475267555,4.2429861250680405,-4.433762758695412,-34.179052864259134,0,2,1,4,-1,3392.2,0.432432432432552,MGC_v2
single,MGC,2025-08-19 01:17:00+02:00,2025-08-19 01:38:00+02:00,Short,Asia,1,1,Canal Exit,-2.640000000010005,11.0,3,3378.2000000000003,3378.1000000000004,3380.3,2.099999999999909,0.062163282221298584,0.04761904761900637,2.0000000000004547,0.8999999999996362,0.9523809523812101,0.4285714285712739,0.2608252223835734,0.007720834242601782,0.003065444822394893,True,False,True,0.007720834242601782,-0.16234957483447943,-12.493868053719549,-2.445431710886144,0.12654100566788293,-10.048436342833405,-25.12469646899941,0,3,1,2,-1,3375.9,1.0952380952382292,MGC_v2
single,MGC,2025-08-19 02:13:00+02:00,2025-08-19 02:55:00+02:00,Long,Asia,2,1,Canal Exit,-50.24000000000091,1.0,6,3383.2000000000003,3378.3,3370.6000000000004,12.599999999999909,0.3724284700874884,-0.3888888888888989,0.6999999999998181,6.300000000000182,0.05555555555554152,0.5000000000000181,1.3527356563472495,0.03998391039096859,-0.009145349945231153,False,True,True,-0.03998391039096859,0.25437450014396745,19.945330912201513,5.791514515475017,-2.1848776325608483,14.153816396726496,-32.102105565476066,0,3,-1,2,1,3375.7,-0.5952380952381356,MGC_v2
single,MGC,2025-08-19 04:54:00+02:00,2025-08-19 05:15:00+02:00,Long,Asia,4,1,Canal Exit,74.27999999999727,3.0,3,3381.6000000000004,3384.2000000000003,3373.8,7.800000000000182,0.2306600425833978,0.3333333333333139,3.0999999999994543,3.100000000000364,0.3974358974358182,0.3974358974359348,1.2165052017007838,0.035974248926566824,-0.0055149571312787925,True,True,False,0.035974248926566824,1.3606918624450373,24.7897014178193,19.68532263538976,-2.625418150231193,5.104378782429539,47.01771148829087,2,3,-1,6,1,3381.2,-0.051282051282120045,MGC_v2
single,MGC,2025-08-19 08:24:00+02:00,2025-08-19 09:06:00+02:00,Short,Asia,8,1,Stop Loss,-232.96000000001092,4.0,6,3379.5,3385.2000000000003,3385.2000000000003,5.700000000000273,0.1686640035508292,-1.0,1.199999999999818,6.599999999999909,0.2105263157894317,1.1578947368420338,1.1574593789919163,0.03424942680846031,-0.0012465894938790102,False,False,False,-0.03424942680846031,-0.05994617724263662,-16.488816239256202,-12.646332147858674,9.502231054013254,-3.8424840913975284,35.81825415173615,0,3,1,2,-1,3383.7,-0.7368421052630907,MGC_v2
single,MGC,2025-08-20 07:56:00+02:00,2025-08-20 09:27:00+02:00,Long,Asia,7,2,Canal Exit,17.280000000008187,3.0,13,3366.5,3367.2000000000003,3359.8,6.699999999999818,0.19901975345313583,0.10447761194034207,3.599999999999909,2.699999999999818,0.5373134328358219,0.40298507462684946,0.15518236000389152,0.004609605228097179,0.00036505054507919934,False,True,True,-0.004609605228097179,0.962270923532742,34.929719035327636,33.02105743837608,8.895196898620451,1.9086615969515535,23.49337918772161,2,3,-1,7,1,3365.9,-0.089552238805959,MGC_v2
single,MGC,2025-08-20 18:05:00+02:00,2025-08-20 21:35:00+02:00,Long,US,18,2,Canal Exit,143.0400000000109,4.0,30,3387.4,3391.1000000000004,3382.6000000000004,4.799999999999727,0.1417016000472258,0.770833333333434,5.400000000000091,1.400000000000091,1.1250000000000828,0.2916666666667022,4.800019981593323,0.1417021899271808,-0.011281020371585723,False,True,True,-0.1417021899271808,0.507022004571354,16.7157440530782,5.166154122713532,12.341965042564787,11.549589930364668,22.36977443353027,1,2,-1,6,1,3391.2,0.7916666666666549,MGC_v2
single,MGC,2025-08-21 01:03:00+02:00,2025-08-21 06:39:00+02:00,Short,Asia,1,3,Canal Exit,453.7999999999909,5.0,48,3390.5,3381.3,3394.7000000000003,4.200000000000273,0.12387553458192813,2.190476190476005,9.599999999999909,1.300000000000182,2.2857142857141155,0.30952380952383274,0.6619929123289694,0.019524934739093627,0.004527895975918692,False,False,False,-0.019524934739093627,-0.06535164037313734,-17.452239586732034,-8.735746437981623,2.8292628019323374,-8.716493148750411,-7.500270091904749,0,3,1,5,1,3381.5,2.142857142857004,MGC_v2
single,MGC,2025-08-21 08:17:00+02:00,2025-08-21 09:34:00+02:00,Short,Asia,8,3,Stop Loss,-212.95999999999273,4.0,11,3377.7000000000003,3382.9,3382.9,5.199999999999818,0.15395091334339395,-1.0,1.2000000000002728,5.299999999999727,0.23076923076929132,1.0192307692307525,0.7888590992733953,0.02335491900622895,-0.0001483497998127845,True,True,False,0.02335491900622895,-0.46034603995758516,-25.24040133603019,-18.71368202960135,-10.854390125195321,-6.526719306428838,20.6322337177973,0,2,1,3,-1,3382.4,-0.9038461538461505,MGC_v2
single,MGC,2025-08-21 12:15:00+02:00,2025-08-21 12:43:00+02:00,Short,UK,12,3,Canal Exit,530.3199999999873,7.0,4,3381.8,3374.100000000001,3385.1000000000004,3.300000000000182,0.09758116979124082,2.333333333333012,10.700000000000273,1.199999999999818,3.2424242424241463,0.3636363636362885,0.14530827522594336,0.004296773174816469,0.0034742392100500343,True,False,True,0.004296773174816469,-0.03822185811759482,-14.306564091789156,-5.7050975815336615,3.358180767425979,-8.601466510255495,-45.63450402467882,0,4,1,1,-1,3370.3,3.4848484848482926,MGC_v2
single,MGC,2025-08-21 15:52:00+02:00,2025-08-21 16:34:00+02:00,Short,US,15,3,Stop Loss,-172.48,2.0,6,3382.7000000000003,3391.2000000000003,3391.2000000000003,8.5,0.2512785644603423,-1.0,2.400000000000091,9.299999999999727,0.2823529411764813,1.0941176470587914,2.0276859791129027,0.05994282611857104,0.033737341504566164,True,False,True,0.05994282611857104,-1.4258905166166187,-0.1854724046151457,6.710168376211679,3.003110344395896,-6.895640780826825,36.054640824545686,1,2,1,7,1,3386.7,-0.47058823529406413,MGC_v2
single,MGC,2025-08-21 17:37:00+02:00,2025-08-21 21:56:00+02:00,Long,US,17,3,Auto-Close (loss),-120.48000000000182,2.0,37,3389.3,3383.4,3380.2000000000003,9.099999999999909,0.26849201900097097,-0.6483516483516648,0.8999999999996362,8.300000000000182,0.09890109890105991,0.9120879120879412,3.776443449186445,0.11142251937528234,-0.012191270406704945,False,True,True,-0.11142251937528234,0.45363262833961926,31.77317021094636,18.483236326931483,13.272434110699242,13.289933884014879,-37.75367520848799,0,2,-1,2,1,3382.9,-0.7032967032967203,MGC_v2
single,MGC,2025-08-22 00:28:00+02:00,2025-08-22 01:10:00+02:00,Long,Asia,0,4,Stop Loss,-233.92000000001454,8.0,6,3384.8,3382.0,3382.0,2.800000000000182,0.0827227605767012,-1.0,0.1999999999998181,3.400000000000091,0.07142857142850183,1.2142857142856678,0.39990600892542716,0.011814760367685747,-0.0015659987789124735,True,True,False,0.011814760367685747,0.2716099811214008,28.23721721049526,23.261856671921805,1.1662999920478778,4.9753605385734545,-43.14432875577807,0,2,-1,1,1,3382.5,-0.821428571428583,MGC_v2
single,MGC,2025-08-22 13:11:00+02:00,2025-08-22 13:46:00+02:00,Short,UK,13,4,Canal Exit,-7.4399999999999995,6.0,5,3370.1000000000004,3370.1000000000004,3373.9,3.799999999999727,0.11275629803269123,-0.0,0.7000000000002728,2.699999999999818,0.1842105263158745,0.7105263157894768,0.040779245701742184,0.0012100307320774511,0.00343144238359861,False,False,False,-0.0012100307320774511,-0.5158757984750082,-14.70668754326225,-4.058630555666353,2.5400033934499278,-10.648056987595897,1.4822999769869911,5,2,1,4,1,3370.8,-0.18421052631575482,MGC_v2
single,MGC,2025-08-22 15:24:00+02:00,2025-08-22 15:45:00+02:00,Long,US,15,4,Canal Exit,87.52,2.0,3,3372.3,3376.8,3363.4,8.900000000000091,0.2639148355721641,0.5056179775280847,6.399999999999636,3.600000000000364,0.7191011235954574,0.40449438202250865,0.0823416471530436,0.002441705872936678,-0.013327642609938,False,True,True,-0.002441705872936678,0.6542443671310139,34.42381357273632,31.521196113517835,-11.777340075155935,2.9026174592184866,36.81712152473982,0,3,-1,2,1,3395.5,2.606741573033661,MGC_v2
single,MGC,2025-08-22 19:01:00+02:00,2025-08-22 21:56:00+02:00,Long,US,19,4,Auto-Close (profit),11.040000000003637,4.0,25,3417.2000000000003,3417.6000000000004,3411.6000000000004,5.599999999999909,0.16387685824651493,0.07142857142858883,3.4999999999995453,2.700000000000273,0.624999999999929,0.4821428571429137,13.39656771672253,0.39203346941128786,-0.00687722662145333,False,False,False,-0.39203346941128786,0.8248983316721024,3.9234818618186784,-2.599081791381358,31.08833225304241,6.522563653200036,35.98103319471121,0,6,-1,1,-1,3416.9,-0.053571428571461924,MGC_v2
single,MGC,2025-08-25 17:44:00+02:00,2025-08-25 18:12:00+02:00,Short,US,17,0,Canal Exit,26.32,7.0,4,3418.4,3417.9,3421.7000000000003,3.300000000000182,0.09653639129417803,0.15151515151514316,1.400000000000091,1.2999999999997272,0.4242424242424284,0.39393939393928956,0.042296517573959136,0.0012373191426971431,0.01884922948542155,True,False,True,0.0012373191426971431,-0.40708124281854907,-32.43288991792566,-29.616649533315407,12.73868305379157,-2.81624038461025,3.5352156312055163,0,1,1,2,1,3418.5,-0.030303030303001074,MGC_v2
single,MGC,2025-08-25 19:01:00+02:00,2025-08-25 19:29:00+02:00,Long,US,19,0,Stop Loss,-236.16,9.0,4,3418.7000000000003,3416.2000000000003,3416.2000000000003,2.5,0.07312721209816596,-1.0,0.6999999999998181,3.200000000000273,0.27999999999992725,1.280000000000109,2.237005238504935,0.06543438261634348,-0.002440868928380361,False,False,False,-0.06543438261634348,0.012147554699822649,17.28265710184443,13.795050120959623,12.288422814487136,3.487606980884806,-24.987924290328586,0,1,-1,2,1,3416.5,-0.8800000000001091,MGC_v2
single,MGC,2025-08-25 20:18:00+02:00,2025-08-25 20:46:00+02:00,Long,US,20,0,Stop Loss,-244.63999999998998,11.0,4,3417.0,3414.9,3414.9,2.099999999999909,0.06145741878840822,-1.0,1.199999999999818,2.5,0.5714285714285096,1.190476190476242,1.6588494105371865,0.04854695377632972,-0.007801930038383874,False,False,False,-0.04854695377632972,0.2736603961425317,5.235477796997285,-1.8115560314898884,3.299860040048504,7.047033828487174,-21.047061069213935,1,2,-1,6,1,3413.1,-1.8571428571429809,MGC_v2
single,MGC,2025-08-26 05:36:00+02:00,2025-08-26 07:21:00+02:00,Long,Asia,5,1,Canal Exit,102.08000000000727,8.0,15,3420.8,3422.2000000000003,3417.9,2.900000000000091,0.08477549111319255,0.4827586206896714,5.699999999999818,0.7000000000002728,1.965517241379186,0.2413793103449141,7.189910163706372,0.2101821259268701,-0.019120043490869935,False,True,True,-0.2101821259268701,0.01804054745207395,7.1257397655879195,0.8034270907642433,14.631251636796705,6.322312674823676,-40.342507753006224,0,2,-1,6,-1,3423.4,0.8965517241378715,MGC_v2
single,MGC,2025-08-26 13:04:00+02:00,2025-08-26 13:25:00+02:00,Long,UK,13,1,Canal Exit,49.519999999998184,2.0,3,3422.7000000000003,3425.3,3412.7000000000003,10.0,0.2921670026587197,0.2599999999999909,2.9999999999995453,3.700000000000273,0.2999999999999545,0.3700000000000273,1.764501787178233,0.051552919834581844,-0.02253644592866083,False,True,True,-0.051552919834581844,0.18174991452679023,34.847108762559515,27.571379298072493,-14.490115715748397,7.275729464487021,43.08730481844212,0,3,-1,7,1,3427.7,0.49999999999995454,MGC_v2
single,MGC,2025-08-26 16:20:00+02:00,2025-08-26 17:02:00+02:00,Long,US,16,1,Canal Exit,131.28,3.0,6,3423.0,3427.5,3416.9,6.099999999999909,0.17820625182588107,0.7377049180327979,6.300000000000182,2.099999999999909,1.0327868852459468,0.34426229508195744,1.276983440292497,0.037305972547253784,-0.007070876541526752,False,True,True,-0.037305972547253784,0.3498644917654019,2.74834152316791,-3.0311682018501105,6.774997615094776,5.77950972501802,35.47830092832503,0,6,-1,4,1,3430.4,1.2131147540983938,MGC_v2
single,MGC,2025-08-27 00:14:00+02:00,2025-08-27 12:08:00+02:00,Short,Asia,0,2,Canal Exit,344.2800000000109,3.0,102,3438.6000000000004,3427.0,3444.5,5.899999999999636,0.17158145756993065,1.966101694915437,15.600000000000364,4.899999999999636,2.6440677966103943,0.8305084745762608,0.04527816868903756,0.001316761725383515,0.016405664585065115,False,False,False,-0.001316761725383515,-0.011101275269538746,-33.51371651135454,-21.282097966604148,9.454997418255765,-12.23161854475039,-37.19744645704253,0,2,1,3,-1,3423.7,2.5254237288138075,MGC_v2
single,MGC,2025-08-27 13:46:00+02:00,2025-08-27 14:14:00+02:00,Long,UK,13,2,Canal Exit,47.040000000007275,4.0,4,3426.5,3427.8,3421.1000000000004,5.399999999999636,0.15759521377497845,0.24074074074079063,1.5,3.800000000000182,0.2777777777777965,0.7037037037037848,0.4831571128188443,0.014100601570665236,-0.014249776963748687,False,True,True,-0.014100601570665236,0.6753323330490275,6.7974913967976995,-4.0445088199622035,-1.9092729937397266,10.842000216759903,20.97140881795737,1,2,-1,3,-1,3430.2,0.6851851851851977,MGC_v2
single,MGC,2025-08-27 20:39:00+02:00,2025-08-27 21:56:00+02:00,Long,US,20,2,Auto-Close (profit),16.56000000000546,6.0,11,3448.8,3449.2000000000003,3444.9,3.900000000000091,0.1130828114126679,0.10256410256412349,1.0,1.800000000000182,0.25641025641025045,0.4615384615384974,3.9520340604995,0.11459156983587043,0.004282599335451507,False,False,False,-0.11459156983587043,0.167932950307204,22.935175035274113,22.417144890451105,25.072670188471978,0.5180301448230082,22.06200828120716,0,2,-1,2,-1,3449.0,0.051282051282003444,MGC_v2
single,MGC,2025-08-28 04:40:00+02:00,2025-08-28 05:08:00+02:00,Long,Asia,4,3,Canal Exit,58.80000000000909,5.0,4,3446.4,3447.7,3442.3,4.099999999999909,0.11896471680593979,0.3170731707316478,2.0,2.0,0.4878048780487913,0.4878048780487913,0.21765897679324553,0.006315545984019427,-0.014670544873905985,True,True,False,0.006315545984019427,0.5157087833795231,22.481120900522846,22.327451823332222,-13.4281445889428,0.1536690771906244,36.915791513740196,0,4,-1,8,1,3445.1,-0.3170731707317587,MGC_v2
single,MGC,2025-08-28 05:50:00+02:00,2025-08-28 08:03:00+02:00,Short,Asia,5,3,Stop Loss,-229.43999999998908,6.0,19,3444.8,3448.5,3448.5,3.699999999999818,0.10740826753366867,-1.0,1.6000000000003638,5.5,0.432432432432552,1.4864864864865595,1.8487059074177523,0.05366656721486741,0.005547071998041386,True,True,False,0.05366656721486741,-0.15392675985367532,-30.612430962032573,-30.604287749779765,-9.404424300387964,-0.008143212252807785,30.940889520540416,0,2,1,2,-1,3449.3,-1.216216216216276,MGC_v2
single,MGC,2025-08-28 08:10:00+02:00,2025-08-28 11:47:00+02:00,Long,Asia,8,3,Canal Exit,388.80000000000456,5.0,31,3447.7000000000003,3455.6,3443.1000000000004,4.599999999999909,0.13342228152101135,1.7173913043477809,9.999999999999545,0.900000000000091,2.173913043478205,0.1956521739130671,1.3054693927242624,0.03786493583328777,-0.0035131502264133074,True,True,False,0.03786493583328777,0.9315450686776785,34.58758039875882,32.76423495964954,7.090044397586271,1.823345439109275,-15.845057925977564,1,1,-1,1,-1,3454.6,1.4999999999999505,MGC_v2
single,MGC,2025-08-28 12:01:00+02:00,2025-08-28 13:18:00+02:00,Short,UK,12,3,Stop Loss,-210.72000000000273,3.0,11,3450.9,3457.8000000000006,3457.8,6.900000000000091,0.19994783969399552,-1.000000000000066,0.5,7.099999999999909,0.07246376811594107,1.02898550724635,0.7846496103948084,0.022737535436981902,0.011416006793747593,False,False,False,-0.022737535436981902,-0.012312178431329812,-31.10616765938405,-23.98567336274117,17.65921229000911,-7.120494296642878,20.58774118141231,0,2,1,3,-1,3463.0,-1.7536231884057607,MGC_v2
single,MGC,2025-08-28 13:25:00+02:00,2025-08-28 14:14:00+02:00,Long,UK,13,3,Canal Exit,83.52000000000363,2.0,7,3462.3,3466.6000000000004,3452.8,9.5,0.2743840799468561,0.4526315789473876,4.599999999999909,4.800000000000182,0.4842105263157799,0.505263157894756,0.34610626374887943,0.009996426183429495,-0.007131465729070284,True,True,False,0.009996426183429495,2.5218804352489315,34.4810478715617,27.534394526486924,10.135126961624886,6.946653345074775,21.851364409073256,3,2,-1,2,-1,3461.1,-0.12631578947371294,MGC_v2
single,MGC,2025-08-29 07:56:00+02:00,2025-08-29 08:38:00+02:00,Long,Asia,7,4,Stop Loss,-231.2,5.0,6,3471.6000000000004,3467.1,3467.1000000000004,4.5,0.12962322848254407,-1.000000000000101,0.5999999999994543,5.000000000000455,0.13333333333321207,1.1111111111112122,1.1998935913552486,0.03456312914377372,-0.005906249536901225,True,True,False,0.03456312914377372,0.5110330262205025,34.0574513114339,30.635737746389882,-8.554932990678664,3.421713565044019,-30.383448248293217,1,2,-1,2,1,3469.0,-0.5777777777778587,MGC_v2
single,MGC,2025-08-29 08:45:00+02:00,2025-08-29 09:34:00+02:00,Short,Asia,8,4,Canal Exit,-1.4400000000054565,6.0,7,3468.4,3468.3000000000006,3472.3,3.900000000000091,0.11244377811094715,0.02564102564088512,2.300000000000182,3.400000000000091,0.5897435897436226,0.8717948717948748,1.0354248525918592,0.02985309804497345,0.005385009160100017,True,False,True,0.02985309804497345,-0.38748129152418187,-30.99283125238289,-30.688139750338138,-8.36233521512854,-0.3046915020447507,-25.333966020164553,1,1,1,4,-1,3470.1,-0.4358974358973791,MGC_v2
single,MGC,2025-08-29 13:39:00+02:00,2025-08-29 13:53:00+02:00,Long,UK,13,4,Canal Exit,143.8,5.0,2,3466.9,3469.9,3462.9,4.0,0.1153768496351207,0.75,3.5,0.599999999999909,0.875,0.14999999999997726,0.011869842246596818,0.0003423762510195511,-0.013444418935315991,True,True,False,0.0003423762510195511,0.45486618572431325,34.085952109953496,28.85591229248389,-3.400324083787788,5.230039817469606,42.94058986129373,0,2,-1,5,1,3471.5,1.1499999999999773,MGC_v2
single,MGC,2025-09-01 18:19:00+02:00,2025-09-01 19:29:00+02:00,Long,US,18,0,Canal Exit,158.07999999999274,8.0,10,3545.2000000000003,3547.3,3542.5,2.700000000000273,0.07615931400203861,0.7777777777776655,2.699999999999818,0.5000000000004547,0.9999999999998316,0.1851851851853349,1.845504685639753,0.05205643364661381,-0.007034031211326284,False,True,True,-0.05205643364661381,0.026362048913142644,14.308575760029516,6.409262149430016,5.832640661106563,7.8993136105995,-4.63855963087428,0,5,-1,4,-1,3547.0,0.6666666666664982,MGC_v2
single,MGC,2025-09-01 20:25:00+02:00,2025-09-02 00:00:00+02:00,Short,Asia,20,0,Stop Loss,-244.63999999998998,11.0,1,3545.7000000000003,3547.8,3547.8,2.099999999999909,0.05922666892291815,-1.0,4.547473508864641e-13,5.399999999999636,2.165463575649923e-13,2.5714285714285094,0.13825949231977575,0.003899356750987837,0.004654289929755941,False,False,False,-0.003899356750987837,-0.24917755045134982,-32.43263767628751,-28.67793255032134,4.511981741725591,-3.754705125966172,-7.268170689933832,0,1,1,4,-1,3550.1,-2.0952380952380127,MGC_v2
single,MGC,2025-09-02 00:07:00+02:00,2025-09-02 00:49:00+02:00,Long,Asia,0,1,Canal Exit,-164.96,4.0,6,3550.7000000000003,3546.7000000000003,3545.6000000000004,5.099999999999909,0.14363364970287293,-0.7843137254902101,1.7999999999997272,4.200000000000273,0.352941176470541,0.8235294117647741,0.31184461747943715,0.008782623637013466,-0.0005770193925081115,True,True,False,0.008782623637013466,0.7653432907973183,15.311847842845438,4.021838576455725,5.545090348032294,11.290009266389713,-37.848095878174206,1,3,-1,2,1,3547.5,-0.6274509803922216,MGC_v2
single,MGC,2025-09-02 01:24:00+02:00,2025-09-02 01:52:00+02:00,Long,Asia,1,1,Canal Exit,88.80000000000454,5.0,4,3549.8,3551.7,3545.6000000000004,4.199999999999818,0.1183165248746357,0.4523809523808854,3.5,1.1000000000003638,0.8333333333333695,0.26190476190485984,1.0970623027542388,0.030904904579250627,-0.002566851670176829,False,True,True,-0.030904904579250627,0.05536043893062015,24.84525733981646,19.05525233837073,3.8552495292993036,5.790005001445728,24.554635162527955,0,2,-1,4,1,3554.5,1.1190476190476242,MGC_v2
single,MGC,2025-09-02 05:08:00+02:00,2025-09-02 14:42:00+02:00,Short,Asia,5,1,Canal Exit,209.75999999999908,1.0,82,3563.9,3542.8,3578.5,14.599999999999909,0.4096635708072591,1.4452054794520575,26.40000000000009,4.0,1.8082191780822092,0.27397260273972773,3.1988555796988294,0.08975716433398326,0.019905490362757697,False,False,False,-0.08975716433398326,-0.903123794063049,-15.130733802316938,-7.456578286534554,23.37851389076012,-7.674155515782384,-37.77792548495884,1,2,1,5,-1,3547.7,1.109589041095916,MGC_v2
single,MGC,2025-09-02 16:06:00+02:00,2025-09-02 16:27:00+02:00,Long,US,16,1,Canal Exit,16.76000000000182,1.0,3,3558.4,3560.2000000000003,3542.0,16.40000000000009,0.4608812949640313,0.10975609756098609,9.199999999999818,7.900000000000091,0.5609756097560834,0.4817073170731736,2.980254924190376,0.08375266760876732,-0.009495979238698573,True,True,False,0.08375266760876732,3.697686445907493,14.584941957237419,12.010609416291455,4.062186017701291,2.5743325409459636,36.755683298366876,4,3,-1,2,1,3577.1,1.140243902439007,MGC_v2
single,MGC,2025-09-03 02:06:00+02:00,2025-09-03 03:23:00+02:00,Long,Asia,2,2,Canal Exit,238.80000000000456,5.0,11,3597.3,3602.2,3593.2000000000003,4.099999999999909,0.11397436966613596,1.19512195121945,19.59999999999991,1.1000000000003638,4.780487804878133,0.26829268292692393,1.7820748436752183,0.04953923341604031,-0.012978357706950548,False,True,True,-0.04953923341604031,0.4877151678424525,8.699706424136117,2.9092434308750557,6.668776455928179,5.790462993261062,-25.391907352699484,1,3,-1,4,-1,3603.4,1.4878048780487914,MGC_v2
single,MGC,2025-09-03 14:56:00+02:00,2025-09-03 15:52:00+02:00,Long,UK,14,2,Canal Exit,2.759999999996362,1.0,8,3620.6000000000004,3621.0,3607.1000000000004,13.5,0.37286637573882775,0.02962962962960268,7.099999999999454,7.400000000000546,0.5259259259258855,0.5481481481481886,1.5586714483279138,0.04305008695597176,0.007521308701727766,False,False,False,-0.04305008695597176,0.4601850672524961,32.81821414965992,29.001144661041238,9.817404877713752,3.817069488618685,-26.738117080275913,0,2,-1,5,-1,3624.5,0.28888888888886194,MGC_v2
single,MGC,2025-09-04 10:44:00+02:00,2025-09-04 12:08:00+02:00,Short,UK,10,3,Stop Loss,-198.72,3.0,12,3598.0,3604.5,3604.5,6.5,0.18065591995553085,-1.0,4.099999999999909,7.0,0.6307692307692168,1.0769230769230769,0.338958254181307,0.009420740805483796,0.019092556431653557,False,False,False,-0.009420740805483796,-0.030191236930932064,-19.38688589124195,-17.04790496803203,9.469076149354064,-2.3389809232099203,21.384081116481195,0,1,1,2,-1,3598.4,-0.06153846153847553,MGC_v2
single,MGC,2025-09-04 12:15:00+02:00,2025-09-04 14:07:00+02:00,Long,UK,12,3,Canal Exit,307.0399999999891,4.0,16,3599.6000000000004,3607.4,3593.8,5.800000000000182,0.16112901433493115,1.3448275862068073,8.999999999999545,5.300000000000182,1.5517241379309075,0.9137931034482786,2.2595064882389124,0.06277104367815625,-0.007282393662645124,False,True,True,-0.06277104367815625,1.089687777013296,27.877373510053125,24.630727313267077,4.674161710802191,3.246646196786049,16.392552259490998,2,1,-1,2,-1,3604.8,0.8965517241378715,MGC_v2
single,MGC,2025-09-04 15:59:00+02:00,2025-09-04 17:02:00+02:00,Short,US,15,3,Canal Exit,-93.23999999999818,1.0,9,3598.7000000000003,3607.9,3617.8,19.09999999999991,0.5307472142718178,-0.48167539267014986,7.100000000000364,10.599999999999909,0.3717277486911203,0.5549738219895267,0.0675730415068756,0.0018777069916046235,0.02728104663099588,False,False,False,-0.0018777069916046235,-1.3237429366586184,-29.284459530483083,-22.697386371539583,1.8799286224516376,-6.5870731589435,26.955570408968804,0,1,1,1,-1,3605.6,-0.3612565445026005,MGC_v2
single,MGC,2025-09-05 05:08:00+02:00,2025-09-05 06:18:00+02:00,Long,Asia,5,4,Canal Exit,176.28,3.0,10,3612.0,3618.0,3604.9,7.099999999999909,0.19656699889257778,0.8450704225352221,6.5,2.5,0.9154929577464906,0.35211267605634256,3.061606356985976,0.08476208075819425,-0.009789577286314403,False,True,True,-0.08476208075819425,0.5543541054416892,27.847506825842466,25.212368421512068,14.717315778793784,2.635138404330398,14.440867924318306,0,6,-1,3,-1,3617.3,0.7464788732394718,MGC_v2
single,MGC,2025-09-05 17:30:00+02:00,2025-09-05 21:56:00+02:00,Long,US,17,4,Auto-Close (profit),9.760000000003638,1.0,38,3645.5,3646.6000000000004,3626.4,19.09999999999991,0.5239336167878181,0.05759162303666854,10.0,6.5,0.5235602094240862,0.3403141361256561,7.972561674043391,0.21869597240552438,0.0068765888245337255,False,False,False,-0.21869597240552438,1.106058345776546,13.710646032202334,12.897563979679985,9.10011644933089,0.8130820525223488,-11.41951055005775,0,4,-1,3,1,3642.5,-0.15706806282722588,MGC_v2
single,MGC,2025-09-08 05:15:00+02:00,2025-09-08 05:50:00+02:00,Short,Asia,5,0,Canal Exit,238.55999999999455,6.0,5,3631.0,3626.9,3634.9,3.900000000000091,0.10740842743046243,1.0512820512820034,5.0,0.3000000000001819,1.2820512820512522,0.07692307692312177,1.8267556089012942,0.05030998647483598,0.0062696651044680685,True,False,True,0.05030998647483598,-0.3928803688431799,-10.944940630155017,-3.3724523697387188,-5.123250579039478,-7.572488260416298,-38.93783583735643,1,5,1,6,-1,3623.4,1.9487179487178798,MGC_v2
single,MGC,2025-09-09 00:07:00+02:00,2025-09-09 00:42:00+02:00,Short,Asia,0,1,Canal Exit,159.32000000000636,7.0,5,3675.6000000000004,3673.2000000000003,3678.9,3.299999999999727,0.0897812602024085,0.727272727272815,4.800000000000182,2.199999999999818,1.45454545454563,0.6666666666666666,1.0505974520992822,0.028583019156036626,0.005652435691229663,True,False,True,0.028583019156036626,-0.23097338960542402,-9.553705612106132,-0.18198385713706422,2.4432389634090605,-9.371721754969068,-34.515655857382825,0,5,1,4,-1,3670.7,1.484848484848773,MGC_v2
single,MGC,2025-09-09 08:03:00+02:00,2025-09-09 08:24:00+02:00,Short,Asia,8,1,Canal Exit,6.760000000001819,1.0,3,3679.7000000000003,3678.9,3698.7000000000003,19.0,0.5163464412859743,0.04210526315790431,2.900000000000091,13.199999999999818,0.1526315789473732,0.6947368421052535,0.7672858940295555,0.020851860043741486,0.025897494494904603,True,False,True,0.020851860043741486,-0.6483261496459818,-29.27934815680207,-14.951268477770272,14.215101033520023,-14.328079679031797,-40.468096541540596,0,3,1,5,-1,3685.8,-0.3210526315789426,MGC_v2
single,MGC,2025-09-09 14:14:00+02:00,2025-09-09 14:35:00+02:00,Long,UK,14,1,Stop Loss,-216.9599999999891,4.0,3,3690.5,3685.2000000000003,3685.2000000000003,5.299999999999727,0.14361197669691714,-1.0,3.699999999999818,8.0,0.6981132075471714,1.5094339622642285,1.8624046835957415,0.0504648335888292,-0.00557364743604578,False,False,False,-0.0504648335888292,0.5223980808596025,15.368994490669735,7.497761059903372,2.4001667481099793,7.871233430766363,-28.9773547284193,1,1,-1,2,1,3687.4,-0.5849056603773715,MGC_v2
single,MGC,2025-09-09 15:10:00+02:00,2025-09-09 15:38:00+02:00,Long,UK,15,1,Canal Exit,191.52000000000547,2.0,4,3693.4,3703.1000000000004,3682.4,11.0,0.29782855905128064,0.8818181818182066,13.5,3.800000000000182,1.2272727272727273,0.345454545454562,1.7161535911618557,0.046465413742401464,-0.017795084122434635,False,True,True,-0.046465413742401464,0.7602971116775734,32.211746773497985,26.99103157349412,-4.368089305024713,5.220715200003866,38.690242292212474,0,2,-1,2,1,3707.4,1.2727272727272727,MGC_v2
single,MGC,2025-09-09 16:27:00+02:00,2025-09-09 17:09:00+02:00,Short,US,16,1,Canal Exit,101.76000000000182,1.0,6,3681.7000000000003,3671.4,3715.3,33.59999999999991,0.9126218866284572,0.3065476190476253,12.100000000000364,13.199999999999818,0.36011904761905944,0.3928571428571385,1.2932936290271755,0.035127621181171076,0.0320181438613353,False,False,False,-0.035127621181171076,-2.3165919677358033,-29.15934199608366,-28.907231711083913,3.5450015253467435,-0.2521102849997483,-14.95603103971857,0,1,1,2,1,3679.3,0.07142857142857433,MGC_v2
single,MGC,2025-09-09 19:29:00+02:00,2025-09-09 21:35:00+02:00,Short,US,19,1,Canal Exit,305.28000000000543,3.0,18,3682.2000000000003,3671.9,3688.6000000000004,6.400000000000091,0.1738091358427052,1.6093750000000056,10.500000000000455,2.599999999999909,1.6406250000000477,0.40624999999998,2.383038871445933,0.064717801082123,0.008141576259290724,True,False,True,0.064717801082123,-0.9317093526319695,-24.914249544090485,-23.004737054353576,-10.301637205403983,-1.9095124897369082,-30.020013971949684,0,3,1,3,1,3669.0,2.0625000000000133,MGC_v2
single,MGC,2025-09-10 10:44:00+02:00,2025-09-10 12:29:00+02:00,Long,UK,10,2,Canal Exit,488.80000000000456,5.0,15,3685.0,3694.9,3680.7000000000003,4.299999999999727,0.11668928086837793,2.302325581395516,10.099999999999909,1.800000000000182,2.3488372093024537,0.41860465116285955,2.1902626384789983,0.05943724934814107,-0.0013809836449362122,False,True,True,-0.05943724934814107,0.33166820606084,11.86230059117239,2.5891515681369626,18.41257151704703,9.273149023035428,15.800786442441007,1,3,-1,3,-1,3695.6,2.465116279069903,MGC_v2
single,MGC,2025-09-10 15:24:00+02:00,2025-09-10 16:06:00+02:00,Long,US,15,2,Canal Exit,87.52,2.0,6,3688.4,3692.9,3678.9,9.5,0.25756425550374146,0.47368421052631576,5.900000000000091,2.700000000000273,0.621052631578957,0.28421052631581817,2.5973415224898417,0.07041919321358425,-0.023061951329441457,False,True,True,-0.07041919321358425,0.6198891284939236,27.063193102815625,21.15357131603885,-2.5579878644642875,5.909621786776775,17.562342130021655,0,2,-1,4,-1,3692.7,0.4526315789473397,MGC_v2
single,MGC,2025-09-10 19:29:00+02:00,2025-09-10 21:21:00+02:00,Long,US,19,2,Stop Loss,-198.72,3.0,16,3685.4,3678.9,3678.9,6.5,0.1763716285884843,-1.0,4.199999999999818,6.700000000000273,0.6461538461538182,1.0307692307692728,1.2786945578609448,0.03469622179033334,-0.009033368935200493,True,False,True,0.03469622179033334,0.7098887132069649,13.745087436540379,10.710343510182486,-1.2760821862844693,3.0347439263578924,-41.90259368782699,2,4,-1,2,1,3676.4,-1.3846153846153846,MGC_v2
single,MGC,2025-09-10 22:59:00+02:00,2025-09-11 00:14:00+02:00,Long,Asia,22,2,Canal Exit,-108.72,3.0,3,3680.6000000000004,3677.1000000000004,3674.4,6.200000000000273,0.16845079606586622,-0.5645161290322332,2.899999999999636,4.000000000000455,0.4677419354837917,0.6451612903226256,0.15762930359505845,0.004282706721595893,-0.011866107299135053,True,True,False,0.004282706721595893,0.6119021681488448,10.924655938959212,-1.5388553661171507,-2.1217278120874297,12.463511305076363,-13.300244231505552,1,2,-1,2,1,3679.4,-0.1935483870968097,MGC_v2
single,MGC,2025-09-11 15:31:00+02:00,2025-09-11 16:27:00+02:00,Short,US,15,3,Canal Exit,-152.2399999999991,1.0,8,3656.6000000000004,3671.7000000000003,3682.0,25.399999999999636,0.694634359787771,-0.5944881889763829,1.1000000000003638,19.699999999999818,0.043307086614188174,0.7755905511811063,3.267383040317327,0.08935576875560156,0.03239958946244054,True,True,False,0.08935576875560156,-0.7327086218833756,-28.12549798852175,-21.46888412352856,9.244782171263326,-6.65661386499319,33.3470584100685,0,1,1,4,1,3669.1,-0.49212598425195764,MGC_v2
single,MGC,2025-09-11 19:29:00+02:00,2025-09-11 20:25:00+02:00,Long,US,19,3,Stop Loss,-236.19999999999544,5.0,8,3674.5,3669.9,3669.9,4.599999999999909,0.1251871002857507,-1.0,0.8000000000001819,5.199999999999818,0.17391304347830386,1.1304347826086785,3.1742933204868677,0.0863870817930839,-0.0013014339962836216,False,False,False,-0.0863870817930839,0.016691905741026858,15.202364636643432,5.904938748617867,3.6854093805776102,9.297425888025565,-27.581169364658862,0,2,-1,2,1,3670.9,-0.7826086956521696,MGC_v2
single,MGC,2025-09-11 20:53:00+02:00,2025-09-11 21:42:00+02:00,Long,US,20,3,Canal Exit,481.36,11.0,7,3671.3,3675.8,3669.2000000000003,2.099999999999909,0.057200446708248,2.1428571428572356,5.399999999999636,0.20000000000027285,2.5714285714285094,0.09523809523822929,2.2122619465808384,0.06025827218099415,-0.007950986611784002,False,True,True,-0.06025827218099415,0.044975925413382356,11.593534748329267,3.4501703243832518,0.19773339751248878,8.143364423946014,26.46016643075602,1,4,-1,5,1,3675.2,1.8571428571427644,MGC_v2
single,MGC,2025-09-12 02:48:00+02:00,2025-09-12 03:09:00+02:00,Long,Asia,2,4,Canal Exit,188.28000000000273,3.0,3,3673.7000000000003,3680.1000000000004,3667.1000000000004,6.599999999999909,0.17965538830062086,0.9696969696969968,8.099999999999909,1.900000000000091,1.2272727272727304,0.2878787878788056,1.0519285300642878,0.028634034626242963,-0.012749452098841053,False,True,True,-0.028634034626242963,0.07462239155302086,30.55152022313545,20.819791894303805,-13.929689263800315,9.731728328831647,42.89214946755453,0,3,-1,4,1,3684.8,1.6818181818181912,MGC_v2
single,MGC,2025-09-12 13:25:00+02:00,2025-09-12 14:07:00+02:00,Short,UK,13,4,Canal Exit,184.56000000001637,6.0,6,3686.6000000000004,3683.4,3690.5,3.899999999999636,0.10578853143817163,0.820512820512967,4.800000000000182,0.9999999999995453,1.2307692307693923,0.25641025641016374,2.3799604227715463,0.0645570558989732,0.018279787896125187,True,False,True,0.0645570558989732,-0.8020512651723948,-18.889647949722406,-12.518932126706257,-1.5861790751816673,-6.370715823016148,-32.260314063809,0,3,1,1,-1,3682.4,1.0769230769232474,MGC_v2
single,MGC,2025-09-12 15:38:00+02:00,2025-09-12 20:04:00+02:00,Long,US,15,4,Canal Exit,-32.23999999999909,1.0,38,3689.2000000000003,3686.1000000000004,3675.3,13.900000000000091,0.3767754526726686,-0.22302158273380496,3.4999999999995453,10.000000000000455,0.25179856115104476,0.7194244604316827,4.692368908064054,0.12719204456424302,-0.0018488691835236567,True,True,False,0.12719204456424302,3.836623134651745,14.61425678013623,14.491422391185562,6.53145275426538,0.12283438895066823,-9.114858188357609,4,4,-1,2,1,3686.9,-0.1654676258992926,MGC_v2
single,MGC,2025-09-15 00:14:00+02:00,2025-09-15 03:16:00+02:00,Short,Asia,0,0,Canal Exit,320.28000000000543,3.0,26,3677.7000000000003,3666.9,3684.7000000000003,7.0,0.19033635152405035,1.542857142857169,14.900000000000091,4.399999999999636,2.1285714285714414,0.6285714285713766,0.2942999640827111,0.008002283059594613,-0.007336898960853099,True,False,True,0.008002283059594613,-0.13349716154834823,-5.5960146766905225,4.392059083838399,-15.495960268175919,-9.988073760528922,-19.007142354791622,0,3,1,7,-1,3675.8,0.2714285714285844,MGC_v2
single,MGC,2025-09-15 08:31:00+02:00,2025-09-15 08:38:00+02:00,Long,Asia,8,0,Stop Loss,-218.68,7.0,1,3680.0,3677.0,3677.0,3.0,0.08152173913043478,-1.0,0.900000000000091,4.099999999999909,0.3000000000000303,1.3666666666666363,3.001446012548513,0.08156103294968785,-0.008090806795648761,False,False,False,-0.08156103294968785,0.14418637957169267,0.5806908387429157,-7.135296958732744,4.809601492851704,7.71598779747566,-1.1239824147387312,0,1,-1,4,1,3673.5,-2.1666666666666665,MGC_v2
single,MGC,2025-09-15 13:18:00+02:00,2025-09-15 13:39:00+02:00,Long,UK,13,0,Canal Exit,23.519999999994543,2.0,3,3681.6000000000004,3682.9,3672.9,8.700000000000273,0.2363102998696293,0.1494252873562858,1.5999999999994543,1.6000000000003638,0.183908045976943,0.18390804597704755,0.7039741801900163,0.019121419496686665,-0.007458436350705783,False,True,True,-0.019121419496686665,0.43224275973670956,25.412722639833724,11.928189058570553,6.553593962481542,13.484533581263172,35.93180972975695,1,3,-1,5,1,3675.2,-0.7356321839080856,MGC_v2
single,MGC,2025-09-15 14:42:00+02:00,2025-09-15 15:03:00+02:00,Long,UK,14,0,Canal Exit,21.51999999999636,2.0,3,3684.3,3685.5,3673.7000000000003,10.599999999999909,0.28770729853703303,0.11320754716979513,4.199999999999818,3.5,0.3962264150943259,0.33018867924528583,1.706951307603049,0.04633041032497486,-0.009997416649656225,False,True,True,-0.04633041032497486,0.16802242162293624,28.925663848346773,18.12704305596853,-1.7795073708899345,10.798620792378241,33.522085762684114,0,3,-1,3,1,3690.4,0.5754716981132039,MGC_v2
single,MGC,2025-09-16 00:07:00+02:00,2025-09-16 02:20:00+02:00,Short,Asia,0,1,Stop Loss,-231.2,5.0,19,3717.2000000000003,3721.7,3721.7000000000003,4.5,0.12105886150866244,-0.999999999999899,1.800000000000182,4.799999999999727,0.40000000000004043,1.066666666666606,0.917916279052406,0.024693755489411544,0.005915315946832994,False,True,True,-0.024693755489411544,-0.20380951989636742,-32.63630604407214,-31.97444849014111,0.6655862814952466,-0.6618575539310321,37.31249828914291,0,1,1,2,-1,3722.4,-1.155555555555515,MGC_v2
single,MGC,2025-09-16 05:15:00+02:00,2025-09-16 06:04:00+02:00,Long,Asia,5,1,Canal Exit,14.279999999997273,3.0,7,3718.8,3719.4,3711.5,7.300000000000182,0.196299881682268,0.0821917808219033,1.3999999999996362,1.5,0.1917808219177536,0.2054794520547894,1.1361763589720795,0.030552230799507352,-0.014045228880979425,False,True,True,-0.030552230799507352,0.20560576460275115,30.983410126040106,25.617493238168652,-2.549691381137501,5.365916887871453,-0.5040471825116988,0,3,-1,3,-1,3719.2,0.05479452054789401,MGC_v2
single,MGC,2025-09-16 08:17:00+02:00,2025-09-16 08:45:00+02:00,Long,Asia,8,1,Canal Exit,77.28000000000819,3.0,4,3723.9,3726.6000000000004,3717.2000000000003,6.699999999999818,0.17991890222615586,0.40298507462691735,6.699999999999818,2.099999999999909,1.0,0.31343283582089043,0.2640354844097601,0.007090294702053226,-0.002345728111143463,False,True,True,-0.007090294702053226,0.3421287960218251,32.37830693614114,28.84824471825118,0.18413743843278615,3.530062217889963,31.489895493160123,0,1,-1,1,1,3731.3,1.104477611940342,MGC_v2
single,MGC,2025-09-16 10:09:00+02:00,2025-09-16 14:56:00+02:00,Long,UK,10,1,Stop Loss,-198.48000000000363,2.0,41,3733.8,3724.0,3724.0,9.800000000000182,0.2624671916010547,-1.0,3.699999999999818,11.0,0.3775510204081377,1.122448979591816,2.4128311173781185,0.06462132726386305,0.0036368824360109827,False,False,False,-0.06462132726386305,0.03626562644967635,2.571817327703794,-11.083416542630706,10.831668809138156,13.6552338703345,-27.7171686091148,0,3,-1,3,1,3728.4,-0.5510204081632644,MGC_v2
single,MGC,2025-09-16 19:36:00+02:00,2025-09-16 21:56:00+02:00,Short,US,19,1,Auto-Close (loss),-120.96000000000363,4.0,20,3723.7000000000003,3726.6000000000004,3728.5,4.799999999999727,0.12890404704996986,-0.6041666666667199,1.2000000000002728,3.899999999999636,0.25000000000007105,0.8124999999999704,2.479754312201294,0.06659382636091236,0.009533588234734647,True,True,False,0.06659382636091236,-0.19205111237897654,-31.636282141965918,-29.160450784185734,-6.071109495421098,-2.4758313577801836,26.785455353194422,0,1,1,4,-1,3730.8,-1.4791666666667318,MGC_v2
single,MGC,2025-09-17 12:08:00+02:00,2025-09-17 14:14:00+02:00,Short,UK,12,2,Stop Loss,-195.72000000000273,3.0,18,3700.7000000000003,3707.1000000000004,3707.1000000000004,6.400000000000091,0.1729402545464396,-1.0,5.400000000000091,6.699999999999818,0.8437500000000022,1.0468749999999567,4.236435380650619,0.11447659579675785,0.007081875862491552,True,True,False,0.11447659579675785,-0.49267766385401046,-23.444186771262196,-21.669615557530967,-15.781145581196819,-1.7745712137312282,27.891715071523727,0,1,1,2,-1,3706.2,-0.8593749999999167,MGC_v2
single,MGC,2025-09-17 19:43:00+02:00,2025-09-17 19:57:00+02:00,Long,US,19,2,Stop Loss,-160.4799999999927,2.0,2,3721.5,3713.6000000000004,3713.6000000000004,7.899999999999636,0.21227999462581315,-1.0,12.5,35.19999999999982,1.582278481012731,4.455696202531827,3.9421090499899947,0.10592796049952963,-0.009695545608215415,False,False,False,-0.10592796049952963,0.4195205393807555,33.7875152114284,25.785172659962747,8.811636676652261,8.002342551465652,38.27839845693117,0,2,-1,1,1,3738.9,2.2025316455697332,MGC_v2
single,MGC,2025-09-17 20:32:00+02:00,2025-09-17 21:00:00+02:00,Short,US,20,2,Canal Exit,98.76,1.0,4,3705.7000000000003,3695.7000000000003,3744.0,38.29999999999973,1.0335429203659154,0.2610966057441272,25.90000000000009,13.699999999999818,0.6762402088772917,0.3577023498694495,0.6949873578805636,0.01875454996034659,0.025000287191125514,True,False,True,0.01875454996034659,-0.69334605442873,-12.876077285050526,-4.2329980492893435,-8.463266896108157,-8.643079235761181,-33.4506909146814,0,4,1,6,-1,3690.7,0.39164490861620266,MGC_v2
single,MGC,2025-09-18 00:49:00+02:00,2025-09-18 01:03:00+02:00,Short,Asia,0,3,Stop Loss,-245.16000000003274,9.0,2,3696.0,3698.6000000000004,3698.6000000000004,2.600000000000364,0.07034632034633019,-1.0,1.099999999999909,3.300000000000182,0.4230769230768289,1.2692307692306617,7.035179647478799,0.19034576968286793,0.013358559309355152,True,True,False,0.19034576968286793,-1.8940065460456026,-2.0921235789230677,4.864683122207165,-17.367889918291038,-6.956806701130232,6.350777201036887,2,2,1,4,-1,3702.7,-2.5769230769226463,MGC_v2
single,MGC,2025-09-18 01:59:00+02:00,2025-09-18 02:41:00+02:00,Short,Asia,1,3,Canal Exit,155.04,4.0,6,3700.5,3696.5,3705.7000000000003,5.200000000000273,0.140521551141745,0.7692307692307289,8.5,3.300000000000182,1.6346153846152989,0.6346153846153862,5.34020314306872,0.14431031328384597,0.027786575822118097,True,False,True,0.14431031328384597,-0.7351477653310212,-11.563236742284479,-4.685202379061397,0.33170304485161256,-6.878034363223082,-22.836214391409303,1,6,1,3,-1,3692.2,1.5961538461537974,MGC_v2
single,MGC,2025-09-18 04:05:00+02:00,2025-09-18 04:54:00+02:00,Long,Asia,4,3,Canal Exit,45.52000000000182,2.0,7,3697.9,3700.3,3686.5,11.400000000000091,0.30828307958571327,0.21052631578947997,2.599999999999909,5.5,0.22807017543858668,0.48245614035087336,3.2919325159246,0.08902167489452391,-0.028289313499035015,False,True,True,-0.08902167489452391,0.2914994423722419,31.696831192423215,24.115351430128676,-8.523370560093749,7.5814797622945385,31.882263283478416,0,3,-1,1,-1,3696.3,-0.14035087719297334,MGC_v2
single,MGC,2025-09-18 14:07:00+02:00,2025-09-18 14:49:00+02:00,Long,UK,14,3,Stop Loss,-232.67999999998727,7.0,6,3701.3,3698.100000000001,3698.1000000000004,3.199999999999818,0.08645611001539508,-0.9999999999998579,5.099999999999909,3.600000000000364,1.5937500000000622,1.1250000000001776,3.509181324572637,0.09480942708163718,-0.011156729053758897,False,False,False,-0.09480942708163718,2.444130147016949,8.78650718676288,3.7355635814475514,13.752569262400463,5.050943605315328,-12.188797843753413,5,3,-1,8,1,3672.8,-8.906250000000506,MGC_v2
single,MGC,2025-09-18 21:49:00+02:00,2025-09-18 21:56:00+02:00,Long,US,21,3,Auto-Close (profit),19.03999999999636,4.0,1,3678.8,3679.4,3673.6000000000004,5.199999999999818,0.14135044036098232,0.11538461538460193,1.3999999999996362,2.0,0.2692307692307087,0.38461538461539807,1.7178110784489036,0.046694875460718266,-0.0027257047606098674,True,True,False,0.046694875460718266,1.8010317132939235,21.033920437584307,18.23371243550229,11.55118612167322,2.800208002082016,23.909190459895182,4,3,-1,2,-1,3679.1,0.05769230769225724,MGC_v2
single,MGC,2025-09-19 00:00:00+02:00,2025-09-19 00:28:00+02:00,Short,Asia,0,4,Canal Exit,28.800000000013643,5.0,4,3676.2000000000003,3675.5,3680.3,4.099999999999909,0.11152820847614137,0.17073170731714352,1.7000000000002728,1.8999999999996362,0.41463414634153917,0.463414634146263,0.010352932197747577,0.0002816204830462863,0.006541920610150303,True,False,True,0.0002816204830462863,-0.3190213408333875,-19.35321626750041,-17.555109301955206,0.20749365951555512,-1.7981069655452053,-33.50129610126042,0,4,1,3,-1,3673.7,0.6097560975611,MGC_v2
single,MGC,2025-09-19 12:29:00+02:00,2025-09-19 12:57:00+02:00,Short,UK,12,4,Canal Exit,28.559999999994545,6.0,4,3688.3,3687.7000000000003,3692.0,3.699999999999818,0.1003172193151267,0.16216216216214555,1.400000000000091,2.799999999999727,0.3783783783784216,0.7567567567567203,0.2795819882221622,0.007580239899741402,0.010534603603859242,False,False,False,-0.007580239899741402,-0.6891796929462544,-0.03586953321175912,10.836107980597856,-1.2676172860982657,-10.871977513809615,-23.912190011148944,5,4,1,1,-1,3686.8,0.40540540540542536,MGC_v2
single,MGC,2025-09-19 15:10:00+02:00,2025-09-19 15:38:00+02:00,Long,UK,15,4,Canal Exit,57.52,2.0,4,3686.5,3689.5,3675.9,10.599999999999909,0.28753560287535357,0.28301886792453074,5.0,7.599999999999909,0.47169811320755123,0.7169811320754693,0.18156780515982973,0.004925208332017625,-0.019161074470262173,True,True,False,0.004925208332017625,1.259979534213926,12.132638764588167,3.2522776695565865,-20.266003768890133,8.880361095031581,33.9865295814776,3,4,-1,1,1,3692.9,0.6037735849056741,MGC_v2
single,MGC,2025-09-19 18:19:00+02:00,2025-09-19 19:43:00+02:00,Short,US,18,4,Stop Loss,-194.47999999999817,2.0,12,3699.8,3709.4,3709.4,9.599999999999909,0.25947348505324364,-1.0,0.0,13.5,0.0,1.4062500000000133,2.4168558846085944,0.06532396033862896,0.02373724065805322,False,False,False,-0.06532396033862896,-0.6460657973279922,-8.045067135322991,4.033227454140212,9.477561424329359,-12.078294589463203,37.80500069102962,0,2,1,5,-1,3717.3,-1.8229166666666838,MGC_v2
single,MGC,2025-09-22 05:15:00+02:00,2025-09-22 05:50:00+02:00,Long,Asia,5,0,Canal Exit,195.04,4.0,5,3726.1000000000004,3731.1000000000004,3720.3,5.800000000000182,0.15565873164971905,0.8620689655172143,6.899999999999636,2.0000000000004547,1.189655172413693,0.34482758620696413,1.2669464858008723,0.034001945353073514,-0.008583528573812673,False,True,True,-0.034001945353073514,0.3929279254307403,29.88431744134611,21.438818297922396,0.10502526381127215,8.445499143423714,37.92711930336732,0,3,-1,6,1,3726.1,-7.840471567007756e-14,MGC_v2
single,MGC,2025-09-23 04:12:00+02:00,2025-09-23 04:47:00+02:00,Short,Asia,4,1,Canal Exit,43.76,1.0,5,3779.3,3774.8,3795.2000000000003,15.900000000000091,0.42071283041833385,0.2830188679245267,4.800000000000182,2.199999999999818,0.3018867924528399,0.1383647798742016,0.016884751503312145,0.0004467692827590333,0.026163416418861957,True,False,True,0.0004467692827590333,-1.5233191589286434,-34.392070477438075,-26.88712315874401,3.073026867648178,-7.5049473186940645,-16.524492754859995,0,2,1,1,1,3778.2,0.0691823899371294,MGC_v2
single,MGC,2025-09-23 05:43:00+02:00,2025-09-23 06:32:00+02:00,Long,Asia,5,1,Canal Exit,-3.7199999999999998,3.0,7,3780.8,3780.8000000000006,3774.4,6.400000000000091,0.16927634363097996,7.105427357600901e-14,1.199999999999818,3.5,0.1874999999999689,0.5468749999999922,3.2151439523277077,0.08503872070270069,-0.0270433089572729,False,True,True,-0.08503872070270069,0.05917585441238771,31.732901985411296,28.69532159317238,-4.995400278410842,3.0375803922389153,3.3192078296416287,0,3,-1,2,-1,3779.4,-0.2187500000000111,MGC_v2
single,MGC,2025-09-23 08:52:00+02:00,2025-09-23 09:06:00+02:00,Short,Asia,8,1,Canal Exit,124.55999999998909,6.0,2,3788.3,3786.1000000000004,3791.9,3.599999999999909,0.09502943272707835,0.6111111111110761,5.5,1.2999999999997272,1.5277777777778163,0.36111111111104444,0.43983535821462283,0.011610362384568878,0.01877681764599221,True,False,True,0.011610362384568878,-0.3762422449499354,-15.956640980788345,-14.11453861935091,7.012196879105178,-1.8421023614374352,-20.995153875988617,0,2,1,1,-1,3785.6,0.7500000000000947,MGC_v2
single,MGC,2025-09-23 12:36:00+02:00,2025-09-23 20:46:00+02:00,Short,UK,12,1,Canal Exit,267.52,2.0,70,3816.6000000000004,3803.1000000000004,3824.7000000000003,8.099999999999909,0.21223078132368883,1.6666666666666854,19.900000000000546,5.699999999999818,2.456790123456885,0.7037037037036892,3.1871916310410597,0.08350866297335481,0.04217015586602786,False,False,False,-0.08350866297335481,-0.5944888716157948,-20.091376608123365,-11.405413185696808,22.739861826649943,-8.685963422426557,-8.795303170044711,0,2,1,4,1,3785.9,3.7901234567902,MGC_v2
single,MGC,2025-09-25 00:49:00+02:00,2025-09-25 01:52:00+02:00,Short,Asia,0,3,Stop Loss,-241.1999999999909,5.0,9,3772.1000000000004,3776.8,3776.8,4.699999999999818,0.12459902971818929,-1.0,1.800000000000182,4.699999999999818,0.38297872340430883,1.0,4.910338761577805,0.13017520112345388,0.03367301684762198,True,False,True,0.13017520112345388,-0.009766528129148355,-10.967297089802827,-3.6677543118145763,-4.048503426652503,-7.2995427779882505,37.85173636997369,0,3,1,1,-1,3777.4,-1.1276595744680706,MGC_v2
single,MGC,2025-09-25 11:54:00+02:00,2025-09-25 12:57:00+02:00,Long,UK,11,3,Stop Loss,-219.72000000000818,3.0,9,3787.2000000000003,3780.0,3780.0,7.200000000000273,0.19011406844107184,-1.0,4.499999999999545,8.800000000000182,0.6249999999999132,1.2222222222222012,3.815755229971728,0.10075399318683269,0.002454920327589047,False,False,False,-0.10075399318683269,0.43444988643705074,27.13486297618138,23.00429742435681,16.648862302272512,4.130565551824571,-14.460227434383064,1,1,-1,3,1,3777.1,-1.4027777777777752,MGC_v2
single,MGC,2025-09-25 17:09:00+02:00,2025-09-25 20:46:00+02:00,Long,US,17,3,Canal Exit,189.75999999999908,1.0,31,3767.8,3786.9,3751.9,15.900000000000091,0.4219969212803251,1.2012578616352074,21.199999999999818,8.300000000000182,1.3333333333333142,0.5220125786163606,2.0718535870091728,0.054988417299463146,-0.031051571862667257,True,True,False,0.054988417299463146,0.2365261107365768,20.96427699646159,9.18430235432015,-9.928061692768516,11.779974642141438,41.37195128607149,0,2,-1,8,1,3780.8,0.8176100628930771,MGC_v2
single,MGC,2025-09-26 02:48:00+02:00,2025-09-26 03:16:00+02:00,Long,Asia,2,4,Canal Exit,-154.47999999999817,2.0,4,3777.5,3769.9,3768.4,9.099999999999909,0.24090006618133447,-0.8351648351648335,5.900000000000091,8.800000000000182,0.6483516483516648,0.9670329670329967,0.8138720338083658,0.021545255693140062,-0.008756158953127665,True,True,False,0.021545255693140062,0.9029892925896092,8.335991089239737,-3.601528221443748,-7.716999090249167,11.937519310683484,-14.772706107999891,2,3,-1,3,1,3771.6,-0.6483516483516648,MGC_v2
single,MGC,2025-09-26 05:29:00+02:00,2025-09-26 09:06:00+02:00,Long,Asia,5,4,Canal Exit,13.520000000003638,2.0,31,3773.0,3773.8,3764.1000000000004,8.899999999999636,0.235886562417165,0.08988764044946232,11.400000000000091,4.400000000000091,1.280898876404557,0.4943820224719405,0.4646348233836761,0.012314731603065893,-0.016401559690988554,True,False,True,0.012314731603065893,0.42589936718604804,27.27957587803038,15.415090313066816,-9.290769319303047,11.864485564963562,-32.00927611661916,0,3,-1,7,-1,3777.6,0.5168539325842806,MGC_v2
single,MGC,2025-09-26 18:47:00+02:00,2025-09-26 21:28:00+02:00,Long,US,18,4,Stop Loss,-211.44000000000545,6.0,23,3804.2000000000003,3800.8000000000006,3800.8,3.400000000000091,0.08937490142474346,-0.9999999999998662,9.099999999999909,5.700000000000273,2.676470588235196,1.6764705882353295,7.779512440639337,0.20449798750431986,-0.005013183946849229,False,False,False,-0.20449798750431986,0.06322463007791157,3.2206918266235762,-1.7194772093923452,14.10531175582655,4.940169036015922,-32.75726544273699,0,8,-1,3,-1,3794.0,-3.0,MGC_v2
single,MGC,2025-09-29 00:14:00+02:00,2025-09-29 02:06:00+02:00,Long,Asia,0,0,Canal Exit,35.75999999999818,1.0,16,3799.1000000000004,3802.8,3785.5,13.600000000000364,0.3579795214656198,0.2720588235293911,4.699999999999818,6.300000000000182,0.34558823529409505,0.463235294117648,0.0568195687737898,0.0014956060323179118,-0.03135489392922159,True,True,False,0.0014956060323179118,0.9081538402956539,34.75308945681327,22.18977142426799,-9.422153223183756,12.56331803254528,8.421042895410231,0,2,-1,5,-1,3812.1,0.9558823529411175,MGC_v2
single,MGC,2025-09-29 10:37:00+02:00,2025-09-29 13:04:00+02:00,Long,UK,10,0,Canal Exit,67.52,2.0,21,3844.7000000000003,3848.2000000000003,3834.3,10.400000000000091,0.27050224985044585,0.3365384615384586,4.799999999999727,8.200000000000273,0.46153846153843125,0.7884615384615578,3.184387319920461,0.0828253783109335,-0.005286120313405496,False,True,True,-0.0828253783109335,1.6618694146500275,20.89551561497326,19.386247831117494,13.416500750124678,1.5092677838557655,17.2755511100291,1,3,-1,4,-1,3854.3,0.9230769230769063,MGC_v2
single,MGC,2025-09-29 15:59:00+02:00,2025-09-29 17:23:00+02:00,Long,US,15,0,Canal Exit,18.76,1.0,12,3856.3,3858.3,3838.4,17.90000000000009,0.46417550501776544,0.11173184357541843,5.899999999999636,10.700000000000273,0.32960893854746404,0.5977653631285038,3.7621461180460756,0.09755843990472929,-0.0007002933876077507,True,True,False,0.09755843990472929,4.368486207420574,12.983012620113934,12.619663042643472,4.56204041907334,0.36334957747046204,-5.797696129159245,3,2,-1,5,-1,3857.5,0.06703910614524089,MGC_v2
single,MGC,2025-09-29 21:28:00+02:00,2025-09-29 21:56:00+02:00,Long,US,21,0,Auto-Close (profit),88.80000000000454,5.0,4,3855.2000000000003,3857.1,3850.8,4.400000000000091,0.11413156256484983,0.43181818181809023,3.099999999999909,2.100000000000364,0.7045454545454193,0.47727272727280007,1.5132298269572857,0.03925165560690199,-0.010340653835626204,False,True,True,-0.03925165560690199,0.07978919608240176,10.580389117861298,7.4866174321852155,-0.9125003869082597,3.0937716856760824,31.727609779993433,0,4,-1,2,1,3858.7,0.7954545454544256,MGC_v2
single,MGC,2025-09-30 01:52:00+02:00,2025-09-30 02:55:00+02:00,Long,Asia,1,1,Canal Exit,299.27999999999724,3.0,9,3861.4,3871.5,3854.3,7.099999999999909,0.18387113482156495,1.422535211267611,11.0,2.200000000000273,1.5492957746479072,0.30985915492961985,1.1208879774994784,0.029028020342349366,-0.003850851135982196,False,True,True,-0.029028020342349366,0.3170631279781446,11.235177697503033,-1.8403811102950662,-1.1051900237787535,13.0755588077981,15.865089128834295,0,3,-1,4,-1,3873.3,1.6760563380282032,MGC_v2
single,MGC,2025-09-30 13:18:00+02:00,2025-09-30 13:32:00+02:00,Short,UK,13,1,Stop Loss,-198.72,3.0,2,3835.9,3842.4,3842.4,6.5,0.16945175838786203,-1.0,3.900000000000091,9.299999999999727,0.600000000000014,1.4307692307691888,17.605460112208675,0.45896556511401954,0.015725571019619362,True,True,False,0.45896556511401954,-0.07603353920057998,-25.618514004312075,-21.037655771171025,-26.282977583851817,-4.580858233141051,15.460973994086055,0,1,1,3,-1,3842.8,-1.0615384615384755,MGC_v2
single,MGC,2025-10-01 17:23:00+02:00,2025-10-01 21:07:00+02:00,Short,US,17,2,Canal Exit,-53.24000000000273,1.0,32,3886.5,3891.7000000000003,3906.3,19.800000000000182,0.5094558085681251,-0.262626262626274,5.199999999999818,12.400000000000091,0.26262626262625105,0.6262626262626251,0.5539743148519847,0.014253809722166078,0.0048089601945540935,True,False,True,0.014253809722166078,-4.345048902184317,-20.68968654536996,-8.458111712297086,-13.635489937212638,-12.231574833072873,12.372054920617623,2,2,1,2,-1,3890.8,-0.21717171717172437,MGC_v2
single,MGC,2025-10-01 21:35:00+02:00,2025-10-01 21:56:00+02:00,Long,US,21,2,Auto-Close (profit),26.28,3.0,3,3893.2000000000003,3894.2000000000003,3886.7000000000003,6.5,0.16695777252645636,0.15384615384615385,4.499999999999545,2.400000000000091,0.6923076923076223,0.36923076923078324,2.7283097641220593,0.07007884938153855,-0.008675140555825566,True,True,False,0.07007884938153855,1.683934084797329,16.245216527516362,14.12131251680163,0.8817434391899598,2.123904010714732,15.838127122395445,3,2,-1,4,1,3890.2,-0.4615384615385315,MGC_v2
single,MGC,2025-10-02 01:38:00+02:00,2025-10-02 02:27:00+02:00,Short,Asia,1,3,Canal Exit,50.28000000000546,3.0,7,3886.2000000000003,3884.4,3892.4,6.199999999999818,0.1595388811692609,0.29032258064519917,4.200000000000273,4.499999999999545,0.6774193548387736,0.7258064516128512,1.0828394984682745,0.027863710011535033,0.0006569639225141762,True,False,True,0.027863710011535033,-0.09648257547405592,-12.253877582999783,-7.371733669040558,8.469186233114105,-4.882143913959225,-25.078765736095736,0,2,1,4,-1,3879.4,1.0967741935484485,MGC_v2
single,MGC,2025-10-02 05:36:00+02:00,2025-10-02 06:18:00+02:00,Short,Asia,5,3,Canal Exit,-7.4399999999999995,6.0,6,3890.7000000000003,3890.7000000000003,3894.5,3.799999999999727,0.09766879995886928,-0.0,1.900000000000091,1.8999999999996362,0.5000000000000598,0.49999999999994016,1.2158615962625845,0.031250458690276414,0.013934721293096437,True,False,True,0.031250458690276414,-0.3796730113344893,-18.351754559481584,-8.811257570547058,5.61184503418675,-9.540496988934526,1.9726910717087778,1,2,1,4,1,3888.3,0.6315789473684903,MGC_v2
single,MGC,2025-10-02 10:23:00+02:00,2025-10-02 10:58:00+02:00,Long,UK,10,3,Canal Exit,139.5199999999982,2.0,5,3894.7000000000003,3901.8,3885.7000000000003,9.0,0.23108326700387707,0.7888888888888788,8.899999999999636,1.1000000000003638,0.9888888888888485,0.12222222222226264,1.8968550643903654,0.04870349614579724,-0.010782895161623706,False,True,True,-0.04870349614579724,0.15135285443602697,26.16445014928948,23.189137061707903,3.411593275880275,2.9753130875815756,42.11162602510292,0,5,-1,5,1,3902.1,0.8222222222221818,MGC_v2
single,MGC,2025-10-02 18:05:00+02:00,2025-10-02 18:19:00+02:00,Long,US,18,3,Canal Exit,9.75999999999909,1.0,2,3860.6000000000004,3861.7000000000003,3842.5,18.100000000000364,0.46883904056365233,0.06077348066297718,7.999999999999545,5.800000000000182,0.4419889502762091,0.32044198895027987,0.7485942194798554,0.019390618543227874,-0.09313501141496318,False,True,True,-0.019390618543227874,0.015156025106080051,24.87543818485586,19.145279925903928,-22.197711424506824,5.730158258951931,35.948316159851935,0,2,-1,3,1,3867.6,0.3867403314916798,MGC_v2
single,MGC,2025-10-02 19:36:00+02:00,2025-10-02 20:32:00+02:00,Short,US,19,3,Stop Loss,-220.96000000000365,4.0,8,3866.7000000000003,3872.1000000000004,3872.1000000000004,5.400000000000091,0.1396539685002739,-1.0,2.0000000000004547,5.899999999999636,0.37037037037044834,1.0925925925925069,16.155282718692433,0.4178054340572693,0.03399755985439229,True,True,False,0.4178054340572693,-0.9985059429368448,-5.522948183193984,0.9538954820984573,-19.405290792275064,-6.476843665292441,41.81113645728223,0,2,1,1,-1,3872.3,-1.0370370370370028,MGC_v2
single,MGC,2025-10-03 00:00:00+02:00,2025-10-03 00:07:00+02:00,Long,Asia,0,4,Stop Loss,-226.20000000000454,5.0,1,3881.9,3877.5,3877.5,4.400000000000091,0.11334655709833048,-1.0,0.7999999999997272,5.599999999999909,0.18181818181811604,1.2727272727272259,3.959999209032503,0.10201188101271293,0.005158989825048561,False,False,False,-0.10201188101271293,0.18643896441335528,20.679001368378096,10.520697349772,18.250632956791943,10.158304018606096,13.238770164559547,0,1,-1,4,1,3881.4,-0.11363636363636129,MGC_v2
single,MGC,2025-10-03 08:45:00+02:00,2025-10-03 09:20:00+02:00,Short,Asia,8,4,Stop Loss,-216.1999999999909,5.0,5,3880.2000000000003,3884.4,3884.4,4.199999999999818,0.10824184320395386,-1.0,2.0000000000004547,6.099999999999909,0.47619047619060506,1.4523809523809936,4.425329766970208,0.11404901208623801,0.03255233602820899,True,False,True,0.11404901208623801,-0.09285906216200601,-6.301123635637882,3.5719047473833907,1.5517961880627702,-9.873028383021273,22.678486463912087,0,2,1,3,-1,3886.3,-1.4523809523809936,MGC_v2
single,MGC,2025-10-03 11:54:00+02:00,2025-10-03 13:32:00+02:00,Long,UK,11,4,Stop Loss,-162.48,2.0,14,3888.2000000000003,3880.2000000000003,3880.2000000000003,8.0,0.20575073298698623,-1.0,3.299999999999727,11.000000000000455,0.4124999999999659,1.3750000000000568,3.3336332110684452,0.08573718458588665,-0.010635419648961187,False,False,False,-0.08573718458588665,1.143857258004573,34.03872004061368,25.322485545428545,13.947380588467974,8.716234495185137,-36.302165946366976,1,3,-1,6,-1,3884.8,-0.42500000000001137,MGC_v2
single,MGC,2025-10-03 19:15:00+02:00,2025-10-03 19:50:00+02:00,Long,US,19,4,Stop Loss,-224.96,4.0,5,3910.8,3905.3,3905.3,5.5,0.14063618696941801,-1.0,0.5,9.200000000000273,0.09090909090909091,1.6727272727273224,4.20158702077606,0.10743548687675308,-0.000155753581575875,False,False,False,-0.10743548687675308,0.09151105692535566,16.239434890162705,11.225506680501287,0.9101161856817962,5.013928209661419,-20.225705012112613,0,3,-1,1,1,3907.8,-0.5454545454545454,MGC_v2
single,MGC,2025-10-06 08:52:00+02:00,2025-10-06 10:09:00+02:00,Long,Asia,8,0,Canal Exit,269.51999999999816,2.0,11,3958.2000000000003,3971.8,3947.0,11.200000000000273,0.28295689960083553,1.2142857142856767,15.399999999999636,4.700000000000273,1.374999999999934,0.4196428571428713,7.037562209561656,0.17779703424692173,-0.02424995139735936,False,True,True,-0.17779703424692173,0.5794112371800111,22.34070412521031,15.150066343745204,12.937342653428258,7.190637781465105,45.130356659094375,0,3,-1,6,1,3968.9,0.9553571428571034,MGC_v2
single,MGC,2025-10-06 12:36:00+02:00,2025-10-06 13:46:00+02:00,Long,UK,12,0,Stop Loss,-119.24000000000181,1.0,10,3967.8,3956.0,3956.0,11.800000000000182,0.2973940218761072,-1.0,3.099999999999909,13.100000000000364,0.2627118644067679,1.1101694915254374,2.7922876742122753,0.07037370014144552,-0.009277042854634947,False,False,False,-0.07037370014144552,0.8149501258785676,31.10590916723496,28.2296471422233,11.416476101523756,2.876262025011659,-22.670127730949957,0,1,-1,1,1,3962.4,-0.45762711864406846,MGC_v2
single,MGC,2025-10-06 15:03:00+02:00,2025-10-06 15:31:00+02:00,Long,UK,15,0,Canal Exit,53.519999999994546,2.0,4,3958.7000000000003,3961.5,3949.8,8.900000000000091,0.22482127971303942,0.31460674157299984,4.699999999999818,8.000000000000455,0.5280898876404236,0.898876404494424,1.1439055635746627,0.028895990188058267,-0.02228366001858913,False,True,True,-0.028895990188058267,0.06966637075629478,28.097502728819528,24.08992386090956,-13.113883736088825,4.007578867909967,-1.167212368040802,0,1,-1,4,-1,3967.3,0.9662921348314406,MGC_v2
single,MGC,2025-10-06 18:12:00+02:00,2025-10-06 19:50:00+02:00,Short,US,18,0,Canal Exit,-82.23999999999909,1.0,14,3973.4,3981.5,3994.5,21.09999999999991,0.5310313585342505,-0.383886255924168,4.0,10.0,0.18957345971564063,0.4739336492891016,0.26871295695582376,0.006762796520758639,0.029066415407305948,True,False,True,0.006762796520758639,-0.21036098055583352,-1.8986116186543693,11.313350364301566,0.8305500476658724,-13.211961982955936,16.88897587153763,0,3,1,2,-1,3981.9,-0.4028436018957363,MGC_v2
single,MGC,2025-10-07 00:07:00+02:00,2025-10-07 00:28:00+02:00,Long,Asia,0,1,Canal Exit,8.76,1.0,3,3993.0,3994.0,3980.5,12.5,0.31304783370899075,0.08,6.0,7.900000000000091,0.48,0.6320000000000072,1.4886323353839543,0.03728105022248821,-0.008508585310914194,False,True,True,-0.03728105022248821,1.172291608078467,25.248984312919752,23.197290999181114,7.342942565067799,2.051693313738639,35.95773451206345,0,3,-1,4,1,3987.0,-0.48,MGC_v2
single,MGC,2025-10-07 02:48:00+02:00,2025-10-07 03:02:00+02:00,Short,Asia,2,1,Canal Exit,41.76000000000182,1.0,2,3987.6000000000004,3983.3,4000.2000000000003,12.599999999999909,0.31597953656334404,0.34126984126985815,6.600000000000364,0.9999999999995453,0.5238095238095565,0.07936507936504385,0.03773376748813462,0.0009462776479118922,0.01828928732107634,True,False,True,0.0009462776479118922,-0.3067595216693917,-31.420284845024224,-21.21813437782096,7.020445437259187,-10.202150467203264,-38.16058378691716,0,2,1,4,-1,3981.4,0.4920634920635173,MGC_v2
single,MGC,2025-10-08 15:31:00+02:00,2025-10-08 15:59:00+02:00,Short,US,15,2,Canal Exit,-126.24,1.0,4,4050.7000000000003,4063.2000000000003,4071.6000000000004,20.90000000000009,0.5159602044091166,-0.5980861244019112,3.100000000000364,14.899999999999636,0.1483253588516914,0.7129186602870609,2.537816810273398,0.06265131484122245,0.020214202352512263,True,False,True,0.06265131484122245,-0.8959410561178629,-29.513635286504442,-16.72009898814229,0.4600531365326492,-12.793536298362152,12.555176249755696,0,2,1,4,-1,4065.0,-0.6842105263157734,MGC_v2
single,MGC,2025-10-09 09:55:00+02:00,2025-10-09 10:30:00+02:00,Long,UK,9,3,Canal Exit,85.52000000000182,2.0,5,4052.2000000000003,4056.6000000000004,4041.0,11.200000000000273,0.2763930704308838,0.3928571428571414,5.499999999999545,3.200000000000273,0.491071428571376,0.28571428571430313,1.5883675677741849,0.03919765973481528,-0.01983979516306632,False,True,True,-0.03919765973481528,2.4663744236659113,23.66795068702662,19.548184430669632,1.8384850575463776,4.119766256356989,31.38540538313711,2,3,-1,1,-1,4057.7,0.491071428571376,MGC_v2
single,MGC,2025-10-09 13:39:00+02:00,2025-10-09 15:10:00+02:00,Long,UK,13,3,Canal Exit,91.51999999999636,2.0,13,4064.1000000000004,4068.8,4052.5,11.600000000000364,0.28542604758742063,0.40517241379307506,13.699999999999818,7.800000000000182,1.181034482758568,0.6724137931034428,1.6541523044934365,0.0407015650326871,-0.005640663278638123,False,True,True,-0.0407015650326871,1.460932493731434,21.525272074256943,6.082740136737458,18.63836848906887,15.442531937519485,26.96962867905635,1,3,-1,7,1,4042.0,-1.905172413793075,MGC_v2
single,MGC,2025-10-10 01:38:00+02:00,2025-10-10 02:48:00+02:00,Long,Asia,1,4,Canal Exit,30.759999999998183,1.0,10,4003.8,4007.0,3989.3,14.5,0.3621559518457465,0.22068965517240124,5.899999999999636,4.700000000000273,0.4068965517241128,0.32413793103450156,3.1410540058568586,0.07845182091655074,-0.005658994254399642,True,True,False,0.07845182091655074,5.531546775422157,31.83705604235452,25.165255387583258,12.871419333397853,6.6718006547712605,5.526372899224192,3,3,-1,1,-1,4004.3,0.034482758620689655,MGC_v2
single,MGC,2025-10-10 12:15:00+02:00,2025-10-10 16:13:00+02:00,Short,UK,12,4,Canal Exit,157.52,2.0,34,4009.1000000000004,4001.1000000000004,4020.5,11.399999999999636,0.28435309670498704,0.7017543859649347,22.300000000000182,5.999999999999545,1.9561403508772714,0.5263157894736611,0.6145943294613971,0.015329982526287624,0.0510913612583748,False,False,False,-0.015329982526287624,-0.4231099293706393,-32.563800777493896,-31.247880236349452,11.03080694758824,-1.3159205411444432,-15.654573495721756,0,1,1,4,-1,3999.5,0.8421052631579535,MGC_v2
single,MGC,2025-10-10 18:12:00+02:00,2025-10-10 19:08:00+02:00,Short,US,18,4,Canal Exit,8.76,1.0,8,3997.6000000000004,3996.6000000000004,4038.6000000000004,41.0,1.0256153692215328,0.024390243902439025,8.900000000000546,12.599999999999454,0.21707317073172064,0.3073170731707184,0.7816794081218177,0.019553717433505546,0.05809941667325305,True,False,True,0.019553717433505546,-3.545568968452244,-32.03678738888645,-30.49844213918505,8.920552637875021,-1.5383452497014005,-25.106659213802367,0,1,1,5,-1,4003.6,-0.14634146341462306,MGC_v2
single,MGC,2025-10-10 20:04:00+02:00,2025-10-10 20:25:00+02:00,Long,US,20,4,Canal Exit,81.75999999999728,1.0,3,4007.7000000000003,4016.0,3988.6000000000004,19.09999999999991,0.47658257853631525,0.43455497382197733,16.399999999999636,5.100000000000364,0.8586387434554824,0.26701570680630304,3.6421463137767205,0.09087871631551064,-0.02381232552926817,True,True,False,0.09087871631551064,5.593573915795332,18.369125244832688,17.072989730285435,3.9363397167421432,1.2961355145472524,39.949362956872086,3,3,-1,5,1,4016.1,0.4397905759162134,MGC_v2
single,MGC,2025-10-13 02:41:00+02:00,2025-10-13 07:42:00+02:00,Long,Asia,2,0,Canal Exit,273.76,1.0,43,4065.9,4093.4,4042.0,23.90000000000009,0.5878157357534639,1.1506276150627572,30.499999999999545,12.599999999999909,1.276150627615039,0.5271966527196594,12.973092145256487,0.31907061524524677,-0.014478713507537247,False,True,True,-0.31907061524524677,0.16364727106883947,34.90513743633901,32.06534172987139,11.451581804613449,2.839795706467619,36.16851695842288,0,1,-1,5,1,4089.9,1.0041841004184062,MGC_v2
single,MGC,2025-10-13 14:28:00+02:00,2025-10-13 15:31:00+02:00,Long,UK,14,0,Canal Exit,65.51999999999272,2.0,9,4101.900000000001,4105.3,4091.9,10.000000000000455,0.24378946341940205,0.3399999999999482,10.799999999999272,7.200000000000728,1.0799999999998782,0.72000000000004,1.8823609546707303,0.04588997671007899,-0.008060730333998449,False,True,True,-0.04588997671007899,0.7564441766198797,33.890352548490775,27.967712731002656,-0.7768250632105721,5.922639817488118,22.715759611663437,0,1,-1,2,1,4112.9,1.099999999999859,MGC_v2
single,MGC,2025-10-13 21:21:00+02:00,2025-10-13 21:56:00+02:00,Long,US,21,0,Auto-Close (profit),10.75999999999818,1.0,5,4126.0,4127.2,4110.3,15.699999999999818,0.3805138148327634,0.07643312101909758,3.899999999999636,3.600000000000364,0.24840764331208162,0.22929936305735066,5.421052314322878,0.13138759850515944,-0.022114214721706927,False,True,True,-0.13138759850515944,0.9604156283830889,16.467093927748234,3.2140753580449033,-5.7204132228549165,13.25301856970333,31.51235245436527,0,3,-1,3,1,4129.4,0.21656050955411946,MGC_v2
single,MGC,2025-10-14 01:31:00+02:00,2025-10-14 03:09:00+02:00,Long,Asia,1,1,Canal Exit,91.76000000000182,1.0,14,4149.1,4158.400000000001,4125.6,23.5,0.5663878913499313,0.39574468085107156,11.299999999999272,14.300000000000182,0.4808510638297563,0.6085106382978801,2.5858055754652014,0.062322083716111955,0.006191173120342508,True,True,False,0.062322083716111955,3.4519188269032384,24.21986597299317,19.788147435849176,10.407853258992048,4.431718537143993,19.514398960104245,4,3,-1,4,-1,4155.9,0.28936170212762863,MGC_v2
single,MGC,2025-10-14 13:25:00+02:00,2025-10-14 14:21:00+02:00,Long,UK,13,1,Stop Loss,-128.24000000000729,1.0,8,4149.400000000001,4136.7,4136.7,12.700000000000728,0.30606834723094245,-1.0,6.699999999999818,17.300000000000182,0.5275590551180657,1.3622047244093851,3.0220854087365296,0.07283186505847904,-0.007887573662213177,False,False,False,-0.07283186505847904,1.3114145257422933,0.3941973866056694,-3.616961014893086,3.54288684467722,4.011158401498756,-27.917058605687913,1,1,-1,4,1,4124.3,-1.976377952755821,MGC_v2
single,MGC,2025-10-14 15:45:00+02:00,2025-10-14 15:59:00+02:00,Long,US,15,1,Canal Exit,62.75999999999636,1.0,2,4134.400000000001,4140.8,4113.7,20.700000000000728,0.5006772445820609,0.3091787439613242,13.299999999999272,5.0000000000009095,0.6425120772946282,0.2415458937198422,0.055459995826822706,0.001341427917637933,-0.04181554390090984,True,True,False,0.001341427917637933,1.6478915765892452,22.34551179116673,19.800101047203924,-7.690758068348454,2.5454107439628046,24.284982084828506,0,2,-1,1,1,4151.0,0.801932367149704,MGC_v2
single,MGC,2025-10-14 17:51:00+02:00,2025-10-14 18:40:00+02:00,Short,US,17,1,Stop Loss,-180.71999999998908,3.0,7,4153.400000000001,4159.3,4159.3,5.899999999999636,0.1420522945056974,-1.0,9.300000000000182,7.599999999999454,1.5762711864408059,1.288135593220326,4.919620934078921,0.11844804098037559,0.044619670956082796,True,False,True,0.11844804098037559,-1.4902808271372123,-0.5925004917599024,5.786560906356236,8.053198645020187,-6.379061398116138,28.5384138348912,1,4,1,2,-1,4153.9,-0.08474576271171548,MGC_v2
single,MGC,2025-10-15 02:27:00+02:00,2025-10-15 02:41:00+02:00,Short,Asia,2,2,Canal Exit,-84.24000000000181,1.0,2,4175.8,4184.1,4188.1,12.300000000000182,0.2945543368935337,-0.6747967479674845,4.5,11.5,0.36585365853658,0.9349593495934821,0.09381891402699694,0.0022467291064465953,0.02940765929896516,True,False,True,0.0022467291064465953,-0.40890728420163214,-1.0726178027510471,9.585002152630027,2.6904923743566393,-10.657619955381074,1.170315506362579,0,2,1,5,-1,4193.1,-1.4065040650406444,MGC_v2
single,MGC,2025-10-15 04:40:00+02:00,2025-10-15 05:15:00+02:00,Short,Asia,4,2,Stop Loss,-234.47999999998908,2.0,5,4192.1,4203.7,4203.7,11.599999999999454,0.27671095632259374,-1.0,5.300000000000182,12.199999999999818,0.4568965517241751,1.0517241379310682,4.007080234525347,0.09558646584111416,0.029965257579631168,False,False,False,-0.09558646584111416,-0.013043734485108871,-25.696702779616672,-20.378083015846137,10.033742639695346,-5.318619763770535,40.35323392670017,0,1,1,1,-1,4201.9,-0.8448275862068736,MGC_v2
single,MGC,2025-10-15 14:14:00+02:00,2025-10-15 15:10:00+02:00,Short,UK,14,2,Canal Exit,-157.24000000000365,1.0,8,4197.0,4212.6,4220.0,23.0,0.5480104836788182,-0.6782608695652332,5.800000000000182,16.800000000000182,0.2521739130434862,0.7304347826087035,0.04309399423800642,0.0010267808967835696,0.010142755732630003,False,False,False,-0.0010267808967835696,-3.3625169457973243,-21.788446721211113,-13.736038055720286,-2.1770694435874596,-8.052408665490827,21.467351287135955,1,3,1,1,-1,4204.5,-0.32608695652173914,MGC_v2
single,MGC,2025-10-15 17:37:00+02:00,2025-10-15 17:58:00+02:00,Short,US,17,2,Canal Exit,37.75999999999636,1.0,3,4212.7,4208.8,4227.900000000001,15.200000000000728,0.36081372991195027,0.2565789473683848,16.699999999999818,3.699999999999818,1.0986842105262513,0.24342105263155533,2.900655281622676,0.06885501653625171,0.01996107899250455,False,False,False,-0.06885501653625171,-4.5913588119192354,-0.8223546436403542,6.607654420980052,3.0243023511471563,-7.430009064620406,-14.803833105667978,4,3,1,5,-1,4206.8,0.38815789473679957,MGC_v2
single,MGC,2025-10-15 19:43:00+02:00,2025-10-15 20:11:00+02:00,Long,US,19,2,Canal Exit,65.76000000000728,1.0,4,4210.2,4216.900000000001,4198.2,12.0,0.28502208921191396,0.558333333333394,12.100000000000364,2.899999999999636,1.0083333333333637,0.24166666666663636,2.6125478038920846,0.062052819435943304,-0.018824167247006723,False,True,True,-0.062052819435943304,0.42081008020795707,5.291382427143937,-2.0291312914571833,1.9328218885157906,7.32051371860112,35.13390178963228,0,4,-1,5,1,4216.8,0.5500000000000304,MGC_v2
single,MGC,2025-10-16 10:37:00+02:00,2025-10-16 11:33:00+02:00,Short,UK,10,3,Canal Exit,382.0799999999709,8.0,8,4247.5,4242.6,4250.3,2.800000000000182,0.06592113007651988,1.7499999999997564,10.100000000000364,2.199999999999818,3.607142857142753,0.7857142857141697,3.603809002408525,0.0848454150066751,0.029602752538535667,True,False,True,0.0848454150066751,-1.5269565184198655,-4.377945126597359,-1.8518602168302367,-2.504690320601327,-2.526084909767122,-28.365129121813904,1,2,1,5,-1,4255.0,-2.6785714285712547,MGC_v2
single,MGC,2025-10-16 14:21:00+02:00,2025-10-16 14:35:00+02:00,Short,UK,14,3,Stop Loss,-212.48,2.0,2,4253.7,4264.2,4264.2,10.5,0.24684392411312506,-1.0,11.800000000000182,13.0,1.1238095238095411,1.2380952380952381,4.138296210419867,0.09728697864023948,0.01059484449268252,False,False,False,-0.09728697864023948,-1.0625829622949823,-17.51845792941119,-17.350624220490364,10.784402507916974,-0.16783370892082772,-4.639471418676484,1,1,1,1,1,4254.7,-0.09523809523809523,MGC_v2
single,MGC,2025-10-17 17:58:00+02:00,2025-10-17 21:56:00+02:00,Short,US,17,4,Auto-Close (profit),146.75999999999271,1.0,34,4255.7,4240.900000000001,4279.900000000001,24.200000000000728,0.5686491059050386,0.6115702479338359,59.0,5.900000000000546,2.4380165289255467,0.24380165289257721,13.091843214804612,0.30763078259286636,-0.04295761993508513,True,False,True,0.30763078259286636,-0.7703660428824151,-10.179618665579923,-1.6069352296528008,-12.620511835598814,-8.572683435927122,12.557373259875119,0,5,1,7,-1,4259.7,-0.16528925619834214,MGC_v2
single,MGC,2025-10-20 02:48:00+02:00,2025-10-20 03:51:00+02:00,Long,Asia,2,0,Canal Exit,168.76,1.0,9,4257.3,4274.3,4228.8,28.5,0.6694383764357691,0.5964912280701754,23.5,16.800000000000182,0.8245614035087719,0.5894736842105327,11.984582543227589,0.2815066484210083,-0.06941180258774353,False,True,True,-0.2815066484210083,1.427783994049605,33.35511036442391,23.1067242971329,5.334381940596818,10.248386067291008,35.360036847616016,0,1,-1,5,1,4280.9,0.8280701754385773,MGC_v2
single,MGC,2025-10-20 10:44:00+02:00,2025-10-20 11:54:00+02:00,Short,UK,10,0,Canal Exit,-73.23999999999818,1.0,10,4266.900000000001,4274.1,4280.7,13.799999999999272,0.3234198129789606,-0.5217391304347969,3.0000000000009095,11.399999999999636,0.21739130434790346,0.8260869565217563,8.922054305272468,0.20909921266663076,0.04634753276528045,True,False,True,0.20909921266663076,-0.04500209220623219,-19.977130201507677,-11.115356060973307,-7.358611031228882,-8.86177414053437,39.68760160697743,0,3,1,4,1,4270.2,-0.23913043478256857,MGC_v2
single,MGC,2025-10-20 12:36:00+02:00,2025-10-20 13:46:00+02:00,Long,UK,12,0,Canal Exit,84.76000000000364,1.0,10,4273.8,4282.400000000001,4259.400000000001,14.399999999999636,0.33693668398146,0.5972222222222626,9.300000000000182,8.300000000000182,0.6458333333333622,0.576388888888916,3.7303129880347115,0.08728328391676521,-0.01013304913076469,False,True,True,-0.08728328391676521,0.3702464248317483,12.624169841311396,6.682678576427468,7.76267552025622,5.941491264883928,41.73242282499393,0,3,-1,1,1,4294.8,1.4583333333333701,MGC_v2
single,MGC,2025-10-20 15:59:00+02:00,2025-10-20 16:20:00+02:00,Short,US,15,0,Stop Loss,-329.2400000000018,1.0,3,4312.0,4344.8,4344.8,32.80000000000018,0.7606679035250506,-1.0,3.800000000000182,38.69999999999982,0.11585365853659027,1.1798780487804756,11.422538690267174,0.26490117556278236,0.06805507720897291,False,False,False,-0.26490117556278236,-5.611909507480959,-20.51144020529649,-18.82887384131589,13.44766689841058,-1.6825663639806017,27.707635864764704,1,1,1,2,-1,4342.2,-0.9207317073170626,MGC_v2
single,MGC,2025-10-21 00:14:00+02:00,2025-10-21 03:30:00+02:00,Long,Asia,0,1,Stop Loss,-241.24,1.0,28,4387.8,4363.8,4363.8,24.0,0.5469711472719814,-1.0,5.699999999999818,30.5,0.2374999999999924,1.2708333333333333,5.512692383521426,0.12563681989884282,-0.015695153779353196,False,False,False,-0.12563681989884282,1.3239170773576916,20.82781924303954,19.62541813180335,7.447345640093059,1.2024011112361883,-43.38429280465767,0,2,-1,1,1,4365.9,-0.9125000000000227,MGC_v2
single,MGC,2025-10-21 05:22:00+02:00,2025-10-21 07:07:00+02:00,Long,Asia,5,1,Stop Loss,-139.24000000000183,1.0,15,4364.8,4351.0,4351.0,13.800000000000182,0.3161656891495643,-1.0,2.5999999999994543,18.800000000000182,0.18840579710140726,1.3623188405797053,1.0031221371427819,0.02298208708629907,-0.03522529543319887,True,False,True,0.02298208708629907,0.7246229569736897,25.461309344563062,21.167851765585137,-13.450171437374706,4.293457578977925,-19.298596612727362,0,3,-1,3,1,4337.9,-1.9492753623188543,MGC_v2
single,MGC,2025-10-21 12:50:00+02:00,2025-10-21 14:35:00+02:00,Short,UK,12,1,Canal Exit,338.76,1.0,15,4271.0,4237.0,4289.6,18.600000000000364,0.43549520018731824,1.827956989247276,44.600000000000364,15.800000000000182,2.397849462365564,0.849462365591391,9.988163914627876,0.23386007760777044,-0.012159116569360902,True,False,True,0.23386007760777044,-6.8032975265332425,-3.186859923868834,4.005899439344599,-18.37698187253272,-7.192759363213433,-25.116395276275306,5,2,1,3,-1,4206.2,3.4838709677418773,MGC_v2
single,MGC,2025-10-22 01:03:00+02:00,2025-10-22 01:17:00+02:00,Short,Asia,1,2,Canal Exit,85.51999999999272,2.0,2,4138.3,4133.900000000001,4146.7,8.399999999999636,0.20298190078050496,0.5238095238095032,11.800000000000182,0.3000000000001819,1.4047619047619873,0.035714285714308916,1.349724378247629,0.03261543093172629,0.02347434829232293,False,False,False,-0.03261543093172629,-2.004485234934691,-1.4305778549961659,0.49388747256342747,5.282019251136511,-1.9244653275595933,-12.163934657928145,3,2,1,4,-1,4120.8,2.0833333333334236,MGC_v2
single,MGC,2025-10-22 12:15:00+02:00,2025-10-22 12:36:00+02:00,Long,UK,12,2,Stop Loss,-230.4800000000018,2.0,3,4087.1000000000004,4075.7000000000003,4075.7000000000003,11.400000000000091,0.27892637811651516,-1.0,19.099999999999454,25.300000000000182,1.6754385964911669,2.2192982456140333,2.7747664163553054,0.06789083742397556,-0.09544931239080479,True,True,False,0.06789083742397556,0.36772007138915797,16.04279494869853,10.10267172295526,-18.628106008954585,5.940123225743269,8.400414598707737,0,3,-1,4,1,4046.5,-3.5614035087719333,MGC_v2
single,MGC,2025-10-22 12:43:00+02:00,2025-10-22 16:55:00+02:00,Short,UK,12,2,Canal Exit,339.76000000000363,1.0,36,4074.1000000000004,4040.0,4106.3,32.19999999999982,0.7903586068088612,1.0590062111801415,48.900000000000546,26.899999999999636,1.5186335403726963,0.835403726708068,16.219967193678713,0.39812393396526136,-0.024143309532572238,True,False,True,0.39812393396526136,-0.0395759345155966,-9.221101234246605,-0.4103433177694429,-17.902935224740144,-8.810757916477161,-35.356972256301965,0,3,1,4,-1,4045.6,0.8850931677018825,MGC_v2
single,MGC,2025-10-23 03:58:00+02:00,2025-10-23 05:15:00+02:00,Short,Asia,3,3,Stop Loss,-171.24,1.0,11,4092.1000000000004,4109.1,4109.1,17.0,0.41543461792233816,-1.0,4.700000000000273,21.699999999999818,0.2764705882353102,1.2764705882352834,3.3907941016786936,0.08286195600495329,-1.4082541670886173e-05,True,True,False,0.08286195600495329,-0.6525513926512758,-29.37921139809705,-23.288387739618454,-12.898959637537615,-6.090823658478595,38.851642276135486,0,3,1,2,-1,4105.6,-0.7941176470588235,MGC_v2
single,MGC,2025-10-23 14:35:00+02:00,2025-10-23 14:56:00+02:00,Long,UK,14,3,Canal Exit,24.76000000000364,1.0,3,4139.2,4141.8,4113.5,25.699999999999818,0.6208929261693037,0.10116731517511215,7.5,7.5,0.29182879377432114,0.29182879377432114,2.0916922881842765,0.05053373328624557,-0.02478386037958458,False,True,True,-0.05053373328624557,2.3302396143126316,21.085229599260046,6.917288506003967,0.8031941930098571,14.16794109325608,34.94663792641906,0,3,-1,2,1,4151.2,0.4669260700389138,MGC_v2
single,MGC,2025-10-23 19:08:00+02:00,2025-10-23 19:22:00+02:00,Long,US,19,3,Stop Loss,-138.2399999999982,1.0,2,4155.1,4141.400000000001,4141.400000000001,13.699999999999818,0.32971528964404745,-1.0,1.2999999999992724,14.5,0.09489051094885326,1.0583941605839557,9.349242394620887,0.22500643533539233,-0.02483572907610144,False,False,False,-0.22500643533539233,0.7805489897236839,8.568164586294053,-1.2741333394456476,7.068352084992051,9.8422979257397,2.1797130462314724,0,2,-1,3,1,4149.5,-0.4087591240876232,MGC_v2
single,MGC,2025-10-24 05:22:00+02:00,2025-10-24 05:57:00+02:00,Long,Asia,5,4,Canal Exit,17.52,2.0,5,4129.8,4130.8,4121.900000000001,7.899999999999636,0.19129255654025948,0.1265822784810185,7.599999999999454,3.699999999999818,0.9620253164556715,0.4683544303797454,3.951149733948114,0.0956741182127007,-0.039786928230590005,False,True,True,-0.0956741182127007,0.7079036487139092,18.86367265882243,14.445823872907962,-7.587336553756553,4.417848785914469,21.35982376624164,0,2,-1,6,1,4120.7,-1.1518987341773144,MGC_v2
single,MGC,2025-10-24 17:23:00+02:00,2025-10-24 21:56:00+02:00,Long,US,17,4,Auto-Close (loss),-217.24000000000365,1.0,39,4141.400000000001,4119.8,4113.5,27.900000000000546,0.6736852272178622,-0.7741935483870946,14.199999999999818,25.00000000000091,0.508960573476686,0.896057347670266,11.805758778282325,0.28506685609413057,0.031036183966852246,False,True,True,-0.28506685609413057,0.5071828253476269,17.650887385041393,9.181625010793159,11.425259393460733,8.469262374248235,-36.707647902419595,0,3,-1,1,-1,4117.1,-0.8709677419354733,MGC_v2
single,MGC,2025-10-27 23:14:00+01:00,2025-10-28 00:03:00+01:00,Long,Asia,23,0,Canal Exit,-74.24000000000181,1.0,7,4007.1000000000004,3999.8,3994.2000000000003,12.900000000000091,0.32192857677622444,-0.5658914728682272,2.699999999999818,9.700000000000273,0.20930232558137976,0.7519379844961399,3.008216922684369,0.0750721699654206,-0.03701999809812812,False,True,True,-0.0750721699654206,1.0469704865950007,12.204370922833576,4.911882675764368,-6.2972663116369025,7.292488247069207,-21.51856113778774,2,2,-1,2,1,4007.0,-0.007751937984524271,MGC_v2
single,MGC,2025-10-28 00:10:00+01:00,2025-10-28 00:17:00+01:00,Short,Asia,0,1,Stop Loss,-226.47999999999635,2.0,1,3998.1000000000004,4009.3,4009.3,11.199999999999818,0.2801330632050178,-1.0,1.1000000000003638,11.799999999999727,0.0982142857143198,1.0535714285714213,2.821669767528874,0.07057526744025598,0.003605624033269792,True,True,False,0.07057526744025598,-0.6615626037428228,-31.445060441563434,-26.48181078967557,-12.412714383352116,-4.963249651887864,-16.580693421961996,0,1,1,4,-1,4015.4,-1.5446428571428579,MGC_v2
single,MGC,2025-10-28 13:07:00+01:00,2025-10-28 13:56:00+01:00,Short,UK,13,1,Canal Exit,59.27999999999727,3.0,7,3939.8,3937.7000000000003,3945.8,6.0,0.15229199451748818,0.3499999999999848,20.300000000000182,4.5,3.3833333333333635,0.75,8.923086290339597,0.226485768067912,0.04780205996190432,True,False,True,0.226485768067912,-2.6850874883220968,-7.076504082827901,-0.8255483708784661,-10.76218447936877,-6.250955711949435,-16.777050405247103,2,1,1,4,-1,3946.7,-1.1499999999999393,MGC_v2
single,MGC,2025-10-28 17:40:00+01:00,2025-10-28 18:08:00+01:00,Short,US,17,1,Stop Loss,-159.23999999999728,1.0,4,3968.2000000000003,3984.0,3984.0,15.799999999999727,0.39816541504963776,-1.0,1.300000000000182,17.299999999999727,0.08227848101267116,1.094936708860761,5.873033294545166,0.14800245185588343,0.034884817275927064,False,False,False,-0.14800245185588343,-0.3384909142755532,-7.386472447365666,0.6067328102768723,8.821867525169031,-7.993205257642538,34.55475773713509,0,2,1,3,-1,3982.3,-0.8924050632911489,MGC_v2
single,MGC,2025-10-28 20:00:00+01:00,2025-10-28 20:56:00+01:00,Long,US,20,1,Auto-Close (profit),35.75999999999818,1.0,8,3972.1000000000004,3975.8,3959.0,13.100000000000364,0.32980035749352643,0.2824427480915813,6.299999999999727,7.000000000000455,0.480916030534317,0.5343511450381878,9.537869499275985,0.24012158554104843,-0.029191740377325196,False,True,True,-0.24012158554104843,0.08592386782493122,28.495877248348393,19.880425662907903,4.025861280952745,8.61545158544049,25.107169747489333,0,1,-1,1,-1,3970.1,-0.15267175572522132,MGC_v2
single,MGC,2025-10-29 07:03:00+01:00,2025-10-29 15:55:00+01:00,Long,Asia,7,2,Canal Exit,419.7599999999991,1.0,76,3982.2000000000003,4024.3,3963.8,18.40000000000009,0.46205614986690996,2.288043478260853,64.59999999999991,8.100000000000364,3.510869565217369,0.44021739130436544,5.3714152810489395,0.1348856230487906,8.280301884045361e-05,True,True,False,0.1348856230487906,2.6029381193829977,12.673711894205278,10.725204036096216,-7.064906098443886,1.9485078581090622,-21.85976071646519,3,6,-1,6,-1,4017.7,1.9293478260869223,MGC_v2
single,MGC,2025-10-30 01:34:00+01:00,2025-10-30 02:02:00+01:00,Short,Asia,1,3,Stop Loss,-177.24000000000365,1.0,4,3959.5,3977.1000000000004,3977.1000000000004,17.600000000000364,0.4445005682535766,-1.0,10.699999999999818,18.09999999999991,0.6079545454545225,1.0284090909090644,10.815842831778355,0.2731618343674291,0.05535622850341448,True,False,True,0.2731618343674291,-2.2355092747557137,-11.605322231759928,-0.47670653551487163,-6.167383202821423,-11.128615696245056,12.880652439862066,1,3,1,2,-1,3966.9,-0.4204545454545419,MGC_v2
single,MGC,2025-10-30 11:22:00+01:00,2025-10-30 11:36:00+01:00,Short,UK,11,3,Canal Exit,46.76000000000182,1.0,2,3998.6000000000004,3993.8,4024.8,26.199999999999818,0.6552293302655884,0.18320610687023722,13.300000000000182,4.099999999999454,0.50763358778627,0.15648854961830086,1.2750981208046142,0.03188861403502761,0.06289445786028774,False,False,False,-0.03188861403502761,-1.6534890791945145,-30.481934143585576,-26.55291779683198,10.151590326235665,-3.9290163467535955,-35.93747691767875,0,2,1,4,-1,3990.4,0.3129770992366538,MGC_v2
single,MGC,2025-10-30 13:00:00+01:00,2025-10-30 13:56:00+01:00,Long,UK,13,3,Stop Loss,-182.24000000000365,1.0,8,3993.1000000000004,3975.0,3975.0,18.100000000000364,0.45328191129699635,-1.0,4.599999999999454,22.600000000000364,0.25414364640880455,1.2486187845303818,13.174584523811063,0.32993374881197723,-0.06700124360406905,False,True,True,-0.32993374881197723,0.26043917043898546,28.098202218802236,20.043761268759106,3.560429968404719,8.05444095004313,-19.20668496802334,0,2,-1,5,-1,3982.9,-0.5635359116022137,MGC_v2
single,MGC,2025-10-30 17:54:00+01:00,2025-10-30 20:21:00+01:00,Long,US,17,3,Canal Exit,371.51999999999634,2.0,21,4015.1000000000004,4033.8,4004.4,10.700000000000273,0.26649398520585466,1.7476635514018075,23.599999999999454,7.300000000000182,2.205607476635407,0.6822429906542052,6.781942990330208,0.16891093597494974,-0.007168691332060321,False,True,True,-0.16891093597494974,0.8525726457264682,31.30440687742456,29.711880620871984,3.3111807558808195,1.5925262565525777,30.232067556311232,0,1,-1,5,1,4039.2,2.2523364485980224,MGC_v2
single,MGC,2025-10-30 21:59:00+01:00,2025-10-31 02:51:00+01:00,Long,Asia,21,3,Stop Loss,-196.47999999999635,2.0,34,4038.8,4029.1000000000004,4029.1000000000004,9.699999999999818,0.24017034762800382,-1.0,20.899999999999636,13.300000000000182,2.154639175257735,1.3711340206186011,4.881931585588063,0.12087579443369474,0.0029126905339185052,False,False,False,-0.12087579443369474,0.45264132359170617,32.575593928902364,26.50124083300013,16.00999188512547,6.074353095902236,-37.69739329525698,0,1,-1,2,1,4030.4,-0.8659793814433245,MGC_v2
single,MGC,2025-10-31 07:45:00+01:00,2025-10-31 07:59:00+01:00,Short,Asia,7,4,Stop Loss,-213.72,3.0,2,4020.4,4027.4,4027.4,7.0,0.1741120286538653,-1.0,3.400000000000091,8.799999999999727,0.4857142857142987,1.2571428571428183,7.135788066188979,0.17748950517831508,0.026344395948745707,True,True,False,0.17748950517831508,-0.41870836436874015,-11.645965504654535,-8.02331941661724,-5.372526109764336,-3.622646088037296,16.925067526200564,0,1,1,1,-1,4021.4,-0.14285714285714285,MGC_v2
single,MGC,2025-10-31 09:51:00+01:00,2025-10-31 13:35:00+01:00,Short,UK,9,4,Stop Loss,-178.24000000000274,1.0,32,4021.0,4038.7000000000003,4038.7000000000003,17.700000000000273,0.44018900770953173,-1.0,11.0,23.699999999999818,0.6214689265536627,1.3389830508474267,1.862865809303912,0.046328421022231094,0.026049641102806508,False,True,True,-0.046328421022231094,-1.0606293427326818,-27.665860104350873,-23.978921017624515,14.533470956734247,-3.6869390867263583,33.10332724227621,0,4,1,2,-1,4037.8,-0.949152542372877,MGC_v2
single,MGC,2025-10-31 18:43:00+01:00,2025-10-31 20:56:00+01:00,Long,US,18,4,Auto-Close (profit),2.7600000000009093,1.0,19,4012.4,4012.8,3991.3,21.09999999999991,0.5258698036088104,0.018957345971568375,9.199999999999818,9.099999999999909,0.4360189573459648,0.43127962085307814,3.3986278661768665,0.08470311699174725,-0.060179933949709136,True,False,True,0.08470311699174725,3.2421666795657984,30.58889679717175,24.247318273890272,-14.003776114889225,6.341578523281477,6.190508706810053,0,2,-1,1,-1,4009.7,-0.12796208530807035,MGC_v2
single,MGC,2025-11-03 00:00:00+01:00,2025-11-03 00:35:00+01:00,Short,Asia,0,0,Canal Exit,73.76,1.0,5,4002.1000000000004,3994.6000000000004,4019.1000000000004,17.0,0.42477699207915837,0.4411764705882353,10.000000000000455,7.599999999999454,0.5882352941176738,0.44705882352937965,1.0266270955544314,0.025652209978622005,0.012228867785090436,True,False,True,0.025652209978622005,-0.2735096146880096,-23.33271353176201,-17.682920815057415,-2.0778816061358434,-5.649792716704596,-14.219618258136805,0,1,1,3,1,3992.7,0.5529411764706204,MGC_v2
single,MGC,2025-11-03 05:22:00+01:00,2025-11-03 06:25:00+01:00,Short,Asia,5,0,Stop Loss,-220.4800000000018,2.0,9,4014.5,4025.4,4025.4,10.900000000000091,0.2715157553867254,-1.0,7.5,13.5,0.688073394495407,1.2385321100917328,2.391378021716264,0.059568514677201735,0.03248088388355179,False,False,False,-0.059568514677201735,-0.8517077339879506,-25.94797194324486,-18.47893398402674,1.5489800716902593,-7.46903795921812,34.900133434425825,0,2,1,2,-1,4024.3,-0.8990825688073486,MGC_v2
single,MGC,2025-11-03 15:52:00+01:00,2025-11-03 16:48:00+01:00,Long,US,15,0,Canal Exit,-136.24,1.0,8,4034.7000000000003,4021.2000000000003,4012.3,22.40000000000009,0.5551837807024088,-0.602678571428569,8.699999999999818,18.40000000000009,0.38839285714284744,0.8214285714285722,4.330222879119901,0.10732453166579674,-0.001200159982686593,False,False,False,-0.10732453166579674,0.08470772771079282,25.406259745156063,15.298260874802212,5.347421936956764,10.107998870353851,-15.190723715489142,0,3,-1,2,-1,4015.7,-0.8482142857143026,MGC_v2
single,MGC,2025-11-03 17:02:00+01:00,2025-11-03 21:56:00+01:00,Short,US,17,0,Auto-Close (loss),-71.24,1.0,42,4015.7000000000003,4022.7000000000003,4043.5,27.799999999999727,0.6922827900490506,-0.2517985611510816,9.500000000000455,11.799999999999727,0.34172661870505566,0.4244604316546706,7.357675021081377,0.18322272632620407,-0.0020880942181787225,False,True,True,-0.18322272632620407,-2.8538775567863013,-22.774996501742486,-17.662711044674438,-0.9032214191327684,-5.112285457068047,-13.101314815004205,1,2,1,1,-1,4018.9,-0.11510791366905933,MGC_v2
single,MGC,2025-11-04 01:31:00+01:00,2025-11-04 02:20:00+01:00,Short,Asia,1,1,Canal Exit,32.76000000000091,1.0,7,3994.6000000000004,3991.2000000000003,4010.6000000000004,16.0,0.4005407299854803,0.21250000000000568,7.100000000000364,10.099999999999454,0.44375000000002274,0.6312499999999659,0.9688131062821412,0.024253069300609352,-0.011165761564884006,True,False,True,0.024253069300609352,-0.598981643564457,-12.696010074319625,-0.426962690710619,-7.645670387308411,-12.269047383609006,1.9218820821305869,0,3,1,3,1,3996.5,-0.11874999999997726,MGC_v2
single,MGC,2025-11-04 05:43:00+01:00,2025-11-04 06:18:00+01:00,Short,Asia,5,1,Canal Exit,9.760000000003638,1.0,5,3995.1000000000004,3994.0,4009.2000000000003,14.099999999999909,0.3529323421190936,0.07801418439718942,4.800000000000182,6.099999999999454,0.3404255319149087,0.4326241134751414,0.37279452684379066,0.009331294006252424,0.016670279435691396,False,False,False,-0.009331294006252424,-3.5105513882958803,-15.888773350588176,-11.123464241603827,0.46681178590564204,-4.765309108984349,-13.165173626873022,3,3,1,1,1,3992.5,0.18439716312059437,MGC_v2
single,MGC,2025-11-04 09:55:00+01:00,2025-11-04 10:23:00+01:00,Short,UK,9,1,Canal Exit,171.03999999998544,4.0,4,4007.0,4002.6000000000004,4012.1000000000004,5.100000000000364,0.12727726478663248,0.8627450980390828,5.400000000000091,1.599999999999909,1.058823529411707,0.31372549019603824,3.3110435828293703,0.08263148447290668,0.038070271252733,True,False,True,0.08263148447290668,-0.5562356876562262,-1.569911177749698,5.005008234764041,8.091294113686997,-6.574919412513739,-38.02458423473469,0,4,1,4,-1,4000.6,1.254901960784242,MGC_v2
single,MGC,2025-11-04 13:53:00+01:00,2025-11-04 19:15:00+01:00,Short,UK,13,1,Canal Exit,328.76,1.0,46,3994.6000000000004,3961.6000000000004,4010.8,16.199999999999818,0.4055474891102943,2.03703703703706,57.70000000000027,12.099999999999454,3.561728395061785,0.7469135802468883,4.795597672818985,0.1200520120367242,-0.002230927282135354,False,False,False,-0.1200520120367242,-3.0025224586256627,-19.026376142036185,-18.63805899052722,-7.40122680783337,-0.3883171515089643,-33.27204660559922,3,1,1,1,-1,3957.4,2.296296296296339,MGC_v2
single,MGC,2025-11-05 01:31:00+01:00,2025-11-05 01:59:00+01:00,Short,Asia,1,2,Stop Loss,-214.47999999999817,2.0,4,3940.7000000000003,3951.3,3951.3,10.599999999999909,0.2689877432943362,-1.0,5.300000000000182,12.499999999999545,0.5000000000000214,1.1792452830188351,3.8079505211226206,0.09663132238238435,0.007836275477556578,True,False,True,0.09663132238238435,-0.6827563008223478,-3.2184330455353543,7.131716160155647,3.151297984386454,-10.350149205691,11.778910770729068,0,3,1,4,-1,3953.9,-1.245283018867918,MGC_v2
single,MGC,2025-11-05 02:06:00+01:00,2025-11-05 03:58:00+01:00,Long,Asia,2,2,Canal Exit,78.76,1.0,16,3952.6000000000004,3960.6000000000004,3935.3,17.300000000000182,0.4376865860446334,0.46242774566473505,9.099999999999454,10.100000000000364,0.5260115606936046,0.583815028901749,0.7403125705732236,0.0187297619433594,-0.007743213962040322,True,True,False,0.0187297619433594,0.37446981565472015,31.279378065957435,21.529144418343268,2.5515438770599608,9.750233647614166,37.91008358299537,0,3,-1,1,1,3962.7,0.5838150289016965,MGC_v2
single,MGC,2025-11-05 12:43:00+01:00,2025-11-05 13:18:00+01:00,Long,UK,12,2,Canal Exit,29.51999999999818,2.0,5,3974.9,3976.5,3964.7000000000003,10.199999999999818,0.2566102291881511,0.1568627450980331,4.099999999999909,4.099999999999909,0.40196078431372373,0.40196078431372373,1.9259800756399272,0.04845354790409638,-0.028863384422618283,False,True,True,-0.04845354790409638,0.9635518290365326,7.576428257657309,-6.984545485278469,-4.865094074157885,14.560973742935778,19.164794968853208,1,2,-1,2,-1,3974.3,-0.058823529411756836,MGC_v2
single,MGC,2025-11-05 15:52:00+01:00,2025-11-05 16:06:00+01:00,Short,US,15,2,Canal Exit,-0.24000000000090949,1.0,2,3982.2000000000003,3982.1000000000004,3995.7000000000003,13.5,0.3390085882175682,0.00740740740740067,8.900000000000091,5.499999999999545,0.659259259259266,0.40740740740737375,1.8207600799032662,0.045722466975623176,0.03503881163772588,True,False,True,0.045722466975623176,-1.0937479448475642,-31.30901969153163,-20.916309850653533,7.146938161029586,-10.392709840878098,-22.72821904717541,0,2,1,6,-1,3990.6,-0.6222222222221953,MGC_v2
single,MGC,2025-11-05 19:57:00+01:00,2025-11-05 21:07:00+01:00,Long,US,19,2,Canal Exit,95.28000000000546,3.0,10,3994.4,3997.7000000000003,3988.1000000000004,6.299999999999727,0.15772080913277906,0.5238095238095754,6.0,5.800000000000182,0.9523809523809936,0.9206349206349894,2.486545613392991,0.06225079144284476,-0.004379051291105933,False,True,True,-0.06225079144284476,0.6378569696503291,2.315886154851503,-9.494920015144736,0.8525435115173998,11.810806169996239,30.203267249523073,0,2,-1,4,1,3997.6,0.507936507936501,MGC_v2
single,MGC,2025-11-06 01:24:00+01:00,2025-11-06 01:38:00+01:00,Long,Asia,1,3,Canal Exit,-84.72000000000818,3.0,2,3983.6000000000004,3980.9,3975.8,7.800000000000182,0.19580279144492874,-0.34615384615387307,0.7999999999997272,5.400000000000546,0.10256410256406519,0.6923076923077461,0.22954625864713307,0.0057622818216470795,-0.019525887662204415,True,True,False,0.0057622818216470795,0.5590453350732787,3.731674216120201,-5.2376198718789,5.091706248867897,8.969294087999101,4.247631618671386,0,2,-1,2,1,3983.2,-0.051282051282120045,MGC_v2
single,MGC,2025-11-06 11:54:00+01:00,2025-11-06 13:39:00+01:00,Long,UK,11,3,Canal Exit,23.799999999995453,5.0,15,4017.8,4018.4,4013.5,4.300000000000182,0.10702374433770177,0.13953488372090317,11.099999999999909,2.100000000000364,2.581395348837079,0.48837209302331974,7.5614296557623675,0.18819825914088226,-0.018362185131033933,False,True,True,-0.18819825914088226,0.5239720081649466,26.325544342340777,17.675095194197482,19.339925993283284,8.650449148143295,-36.13522325510755,0,3,-1,1,-1,4016.5,-0.30232558139537835,MGC_v2
single,MGC,2025-11-06 18:19:00+01:00,2025-11-06 18:47:00+01:00,Short,US,18,3,Stop Loss,-172.2399999999991,1.0,4,3976.9,3994.0,3994.0,17.09999999999991,0.42998315270688,-1.0,3.700000000000273,19.59999999999991,0.21637426900586507,1.1461988304093575,5.895161173454653,0.148235086963581,-0.00688170710878577,True,True,False,0.148235086963581,-2.328899255142005,-9.299389390334682,1.3037789903028631,-10.516001163931836,-10.603168380637545,24.15064286528984,1,2,1,2,-1,3989.2,-0.719298245614023,MGC_v2
single,MGC,2025-11-06 20:39:00+01:00,2025-11-06 21:42:00+01:00,Short,US,20,3,Canal Exit,291.03999999998547,4.0,9,3998.0,3990.6000000000004,4003.8,5.800000000000182,0.14507253626813862,1.2758620689654145,8.900000000000091,1.599999999999909,1.5344827586206573,0.2758620689654929,5.598513183337673,0.14003284600644506,0.027086040933446263,True,False,True,0.14003284600644506,-0.5502505844210646,-5.630504984365505,2.685967534264936,0.43030793570555187,-8.316472518630441,2.687968812583615,0,3,1,4,1,3987.8,1.758620689655086,MGC_v2
single,MGC,2025-11-07 00:07:00+01:00,2025-11-07 00:28:00+01:00,Long,Asia,0,4,Canal Exit,31.520000000005457,2.0,3,3989.4,3991.1000000000004,3981.4,8.0,0.2005314082318143,0.2125000000000341,3.299999999999727,4.300000000000182,0.4124999999999659,0.5375000000000227,1.9928276236796592,0.04995306621746777,-0.019659190270223142,False,True,True,-0.04995306621746777,0.6589517675993193,5.062622404168819,-8.84203674978724,-3.791125487161802,13.90465915395606,37.54959703455481,0,3,-1,3,1,3995.5,0.7624999999999886,MGC_v2
single,MGC,2025-11-07 13:25:00+01:00,2025-11-07 13:46:00+01:00,Short,UK,13,4,Canal Exit,43.76,1.0,3,4006.3,4001.8,4020.0,13.699999999999818,0.34196141077802006,0.3284671532846759,7.600000000000364,4.899999999999636,0.5547445255474792,0.3576642335766205,0.7538798554669484,0.018817359046175982,-0.0021345674886977563,True,False,True,0.018817359046175982,-0.009208973922795849,-16.619464220587687,-2.951086082761977,-1.2146798656020852,-13.66837813782571,-33.05626039240944,0,3,1,6,-1,4002.5,0.2773722627737396,MGC_v2
single,MGC,2025-11-07 15:31:00+01:00,2025-11-07 17:02:00+01:00,Short,US,15,4,Canal Exit,-100.2400000000009,1.0,13,3994.5,4004.4,4015.1000000000004,20.600000000000364,0.5157091000125263,-0.48058252427184056,3.400000000000091,12.199999999999818,0.1650485436893219,0.5922330097087186,4.95478539800024,0.12404019021154689,0.0074090323497683274,True,False,True,0.12404019021154689,-0.15804468579108288,-5.706010842438696,9.209410469184789,-4.58470862585309,-14.915421311623485,20.815432158296726,0,3,1,5,-1,4028.1,-1.6310679611650154,MGC_v2
single,MGC,2025-11-10 14:49:00+01:00,2025-11-10 15:03:00+01:00,Short,UK,14,0,Canal Exit,35.75999999999818,1.0,2,4101.1,4097.400000000001,4115.1,14.0,0.34137182707078584,0.2642857142857013,7.300000000000182,5.299999999999272,0.5214285714285845,0.3785714285713766,0.5031132670756051,0.012267763943225112,0.04039497185818087,True,False,True,0.012267763943225112,-0.2789465550968089,-33.84830061089625,-32.001601243284725,19.2333675260569,-1.846699367611528,-33.54820529461262,0,2,1,1,-1,4091.5,0.6857142857143117,MGC_v2
single,MGC,2025-11-11 14:21:00+01:00,2025-11-11 15:17:00+01:00,Long,UK,14,1,Stop Loss,-194.48000000000727,2.0,8,4148.8,4139.2,4139.2,9.600000000000364,0.2313922097956123,-1.0,4.599999999999454,13.5,0.4791666666665917,1.4062499999999467,2.1036063495466806,0.05070397101684054,-0.011684736041990069,False,True,True,-0.05070397101684054,0.7054744131410189,34.376347226439115,25.49327892916351,-1.4627748799146925,8.883068297275607,-34.94424868088389,0,2,-1,2,1,4133.7,-1.572916666666645,MGC_v2
single,MGC,2025-11-11 17:44:00+01:00,2025-11-11 21:56:00+01:00,Long,US,17,1,Auto-Close (profit),149.75999999999453,1.0,36,4120.6,4135.7,4102.7,17.900000000000546,0.43440275688007923,0.8435754189943572,17.899999999999636,8.300000000000182,0.9999999999999492,0.46368715083798484,5.738963219970174,0.13927494102728177,-0.03334261289201334,True,True,False,0.13927494102728177,2.579413050122639,21.58215809316561,17.156557473181472,-17.53555324448367,4.425600619984138,37.40045514618826,1,2,-1,7,1,4133.2,0.7039106145250877,MGC_v2
single,MGC,2025-11-12 08:45:00+01:00,2025-11-12 09:20:00+01:00,Short,Asia,8,2,Stop Loss,-228.72,3.0,5,4123.5,4131.0,4131.0,7.5,0.18188432157148052,-1.0,6.199999999999818,12.5,0.8266666666666425,1.6666666666666667,6.305509052808702,0.15291643149772527,0.03543016870441216,True,False,True,0.15291643149772527,-0.5319679829990491,-29.079441393432194,-25.04561155936512,-0.8089829865197279,-4.033829834067074,31.752519061304024,0,1,1,2,-1,4132.7,-1.2266666666666424,MGC_v2
single,MGC,2025-11-12 15:38:00+01:00,2025-11-12 16:34:00+01:00,Long,US,15,2,Canal Exit,394.76000000000363,1.0,8,4142.3,4181.900000000001,4130.0,12.300000000000182,0.2969364845617213,3.219512195121933,44.69999999999982,4.699999999999818,3.634146341463346,0.3821138211381909,1.9533955229981075,0.04715726825671988,0.0026376509733441046,True,True,False,0.04715726825671988,2.4294596046247534,17.332403366994015,16.717807123104343,1.8474467159857564,0.6145962438896717,39.43784487410083,4,8,-1,4,1,4194.6,4.252032520325155,MGC_v2
single,MGC,2025-11-13 07:56:00+01:00,2025-11-13 09:27:00+01:00,Long,Asia,7,3,Canal Exit,507.52,2.0,13,4215.7,4241.2,4206.7,9.0,0.21348767701686555,2.8333333333333335,28.5,3.300000000000182,3.1666666666666665,0.3666666666666869,5.698865795731763,0.13518195781796055,-0.011414860294396778,False,True,True,-0.13518195781796055,0.9783472990957307,29.686234991175752,23.68477576748107,11.65058839059681,6.001459223694681,41.080553350488096,1,2,-1,5,1,4238.8,2.5666666666667073,MGC_v2
single,MGC,2025-11-13 12:50:00+01:00,2025-11-13 14:00:00+01:00,Long,UK,12,3,Canal Exit,-88.48000000000364,2.0,10,4235.6,4231.3,4223.900000000001,11.699999999999818,0.2762300500519364,-0.3675213675213888,14.399999999999636,4.800000000000182,1.2307692307692188,0.41025641025643217,6.694604797072316,0.15805564257891008,-0.024455786225033277,False,True,True,-0.15805564257891008,0.9372670269640366,32.44792538304785,27.277629099270296,10.777574646876792,5.170296283777557,11.623825272571246,0,4,-1,3,1,4239.6,0.3418803418803472,MGC_v2
single,MGC,2025-11-13 22:59:00+01:00,2025-11-14 00:00:00+01:00,Short,Asia,22,3,Stop Loss,-196.47999999999635,2.0,1,4174.5,4184.2,4184.2,9.699999999999818,0.23236315726433868,-1.0,1.8999999999996362,10.399999999999636,0.19587628865975998,1.072164948453591,7.638621542504552,0.18298290915090554,0.03189895661183161,True,True,False,0.18298290915090554,-4.211194630131104,-23.58056761803673,-21.710208820247807,-5.574643942170102,-1.8703587977889242,-4.723273760056108,3,1,1,4,-1,4183.5,-0.9278350515464091,MGC_v2
single,MGC,2025-11-14 02:48:00+01:00,2025-11-14 03:58:00+01:00,Long,Asia,2,4,Canal Exit,134.76000000000363,1.0,10,4194.2,4207.8,4176.0,18.199999999999818,0.4339325735539511,0.7472527472527747,19.0,6.899999999999636,1.0439560439560545,0.3791208791208629,6.449085491402002,0.15376199254689815,-0.009980197225195359,False,True,True,-0.15376199254689815,0.3488103859808689,25.24948713910762,12.733743148541379,4.893023031773054,12.515743990566243,30.730951367548926,0,3,-1,3,1,4213.7,1.071428571428582,MGC_v2
single,MGC,2025-11-14 10:02:00+01:00,2025-11-14 12:01:00+01:00,Short,UK,10,4,Canal Exit,111.76000000000182,1.0,17,4178.5,4167.2,4190.6,12.100000000000364,0.28957759961709617,0.9338842975206482,15.699999999999818,5.100000000000364,1.2975206611569707,0.42148760330580254,7.778353438065096,0.18615181136927358,0.013850856944877364,True,False,True,0.18615181136927358,-0.7937422948889434,-23.489188508574944,-22.024157018029904,-12.363820858730051,-1.4650314905450408,19.511731493482827,0,1,1,4,1,4158.1,1.6859504132230598,MGC_v2
single,MGC,2025-11-14 21:42:00+01:00,2025-11-14 21:56:00+01:00,Long,US,21,4,Auto-Close (loss),-31.24,1.0,2,4091.7000000000003,4088.7000000000003,4077.2000000000003,14.5,0.3543759317643033,-0.20689655172413793,1.199999999999818,7.800000000000182,0.08275862068964263,0.5379310344827711,5.618628405149138,0.1373177018146281,-0.0251107663927617,False,False,False,-0.1373177018146281,0.021933293566689827,16.346628740819746,5.321013259985705,-6.633303149742118,11.025615480834041,10.9696301502516,0,2,-1,4,1,4083.8,-0.5448275862069029,MGC_v2
single,MGC,2025-11-17 00:00:00+01:00,2025-11-17 03:16:00+01:00,Long,Asia,0,0,Canal Exit,-31.24,1.0,28,4092.4,4089.4,4061.8,30.59999999999991,0.7477274948685345,-0.0980392156862748,15.599999999999909,30.5,0.509803921568626,0.9967320261437939,0.724889222922684,0.017713058912195385,-0.021622506022893125,True,True,False,0.017713058912195385,0.3532108915560457,27.528127272909334,19.32500024238011,-9.451008833293967,8.203127030529224,-25.826515606431002,0,4,-1,3,-1,4089.4,-0.0980392156862748,MGC_v2
single,MGC,2025-11-17 12:50:00+01:00,2025-11-17 13:25:00+01:00,Long,UK,12,0,Canal Exit,21.759999999997273,1.0,5,4082.7000000000003,4085.0,4062.1000000000004,20.59999999999991,0.5045680554534967,0.11165048543688046,4.799999999999727,7.000000000000455,0.23300970873785187,0.339805825242742,3.8626572844987095,0.0946103628603304,-0.030424604834628156,False,True,True,-0.0946103628603304,0.7246396761706819,33.012821026961774,32.731325807410684,0.3788532969486565,0.2814952195510898,-2.976458829299389,0,1,-1,3,-1,4076.8,-0.28640776699029696,MGC_v2
single,MGC,2025-11-17 16:13:00+01:00,2025-11-17 16:27:00+01:00,Short,US,16,0,Canal Exit,-100.2400000000009,1.0,2,4063.9,4073.8,4083.8,19.90000000000009,0.4896774034794185,-0.49748743718593197,2.5,13.599999999999909,0.12562814070351702,0.683417085427128,2.342905699512812,0.05765165726304319,0.004426276060639516,True,False,True,0.05765165726304319,-0.2922032028486683,-24.01458396674293,-14.433830040034147,-4.482468826398086,-9.580753926708782,-12.292189480775132,0,2,1,3,-1,4069.4,-0.27638190954773745,MGC_v2
single,MGC,2025-11-17 16:34:00+01:00,2025-11-17 16:48:00+01:00,Long,US,16,0,Canal Exit,-48.24000000000273,1.0,2,4074.1000000000004,4069.4,4061.3,12.800000000000182,0.3141798188557026,-0.3671875000000161,4.899999999999636,7.100000000000364,0.38281249999996614,0.5546875000000205,0.49607737271253427,0.012176367116971459,-0.01503742721510304,False,True,True,-0.012176367116971459,0.6678484397384636,5.819925839737211,-3.2361318205189677,-5.860993243837395,9.05605766025618,11.747703162218006,1,2,-1,4,1,4064.7,-0.7343750000000322,MGC_v2
single,MGC,2025-11-17 16:55:00+01:00,2025-11-17 17:30:00+01:00,Short,US,16,0,Canal Exit,-72.24000000000363,1.0,5,4064.0,4071.1000000000004,4083.8,19.800000000000182,0.4872047244094533,-0.35858585858587366,10.800000000000182,10.699999999999818,0.5454545454545496,0.5404040404040262,0.8431151206204959,0.020745942928653935,-0.006731199838497119,True,False,True,0.020745942928653935,-1.0768111985344149,-8.005574199135166,1.8710644815414108,-7.461716226399072,-9.876638680676578,25.678457089611435,0,3,1,2,-1,4069.7,-0.287878787878776,MGC_v2
single,MGC,2025-11-18 00:28:00+01:00,2025-11-18 01:31:00+01:00,Short,Asia,0,1,Canal Exit,183.51999999999455,2.0,9,4045.9,4036.6000000000004,4056.2000000000003,10.300000000000182,0.2545787093106647,0.9029126213591808,19.09999999999991,5.099999999999909,1.8543689320387933,0.49514563106794357,12.330934401075865,0.30477605479808856,0.04817876770560717,True,False,True,0.30477605479808856,-2.6553123179378417,-11.383845969302225,-3.5895614620418446,-9.186598971504123,-7.794284507260381,-4.883985162244262,1,3,1,7,-1,4039.6,0.6116504854369,MGC_v2
single,MGC,2025-11-18 02:48:00+01:00,2025-11-18 04:05:00+01:00,Short,Asia,2,1,Canal Exit,106.76000000000182,1.0,11,4023.8,4013.0,4044.4,20.59999999999991,0.5119538744470379,0.5242718446602053,12.5,12.099999999999909,0.6067961165048571,0.5873786407766972,1.4045625968465174,0.03490637200771702,0.0020887141306129087,True,False,True,0.03490637200771702,-0.16371583105865284,-31.766143065479177,-24.386382001665623,1.7287295786825634,-7.379761063813554,-44.34558159636776,0,2,1,6,-1,4015.4,0.40776699029126834,MGC_v2
single,MGC,2025-11-18 14:07:00+01:00,2025-11-18 14:56:00+01:00,Long,UK,14,1,Canal Exit,283.76,1.0,7,4041.7000000000003,4070.2000000000003,4028.1000000000004,13.599999999999909,0.3364920701684912,2.0955882352941315,29.299999999999727,3.0000000000004547,2.154411764705877,0.22058823529415256,8.112489638850093,0.2007197377056707,-0.027325290568049374,False,True,True,-0.2007197377056707,0.5684332898681532,10.02417832912083,2.0373844766980245,-3.0498522876860044,7.986793852422805,42.228407338038835,0,7,-1,12,1,4061.8,1.4779411764705914,MGC_v2
single,MGC,2025-11-18 16:06:00+01:00,2025-11-18 17:09:00+01:00,Short,US,16,1,Canal Exit,-1.24,1.0,9,4054.2000000000003,4054.2000000000003,4082.6000000000004,28.40000000000009,0.700508115041194,-0.0,14.200000000000273,18.699999999999818,0.500000000000008,0.6584507042253436,0.33058787423578906,0.008154207346351661,0.06960177039030886,False,False,False,-0.008154207346351661,-2.832561702764451,-32.81733810629848,-28.935776877466015,8.321088222098625,-3.8815612288324637,-19.12994952276584,0,2,1,5,-1,4063.7,-0.33450704225350403,MGC_v2
single,MGC,2025-11-18 17:37:00+01:00,2025-11-18 19:01:00+01:00,Long,US,17,1,Canal Exit,83.76,1.0,12,4062.7000000000003,4071.2000000000003,4039.9,22.800000000000182,0.5612031407684589,0.3728070175438567,13.599999999999909,3.5000000000004547,0.5964912280701667,0.15350877192984327,7.573147704801158,0.18640676655429045,-0.044879562835887975,False,True,True,-0.18640676655429045,2.330692581983385,32.018380165601044,31.97022982867191,1.3297027066779847,0.048150336929133175,24.338386808134754,0,1,-1,4,1,4069.0,0.27631578947367,MGC_v2
single,MGC,2025-11-19 00:00:00+01:00,2025-11-19 00:49:00+01:00,Long,Asia,0,2,Canal Exit,187.03999999998908,4.0,7,4069.6000000000004,4074.4,4064.8,4.800000000000182,0.11794770984863824,0.9999999999999053,5.299999999999727,4.200000000000273,1.104166666666568,0.8750000000000236,3.6398213137517814,0.08943928921151417,-0.021909507777137856,False,True,True,-0.08943928921151417,0.7362288629701652,18.970996546007303,13.943444470569041,-1.3737635881599577,5.027552075438262,1.4763335857208375,0,2,-1,3,-1,4073.9,0.8958333333332426,MGC_v2
single,MGC,2025-11-19 01:52:00+01:00,2025-11-19 02:13:00+01:00,Short,Asia,1,2,Canal Exit,5.520000000001819,2.0,3,4067.8,4067.4,4078.1000000000004,10.300000000000182,0.2532081223265692,0.03883495145631882,7.100000000000364,4.599999999999909,0.6893203883495377,0.4466019417475561,3.0142358038183374,0.074099901760616,0.020552239670498545,True,False,True,0.074099901760616,-0.5163224096627346,-31.059057534828863,-19.510095985499134,-2.7279916224747645,-11.548961549329729,-29.28257092388594,0,3,1,3,-1,4062.9,0.4757281553398063,MGC_v2
single,MGC,2025-11-19 14:42:00+01:00,2025-11-19 16:20:00+01:00,Long,UK,14,2,Canal Exit,62.760000000005455,1.0,14,4114.2,4120.6,4100.900000000001,13.299999999999272,0.3232706236935315,0.48120300751886436,20.100000000000364,11.800000000000182,1.511278195488832,0.8872180451128442,8.890900458703982,0.21610277717913523,-0.02660865140606563,False,True,True,-0.21610277717913523,0.4867413478305025,20.627113390736874,14.731562720411063,3.780185314325904,5.895550670325811,16.140660917446226,0,1,-1,6,1,4090.7,-1.7669172932331794,MGC_v2
single,MGC,2025-11-19 18:47:00+01:00,2025-11-19 19:01:00+01:00,Long,US,18,2,Canal Exit,30.759999999998183,1.0,2,4078.8,4082.0,4055.5,23.300000000000182,0.5712464450328573,0.13733905579398253,6.099999999999909,4.400000000000091,0.2618025751072902,0.18884120171674063,0.26175739016798616,0.006417509810924441,-0.08162189506688634,True,True,False,0.006417509810924441,1.4661736565885803,32.44798745007404,30.50732953275752,-11.47421120621785,1.9406579173165177,34.315524739407834,0,2,-1,1,1,4084.8,0.2575107296137319,MGC_v2
single,MGC,2025-11-20 02:06:00+01:00,2025-11-20 08:17:00+01:00,Short,Asia,2,3,Canal Exit,360.7600000000027,1.0,53,4096.400000000001,4060.2000000000003,4109.900000000001,13.5,0.329557660384728,2.6814814814815016,61.400000000000546,11.49999999999909,4.548148148148188,0.8518518518517845,3.4530481756100926,0.0842947020703567,0.03626688714927005,False,True,True,-0.0842947020703567,-1.9275602140241972,-21.13262489547941,-19.29139236980027,13.627942360963502,-1.841232525679139,4.518136586175659,0,4,1,4,1,4058.1,2.837037037037084,MGC_v2
single,MGC,2025-11-20 08:24:00+01:00,2025-11-20 09:06:00+01:00,Short,Asia,8,3,Canal Exit,451.52000000000544,2.0,6,4065.7000000000003,4043.0,4076.8,11.099999999999909,0.27301571685072457,2.0450450450450863,24.600000000000364,0.9999999999995453,2.2162162162162673,0.09009009009004985,1.907822055744873,0.046924811366920165,-0.003888032028006795,True,False,True,0.046924811366920165,-0.07108822584405061,-8.365682270283418,-1.923772842053883,-3.3268740843112936,-6.441909428229535,-25.023315170063057,1,3,1,3,1,4049.1,1.4954954954955406,MGC_v2
single,MGC,2025-11-20 13:04:00+01:00,2025-11-20 13:18:00+01:00,Long,UK,13,3,Canal Exit,31.759999999997273,1.0,2,4068.7000000000003,4072.0,4049.6000000000004,19.09999999999991,0.46943741244131804,0.17277486910993417,9.599999999999909,6.800000000000182,0.5026178010471181,0.35602094240838816,0.13554004115030693,0.003331286188470689,-0.01563647903290028,False,True,True,-0.003331286188470689,1.4371817343126168,26.914888565457996,22.77215137581061,-5.313461163379009,4.142737189647388,33.813819321156984,0,2,-1,4,1,4079.0,0.5392670157067946,MGC_v2
single,MGC,2025-11-20 15:03:00+01:00,2025-11-20 15:45:00+01:00,Short,UK,15,3,Stop Loss,-204.23999999999728,1.0,6,4076.2000000000003,4096.5,4096.5,20.299999999999727,0.49801285511014487,-1.0,4.600000000000364,30.499999999999545,0.22660098522169583,1.50246305418719,3.1017338145502436,0.07609375925004276,0.0345209082596768,False,False,False,-0.07609375925004276,-2.3793168732718186,-16.477919299833967,-11.63331494823812,2.2012564772014542,-4.844604351595848,29.421095611645697,1,1,1,2,-1,4095.1,-0.9310344827586153,MGC_v2
single,MGC,2025-11-20 15:52:00+01:00,2025-11-20 16:55:00+01:00,Long,US,15,3,Stop Loss,-206.24,1.0,9,4092.0,4071.5,4071.5,20.5,0.5009775171065494,-1.0,14.899999999999636,24.59999999999991,0.7268292682926651,1.1999999999999955,2.2404981776417117,0.05475313239593626,0.00429314627890278,False,False,False,-0.05475313239593626,2.8891753858429183,30.994323855152153,30.20770973339892,2.409369284290804,0.7866141217532316,-13.813891586957215,1,1,-1,1,1,4081.2,-0.5268292682926918,MGC_v2
single,MGC,2025-11-20 18:47:00+01:00,2025-11-20 19:36:00+01:00,Long,US,18,3,Canal Exit,16.76000000000182,1.0,7,4059.9,4061.7000000000003,4042.6000000000004,17.299999999999727,0.42611886992289777,0.10404624277457863,11.799999999999727,6.0,0.6820809248554863,0.3468208092485604,5.013267890765746,0.12348254614068688,-0.06667657211735058,False,True,True,-0.12348254614068688,0.19637206978723043,20.5654572842337,18.035148920959067,-11.192257186745914,2.5303083632746315,-19.09949744048516,0,4,-1,3,-1,4059.8,-0.005780346820804082,MGC_v2
single,MGC,2025-11-20 21:21:00+01:00,2025-11-20 21:56:00+01:00,Short,US,21,3,Auto-Close (loss),-25.240000000000908,1.0,5,4075.3,4077.7000000000003,4087.3,12.0,0.2944568498024685,-0.2000000000000076,2.600000000000364,5.299999999999727,0.21666666666669698,0.44166666666664395,8.86777291474391,0.2175980397699288,0.0510359801405612,True,False,True,0.2175980397699288,-0.20924290446873783,-21.958206652653242,-16.989444125457865,-3.262692868888139,-4.968762527195377,-1.9470591418548189,0,3,1,4,-1,4078.5,-0.2666666666666515,MGC_v2
single,MGC,2025-11-21 00:14:00+01:00,2025-11-21 01:17:00+01:00,Long,Asia,0,4,Stop Loss,-194.47999999999817,2.0,9,4081.2000000000003,4071.6000000000004,4071.6000000000004,9.599999999999909,0.23522493384298512,-1.0,8.099999999999909,9.900000000000091,0.8437499999999986,1.0312500000000193,2.414851794840615,0.059170141008541975,-0.007229232995985998,False,False,False,-0.059170141008541975,2.8388588466182227,15.314012172453028,7.363209104438484,-2.775278191140245,7.950803068014544,-21.477291850182866,3,2,-1,3,1,4078.0,-0.3333333333333649,MGC_v2
single,MGC,2025-11-21 01:31:00+01:00,2025-11-21 04:12:00+01:00,Short,Asia,1,4,Canal Exit,196.75999999999726,1.0,23,4072.5,4052.7000000000003,4089.4,16.90000000000009,0.41497851442603045,1.1715976331360722,23.09999999999991,7.199999999999818,1.366863905325431,0.42603550295856685,4.170512781557591,0.10240669813523857,0.00293562154412432,False,False,False,-0.10240669813523857,-1.002653140401435,-31.820038976907945,-29.702229625657132,-8.897256862016432,-2.1178093512508127,-42.8317443856903,0,1,1,8,-1,4053.2,1.1420118343195313,MGC_v2
single,MGC,2025-11-21 13:04:00+01:00,2025-11-21 13:46:00+01:00,Long,UK,13,4,Canal Exit,453.5199999999945,2.0,6,4039.6000000000004,4062.4,4027.9,11.700000000000273,0.2896326368947488,1.9487179487178798,30.899999999999636,6.000000000000455,2.641025641025548,0.5128205128205398,2.1262848980777562,0.05263602579655798,-0.02496914690827964,False,True,True,-0.05263602579655798,1.8154384513100013,4.525106726662646,-7.472273023607686,-2.7413672785035437,11.997379750270332,40.770209308177456,1,6,-1,5,1,4066.8,2.3247863247862552,MGC_v2
single,MGC,2025-11-21 15:24:00+01:00,2025-11-21 15:38:00+01:00,Short,US,15,4,Canal Exit,36.76000000000182,1.0,2,4065.2000000000003,4061.4,4083.1000000000004,17.90000000000009,0.44032273934861976,0.21229050279330516,5.200000000000273,4.599999999999909,0.2905027932961032,0.2569832402234573,1.8355855650706872,0.04515363487825168,0.06719921922779987,True,False,True,0.04515363487825168,-0.7135033022459538,-31.12953147863506,-22.890900703172846,12.08787544340847,-8.238630775462212,-30.19184912470977,0,1,1,1,1,4069.9,-0.26256983240222315,MGC_v2
single,MGC,2025-11-21 16:55:00+01:00,2025-11-21 18:40:00+01:00,Long,US,16,4,Canal Exit,126.75999999999728,1.0,15,4069.6000000000004,4082.4,4053.1000000000004,16.5,0.4054452526046785,0.7757575757575592,31.5,7.900000000000546,1.9090909090909092,0.47878787878791185,9.870863701584312,0.24255120163122448,-0.010927468676129424,False,True,True,-0.24255120163122448,0.9303467174931939,9.952456578144414,-0.6463892279869583,18.531376360097795,10.598845806131372,-19.64538862103897,0,2,-1,3,-1,4081.6,0.7272727272726998,MGC_v2
single,MGC,2025-11-21 19:15:00+01:00,2025-11-21 21:56:00+01:00,Short,US,19,4,Auto-Close (profit),183.76,1.0,23,4083.0,4064.5,4101.2,18.199999999999818,0.44575067352436487,1.0164835164835266,29.5,8.900000000000091,1.620879120879137,0.4890109890109989,3.4667398840647365,0.08490668342064013,0.02394536387921304,False,False,False,-0.08490668342064013,-1.0825983528770848,-17.923584784932054,-10.34160346819552,8.993474471144832,-7.581981316736533,-23.450674351735973,0,2,1,1,-1,4053.2,1.6373626373626637,MGC_v2
single,MGC,2025-11-24 00:07:00+01:00,2025-11-24 02:06:00+01:00,Long,Asia,0,0,Stop Loss,-204.23999999999728,1.0,17,4072.4,4052.1000000000004,4052.1000000000004,20.299999999999727,0.49847755623219053,-1.0,2.299999999999727,23.90000000000009,0.11330049261082552,1.1773399014778527,6.86713085437259,0.16862613825686548,-0.033213885268807405,True,False,True,0.16862613825686548,5.738984062173586,15.475842174361379,10.239615773091508,-10.907219377316503,5.236226401269871,-4.062137054423886,3,2,-1,3,1,4052.8,-0.9655172413793188,MGC_v2
single,MGC,2025-11-24 04:26:00+01:00,2025-11-24 06:18:00+01:00,Long,Asia,4,0,Stop Loss,-230.4800000000018,2.0,16,4048.6000000000004,4037.2000000000003,4037.2000000000003,11.400000000000091,0.2815788173689693,-1.0,9.999999999999545,12.900000000000546,0.8771929824560935,1.1315789473684599,3.1408857028036437,0.07757955102513568,-0.025943510214959064,True,False,True,0.07757955102513568,0.5312852145348188,15.399764952229077,12.7721030773574,-1.012425483193283,2.627661874871677,5.743025077532652,0,3,-1,4,-1,4038.8,-0.8596491228070267,MGC_v2
single,MGC,2025-11-24 12:22:00+01:00,2025-11-24 13:53:00+01:00,Long,UK,12,0,Canal Exit,344.2800000000109,3.0,13,4066.5,4078.1000000000004,4060.0,6.5,0.15984261650067627,1.7846153846154407,15.0,4.0,2.3076923076923075,0.6153846153846154,5.64282361826281,0.1387636448607601,-0.00900155263196043,False,True,True,-0.1387636448607601,0.2742390826188057,24.702649958012334,14.616928134419615,9.377843758988194,10.085721823592719,37.23334928392079,0,2,-1,3,1,4080.2,2.1076923076922798,MGC_v2
single,MGC,2025-11-24 19:29:00+01:00,2025-11-24 20:46:00+01:00,Long,US,19,0,Canal Exit,421.51999999999634,2.0,11,4097.5,4118.7,4086.3,11.199999999999818,0.27333740085417496,1.8928571428571574,28.600000000000364,4.099999999999909,2.5535714285715025,0.3660714285714264,5.083596629729982,0.12406581158584458,-0.00871005207370704,False,True,True,-0.12406581158584458,1.2912868602643357,16.24068377797054,5.048553647366722,13.259613534617051,11.192130130603816,-6.661284291752189,1,3,-1,5,-1,4122.0,2.1875000000000355,MGC_v2
single,MGC,2025-11-25 12:36:00+01:00,2025-11-25 13:11:00+01:00,Short,UK,12,1,Stop Loss,-198.72,3.0,5,4165.400000000001,4171.900000000001,4171.900000000001,6.5,0.15604743842128005,-1.0,1.9000000000005457,7.399999999999636,0.29230769230777626,1.1384615384614825,1.471064670027772,0.03531628823228914,0.01470775578720821,True,True,False,0.03531628823228914,-2.685321097867927,-8.927580756766954,-2.718288831544583,-8.839524491684266,-6.209291925222371,41.87418006534952,4,1,1,1,-1,4169.5,-0.6307692307691468,MGC_v2
single,MGC,2025-11-25 15:31:00+01:00,2025-11-25 15:52:00+01:00,Short,US,15,1,Canal Exit,24.76000000000364,1.0,3,4162.3,4159.7,4185.7,23.399999999999636,0.56218917425461,0.11111111111112838,18.400000000000546,6.699999999999818,0.7863247863248218,0.286324786324783,0.001000323563857819,2.4032952066353194e-05,0.02795859965807519,True,False,True,2.4032952066353194e-05,-1.032140240084118,-31.973635948565068,-31.245568263119207,-4.125189083312473,-0.7280676854458612,-25.436063297168662,0,3,1,6,-1,4162.1,0.008547008547000906,MGC_v2
single,MGC,2025-11-25 21:07:00+01:00,2025-11-25 21:56:00+01:00,Long,US,21,1,Auto-Close (loss),-108.47999999998545,2.0,7,4171.7,4166.400000000001,4162.5,9.199999999999818,0.22053359541673226,-0.5760869565216714,1.9000000000005457,9.199999999999818,0.20652173913049818,1.0,5.361012131992538,0.1285090522327238,-0.03608398096551644,False,True,True,-0.1285090522327238,1.0391645867439365,34.198384713094605,29.51438134638513,5.5005733316209815,4.684003366709476,-24.442295344798936,0,1,-1,2,1,4164.9,-0.7391304347826431,MGC_v2
single,MGC,2025-11-26 05:15:00+01:00,2025-11-26 11:47:00+01:00,Short,Asia,5,2,Canal Exit,17.52,2.0,56,4195.5,4194.5,4205.1,9.600000000000364,0.22881658920272585,0.10416666666666272,14.199999999999818,8.5,1.4791666666665917,0.8854166666666331,5.701757174592785,0.13590173220337948,0.024144784623178695,False,False,False,-0.13590173220337948,-0.4844572050815259,-33.20098441520757,-29.640167099199697,22.37310053041296,-3.560817316007874,-15.99620023648793,0,2,1,8,-1,4201.4,-0.6145833333332722,MGC_v2
single,MGC,2025-11-26 12:15:00+01:00,2025-11-26 12:43:00+01:00,Long,UK,12,2,Canal Exit,98.28000000001637,3.0,4,4198.0,4201.400000000001,4190.5,7.5,0.17865650309671272,0.4533333333334061,9.800000000000182,3.399999999999636,1.3066666666666908,0.45333333333328485,2.027844550291775,0.04830501549051393,-0.007015524382982454,False,True,True,-0.04830501549051393,0.034448192253876186,18.703184028773208,11.689272936366482,-3.015869743174773,7.013911092406726,31.209029316773677,0,4,-1,2,1,4208.4,1.386666666666618,MGC_v2
single,MGC,2025-11-26 19:15:00+01:00,2025-11-26 19:29:00+01:00,Long,US,19,2,Stop Loss,-192.72000000000546,3.0,2,4205.400000000001,4199.1,4199.1,6.300000000000182,0.14980739049793554,-1.0,0.7999999999992724,13.50000000000091,0.12698412698400782,2.1428571428572254,1.0873633706341934,0.025856360171070368,0.01268836675671405,False,False,False,-0.025856360171070368,0.1562922691418862,30.307945268655523,27.046968079017027,5.4677961084267155,3.2609771896384956,-6.345053021880034,0,1,-1,3,1,4197.8,-1.2063492063492294,MGC_v2
single,MGC,2025-11-27 00:07:00+01:00,2025-11-27 00:28:00+01:00,Long,Asia,0,3,Stop Loss,-229.44000000004365,6.0,3,4198.900000000001,4195.2,4195.2,3.7000000000007276,0.0881183167020107,-1.0,1.7999999999992724,5.100000000000364,0.4864864864861942,1.3783783783782055,0.804191367356907,0.019152429621017573,-0.001999428138120112,True,True,False,0.019152429621017573,0.44228273804674245,2.7122864775065905,-5.687472334883614,-8.614073759642725,8.399758812390203,-11.89573201029866,1,2,-1,2,1,4198.6,-0.0810810810811143,MGC_v2
single,MGC,2025-11-27 00:35:00+01:00,2025-11-27 02:20:00+01:00,Short,Asia,0,3,Canal Exit,399.0400000000146,4.0,15,4195.900000000001,4185.8,4201.0,5.099999999999454,0.1215472246716903,1.9803921568630283,14.00000000000091,3.899999999999636,2.7450980392161584,0.7647058823529517,1.0525359296752868,0.025084866886133764,0.0028826495712265315,True,False,True,0.025084866886133764,-0.3117325409566547,-24.005734233861894,-17.95073312208029,-9.152453481661333,-6.055001111781603,-45.25477470165885,0,1,1,4,-1,4183.0,2.52941176470626,MGC_v2
single,MGC,2025-11-27 11:54:00+01:00,2025-11-27 12:43:00+01:00,Long,UK,11,3,Canal Exit,75.51999999999272,2.0,7,4188.8,4192.7,4180.400000000001,8.399999999999636,0.20053475935828008,0.4642857142856911,6.099999999999454,1.300000000000182,0.7261904761904426,0.1547619047619331,1.8234169784045662,0.043530772020735437,-0.015178195113783328,False,True,True,-0.043530772020735437,1.177881533611071,18.649018884503192,9.322879933354221,1.449741499943734,9.326138951148971,35.22067738969098,2,3,-1,5,1,4190.9,0.24999999999994588,MGC_v2
single,MGC,2025-11-27 17:02:00+01:00,2025-11-27 17:23:00+01:00,Short,US,17,3,Canal Exit,14.27999999998363,3.0,3,4187.2,4186.6,4193.900000000001,6.700000000000728,0.16001146350785078,0.08955223880587898,3.800000000000182,3.100000000000364,0.5671641791044432,0.46268656716418316,0.992932489623854,0.023713519526744702,0.010729260269672183,True,False,True,0.023713519526744702,-0.5062104987373459,-27.0875116134136,-18.910635034259656,-2.2932661288712466,-8.176876579153944,-36.56603645477644,0,3,1,5,-1,4188.0,-0.11940298507464105,MGC_v2
single,MGC,2025-12-01 13:39:00+01:00,2025-12-01 13:53:00+01:00,Long,UK,13,0,Stop Loss,-242.4000000000182,10.0,2,4284.3,4282.0,4282.0,2.300000000000182,0.05368438251290016,-1.0,6.699999999999818,5.699999999999818,2.91304347826056,2.4782608695649424,3.91548612474071,0.09139150210631164,-0.008166293610489678,False,False,False,-0.09139150210631164,0.5062258136922537,1.0574042193149609,0.32295709837460684,-3.821344089578467,0.734447120940354,-21.96931233031671,2,1,-1,1,1,4288.3,1.7391304347824712,MGC_v2
single,MGC,2025-12-01 14:07:00+01:00,2025-12-01 14:56:00+01:00,Long,UK,14,0,Stop Loss,-202.48,2.0,7,4288.5,4278.5,4278.5,10.0,0.23318176518596248,-1.0,11.0,12.5,1.1,1.25,3.469076642741129,0.08089254151197689,-0.008972955086088799,False,True,True,-0.08089254151197689,0.8769254723129052,4.393156886646281,-6.355866941271898,-2.063579708693515,10.74902382791818,-16.345490705669807,1,5,-1,2,1,4283.6,-0.48999999999996363,MGC_v2
single,MGC,2025-12-01 15:31:00+01:00,2025-12-01 21:35:00+01:00,Short,US,15,0,Canal Exit,-140.23999999999637,1.0,52,4259.8,4273.7,4299.6,39.80000000000018,0.9343161650781769,-0.34924623115576814,7.5,20.300000000000182,0.18844221105527553,0.5100502512562837,7.946207889306606,0.1865394593480118,-0.0027805070664103228,False,False,False,-0.1865394593480118,-6.552440717267018,-23.297708310310938,-17.14742481407202,-5.436174867427841,-6.150283496238917,9.23425699831489,3,2,1,2,-1,4271.2,-0.28643216080400963,MGC_v2
single,MGC,2025-12-02 04:40:00+01:00,2025-12-02 07:00:00+01:00,Short,Asia,4,1,Stop Loss,-204.71999999999454,3.0,20,4250.8,4257.5,4257.5,6.699999999999818,0.15761738966782293,-1.0,6.600000000000364,7.399999999999636,0.9850746268657526,1.1044776119402742,6.53222074565565,0.15367038547227935,0.018143863571014385,True,True,False,0.15367038547227935,-0.23655818834322417,-24.352951967545614,-13.787715568710283,-2.019560832349569,-10.565236398835331,33.084055926482016,0,3,1,2,-1,4251.8,-0.14925373134328762,MGC_v2
single,MGC,2025-12-02 09:55:00+01:00,2025-12-02 10:37:00+01:00,Short,UK,9,1,Canal Exit,530.2800000000054,3.0,6,4241.1,4223.3,4248.900000000001,7.800000000000182,0.1839145504704011,2.282051282051252,30.100000000000364,3.2999999999992724,3.8589743589743155,0.42307692307681993,1.969365730528807,0.04643525808230899,0.003457336700628613,True,False,True,0.04643525808230899,-0.15172925736351317,-23.211672194926923,-14.727157575867333,-5.095501727008628,-8.48451461905959,-33.51173242167452,0,2,1,4,-1,4218.6,2.8846153846153175,MGC_v2
single,MGC,2025-12-02 12:15:00+01:00,2025-12-02 15:17:00+01:00,Long,UK,12,1,Canal Exit,665.5199999999927,2.0,26,4222.900000000001,4256.3,4212.8,10.100000000000364,0.239172132894465,3.3069306930691518,34.099999999999454,5.5000000000009095,3.3762376237622007,0.544554455445615,3.079952153006161,0.07293452729181749,-0.034909290993107155,True,True,False,0.07293452729181749,0.756012321140588,26.064234204361686,20.610762334303374,-12.423131925542753,5.453471870058312,46.59564755870318,0,3,-1,11,1,4222.4,-0.04950495049513777,MGC_v2
single,MGC,2025-12-02 18:12:00+01:00,2025-12-02 21:49:00+01:00,Long,US,18,1,Canal Exit,199.75999999999453,1.0,31,4220.6,4240.7,4193.400000000001,27.199999999999818,0.6444581339146049,0.738970588235279,23.399999999999636,6.600000000000364,0.8602941176470512,0.2426470588235444,10.406395902771692,0.2465620030984147,-0.04030827086286883,True,True,False,0.2465620030984147,9.379687557707257,18.32332833535802,16.79965101196614,-6.587549648003425,1.5236773233918797,44.9540327621756,3,6,-1,6,1,4242.0,0.7867647058823448,MGC_v2
single,MGC,2025-12-03 05:36:00+01:00,2025-12-03 06:25:00+01:00,Long,Asia,5,2,Stop Loss,-207.72000000000546,3.0,7,4255.1,4248.3,4248.3,6.800000000000182,0.15980823012385564,-1.0,1.199999999999818,9.200000000000728,0.17647058823526265,1.3529411764706591,4.503079542346313,0.10582781937783631,-0.008494008317457828,False,False,False,-0.10582781937783631,0.05667194562465738,32.82310347905891,29.911990162512033,1.9745560304543528,2.9111133165468743,-23.88413434765809,0,1,-1,4,1,4238.6,-2.426470588235229,MGC_v2
single,MGC,2025-12-03 08:24:00+01:00,2025-12-03 13:32:00+01:00,Short,Asia,8,2,Stop Loss,-190.4800000000109,2.0,44,4234.0,4243.400000000001,4243.400000000001,9.400000000000546,0.22201228153048053,-1.0,9.0,10.0,0.9574468085105827,1.0638297872339808,1.5246530805288785,0.0360097562713481,-0.013718708281770348,True,True,False,0.0360097562713481,-0.08585793018028198,-30.835762707415206,-22.958487237731198,-13.817524145141375,-7.877275469684008,30.38644980319284,0,1,1,2,-1,4243.1,-0.9680851063829612,MGC_v2
single,MGC,2025-12-03 21:49:00+01:00,2025-12-03 21:56:00+01:00,Short,US,21,2,Auto-Close (profit),2.2799999999945433,3.0,1,4237.5,4237.3,4244.6,7.100000000000364,0.16755162241888763,0.028169014084479978,2.699999999999818,2.300000000000182,0.3802816901408,0.32394366197184,4.706676621812221,0.11107201467403473,0.016947597073205468,True,True,False,0.11107201467403473,-0.5692011983674092,-22.78627068954618,-19.308087586934526,-6.780806004160731,-3.478183102611652,-19.40323635473244,0,1,1,4,-1,4238.9,-0.19718309859148794,MGC_v2
single,MGC,2025-12-04 05:15:00+01:00,2025-12-04 05:36:00+01:00,Long,Asia,5,3,Canal Exit,47.279999999994544,3.0,3,4224.6,4226.3,4218.6,6.0,0.14202528049992896,0.283333333333303,3.2999999999992724,0.6000000000003638,0.5499999999998787,0.10000000000006064,0.2237023383804626,0.005295231226162538,-0.023016218522284995,True,True,False,0.005295231226162538,0.3622236707569755,14.48166259533474,13.642246979572437,-15.88851865388113,0.8394156157623023,23.83404448125482,0,3,-1,4,1,4225.7,0.1833333333332424,MGC_v2
single,MGC,2025-12-04 08:10:00+01:00,2025-12-04 11:40:00+01:00,Long,Asia,8,3,Canal Exit,90.75999999999819,1.0,30,4221.900000000001,4231.1,4203.3,18.600000000000364,0.44055993746892064,0.494623655913959,10.49999999999909,9.800000000000182,0.5645161290321982,0.526881720430107,5.063081515687372,0.11992424064253941,-0.010015786178905932,True,True,False,0.11992424064253941,1.543826685617205,18.49607014328607,17.30964849222578,-13.704894632484644,1.1864216510602894,7.206280878132166,1,2,-1,1,-1,4227.9,0.32258064516123514,MGC_v2
single,MGC,2025-12-04 20:53:00+01:00,2025-12-04 21:56:00+01:00,Long,US,20,3,Auto-Close (profit),1.520000000014552,2.0,9,4239.7,4239.900000000001,4229.8,9.899999999999636,0.23350708776563525,0.02020202020209444,1.0,3.899999999999636,0.10101010101010473,0.39393939393937166,3.40365390234183,0.08028053641394037,-0.01952072065068963,False,True,True,-0.08028053641394037,0.5274372629910431,27.221881592398507,25.741327424868523,9.378816101987244,1.4805541675299843,8.139030970513906,0,1,-1,2,-1,4239.0,-0.07070707070705493,MGC_v2
single,MGC,2025-12-04 22:59:00+01:00,2025-12-05 00:56:00+01:00,Short,Asia,22,3,Canal Exit,159.31999999997453,7.0,9,4238.0,4235.6,4241.0,3.0,0.07078810759792356,0.7999999999998787,4.199999999999818,2.300000000000182,1.3999999999999393,0.7666666666667273,1.4755803437183204,0.03481784671350449,0.004149998868368845,True,False,True,0.03481784671350449,-0.3407201581603658,-1.6008012631149384,9.603798104956887,-8.618832806870367,-11.204599368071825,-17.81184494255909,0,3,1,3,-1,4236.1,0.6333333333332121,MGC_v2
single,MGC,2025-12-05 10:30:00+01:00,2025-12-05 12:01:00+01:00,Long,UK,10,4,Canal Exit,26.28,3.0,13,4252.0,4253.0,4245.6,6.399999999999636,0.15051740357477977,0.15625000000000888,5.899999999999636,2.600000000000364,0.9218749999999956,0.40625000000007994,4.891272731463687,0.11503463620563703,-0.016518255242365876,False,True,True,-0.11503463620563703,0.41258152954196703,21.70404505137784,10.750990559130868,1.4073912630540402,10.953054492246972,-21.94828801470993,0,3,-1,3,-1,4251.3,-0.1093749999999778,MGC_v2
single,MGC,2025-12-05 12:36:00+01:00,2025-12-05 12:50:00+01:00,Short,UK,12,4,Canal Exit,18.8,5.0,2,4253.5,4253.0,4258.0,4.5,0.10579522745973904,0.1111111111111111,3.0,0.8000000000001819,0.6666666666666666,0.1777777777778182,0.8803386460131151,0.020696806065901376,0.0019973599911436058,False,False,False,-0.020696806065901376,-1.138254532148494,-6.952655194524898,-3.1903413164314567,-8.67934549803418,-3.7623138780934418,-2.208304476662808,2,2,1,4,-1,4256.5,-0.6666666666666666,MGC_v2
single,MGC,2025-12-05 20:18:00+01:00,2025-12-05 21:56:00+01:00,Short,US,20,4,Auto-Close (profit),39.75999999999454,1.0,14,4235.5,4231.400000000001,4250.5,15.0,0.35414945106835083,0.27333333333329696,6.5,4.899999999999636,0.43333333333333335,0.3266666666666424,0.5132731153516943,0.012118359469996324,-0.0025364181086497944,True,False,True,0.012118359469996324,-4.8052064896364755,-17.761217489631363,-16.776470434184688,-13.701103911187834,-0.9847470554466753,-39.04302759123837,3,1,1,11,-1,4231.3,0.27999999999998787,MGC_v2
single,MGC,2025-12-08 02:06:00+01:00,2025-12-08 03:09:00+01:00,Short,Asia,2,0,Canal Exit,152.27999999999454,3.0,9,4233.7,4228.5,4241.400000000001,7.700000000000728,0.18187401091245783,0.6753246753245878,7.699999999999818,6.0,0.9999999999998819,0.7792207792207055,4.340791856360738,0.10252950979901122,0.02414446283068677,True,False,True,0.10252950979901122,-0.582761949777705,-5.5595032965270015,4.019007300292165,0.1519158708809544,-9.578510596819166,-27.2602514805711,0,2,1,6,-1,4238.3,-0.5974025974025882,MGC_v2
single,MGC,2025-12-08 05:50:00+01:00,2025-12-08 06:11:00+01:00,Short,Asia,5,0,Canal Exit,19.03999999997817,4.0,3,4236.7,4236.1,4242.0,5.300000000000182,0.12509736351406006,0.11320754716970448,1.199999999999818,2.5,0.22641509433958054,0.47169811320753097,0.026205929581919918,0.0006185457922892798,0.009648632217318131,True,False,True,0.0006185457922892798,-0.2526819246349987,-13.882753395445047,-7.293937590877217,1.157460976751904,-6.58881580456783,-27.204147719276527,0,2,1,1,1,4235.5,0.22641509433958054,MGC_v2
single,MGC,2025-12-08 10:44:00+01:00,2025-12-08 11:26:00+01:00,Long,UK,10,0,Stop Loss,-236.96000000000728,4.0,6,4239.400000000001,4233.6,4233.6,5.800000000000182,0.13681181299240885,-1.0,2.4999999999990905,9.400000000000546,0.43103448275845035,1.620689655172457,0.24174686236256093,0.005702383883628837,-0.010411002411133675,False,True,True,-0.005702383883628837,0.6644666150450576,16.26334597113193,12.430308943675907,2.7797259430403685,3.8330370274560224,-6.674989522702009,3,1,-1,1,1,4236.7,-0.4655172413794212,MGC_v2
single,MGC,2025-12-08 14:14:00+01:00,2025-12-08 14:42:00+01:00,Short,UK,14,0,Canal Exit,116.28,3.0,4,4239.0,4235.0,4245.3,6.300000000000182,0.14861995753715926,0.6349206349206166,9.100000000000364,1.8999999999996362,1.4444444444444604,0.3015873015872351,1.1825689785619034,0.0278973573616868,0.01352658809918329,True,False,True,0.0278973573616868,-0.5798067619225549,-6.28460203554291,-0.29952100849922303,7.691434411860701,-5.985081027043687,-24.99837531711659,0,4,1,2,-1,4227.6,1.8095238095236996,MGC_v2
single,MGC,2025-12-08 19:15:00+01:00,2025-12-08 20:39:00+01:00,Short,US,19,0,Canal Exit,39.52000000000728,2.0,12,4216.6,4214.5,4225.1,8.5,0.201584214770194,0.24705882352945457,3.5,5.799999999999272,0.4117647058823529,0.682352941176385,3.7163574585829338,0.0881363529522111,0.013111798132884569,True,False,True,0.0881363529522111,-2.8893366553320448,-15.739057917110337,-1.3975573598301905,-8.81773874636619,-14.341500557280146,9.36929745157621,5,2,1,4,1,4218.2,-0.18823529411758286,MGC_v2
single,MGC,2025-12-09 18:19:00+01:00,2025-12-09 18:33:00+01:00,Short,US,18,1,Canal Exit,17.759999999996364,1.0,2,4237.7,4235.8,4251.6,13.900000000000546,0.3280081176109811,0.13669064748198284,4.199999999999818,2.600000000000364,0.30215827338127,0.18705035971224904,0.32366300555986527,0.0076377045463309175,0.031841988336085286,True,False,True,0.0076377045463309175,-1.2286556264580213,-30.514974183685187,-28.07022652210574,9.858086158789087,-2.444747661579445,-32.72958140779836,0,2,1,2,-1,4234.1,0.2589928057553463,MGC_v2
single,MGC,2025-12-09 19:50:00+01:00,2025-12-09 21:14:00+01:00,Long,US,19,1,Canal Exit,51.520000000014555,2.0,12,4238.2,4240.900000000001,4230.1,8.099999999999454,0.1911188712189008,0.3333333333334456,6.800000000000182,4.099999999999454,0.8395061728395852,0.5061728395061396,3.752158745286579,0.0885318943251045,-0.01656723276349266,False,True,True,-0.0885318943251045,0.7535864319652319,16.792647854008877,13.269182047181596,10.49428828147735,3.5234658068272804,19.667011449892367,0,3,-1,4,1,4242.2,0.49382716049386044,MGC_v2
single,MGC,2025-12-10 01:59:00+01:00,2025-12-10 02:20:00+01:00,Long,Asia,1,2,Canal Exit,143.8,5.0,3,4239.5,4242.5,4235.1,4.399999999999636,0.10378582379996784,0.6818181818182382,7.5,4.100000000000364,1.7045454545455956,0.9318181818183415,0.44209892053004296,0.010428091060975185,-0.004386374072657729,False,True,True,-0.010428091060975185,0.1785060406782577,23.952303497796205,12.21541121245727,-6.731400470058618,11.736892285338936,41.46812371945481,0,3,-1,6,1,4245.3,1.3181818181819684,MGC_v2
single,MGC,2025-12-10 04:05:00+01:00,2025-12-10 04:33:00+01:00,Short,Asia,4,2,Canal Exit,116.28,3.0,4,4241.8,4237.8,4247.900000000001,6.100000000000364,0.14380687444010476,0.6557377049179937,5.300000000000182,3.699999999999818,0.8688524590163714,0.6065573770491144,0.4621539472918812,0.010895231913147277,0.010786120452141064,True,False,True,0.010895231913147277,-0.2932262178283054,-5.739637738886003,7.718701661579878,12.149365677455203,-13.458339400465881,-34.89086892247778,0,4,1,2,-1,4234.6,1.1803278688523589,MGC_v2
single,MGC,2025-12-10 13:46:00+01:00,2025-12-10 14:42:00+01:00,Short,UK,13,2,Stop Loss,-224.96,4.0,8,4224.900000000001,4230.400000000001,4230.400000000001,5.5,0.13018059599043763,-1.0,4.100000000000364,7.599999999999454,0.7454545454546117,1.3818181818180826,3.364130286996442,0.07962627013648706,0.01497944230609834,True,False,True,0.07962627013648706,-0.47609504311276396,-22.084446346317243,-21.533189630064822,-10.69945535576507,-0.5512567162524213,21.45349284507124,0,2,1,2,-1,4228.4,-0.636363636363471,MGC_v2
single,MGC,2025-12-10 15:38:00+01:00,2025-12-10 15:45:00+01:00,Short,US,15,2,Canal Exit,-80.47999999999273,2.0,1,4226.1,4230.0,4235.5,9.399999999999636,0.22242729703508282,-0.41489361702125394,6.600000000000364,4.399999999999636,0.7021276595745339,0.46808510638295814,0.05380819536912895,0.001273235261094838,0.012477333058688218,True,False,True,0.001273235261094838,-0.3523030769347315,-33.49195266759405,-32.13235416839567,4.301518996909746,-1.359598499198377,-12.824168260504933,0,1,1,4,-1,4219.8,0.6702127659574921,MGC_v2
single,MGC,2025-12-10 17:23:00+01:00,2025-12-10 17:44:00+01:00,Long,US,17,2,Canal Exit,53.52000000000364,2.0,3,4229.2,4232.0,4218.1,11.099999999999454,0.2624609855291652,0.25225225225228104,4.199999999999818,4.300000000000182,0.3783783783783806,0.38738738738742284,1.2594323691373575,0.029779446919922382,-0.01669433879591175,False,True,True,-0.029779446919922382,1.0122340239076948,30.563837501492987,24.27643443482104,-7.8130395510240795,6.287403066671946,36.40615544262043,0,3,-1,5,1,4230.9,0.1531531531531443,MGC_v2
single,MGC,2025-12-10 19:15:00+01:00,2025-12-10 19:36:00+01:00,Short,US,19,2,Canal Exit,71.28,3.0,3,4225.0,4222.5,4231.8,6.800000000000182,0.16094674556213448,0.36764705882351956,5.100000000000364,2.600000000000364,0.7500000000000334,0.38235294117651386,2.219539776089732,0.052533485824609046,0.005153889293015553,False,False,False,-0.052533485824609046,-2.225474132025738,-17.10939403419539,-10.10316780950009,-9.185496511415895,-7.0062262246953,-27.609709259317324,3,3,1,6,-1,4235.8,-1.5882352941176314,MGC_v2
single,MGC,2025-12-10 20:04:00+01:00,2025-12-10 20:39:00+01:00,Long,US,20,2,Stop Loss,-340.24000000000547,1.0,5,4244.900000000001,4211.0,4211.0,33.900000000000546,0.7986053852858853,-1.0,4.099999999999454,36.900000000000546,0.12094395280234184,1.0884955752212375,2.6261631057423074,0.06186631265147134,-0.021720588939736295,False,True,True,-0.06186631265147134,1.42772080276427,16.555082416361792,6.6742717665969895,-2.3358081116789555,9.880810649764802,-12.303621905195921,0,2,-1,1,1,4231.1,-0.4070796460176979,MGC_v2
single,MGC,2025-12-11 00:42:00+01:00,2025-12-11 03:37:00+01:00,Long,Asia,0,3,Stop Loss,-164.47999999998908,2.0,25,4259.2,4251.1,4251.1,8.099999999999454,0.19017655897819907,-1.0,18.5,10.800000000000182,2.2839506172841046,1.3333333333334456,8.686106037246645,0.20393750087449863,-0.009583149829621499,False,False,False,-0.20393750087449863,0.9063323427890282,14.775930906602747,3.863659500288107,16.09251758182698,10.912271406314641,-36.68902244257205,0,4,-1,3,-1,4248.6,-1.3086419753086627,MGC_v2
single,MGC,2025-12-11 10:51:00+01:00,2025-12-11 11:40:00+01:00,Long,UK,10,3,Canal Exit,-72.48,2.0,7,4246.2,4242.7,4237.6,8.599999999999454,0.20253403042719267,-0.4069767441860723,7.600000000000364,7.199999999999818,0.8837209302326565,0.8372093023256134,0.6659045743654133,0.015682364805365112,-0.003353771630627984,False,True,True,-0.015682364805365112,0.3444818965444938,29.861152237789394,29.033150080688976,3.4621332876502833,0.8280021571004177,-28.816631190205072,0,2,-1,4,-1,4242.8,-0.3953488372092851,MGC_v2
single,MGC,2025-12-11 13:53:00+01:00,2025-12-11 14:14:00+01:00,Long,UK,13,3,Stop Loss,-123.23999999999818,1.0,3,4247.8,4235.6,4235.6,12.199999999999818,0.2872074956448001,-1.0,2.0999999999994543,15.800000000000182,0.17213114754094144,1.295081967213149,3.8062378977447224,0.08960492249504973,0.000777759821282503,True,True,False,0.08960492249504973,3.1057644755837828,20.210446584206025,18.947597516873387,-0.5983814611409919,1.2628490673326382,-31.435341519219932,4,1,-1,2,1,4237.6,-0.8360655737704894,MGC_v2
single,MGC,2025-12-11 14:21:00+01:00,2025-12-11 14:28:00+01:00,Short,UK,14,3,Canal Exit,19.519999999989086,2.0,1,4238.7,4237.6,4250.0,11.300000000000182,0.26659117182155334,0.09734513274331297,4.0,5.100000000000364,0.35398230088495003,0.4513274336283435,0.2505889573640161,0.005911929538868429,0.004903751135198449,False,False,False,-0.005911929538868429,-0.5616936641627035,-34.77289031580932,-33.10411591751465,-3.7241267574612835,-1.6687743982946728,-23.263841091153388,0,1,1,4,-1,4246.3,-0.6725663716814373,MGC_v2
single,MGC,2025-12-11 14:42:00+01:00,2025-12-11 15:17:00+01:00,Long,UK,14,3,Canal Exit,106.76000000000182,1.0,5,4247.7,4258.5,4231.900000000001,15.799999999999272,0.3719660051321721,0.6835443037975113,11.100000000000364,3.800000000000182,0.7025316455696756,0.24050632911394665,1.8145322756063251,0.04271799504688008,-0.013149677731512073,False,True,True,-0.04271799504688008,0.2679902518775634,26.036893048568853,14.487994486275523,-2.6217423850364128,11.54889856229333,37.54587714021982,0,2,-1,4,-1,4263.3,0.9873417721519673,MGC_v2
single,MGC,2025-12-11 20:32:00+01:00,2025-12-11 21:56:00+01:00,Long,US,20,3,Auto-Close (loss),-15.240000000005457,1.0,12,4306.1,4304.7,4292.400000000001,13.699999999999818,0.31815331738695846,-0.102189781021939,1.0,13.100000000000364,0.07299270072992797,0.956204379562083,15.601401601115867,0.36230931936359734,-0.022362904830139408,False,False,False,-0.36230931936359734,0.25629091736209375,27.02541411731906,18.03097757355095,11.833225311194974,8.99443654376811,30.900924718184477,0,2,-1,3,1,4307.3,0.0875912408759003,MGC_v2
single,MGC,2025-12-12 14:07:00+01:00,2025-12-12 16:13:00+01:00,Long,UK,14,4,Stop Loss,-156.24,1.0,18,4371.7,4356.2,4356.2,15.5,0.3545531486607041,-1.0,15.800000000000182,15.800000000000182,1.0193548387096891,1.0193548387096891,12.361771910513198,0.28276807444502594,-0.009101496089881245,False,True,True,-0.28276807444502594,0.6310635583758994,15.056637967837032,1.195882770277561,17.47944368423761,13.86075519755947,0.8715973736280205,0,3,-1,4,1,4351.8,-1.283870967741912,MGC_v2
single,MGC,2025-12-12 16:20:00+01:00,2025-12-12 16:55:00+01:00,Short,US,16,4,Canal Exit,296.7600000000018,1.0,5,4343.6,4313.8,4387.6,44.0,1.0129846210516622,0.6772727272727314,30.600000000000364,16.099999999999454,0.6954545454545538,0.3659090909090785,1.9326467934206448,0.04449412453772549,0.03236573638855218,False,False,False,-0.04449412453772549,-3.526926445553727,-22.207159371014225,-10.66778099869312,-1.7513527258266788,-11.539378372321105,-27.681301439872044,0,3,1,3,1,4307.3,0.8250000000000042,MGC_v2
single,MGC,2025-12-12 18:19:00+01:00,2025-12-12 18:54:00+01:00,Long,US,18,4,Canal Exit,74.75999999999455,1.0,5,4316.6,4324.2,4286.2,30.400000000000546,0.7042579808182492,0.24999999999997757,13.399999999999636,6.0,0.44078947368419064,0.19736842105262803,1.9100716650045797,0.0442494478294162,-0.10821009348312119,False,True,True,-0.0442494478294162,0.003893997839440999,22.195069581302633,20.072884149018762,-13.144523766350678,2.122185432283871,36.124664057315194,0,5,-1,10,1,4325.8,0.302631578947357,MGC_v2
single,MGC,2025-12-12 19:50:00+01:00,2025-12-12 21:56:00+01:00,Short,US,19,4,Auto-Close (loss),-68.48000000000364,2.0,18,4326.6,4329.900000000001,4336.2,9.599999999999454,0.22188323394812218,-0.34375000000003847,7.5,8.099999999999454,0.7812500000000444,0.8437499999999911,19.500648714472845,0.45071531258893455,0.047006487088872416,True,False,True,0.45071531258893455,-1.0719245307864185,-21.005638550079958,-18.912950641660203,-10.086001189911007,-2.092687908419755,21.798464654305093,0,2,1,1,-1,4330.6,-0.41666666666669033,MGC_v2
single,MGC,2025-12-15 04:19:00+01:00,2025-12-15 05:01:00+01:00,Short,Asia,4,0,Stop Loss,-228.95999999997818,4.0,6,4356.400000000001,4362.0,4362.0,5.599999999999454,0.12854650628958436,-1.0,4.600000000000364,6.199999999999818,0.8214285714287164,1.1071428571429325,2.30786616673322,0.05297645227098567,0.02932221037490839,False,False,False,-0.05297645227098567,-0.36097272302959027,-16.157062509592734,-11.033946885030105,14.6649107630379,-5.1231156245626295,12.89224204932416,0,1,1,1,1,4361.0,-0.8214285714285541,MGC_v2
single,MGC,2025-12-15 05:08:00+01:00,2025-12-15 07:14:00+01:00,Long,Asia,5,0,Canal Exit,347.52,2.0,18,4361.0,4378.5,4351.7,9.300000000000182,0.21325384086219173,1.8817204301074901,17.699999999999818,4.699999999999818,1.9032258064515561,0.5053763440859921,4.206232648271907,0.09645110406493711,0.007543095606416951,False,True,True,-0.09645110406493711,1.3320776349173684,13.400181884269621,13.14621196679689,12.836373451393436,0.25396991747273034,18.10285388918442,3,2,-1,4,-1,4378.9,1.9247311827956222,MGC_v2
single,MGC,2025-12-15 12:50:00+01:00,2025-12-15 13:11:00+01:00,Long,UK,12,0,Canal Exit,44.27999999998363,3.0,3,4376.400000000001,4378.0,4369.5,6.900000000000546,0.15766383328764613,0.23188405797091707,3.5999999999994543,1.0000000000009095,0.5217391304346622,0.1449275362320044,0.8332252617074118,0.019039056340997434,-0.010968052873035537,False,True,True,-0.019039056340997434,0.8342403958167779,20.519283640559788,19.836961265162465,0.7599430556455337,0.6823223753973231,29.672160388026274,1,3,-1,10,1,4371.7,-0.6811594202899066,MGC_v2
single,MGC,2025-12-15 14:07:00+01:00,2025-12-15 15:31:00+01:00,Short,UK,14,0,Canal Exit,44.760000000003636,1.0,12,4369.400000000001,4364.8,4382.6,13.199999999999818,0.3021009749622332,0.34848484848488087,16.600000000000364,9.199999999999818,1.2575757575758024,0.6969696969696928,1.6389188877401466,0.03750901468714575,0.0151123522340629,True,False,True,0.03750901468714575,-0.9538056617529946,-32.20290789039937,-25.10994533028394,-1.3402475514648688,-7.092962560115435,-22.486200865608843,0,2,1,3,-1,4355.2,1.0757575757576456,MGC_v2
single,MGC,2025-12-15 20:18:00+01:00,2025-12-15 21:56:00+01:00,Short,US,20,0,Auto-Close (profit),191.28,3.0,14,4340.3,4333.8,4347.3,7.0,0.16127917425062785,0.9285714285714286,12.400000000000546,3.300000000000182,1.7714285714286493,0.4714285714285974,11.974551365536172,0.2758922508936288,0.030377767409190102,True,False,True,0.2758922508936288,-0.5510419618194646,-1.0599956083689346,9.148662318999886,-14.860631596094258,-10.20865792736882,14.630686921613517,0,3,1,1,-1,4331.5,1.257142857142883,MGC_v2
single,MGC,2025-12-15 22:59:00+01:00,2025-12-16 01:03:00+01:00,Long,Asia,22,0,Canal Exit,98.80000000001819,5.0,10,4334.5,4336.6,4330.0,4.5,0.10381820279155612,0.4666666666667475,4.800000000000182,2.699999999999818,1.066666666666707,0.5999999999999596,1.9597342208071495,0.04521246327851308,-0.016383534176472505,False,True,True,-0.04521246327851308,0.7881130319437943,16.615898361291062,5.12210261396933,5.07692952170364,11.493795747321732,-9.538081098015052,0,3,-1,6,-1,4337.6,0.6888888888889697,MGC_v2
single,MGC,2025-12-16 01:59:00+01:00,2025-12-16 02:27:00+01:00,Short,Asia,1,1,Stop Loss,-123.23999999999818,1.0,4,4329.900000000001,4342.1,4342.1,12.199999999999818,0.28176170350354085,-1.0,3.4000000000005457,13.899999999999636,0.2786885245902128,1.1393442622950691,1.451959060608715,0.03353331625692775,0.013848192702352357,True,False,True,0.03353331625692775,-1.362396435680239,-28.285487226791098,-13.782312457453283,-2.5343591392532274,-14.503174769337814,29.857047198872763,1,2,1,2,-1,4342.4,-1.0245901639343669,MGC_v2
single,MGC,2025-12-16 05:29:00+01:00,2025-12-16 06:25:00+01:00,Long,Asia,5,1,Stop Loss,-200.4799999999927,2.0,8,4317.0,4307.1,4307.1,9.899999999999636,0.22932592077830988,-1.0,2.100000000000364,19.699999999999818,0.21212121212125667,1.9898989898990447,2.239769291249104,0.05188254091380829,-0.030636452990947215,True,True,False,0.05188254091380829,1.7647639941469606,16.673131020530064,13.166102431004237,-21.508907969288273,3.5070285895258273,-32.98533695417717,1,2,-1,2,1,4308.1,-0.8989898989898952,MGC_v2
single,MGC,2025-12-16 08:03:00+01:00,2025-12-16 10:02:00+01:00,Short,Asia,8,1,Canal Exit,71.28,3.0,17,4312.2,4309.7,4318.400000000001,6.200000000000728,0.14377811789807354,0.4032258064515656,11.599999999999454,3.199999999999818,1.8709677419351762,0.5161290322579746,6.3907793612306705,0.14820229491282108,0.011307842783337085,True,True,False,0.14820229491282108,-0.3153527275508168,-20.06390839820754,-9.905050631755797,-21.038682809906415,-10.158857766451744,28.150846576886877,0,3,1,8,1,4309.8,0.3870967741934443,MGC_v2
single,MGC,2025-12-16 10:44:00+01:00,2025-12-16 11:40:00+01:00,Short,UK,10,1,Canal Exit,-84.48000000000728,2.0,8,4305.2,4309.3,4313.3,8.100000000000364,0.18814456935799415,-0.5061728395061951,3.5,6.300000000000182,0.43209876543207937,0.7777777777777654,1.3631894088030094,0.03166378818180362,0.0015668655801972537,True,False,True,0.03166378818180362,-0.004311224800403579,-26.998715747306466,-22.492381684647647,-3.9023208341208346,-4.506334062658819,-3.0273627768531384,0,2,1,3,-1,4304.6,0.07407407407400338,MGC_v2
single,MGC,2025-12-16 13:04:00+01:00,2025-12-16 19:57:00+01:00,Long,UK,13,1,Canal Exit,218.76,1.0,59,4314.7,4336.7,4301.2,13.5,0.312883862145688,1.6296296296296295,53.0,9.099999999999454,3.925925925925926,0.6740740740740336,1.606688112477059,0.037237539399658355,-0.006698754692231128,True,True,False,0.037237539399658355,1.4334407240603468,22.25479686564619,15.133279863120917,-6.28376588936931,7.121517002525271,25.190648488553663,0,4,-1,4,1,4337.8,1.7111111111111381,MGC_v2
single,MGC,2025-12-17 17:51:00+01:00,2025-12-17 18:54:00+01:00,Long,US,17,2,Canal Exit,97.75999999999637,1.0,9,4366.1,4376.0,4350.7,15.400000000000546,0.3527175282288666,0.6428571428570965,10.199999999999818,5.900000000000546,0.662337662337627,0.38311688311690495,8.57178036408368,0.1963257910740404,-0.02959282626607182,False,True,True,-0.1963257910740404,0.13492811372907454,33.013719257005036,29.45606389444263,9.629217526163885,3.557655362562407,16.151750409759707,0,1,-1,3,-1,4373.5,0.4805194805194399,MGC_v2
single,MGC,2025-12-17 19:43:00+01:00,2025-12-17 21:07:00+01:00,Short,US,19,2,Canal Exit,-77.24000000000363,1.0,12,4364.2,4371.8,4378.7,14.5,0.33224875120296965,-0.5241379310345079,3.5999999999994543,9.5,0.24827586206892788,0.6551724137931034,2.213922202847243,0.05072916463148443,0.028077027310978882,True,False,True,0.05072916463148443,-0.18859081329082983,-33.384256137541215,-28.244025881658708,6.471876059789072,-5.140230255882507,8.968115779309159,0,1,1,3,-1,4373.1,-0.6137931034483135,MGC_v2
single,MGC,2025-12-17 21:14:00+01:00,2025-12-17 21:56:00+01:00,Long,US,21,2,Auto-Close (loss),-7.240000000003638,1.0,6,4373.900000000001,4373.3,4360.5,13.400000000000546,0.30636274263244573,-0.0447761194030104,4.9999999999990905,3.300000000000182,0.3731343283581259,0.24626865671642145,2.0021544273895415,0.04577503892154693,-0.009462259679657935,False,True,True,-0.04577503892154693,0.7544490739119283,31.684255720253034,20.326185749781118,3.0810736919367976,11.358069970471917,-0.4593031363882636,0,2,-1,1,1,4377.4,0.26119402985066775,MGC_v2
single,MGC,2025-12-18 01:52:00+01:00,2025-12-18 06:18:00+01:00,Short,Asia,1,3,Canal Exit,29.280000000010915,3.0,38,4367.400000000001,4366.3,4375.1,7.699999999999818,0.1763062691761647,0.14285714285719348,12.200000000000728,2.199999999999818,1.5844155844157164,0.2857142857142688,1.0146738175135397,0.023232903272279608,-0.0027201410321232885,False,True,True,-0.023232903272279608,-0.18766697561932233,-31.059339018577184,-31.05916698871536,-0.9371930521243913,-0.0001720298618224092,40.26565295462133,0,5,1,8,1,4365.0,0.3116883116883899,MGC_v2
single,MGC,2025-12-18 07:56:00+01:00,2025-12-18 08:17:00+01:00,Short,Asia,7,3,Canal Exit,13.79999999998181,5.0,3,4362.8,4362.400000000001,4366.8,4.0,0.09168423947923351,0.09999999999990905,2.800000000000182,2.0,0.7000000000000455,0.5,0.6258442591242783,0.014345013732563453,0.004797934747371171,False,False,False,-0.014345013732563453,-1.0758344278028744,-21.53763997537995,-12.516992338899847,-3.6175423484234663,-9.020647636480103,-26.62980190018088,3,3,1,4,-1,4364.5,-0.4249999999999545,MGC_v2
single,MGC,2025-12-18 12:57:00+01:00,2025-12-18 14:00:00+01:00,Short,UK,12,3,Canal Exit,388.7999999999818,5.0,9,4356.3,4348.400000000001,4360.900000000001,4.600000000000364,0.10559419691023034,1.7173913043476112,8.900000000000546,2.399999999999636,1.9347826086956177,0.5217391304346622,2.557766659765548,0.058714199200366086,0.007922449694043071,True,False,True,0.058714199200366086,-0.3075304739722924,-21.466842990432298,-15.143320041792698,-9.187819379223795,-6.323522948639599,-6.974399486298955,0,2,1,2,1,4351.7,1.0,MGC_v2
single,MGC,2025-12-18 14:35:00+01:00,2025-12-18 14:56:00+01:00,Long,UK,14,3,Canal Exit,27.759999999996364,1.0,3,4369.400000000001,4372.3,4346.6,22.800000000000182,0.5218107749347778,0.12719298245612337,6.4999999999990905,10.600000000000364,0.2850877192982034,0.46491228070176666,0.5842666243897838,0.013371781580761289,-0.02263218683127961,False,True,True,-0.013371781580761289,1.8988756279732115,27.004519770142668,16.854838173149616,-1.071616689432157,10.149681596993052,37.9476755525159,0,3,-1,7,1,4352.5,-0.7412280701754567,MGC_v2
single,MGC,2025-12-18 20:18:00+01:00,2025-12-18 20:46:00+01:00,Long,US,20,3,Stop Loss,-232.95999999999273,4.0,4,4362.8,4357.1,4357.1,5.699999999999818,0.1306500412579036,-1.0,4.5,6.800000000000182,0.7894736842105515,1.1929824561404208,1.3077851629132056,0.02997582201598069,-0.036106780404844385,False,True,True,-0.02997582201598069,4.438339442711367,1.856432237509262,-3.97802705550768,-1.6632283945871624,5.834459293016942,-17.07687397079802,5,2,-1,2,1,4366.9,0.7192982456139623,MGC_v2
single,MGC,2025-12-19 01:10:00+01:00,2025-12-19 01:38:00+01:00,Short,Asia,1,4,Canal Exit,71.28,3.0,4,4361.400000000001,4358.900000000001,4368.3,6.899999999999636,0.1582060806163075,0.36231884057972924,3.100000000000364,2.699999999999818,0.449275362318917,0.3913043478260812,1.2045964794015163,0.027619490975409645,0.006524675836940987,True,False,True,0.027619490975409645,-0.6538069797443313,-15.148435857206916,-3.597947903749926,1.8659529472039935,-11.55048795345699,-20.91787342916026,0,2,1,3,1,4353.4,1.1594202898552655,MGC_v2
single,MGC,2025-12-19 11:54:00+01:00,2025-12-19 13:04:00+01:00,Long,UK,11,4,Stop Loss,-225.71999999998908,3.0,10,4358.5,4351.1,4351.1,7.399999999999636,0.16978318228747588,-1.0,1.199999999999818,8.699999999999818,0.16216216216214555,1.175675675675709,1.151286616051948,0.026414743972741718,0.0014123157449045071,False,False,False,-0.026414743972741718,0.15492200999779016,21.284841351877894,10.81497512881749,2.5748720036448547,10.469866223060404,-18.475429636672217,1,2,-1,2,1,4353.9,-0.6216216216217013,MGC_v2
single,MGC,2025-12-19 15:38:00+01:00,2025-12-19 15:45:00+01:00,Long,US,15,4,Stop Loss,-218.48000000000363,2.0,1,4366.3,4355.5,4355.5,10.800000000000182,0.24734901403935097,-1.0,3.5,15.699999999999818,0.32407407407406863,1.4537037037036624,0.727066853116412,0.016651784190651397,0.0034263689183907245,False,False,False,-0.016651784190651397,0.39347505705791264,13.6719779974881,5.3388520458570925,6.573386548906037,8.333125951631008,14.089055273602309,0,2,-1,1,-1,4363.1,-0.29629629629627446,MGC_v2
single,MGC,2025-12-19 15:59:00+01:00,2025-12-19 16:48:00+01:00,Long,US,15,4,Canal Exit,54.760000000003636,1.0,7,4372.2,4377.8,4350.5,21.699999999999818,0.4963176432917026,0.2580645161290512,7.199999999999818,9.399999999999636,0.3317972350230359,0.433179723502291,0.0925213145565067,0.0021161272255730912,0.001734446438826913,True,True,False,0.0021161272255730912,1.0279617646347106,16.922229349012582,13.337109721079196,9.089003726832436,3.585119627933386,17.1686200993759,0,3,-1,3,-1,4375.8,0.1658986175115389,MGC_v2
single,MGC,2025-12-22 20:39:00+01:00,2025-12-22 21:56:00+01:00,Long,US,20,0,Auto-Close (profit),280.5600000000109,6.0,11,4467.7,4472.5,4463.8,3.899999999999636,0.08729323813146891,1.2307692307693923,7.0,0.6999999999998181,1.7948717948719624,0.1794871794871496,3.9335794687722228,0.0880448434042622,-0.012609412873405897,False,True,True,-0.0880448434042622,0.8770209219401295,5.6432659254979765,-1.1741536899499136,17.498841359482405,6.81741961544789,28.1070819717213,2,5,-1,3,-1,4478.8,2.846153846154205,MGC_v2
single,MGC,2025-12-23 10:02:00+01:00,2025-12-23 10:44:00+01:00,Short,UK,10,1,Canal Exit,39.52000000000728,2.0,6,4514.1,4512.0,4524.6,10.5,0.23260450588157106,0.20000000000003465,3.800000000000182,6.0,0.3619047619047792,0.5714285714285714,1.1994878382411116,0.026572026278574058,0.019202214561795015,True,False,True,0.026572026278574058,-1.7441918685126439,-11.36707375180706,1.267511065222421,5.596622831357416,-12.63458481702948,-7.984973246300102,1,3,1,2,1,4515.2,-0.10476190476185279,MGC_v2
single,MGC,2025-12-23 14:28:00+01:00,2025-12-23 15:03:00+01:00,Short,UK,14,1,Canal Exit,713.2799999999891,3.0,5,4523.0,4499.1,4529.3,6.300000000000182,0.1392880831306695,3.7936507936506265,39.80000000000018,0.8999999999996362,6.317460317460164,0.14285714285708098,1.619014046907978,0.03579513700879898,0.007524606300016279,True,False,True,0.03579513700879898,0.7346185301139485,-0.9400199792704025,2.286627600576618,9.52686085591187,-3.2266475798470204,-33.23877432439322,5,5,1,4,-1,4486.2,5.8412698412697015,MGC_v2
single,MGC,2025-12-23 18:54:00+01:00,2025-12-23 19:08:00+01:00,Short,US,18,1,Stop Loss,-186.71999999998363,3.0,2,4501.6,4507.7,4507.7,6.099999999999454,0.13550737515548814,-1.0,4.5,7.099999999999454,0.7377049180328529,1.1639344262295228,8.984657192295344,0.19958808406556208,0.044915496007127936,True,True,False,0.19958808406556208,-2.845192571694497,-2.821544115487787,1.5190319414849804,-4.384804356835784,-4.340576056972767,7.9425643957522505,1,1,1,3,-1,4500.5,0.1803278688525348,MGC_v2
single,MGC,2025-12-24 10:23:00+01:00,2025-12-24 14:14:00+01:00,Long,UK,10,2,Stop Loss,-210.4800000000109,2.0,33,4515.400000000001,4505.0,4505.0,10.400000000000546,0.2303228949816305,-1.0,11.099999999999454,12.600000000000364,1.067307692307584,1.211538461538433,1.565348722755516,0.034666889373156665,-0.009941803073589902,True,False,True,0.034666889373156665,0.5489285433832265,12.212801477445376,8.671560916743875,-11.211287067871766,3.5412405607015014,-44.12825432811201,0,1,-1,1,1,4504.2,-1.0769230769230904,MGC_v2
single,MGC,2025-12-24 15:24:00+01:00,2025-12-24 16:27:00+01:00,Short,US,15,2,Canal Exit,151.7600000000018,1.0,9,4508.900000000001,4493.6,4524.5,15.599999999999454,0.3459823903834517,0.9807692307692767,21.400000000000546,9.299999999999272,1.3717948717949549,0.5961538461538204,0.5859923666539544,0.012996348702653737,-0.0009248652532408566,True,False,True,0.012996348702653737,-0.05579166626648657,-20.862879530750444,-9.766582250795809,-11.386562656569325,-11.096297279954635,-13.563366634698227,0,2,1,3,1,4482.8,1.6730769230770048,MGC_v2
single,MGC,2025-12-26 13:25:00+01:00,2025-12-26 13:39:00+01:00,Long,UK,13,4,Canal Exit,3.520000000003638,2.0,2,4542.8,4543.1,4531.1,11.699999999999818,0.2575504094391084,0.025641025641041586,1.8999999999996362,3.5,0.1623931623931338,0.2991452991453038,0.8259488150852121,0.01818149192315779,-0.02130439100104463,False,True,True,-0.01818149192315779,0.9680400226843631,28.850076309900036,28.18822925536552,1.4197052042286973,0.6618470545345154,33.32723938199528,0,2,-1,4,1,4544.0,0.10256410256408861,MGC_v2
single,MGC,2025-12-26 15:45:00+01:00,2025-12-26 16:27:00+01:00,Short,US,15,4,Stop Loss,-233.2399999999982,1.0,6,4545.3,4568.5,4568.5,23.199999999999818,0.5104173541900384,-1.0,1.4000000000005457,27.699999999999818,0.060344827586230894,1.1939655172413808,5.100708461664908,0.11221940161628292,0.04064068915422842,True,False,True,0.11221940161628292,-0.25111659261347086,-29.60352728660116,-18.53192550966193,8.845752445174009,-11.071601776939229,42.61283068436997,0,2,1,1,-1,4573.2,-1.2025862068965454,MGC_v2
single,MGC,2025-12-26 21:28:00+01:00,2025-12-26 21:56:00+01:00,Short,US,21,4,Auto-Close (loss),-82.48,2.0,4,4556.5,4560.5,4567.8,11.300000000000182,0.24799736639965286,-0.35398230088495003,3.5,6.600000000000364,0.3097345132743313,0.5840707964601998,1.9869996364541294,0.043608024502449896,0.007274151354416234,True,True,False,0.043608024502449896,-2.2192696101865295,-10.65813625928832,0.2269273385745585,-9.453934581125138,-10.885063597862878,10.05463677904973,1,2,1,1,-1,4559.0,-0.22123893805309378,MGC_v2
single,MGC,2025-12-29 00:28:00+01:00,2025-12-29 01:31:00+01:00,Short,Asia,0,0,Canal Exit,413.76,1.0,9,4561.5,4520.0,4581.3,19.800000000000182,0.4340677408747162,2.0959595959595765,71.5,4.0,3.611111111111078,0.20202020202020016,0.44166398885317903,0.009682428781172401,0.007817124532920744,True,False,True,0.009682428781172401,-0.43550028726986056,-11.494938058918015,-10.933305487948576,4.518074111614105,-0.5616325709694383,-27.64761496314017,1,1,1,7,-1,4521.5,2.0202020202020017,MGC_v2
single,MGC,2025-12-29 05:01:00+01:00,2025-12-29 07:21:00+01:00,Short,Asia,5,0,Canal Exit,345.5200000000109,2.0,20,4535.400000000001,4518.0,4545.1,9.699999999999818,0.21387308726903506,1.7938144329897807,18.600000000000364,7.099999999999454,1.9175257731959499,0.7319587628865554,3.7735687346412305,0.08320255621645786,0.032918830014502125,True,False,True,0.08320255621645786,-4.808184983883621,-13.802871341229737,-6.605904785317145,1.0896798026019414,-7.196966555912592,-30.88299382927465,5,2,1,3,-1,4507.5,2.8762886597939246,MGC_v2
single,MGC,2025-12-29 18:12:00+01:00,2025-12-29 21:56:00+01:00,Short,US,18,0,Auto-Close (loss),-52.24000000000364,1.0,32,4349.2,4354.3,4365.8,16.600000000000364,0.3816793893129855,-0.3072289156626658,16.5,13.100000000000364,0.993975903614436,0.7891566265060287,32.347809438828335,0.7437645874834069,-0.00905677958591485,True,False,True,0.7437645874834069,-1.5473553955753232,-12.790923174886746,-3.089738765855734,-15.689903565843727,-9.701184409031011,-15.120853616000748,0,4,1,4,-1,4348.9,0.018072289156637066,MGC_v2
single,MGC,2025-12-30 00:07:00+01:00,2025-12-30 00:14:00+01:00,Long,Asia,0,1,Stop Loss,-124.24000000000181,1.0,1,4357.900000000001,4345.6,4345.6,12.300000000000182,0.28224603593474334,-1.0,5.4999999999990905,19.400000000000546,0.4471544715446349,1.5772357723577446,2.5180946858545212,0.05778229619437162,-0.01584786743202548,False,False,False,-0.05778229619437162,0.8100598502642242,32.87823604052858,29.711378502536007,-8.7154914999751,3.16685753799257,14.593813998790923,0,1,-1,3,1,4348.8,-0.7398373983740024,MGC_v2
single,MGC,2025-12-30 00:42:00+01:00,2025-12-30 01:10:00+01:00,Long,Asia,0,1,Canal Exit,76.76000000000182,1.0,4,4355.2,4363.0,4338.400000000001,16.799999999999272,0.3857457751653029,0.4642857142857452,10.100000000000364,7.0,0.6011904761905239,0.4166666666666847,1.6300159968595835,0.03742689191907567,-0.0038249229217034737,False,True,True,-0.03742689191907567,1.094364088002294,5.26897273868671,-3.9074053310552683,-4.02494254851504,9.176378069741979,32.72210627169218,2,4,-1,8,1,4349.3,-0.3511904761904697,MGC_v2
single,MGC,2025-12-30 05:29:00+01:00,2025-12-30 09:27:00+01:00,Long,Asia,5,1,Stop Loss,-160.4799999999927,2.0,34,4378.5,4370.6,4370.6,7.899999999999636,0.18042708690189874,-1.0,20.0,12.5,2.5316455696203697,1.582278481012731,4.645803585926842,0.10610491231990048,0.007500732035020094,False,True,True,-0.10610491231990048,0.17105173935124185,31.032728706141622,24.277555487228994,1.8566659638091874,6.755173218912628,-27.38576473953271,0,2,-1,1,1,4375.3,-0.4050632911392361,MGC_v2
single,MGC,2025-12-30 12:50:00+01:00,2025-12-30 13:04:00+01:00,Short,UK,12,1,Canal Exit,-122.48,2.0,2,4398.6,4404.6,4407.6,9.0,0.20461055790478785,-0.6666666666666666,2.0,7.399999999999636,0.2222222222222222,0.8222222222221818,0.9214051877825113,0.020947692169838387,0.0321594530128101,True,False,True,0.020947692169838387,-0.14073926316359575,-28.94071221521275,-21.25063157136306,10.659078871015298,-7.69008064384969,0.45465806857200874,0,1,1,3,-1,4410.2,-1.2888888888888284,MGC_v2
single,MGC,2025-12-30 13:11:00+01:00,2025-12-30 14:28:00+01:00,Long,UK,13,1,Stop Loss,-163.2399999999982,1.0,11,4412.7,4396.5,4396.5,16.199999999999818,0.3671221700999347,-1.0,7.800000000000182,20.800000000000182,0.4814814814814981,1.2839506172839763,2.9432684061703185,0.06669994348517504,0.013397432907752901,False,False,False,-0.06669994348517504,0.6244234224432148,26.23626320960386,13.345460639087964,10.37391591634956,12.890802570515895,-24.72801173012014,0,2,-1,3,1,4402.9,-0.6049382716049563,MGC_v2
single,MGC,2025-12-30 14:35:00+01:00,2025-12-30 20:53:00+01:00,Short,UK,14,1,Canal Exit,296.7600000000018,1.0,54,4393.8,4364.0,4420.6,26.800000000000182,0.609950384632896,1.111940298507462,41.30000000000018,14.0,1.5410447761193993,0.5223880597014889,5.008091747038634,0.11398087639488902,0.028477301632862252,False,False,False,-0.11398087639488902,-1.703443812878504,-33.06446978803468,-28.896240759077376,9.133236809687483,-4.1682290289573025,-40.84066833957119,0,2,1,7,-1,4362.0,1.1865671641791031,MGC_v2
single,MGC,2025-12-31 03:58:00+01:00,2025-12-31 04:19:00+01:00,Short,Asia,3,2,Canal Exit,72.76000000000546,1.0,3,4363.6,4356.2,4385.1,21.5,0.49271243927032726,0.3441860465116533,11.100000000000364,8.099999999999454,0.5162790697674587,0.37674418604648624,6.945232134778053,0.15916289611279796,0.030631112649008623,False,False,False,-0.15916289611279796,-7.112461598525442,-24.563548468335895,-22.24866600444971,0.8211312798726915,-2.3148824638861853,-13.587070520831851,2,2,1,1,1,4363.6,-0.0,MGC_v2
single,MGC,2025-12-31 13:32:00+01:00,2025-12-31 14:14:00+01:00,Long,UK,13,2,Canal Exit,27.759999999996364,1.0,6,4326.8,4329.7,4314.5,12.300000000000182,0.28427475270408115,0.23577235772354418,3.899999999999636,6.699999999999818,0.31707317073167307,0.5447154471544488,0.9660516094372724,0.022327161168467974,-0.02234355354626391,False,True,True,-0.022327161168467974,0.7492721709932084,2.4250681986073843,-10.453764122150538,-9.299697770767102,12.878832320757923,-0.6451242614244772,0,3,-1,4,-1,4352.7,2.1056910569105085,MGC_v2
single,MGC,2025-12-31 16:06:00+01:00,2025-12-31 16:41:00+01:00,Short,US,16,2,Canal Exit,34.760000000003636,1.0,5,4347.900000000001,4344.3,4367.900000000001,20.0,0.4599921801329377,0.1800000000000182,7.400000000000546,7.9999999999990905,0.3700000000000273,0.3999999999999545,3.772512187848406,0.08676630529332334,0.06067021445662728,True,False,True,0.08676630529332334,-0.5383276266311441,-9.365370520401562,0.682396528182128,15.992073301344305,-10.04776704858369,-10.52309478799297,0,3,1,2,1,4352.9,-0.24999999999995454,MGC_v2
single,MGC,2025-12-31 18:12:00+01:00,2025-12-31 19:43:00+01:00,Long,US,18,2,Stop Loss,-189.71999999999454,3.0,13,4336.8,4330.6,4330.6,6.199999999999818,0.1429625530344913,-1.0,9.099999999999454,6.900000000000546,1.467741935483826,1.1129032258065723,8.914874208659967,0.2055634156211946,-0.03894314620686412,False,True,True,-0.2055634156211946,0.8461719265324064,3.1111910655283106,1.2458563657582995,-0.5095160258730237,1.865334699770011,-24.35742386547448,0,1,-1,2,1,4334.1,-0.4354838709677254,MGC_v2
single,MGC,2026-01-02 02:13:00+01:00,2026-01-02 03:44:00+01:00,Short,Asia,2,4,Stop Loss,-216.71999999998363,3.0,13,4362.400000000001,4369.5,4369.5,7.099999999999454,0.1627544470933306,-1.0,4.5000000000009095,8.699999999999818,0.6338028169015852,1.2253521126761249,2.335274843540901,0.053531882531196145,0.042561569992732036,False,False,False,-0.053531882531196145,-0.8895917930331052,-6.952970919775641,-0.6065622382934723,18.84248166044676,-6.346408681482169,32.66187548970681,1,2,1,4,-1,4379.8,-2.4507042253522497,MGC_v2
single,MGC,2026-01-02 14:07:00+01:00,2026-01-02 14:21:00+01:00,Long,UK,14,4,Stop Loss,-145.24000000000547,1.0,2,4411.6,4397.2,4397.2,14.400000000000546,0.32641218605495836,-1.0,3.399999999999636,24.100000000000364,0.2361111111110769,1.673611111111073,3.6803973393325577,0.08342545424182966,-0.009825332845135901,False,False,False,-0.08342545424182966,0.8665386399488852,33.92359252683899,23.03735587915562,-0.12939373575400026,10.886236647683369,2.9200115023144253,0,1,-1,3,1,4384.4,-1.8888888888888677,MGC_v2
single,MGC,2026-01-05 14:42:00+01:00,2026-01-05 15:10:00+01:00,Long,UK,14,0,Canal Exit,104.75999999999455,1.0,4,4425.6,4436.2,4406.6,19.0,0.4293203181489515,0.5578947368420766,14.399999999999636,4.0,0.7578947368420861,0.21052631578947367,1.1032275656925776,0.024928316289148985,-0.028441170001953408,False,True,True,-0.024928316289148985,0.33630568473199673,14.073514410805045,4.055126344755643,-18.08353370818185,10.0183880660494,39.01023999448637,0,4,-1,4,1,4440.5,0.7842105263157704,MGC_v2
single,MGC,2026-01-05 17:23:00+01:00,2026-01-05 17:44:00+01:00,Short,US,17,0,Canal Exit,-131.24,1.0,3,4451.400000000001,4464.400000000001,4467.6,16.199999999999818,0.36393044884754944,-0.8024691358024781,0.5000000000009095,13.099999999999454,0.030864197530920685,0.8086419753086174,1.7922958490908059,0.0402636440016805,0.04112861348997047,False,False,False,-0.0402636440016805,-2.9522132636739116,-2.4315698932958147,4.466726269602116,11.865272399981293,-6.898296162897931,16.378044151291608,2,2,1,2,-1,4444.7,0.4135802469136298,MGC_v2
single,MGC,2026-01-05 18:33:00+01:00,2026-01-05 21:56:00+01:00,Long,US,18,0,Auto-Close (loss),-6.24,1.0,29,4455.5,4455.0,4443.1,12.399999999999636,0.2783077095724304,-0.040322580645162476,5.199999999999818,9.899999999999636,0.41935483870967505,0.7983870967741876,7.881242115334317,0.17688793884713985,-0.008948203887684693,False,False,False,-0.17688793884713985,0.4729657344660154,19.401520965757662,16.015644150617945,15.745031871640734,3.385876815139717,-4.432067250988048,0,1,-1,3,-1,4454.6,-0.07258064516126311,MGC_v2
single,MGC,2026-01-06 00:35:00+01:00,2026-01-06 01:03:00+01:00,Short,Asia,0,1,Canal Exit,55.760000000007274,1.0,4,4454.900000000001,4449.2,4471.400000000001,16.5,0.3703786841455476,0.34545454545458953,8.400000000000546,2.2999999999992724,0.5090909090909421,0.1393939393938953,2.314836321198527,0.05196157761562609,0.021206470270880455,True,False,True,0.05196157761562609,-0.1705477435298235,-30.58880803143409,-27.777534130634123,3.732910075212297,-2.811273900799968,-32.7236160907023,0,4,1,4,-1,4447.0,0.47878787878791185,MGC_v2
single,MGC,2026-01-06 05:36:00+01:00,2026-01-06 06:04:00+01:00,Short,Asia,5,1,Stop Loss,-216.96000000000728,4.0,4,4474.5,4479.8,4479.8,5.300000000000182,0.11844898871382684,-1.0,3.0,5.699999999999818,0.5660377358490372,1.0754716981131363,3.140481715068745,0.07018620438191406,0.019937191217392007,False,False,False,-0.07018620438191406,-0.3517955851921215,-15.110645473237943,-12.99176608233655,14.261274620864071,-2.1188793909013928,32.5996196896066,0,1,1,2,-1,4478.6,-0.7735849056604195,MGC_v2
single,MGC,2026-01-06 14:28:00+01:00,2026-01-06 14:49:00+01:00,Short,UK,14,1,Canal Exit,-80.23999999999636,1.0,3,4468.900000000001,4476.8,4481.5,12.599999999999454,0.2819485779498188,-0.6269841269841253,4.900000000000546,7.9999999999990905,0.388888888888949,0.6349206349205903,0.7406053729937412,0.016572431090284882,0.020236393209924992,False,False,False,-0.016572431090284882,-3.0854833156508903,-13.63099771689344,-4.992242030370967,-1.0802358821316673,-8.638755686522472,-1.0968385518296966,5,3,1,4,-1,4477.3,-0.6666666666666666,MGC_v2
single,MGC,2026-01-06 21:07:00+01:00,2026-01-06 21:56:00+01:00,Long,US,21,1,Auto-Close (profit),151.51999999999637,2.0,7,4496.6,4504.3,4488.1,8.5,0.18903171284970866,0.905882352941155,10.699999999999818,4.200000000000728,1.2588235294117434,0.49411764705890915,4.120474602572358,0.0916353378679971,-0.015830141083454593,False,True,True,-0.0916353378679971,0.47640836661230423,19.96090899150862,14.751590623407475,3.5582956364443192,5.209318368101146,36.958623815627874,0,3,-1,1,-1,4504.2,0.8941176470587593,MGC_v2
single,MGC,2026-01-07 00:42:00+01:00,2026-01-07 01:03:00+01:00,Short,Asia,0,2,Canal Exit,68.27999999998909,3.0,3,4505.8,4503.400000000001,4512.3,6.5,0.14425851125216385,0.36923076923071324,4.300000000000182,2.0,0.6615384615384895,0.3076923076923077,0.9328300583438249,0.020702873148915286,0.020222714708920668,True,False,True,0.020702873148915286,-0.09150714608313137,-8.056370531645051,7.061703274045838,6.111108171209472,-15.118073805690889,-36.21279657609947,0,3,1,6,-1,4499.7,0.9384615384615944,MGC_v2
single,MGC,2026-01-07 04:54:00+01:00,2026-01-07 06:25:00+01:00,Short,Asia,4,2,Canal Exit,353.27999999998906,3.0,13,4484.8,4472.900000000001,4491.5,6.699999999999818,0.1493935069568279,1.7761194029850687,12.699999999999818,3.0999999999994543,1.8955223880597258,0.4626865671641102,6.98215727506431,0.1556849196188082,0.013228155327643721,True,False,True,0.1556849196188082,-0.3556782324476444,-13.797133817952844,-5.566912848410438,-7.676700829333364,-8.230220969542405,18.410043351272176,0,4,1,4,1,4464.3,3.0597014925373966,MGC_v2
single,MGC,2026-01-07 10:09:00+01:00,2026-01-07 11:19:00+01:00,Short,UK,10,2,Canal Exit,43.52000000000364,2.0,10,4475.0,4472.7,4485.0,10.0,0.22346368715083798,0.2300000000000182,5.300000000000182,2.600000000000364,0.5300000000000182,0.26000000000003637,6.390526321178186,0.14280505745649577,0.03673608357379605,True,False,True,0.14280505745649577,-0.9190859172322234,-25.91737581639054,-24.284290737785664,-0.9892367777727943,-1.633085078604875,-0.2185216369181422,0,1,1,2,1,4474.5,0.05,MGC_v2
single,MGC,2026-01-07 17:16:00+01:00,2026-01-07 21:56:00+01:00,Long,US,17,2,Auto-Close (loss),-80.23999999999636,1.0,40,4470.5,4462.6,4432.900000000001,37.599999999999454,0.8410692316295595,-0.21010638297871678,7.800000000000182,15.800000000000182,0.20744680851064615,0.42021276595745777,7.26313937958912,0.16246816641514641,-0.00022080247876529122,True,True,False,0.16246816641514641,3.3252595335743536,21.569610873453836,16.586874069328225,-3.3833447642012686,4.9827368041256115,-23.12960644646473,1,4,-1,6,-1,4463.1,-0.19680851063829105,MGC_v2
single,MGC,2026-01-08 04:26:00+01:00,2026-01-08 05:43:00+01:00,Long,Asia,4,3,Stop Loss,-224.48000000000727,2.0,11,4452.900000000001,4441.8,4441.8,11.100000000000364,0.2492757528801537,-1.0,2.399999999999636,14.300000000000182,0.21621621621617634,1.2882882882882625,1.1960401662236109,0.026859802964890538,-0.019284160917949825,True,False,True,0.026859802964890538,0.12601208094019967,13.20949236846976,12.5134666860939,-18.072722612030415,0.6960256823758613,-44.037570440336566,0,1,-1,1,1,4440.9,-1.0810810810811275,MGC_v2
single,MGC,2026-01-08 08:52:00+01:00,2026-01-08 09:48:00+01:00,Short,Asia,8,3,Canal Exit,75.51999999999272,2.0,8,4439.3,4435.400000000001,4448.1,8.800000000000182,0.1982294505890609,0.44318181818176766,11.800000000000182,2.699999999999818,1.340909090909084,0.3068181818181548,5.857114922840992,0.13193780377178818,0.02191251715796119,True,False,True,0.13193780377178818,-0.7542389766877022,-32.05165670886447,-29.374830127640745,-10.34273576821887,-2.6768265812237253,-13.141891057491522,0,1,1,4,-1,4434.8,0.5113636363636258,MGC_v2
single,MGC,2026-01-08 12:15:00+01:00,2026-01-08 12:36:00+01:00,Short,UK,12,3,Canal Exit,38.28000000001637,3.0,3,4436.6,4435.2,4443.1,6.5,0.14650858765721497,0.21538461538469933,3.5,1.2999999999992724,0.5384615384615384,0.19999999999988807,1.0828287870135682,0.02440672557845125,0.00826808267983005,True,False,True,0.02440672557845125,-0.1234302862549157,-22.81209286033387,-14.876306139628008,-0.6602917283165001,-7.935786720705861,-26.59780012190342,0,3,1,4,-1,4426.0,1.6307692307692867,MGC_v2
single,MGC,2026-01-08 20:32:00+01:00,2026-01-08 21:35:00+01:00,Long,US,20,3,Canal Exit,677.2799999999945,3.0,9,4460.1,4482.8,4453.6,6.5,0.14573664267617317,3.4923076923076644,27.599999999999454,2.7000000000007276,4.246153846153762,0.4153846153847273,8.024994672570756,0.1799285817037904,-0.024650160099206536,False,True,True,-0.1799285817037904,0.9659833239211366,7.72047631956548,-1.7497271593827892,6.860635018080374,9.47020347894827,42.84522328741993,0,9,-1,3,1,4488.2,4.323076923076839,MGC_v2
single,MGC,2026-01-09 00:14:00+01:00,2026-01-09 06:04:00+01:00,Short,Asia,0,4,Canal Exit,267.52,2.0,50,4485.400000000001,4471.900000000001,4493.8,8.399999999999636,0.18727426762383811,1.6071428571429267,23.600000000000364,3.0999999999994543,2.8095238095239745,0.36904761904757005,3.8651037269683,0.08617077020930797,0.028876310255440654,False,True,True,-0.08617077020930797,-2.753209637380678,-19.658229799903225,-9.749375754560818,8.70047270709273,-9.908854045342407,12.058333369959016,3,2,1,3,1,4477.3,0.9642857142857993,MGC_v2
single,MGC,2026-01-09 11:54:00+01:00,2026-01-09 13:25:00+01:00,Long,UK,11,4,Stop Loss,-231.7200000000109,3.0,13,4483.3,4475.7,4475.7,7.600000000000364,0.16951798898133882,-1.0,6.300000000000182,10.300000000000182,0.8289473684210369,1.3552631578946959,1.471199955969496,0.03281511288491727,-0.0027175934451010558,False,True,True,-0.03281511288491727,0.16556799816135026,4.722812380817222,-7.022437946174342,-10.696022234930657,11.745250326991563,-28.303936914543304,0,3,-1,2,1,4475.9,-0.973684210526341,MGC_v2
single,MGC,2026-01-09 14:28:00+01:00,2026-01-09 15:17:00+01:00,Long,UK,14,4,Canal Exit,83.76,1.0,7,4496.3,4504.8,4466.8,29.5,0.6560950114538621,0.288135593220339,9.800000000000182,29.400000000000546,0.3322033898305146,0.9966101694915439,0.3164794137919671,0.007038663207347532,-0.015738476794808408,False,True,True,-0.007038663207347532,1.8561001168673101,27.717143309302514,23.132011969753798,2.0832320945876717,4.585131339548717,25.697345252866867,0,2,-1,1,-1,4498.0,0.05762711864406163,MGC_v2
single,MGC,2026-01-12 04:19:00+01:00,2026-01-12 08:24:00+01:00,Long,Asia,4,0,Canal Exit,3.76,1.0,35,4591.2,4591.7,4573.2,18.0,0.39205436487192896,0.027777777777777776,7.400000000000546,16.599999999999454,0.4111111111111414,0.9222222222221919,5.721277723112507,0.12461399466615497,-0.010940756105232933,False,True,True,-0.12461399466615497,10.417477728343329,13.50799726153023,12.669567781344128,8.336238148397978,0.8384294801861021,31.15148428246776,4,1,-1,4,1,4599.2,0.4444444444444444,MGC_v2
single,MGC,2026-01-12 11:54:00+01:00,2026-01-12 12:22:00+01:00,Long,UK,11,0,Stop Loss,-225.72000000001637,3.0,4,4603.400000000001,4596.0,4596.0,7.400000000000546,0.16075074944607345,-1.0,2.399999999999636,9.700000000000728,0.32432432432425123,1.3108108108108125,4.377280994873217,0.09508800006241509,-0.0013163366304295293,False,False,False,-0.09508800006241509,0.2531625123201593,27.10888747639005,23.903643525658993,10.991434649944898,3.205243950731056,-35.04242260824934,0,1,-1,2,1,4601.0,-0.32432432432437414,MGC_v2
single,MGC,2026-01-12 19:57:00+01:00,2026-01-12 21:07:00+01:00,Long,US,19,0,Stop Loss,-194.48000000000727,2.0,10,4619.3,4609.7,4609.7,9.600000000000364,0.20782369623103852,-1.0,9.599999999999454,10.5,0.9999999999999053,1.0937499999999585,6.174915337549464,0.13367643014200126,-0.027392302068388448,False,True,True,-0.13367643014200126,0.25751524409952253,19.099544540800743,15.711444790830944,7.724778836522866,3.3880997499697987,-42.63322018131862,0,5,-1,2,1,4612.3,-0.729166666666639,MGC_v2
single,MGC,2026-01-13 01:17:00+01:00,2026-01-13 06:25:00+01:00,Short,Asia,1,1,Canal Exit,3.76,1.0,44,4599.7,4599.2,4616.900000000001,17.200000000000728,0.3739374307020182,0.029069767441859237,15.699999999999818,11.600000000000364,0.9127906976743694,0.6744186046511554,6.037209055162748,0.13125223504060587,-0.003244603261844803,True,False,True,0.13125223504060587,-0.2226739597554115,-0.22368946468313666,8.449597055190756,-9.531527699072825,-8.673286519873892,-10.894219897887513,0,4,1,3,1,4603.0,-0.19186046511628152,MGC_v2
single,MGC,2026-01-13 10:30:00+01:00,2026-01-13 11:12:00+01:00,Short,UK,10,1,Canal Exit,105.52000000001091,2.0,6,4597.6,4592.2,4605.5,7.899999999999636,0.1718287802331572,0.6835443037975689,8.300000000000182,3.399999999999636,1.0506329113924764,0.4303797468354168,4.7710852338823315,0.10377338685145143,0.02374028734487971,True,False,True,0.10377338685145143,-0.6750754479126044,-28.05973904193042,-18.143434367035084,-5.768828000853617,-9.916304674895336,-39.94457082624013,0,2,1,5,-1,4594.7,0.3670886075950227,MGC_v2
single,MGC,2026-01-13 13:46:00+01:00,2026-01-13 14:00:00+01:00,Long,UK,13,1,Canal Exit,23.76,1.0,2,4600.2,4602.7,4586.0,14.199999999999818,0.3086822312073349,0.17605633802817128,5.5,5.5,0.3873239436619768,0.3873239436619768,1.6426350168512727,0.03570790437048982,-0.010049762396825047,False,True,True,-0.03570790437048982,0.09338895736982522,31.1430977494241,19.150301172918006,-13.94505516821031,11.992796576506095,41.640706374055824,0,2,-1,4,1,4622.5,1.5704225352113006,MGC_v2
single,MGC,2026-01-13 16:20:00+01:00,2026-01-13 17:30:00+01:00,Short,US,16,1,Canal Exit,36.75999999999272,1.0,10,4615.7,4611.900000000001,4644.1,28.400000000000546,0.6152912884286359,0.13380281690138027,14.099999999999454,13.699999999999818,0.49647887323940787,0.4823943661971674,2.124505272946408,0.0460278023473451,0.059593775424422485,False,False,False,-0.0460278023473451,-2.8034080500583514,-28.101389581763268,-20.297989219948676,14.470137325402495,-7.803400361814592,-30.238604161127416,0,1,1,5,-1,4618.3,-0.09154929577465894,MGC_v2
single,MGC,2026-01-13 17:51:00+01:00,2026-01-13 18:54:00+01:00,Long,US,17,1,Stop Loss,-205.24000000000547,1.0,9,4621.900000000001,4601.5,4601.5,20.400000000000546,0.4413769229105031,-1.0,2.9999999999990905,26.900000000000546,0.14705882352936325,1.3186274509803837,11.589704066102058,0.25075627049702626,-0.03686130797527347,False,False,False,-0.25075627049702626,1.105202254167125,32.064706523563494,22.137036856161757,7.773188809266497,9.927669667401737,-35.423328824585326,0,2,-1,2,1,4603.2,-0.9166666666666778,MGC_v2
single,MGC,2026-01-13 20:32:00+01:00,2026-01-13 21:28:00+01:00,Long,US,20,1,Stop Loss,-165.24000000000547,1.0,8,4605.6,4589.2,4589.2,16.400000000000546,0.35608824040299947,-1.0,1.2999999999992724,27.200000000000728,0.07926829268287983,1.658536585365843,1.190987086860332,0.02585954244529121,-0.02788275451445391,True,True,False,0.02585954244529121,0.16303111286470084,20.962627738376383,11.985739056851466,-9.425114020233048,8.976888681524917,-30.79834360039878,0,2,-1,1,1,4591.9,-0.8353658536585532,MGC_v2
single,MGC,2026-01-14 08:17:00+01:00,2026-01-14 09:06:00+01:00,Long,Asia,8,2,Stop Loss,-120.23999999999636,1.0,7,4645.0,4633.1,4633.1,11.899999999999636,0.2561894510225971,-1.0,2.199999999999818,14.5,0.1848739495798223,1.2184873949580204,0.4121867815774749,0.008873773553874595,-0.0037793911898829973,False,False,False,-0.008873773553874595,2.8714545875900512,18.338889187854708,16.53120098684728,6.764828151208845,1.8076882010074264,-44.54244598781871,3,3,-1,1,1,4632.2,-1.0756302521008885,MGC_v2
single,MGC,2026-01-14 13:11:00+01:00,2026-01-14 13:53:00+01:00,Long,UK,13,2,Canal Exit,69.52000000000727,2.0,6,4643.3,4646.900000000001,4633.900000000001,9.399999999999636,0.2024422285874192,0.38297872340430883,6.699999999999818,1.800000000000182,0.7127659574468167,0.19148936170215441,1.0781038617187733,0.023218483873942524,-0.005837561856150178,False,True,True,-0.023218483873942524,0.31112333310284157,29.47823412370729,23.812901722674738,-2.971171284965712,5.6653324010325505,-15.631532997952856,0,2,-1,2,-1,4638.7,-0.48936170212771724,MGC_v2
single,MGC,2026-01-14 14:14:00+01:00,2026-01-14 14:28:00+01:00,Short,UK,14,2,Canal Exit,35.51999999999273,2.0,2,4639.8,4637.900000000001,4650.1,10.300000000000182,0.22199232725548906,0.18446601941743715,8.199999999999818,4.0,0.7961165048543372,0.38834951456309996,0.0020276017457945272,4.370019711613706e-05,0.004206324427601083,False,False,False,-4.370019711613706e-05,-0.25909460557340935,-23.98409162354337,-21.885852975563076,3.8295770392668125,-2.0982386479802955,-23.27196494176208,0,2,1,5,-1,4640.6,-0.07766990291263765,MGC_v2
single,MGC,2026-01-14 15:31:00+01:00,2026-01-14 15:52:00+01:00,Short,US,15,2,Canal Exit,95.75999999999819,1.0,3,4634.6,4624.900000000001,4646.8,12.199999999999818,0.2632373883398743,0.7950819672131118,20.800000000000182,6.899999999999636,1.7049180327869256,0.5655737704917819,0.009025963745443732,0.00019475173144270773,0.004013057432642973,False,False,False,-0.00019475173144270773,-0.5305735952060786,-10.295318704827832,-4.614515135086399,-1.9245422955036016,-5.680803569741433,-31.54149263909385,0,3,1,6,-1,4626.5,0.6639344262295479,MGC_v2
single,MGC,2026-01-14 21:07:00+01:00,2026-01-14 21:21:00+01:00,Short,US,21,2,Canal Exit,31.51999999999636,2.0,2,4642.7,4641.0,4651.7,9.0,0.19385271501496973,0.18888888888886868,9.599999999999454,6.5,1.066666666666606,0.7222222222222222,0.25803133573754167,0.0055577861101846265,0.03927597428802043,True,False,True,0.0055577861101846265,-2.1101216072120224,-9.339812224014501,-4.5168692681053635,5.421432512599936,-4.822942955909138,-11.894511642110473,1,2,1,2,-1,4638.6,0.45555555555549493,MGC_v2
single,MGC,2026-01-14 22:59:00+01:00,2026-01-15 00:00:00+01:00,Long,Asia,22,2,Stop Loss,-210.4799999999927,2.0,1,4634.3,4623.900000000001,4623.900000000001,10.399999999999636,0.22441361154866185,-1.0,5.0,14.300000000000182,0.4807692307692476,1.3750000000000655,7.939727347335065,0.17132527776223086,-0.03188654497383303,False,False,False,-0.17132527776223086,0.5884895665012664,30.18913776286735,20.63775838227805,3.4202911266915854,9.5513793805893,13.334852490146243,0,1,-1,4,1,4614.3,-1.9230769230769904,MGC_v2
single,MGC,2026-01-15 02:13:00+01:00,2026-01-15 03:16:00+01:00,Short,Asia,2,3,Canal Exit,-58.23999999999818,1.0,9,4608.0,4613.7,4623.1,15.100000000000364,0.32769097222223015,-0.3774834437085881,20.600000000000364,12.100000000000364,1.3642384105960177,0.801324503311263,3.6995713260730554,0.08028583606929374,-0.003749829241084986,True,True,False,0.08028583606929374,-1.3321347075116137,-14.04226575612611,-10.88807595798234,-13.045100412453897,-3.1541897981437703,33.40277780359932,0,4,1,10,1,4591.1,1.119205298013194,MGC_v2
single,MGC,2026-01-15 08:38:00+01:00,2026-01-15 09:06:00+01:00,Short,Asia,8,3,Canal Exit,7.52,2.0,4,4608.6,4608.1,4618.1,9.5,0.2061363537733802,0.05263157894736842,6.400000000000546,2.699999999999818,0.6736842105263733,0.2842105263157703,3.854026838522259,0.08362684629870804,0.03575612077120476,True,False,True,0.08362684629870804,-0.5198836630170263,-22.250258383524468,-12.75057914638372,0.8996917220812671,-9.499679237140748,-28.013011335119085,0,4,1,3,-1,4605.9,0.2842105263158661,MGC_v2
single,MGC,2026-01-15 10:30:00+01:00,2026-01-15 11:12:00+01:00,Long,UK,10,3,Canal Exit,227.28000000002183,3.0,6,4610.7,4618.400000000001,4604.7,6.0,0.1301320840653263,1.2833333333334547,8.199999999999818,3.699999999999818,1.3666666666666363,0.6166666666666364,2.0214987724230014,0.04384364136515066,-0.011340848825047887,False,True,True,-0.04384364136515066,2.6847095195071233,24.662520768444313,11.79424714611259,3.7626463002902923,12.868273622331722,29.445126271540914,2,3,-1,2,-1,4616.2,0.9166666666666666,MGC_v2
single,MGC,2026-01-15 15:59:00+01:00,2026-01-15 19:57:00+01:00,Long,US,15,3,Canal Exit,94.75999999999455,1.0,34,4614.900000000001,4624.5,4584.400000000001,30.5,0.6609027281197858,0.31475409836063784,15.099999999999454,9.100000000000364,0.4950819672130969,0.29836065573771686,12.435422917184042,0.2694624567636144,-0.0053724513797396645,True,True,False,0.2694624567636144,8.286536340952807,19.461832352661787,18.86554174027573,-7.88686585643178,0.5962906123860563,7.676906962173386,4,4,-1,3,-1,4623.8,0.29180327868851264,MGC_v2
single,MGC,2026-01-15 20:46:00+01:00,2026-01-15 21:56:00+01:00,Short,US,20,3,Auto-Close (profit),314.2799999999836,3.0,10,4620.2,4609.6,4627.0,6.800000000000182,0.14717977576728675,1.5588235294116428,15.699999999999818,1.5,2.308823529411676,0.22058823529411176,1.8516957851461484,0.040078260359857766,0.009989177563894037,False,False,False,-0.040078260359857766,-0.5231993397765109,-31.471340027172506,-28.50628854034087,7.658101200785939,-2.965051486831637,12.349558813765615,0,1,1,5,-1,4619.0,0.17647058823526265,MGC_v2
single,MGC,2026-01-16 13:25:00+01:00,2026-01-16 13:46:00+01:00,Short,UK,13,4,Canal Exit,129.5200000000073,2.0,3,4608.900000000001,4602.3,4620.6,11.699999999999818,0.2538566686194063,0.564102564102604,7.5000000000009095,2.699999999999818,0.6410256410257287,0.23076923076921882,1.3044978819925745,0.028303887738778764,0.017436837664536572,True,False,True,0.028303887738778764,-0.42800169257498055,-33.180690501186575,-30.35034396842131,4.5600620125097935,-2.8303465327652653,-38.96507627059843,0,3,1,3,-1,4600.1,0.7521367521367793,MGC_v2
single,MGC,2026-01-19 01:59:00+01:00,2026-01-19 08:31:00+01:00,Short,Asia,1,0,Canal Exit,28.76,1.0,56,4675.6,4672.6,4698.1,22.5,0.4812216613910514,0.13333333333333333,15.700000000000728,10.099999999999454,0.6977777777778101,0.44888888888886463,11.128988011912952,0.23802267114194867,0.09968883441333952,False,False,False,-0.23802267114194867,-4.075850295168493,-3.6580689708180163,7.384814283562172,16.88763639620002,-11.04288325438019,-34.67629310046564,1,4,1,7,-1,4673.5,0.0933333333333495,MGC_v2
single,MGC,2026-01-19 13:11:00+01:00,2026-01-19 14:14:00+01:00,Long,UK,13,0,Canal Exit,1.519999999996362,2.0,9,4675.900000000001,4676.1,4664.5,11.400000000000546,0.24380333197888202,0.01754385964910601,2.9999999999990905,7.0000000000009095,0.2631578947367497,0.6140350877193487,0.5519682779940922,0.011804535554526234,-0.011510212518890084,False,True,True,-0.011804535554526234,0.2760264633270708,17.822361052520872,6.828810202586004,-6.473657449692216,10.993550849934868,-6.914031156999677,0,3,-1,1,-1,4674.2,-0.14912280701760056,MGC_v2
single,MGC,2026-01-19 14:42:00+01:00,2026-01-19 15:10:00+01:00,Short,UK,14,0,Canal Exit,95.28000000000546,3.0,4,4672.8,4669.5,4679.0,6.199999999999818,0.13268275980139996,0.532258064516174,6.300000000000182,1.5999999999994543,1.0161290322581236,0.2580645161289518,1.2853066866919107,0.027506135222819524,0.010639906682925847,True,False,True,0.027506135222819524,-0.33225488046809915,-20.807301403229218,-16.752197448582045,5.795135052048284,-4.055103954647173,-34.258164692273404,0,4,1,4,-1,4672.4,0.06451612903234798,MGC_v2
single,MGC,2026-01-19 16:41:00+01:00,2026-01-19 17:02:00+01:00,Long,US,16,0,Canal Exit,-0.7200000000163707,3.0,3,4676.6,4676.7,4669.400000000001,7.199999999999818,0.15395800367788173,0.013888888888813448,4.799999999999272,4.200000000000728,0.6666666666665825,0.5833333333334492,0.8043746301209467,0.017199987814244252,-0.005453967308446553,True,True,False,0.017199987814244252,2.006191532302182,25.239111232176445,12.224372106119976,1.2350815906254329,13.014739126056469,32.56314988470327,5,3,-1,5,1,4678.3,0.23611111111109181,MGC_v2
single,MGC,2026-01-19 18:12:00+01:00,2026-01-19 18:33:00+01:00,Short,US,18,0,Canal Exit,-87.72000000000546,3.0,3,4675.3,4678.1,4681.5,6.199999999999818,0.1326118110067764,-0.451612903225849,0.9000000000005457,3.5999999999994543,0.14516129032267291,0.5806451612902516,0.2790307378563739,0.005968188947369664,0.009753670431107062,True,False,True,0.005968188947369664,-0.2867425112599449,-17.2306631287424,-7.802132711721507,-1.475083245894325,-9.428530417020893,8.175284486274203,0,2,1,3,-1,4680.8,-0.8870967741935745,MGC_v2
single,MGC,2026-01-20 01:59:00+01:00,2026-01-20 02:20:00+01:00,Long,Asia,1,1,Canal Exit,-0.479999999992724,2.0,3,4676.0,4676.1,4665.5,10.5,0.2245508982035928,0.00952380952384417,3.399999999999636,9.899999999999636,0.3238095238094892,0.9428571428571082,0.7251360506688798,0.015507614428333613,-0.017442523367398807,False,True,True,-0.015507614428333613,0.8637574860322275,11.2269640582924,1.6508507347900432,1.3078781813749505,9.576113323502359,26.374370627285682,0,3,-1,2,1,4679.4,0.3238095238094892,MGC_v2
single,MGC,2026-01-20 20:11:00+01:00,2026-01-20 21:14:00+01:00,Long,US,20,1,Stop Loss,-186.47999999999635,2.0,9,4766.6,4757.400000000001,4757.400000000001,9.199999999999818,0.19300969244324712,-1.0,5.5,10.100000000000364,0.5978260869565336,1.097826086956583,4.912118871541679,0.10305288615662482,0.012461718579561805,False,False,False,-0.10305288615662482,0.0017300881818300695,16.878924997058284,8.593868461586132,4.6106528437702545,8.285056535472153,-16.931776405115432,0,2,-1,2,1,4758.6,-0.8695652173913215,MGC_v2
single,MGC,2026-01-21 12:22:00+01:00,2026-01-21 12:43:00+01:00,Long,UK,12,2,Stop Loss,-190.4799999999927,2.0,3,4870.8,4861.400000000001,4861.400000000001,9.399999999999636,0.19298677835262454,-1.0,3.199999999999818,13.5,0.34042553191488745,1.436170212766013,0.5005976463326078,0.010277524150706409,0.0011007910580437539,False,True,True,-0.010277524150706409,0.6514561724106898,27.43742732935033,21.838239759660844,2.8422632061994713,5.599187569689487,-19.8369066001749,0,1,-1,2,1,4867.3,-0.3723404255319293,MGC_v2
single,MGC,2026-01-21 15:17:00+01:00,2026-01-21 15:45:00+01:00,Short,UK,15,2,Canal Exit,47.760000000005455,1.0,4,4856.6,4851.7,4884.400000000001,27.800000000000182,0.5724169171848655,0.17625899280577387,8.5,18.199999999999818,0.3057553956834512,0.6546762589927949,0.2451450929402199,0.0050476690058934215,0.027804811516371243,False,False,False,-0.0050476690058934215,-2.5554307355714627,-18.164210326145934,-12.811185292037663,0.3182079474376079,-5.353025034108271,2.3773183564190443,0,1,1,2,1,4866.7,-0.3633093525179636,MGC_v2
single,MGC,2026-01-21 17:44:00+01:00,2026-01-21 18:33:00+01:00,Short,US,17,2,Canal Exit,154.76000000000363,1.0,7,4833.3,4817.7,4858.3,25.0,0.5172449465168725,0.6240000000000145,28.800000000000182,8.399999999999636,1.1520000000000072,0.3359999999999854,2.4158661095298157,0.049983781464626974,-0.012376265834532947,True,False,True,0.049983781464626974,-0.13317342037498747,-17.229342820845417,-14.501411545419622,-4.8514016553424595,-2.727931275425796,-25.573550229765836,0,7,1,5,-1,4828.2,0.20400000000001456,MGC_v2
single,MGC,2026-01-21 20:32:00+01:00,2026-01-21 20:53:00+01:00,Short,US,20,2,Canal Exit,58.76,1.0,3,4789.3,4783.3,4857.400000000001,68.10000000000036,1.4219196959889828,0.08810572687224623,32.600000000000364,28.399999999999636,0.47870778267254316,0.4170337738619601,11.353434699525678,0.23705833210543667,0.07316238429314002,True,False,True,0.23705833210543667,-7.767830747123298,-17.608770450119476,-3.7024805504140605,-6.05164971838938,-13.906289899705415,-38.25620407366529,0,3,1,6,-1,4811.6,-0.3274596182085178,MGC_v2
single,MGC,2026-01-22 00:07:00+01:00,2026-01-22 00:56:00+01:00,Short,Asia,0,3,Canal Exit,292.75999999999635,1.0,7,4815.7,4786.3,4843.0,27.300000000000182,0.5668957783915148,1.0769230769230564,36.599999999999454,1.1000000000003638,1.3406593406593117,0.04029304029305335,13.922620525798266,0.2891089670411003,0.07400240939653517,True,False,True,0.2891089670411003,-0.8396519044872548,-30.739159278798166,-29.019510748198776,2.769647260549309,-1.7196485305993896,-20.834032538864363,0,3,1,1,1,4792.2,0.8608058608058551,MGC_v2
single,MGC,2026-01-23 02:06:00+01:00,2026-01-23 08:59:00+01:00,Short,Asia,2,4,Canal Exit,28.76,1.0,59,4948.8,4945.8,4970.1,21.300000000000182,0.4304073714839998,0.140845070422534,10.600000000000364,20.199999999999818,0.49765258215963726,0.9483568075117205,5.070830436508913,0.10246585912764535,0.024093367384544612,False,False,False,-0.10246585912764535,-0.34806802024741046,-1.282245621958995,4.097310645980459,10.561303487953033,-5.379556267939454,-36.174954583478936,0,3,1,2,-1,4939.9,0.41784037558687653,MGC_v2
single,MGC,2026-01-23 18:54:00+01:00,2026-01-23 20:53:00+01:00,Short,US,18,4,Stop Loss,-163.2399999999982,1.0,17,4972.900000000001,4989.1,4989.1,16.199999999999818,0.3257656498220317,-1.0,13.600000000000364,18.699999999999818,0.8395061728395381,1.1543209876543228,6.211618555507812,0.12490937994948242,0.0418970356032715,False,True,True,-0.12490937994948242,-1.1646971669188133,-19.656403771603767,-10.63905531513159,15.069183589260641,-9.017348456472178,30.4333572890365,0,2,1,4,1,4981.2,-0.5123456790123065,MGC_v2
single,MGC,2026-01-26 00:07:00+01:00,2026-01-26 00:28:00+01:00,Long,Asia,0,0,Canal Exit,-1.24,1.0,3,5021.8,5021.8,4980.8,41.0,0.816440320203911,0.0,9.199999999999818,11.699999999999818,0.2243902439024346,0.2853658536585322,7.849568054542033,0.1563098501442119,-0.009180491827427884,True,True,False,0.1563098501442119,9.718194617455993,21.317152766343,18.253828236766196,4.52704649234592,3.0633245295768035,28.512406792251518,3,3,-1,2,1,5031.8,0.24390243902439024,MGC_v2
single,MGC,2026-01-26 17:30:00+01:00,2026-01-26 17:58:00+01:00,Short,US,17,0,Canal Exit,-199.24000000000183,1.0,4,5072.3,5092.1,5102.900000000001,30.600000000000364,0.6032766200737409,-0.64705882352941,10.400000000000546,20.0,0.3398692810457654,0.6535947712418223,1.5218332338808978,0.03000282384482183,0.040258019205682005,True,False,True,0.03000282384482183,-5.797611905008125,-16.67382408256387,-4.802201072260603,-3.1508491712966786,-11.871623010303265,23.092786807975127,1,2,1,2,-1,5088.8,-0.5392156862745034,MGC_v2
single,MGC,2026-01-27 19:36:00+01:00,2026-01-27 21:21:00+01:00,Long,US,19,1,Canal Exit,515.7599999999982,1.0,15,5086.3,5138.0,5073.700000000001,12.599999999999454,0.2477242789453916,4.103174603174766,64.89999999999964,7.800000000000182,5.150793650793845,0.6190476190476603,5.262576451958012,0.10346571086955177,-0.016192422852787058,False,True,True,-0.10346571086955177,0.8960727956318806,30.729712498402,27.19877758138246,4.940899490536579,3.530934917019543,43.635766349899285,0,3,-1,3,1,5163.3,6.111111111111375,MGC_v2
single,MGC,2026-01-28 01:31:00+01:00,2026-01-28 02:55:00+01:00,Long,Asia,1,2,Canal Exit,737.52,2.0,12,5165.5,5202.5,5154.0,11.5,0.22263091665860033,3.217391304347826,55.5,4.600000000000364,4.826086956521739,0.4000000000000316,22.628954906547733,0.43807869338007416,-0.032303482226020634,False,True,True,-0.43807869338007416,4.6516189947233215,4.6117567688980685,-3.5435702194868846,30.6819162643805,8.155326988384953,34.508312084542034,1,4,-1,4,1,5213.0,4.130434782608695,MGC_v2
single,MGC,2026-01-28 10:16:00+01:00,2026-01-28 16:06:00+01:00,Short,UK,10,2,Canal Exit,136.75999999999271,1.0,50,5266.5,5252.700000000001,5306.8,40.30000000000018,0.7652140890534546,0.3424317617865809,37.80000000000018,25.800000000000182,0.937965260545906,0.6401985111662547,9.97126653464693,0.18933383717168764,0.03567264342038477,False,True,True,-0.18933383717168764,-3.636520006644787,-34.73360097910405,-27.138504868952314,11.535810337324216,-7.595096110151733,23.809109681049375,0,2,1,4,1,5274.4,-0.19602977667492805,MGC_v2
single,MGC,2026-01-28 16:20:00+01:00,2026-01-28 16:34:00+01:00,Short,US,16,2,Canal Exit,-151.24,1.0,2,5259.400000000001,5274.400000000001,5292.400000000001,33.0,0.6274479978704794,-0.45454545454545453,9.50000000000091,16.599999999999454,0.28787878787881543,0.5030303030302865,3.7017054179777915,0.0703826561580749,0.024015630697792424,True,False,True,0.0703826561580749,-1.0446733838925866,-8.640494442599245,-2.0001193505004666,3.9460788624564658,-6.640375092098778,4.9113235970190585,1,2,1,7,-1,5283.4,-0.7272727272726998,MGC_v2
single,MGC,2026-01-28 19:36:00+01:00,2026-01-28 19:57:00+01:00,Short,US,19,2,Canal Exit,12.759999999996362,1.0,3,5273.5,5272.1,5324.1,50.600000000000364,0.9595145539015902,0.02766798418971593,9.800000000000182,17.0,0.19367588932806545,0.3359683794466379,1.3503841271303827,0.025606980698404908,0.04594049738013617,True,False,True,0.025606980698404908,-1.1374434968302012,-14.53680637604154,-2.178024120795641,11.778537601942517,-12.358782255245899,-29.610850032203984,0,3,1,10,-1,5322.9,-0.976284584980223,MGC_v2
single,MGC,2026-01-28 20:32:00+01:00,2026-01-28 21:07:00+01:00,Long,US,20,2,Canal Exit,214.76000000000363,1.0,5,5301.3,5322.900000000001,5263.6,37.69999999999982,0.7111463226001135,0.5729442970822405,34.5,22.900000000000546,0.9151193633952299,0.6074270557029352,10.140241454044371,0.19127839311196068,-0.031124265931099696,False,True,True,-0.19127839311196068,0.7094046893171253,26.801759510787043,25.35560677331744,8.119256474255277,1.4461527374696033,36.69721701828516,0,5,-1,2,1,5349.6,1.2811671087533267,MGC_v2
single,MGC,2026-01-29 08:17:00+01:00,2026-01-29 14:35:00+01:00,Short,Asia,8,3,Canal Exit,310.76000000000727,1.0,54,5582.700000000001,5551.5,5626.0,43.29999999999927,0.7756103677431936,0.7205542725173499,81.70000000000073,11.599999999999454,1.8868360277136744,0.2678983833718164,9.43675754162905,0.16903572718629065,0.02646990720485315,False,False,False,-0.16903572718629065,-1.6926781195143121,-29.015665063702613,-24.760845341294853,-1.759787036692078,-4.25481972240776,-19.109031243023697,0,2,1,5,-1,5552.3,0.7020785219399782,MGC_v2
single,MGC,2026-01-30 05:50:00+01:00,2026-01-30 06:11:00+01:00,Short,Asia,5,4,Stop Loss,-226.24,1.0,3,5237.6,5260.1,5260.1,22.5,0.42958606995570486,-1.0,10.200000000000728,30.399999999999636,0.4533333333333657,1.351111111111095,59.141374535689465,1.1291693626028994,0.024515888193196344,True,True,False,1.1291693626028994,-2.3565138353860675,-13.42090864106733,-12.863734367461085,-17.63788123682735,-0.557174273606245,8.178672923198762,0,1,1,2,-1,5246.3,-0.3866666666666586,MGC_v2
single,MGC,2026-01-30 13:32:00+01:00,2026-01-30 14:00:00+01:00,Short,UK,13,4,Canal Exit,297.75999999999635,1.0,4,5141.1,5111.200000000001,5175.700000000001,34.600000000000364,0.6730077220828298,0.8641618497109631,60.100000000000364,23.399999999999636,1.7369942196531714,0.6763005780346645,10.4072520721802,0.20243239913987665,0.13585974379249746,True,False,True,0.20243239913987665,-18.437761966805738,-2.0201088083989793,4.54075963805375,3.120686239773042,-6.560868446452729,-27.71490533381383,3,4,1,3,-1,5059.4,2.361271676300574,MGC_v2
single,MGC,2026-01-30 16:55:00+01:00,2026-01-30 18:05:00+01:00,Short,US,16,4,Canal Exit,1107.7599999999964,1.0,10,5073.1,4962.200000000001,5142.3,69.19999999999982,1.364057479647549,1.6026011560693632,121.70000000000073,13.399999999999636,1.758670520231229,0.19364161849710507,10.733716805829317,0.21158102158107106,0.005375954560251459,True,False,True,0.21158102158107106,-3.2544225105020814,-5.376626522943897,4.2670285828470735,-0.7575468175581447,-9.64365510579097,-18.096748086671454,1,6,1,2,1,4964.3,1.5722543352601224,MGC_v2
single,MGC,2026-01-30 21:35:00+01:00,2026-01-30 21:56:00+01:00,Short,US,21,4,Auto-Close (profit),129.75999999999453,1.0,3,4883.5,4870.400000000001,4972.5,89.0,1.8224633971536806,0.14719101123594894,55.399999999999636,24.5,0.6224719101123555,0.2752808988764045,39.96891703746769,0.8184481834231124,0.18681595659010283,True,False,True,0.8184481834231124,-25.308301912829847,-19.08850090141322,-17.82189072583244,-12.721554569084875,-1.2666101755807802,-17.48933526125755,1,3,1,6,-1,4884.4,-0.01011235955055771,MGC_v2
single,MGC,2026-02-02 03:58:00+01:00,2026-02-02 07:21:00+01:00,Short,Asia,3,0,Canal Exit,2489.7599999999948,1.0,29,4728.0,4478.900000000001,4797.0,69.0,1.4593908629441625,3.610144927536224,273.8000000000002,24.899999999999636,3.968115942028988,0.36086956521738606,37.46326592828518,0.7923702607505326,0.0004932070791726617,True,False,True,0.7923702607505326,-0.29276065195153933,-33.9299167707531,-22.269594179924297,-9.640592194310416,-11.660322590828805,-30.690337837002012,0,2,1,3,1,4464.2,3.823188405797104,MGC_v2
single,MGC,2026-02-02 14:21:00+01:00,2026-02-02 21:56:00+01:00,Short,UK,14,0,Auto-Close (profit),849.7599999999945,1.0,64,4762.7,4677.6,4837.5,74.80000000000018,1.5705377202007302,1.1377005347593483,144.19999999999982,54.900000000000546,1.9278074866310089,0.7339572192513424,28.724941155358465,0.6031230427143944,0.1017042779880135,False,False,False,-0.6031230427143944,-1.2722756604807728,-15.203609480593052,-9.989330527398575,12.232017580496882,-5.214278953194476,-18.719473994738085,0,3,1,2,1,4700.8,0.8275401069518648,MGC_v2
single,MGC,2026-02-03 00:07:00+01:00,2026-02-03 00:28:00+01:00,Long,Asia,0,1,Canal Exit,208.76,1.0,3,4741.1,4762.1,4666.5,74.60000000000036,1.5734745101347865,0.28150134048257236,47.899999999999636,16.100000000000364,0.6420911528150054,0.21581769436997703,0.018203569792603957,0.00038395245391584145,-0.03203027508469307,False,True,True,-0.00038395245391584145,8.204507778784318,19.649778032029992,8.178871089458019,-2.689283441357516,11.470906942571974,34.92138905605485,0,3,-1,3,1,4794.2,0.7117962466487828,MGC_v2
single,MGC,2026-02-03 10:09:00+01:00,2026-02-03 13:39:00+01:00,Short,UK,10,1,Canal Exit,-44.24000000000182,1.0,30,4933.900000000001,4938.200000000001,4974.5,40.599999999999454,0.8228784531506405,-0.10591133004926699,29.300000000000182,25.99999999999909,0.7216748768473048,0.640394088669937,20.963177606081445,0.4248804719609527,0.08435050188338786,False,True,True,-0.4248804719609527,-1.8466622973664926,-30.83472503520574,-29.29552481471061,16.40119539630758,-1.539200220495129,-7.968412625369407,0,1,1,5,-1,4945.5,-0.2857142857142761,MGC_v2
single,MGC,2026-02-03 16:48:00+01:00,2026-02-03 17:37:00+01:00,Long,US,16,1,Canal Exit,508.76,1.0,7,4956.0,5007.0,4916.700000000001,39.29999999999927,0.7929782082324308,1.297709923664146,62.30000000000018,11.800000000000182,1.5852417302799322,0.30025445292621883,2.9297194334885717,0.05911459712446674,-0.00804377117798504,False,True,True,-0.05911459712446674,2.827363477533254,3.9457920624995904,-6.686601733171895,1.7891225564529922,10.632393795671486,39.8336327708716,1,7,-1,5,1,4985.8,0.7582697201017998,MGC_v2
single,MGC,2026-02-03 18:47:00+01:00,2026-02-03 21:56:00+01:00,Short,US,18,1,Auto-Close (loss),-32.239999999994545,1.0,27,4964.400000000001,4967.5,5018.400000000001,54.0,1.0877447425670774,-0.057407407407397304,73.40000000000055,15.99999999999909,1.3592592592592694,0.29629629629627946,18.059349225193728,0.3637770772942093,0.03554582668876358,False,True,True,-0.3637770772942093,-12.829590571413974,-9.888258490004956,-4.88094300008465,6.642705670762788,-5.007315489920306,4.665757674026631,2,2,1,2,1,4977.6,-0.24444444444444108,MGC_v2
single,MGC,2026-02-04 13:25:00+01:00,2026-02-04 15:31:00+01:00,Long,UK,13,2,Stop Loss,-475.23999999999637,1.0,18,5076.0,5028.6,5028.6,47.399999999999636,0.9338061465720968,-1.0,11.300000000000182,63.0,0.2383966244725795,1.329113924050643,11.5250658955556,0.2270501555468006,-0.006128569073795326,True,False,True,0.2270501555468006,3.478469510467221,14.430920290947181,12.023190161040127,-9.46809744729571,2.407730129907055,-31.896592552119245,2,3,-1,2,1,5033.6,-0.8945147679324886,MGC_v2
single,MGC,2026-02-05 04:54:00+01:00,2026-02-05 12:22:00+01:00,Long,Asia,4,3,Canal Exit,87.75999999999637,1.0,63,4901.400000000001,4910.3,4808.400000000001,93.0,1.8974170645121797,0.09569892473117889,60.99999999999909,58.30000000000018,0.6559139784946139,0.6268817204301095,1.6789768388935045,0.03425504629072315,-0.1493987604875463,True,True,False,0.03425504629072315,0.16591876785423665,22.409102603550775,18.344143847653086,-22.764939182854963,4.064958755897688,33.099584230825705,0,2,-1,5,1,4893.0,-0.09032258064516716,MGC_v2
single,MGC,2026-02-05 15:45:00+01:00,2026-02-05 16:41:00+01:00,Long,US,15,3,Stop Loss,-614.2400000000018,1.0,8,4888.1,4826.8,4826.8,61.30000000000018,1.254065997013158,-1.0,3.5,67.90000000000055,0.05709624796084812,1.1076672104404623,4.668313462203514,0.09550364072346133,-0.05758811251736037,True,False,True,0.09550364072346133,2.737529183314109,33.36660523740715,24.54452072836989,-8.460348747301815,8.82208450903726,-33.30210528406296,0,2,-1,1,1,4831.6,-0.9216965742251196,MGC_v2
single,MGC,2026-02-05 19:08:00+01:00,2026-02-05 19:50:00+01:00,Short,US,19,3,Canal Exit,66.75999999999273,1.0,6,4883.2,4876.400000000001,4930.700000000001,47.50000000000091,0.9727228047182361,0.14315789473682405,10.399999999999636,15.300000000000182,0.2189473684210408,0.3221052631578924,0.6901265609158145,0.014132670398833029,0.069414102210576,True,False,True,0.014132670398833029,-5.032328063934074,-12.73800687223483,-0.7710950809908592,-3.8602611369502746,-11.966911791243971,-3.4405834951254324,1,2,1,3,1,4875.9,0.15368421052631667,MGC_v2
single,MGC,2026-02-06 04:33:00+01:00,2026-02-06 06:18:00+01:00,Short,Asia,4,4,Canal Exit,-235.23999999999637,1.0,15,4830.8,4854.2,4864.1,33.30000000000018,0.6893268195744013,-0.702702702702688,13.300000000000182,23.399999999999636,0.39939939939940267,0.702702702702688,10.707785183998567,0.2216565617288765,0.14047668575100417,True,False,True,0.2216565617288765,-3.30810388494956,-7.388847820299627,-6.524430871283753,1.9704419665653294,-0.8644169490158733,40.03849119996895,0,2,1,2,-1,4868.9,-1.1441441441441216,MGC_v2
single,MGC,2026-02-06 17:58:00+01:00,2026-02-06 21:56:00+01:00,Long,US,17,4,Auto-Close (loss),-57.24000000000364,1.0,34,4982.6,4977.0,4933.700000000001,48.899999999999636,0.9814153253321486,-0.11451942740287127,13.299999999999272,32.900000000000546,0.2719836400817867,0.6728016359918362,18.06853617467641,0.36263268523815695,-0.02739032964663248,False,False,False,-0.36263268523815695,2.277495949259901,32.205488454472835,21.186847035273924,6.690425185085132,11.01864141919891,10.370118646039508,0,2,-1,2,-1,4972.8,-0.20040899795501543,MGC_v2
single,MGC,2026-02-09 01:52:00+01:00,2026-02-09 06:39:00+01:00,Short,Asia,1,0,Canal Exit,-65.23999999999636,1.0,41,5042.1,5048.5,5068.6,26.5,0.5255746613514211,-0.2415094339622504,52.80000000000018,22.199999999999818,1.9924528301886861,0.8377358490565969,5.86657390599612,0.11635179599762241,0.09784946656069907,False,True,True,-0.11635179599762241,-4.520401370319632,-16.73293057091671,-15.303827731224112,11.639173758868138,-1.4291028396925984,29.00793035378074,0,3,1,3,1,5064.5,-0.8452830188679108,MGC_v2
single,MGC,2026-02-09 08:03:00+01:00,2026-02-09 11:19:00+01:00,Short,Asia,8,0,Canal Exit,207.76000000000545,1.0,28,5042.200000000001,5021.3,5067.6,25.399999999999636,0.503748363809441,0.8228346456693246,50.50000000000091,19.99999999999909,1.988188976378017,0.7874015748031251,4.082504572965263,0.08096673223920635,0.012311316407827427,False,False,False,-0.08096673223920635,-1.2164299731630308,-8.035679932161305,0.5794595877336111,8.059694948067358,-8.615139519894916,-8.653935163562839,0,3,1,3,1,5018.1,0.9488188976378232,MGC_v2
single,MGC,2026-02-09 12:29:00+01:00,2026-02-09 12:43:00+01:00,Long,UK,12,0,Canal Exit,21.759999999992726,1.0,2,5026.700000000001,5029.0,5002.6,24.100000000000364,0.47943979151332605,0.09543568464727127,7.799999999999272,4.400000000000546,0.3236514522821226,0.1825726141079037,3.384619390944863,0.06733283050400586,-0.04639400170966709,False,True,True,-0.06733283050400586,0.02333529731095041,34.088950802979895,30.41846143698535,-9.221049023148874,3.670489365994545,39.21847442044599,0,2,-1,6,1,5036.1,0.39004149377591263,MGC_v2
single,MGC,2026-02-09 14:28:00+01:00,2026-02-09 15:17:00+01:00,Short,UK,14,0,Canal Exit,-96.24,1.0,7,5030.1,5039.6,5047.1,17.0,0.3379654480030218,-0.5588235294117647,13.5,11.899999999999636,0.7941176470588235,0.6999999999999786,3.952667380555795,0.07858029423979235,0.03567540466032836,True,False,True,0.07858029423979235,-3.7530603595505454,-18.06541914442746,-6.924275692967106,-1.3964794017527282,-11.141143451460353,36.130621422263545,1,3,1,2,-1,5051.4,-1.2529411764705454,MGC_v2
single,MGC,2026-02-09 19:43:00+01:00,2026-02-09 21:07:00+01:00,Long,US,19,0,Canal Exit,231.7600000000018,1.0,12,5079.6,5102.900000000001,5064.6,15.0,0.29529884242853766,1.5533333333333454,25.399999999999636,4.0,1.6933333333333092,0.26666666666666666,17.959637661824672,0.3535640141315196,-0.0323043235697347,False,True,True,-0.3535640141315196,0.1127733651892413,21.36077862208742,18.833587439025003,14.154226507374839,2.527191183062417,6.602563443100813,0,5,-1,3,-1,5101.0,1.4266666666666423,MGC_v2
single,MGC,2026-02-10 03:58:00+01:00,2026-02-10 05:01:00+01:00,Short,Asia,3,1,Canal Exit,106.75999999999273,1.0,9,5056.5,5045.700000000001,5079.0,22.5,0.4449718184514981,0.4799999999999677,19.899999999999636,10.699999999999818,0.8844444444444283,0.47555555555554746,13.556901385978563,0.26810840276828957,0.04080001386341646,True,False,True,0.26810840276828957,-0.6278290616965023,-25.369594210611158,-19.99700219027514,10.781669944255349,-5.372592020336018,9.832929161943358,0,4,1,3,1,5050.0,0.28888888888888886,MGC_v2
single,MGC,2026-02-10 05:50:00+01:00,2026-02-10 06:11:00+01:00,Long,Asia,5,1,Canal Exit,-86.24,1.0,3,5054.3,5045.8,5041.200000000001,13.099999999999454,0.2591852482044883,-0.6488549618320881,3.399999999999636,10.100000000000364,0.2595419847328075,0.7709923664122736,0.8653347628060146,0.01712076376166857,-0.024722641607135366,False,True,True,-0.01712076376166857,1.104658734780969,26.95350868310673,23.563967640122364,5.743787949720043,3.3895410429843658,0.1848700443721114,0,2,-1,3,1,5045.7,-0.6564885496183758,MGC_v2
single,MGC,2026-02-10 14:28:00+01:00,2026-02-10 14:49:00+01:00,Long,UK,14,1,Canal Exit,7.760000000005457,1.0,3,5076.0,5076.900000000001,5042.1,33.899999999999636,0.6678486997635862,0.026548672566388064,5.699999999999818,16.899999999999636,0.1681415929203504,0.4985250737463073,5.68401220045962,0.11197817573797517,-0.03674439678798008,False,True,True,-0.11197817573797517,0.4832192132698765,34.508023536907565,33.241142874389446,-11.2343457472371,1.266880662518119,30.628415156495407,0,1,-1,1,-1,5071.9,-0.12094395280237191,MGC_v2
single,MGC,2026-02-10 17:58:00+01:00,2026-02-10 18:12:00+01:00,Long,US,17,1,Canal Exit,72.75999999999637,1.0,2,5048.700000000001,5056.1,5027.3,21.400000000000546,0.42387149167113397,0.34579439252333866,8.599999999999454,5.100000000000364,0.4018691588784689,0.23831775700935673,0.974911702936879,0.01931015316689205,-0.05948574462201351,False,True,True,-0.01931015316689205,2.449761754118299,25.264074539755196,22.849767182622315,-1.5789113085583135,2.4143073571328806,30.447793051272658,0,1,-1,3,-1,5057.2,0.39719626168219035,MGC_v2
single,MGC,2026-02-11 05:43:00+01:00,2026-02-11 06:32:00+01:00,Short,Asia,5,2,Stop Loss,-220.4799999999927,2.0,7,5074.400000000001,5085.3,5085.3,10.899999999999636,0.2148037206369154,-1.0,6.800000000000182,12.899999999999636,0.6238532110092119,1.1834862385321163,2.2659930426762003,0.04465538867011272,0.01760943474484472,False,False,False,-0.04465538867011272,-0.45988113801922736,-24.967196980264887,-11.863825281803802,6.942909403392463,-13.103371698461086,36.50296386195639,0,3,1,2,-1,5074.0,0.036697247706473306,MGC_v2
single,MGC,2026-02-11 08:45:00+01:00,2026-02-11 09:13:00+01:00,Short,Asia,8,2,Canal Exit,13.76,1.0,4,5077.200000000001,5075.700000000001,5093.400000000001,16.199999999999818,0.31907350508153737,0.09259259259259363,4.700000000000728,6.799999999999272,0.29012345679017165,0.4197530864197129,0.4632253591407789,0.009123638208870613,0.015985325857835818,True,False,True,0.009123638208870613,-0.10401260467278917,-18.62845485607182,-18.008476493696474,-0.809186675053232,-0.6199783623753454,2.448633318430241,0,2,1,3,1,5075.6,0.09876543209878899,MGC_v2
single,MGC,2026-02-11 16:27:00+01:00,2026-02-11 18:05:00+01:00,Short,US,16,2,Stop Loss,-321.24,1.0,14,5075.400000000001,5107.400000000001,5107.400000000001,32.0,0.6304921779564172,-1.0,13.400000000000546,33.599999999999454,0.41875000000001705,1.049999999999983,5.041582399080653,0.09933369584822185,-0.015496995885452175,True,True,False,0.09933369584822185,-0.06049909450302948,-19.352212376456624,-7.246243801093259,-0.4708568674295866,-12.105968575363365,32.124472344297466,0,2,1,3,-1,5109.2,-1.0562499999999773,MGC_v2
single,MGC,2026-02-11 19:08:00+01:00,2026-02-11 19:36:00+01:00,Short,US,19,2,Canal Exit,154.76000000000363,1.0,4,5097.700000000001,5082.1,5123.400000000001,25.699999999999818,0.5041489299095634,0.6070038910506022,15.600000000000364,12.199999999998909,0.6070038910506022,0.4747081712061866,5.837444982531451,0.1145113479124203,0.0494961301432682,True,False,True,0.1145113479124203,-2.4089194284115365,-22.168754490895704,-17.57265442810207,-0.3381469209717321,-4.596100062793635,-19.95985886932809,0,1,1,1,1,5108.6,-0.4241245136186659,MGC_v2
single,MGC,2026-02-12 02:34:00+01:00,2026-02-12 04:19:00+01:00,Long,Asia,2,3,Stop Loss,-178.24000000000729,1.0,15,5083.200000000001,5065.5,5065.5,17.700000000000728,0.3482058545798065,-1.0,12.699999999998909,23.600000000000364,0.7175141242936941,1.333333333333299,1.4878201013034413,0.02926935987770383,-0.03149011720563818,True,True,False,0.02926935987770383,0.15683080084909307,21.92421840824381,13.611320762443384,-9.234752221783081,8.312897645800426,22.46325277871212,0,1,-1,5,1,5078.4,-0.2711864406780166,MGC_v2
single,MGC,2026-02-12 14:14:00+01:00,2026-02-12 14:35:00+01:00,Long,UK,14,3,Canal Exit,56.75999999999272,1.0,3,5091.700000000001,5097.5,5070.400000000001,21.300000000000182,0.4183278669206783,0.2723004694835316,7.899999999999636,9.200000000000728,0.3708920187793225,0.4319248826291385,1.893403660018521,0.03718608048428856,-0.015540257600779227,False,True,True,-0.03718608048428856,0.626592976498614,27.256983819359206,13.975216452195388,5.271825291054854,13.281767367163818,35.4164570175119,0,3,-1,2,1,5102.2,0.49295774647882634,MGC_v2
single,MGC,2026-02-12 15:24:00+01:00,2026-02-12 15:52:00+01:00,Short,US,15,3,Canal Exit,163.76,1.0,4,5081.900000000001,5065.400000000001,5106.700000000001,24.800000000000182,0.4880064542789149,0.6653225806451564,20.50000000000091,12.99999999999909,0.826612903225837,0.5241935483870562,4.664380479234751,0.0917841846402871,0.03323473849056804,True,False,True,0.0917841846402871,-0.3975330252769709,-28.049890229423156,-20.65595389926338,-3.2523273589849153,-7.393936330159775,-30.042254888961544,0,2,1,1,1,5076.6,0.21370967741936062,MGC_v2
single,MGC,2026-02-12 16:48:00+01:00,2026-02-12 16:55:00+01:00,Long,US,16,3,Stop Loss,-320.24000000000547,1.0,1,5093.200000000001,5061.3,5061.3,31.900000000000546,0.6263252964737404,-1.0,4.799999999999272,34.50000000000091,0.1504702194357113,1.0815047021943673,0.11429363651768654,0.0022440437547649127,-0.008874356088151989,False,True,True,-0.0022440437547649127,1.423122137696737,15.524602767019157,12.667115955500922,-13.633014238549242,2.8574868115182355,19.98310246919967,0,2,-1,1,-1,5075.3,-0.5611285266457755,MGC_v2
single,MGC,2026-02-13 00:28:00+01:00,2026-02-13 08:38:00+01:00,Long,Asia,0,4,Canal Exit,443.76,1.0,70,4945.400000000001,4989.900000000001,4907.1,38.30000000000018,0.7744570712177008,1.1618798955613523,70.89999999999964,21.100000000000364,1.8511749347258302,0.5509138381201113,2.2639529479274643,0.04577896525917952,-0.03266204934349904,True,True,False,0.04577896525917952,0.7893777942708766,26.979502543427685,18.087665099526962,1.3254184101938218,8.891837443900723,27.835113344044775,0,1,-1,3,1,4999.1,1.4020887728459417,MGC_v2
single,MGC,2026-02-13 17:23:00+01:00,2026-02-13 21:56:00+01:00,Long,US,17,4,Auto-Close (profit),32.75999999999636,1.0,39,5050.6,5054.0,4995.3,55.30000000000018,1.0949194155149917,0.06148282097648508,18.799999999999272,23.5,0.33996383363470545,0.42495479204339826,10.820484907666469,0.2142415734302156,-0.024051801537914648,False,False,False,-0.2142415734302156,4.611108811056511,31.246502130183924,21.591799322605326,4.914739653660834,9.654702807578598,11.361362395512444,0,2,-1,3,-1,5053.6,0.054249547920433815,MGC_v2
single,MGC,2026-02-16 00:14:00+01:00,2026-02-16 04:33:00+01:00,Short,Asia,0,0,Canal Exit,356.7600000000018,1.0,37,5046.3,5010.5,5079.1,32.80000000000018,0.6499811743257472,1.0914634146341458,40.400000000000546,5.699999999999818,1.2317073170731805,0.17378048780487154,3.8079027728472283,0.07545930231748466,0.009020480715074776,False,False,False,-0.07545930231748466,-0.6716242428847181,-21.54101898759274,-16.47902708824621,-2.8006945095994524,-5.0619918993465305,10.873486964398424,0,1,1,3,1,5010.3,1.09756097560975,MGC_v2
single,MGC,2026-02-16 08:03:00+01:00,2026-02-16 08:38:00+01:00,Short,Asia,8,0,Stop Loss,-224.96,4.0,5,5016.700000000001,5022.200000000001,5022.200000000001,5.5,0.10963382303107619,-1.0,9.50000000000091,9.799999999999272,1.7272727272728927,1.7818181818180496,10.45358164982099,0.2083756582977054,0.028589744237497987,True,True,False,0.2083756582977054,-1.1437991903594593,-0.07936728545981886,3.020706218019945,-11.95135073184423,-3.1000735034797637,30.13770046095136,1,2,1,1,-1,5026.4,-1.7636363636361652,MGC_v2
single,MGC,2026-02-16 13:39:00+01:00,2026-02-16 14:21:00+01:00,Long,UK,13,0,Canal Exit,-74.48000000000728,2.0,6,5023.900000000001,5020.3,5013.200000000001,10.699999999999818,0.21298194629669814,-0.33644859813088085,2.699999999999818,7.400000000000546,0.25233644859811816,0.6915887850467918,3.025459740518272,0.060221336820364096,-0.017416371027792886,False,True,True,-0.060221336820364096,0.9922399473962287,8.874689796169239,0.4097213384459133,-8.442108125427323,8.464968457723327,-5.351110073896015,1,3,-1,1,-1,5017.0,-0.6448598130841741,MGC_v2
single,MGC,2026-02-17 04:19:00+01:00,2026-02-17 06:32:00+01:00,Short,Asia,4,1,Canal Exit,718.76,1.0,19,4973.6,4901.6,4990.900000000001,17.300000000000182,0.3478365771272354,4.161849710982615,99.60000000000036,6.899999999999636,5.7572254335259725,0.3988439306358129,9.140938421098326,0.18378917526737826,0.013286139511086786,True,False,True,0.18378917526737826,-2.5972270854572344,-29.117329938334052,-22.48999585069725,-4.858493431551794,-6.6273340876368,-40.6124117367105,0,3,1,7,-1,4911.8,3.5722543352600886,MGC_v2
single,MGC,2026-02-17 12:15:00+01:00,2026-02-17 13:32:00+01:00,Long,UK,12,1,Canal Exit,119.75999999999455,1.0,11,4948.200000000001,4960.3,4926.3,21.900000000000546,0.4425851824906136,0.5525114155250754,15.699999999998909,7.700000000000728,0.7168949771688821,0.3515981735160062,8.048479810555364,0.16265469889162448,-0.016279625342478978,False,True,True,-0.16265469889162448,0.5400728589065693,30.6360205197509,19.17843192607703,5.70633347716788,11.457588593673869,31.931354013401858,0,2,-1,6,1,4936.2,-0.5479452054794799,MGC_v2
single,MGC,2026-02-17 16:55:00+01:00,2026-02-17 18:05:00+01:00,Long,US,16,1,Stop Loss,-301.24,1.0,10,4900.7,4870.7,4870.7,30.0,0.6121574468953416,-1.0,12.300000000000182,32.399999999999636,0.4100000000000061,1.0799999999999879,3.2527133073617733,0.06637242245723618,-0.06493797792931992,True,True,False,0.06637242245723618,1.0469110995090887,24.476301471310638,18.076098904803057,-6.796178391995184,6.400202566507581,-33.82036607334777,0,4,-1,13,-1,4911.8,0.37000000000001215,MGC_v2
single,MGC,2026-02-17 21:00:00+01:00,2026-02-17 21:14:00+01:00,Short,US,21,1,Canal Exit,20.760000000007278,1.0,2,4895.900000000001,4893.7,4931.1,35.19999999999982,0.718968933188991,0.062500000000021,3.800000000000182,5.299999999999272,0.10795454545455117,0.15056818181816192,7.285889096103347,0.14881613382837366,0.025061466004395034,False,False,False,-0.14881613382837366,-8.369991288572237,-20.926926860817183,-19.11412003911888,0.7129871634058548,-1.8128068216983024,-24.6668769751497,3,1,1,1,1,4897.8,-0.05397727272726267,MGC_v2
single,MGC,2026-02-19 02:41:00+01:00,2026-02-19 06:18:00+01:00,Long,Asia,2,3,Canal Exit,373.5200000000036,2.0,31,4988.5,5007.3,4977.5,11.0,0.2205071664829107,1.7090909090909256,23.5,3.699999999999818,2.1363636363636362,0.3363636363636198,2.0838446962061425,0.04177297175916894,-0.019122526927264218,True,True,False,0.04177297175916894,0.19172749656263477,21.01373717209451,16.68304994369161,2.801515571707783,4.330687228402898,32.412273423932206,0,3,-1,2,1,5012.9,2.218181818181785,MGC_v2
single,MGC,2026-02-19 12:08:00+01:00,2026-02-19 12:15:00+01:00,Long,UK,12,3,Stop Loss,-122.23999999999454,1.0,1,5012.5,5000.400000000001,5000.400000000001,12.099999999999454,0.24139650872816867,-1.0,3.800000000000182,15.399999999999636,0.3140495867768887,1.2727272727273,3.0658224500366487,0.061163540150357076,-0.033796509804209625,False,False,False,-0.061163540150357076,0.8723876708754688,18.682308043161143,18.20439935477048,-9.794858643859113,0.4779086883906629,13.148409411794297,0,1,-1,4,1,5005.4,-0.5867768595041888,MGC_v2
single,MGC,2026-02-19 15:10:00+01:00,2026-02-19 15:45:00+01:00,Short,UK,15,3,Stop Loss,-192.23999999999455,1.0,5,4999.900000000001,5019.0,5019.0,19.099999999999454,0.3820076401527921,-1.0,17.800000000000182,19.799999999999272,0.9319371727749053,1.0366492146596773,5.383859204754117,0.10767933768183596,0.02227486132369872,True,False,True,0.10767933768183596,-2.7455755933215187,-10.940920864780693,-2.1818690088493717,-8.586313651314557,-8.759051855931322,26.590317140763027,1,3,1,2,-1,5000.8,-0.04712041884814984,MGC_v2
single,MGC,2026-02-20 08:31:00+01:00,2026-02-20 09:48:00+01:00,Short,Asia,8,4,Stop Loss,-140.23999999999637,1.0,11,5035.1,5049.0,5049.0,13.899999999999636,0.27606204444796795,-1.0,11.400000000000546,14.699999999999818,0.8201438848921471,1.057553956834547,2.341872275854257,0.04651093872722006,0.03225657952208816,False,False,False,-0.04651093872722006,-1.7309906338787187,-22.079287973074734,-19.90391105013303,13.25578428714301,-2.1753769229417053,39.4503142892617,0,1,1,1,-1,5047.9,-0.9208633093524897,MGC_v2
single,MGC,2026-02-20 19:22:00+01:00,2026-02-20 19:57:00+01:00,Short,US,19,4,Stop Loss,-149.24000000000183,1.0,5,5082.8,5097.6,5097.6,14.800000000000182,0.2911780908160892,-1.0,7.400000000000546,15.899999999999636,0.5000000000000308,1.0743243243242866,2.1090193905329215,0.04149325943442436,0.04238820495186508,False,False,False,-0.04149325943442436,-0.3082613661981668,-22.436711144192405,-16.395392432703176,3.6526787452922065,-6.041318711489229,32.86989336624248,0,1,1,1,-1,5092.7,-0.6689189189188861,MGC_v2
single,MGC,2026-02-23 07:56:00+01:00,2026-02-23 08:24:00+01:00,Short,Asia,7,0,Canal Exit,100.75999999999819,1.0,4,5166.0,5155.8,5183.6,17.600000000000364,0.34068912117693306,0.5795454545454323,19.899999999999636,10.100000000000364,1.1306818181817742,0.5738636363636451,2.2952772772732715,0.04443045445747718,-0.00010352704779657597,False,False,False,-0.04443045445747718,-2.4453507801026717,-31.167741092048203,-28.54977063480512,-8.490573488309066,-2.617970457243082,-10.305704910035761,1,1,1,2,1,5157.9,0.46022727272728386,MGC_v2
single,MGC,2026-02-23 10:02:00+01:00,2026-02-23 14:28:00+01:00,Long,UK,10,0,Canal Exit,108.76,1.0,38,5162.8,5173.8,5142.0,20.800000000000182,0.40288215696909,0.5288461538461492,23.699999999999818,2.0,1.1394230769230582,0.09615384615384531,0.44430133479909273,0.008605821159043401,-0.036931303686360016,True,False,True,0.008605821159043401,0.3623920182990332,28.26973839389655,19.361473056930194,-14.667816390433524,8.908265336966355,-29.01966120281941,0,3,-1,10,-1,5211.9,2.3605769230768763,MGC_v2
single,MGC,2026-02-23 15:17:00+01:00,2026-02-23 16:13:00+01:00,Long,UK,15,0,Canal Exit,379.76000000000363,1.0,8,5182.8,5220.900000000001,5160.900000000001,21.899999999999636,0.422551516554751,1.7397260273973059,39.099999999999454,6.100000000000364,1.7853881278538861,0.2785388127854094,4.592807325820104,0.08861633336845148,-0.01425045273530993,False,True,True,-0.08861633336845148,0.9015797828351424,34.55811759818151,26.09447317195048,-9.3532692056203,8.463644426231031,10.821857665233237,0,3,-1,4,-1,5219.7,1.6849315068493265,MGC_v2
single,MGC,2026-02-23 22:59:00+01:00,2026-02-24 00:00:00+01:00,Short,Asia,22,0,Stop Loss,-182.48,2.0,1,5248.3,5257.3,5257.3,9.0,0.17148409961320807,-1.0,7.400000000000546,19.5,0.8222222222222828,2.1666666666666665,3.868917325815346,0.07371753378837616,0.0184024175013365,False,False,False,-0.07371753378837616,-1.1987313195240858,-18.94356777555693,-17.34676718859548,11.917202441712867,-1.59680058696145,-2.810563666683004,1,1,1,3,-1,5257.4,-1.0111111111110505,MGC_v2
single,MGC,2026-02-24 00:07:00+01:00,2026-02-24 00:56:00+01:00,Long,Asia,0,1,Stop Loss,-217.24000000000365,1.0,7,5262.400000000001,5240.8,5240.8,21.600000000000364,0.41045910611128683,-1.0,6.899999999999636,26.100000000000364,0.3194444444444222,1.20833333333333,3.248151611389403,0.06172376883911148,0.008048309444046702,False,False,False,-0.06172376883911148,1.6120182974464115,13.665116853473425,5.427276593395271,14.859812319013136,8.237840260078155,-26.443215980164005,1,2,-1,2,1,5251.5,-0.5046296296296464,MGC_v2
single,MGC,2026-02-24 01:03:00+01:00,2026-02-24 08:38:00+01:00,Short,Asia,1,1,Canal Exit,477.75999999999635,1.0,65,5247.0,5199.1,5269.400000000001,22.400000000000546,0.4269106155898713,2.138392857142789,83.10000000000036,10.800000000000182,3.709821428571354,0.48214285714285354,4.24391400539389,0.0808826759175508,0.021473062426924348,False,True,True,-0.0808826759175508,-0.6176529594140447,-27.363561937306326,-26.903388958735107,13.724204176647303,-0.46017297857121875,30.685689325487655,0,1,1,7,1,5197.5,2.2098214285713746,MGC_v2
single,MGC,2026-02-24 11:54:00+01:00,2026-02-24 12:36:00+01:00,Long,UK,11,1,Canal Exit,37.52,2.0,6,5193.5,5195.5,5181.8,11.699999999999818,0.22528160200249964,0.1709401709401736,3.5,3.399999999999636,0.2991452991453038,0.29059829059826403,0.4483317232989066,0.008632554602847916,-0.0016493750608047339,False,True,True,-0.008632554602847916,0.4102300394079066,1.2015046700528202,-7.729822244205639,-4.234929568797281,8.93132691425846,4.3636984683607505,1,3,-1,1,-1,5193.2,-0.025641025641041586,MGC_v2
single,MGC,2026-02-24 17:37:00+01:00,2026-02-24 18:05:00+01:00,Short,US,17,1,Stop Loss,-222.48,2.0,4,5162.400000000001,5173.400000000001,5173.400000000001,11.0,0.21307918797458542,-1.0,14.200000000000728,12.699999999999818,1.290909090909157,1.154545454545438,9.684791198858875,0.18760249494147826,0.03400531714453672,True,False,True,0.18760249494147826,-3.0236983171180327,-1.4076246036517264,-0.3216148810220897,-1.4135599633423688,-1.0860097226296368,24.71966264287107,1,3,1,3,-1,5176.9,-1.3181818181817355,MGC_v2
single,MGC,2026-02-24 21:21:00+01:00,2026-02-24 21:56:00+01:00,Long,US,21,1,Auto-Close (loss),-41.24,1.0,5,5185.700000000001,5181.700000000001,5163.900000000001,21.800000000000182,0.42038683302158203,-0.18348623853210855,5.799999999999272,10.100000000000364,0.266055045871524,0.4633027522935908,4.305282980591073,0.08302221456295336,-0.01957464872182012,False,True,True,-0.08302221456295336,4.050223680441377,10.759294815332261,-0.8608863197254282,-1.7174982988233414,11.620181135057688,-14.35384257827519,1,3,-1,3,1,5172.8,-0.5917431192660751,MGC_v2
single,MGC,2026-02-25 05:22:00+01:00,2026-02-25 06:53:00+01:00,Long,Asia,5,2,Canal Exit,183.76,1.0,13,5202.700000000001,5221.200000000001,5189.900000000001,12.800000000000182,0.24602610183174467,1.4453124999999796,27.099999999999454,4.300000000001091,2.117187499999927,0.3359375000000805,8.578534316877267,0.16488619979774474,-0.009685870097541228,False,True,True,-0.16488619979774474,3.3200324742820158,15.224235284335471,6.728822024516153,7.153548108645808,8.495413259819319,33.58005572983351,3,3,-1,4,1,5210.7,0.6249999999999201,MGC_v2
single,MGC,2026-02-25 10:30:00+01:00,2026-02-25 11:19:00+01:00,Long,UK,10,2,Stop Loss,-169.24000000000183,1.0,7,5211.700000000001,5194.900000000001,5194.900000000001,16.800000000000182,0.32235163190513993,-1.0,2.899999999999636,20.600000000000364,0.1726190476190241,1.2261904761904845,2.016079560158687,0.038683722396889435,-0.01241515244156075,False,False,False,-0.038683722396889435,0.6131997628726822,25.269394862869895,15.701245330753625,-0.8401073399292956,9.56814953211627,-45.598094865636405,0,2,-1,2,1,5197.6,-0.8392857142857268,MGC_v2
single,MGC,2026-02-25 14:42:00+01:00,2026-02-25 15:38:00+01:00,Short,UK,14,2,Canal Exit,790.5599999999563,6.0,8,5206.5,5193.200000000001,5210.0,3.5,0.06722366272928071,3.799999999999792,29.399999999999636,3.399999999999636,8.399999999999896,0.9714285714284675,5.847218284965493,0.11230612282657242,0.024844311543185147,True,False,True,0.11230612282657242,-0.313509084899124,-6.843163280938263,-2.7127266951555846,0.40509721856229913,-4.130436585782679,-35.70310395368226,0,1,1,4,-1,5210.3,-1.0857142857143376,MGC_v2
single,MGC,2026-02-25 20:59:00+01:00,2026-02-25 21:55:00+01:00,Short,US,20,2,Auto-Close (profit),501.7600000000018,1.0,8,5220.8,5170.5,5237.3,16.5,0.3160435182347533,3.0484848484848595,57.80000000000018,5.0,3.503030303030314,0.30303030303030304,8.626814749610276,0.16523932634098748,0.01818687170615445,False,False,False,-0.16523932634098748,-3.6027054533115006,-13.919593207887903,-12.65074872634765,2.673031567937089,-1.2688444815402526,-30.11565045771639,2,4,1,1,1,5177.0,2.6545454545454654,MGC_v2
single,MGC,2026-02-26 00:21:00+01:00,2026-02-26 00:56:00+01:00,Long,Asia,0,3,Stop Loss,-131.24,1.0,5,5187.3,5174.3,5174.3,13.0,0.25061207179071965,-1.0,8.5,16.600000000000364,0.6538461538461539,1.2769230769231048,10.567616018010085,0.20372093416633094,-0.034045271874781936,True,True,False,0.20372093416633094,7.115380992645441,16.545543207434374,16.093235737635013,-7.332116914922351,0.45230746979936143,-16.305181406661966,4,1,-1,2,1,5188.3,0.07692307692307693,MGC_v2
single,MGC,2026-02-26 01:03:00+01:00,2026-02-26 01:24:00+01:00,Short,Asia,1,3,Stop Loss,-185.24000000000547,1.0,3,5177.5,5195.900000000001,5195.900000000001,18.400000000000546,0.3553838725253606,-1.0,6.300000000000182,27.300000000000182,0.34239130434782583,1.4836956521738789,7.3154666800091945,0.1412934172865127,-0.0032503711934905367,True,True,False,0.1412934172865127,-1.6860204691902254,-21.32642645484393,-18.815803930752892,-16.501747138699418,-2.510622524091037,31.703093959711136,0,1,1,2,-1,5203.6,-1.418478260869543,MGC_v2
single,MGC,2026-02-26 04:54:00+01:00,2026-02-26 06:04:00+01:00,Long,Asia,4,3,Canal Exit,14.759999999994543,1.0,10,5209.400000000001,5211.0,5189.0,20.400000000000546,0.39159980036089653,0.07843137254899075,5.799999999999272,4.100000000000364,0.2843137254901528,0.20098039215687521,1.5010106969966728,0.028813504376639782,-0.0007649458039924765,True,True,False,0.028813504376639782,4.6734651377610135,9.783712736953241,-0.3276544574368314,6.015477180576929,10.111367194390073,-9.370196420101703,5,3,-1,4,-1,5214.8,0.26470588235291626,MGC_v2
single,MGC,2026-02-26 14:42:00+01:00,2026-02-26 15:24:00+01:00,Short,UK,14,3,Canal Exit,220.75999999999817,1.0,6,5183.900000000001,5161.700000000001,5204.200000000001,20.300000000000182,0.39159706012847817,1.0935960591132818,26.700000000000728,4.799999999999272,1.3152709359606152,0.2364532019704054,0.21355570036030258,0.004119595292353297,0.004230422449933364,False,False,False,-0.004119595292353297,-2.698104547067487,-17.949007462245216,-14.956993647958017,-4.088057392166077,-2.9920138142871995,-8.453230124134878,1,2,1,1,1,5187.2,-0.1625615763546425,MGC_v2
single,MGC,2026-02-26 16:41:00+01:00,2026-02-26 17:30:00+01:00,Long,US,16,3,Canal Exit,-1.24,1.0,7,5199.6,5199.6,5145.1,54.5,1.0481575505808138,0.0,10.699999999999818,17.400000000000546,0.19633027522935445,0.31926605504588157,2.5926344135568797,0.04986218965991383,-0.027515901215592414,False,True,True,-0.04986218965991383,1.5221353330989587,19.83542686553346,7.523614480490796,-2.229996988515436,12.311812385042664,-1.218679986619306,0,3,-1,3,-1,5195.1,-0.08256880733944955,MGC_v2
single,MGC,2026-02-27 01:45:00+01:00,2026-02-27 02:55:00+01:00,Short,Asia,1,4,Stop Loss,-202.24000000000365,1.0,10,5191.5,5211.6,5211.6,20.100000000000364,0.38717133776365914,-1.0,8.800000000000182,22.300000000000182,0.43781094527363296,1.109452736318397,0.7791225142154872,0.015007657020427376,-0.0021778488275563898,False,True,True,-0.015007657020427376,-0.18974738691031234,-29.59731334563104,-21.642603888913207,-8.898410645969193,-7.954709456717833,35.03213701008943,0,2,1,7,1,5193.3,-0.08955223880597758,MGC_v2
single,MGC,2026-03-02 19:01:00+01:00,2026-03-02 19:57:00+01:00,Short,US,19,0,Stop Loss,-253.2399999999982,1.0,8,5309.6,5334.8,5334.8,25.199999999999818,0.474612023504592,-1.0,6.600000000000364,26.399999999999636,0.26190476190477824,1.0476190476190408,23.674710570638126,0.44588501150064264,0.012588274801448146,True,True,False,0.44588501150064264,-1.9063554403674061,-19.00811444966374,-10.983879977497159,-20.83856385515878,-8.024234472166581,38.630785894192755,0,2,1,2,-1,5336.5,-1.0674603174603108,MGC_v2
single,MGC,2026-03-03 00:14:00+01:00,2026-03-03 01:59:00+01:00,Long,Asia,0,1,Canal Exit,283.76,1.0,15,5349.0,5377.5,5334.900000000001,14.099999999999454,0.2636006730229848,2.021276595744759,29.899999999999636,6.300000000000182,2.1205673758865813,0.44680851063832805,11.41289827093351,0.2133650826497198,-0.02064463183511228,False,True,True,-0.2133650826497198,0.7597559166397332,16.151957261401986,9.43093590717672,2.2234160131715512,6.721021354225266,8.31719561324816,0,2,-1,4,-1,5391.7,3.0283687943263455,MGC_v2
single,MGC,2026-03-03 08:17:00+01:00,2026-03-03 08:31:00+01:00,Long,Asia,8,1,Canal Exit,58.76,1.0,2,5327.200000000001,5333.200000000001,5291.700000000001,35.5,0.6663913500525603,0.16901408450704225,7.4999999999990905,4.0000000000009095,0.2112676056337772,0.11267605633805379,0.3602075909511768,0.006761668248820709,-0.07278696214434822,False,True,True,-0.006761668248820709,0.604279633031183,27.752250573899722,24.613232143986288,-19.75374630420991,3.1390184299134347,26.26845846402037,0,1,-1,3,-1,5340.8,0.3830985915492804,MGC_v2
single,MGC,2026-03-03 14:42:00+01:00,2026-03-03 17:02:00+01:00,Short,UK,14,1,Canal Exit,244.75999999999453,1.0,20,5149.3,5124.700000000001,5236.900000000001,87.60000000000036,1.7012021051405115,0.2808219178082118,144.30000000000018,36.69999999999982,1.6472602739725979,0.4189497716894939,14.688235959109079,0.28524723669448426,0.007205496289554276,True,True,False,0.28524723669448426,-16.833301190557904,-18.062493485739544,-13.88411944471762,-5.84181382618197,-4.178374041021925,45.21437155792435,1,2,1,4,1,5138.4,0.12442922374429795,MGC_v2
single,MGC,2026-03-04 00:00:00+01:00,2026-03-04 00:28:00+01:00,Long,Asia,0,2,Canal Exit,152.75999999999635,1.0,4,5120.1,5135.5,5092.200000000001,27.899999999999636,0.5449112322024889,0.5519713261648687,17.5,26.700000000000728,0.6272401433691838,0.9569892473118665,11.68478474191761,0.22821399468599463,-0.053771529390456,False,True,True,-0.22821399468599463,0.17638414768589428,1.1270913745737268,-8.830246305485025,4.603914565284775,9.957337680058751,38.591865912154766,0,4,-1,7,1,5130.0,0.35483870967741094,MGC_v2
single,MGC,2026-03-05 14:00:00+01:00,2026-03-05 14:21:00+01:00,Short,UK,14,3,Canal Exit,442.76000000000545,1.0,3,5164.900000000001,5120.5,5182.700000000001,17.800000000000182,0.3446339716161045,2.4943820224719153,79.30000000000018,9.99999999999909,4.455056179775245,0.561797752808932,0.3385951739237498,0.006555696604459909,0.009636130764085756,False,False,False,-0.006555696604459909,-1.4110975586363566,-31.85931613223485,-27.118656295898198,2.5047530002639213,-4.740659836336651,-37.1654343822659,0,3,1,5,-1,5124.8,2.2528089887640426,MGC_v2
single,MGC,2026-03-05 21:21:00+01:00,2026-03-05 21:56:00+01:00,Long,US,21,3,Auto-Close (loss),-62.239999999994545,1.0,5,5092.5,5086.400000000001,5063.400000000001,29.099999999999454,0.5714285714285606,-0.20962199312713295,5.300000000000182,10.100000000000364,0.18213058419244954,0.3470790378007063,4.844460661546691,0.09512932079620405,-0.00830619358684012,True,True,False,0.09512932079620405,0.9870465269450506,30.421402869817715,30.41312720344345,-7.598907094206255,0.00827566637426358,-12.545916390162429,0,1,-1,5,-1,5087.4,-0.17525773195877867,MGC_v2
single,MGC,2026-03-06 04:40:00+01:00,2026-03-06 10:23:00+01:00,Short,Asia,4,4,Canal Exit,699.5200000000073,2.0,49,5142.400000000001,5107.3,5151.700000000001,9.300000000000182,0.18084940883634454,3.774193548387062,42.20000000000073,2.9999999999990905,4.53763440860214,0.32258064516118623,4.17922253010147,0.08126988429724387,0.04712750540721689,False,False,False,-0.08126988429724387,-0.9629246323929692,-6.842609511876656,1.4849282040633138,12.649995338887505,-8.32753771593997,-38.71747674950757,1,3,1,4,-1,5093.3,5.279569892473054,MGC_v2
single,MGC,2026-03-06 12:50:00+01:00,2026-03-06 14:28:00+01:00,Short,UK,12,4,Stop Loss,-346.24,1.0,14,5075.0,5109.5,5109.5,34.5,0.6798029556650247,-1.0,4.5,60.69999999999982,0.13043478260869565,1.7594202898550673,8.548195279006904,0.16843734539915084,0.012981282369400117,True,False,True,0.16843734539915084,-2.5378286462491815,-27.029467289832315,-15.910879715707011,-20.039900712839636,-11.118587574125304,21.32751835867311,0,1,1,3,-1,5103.2,-0.8173913043478208,MGC_v2
single,MGC,2026-03-06 19:08:00+01:00,2026-03-06 20:18:00+01:00,Long,US,19,4,Canal Exit,221.7600000000018,1.0,10,5154.5,5176.8,5138.200000000001,16.299999999999272,0.3162285381705165,1.3680981595092747,29.800000000000182,3.800000000000182,1.8282208588957982,0.23312883435584977,8.852918530006718,0.171751256766063,-0.014809619156995744,False,True,True,-0.171751256766063,7.280910822027181,2.525158017992272,-9.127280495086886,5.566938192604938,11.652438513079158,30.276524094389835,4,6,-1,5,1,5168.5,0.8588957055215107,MGC_v2
single,MGC,2026-03-08 23:35:00+01:00,2026-03-09 05:53:00+01:00,Short,Asia,23,6,Canal Exit,303.76,1.0,54,5126.6,5096.1,5209.700000000001,83.10000000000036,1.6209573596535785,0.36702767749698995,105.80000000000018,37.69999999999982,1.2731648616125117,0.45367027677496574,14.49433498417784,0.28272802606362574,0.003961521374290355,False,False,False,-0.28272802606362574,-9.848673717615384,-20.418209026176388,-14.244460332371307,0.1386624315184027,-6.173748693805081,-15.520819142751721,2,2,1,3,-1,5097.7,0.3477737665463348,MGC_v2
single,MGC,2026-03-09 13:07:00+01:00,2026-03-09 13:28:00+01:00,Long,UK,13,0,Canal Exit,118.76,1.0,3,5105.200000000001,5117.200000000001,5086.1,19.100000000000364,0.37412833973204496,0.6282722513088885,15.199999999998909,3.7000000000007276,0.795811518324535,0.1937172774869454,3.017825017843279,0.059112767723953595,-0.03622128123043031,False,True,True,-0.059112767723953595,0.5954130553354844,29.822181703601856,25.644653884735064,4.202201994535862,4.177527818866793,43.06303249523633,0,3,-1,6,1,5102.8,-0.12565445026180627,MGC_v2
single,MGC,2026-03-09 18:01:00+01:00,2026-03-09 19:32:00+01:00,Short,US,18,0,Stop Loss,-214.47999999998908,2.0,13,5109.200000000001,5119.8,5119.8,10.599999999999454,0.2074688796680391,-1.0,11.50000000000091,17.399999999999636,1.0849056603775002,1.6415094339623144,4.015902963335975,0.07860140459046376,0.0282924271798372,True,True,False,0.07860140459046376,-0.18885588233388262,-12.531943571437719,-1.3821593604781617,-2.6503843402435927,-11.149784210959556,45.58927153440404,0,3,1,1,-1,5126.8,-1.6603773584906,MGC_v2
single,MGC,2026-03-10 01:27:00+01:00,2026-03-10 02:16:00+01:00,Short,Asia,1,1,Stop Loss,-299.2400000000018,1.0,7,5136.3,5166.1,5166.1,29.800000000000182,0.5801841792730211,-1.0,2.699999999999818,35.19999999999982,0.09060402684563093,1.181208053691262,8.212823021691293,0.15989765048169485,0.005326095125122587,False,False,False,-0.15989765048169485,-2.0327615027854335,-34.63609761096727,-29.956374567713873,-1.9211574967056773,-4.6797230432533965,25.870850132142888,0,1,1,4,-1,5176.4,-1.345637583892591,MGC_v2
single,MGC,2026-03-10 04:08:00+01:00,2026-03-10 04:29:00+01:00,Short,Asia,4,1,Canal Exit,42.760000000005455,1.0,3,5174.700000000001,5170.3,5194.5,19.799999999999272,0.38263087715228455,0.22222222222225796,6.600000000000364,7.199999999998909,0.33333333333336396,0.3636363636363219,2.416895823276718,0.04670600852758069,0.0553464202429858,False,False,False,-0.04670600852758069,-2.753616995773882,-31.892362122294642,-26.76257644933372,9.089356090623445,-5.129785672960921,-30.684032482630965,0,1,1,3,1,5168.2,0.3282828282828863,MGC_v2
single,MGC,2026-03-10 13:28:00+01:00,2026-03-10 14:03:00+01:00,Long,UK,13,1,Canal Exit,203.76,1.0,5,5190.0,5210.5,5171.1,18.899999999999636,0.36416184971097565,1.0846560846561055,22.399999999999636,3.600000000000364,1.1851851851851887,0.1904761904762134,2.645728231382236,0.05097742256998528,-0.01608283721940651,False,True,True,-0.05097742256998528,0.662456664786987,34.6693639385771,22.60435676354514,-0.9163068178850272,12.065007175031958,34.039562528894564,0,2,-1,3,-1,5224.1,1.8042328042328581,MGC_v2
single,MGC,2026-03-11 07:38:00+01:00,2026-03-11 08:41:00+01:00,Short,Asia,7,2,Canal Exit,33.76,1.0,9,5202.700000000001,5199.200000000001,5218.5,15.799999999999272,0.30368846944854155,0.22151898734178235,10.50000000000091,7.9999999999990905,0.6645569620254046,0.5063291139240164,2.3363375491735496,0.04490625154580409,0.0020535931635589054,True,False,True,0.04490625154580409,-0.6993782104791535,-17.206273093745246,-6.221950549058848,-0.8605018618216699,-10.984322544686398,-27.85334259544242,0,2,1,5,-1,5198.0,0.2974683544304395,MGC_v2
single,MGC,2026-03-11 11:36:00+01:00,2026-03-11 13:28:00+01:00,Short,UK,11,2,Stop Loss,-194.23999999999273,1.0,16,5185.700000000001,5205.0,5205.0,19.299999999999272,0.3721773338218422,-1.0,2.7000000000007276,22.799999999999272,0.13989637305703778,1.1813471502590742,3.16904911081474,0.061111308228681556,0.010265333599439711,True,True,False,0.061111308228681556,-2.618526135472166,-25.551237171015114,-12.003215094742808,-8.343626923656034,-13.548022076272305,16.133686704259482,1,2,1,4,1,5176.6,0.4715025906736118,MGC_v2
single,MGC,2026-03-11 13:35:00+01:00,2026-03-11 14:31:00+01:00,Short,UK,13,2,Canal Exit,76.75999999999273,1.0,8,5185.5,5177.700000000001,5208.6,23.100000000000364,0.44547295342783466,0.33766233766230086,16.5,5.600000000000364,0.7142857142857031,0.24242424242425437,3.333287411276615,0.06428092587554941,0.0051292541522837964,True,False,True,0.06428092587554941,-0.6052100858287304,-10.72341574059805,2.7051354818307836,-6.313942089960853,-13.428551222428833,3.576231010944573,0,3,1,3,1,5183.4,0.09090909090910522,MGC_v2
single,MGC,2026-03-11 21:59:00+01:00,2026-03-11 23:00:00+01:00,Short,Asia,21,2,Stop Loss,-211.43999999997817,6.0,1,5183.900000000001,5187.3,5187.3,3.399999999999636,0.06558768494761928,-1.0,5.800000000000182,5.899999999999636,1.7058823529414124,1.7352941176471375,2.05414434091108,0.03962546231430158,0.004377847949920951,False,False,False,-0.03962546231430158,-1.3626105824905608,-24.52103465672002,-22.501960001263164,0.1440093015388252,-2.019074655456855,-29.13914980670686,5,2,1,1,1,5181.5,0.7058823529414125,MGC_v2
single,MGC,2026-03-12 03:33:00+01:00,2026-03-12 04:29:00+01:00,Short,Asia,3,3,Canal Exit,103.76,1.0,8,5165.5,5155.0,5180.8,15.300000000000182,0.2961959152066631,0.6862745098039134,14.899999999999636,11.199999999999818,0.9738562091502915,0.7320261437908291,10.161835640463323,0.19672511161481607,0.04520285906047936,True,False,True,0.19672511161481607,-1.3023469738718632,-10.916913518579404,2.06196961580138,3.3740686365934267,-12.978883134380784,-2.6680599412103696,0,3,1,2,1,5158.6,0.4509803921568336,MGC_v2
single,MGC,2026-03-12 13:49:00+01:00,2026-03-12 14:17:00+01:00,Long,UK,13,3,Stop Loss,-218.24000000000729,1.0,4,5190.700000000001,5169.0,5169.0,21.700000000000728,0.4180553682547773,-1.0,1.8999999999996362,25.900000000000546,0.08755760368661625,1.1935483870967594,3.0862264244060498,0.05945684444113605,-0.027752835705609394,False,True,True,-0.05945684444113605,1.9794206977030626,33.77217037834658,26.85234021633191,-15.262921140914392,6.919830162014669,-1.5259123629418436,0,2,-1,4,1,5163.3,-1.2626728110598906,MGC_v2
single,MGC,2026-03-12 14:31:00+01:00,2026-03-12 14:45:00+01:00,Short,US,14,3,Canal Exit,69.76000000000364,1.0,2,5170.400000000001,5163.3,5192.700000000001,22.300000000000182,0.4313012532879502,0.318385650224229,12.100000000000364,4.399999999999636,0.5426008968609984,0.19730941704034083,1.4111540106241591,0.02729293692217544,0.012045794698748462,True,False,True,0.02729293692217544,-0.8393096991558195,-28.604857586131608,-23.754942476966384,-4.7018638991010455,-4.849915109165224,-31.7703201839399,0,2,1,1,-1,5157.6,0.573991031390138,MGC_v2
single,MGC,2026-03-13 04:50:00+01:00,2026-03-13 05:18:00+01:00,Long,Asia,4,4,Stop Loss,-192.48,2.0,4,5118.400000000001,5108.900000000001,5108.900000000001,9.5,0.1856048765239137,-1.0,2.9999999999990905,11.800000000000182,0.3157894736841148,1.242105263157914,9.23847188128093,0.18049530871524166,-0.016774485668866496,False,False,False,-0.18049530871524166,0.5097541604336584,22.471541601690426,12.22224124812583,3.868588961940661,10.249300353564596,-15.096345411548523,0,3,-1,3,1,5106.2,-1.284210526315866,MGC_v2
single,MGC,2026-03-13 06:56:00+01:00,2026-03-13 07:03:00+01:00,Short,Asia,6,4,Canal Exit,-52.48,2.0,1,5106.6,5109.1,5114.900000000001,8.300000000000182,0.1625347589394153,-0.30120481927710185,5.900000000000546,4.699999999999818,0.710843373494026,0.5662650602409295,0.20005982956536172,0.003917671827935646,-0.0068115675997587125,False,False,False,-0.003917671827935646,-0.6653098437336666,-27.45074956077826,-25.59734783119414,-12.210260493774976,-1.853401729584121,-12.602838389561926,1,1,1,2,-1,5099.2,0.8915662650602871,MGC_v2
single,MGC,2026-03-13 14:31:00+01:00,2026-03-13 20:56:00+01:00,Short,US,14,4,Auto-Close (profit),879.7600000000036,1.0,55,5110.1,5022.0,5128.5,18.399999999999636,0.36007123148274267,4.788043478260984,95.80000000000018,13.099999999999454,5.206521739130547,0.7119565217391148,2.038033920674934,0.03988246650114349,0.036244801033502465,False,False,False,-0.03988246650114349,-0.6043453641932501,-32.120926847654765,-31.7128214691213,-0.6040584805772712,-0.4081053785334632,-25.80374938463241,0,1,1,3,-1,5019.1,4.945652173913142,MGC_v2
single,MGC,2026-03-15 23:00:00+01:00,2026-03-16 00:17:00+01:00,Long,Asia,23,6,Stop Loss,-331.24,1.0,11,5032.900000000001,4999.900000000001,4999.900000000001,33.0,0.655685588825528,-1.0,2.2999999999992724,62.50000000000091,0.06969696969694765,1.8939393939394216,2.9357892952903057,0.05833196159848806,-0.036571416970128584,True,False,True,0.05833196159848806,0.6284784231602316,11.772340432168914,10.056701748807566,-9.708626846071846,1.7156386833613482,-31.928058266375537,0,2,-1,1,1,4993.6,-1.1909090909090965,MGC_v2
single,MGC,2026-03-16 04:29:00+01:00,2026-03-16 04:50:00+01:00,Long,Asia,4,0,Canal Exit,77.75999999999637,1.0,3,5015.700000000001,5023.6,5001.0,14.700000000000728,0.2930797296489169,0.5374149659863432,8.599999999999454,2.3000000000010914,0.5850340136053761,0.15646258503408011,2.420650277648747,0.04826146455427451,-0.019278812400762343,False,True,True,-0.04826146455427451,0.9758913365667468,25.562275846995593,16.303043312243727,-11.584511269504423,9.259232534751867,43.551323773237655,0,3,-1,10,1,5018.4,0.18367346938767176,MGC_v2
single,MGC,2026-03-16 17:47:00+01:00,2026-03-16 18:15:00+01:00,Long,US,17,0,Canal Exit,67.76000000000546,1.0,4,4997.0,5003.900000000001,4978.400000000001,18.599999999999454,0.3722233340003893,0.3709677419355241,12.5,7.699999999999818,0.6720430107527079,0.41397849462365827,1.1607924874988385,0.0232297876225503,-0.03646629469439634,False,True,True,-0.0232297876225503,1.8573887111615477,3.3518755342109685,-7.088039268716551,-3.066460152273052,10.43991480292752,37.77645938260109,5,4,-1,5,1,4996.7,-0.016129032258074768,MGC_v2
single,MGC,2026-03-17 00:03:00+01:00,2026-03-17 01:27:00+01:00,Long,Asia,0,1,Canal Exit,-102.71999999997817,3.0,12,5011.0,5007.700000000001,5003.200000000001,7.799999999999272,0.15565755338254383,-0.4230769230768693,9.899999999999636,6.300000000000182,1.2692307692308409,0.8076923076924064,6.486229495880252,0.1294398223085263,-0.021639162024426145,False,True,True,-0.1294398223085263,0.4362531153337841,30.597917212215616,23.934713065035773,4.392799845596478,6.663204147179844,-24.67873647122594,0,5,-1,7,-1,5012.3,0.16666666666670554,MGC_v2
single,MGC,2026-03-17 04:22:00+01:00,2026-03-17 06:56:00+01:00,Long,Asia,4,1,Stop Loss,-122.24000000000363,1.0,22,5036.200000000001,5024.1,5024.1,12.100000000000364,0.24026051387951952,-1.0,13.199999999998909,22.30000000000109,1.0909090909089678,1.842975206611605,0.7090031591560546,0.014078137467853828,0.01877846699391366,False,False,False,-0.014078137467853828,0.44171789557731245,19.78357690453581,6.788084684943264,3.214021123210171,12.995492219592546,-42.867747140375705,0,2,-1,2,1,5014.9,-1.760330578512434,MGC_v2
single,MGC,2026-03-17 14:59:00+01:00,2026-03-17 16:02:00+01:00,Short,US,14,1,Canal Exit,31.759999999992726,1.0,9,5018.0,5014.700000000001,5036.900000000001,18.900000000000546,0.37664408130730465,0.17460317460313107,10.800000000000182,8.300000000000182,0.5714285714285645,0.4391534391534361,2.1164147918370873,0.04217646057865858,0.020724655949973428,True,False,True,0.04217646057865858,-1.8094166308410422,-9.866594359749945,-4.031775866412842,-0.7899013179589561,-5.834818493337103,4.348581129324342,2,2,1,6,1,4996.9,1.1164021164021034,MGC_v2
single,MGC,2026-03-17 19:32:00+01:00,2026-03-17 20:56:00+01:00,Short,US,19,1,Auto-Close (profit),44.280000000010915,3.0,12,5006.6,5005.0,5013.900000000001,7.300000000000182,0.14580753405505095,0.2191780821918252,6.200000000000728,5.5,0.8493150684932292,0.7534246575342278,2.5014605650285375,0.04996325979763787,0.013622492260139651,True,False,True,0.04996325979763787,-2.904609323519253,-15.101917902771604,-4.052494302921789,-2.2047596134444825,-11.049423599849813,19.850674713691397,4,2,1,3,-1,5006.9,-0.04109589041085821,MGC_v2
single,MGC,2026-03-17 23:28:00+01:00,2026-03-18 00:38:00+01:00,Short,Asia,23,1,Canal Exit,-96.48000000001456,2.0,10,5001.5,5006.200000000001,5012.900000000001,11.400000000000546,0.22793162051385676,-0.41228070175443005,4.800000000000182,6.600000000000364,0.4210526315789432,0.5789473684210569,0.5523899256368168,0.01104448516718618,0.007284907848263235,False,False,False,-0.01104448516718618,-0.8979739175283612,-19.56678446662356,-16.589899485709328,-9.956389849109524,-2.9768849809142317,16.507283887530264,0,2,1,2,-1,5005.8,-0.37719298245613825,MGC_v2
single,MGC,2026-03-18 00:45:00+01:00,2026-03-18 00:59:00+01:00,Long,Asia,0,2,Canal Exit,442.56,6.0,2,5006.0,5013.5,5002.3,3.699999999999818,0.07391130643227763,2.0270270270271267,7.800000000000182,1.1000000000003638,2.108108108108261,0.2972972972974102,0.23262127503221564,0.004646849281506505,-0.005079148668642619,True,True,False,0.004646849281506505,0.3117906535817383,16.97763184259501,16.74245786506273,-13.829498805204537,0.23517397753228053,23.788537222958425,0,1,-1,2,-1,5010.4,1.1891891891891493,MGC_v2
single,MGC,2026-03-18 11:57:00+01:00,2026-03-18 19:25:00+01:00,Short,UK,11,2,Canal Exit,771.7600000000018,1.0,64,4963.5,4886.2,5000.0,36.5,0.7353681877707263,2.1178082191780874,127.0,14.0,3.4794520547945207,0.3835616438356164,11.153932428220287,0.22471909797965725,-0.00966344710398258,False,False,False,-0.22471909797965725,-10.628131675098302,-17.542210948133757,-13.90050990475854,-23.507487843144208,-3.6417010433752175,-27.562124089481394,4,2,1,2,-1,4879.2,2.3095890410958955,MGC_v2
single,MGC,2026-03-19 04:50:00+01:00,2026-03-19 13:42:00+01:00,Short,Asia,4,3,Canal Exit,3138.76,1.0,76,4852.8,4538.8,4867.2,14.399999999999636,0.29673590504450287,21.805555555556108,319.40000000000055,4.399999999999636,22.180555555556154,0.30555555555553804,4.514776569614696,0.0930344660734977,0.017253525991399957,False,False,False,-0.0930344660734977,-0.03490814819360821,-34.88445844393007,-32.97062114803017,7.828342122215038,-1.9138372958999028,-44.089396119588,0,1,1,1,1,4579.8,18.95833333333381,MGC_v2
single,MGC,2026-03-19 18:29:00+01:00,2026-03-19 19:39:00+01:00,Long,US,18,3,Canal Exit,87.75999999999637,1.0,10,4604.1,4613.0,4576.7,27.400000000000546,0.5951217393193142,0.3248175182481554,29.5,5.800000000000182,1.076642335766402,0.21167883211679075,3.7931390243393253,0.08238611290674236,-0.04244358753915238,False,True,True,-0.08238611290674236,0.4811863160548455,21.030471737284024,17.881151431085605,7.551487022500325,3.149320306198419,-6.194624071255881,0,2,-1,5,-1,4650.6,1.697080291970769,MGC_v2
single,MGC,2026-03-20 14:10:00+01:00,2026-03-20 15:13:00+01:00,Short,UK,14,4,Canal Exit,825.7599999999982,1.0,9,4658.5,4575.8,4696.900000000001,38.400000000000546,0.8242996672748856,2.153645833333298,95.60000000000036,12.300000000000182,2.4895833333333073,0.32031250000000017,1.504459977892111,0.032294944250125815,0.029346137979085595,True,False,True,0.032294944250125815,-8.756571974676262,-17.349003729961197,-12.546013585701795,-6.924512325282435,-4.802990144259402,-42.592540394353,2,3,1,5,-1,4555.6,2.6796874999999525,MGC_v2
single,MGC,2026-03-20 18:22:00+01:00,2026-03-20 19:53:00+01:00,Short,US,18,4,Canal Exit,759.7599999999945,1.0,13,4577.2,4501.1,4615.900000000001,38.70000000000073,0.8454950624836304,1.9664082687337991,99.19999999999982,5.0,2.5633074935399986,0.1291989664082663,23.817414020992146,0.5203489911079295,0.0497993799876372,True,False,True,0.5203489911079295,-7.788066803285801,-11.063454104123023,-1.4885188588854357,-17.64269331137137,-9.574935245237587,-36.75658806016308,1,3,1,9,-1,4505.8,1.8449612403100335,MGC_v2
single,MGC,2026-03-23 20:07:00+01:00,2026-03-23 20:56:00+01:00,Short,US,20,0,Auto-Close (profit),119.76000000000364,1.0,7,4412.3,4400.2,4469.900000000001,57.600000000000364,1.3054416064184293,0.21006944444444944,26.5,28.599999999999454,0.46006944444444153,0.4965277777777652,26.808823839244724,0.607592952411321,0.1474366295357132,True,False,True,0.607592952411321,-5.541259025498221,-27.703035820161897,-13.750364357737345,-5.7895038617756684,-13.952671462424552,-13.14960243178075,0,3,1,2,1,4411.0,0.02256944444444746,MGC_v2
single,MGC,2026-03-24 03:26:00+01:00,2026-03-24 04:22:00+01:00,Long,Asia,3,1,Canal Exit,7.760000000005457,1.0,8,4365.0,4365.900000000001,4305.900000000001,59.099999999999454,1.3539518900343517,0.01522842639594846,15.100000000000364,29.899999999999636,0.25549915397631984,0.5059221658206415,10.881856982456156,0.249297983561424,-0.1783507261017328,False,True,True,-0.249297983561424,1.3371210721006719,15.939298258618367,3.4494582089073633,-11.027138033424862,12.489840049711002,-1.318000051276151,0,3,-1,1,-1,4348.5,-0.2791878172588858,MGC_v2
single,MGC,2026-03-24 15:06:00+01:00,2026-03-24 15:20:00+01:00,Long,US,15,1,Canal Exit,160.75999999999817,1.0,2,4392.6,4408.8,4350.400000000001,42.19999999999982,0.9607066429904798,0.383886255924168,21.299999999999272,8.100000000000364,0.504739336492876,0.19194312796209476,3.589477251731296,0.08171646067776023,-0.10731780110879958,False,True,True,-0.08171646067776023,2.420755586284031,29.291532341542773,21.25227474145188,-7.232564444406992,8.039257600090892,37.28731541946627,0,2,-1,1,1,4412.9,0.48104265402842084,MGC_v2
single,MGC,2026-03-24 16:58:00+01:00,2026-03-24 17:47:00+01:00,Short,US,16,1,Canal Exit,-159.23999999999273,1.0,7,4407.900000000001,4423.7,4434.8,26.899999999999636,0.6102679280382866,-0.5873605947955199,5.100000000000364,20.899999999999636,0.1895910780669306,0.7769516728624505,8.205821520514291,0.18616169877978833,0.07874886930096472,True,False,True,0.18616169877978833,-5.943290672105832,-14.871067244431028,-1.1676447863972834,2.401510076403202,-13.703422458033746,9.564050933499086,1,2,1,2,-1,4402.1,0.21561338289963794,MGC_v2
single,MGC,2026-03-25 00:10:00+01:00,2026-03-25 07:45:00+01:00,Long,Asia,0,2,Canal Exit,475.7599999999982,1.0,65,4500.900000000001,4548.6,4458.1,42.80000000000018,0.9509209269257298,1.1144859813084023,100.69999999999982,18.900000000000546,2.3528037383177427,0.4415887850467398,7.85382196255523,0.17449447805006174,0.06675435823285046,False,False,False,-0.17449447805006174,0.17765328846780903,32.5108475703846,27.318599857596993,19.158414256991364,5.192247712787605,12.05501186331464,0,4,-1,3,1,4550.5,1.1588785046728796,MGC_v2
single,MGC,2026-03-25 13:21:00+01:00,2026-03-25 13:35:00+01:00,Short,UK,13,2,Canal Exit,27.76000000000546,1.0,2,4551.1,4548.2,4585.8,34.69999999999982,0.7624530333325968,0.08357348703171645,31.100000000000364,15.899999999999636,0.8962536023054907,0.4582132564841418,4.8343556038289535,0.10622389320887156,0.051118760173757063,True,False,True,0.10622389320887156,-0.2787192883888565,-29.035642099595897,-20.932223812950426,1.3025522281900688,-8.103418286645471,-31.85295156308861,0,2,1,6,-1,4554.7,-0.10374639769450932,MGC_v2
single,MGC,2026-03-25 15:13:00+01:00,2026-03-25 15:48:00+01:00,Long,US,15,2,Canal Exit,107.76000000000546,1.0,5,4555.5,4566.400000000001,4519.900000000001,35.599999999999454,0.7814729447919977,0.3061797752809189,22.300000000000182,11.100000000000364,0.6264044943820372,0.31179775280900374,2.7712415884889197,0.06083287429456525,-0.02849411342009959,False,True,True,-0.06083287429456525,2.7430093006614698,3.926492134712504,-6.674598790234523,-8.114744606978883,10.601090924947027,32.561130404216904,2,5,-1,4,1,4554.9,-0.01685393258428014,MGC_v2
single,MGC,2026-03-25 17:05:00+01:00,2026-03-25 17:54:00+01:00,Short,US,17,2,Canal Exit,10.75999999999818,1.0,7,4555.8,4554.6,4577.900000000001,22.100000000000364,0.4850959216822591,0.05429864253392753,12.5,4.800000000000182,0.5656108597284975,0.21719457013575127,0.7258556572360249,0.015932561948198448,0.013971167508320633,True,False,True,0.015932561948198448,-2.0978336905609467,-1.515932828699908,5.38358013266594,-10.501111862400528,-6.899512961365848,15.16395183289711,4,2,1,3,1,4551.4,0.1990950226244558,MGC_v2
single,MGC,2026-03-25 18:57:00+01:00,2026-03-25 19:25:00+01:00,Short,US,18,2,Canal Exit,-69.24000000000181,1.0,4,4546.2,4553.0,4566.900000000001,20.700000000000728,0.455325326646446,-0.32850241545893444,3.5,20.600000000000364,0.1690821256038588,0.9951690821255864,0.9381117175926192,0.02063507363496149,0.0037815838951303585,True,False,True,0.02063507363496149,-1.1239225433027968,-18.731326091169862,-6.335883240907373,-10.928163378722497,-12.395442850262489,-12.007364698483443,1,3,1,2,-1,4542.3,0.18840579710142508,MGC_v2
single,MGC,2026-03-26 11:22:00+01:00,2026-03-26 13:00:00+01:00,Long,UK,11,3,Stop Loss,-292.24000000000365,1.0,14,4443.400000000001,4414.3,4414.3,29.100000000000364,0.6549039024170761,-1.0,9.99999999999909,30.200000000000728,0.34364261168381327,1.0378006872852354,6.919398841968359,0.15572306886547146,-0.041451479788054836,True,False,True,0.15572306886547146,0.0441611853430004,31.876253490708763,21.639401608783132,-12.078469060600524,10.236851881925631,-35.50467440794124,0,2,-1,1,1,4440.5,-0.09965635738833366,MGC_v2
single,MGC,2026-03-26 14:17:00+01:00,2026-03-26 14:38:00+01:00,Long,UK,14,3,Canal Exit,33.76,1.0,3,4447.1,4450.6,4413.1,34.0,0.7645431854466955,0.10294117647058823,4.199999999999818,21.200000000000728,0.12352941176470053,0.6235294117647273,1.5725982982239657,0.03536233271624127,-0.016326559421884893,False,True,True,-0.03536233271624127,1.3668418503966677,25.906835043175665,17.810127960981784,-7.7531036759297685,8.09670708219388,27.38604199470467,0,2,-1,2,-1,4439.5,-0.22352941176471658,MGC_v2
single,MGC,2026-03-26 16:23:00+01:00,2026-03-26 20:56:00+01:00,Short,US,16,3,Auto-Close (profit),896.7599999999927,1.0,39,4451.2,4361.400000000001,4477.1,25.900000000000546,0.5818655643422121,3.467181467181366,95.5,4.199999999999818,3.6872586872586095,0.16216216216215174,1.7899118325767631,0.0402118941538633,0.025145593732783512,False,True,True,-0.0402118941538633,-0.39785090298755676,-14.688022409121709,-14.584334602078613,-8.28768688092458,-0.10368780704309621,-31.66279159692405,0,5,1,2,1,4386.6,2.4942084942084204,MGC_v2
single,MGC,2026-03-27 00:10:00+01:00,2026-03-27 01:41:00+01:00,Short,Asia,0,4,Canal Exit,90.75999999999819,1.0,13,4389.6,4380.400000000001,4410.1,20.5,0.46701293967559687,0.4487804878048692,12.5,16.399999999999636,0.6097560975609756,0.7999999999999823,5.80312278026031,0.13220163067842877,0.05126600866284919,True,False,True,0.13220163067842877,-1.0409586440055136,-26.721146464720512,-20.41510796644889,4.475141921167161,-6.306038498271622,-25.96697011828961,0,2,1,1,-1,4375.8,0.673170731707326,MGC_v2
single,MGC,2026-03-27 11:29:00+01:00,2026-03-27 13:49:00+01:00,Short,UK,11,4,Stop Loss,-145.24000000000547,1.0,20,4419.0,4433.400000000001,4433.400000000001,14.400000000000546,0.3258655804480775,-1.0,20.0,20.300000000000182,1.3888888888888362,1.4097222222221815,2.541106213999228,0.05750410079201693,-0.018969306316835192,True,True,False,0.05750410079201693,-0.5501833848065871,-20.172216347857383,-16.779334514614185,-21.04130850086551,-3.392881833243198,37.28492322718374,0,4,1,1,-1,4431.5,-0.8680555555555226,MGC_v2
single,MGC,2026-03-27 14:24:00+01:00,2026-03-27 14:59:00+01:00,Short,US,14,4,Stop Loss,-236.24,1.0,5,4415.900000000001,4439.400000000001,4439.400000000001,23.5,0.5321678480038043,-1.0,7.700000000000728,42.79999999999927,0.32765957446811605,1.82127659574465,10.834470361312924,0.24535135218897447,0.047954850557701975,True,False,True,0.24535135218897447,-0.11224398692047544,-26.78369196751715,-21.550542430848207,-2.676193209931198,-5.233149536668943,15.511598853111833,0,2,1,3,-1,4448.7,-1.3957446808510328,MGC_v2
single,MGC,2026-03-27 15:06:00+01:00,2026-03-27 20:35:00+01:00,Long,US,15,4,Canal Exit,512.7600000000054,1.0,47,4451.7,4503.1,4408.1,43.599999999999454,0.9794011276590843,1.1788990825688346,100.80000000000018,11.300000000000182,2.3119266055046204,0.25917431192661294,2.746775974501361,0.06170173134985199,-0.007029794185822394,True,True,False,0.06170173134985199,2.5387092697819753,27.87538097741833,21.693489915265214,4.867078770358309,6.181891062153117,6.651144702399471,0,2,-1,2,1,4517.0,1.4977064220183716,MGC_v2
single,MGC,2026-03-30 00:14:00+02:00,2026-03-30 00:28:00+02:00,Long,Asia,0,0,Canal Exit,15.75999999999818,1.0,2,4531.5,4533.2,4487.0,44.5,0.9820147853911508,0.03820224719100715,7.5,19.300000000000182,0.16853932584269662,0.4337078651685434,2.344056122301481,0.051728039772734886,-0.04179814020527957,False,True,True,-0.051728039772734886,2.810746086922336,21.816016103020452,11.592640295874727,11.37873111767486,10.223375807145725,33.88527406796176,0,2,-1,6,1,4509.8,-0.4876404494381982,MGC_v2
single,MGC,2026-03-30 01:24:00+02:00,2026-03-30 05:15:00+02:00,Short,Asia,1,0,Stop Loss,-400.24000000000547,1.0,33,4499.2,4539.1,4539.1,39.900000000000546,0.8868243243243364,-1.0,53.80000000000018,43.5,1.3483709273182818,1.0902255639097596,4.665209012471678,0.10368974512072543,0.01522607444714393,False,True,True,-0.10368974512072543,-3.9274793102013064,-19.41703560271416,-17.72533213020506,11.232631320976461,-1.6917034725091007,40.35326356680887,1,4,1,1,-1,4538.2,-0.977443609022543,MGC_v2
single,MGC,2026-03-30 17:37:00+02:00,2026-03-30 19:01:00+02:00,Long,US,17,0,Canal Exit,-191.24,1.0,12,4582.3,4563.3,4542.0,40.30000000000018,0.8794710080090824,-0.4714640198511145,5.0,21.300000000000182,0.12406947890818802,0.5285359801488855,9.433571177924023,0.2058697854336037,-0.04634279058612714,True,True,False,0.2058697854336037,13.253494878885249,20.0661011971902,7.884678420484505,-2.0615323277773285,12.181422776705695,-5.145120115405696,5,3,-1,3,1,4558.0,-0.6029776674937983,MGC_v2
single,MGC,2026-03-30 19:08:00+02:00,2026-03-30 19:43:00+02:00,Short,US,19,0,Canal Exit,46.76000000000182,1.0,5,4551.900000000001,4547.1,4587.400000000001,35.5,0.7798941101518047,0.13521126760563892,7.600000000000364,13.599999999999454,0.21408450704226376,0.3830985915492804,0.7048431538805744,0.01548459223358541,0.026818616364940154,False,False,False,-0.01548459223358541,-8.459438692852927,-26.823431326293647,-15.984275720849542,-13.092734363648688,-10.839155605444105,-25.711016678712394,3,2,1,2,1,4550.8,0.030985915492967996,MGC_v2
single,MGC,2026-03-31 00:14:00+02:00,2026-03-31 01:59:00+02:00,Short,Asia,0,1,Stop Loss,-182.24000000000365,1.0,15,4535.0,4553.1,4553.1,18.100000000000364,0.3991179713340764,-1.0,14.800000000000182,21.5,0.8176795580110433,1.1878453038673795,8.13295339848446,0.1793374509037367,0.008785140404891074,True,True,False,0.1793374509037367,-1.5796132202931403,-3.3100384922304364,11.125339579791786,-12.390249226871719,-14.435378072022223,16.378350371794465,1,2,1,4,1,4539.8,-0.26519337016575056,MGC_v2
single,MGC,2026-03-31 02:20:00+02:00,2026-03-31 02:34:00+02:00,Short,Asia,2,1,Stop Loss,-258.2399999999982,1.0,2,4530.900000000001,4556.6,4556.6,25.699999999999818,0.5672162263567904,-1.0,20.900000000000546,29.099999999999454,0.8132295719844628,1.1322957198443449,4.2438679069928185,0.09366500931366435,0.0231810054979289,True,True,False,0.09366500931366435,-1.1313531511341353,-15.778578561982538,-12.583013138366931,0.8742224474502637,-3.195565423615607,5.452319719727241,0,1,1,4,-1,4563.1,-1.252918287937745,MGC_v2
single,MGC,2026-03-31 10:02:00+02:00,2026-03-31 12:36:00+02:00,Long,UK,10,1,Stop Loss,-286.24,1.0,22,4600.5,4572.0,4572.0,28.5,0.6194978806651451,-1.0,5.0,41.5,0.17543859649122806,1.456140350877193,2.7385881263435294,0.059528054045071825,-0.02180882052997842,True,False,True,0.059528054045071825,1.9611690973142686,33.34220336007963,31.900074192105507,3.883474224878795,1.442129167974123,-16.28699463470442,0,1,-1,2,1,4578.0,-0.7894736842105263,MGC_v2
single,MGC,2026-03-31 13:18:00+02:00,2026-03-31 13:39:00+02:00,Long,UK,13,1,Canal Exit,156.75999999999271,1.0,3,4606.400000000001,4622.2,4558.900000000001,47.5,1.0311740187565126,0.3326315789473531,17.49999999999909,13.600000000000364,0.3684210526315598,0.28631578947369185,3.859145376174638,0.08377790413717083,-0.05598661174841138,False,True,True,-0.08377790413717083,3.564706853368989,34.33609493148589,26.47066139568259,7.004002312027207,7.865433535803298,41.14129834593908,0,3,-1,8,1,4614.9,0.17894736842103348,MGC_v2
single,MGC,2026-03-31 14:49:00+02:00,2026-03-31 15:03:00+02:00,Short,UK,14,1,Canal Exit,-90.23999999999636,1.0,2,4602.6,4611.5,4628.5,25.899999999999636,0.5627254160691704,-0.3436293436293344,5.300000000000182,9.0,0.20463320463321452,0.34749034749035235,4.43775183638536,0.09641836866956414,0.04935958034600988,True,False,True,0.09641836866956414,-0.5122263505254523,-22.532034512945216,-19.15354386995187,5.504634739867282,-3.378490642993345,-21.84465531238411,0,2,1,4,-1,4607.3,-0.181467181467177,MGC_v2
single,MGC,2026-03-31 18:26:00+02:00,2026-03-31 19:50:00+02:00,Long,US,18,1,Canal Exit,357.75999999999635,1.0,12,4649.3,4685.2,4637.0,12.300000000000182,0.26455595465984516,2.9186991869917973,49.30000000000018,4.100000000000364,4.008130081300768,0.33333333333335796,9.761764524590035,0.2099620270705275,0.005234091021545628,False,True,True,-0.2099620270705275,1.5323837696851115,11.795733687906509,2.3608803366409905,10.222143483055858,9.434853351265518,27.957127854864417,1,3,-1,3,1,4698.2,3.9756097560974726,MGC_v2
single,MGC,2026-04-01 00:35:00+02:00,2026-04-01 01:52:00+02:00,Long,Asia,0,2,Canal Exit,82.75999999999637,1.0,11,4719.1,4727.5,4688.3,30.800000000000182,0.6526668220635329,0.27272727272725933,9.699999999999818,30.0,0.3149350649350572,0.9740259740259682,8.761743984872737,0.18566557150458216,-0.026228998161679222,False,True,True,-0.18566557150458216,5.274177423750189,8.532650056549196,-1.9803863420451364,11.791493357429394,10.513036398594332,37.86239650086727,2,1,-1,1,1,4730.8,0.3798701298701217,MGC_v2
single,MGC,2026-04-01 05:08:00+02:00,2026-04-01 05:57:00+02:00,Long,Asia,5,2,Stop Loss,-226.47999999999635,2.0,7,4715.7,4704.5,4704.5,11.199999999999818,0.23750450622388655,-1.0,4.699999999999818,12.899999999999636,0.4196428571428477,1.1517857142857004,9.848285635562206,0.20884037652018167,-0.04536308796641661,False,True,True,-0.20884037652018167,1.110190621381662,20.001257348846767,13.867842822211202,9.215031707450065,6.1334145266355655,-44.596299793000995,0,2,-1,3,1,4698.7,-1.5178571428571674,MGC_v2
single,MGC,2026-04-01 10:16:00+02:00,2026-04-01 13:53:00+02:00,Long,UK,10,2,Canal Exit,228.76,1.0,31,4757.5,4780.5,4735.5,22.0,0.46242774566473993,1.0454545454545454,33.80000000000018,17.300000000000182,1.5363636363636446,0.7863636363636446,5.788552797373995,0.12167215548868093,0.04254774530095673,False,True,True,-0.12167215548868093,0.01438339768901642,5.517286961764723,-7.294613653613889,5.10157066228561,12.811900615378612,30.540083160986697,0,3,-1,5,1,4773.0,0.7045454545454546,MGC_v2
single,MGC,2026-04-01 21:14:00+02:00,2026-04-01 21:56:00+02:00,Long,US,21,2,Auto-Close (profit),39.760000000003636,1.0,6,4787.8,4791.900000000001,4768.3,19.5,0.4072851831739003,0.2102564102564289,16.699999999999818,4.600000000000364,0.856410256410247,0.23589743589745454,13.117149303774568,0.2739702849696012,-0.06320116957971543,False,True,True,-0.2739702849696012,0.16363098534384335,19.976972884146342,16.48283360886667,5.738939297473796,3.4941392752796716,0.30375293492904376,0,4,-1,2,1,4795.5,0.39487179487178553,MGC_v2
single,MGC,2026-04-02 02:48:00+02:00,2026-04-02 08:52:00+02:00,Short,Asia,2,3,Canal Exit,3833.5200000000036,2.0,52,4813.8,4622.0,4824.5,10.699999999999818,0.22227761851343675,17.925233644860135,233.5,2.399999999999636,21.82242990654243,0.22429906542053057,2.4892806826646847,0.0517113441078708,0.03304221357797079,False,False,False,-0.0517113441078708,-1.4266185373435292,-0.43751277917330444,4.028125660610348,6.998561173368516,-4.465638439783652,23.473941784290822,3,6,1,2,1,4640.5,16.196261682243282,MGC_v2
single,MGC,2026-04-02 12:43:00+02:00,2026-04-02 13:39:00+02:00,Long,UK,12,3,Stop Loss,-258.2400000000073,1.0,8,4654.900000000001,4629.2,4629.2,25.700000000000728,0.5521063825216594,-1.0,2.7999999999992724,36.20000000000073,0.10894941634238106,1.408560311284035,5.4695391371242295,0.11750067965207048,-0.026105206146365068,False,False,False,-0.11750067965207048,0.4244599456424112,18.82069786010348,6.95290949274208,14.262955510789126,11.867788367361399,-29.351212587741617,0,2,-1,2,1,4626.4,-1.1089494163424165,MGC_v2
single,MGC,2026-04-02 13:46:00+02:00,2026-04-02 15:45:00+02:00,Short,UK,13,3,Stop Loss,-285.23999999999637,1.0,17,4629.400000000001,4657.8,4657.8,28.399999999999636,0.6134704281332275,-1.0,24.00000000000091,35.899999999999636,0.8450704225352541,1.2640845070422568,5.290476698492057,0.11427996497369111,0.003691540829900584,False,False,False,-0.11427996497369111,-4.050818031460949,-32.45061642944894,-30.900914508595157,-0.2242013688382206,-1.549701920853785,28.21872970768991,1,1,1,3,-1,4678.1,-1.7147887323943818,MGC_v2
single,MGC,2026-04-02 17:44:00+02:00,2026-04-02 18:05:00+02:00,Short,US,17,3,Canal Exit,48.76,1.0,3,4682.400000000001,4677.400000000001,4726.6,44.19999999999982,0.9439603622074111,0.11312217194570183,9.400000000000546,12.399999999999636,0.21266968325793179,0.28054298642533226,7.433519116326352,0.15875446600731144,0.09279146534962393,False,False,False,-0.15875446600731144,-7.947218022996822,-16.567355304357505,-13.043368249251275,9.018312879093292,-3.5239870551062307,-27.65460114146074,1,3,1,7,-1,4684.3,-0.04298642533935846,MGC_v2
single,MGC,2026-04-06 02:48:00+02:00,2026-04-06 07:14:00+02:00,Long,Asia,2,0,Canal Exit,538.76,1.0,38,4647.2,4701.2,4625.5,21.699999999999818,0.46694783955930064,2.488479262672832,57.19999999999982,5.599999999999454,2.6359447004608434,0.25806451612900927,5.855682165616599,0.1260045224138535,-0.04020592176473327,True,True,False,0.1260045224138535,0.30150546067307005,13.594469367907083,2.8356347951519494,-3.797906757759909,10.758834572755134,42.460028095229475,0,4,-1,7,1,4683.7,1.6820276497695994,MGC_v2
single,MGC,2026-04-06 12:01:00+02:00,2026-04-06 18:12:00+02:00,Short,UK,12,0,Canal Exit,279.76000000000363,1.0,53,4720.6,4692.5,4733.400000000001,12.800000000000182,0.27115197220692666,2.1953124999999973,43.5,3.5999999999994543,3.3984374999999516,0.28124999999995337,4.531367218545711,0.0959913404767553,0.05422628213132837,False,False,False,-0.0959913404767553,-1.6646894547402553,-27.266920290012308,-21.83054444629304,13.05039942362008,-5.436375843719269,23.64475860051722,0,2,1,8,1,4679.5,3.2109374999999827,MGC_v2
single,MGC,2026-04-06 20:25:00+02:00,2026-04-06 20:39:00+02:00,Long,US,20,0,Stop Loss,-132.24000000000365,1.0,2,4690.3,4677.2,4677.2,13.100000000000364,0.2792998315672849,-1.0,1.699999999999818,14.400000000000546,0.12977099236639472,1.0992366412213852,3.5706647605784383,0.07612870734448623,-0.016348966762403983,True,True,False,0.07612870734448623,0.8637740375152134,32.52176979705478,28.593762166228846,3.7227852645085044,3.9280076308259346,-14.298465610348492,0,1,-1,2,1,4685.0,-0.4045801526717584,MGC_v2
single,MGC,2026-04-06 20:46:00+02:00,2026-04-06 21:56:00+02:00,Short,US,20,0,Auto-Close (loss),-61.24,1.0,10,4676.6,4682.6,4694.2,17.599999999999454,0.37634178676815316,-0.3409090909091015,4.0,10.0,0.22727272727273432,0.5681818181818358,3.2712755135271436,0.06994986771430406,0.006934974313268099,True,False,True,0.06994986771430406,-1.9508608486403318,-34.545474244728446,-24.42196992753835,-0.615346934366413,-10.123504317190097,22.173686071552286,1,1,1,1,-1,4680.1,-0.19886363636364254,MGC_v2
single,MGC,2026-04-07 02:27:00+02:00,2026-04-07 02:55:00+02:00,Long,Asia,2,1,Stop Loss,-222.48,2.0,4,4686.6,4675.6,4675.6,11.0,0.2347117313190799,-1.0,3.0999999999994543,33.600000000000364,0.28181818181813223,3.0545454545454875,0.8250636459360976,0.01760473788964489,-0.0029707415046839277,False,True,True,-0.01760473788964489,0.3367311667789181,30.720237197099767,27.909130724564633,-4.610812277015583,2.8111064725351333,-1.726982609933307,0,1,-1,1,1,4685.8,-0.07272727272728927,MGC_v2
single,MGC,2026-04-07 13:46:00+02:00,2026-04-07 15:31:00+02:00,Long,UK,13,1,Canal Exit,-84.24000000000181,1.0,15,4683.3,4675.0,4653.8,29.5,0.6298977216919693,-0.281355932203396,13.199999999999818,14.100000000000364,0.4474576271186379,0.4779661016949276,12.060525502096425,0.2575219503789299,-0.07500118603918579,False,True,True,-0.2575219503789299,2.0212934511764615,31.4517680862264,29.551182794501415,-3.0311004165862023,1.9005852917249868,4.179214411547759,0,1,-1,3,1,4672.1,-0.3796610169491464,MGC_v2
single,MGC,2026-04-07 21:21:00+02:00,2026-04-07 21:56:00+02:00,Long,US,21,1,Auto-Close (profit),122.75999999999637,1.0,5,4714.6,4727.0,4683.2,31.400000000000546,0.6660162049802856,0.39490445859870765,30.899999999999636,6.600000000000364,0.9840764331209905,0.2101910828025557,9.349305157298659,0.19830537388746994,-0.013087181430146687,False,True,True,-0.19830537388746994,2.175487711480855,19.35981259522292,9.209545371967403,13.308218903706623,10.150267223255517,19.181819932280952,1,2,-1,1,-1,4733.5,0.6019108280254557,MGC_v2
single,MGC,2026-04-08 03:58:00+02:00,2026-04-08 07:49:00+02:00,Long,Asia,3,2,Canal Exit,167.75999999999635,1.0,33,4845.900000000001,4862.8,4817.0,28.900000000000546,0.5963804453249251,0.5847750865051666,26.199999999999818,26.400000000000546,0.9065743944636444,0.913494809688583,31.45207283142372,0.6490450242766816,-0.05937843537451045,False,True,True,-0.6490450242766816,7.403179908918901,26.003959130310264,19.94085885885792,7.618397992959349,6.063100271452345,41.00348586252481,2,2,-1,5,1,4859.4,0.4671280276816206,MGC_v2
single,MGC,2026-04-08 14:21:00+02:00,2026-04-08 16:13:00+02:00,Short,UK,14,2,Canal Exit,44.760000000003636,1.0,16,4805.1,4800.5,4835.1,30.0,0.6243366423175376,0.15333333333334545,11.400000000000546,28.599999999999454,0.3800000000000182,0.9533333333333152,13.323753716034844,0.2772835886045003,0.03688689934758317,True,False,True,0.2772835886045003,-1.254916317920106,-9.189076264555808,2.7953421676809,-3.379572466151694,-11.984418432236708,5.39958993676066,0,2,1,4,1,4782.0,0.7700000000000121,MGC_v2
single,MGC,2026-04-08 19:15:00+02:00,2026-04-08 20:46:00+02:00,Short,US,19,2,Canal Exit,441.7600000000018,1.0,13,4778.8,4734.5,4791.7,12.899999999999636,0.26994224491503377,3.434108527131894,51.0,9.800000000000182,3.9534883720931346,0.7596899224806557,12.105132842078092,0.25330904917715935,0.015701737907541622,True,False,True,0.25330904917715935,-0.9563772912360946,-12.888498076713022,-2.4450679612713655,-15.614628430673775,-10.443430115441657,-36.03270399165416,0,4,1,1,-1,4730.1,3.775193798449705,MGC_v2
single,MGC,2026-04-09 05:01:00+02:00,2026-04-09 05:22:00+02:00,Short,Asia,5,3,Canal Exit,56.76000000000182,1.0,3,4740.1,4734.3,4756.8,16.699999999999818,0.35231324233665573,0.34730538922157156,12.100000000000364,3.0999999999994543,0.7245508982036225,0.1856287425149394,3.8792189265750494,0.08183833519493364,0.03392236829360572,True,False,True,0.08183833519493364,-1.0042621241500456,-33.072281204061994,-22.18936114967591,7.2397759445073016,-10.882920054386084,-39.964399995281994,0,3,1,8,-1,4741.1,-0.059880239520958736,MGC_v2
single,MGC,2026-04-09 07:56:00+02:00,2026-04-09 08:03:00+02:00,Short,Asia,7,3,Canal Exit,-36.48000000001455,2.0,1,4742.2,4743.900000000001,4750.1,7.900000000000546,0.16658934671672526,-0.21518987341779874,11.599999999999454,7.600000000000364,1.4683544303795764,0.9620253164556758,0.8440909733308217,0.01779956504008312,0.01201543542507232,True,False,True,0.01779956504008312,-0.2523836096197556,-10.773431157099395,-9.786453355890592,5.332805459201857,-0.9869778012088037,-3.8883669082560584,0,1,1,4,-1,4736.7,0.6962025316455215,MGC_v2
single,MGC,2026-04-09 09:55:00+02:00,2026-04-09 13:18:00+02:00,Long,UK,9,3,Canal Exit,194.76000000000363,1.0,29,4748.5,4768.1,4729.3,19.199999999999818,0.4043382120669647,1.020833333333362,22.899999999999636,7.699999999999818,1.1927083333333257,0.40104166666666097,3.8284753607476887,0.0806249417868314,-0.0009090651765823576,True,True,False,0.0806249417868314,2.7678325194219724,12.13470546546085,11.14584530329785,-4.938590991445696,0.9888601621630002,-16.44641306118345,3,1,-1,6,-1,4772.0,1.223958333333345,MGC_v2
single,MGC,2026-04-09 15:10:00+02:00,2026-04-09 16:06:00+02:00,Long,UK,15,3,Canal Exit,182.76000000000545,1.0,8,4781.7,4800.1,4759.6,22.099999999999454,0.4621787230482769,0.8325791855204072,21.0,7.899999999999636,0.9502262443439149,0.35746606334840864,5.750857197510413,0.1202680468768516,-0.006920742871949068,False,True,True,-0.1202680468768516,1.490344127505523,34.24203774976461,26.969047913378297,10.16601482921759,7.272989836386316,17.424957635143727,0,2,-1,1,-1,4787.1,0.24434389140274565,MGC_v2
single,MGC,2026-04-13 04:33:00+02:00,2026-04-13 06:18:00+02:00,Short,Asia,4,0,Canal Exit,34.760000000003636,1.0,15,4737.6,4734.0,4749.900000000001,12.300000000000182,0.2596251266464071,0.29268292682929353,8.5,9.699999999999818,0.6910569105690955,0.7886178861788353,4.1376687452466285,0.08733681073215611,0.08486449788040398,True,False,True,0.08733681073215611,-8.534012519470707,-8.167683408723894,0.8155676374612897,16.54862476415698,-8.983251046185185,-19.750053157128185,5,3,1,7,-1,4740.7,-0.25203252032515516,MGC_v2
single,MGC,2026-04-13 10:37:00+02:00,2026-04-13 14:21:00+02:00,Short,UK,10,0,Canal Exit,136.7600000000018,1.0,32,4745.8,4732.0,4762.6,16.800000000000182,0.3539972185932863,0.8214285714285734,20.300000000000182,8.5,1.208333333333331,0.5059523809523755,2.1529891412665165,0.04536620045654087,0.014826490231386744,False,False,False,-0.04536620045654087,-0.5404571982498965,-34.106420920222455,-28.381315412181237,12.449458571915144,-5.725105508041217,8.620644438135487,0,2,1,3,1,4743.7,0.1250000000000203,MGC_v2
single,MGC,2026-04-13 16:13:00+02:00,2026-04-13 16:55:00+02:00,Short,US,16,0,Canal Exit,51.75999999999272,1.0,6,4742.2,4736.900000000001,4768.5,26.300000000000182,0.5545949137531142,0.20152091254749946,10.399999999999636,9.800000000000182,0.3954372623573979,0.37262357414449104,2.444892512867227,0.05155608183685267,0.028797869901822953,True,False,True,0.05155608183685267,-1.1728228356960244,-30.24289324468817,-26.649087069836035,10.13001793857845,-3.5938061748521335,-6.945542813718822,0,2,1,3,1,4730.5,0.44486692015208124,MGC_v2
single,MGC,2026-04-13 18:05:00+02:00,2026-04-13 18:33:00+02:00,Long,US,18,0,Canal Exit,176.7600000000018,1.0,4,4740.7,4758.5,4722.400000000001,18.299999999999272,0.3860189423502705,0.9726775956284639,19.699999999999818,9.599999999999454,1.07650273224047,0.5245901639344173,1.0084591580089182,0.02127236817366461,-0.02785582638888824,False,True,True,-0.02127236817366461,2.4727165669200986,20.305019606006468,18.47747890406918,0.2274517432185128,1.8275407019372878,38.244203976691935,1,4,-1,6,1,4769.1,1.5519125683061024,MGC_v2
single,MGC,2026-04-13 19:57:00+02:00,2026-04-13 20:18:00+02:00,Short,US,19,0,Canal Exit,31.76000000000182,1.0,3,4755.3,4752.0,4774.1,18.800000000000182,0.3953483481589002,0.175531914893625,8.100000000000364,1.199999999999818,0.4308510638298024,0.06382978723403226,5.45720926375725,0.11476056744594977,0.0596010376793652,True,False,True,0.11476056744594977,-0.7582909098991877,-25.45724405661393,-17.221010206248422,2.186411983449235,-8.236233850365508,-30.738234899988264,0,3,1,6,-1,4756.1,-0.042553191489370965,MGC_v2
single,MGC,2026-04-14 14:14:00+02:00,2026-04-14 14:28:00+02:00,Short,UK,14,1,Canal Exit,-89.23999999999272,1.0,2,4788.900000000001,4797.7,4805.8,16.899999999999636,0.3528994132264118,-0.5207100591715658,4.600000000000364,9.599999999999454,0.2721893491124534,0.5680473372780864,0.017786377671654918,0.0003714084167899709,-0.003243287381878378,True,False,True,0.0003714084167899709,-0.246906010260318,-31.34254481517884,-27.603264780630994,-5.558094257197873,-3.7392800345478463,-14.529568983440857,0,2,1,3,-1,4787.2,0.10059171597637658,MGC_v2
single,MGC,2026-04-14 14:35:00+02:00,2026-04-14 14:49:00+02:00,Long,UK,14,1,Canal Exit,-108.24000000000727,1.0,2,4797.900000000001,4787.2,4773.0,24.900000000000546,0.5189770524604628,-0.4297188755020278,0.6999999999998181,14.00000000000091,0.028112449799188866,0.5622489959839599,1.4990252060943021,0.031243360763965528,-0.013367736609579592,False,False,False,-0.031243360763965528,0.05316952666180441,11.485071670269468,-1.5222486565855666,-7.501963130755761,13.007320326855034,9.555942185672018,0,2,-1,2,1,4798.9,0.04016064257024372,MGC_v2
single,MGC,2026-04-14 15:10:00+02:00,2026-04-14 21:56:00+02:00,Long,UK,15,1,Auto-Close (profit),621.7600000000018,1.0,58,4806.3,4868.6,4783.8,22.5,0.46813557206166906,2.768888888888897,64.09999999999945,7.600000000000364,2.848888888888865,0.33777777777779394,1.5500330764461978,0.032250027598073314,-0.007779755283030805,True,False,True,0.032250027598073314,1.3917899418156594,32.49721924540508,24.971320114894574,-7.730875278613939,7.525899130510503,17.629713608376704,0,2,-1,2,-1,4865.8,2.6444444444444444,MGC_v2
single,MGC,2026-04-15 02:13:00+02:00,2026-04-15 03:09:00+02:00,Short,Asia,2,2,Stop Loss,-119.24000000000181,1.0,8,4857.2,4869.0,4869.0,11.800000000000182,0.2429383183727288,-1.0,5.899999999999636,20.100000000000364,0.4999999999999615,1.7033898305084791,1.096363660715724,0.0225719274626477,0.0009272929327791222,False,False,False,-0.0225719274626477,-0.1902044963417211,-27.91897687570632,-26.07169627131356,0.5250203877973796,-1.8472806043927612,30.599229979998437,0,3,1,1,-1,4869.4,-1.0338983050847144,MGC_v2
single,MGC,2026-04-15 19:36:00+02:00,2026-04-15 21:56:00+02:00,Short,US,19,2,Auto-Close (loss),-35.24000000000546,1.0,20,4815.2,4818.6,4834.8,19.600000000000364,0.4070443595281684,-0.17346938775512666,3.199999999999818,11.100000000000364,0.16326530612243667,0.5663265306122529,0.34202794126940717,0.007103088994629655,-0.008357226690011292,True,True,False,0.007103088994629655,-1.3773012766259853,-15.600406255569334,-12.624479366498996,-4.36760620018267,-2.9759268890703385,-31.68796605083544,0,3,1,3,1,4817.8,-0.1326530612245059,MGC_v2
single,MGC,2026-04-16 10:02:00+02:00,2026-04-16 11:19:00+02:00,Short,UK,10,3,Canal Exit,-54.24000000000182,1.0,11,4831.3,4836.6,4853.0,21.699999999999818,0.4491544718812704,-0.24423963133641596,3.9000000000005457,8.099999999999454,0.1797235023041741,0.3732718894008996,0.30951650603310554,0.00640648492192796,0.0026322197515278346,True,False,True,0.00640648492192796,-0.620940580523893,-33.162906915260905,-22.88344474817992,-12.789864535842282,-10.279462167080986,26.52034856161964,0,2,1,3,1,4835.8,-0.20737327188940266,MGC_v2
single,MGC,2026-04-16 14:14:00+02:00,2026-04-16 15:10:00+02:00,Short,UK,14,3,Canal Exit,-114.48000000000728,2.0,8,4836.0,4841.6,4845.1,9.100000000000364,0.1881720430107602,-0.6153846153846307,3.199999999999818,8.800000000000182,0.3516483516483176,0.9670329670329484,4.292585444052747,0.08876313986874994,0.017157088324037183,True,False,True,0.08876313986874994,-0.2201797466368589,-5.309579058616344,4.433730827163048,-7.0823647831301875,-9.743309885779393,15.18762647538347,0,2,1,3,1,4841.6,-0.6153846153846307,MGC_v2
single,MGC,2026-04-16 18:33:00+02:00,2026-04-16 19:43:00+02:00,Short,US,18,3,Canal Exit,75.75999999999819,1.0,10,4817.1,4809.400000000001,4831.5,14.399999999999636,0.298935043906077,0.5347222222222231,15.200000000000728,1.2999999999992724,1.0555555555556329,0.09027777777772954,4.794776581355109,0.09953657971300384,0.01940826791601619,True,False,True,0.09953657971300384,-1.600896658855163,-33.717682094441045,-33.64650298781731,-4.84794026010078,-0.07117910662373816,-19.7492940049042,0,1,1,6,-1,4808.2,0.6180555555556091,MGC_v2
single,MGC,2026-04-17 17:58:00+02:00,2026-04-17 19:22:00+02:00,Long,US,17,4,Stop Loss,-124.23999999999272,1.0,12,4889.2,4876.900000000001,4876.900000000001,12.299999999999272,0.2515748997790901,-1.0,6.699999999999818,13.699999999999818,0.5447154471544889,1.1138211382114331,22.234684072182063,0.4547714160227044,-0.014630914228999507,False,False,False,-0.4547714160227044,1.4853319927669872,5.190547774222174,0.18328520076619137,14.106450750326337,5.007262573455982,-31.21781518976291,1,3,-1,1,1,4883.2,-0.48780487804880934,MGC_v2
single,MGC,2026-04-17 21:07:00+02:00,2026-04-17 21:56:00+02:00,Short,US,21,4,Auto-Close (profit),12.759999999996362,1.0,7,4876.8,4875.400000000001,4890.5,13.699999999999818,0.280921916010495,0.10218978102187261,3.699999999999818,5.800000000000182,0.2700729927007202,0.42335766423359555,0.8443210122441087,0.0173130128823021,-0.004839635222693773,False,False,False,-0.0173130128823021,-0.6223654721070488,-31.835851408133784,-31.77039070041937,-13.208942925577574,-0.06546070771441492,-10.551938551378168,0,1,1,3,1,4871.3,0.4014598540146039,MGC_v2
single,MGC,2026-04-20 11:54:00+02:00,2026-04-20 12:29:00+02:00,Long,UK,11,0,Canal Exit,107.52,2.0,5,4811.900000000001,4817.400000000001,4803.1,8.800000000000182,0.18287994347347578,0.6249999999999871,9.299999999999272,2.600000000000364,1.0568181818180773,0.29545454545458066,0.705274363846911,0.01465687906745591,-0.004857912404877996,False,True,True,-0.01465687906745591,0.9133768585743383,20.115523454067663,12.734398108479153,5.772141722351804,7.38112534558851,26.35779834308915,2,2,-1,5,1,4811.7,-0.02272727272735494,MGC_v2
single,MGC,2026-04-20 18:26:00+02:00,2026-04-20 19:08:00+02:00,Long,US,18,0,Canal Exit,137.52,2.0,6,4821.7,4828.7,4812.400000000001,9.299999999999272,0.1928780305701158,0.7526881720430696,9.199999999999818,4.099999999999454,0.9892473118280148,0.44086021505373924,6.317665499922441,0.13102568595977437,-0.03537091282955715,False,True,True,-0.13102568595977437,0.7100907312469644,5.647415036277553,-3.9928154177731936,-2.373454505739584,9.640230454050746,39.389370034806895,0,6,-1,5,1,4829.3,0.8172043010753719,MGC_v2
single,MGC,2026-04-20 21:28:00+02:00,2026-04-20 21:49:00+02:00,Short,US,21,0,Canal Exit,59.280000000010915,3.0,3,4834.900000000001,4832.8,4842.3,7.399999999999636,0.15305383772155856,0.2837837837838469,4.800000000000182,3.399999999999636,0.6486486486487051,0.4594594594594329,2.3687013208618737,0.048991733455953035,0.0197538683566649,True,False,True,0.048991733455953035,-0.18476723183812283,-11.29502208085772,1.2870577453831444,12.572122956389867,-12.582079826240864,-32.07057479797821,0,3,1,11,-1,4849.9,-2.0270270270270037,MGC_v2
single,MGC,2026-04-21 10:09:00+02:00,2026-04-21 10:37:00+02:00,Short,UK,10,1,Stop Loss,-152.23999999999455,1.0,4,4796.400000000001,4811.5,4811.5,15.099999999999454,0.31481944791926136,-1.0,3.0000000000009095,15.599999999999454,0.19867549668880913,1.0331125827814582,7.17783666453397,0.14965050172074826,0.00635731422751035,True,True,False,0.14965050172074826,-0.04247383988058573,-21.33826109777212,-9.07452223390382,-10.334823335112437,-12.263738863868298,31.924524696016803,0,1,1,1,-1,4808.4,-0.7947019867549354,MGC_v2
single,MGC,2026-04-21 12:50:00+02:00,2026-04-21 13:04:00+02:00,Long,UK,12,1,Stop Loss,-184.48000000000727,2.0,2,4808.6,4799.5,4799.5,9.100000000000364,0.18924427068170285,-1.0,1.0,14.100000000000364,0.1098901098901055,1.5494505494505275,0.6636305781048577,0.013800910412695122,-0.006161378109780737,False,True,True,-0.013800910412695122,0.414306134225626,33.847993197560115,28.036957212008556,8.689954609488206,5.811035985551559,13.703434148309766,0,1,-1,3,1,4808.7,0.010989010988950583,MGC_v2
single,MGC,2026-04-21 13:18:00+02:00,2026-04-21 13:25:00+02:00,Short,UK,13,1,Canal Exit,-162.48,2.0,1,4800.7,4808.7,4809.7,9.0,0.18747266023704875,-0.8888888888888888,2.5,8.0,0.2777777777777778,0.8888888888888888,0.05958628006010258,0.0012411998262774717,0.0038319641742008102,False,False,False,-0.0012411998262774717,-0.3111856959258148,-11.700479794132608,-6.261048763627705,8.893164685071776,-5.439431030504903,2.029645832013375,0,1,1,4,-1,4814.3,-1.5111111111111515,MGC_v2
single,MGC,2026-04-22 13:39:00+02:00,2026-04-22 14:14:00+02:00,Short,UK,13,2,Canal Exit,0.759999999998181,1.0,5,4767.5,4767.3,4779.900000000001,12.400000000000546,0.2600943890928274,0.016129032258049136,1.8999999999996362,8.800000000000182,0.15322580645157682,0.7096774193548221,2.7408387450177543,0.05749006282155751,0.007946871232427767,True,False,True,0.05749006282155751,-0.8711466699160155,-28.910860726100978,-18.578227980340575,-12.981064335218415,-10.332632745760403,-11.061916829409107,0,3,1,1,1,4772.6,-0.4112903225806564,MGC_v2
single,MGC,2026-04-22 16:41:00+02:00,2026-04-22 17:16:00+02:00,Short,US,16,2,Canal Exit,23.76,1.0,5,4752.6,4750.1,4779.6,27.0,0.5681100871102133,0.09259259259259259,4.900000000000546,5.899999999999636,0.1814814814815017,0.21851851851850504,1.6433483567798248,0.03457788067120786,-0.005367155808897239,False,False,False,-0.03457788067120786,-3.3804084996800157,-18.85119325515994,-18.31607641340588,-2.4612392115147834,-0.5351168417540606,-8.822622723153925,2,1,1,5,1,4749.0,0.13333333333334682,MGC_v2
single,MGC,2026-04-22 19:01:00+02:00,2026-04-22 21:56:00+02:00,Long,US,19,2,Auto-Close (profit),115.51999999999272,2.0,25,4753.1,4759.0,4742.1,11.0,0.2314279102059708,0.5363636363636033,17.0,5.0,1.5454545454545454,0.45454545454545453,3.6334439054353425,0.07644366635322931,-0.0178563763290326,True,False,True,0.07644366635322931,0.6358459396669787,18.646445003578666,16.24565931286447,-3.795158843772454,2.400785690714198,-18.251151983893443,0,3,-1,4,1,4757.0,0.35454545454542147,MGC_v2
single,MGC,2026-04-23 02:27:00+02:00,2026-04-23 02:41:00+02:00,Long,Asia,2,3,Canal Exit,36.75999999999272,1.0,2,4762.900000000001,4766.7,4710.0,52.900000000000546,1.1106678704150945,0.07183364839318021,6.399999999999636,12.00000000000091,0.1209829867674777,0.22684310018905077,0.10540876177947212,0.002213121454984822,-0.031428932764435355,True,True,False,0.002213121454984822,3.29247422635126,25.448161830944702,11.743823167925328,-13.041314666386489,13.704338663019374,40.940608327554656,0,2,-1,7,1,4748.1,-0.2797731568998115,MGC_v2
single,MGC,2026-04-23 03:58:00+02:00,2026-04-23 04:19:00+02:00,Short,Asia,3,3,Canal Exit,43.76,1.0,3,4736.6,4732.1,4771.5,34.899999999999636,0.7368154372334509,0.12893982808023058,15.600000000000364,5.199999999999818,0.4469914040114764,0.14899713467048345,7.0093297566781985,0.14798230284757416,0.006973300768236709,False,False,False,-0.14798230284757416,-8.386101046258773,-20.230425057234395,-12.77240874281249,-7.716352726841989,-7.458016314421906,-36.88501575626407,4,3,1,3,-1,4717.4,0.5501432664756712,MGC_v2
single,MGC,2026-04-23 08:24:00+02:00,2026-04-23 08:45:00+02:00,Short,Asia,8,3,Stop Loss,-186.7200000000109,3.0,3,4728.0,4734.1,4734.1,6.100000000000364,0.1290186125211583,-1.0,2.300000000000182,10.399999999999636,0.3770491803278762,1.704918032786724,7.745473719247457,0.1638213561600562,0.02129871016490521,True,True,False,0.1638213561600562,-0.7436150874000305,-10.398807695399402,-3.4756427723973164,-12.165444495909485,-6.923164923002085,14.449329628379193,2,2,1,2,-1,4729.0,-0.16393442622949841,MGC_v2
single,MGC,2026-04-23 12:57:00+02:00,2026-04-23 13:18:00+02:00,Long,UK,12,3,Canal Exit,16.76000000000182,1.0,3,4715.7,4717.5,4699.900000000001,15.799999999999272,0.3350509998515443,0.11392405063292815,4.0,6.5,0.253164556962037,0.4113924050633101,1.659057760170981,0.03518157983270736,-0.036178637980234046,False,True,True,-0.03518157983270736,0.3243925103906804,24.466749210349118,17.277343358225306,-11.854212960969813,7.189405852123812,30.84026906616019,0,3,-1,3,1,4722.5,0.43037974683547436,MGC_v2
single,MGC,2026-04-23 16:48:00+02:00,2026-04-23 17:51:00+02:00,Long,US,16,3,Stop Loss,-168.2399999999982,1.0,9,4752.5,4735.8,4735.8,16.699999999999818,0.3513940031562297,-1.0,5.800000000000182,19.300000000000182,0.34730538922157156,1.1556886227545144,9.21047560367515,0.1938027481046849,-0.015142149811254535,False,False,False,-0.1938027481046849,1.5923272463915055,16.057790176581054,14.186895403552183,14.650692815187355,1.870894773028871,-31.381376855415976,0,2,-1,2,1,4736.5,-0.9580838323353398,MGC_v2
single,MGC,2026-04-23 19:15:00+02:00,2026-04-23 19:36:00+02:00,Short,US,19,3,Canal Exit,293.76,1.0,3,4726.3,4696.8,4754.3,28.0,0.5924295960899647,1.0535714285714286,30.199999999999818,8.899999999999636,1.078571428571422,0.31785714285712985,0.5584660759832332,0.011816136850881941,0.012980554153002517,True,False,True,0.011816136850881941,-0.9039020549289489,-30.990944372647082,-22.389587993239864,-0.6899843365431705,-8.601356379407218,-34.04709394051931,0,2,1,1,1,4699.4,0.9607142857143052,MGC_v2
single,MGC,2026-04-23 21:07:00+02:00,2026-04-23 21:56:00+02:00,Short,US,21,3,Auto-Close (loss),-2.2399999999945432,1.0,7,4712.6,4712.7,4736.8,24.199999999999818,0.5135169545473798,-0.004132231404936159,7.100000000000364,6.699999999999818,0.29338842975208335,0.276859504132226,3.383817186077067,0.07180361554295012,-0.005906458987195003,True,False,True,0.07180361554295012,-1.428876779433267,-34.67247393660982,-34.21150848187533,-8.582279114104288,-0.4609654547344917,6.770061525723916,0,1,1,2,-1,4703.6,0.3719008264462838,MGC_v2
single,MGC,2026-04-24 17:30:00+02:00,2026-04-24 21:56:00+02:00,Short,US,17,4,Auto-Close (profit),27.759999999996364,1.0,38,4734.7,4731.8,4757.6,22.900000000000546,0.4836631676769499,0.12663755458513393,7.399999999999636,15.900000000000546,0.3231441048034699,0.6943231441048108,3.700426042856634,0.07815544898001213,0.032053240861795465,False,False,False,-0.07815544898001213,-0.23820785316092952,-16.013880473621505,-14.16100763915349,9.594292719514241,-1.8528728344680143,-40.44680594066458,0,2,1,3,1,4723.6,0.4847161572052048,MGC_v2
single,MGC,2026-04-27 08:52:00+02:00,2026-04-27 09:34:00+02:00,Long,Asia,8,0,Canal Exit,27.040000000007275,4.0,6,4729.2,4730.0,4723.900000000001,5.299999999999272,0.11206969466292974,0.15094339622647013,4.600000000000364,3.699999999999818,0.8679245283020746,0.6981132075472314,3.9070952689980913,0.08261641015389688,-0.024566926099218286,False,True,True,-0.08261641015389688,2.950087198226356,9.444627789110907,-1.7565567658807533,2.786417056166895,11.20118455499166,13.286671705585768,3,3,-1,4,1,4727.6,-0.30188679245276867,MGC_v2
single,MGC,2026-04-27 10:23:00+02:00,2026-04-27 11:47:00+02:00,Short,UK,10,0,Canal Exit,149.5200000000073,2.0,12,4725.6,4718.0,4733.900000000001,8.300000000000182,0.17563907228712083,0.9156626506024333,10.800000000000182,4.799999999999272,1.3012048192771017,0.5783132530119478,0.13648329953866778,0.002888168688392326,-0.0007306859690843758,True,False,True,0.002888168688392326,-1.2192017158986346,-16.21939172288004,-15.713178493582733,-5.699129942333685,-0.5062132292973072,-2.4560930053747443,1,2,1,1,1,4718.5,0.855421686747013,MGC_v2
single,MGC,2026-04-27 19:08:00+02:00,2026-04-27 19:29:00+02:00,Short,US,19,0,Stop Loss,-180.71999999998908,3.0,3,4688.3,4694.2,4694.2,5.899999999999636,0.12584518908772124,-1.0,5.699999999999818,12.699999999999818,0.966101694915283,2.1525423728814577,6.950582476600175,0.14825379085383136,-0.002675870974641131,True,True,False,0.14825379085383136,-0.12848897840194695,-17.819272232862296,-10.786753300585895,-4.923200441728331,-7.0325189322764015,18.887217327428267,0,2,1,3,-1,4697.9,-1.6271186440678045,MGC_v2
single,MGC,2026-04-27 20:53:00+02:00,2026-04-27 21:56:00+02:00,Short,US,20,0,Auto-Close (loss),-16.199999999990904,5.0,9,4695.8,4696.0,4700.5,4.699999999999818,0.10008944162868559,-0.04255319148932465,4.300000000000182,3.5999999999994543,0.9148936170213507,0.7659574468084241,3.495068678013922,0.07442967498645432,0.01603910665036178,True,False,True,0.07442967498645432,-1.6371128762539229,-9.114755780098173,-1.5763781031971016,0.3967687371218969,-7.538377676901072,1.6225270467416806,4,3,1,3,-1,4694.4,0.2978723404256596,MGC_v2
single,MGC,2026-04-27 22:59:00+02:00,2026-04-28 00:56:00+02:00,Long,Asia,22,0,Canal Exit,283.79999999996363,5.0,9,4697.900000000001,4703.7,4693.6,4.300000000000182,0.09153025820047642,1.3488372093020993,8.49999999999909,1.5000000000009095,1.9767441860462165,0.3488372093025223,0.10769878722567228,0.0022924878610798925,-0.004495292928901404,False,True,True,-0.0022924878610798925,1.3491630484068082,27.246867222763093,20.077218071980205,5.586962940053437,7.169649150782888,-9.09784382483896,2,3,-1,6,-1,4709.3,2.6511627906974775,MGC_v2
single,MGC,2026-04-28 09:55:00+02:00,2026-04-28 13:53:00+02:00,Short,UK,9,1,Canal Exit,615.7599999999982,1.0,34,4637.1,4575.400000000001,4652.7,15.599999999999454,0.3364171572750092,3.955128205128332,69.0,12.299999999999272,4.423076923077078,0.7884615384615195,7.644464468241495,0.16485442341639156,-0.011313673392154687,True,False,True,0.16485442341639156,-2.0449000021544634,-32.56548394587642,-30.45126171284685,-16.04364656032143,-2.1142222330295724,-43.89412379586453,1,1,1,5,-1,4592.2,2.878205128205264,MGC_v2
single,MGC,2026-04-28 14:49:00+02:00,2026-04-28 21:56:00+02:00,Long,UK,14,1,Auto-Close (loss),-12.240000000003638,1.0,61,4610.900000000001,4609.8,4567.400000000001,43.5,0.9434166865470948,-0.025287356321847445,4.899999999999636,41.70000000000073,0.11264367816091117,0.9586206896551891,8.742992323950602,0.1896157436498428,-0.038467780938931086,True,False,True,0.1896157436498428,3.5350247954156657,30.043151849758225,24.257734883661417,-16.938805986007758,5.785416966096808,-5.825047771456744,0,1,-1,2,1,4610.9,-2.0907924178688005e-14,MGC_v2
single,MGC,2026-04-29 01:59:00+02:00,2026-04-29 02:55:00+02:00,Long,Asia,1,2,Stop Loss,-190.23999999999637,1.0,8,4620.5,4601.6,4601.6,18.899999999999636,0.4090466399740209,-1.0,3.899999999999636,20.300000000000182,0.20634920634919107,1.0740740740741044,0.7514692534550704,0.016263808104211026,-0.014741585058022501,False,True,True,-0.016263808104211026,1.5661630321428675,33.93584439693211,20.710191233409986,-8.89930893671787,13.225653163522125,-26.79165005380557,0,2,-1,3,1,4596.9,-1.248677248677292,MGC_v2
single,MGC,2026-04-29 18:33:00+02:00,2026-04-29 19:29:00+02:00,Short,US,18,2,Canal Exit,58.76,1.0,8,4564.1,4558.1,4578.400000000001,14.300000000000182,0.31331478276111785,0.41958041958041425,7.400000000000546,4.399999999999636,0.517482517482549,0.30769230769227834,13.628996088818894,0.29861300341401137,0.05687500501584353,True,False,True,0.29861300341401137,-0.17506487412083516,-0.7153353725714666,8.566178227642109,-5.041796621726999,-9.281513600213575,7.685360839715868,0,4,1,4,1,4557.1,0.48951048951048326,MGC_v2
single,MGC,2026-04-30 00:56:00+02:00,2026-04-30 01:59:00+02:00,Long,Asia,0,3,Canal Exit,89.75999999999455,1.0,9,4563.900000000001,4573.0,4550.900000000001,13.0,0.2848441026315212,0.699999999999958,17.599999999999454,2.4000000000005457,1.353846153846112,0.1846153846154266,0.9856600316488766,0.021596880554983162,0.00678776817327183,True,True,False,0.021596880554983162,0.05187346371803869,18.181369516268624,18.181109225877336,3.17007504349545,0.00026029039128872,38.103599054483034,0,3,-1,4,1,4577.9,1.076923076923007,MGC_v2
single,MGC,2026-04-30 19:22:00+02:00,2026-04-30 21:56:00+02:00,Long,US,19,3,Auto-Close (loss),-22.23999999999454,1.0,22,4632.2,4630.1,4618.6,13.599999999999454,0.29359699494839286,-0.15441176470584841,8.600000000000364,4.599999999999454,0.6323529411765227,0.3382352941176205,4.806140797398257,0.10375503642757776,-0.007335296017317911,True,False,True,0.10375503642757776,0.6800756301963702,33.574051967247776,30.325714191954273,-4.9128803797099,3.2483377752935034,-7.599861968815075,0,1,-1,3,1,4629.8,-0.17647058823527445,MGC_v2
single,MGC,2026-05-01 01:52:00+02:00,2026-05-01 02:13:00+02:00,Short,Asia,1,4,Canal Exit,38.28000000001637,3.0,3,4639.900000000001,4638.5,4646.900000000001,7.0,0.1508653203732839,0.20000000000007795,7.100000000000364,5.299999999999272,1.0142857142857662,0.7571428571427532,0.33260810517276695,0.00716843262080577,0.017243647197840883,False,False,False,-0.00716843262080577,-0.6430754546572643,-8.946048031863615,2.372566386546877,-0.2788658640708957,-11.318614418410492,-23.397080910479126,0,3,1,3,-1,4632.5,1.057142857142935,MGC_v2
single,MGC,2026-05-01 20:53:00+02:00,2026-05-01 21:28:00+02:00,Long,US,20,4,Canal Exit,-128.48000000000363,2.0,5,4636.3,4630.0,4625.2,11.100000000000364,0.23941505079482267,-0.5675675675675653,3.300000000000182,7.699999999999818,0.2972972972973039,0.6936936936936545,8.356450891047643,0.1802396499589682,-0.03841313473677013,False,True,True,-0.1802396499589682,0.11530933502854168,23.573484465760977,16.769916196241347,-13.867334797080787,6.80356826951963,12.671816839600691,0,5,-1,4,1,4623.7,-1.1351351351351306,MGC_v2
single,MGC,2026-05-04 01:03:00+02:00,2026-05-04 02:27:00+02:00,Short,Asia,1,0,Canal Exit,61.76000000000182,1.0,12,4626.8,4620.5,4653.1,26.300000000000182,0.5684274228408442,0.2395437262357467,14.400000000000546,5.5,0.5475285171102832,0.20912547528516964,7.596285829682529,0.16418012081098227,0.02213302399978831,True,False,True,0.16418012081098227,-0.28104505963892734,-25.2243750789105,-12.59156664105951,-6.896025347998556,-12.632808437850992,-24.41726989782852,0,2,1,5,-1,4611.0,0.6007604562737671,MGC_v2
single,MGC,2026-05-04 11:54:00+02:00,2026-05-04 12:22:00+02:00,Short,UK,11,0,Canal Exit,639.5199999999891,2.0,4,4585.0,4552.900000000001,4595.7,10.699999999999818,0.23336968375135916,3.0,49.19999999999982,5.800000000000182,4.598130841121557,0.5420560747663814,5.910583538443461,0.1289113094535106,0.0035723642040019757,True,False,True,0.1289113094535106,-1.2036699391246657,-23.48364620200643,-15.728939290101014,-12.039854753095815,-7.754706911905416,-38.51871081966652,1,4,1,7,-1,4575.0,0.9345794392523523,MGC_v2
single,MGC,2026-05-04 17:02:00+02:00,2026-05-04 17:23:00+02:00,Short,US,17,0,Canal Exit,199.76000000000363,1.0,3,4568.1,4548.0,4594.8,26.699999999999818,0.5844880803835252,0.7528089887640637,43.5,9.899999999999636,1.6292134831460785,0.3707865168539215,4.309620847909173,0.09434164856087153,0.029890259916118277,True,False,True,0.09434164856087153,-0.09081872208935238,-31.987935369928678,-22.271568137237956,5.422580047340578,-9.716367232690722,-34.605499618172445,0,3,1,3,-1,4531.9,1.3558052434457293,MGC_v2
single,MGC,2026-05-04 19:08:00+02:00,2026-05-04 19:22:00+02:00,Long,US,19,0,Canal Exit,-1.24,1.0,2,4532.3,4532.3,4510.1,22.199999999999818,0.4898175319374229,0.0,9.399999999999636,1.0,0.4234234234234105,0.04504504504504541,0.9474221466443851,0.020903782773523047,-0.08210312601105177,False,True,True,-0.020903782773523047,1.118303061763072,18.308099476368895,8.53889792238629,-15.185497187425343,9.769201553982604,33.146441755965114,0,2,-1,5,1,4533.7,0.0630630630630472,MGC_v2
single,MGC,2026-05-05 00:42:00+02:00,2026-05-05 01:17:00+02:00,Short,Asia,0,1,Canal Exit,-52.48,2.0,5,4527.900000000001,4530.400000000001,4536.0,8.099999999999454,0.1788908765652831,-0.3086419753086628,3.100000000000364,3.199999999999818,0.38271604938278675,0.39506172839506587,2.1601439285332162,0.04770741245463054,0.007491000343374479,True,False,True,0.04770741245463054,-0.057848948591527005,-15.764424034682152,-14.60955497403583,-8.801581022785824,-1.1548690606463214,27.71463994186942,0,3,1,2,-1,4529.1,-0.14814814814813568,MGC_v2
single,MGC,2026-05-05 05:01:00+02:00,2026-05-05 07:28:00+02:00,Short,Asia,5,1,Stop Loss,-201.71999999998363,3.0,21,4549.6,4556.2,4556.2,6.599999999999454,0.14506769825917562,-1.0,12.700000000000728,7.0,1.9242424242426936,1.0606060606061483,1.8480643256643816,0.04062036938773478,0.02350097257523849,False,True,True,-0.04062036938773478,-0.3809458016212375,-14.900211142833626,-5.523921569897034,18.05358938843825,-9.376289572936592,18.496590362335024,0,2,1,3,-1,4553.7,-0.6212121212120899,MGC_v2
single,MGC,2026-05-05 09:55:00+02:00,2026-05-05 10:51:00+02:00,Short,UK,9,1,Stop Loss,-126.24,1.0,8,4555.900000000001,4568.400000000001,4568.400000000001,12.5,0.27436949889154716,-1.0,2.800000000000182,13.099999999999454,0.22400000000001455,1.0479999999999563,0.6117277204775746,0.013427154250040046,0.018571308452877182,False,False,False,-0.013427154250040046,-0.4273729925871521,-33.70130327637611,-30.963895810163603,3.807101412081797,-2.737407466212506,19.55109005987727,0,1,1,3,-1,4565.5,-0.7679999999999564,MGC_v2
single,MGC,2026-05-06 00:56:00+02:00,2026-05-06 01:17:00+02:00,Long,Asia,0,2,Canal Exit,124.76000000000364,1.0,3,4583.0,4595.6,4555.8,27.199999999999818,0.5934977089242814,0.4632352941176635,18.199999999999818,6.199999999999818,0.6691176470588213,0.22794117647058307,0.6960709354079881,0.015188106816670046,-0.02795239195574881,True,True,False,0.015188106816670046,2.8544021366669767,29.19543667446913,20.593379064792813,-8.247289196051321,8.602057609676315,40.871974844528324,0,3,-1,4,1,4602.7,0.7242647058823511,MGC_v2
single,MGC,2026-05-06 15:31:00+02:00,2026-05-06 16:13:00+02:00,Long,US,15,2,Canal Exit,172.76000000000545,1.0,6,4707.0,4724.400000000001,4679.2,27.800000000000182,0.5906097301890839,0.6258992805755551,21.800000000000182,13.5,0.784172661870505,0.4856115107913637,0.8867469105589407,0.01883889761119483,-0.04633146045563338,False,True,True,-0.01883889761119483,6.100722642246183,20.496023050829645,13.620630113672483,-3.1069616889302076,6.875392937157162,37.76479504958884,2,6,-1,9,1,4710.6,0.12949640287771008,MGC_v2
single,MGC,2026-05-07 10:16:00+02:00,2026-05-07 15:31:00+02:00,Short,UK,10,3,Stop Loss,-153.2399999999982,1.0,45,4748.5,4763.7,4763.7,15.199999999999818,0.3201010845530129,-1.0,16.600000000000364,19.899999999999636,1.0921052631579318,1.3092105263157812,3.018881052830693,0.06357546704918803,0.052182408382526566,False,False,False,-0.06357546704918803,-1.9327091965615182,-8.562997885287908,0.41205653104442863,14.466089675340529,-8.975054416332338,19.13957653507117,1,3,1,2,-1,4748.6,-0.006578947368445065,MGC_v2
single,MGC,2026-05-07 15:38:00+02:00,2026-05-07 15:45:00+02:00,Long,US,15,3,Canal Exit,-98.23999999999818,1.0,1,4758.3,4748.6,4740.6,17.699999999999818,0.37198159006367437,-0.5480225988700519,6.699999999999818,9.699999999999818,0.3785310734463213,0.5480225988700519,0.670054617434289,0.01408180689393878,0.005225994746467914,False,False,False,-0.01408180689393878,0.18235955598265718,24.610423865330844,21.875000200201185,5.3698870459879835,2.735423665129659,4.456823648311207,1,1,-1,3,1,4761.8,0.19774011299435232,MGC_v2
single,MGC,2026-05-07 17:30:00+02:00,2026-05-07 21:56:00+02:00,Short,US,17,3,Auto-Close (profit),410.7599999999982,1.0,38,4754.0,4712.8,4775.400000000001,21.400000000000546,0.45014724442575826,1.9252336448597556,57.100000000000364,3.199999999999818,2.6682242990653697,0.14953271028036152,2.1922135960066953,0.046113033151171545,0.026788737342640315,False,True,True,-0.046113033151171545,-0.9105572566359115,-34.47503133280275,-32.96738976631326,7.031413418167877,-1.5076415664894895,24.33762019046361,0,1,1,1,-1,4721.4,1.5233644859812865,MGC_v2
single,MGC,2026-05-08 05:29:00+02:00,2026-05-08 08:24:00+02:00,Long,Asia,5,4,Canal Exit,20.759999999998183,1.0,25,4737.0,4739.2,4715.0,22.0,0.46442896347899515,0.09999999999999173,6.600000000000364,20.100000000000364,0.30000000000001653,0.9136363636363801,5.087999392701022,0.1074097401879042,-0.0028572413446825776,False,True,True,-0.1074097401879042,0.9868559279721012,32.07706880029506,30.746914025967612,15.494865079560817,1.3301547743274469,17.020299576041985,0,1,-1,2,-1,4737.6,0.02727272727274381,MGC_v2
single,MGC,2026-05-08 16:55:00+02:00,2026-05-08 21:56:00+02:00,Short,US,16,4,Auto-Close (loss),-68.23999999999818,1.0,43,4727.0,4733.7,4760.2,33.19999999999982,0.7023482123968652,-0.20180722891565828,15.899999999999636,11.5,0.4789156626505941,0.3463855421686766,12.91482083786832,0.273213895448875,0.0030760610527278786,False,False,False,-0.273213895448875,-8.180502970541966,-14.607469996532831,-13.641427522441735,15.10785328901163,-0.9660424740910969,3.0267179154272816,4,1,1,5,1,4727.4,-0.012048192771073446,MGC_v2
single,MGC,2026-05-11 01:24:00+02:00,2026-05-11 01:45:00+02:00,Long,Asia,1,0,Canal Exit,13.520000000003638,2.0,3,4705.1,4705.900000000001,4696.8,8.300000000000182,0.17640432721940408,0.09638554216869451,2.199999999999818,2.4000000000005457,0.2650602409638277,0.2891566265060835,0.5449214603613655,0.011581506458127678,-0.04277662164379528,True,True,False,0.011581506458127678,0.822400564597956,24.057359353390538,20.322511968242882,-5.648228775620162,3.7348473851476562,34.09769333358935,0,3,-1,5,1,4693.2,-1.4337349397590704,MGC_v2
single,MGC,2026-05-11 03:58:00+02:00,2026-05-11 05:36:00+02:00,Short,Asia,3,0,Canal Exit,54.760000000003636,1.0,14,4697.6,4692.0,4714.5,16.899999999999636,0.3597581743869132,0.3313609467455908,14.700000000000728,11.399999999999636,0.8698224852071623,0.6745562130177445,5.389660774104414,0.11473222015719545,0.01928397800455521,True,False,True,0.11473222015719545,-2.720418162518399,-32.573930712608735,-31.803825089268727,0.3636449756224624,-0.7701056233400081,11.264447439130116,3,1,1,4,1,4684.7,0.7633136094675044,MGC_v2
single,MGC,2026-05-11 09:55:00+02:00,2026-05-11 11:19:00+02:00,Short,UK,9,0,Canal Exit,78.76,1.0,12,4675.400000000001,4667.400000000001,4688.8,13.399999999999636,0.2866064935620403,0.5970149253731505,8.400000000000546,12.199999999999818,0.6268656716418488,0.910447761194041,3.2806054730081087,0.07016737547606854,0.018129568464746688,True,False,True,0.07016737547606854,-2.2974255968065336,-29.711903402762328,-28.53547341876744,-7.617887654738392,-1.1764299839948862,-31.612509291925992,1,2,1,2,1,4667.7,0.5746268656717117,MGC_v2
single,MGC,2026-05-11 12:29:00+02:00,2026-05-11 12:36:00+02:00,Long,UK,12,0,Canal Exit,-96.47999999999637,2.0,1,4674.6,4669.900000000001,4664.3,10.300000000000182,0.22033970821033205,-0.45631067961162475,0.6999999999998181,5.900000000000546,0.06796116504852483,0.5728155339806253,0.6187028598378674,0.013235418214133132,-0.019658278346241446,False,True,True,-0.013235418214133132,0.6152994008843962,34.74909805358885,30.934264642672144,0.025570261880089856,3.814833410916709,21.214261096594214,0,1,-1,3,1,4679.3,0.45631067961162475,MGC_v2
single,MGC,2026-05-11 21:21:00+02:00,2026-05-11 21:42:00+02:00,Short,US,21,0,Stop Loss,-216.9599999999709,4.0,3,4733.400000000001,4738.7,4738.7,5.299999999999272,0.11197025394006996,-1.0,1.800000000000182,6.4999999999990905,0.33962264150951493,1.2264150943396195,2.6904652910689038,0.05684001544490015,0.011165966397077143,True,True,False,0.05684001544490015,-0.1809809610786033,-27.901487394977806,-26.17829476171675,-3.388608409458898,-1.723192633261057,24.040665073049414,0,1,1,3,-1,4744.6,-2.113207547170067,MGC_v2
single,MGC,2026-05-12 15:10:00+02:00,2026-05-12 15:52:00+02:00,Short,UK,15,1,Canal Exit,6.760000000001819,1.0,6,4688.400000000001,4687.6,4719.8,31.399999999999636,0.6697380769558833,0.025477707006375513,2.9000000000005457,21.099999999999454,0.09235668789810762,0.671974522292984,0.28042385093067423,0.0059812270909195935,0.019160925070071798,True,False,True,0.0059812270909195935,-3.697892221544862,-16.87482443471844,-3.0407756494446563,4.912693496573914,-13.834048785273785,-4.398655026478155,0,2,1,2,1,4698.4,-0.31847133757959256,MGC_v2
single,MGC,2026-05-13 11:54:00+02:00,2026-05-13 12:08:00+02:00,Long,UK,11,2,Canal Exit,18.76,1.0,2,4707.8,4709.8,4692.3,15.5,0.3292408343599983,0.12903225806451613,10.5,3.4000000000005457,0.6774193548387096,0.21935483870971262,2.514646836389147,0.05341447887312858,-0.02920363287816412,False,True,True,-0.05341447887312858,0.3561535233657196,34.47318802915069,26.151603128970105,-4.619722577358733,8.321584900180586,35.87183464516144,0,2,-1,6,1,4702.9,-0.31612903225809974,MGC_v2
single,MGC,2026-05-13 14:00:00+02:00,2026-05-13 14:35:00+02:00,Short,UK,14,2,Canal Exit,542.2799999999945,3.0,5,4707.6,4689.400000000001,4714.0,6.399999999999636,0.13595037811198138,2.8437500000001332,25.300000000000182,1.8999999999996362,3.953125000000253,0.29687499999996003,3.7832831685227575,0.08036543394771767,0.013226391073051588,True,False,True,0.08036543394771767,-0.1792837118064199,-15.095817882620382,-8.317515997863733,1.4000497131619198,-6.778301884756649,-32.46371148071,0,5,1,7,-1,4695.7,1.859375000000191,MGC_v2
single,MGC,2026-05-13 16:27:00+02:00,2026-05-13 17:02:00+02:00,Long,US,16,2,Canal Exit,0.759999999998181,1.0,5,4694.8,4695.0,4676.0,18.800000000000182,0.4004430433671335,0.010638297872330647,3.5999999999994543,10.5,0.1914893617020968,0.558510638297867,0.8239328982654115,0.01754990411232452,-0.029815549654390427,False,True,True,-0.01754990411232452,0.3338437273650925,24.178241321433422,17.897731569614063,-8.606316396016373,6.280509751819359,1.4711574767624427,0,3,-1,6,-1,4704.9,0.5372340425531572,MGC_v2
single,MGC,2026-05-13 21:14:00+02:00,2026-05-13 21:56:00+02:00,Long,US,21,2,Auto-Close (loss),-4.4799999999890865,2.0,6,4696.2,4696.1,4685.3,10.899999999999636,0.23210255099867205,-0.009174311926555746,2.5,4.5,0.22935779816514526,0.4128440366972615,5.081770865892395,0.10821027353801786,-0.024283744917682763,False,True,True,-0.10821027353801786,0.7231197335322577,9.910887246194472,3.4751748785356638,-0.15737470969430944,6.435712367658808,-0.03238532482947121,0,2,-1,1,1,4696.8,0.05504587155966824,MGC_v2
single,MGC,2026-05-14 04:26:00+02:00,2026-05-14 04:47:00+02:00,Long,Asia,4,3,Stop Loss,-129.24000000000183,1.0,3,4702.900000000001,4690.1,4690.1,12.800000000000182,0.2721724893151073,-1.0,3.699999999999818,17.00000000000091,0.2890624999999817,1.3281250000000522,2.804095334948215,0.05962481309294722,-0.018482248437170376,False,True,True,-0.05962481309294722,0.3184425990584714,28.226944760726756,23.7198853537057,0.48537092751265004,4.507059407021057,-3.6393357679692286,0,2,-1,5,1,4698.0,-0.3828125000000372,MGC_v2
single,MGC,2026-05-14 05:01:00+02:00,2026-05-14 05:22:00+02:00,Short,Asia,5,3,Canal Exit,-88.23999999999818,1.0,3,4689.3,4698.0,4706.7,17.399999999999636,0.37105751391464903,-0.5,1.800000000000182,10.199999999999818,0.10344827586208158,0.586206896551726,0.7116845727559848,0.015176776336681057,-0.0001617542470192629,False,False,False,-0.015176776336681057,-0.9476383772225745,-25.249169127911912,-21.059153584599443,-1.214296806954323,-4.1900155433124695,-9.905572936845271,0,3,1,2,-1,4684.0,0.3045977011494421,MGC_v2
single,MGC,2026-05-14 10:44:00+02:00,2026-05-14 13:04:00+02:00,Short,UK,10,3,Canal Exit,-26.24,1.0,20,4701.2,4703.7,4725.900000000001,24.700000000000728,0.5253977707819435,-0.10121457489878244,6.599999999999454,10.600000000000364,0.26720647773276357,0.4291497975708523,1.4430995479924604,0.0306964083211193,0.00985661765439335,False,True,True,-0.0306964083211193,-0.8080537597807051,-10.249607112863279,2.3504603316002948,-0.1580804826300041,-12.600067444463573,10.750212434366501,0,3,1,2,-1,4700.0,0.048582995951408206,MGC_v2
single,MGC,2026-05-14 13:46:00+02:00,2026-05-14 14:14:00+02:00,Long,UK,13,3,Canal Exit,41.75999999999272,1.0,4,4708.900000000001,4713.2,4695.6,13.300000000000182,0.2824438828601198,0.3233082706766326,5.099999999999454,10.200000000000728,0.3834586466164951,0.766917293233127,0.5967326688078174,0.01267244300808718,-0.005618627276464848,False,True,True,-0.01267244300808718,0.08625943242441281,19.908041061043402,7.000015745714327,-5.816389453770736,12.908025315329075,16.906541685968964,0,2,-1,3,-1,4713.7,0.3609022556390381,MGC_v2
single,MGC,2026-05-14 15:17:00+02:00,2026-05-14 15:45:00+02:00,Short,UK,15,3,Canal Exit,102.75999999999637,1.0,4,4701.0,4690.6,4717.0,16.0,0.34035311635822163,0.6499999999999773,29.699999999999818,7.100000000000364,1.8562499999999886,0.44375000000002274,0.8057894206867786,0.01714080877870195,0.014830967570859369,True,False,True,0.01714080877870195,-0.8190753210956245,-19.36664545934193,-17.90119881570054,2.9472338241543654,-1.4654466436413927,-26.592591074237113,0,4,1,5,-1,4697.3,0.23124999999998863,MGC_v2
single,MGC,2026-05-14 17:23:00+02:00,2026-05-14 17:37:00+02:00,Long,US,17,3,Canal Exit,-37.24000000000364,1.0,2,4691.900000000001,4688.3,4671.2,20.700000000000728,0.44118587352673166,-0.17391304347827233,3.699999999999818,5.0000000000009095,0.17874396135264192,0.2415458937198422,0.011203715537703829,0.00023878845537423705,-0.020855941439049397,True,True,False,0.00023878845537423705,1.015750388406559,8.036883651365311,2.0383846876492315,-3.137561016546394,5.99849896371608,7.4389557613176365,5,2,-1,5,1,4687.2,-0.22705314009664554,MGC_v2
single,MGC,2026-05-14 17:58:00+02:00,2026-05-14 21:56:00+02:00,Short,US,17,3,Auto-Close (profit),509.51999999998907,2.0,34,4685.2,4659.6,4695.7,10.5,0.22410996328865365,2.438095238095186,27.199999999999818,8.199999999999818,2.5904761904761733,0.7809523809523636,1.767544368700328,0.037726124150523524,-0.0027780978472278783,True,False,True,0.037726124150523524,-0.8624194983658526,-21.418946817507706,-15.167056590045888,-3.8345860653814285,-6.251890227461818,-28.765013985931013,0,2,1,2,-1,4654.1,2.96190476190471,MGC_v2
