preset,entry_time,exit_time,side,size,entry_bar,exit_bar,bars_in_trade,entry_price,exit_price,pnl_real,status,last_leg_status,risk_pts,mfe_r,mae_r,first_fast_cross_bar,first_hw_after_fast_bar,first_contra_flip_bar,bars_fast_to_exit,bars_fast_to_hw,pnl_at_fast_cross,pnl_at_hw_cross,pnl_at_canal_flip,delta_hw_minus_fast,delta_flip_minus_real,canal_green_at_fast,canal_green_at_exit,gave_back_after_mfe,hour_of_entry,hour_of_exit
MGC_v3,2025-01-06 01:10:00+01:00,2025-01-06 01:52:00+01:00,Short,8.0,10,16,6,2652.3,2655.3,-249.92,Stop Loss,Stop Loss,3.0,0.4,-1.233,15.0,,,1.0,,-107.84,,,,,False,False,False,1,1
MGC_v3,2025-01-06 09:55:00+01:00,2025-01-06 12:36:00+01:00,Long,3.0,85,108,23,2643.9,2660.5,494.28,Canal Exit,Canal Exit,7.5,2.547,-0.307,107.0,108.0,99.0,1.0,1.0,511.56,490.56,-22.44,-21.0,-516.72,True,True,False,9,12
MGC_v3,2025-01-06 18:12:00+01:00,2025-01-06 18:54:00+01:00,Short,8.0,156,162,6,2649.7000000000003,2648.1000000000004,118.08,Canal Exit,Canal Exit,3.2,1.344,-0.625,162.0,162.0,,0.0,0.0,108.16,108.16,,0.0,,False,False,False,18,18
MGC_v3,2025-01-06 20:32:00+01:00,2025-01-06 21:35:00+01:00,Long,15.0,176,185,9,2645.5,2643.8,-273.6,Stop Loss,Stop Loss,1.7,0.647,-1.118,,,,,,,,,,,,False,True,20,21
MGC_v3,2025-01-07 15:59:00+01:00,2025-01-07 20:39:00+01:00,Short,1.0,334,374,40,2657.9,2664.5,-67.24,Canal Exit,Canal Exit,20.6,0.204,-0.738,368.0,368.0,348.0,6.0,0.0,-58.48,-58.48,-101.48,0.0,-34.24,False,False,False,15,20
MGC_v3,2025-01-08 03:58:00+01:00,2025-01-08 04:12:00+01:00,Long,7.0,428,430,2,2662.4,2661.600000000001,-64.68,Canal Exit,Canal Exit,3.3,0.303,-0.485,429.0,429.0,,1.0,0.0,-31.36,-31.36,,0.0,,True,True,False,3,4
MGC_v3,2025-01-08 04:33:00+01:00,2025-01-08 05:57:00+01:00,Short,6.0,433,445,12,2660.3,2660.0,10.56,Canal Exit,Canal Exit,4.2,0.5,-0.405,437.0,439.0,,8.0,2.0,-44.88,-32.88,,12.0,,False,False,False,4,5
MGC_v3,2025-01-08 10:02:00+01:00,2025-01-08 12:22:00+01:00,Long,5.0,480,500,20,2667.8,2662.9,-251.2,Stop Loss,Stop Loss,4.9,0.327,-1.306,,,497.0,,,,,-117.4,,133.8,,False,False,10,12
MGC_v3,2025-01-08 17:44:00+01:00,2025-01-08 18:26:00+01:00,Long,3.0,546,552,6,2685.5,2678.2000000000003,-222.72,Stop Loss,Stop Loss,7.3,0.205,-1.329,,,552.0,,,,,-265.44,,-42.72,,False,False,17,18
MGC_v3,2025-01-08 20:11:00+01:00,2025-01-08 21:00:00+01:00,Long,3.0,567,574,7,2675.1000000000004,2676.0,23.28,Canal Exit,Canal Exit,7.0,0.357,-0.3,570.0,570.0,,4.0,0.0,-49.44,-49.44,,0.0,,True,True,False,20,21
MGC_v3,2025-01-09 10:37:00+01:00,2025-01-09 12:22:00+01:00,Long,7.0,683,698,15,2682.1000000000004,2687.4,362.32,Canal Exit,Canal Exit,3.7,1.595,-0.811,694.0,698.0,,4.0,4.0,59.64,353.64,,294.0,,True,True,False,10,12
MGC_v3,2025-01-10 16:55:00+01:00,2025-01-10 18:26:00+01:00,Short,1.0,933,946,13,2719.2000000000003,2725.4,-63.24,Canal Exit,Canal Exit,15.9,0.245,-0.604,935.0,935.0,,11.0,0.0,-6.48,-6.48,,0.0,,False,False,False,16,18
MGC_v3,2025-01-13 08:17:00+01:00,2025-01-13 09:27:00+01:00,Short,6.0,1057,1067,10,2713.3,2712.6000000000004,34.56,Canal Exit,Canal Exit,4.2,1.405,-0.476,1061.0,1067.0,,6.0,6.0,141.12,27.12,,-114.0,,False,False,False,8,9
MGC_v3,2025-01-13 16:20:00+01:00,2025-01-13 20:46:00+01:00,Short,3.0,1126,1164,38,2685.3,2677.0,245.28,Canal Exit,Canal Exit,7.6,1.355,-0.855,1162.0,1164.0,1152.0,2.0,2.0,190.56,241.56,232.56,51.0,-12.72,False,False,False,16,20
MGC_v3,2025-01-14 05:22:00+01:00,2025-01-14 05:43:00+01:00,Short,9.0,1230,1233,3,2684.5,2687.1000000000004,-245.16,Stop Loss,Stop Loss,2.6,0.154,-1.385,,,,,,,,,,,,False,False,5,5
MGC_v3,2025-01-14 12:36:00+01:00,2025-01-14 13:04:00+01:00,Long,9.0,1292,1296,4,2680.1000000000004,2681.3,96.84,Canal Exit,Canal Exit,2.8,1.107,-0.179,1294.0,1296.0,,2.0,2.0,121.68,85.68,,-36.0,,True,True,False,12,13
MGC_v3,2025-01-14 15:59:00+01:00,2025-01-14 16:20:00+01:00,Long,2.0,1321,1324,3,2682.5,2684.6000000000004,39.52,Canal Exit,Canal Exit,10.9,0.339,-0.45,1323.0,1324.0,,1.0,1.0,29.04,37.04,,8.0,,True,True,False,15,16
MGC_v3,2025-01-14 18:12:00+01:00,2025-01-14 19:22:00+01:00,Short,4.0,1340,1350,10,2682.2000000000003,2682.2000000000003,-4.96,Canal Exit,Canal Exit,5.8,0.414,-0.638,1341.0,1342.0,,9.0,1.0,-37.92,-137.92,,-100.0,,False,False,False,18,19
MGC_v3,2025-01-15 02:27:00+01:00,2025-01-15 02:41:00+01:00,Long,15.0,1403,1405,2,2689.8,2688.1000000000004,-273.6,Stop Loss,Stop Loss,1.7,0.294,-2.0,,,,,,,,,,,,False,False,2,2
MGC_v3,2025-01-15 15:38:00+01:00,2025-01-15 16:06:00+01:00,Short,1.0,1516,1520,4,2703.1000000000004,2699.5,34.76,Canal Exit,Canal Exit,16.0,0.325,-0.281,1517.0,1517.0,,3.0,0.0,-42.48,-42.48,,0.0,,False,False,False,15,16
MGC_v3,2025-01-15 20:32:00+01:00,2025-01-15 21:56:00+01:00,Long,5.0,1558,1570,12,2719.4,2719.7000000000003,8.8,Auto-Close (profit),Auto-Close (profit),4.9,0.204,-0.408,,,,,,,,,,,,False,False,20,21
MGC_v3,2025-01-16 17:02:00+01:00,2025-01-16 21:56:00+01:00,Long,2.0,1726,1768,42,2752.3,2747.0,-108.48,Auto-Close (loss),Auto-Close (loss),8.9,0.629,-0.73,1767.0,,1742.0,1.0,,-100.96,,31.04,,139.52,True,True,True,17,21
MGC_v3,2025-01-17 02:13:00+01:00,2025-01-17 02:55:00+01:00,Short,9.0,1797,1803,6,2745.8,2746.6000000000004,-83.16,Canal Exit,Canal Exit,2.8,1.107,-0.464,1801.0,1801.0,,2.0,0.0,-40.32,-40.32,,0.0,,False,False,True,2,2
MGC_v3,2025-01-17 14:49:00+01:00,2025-01-17 15:45:00+01:00,Short,3.0,1905,1913,8,2736.8,2744.5,-234.72,Stop Loss,Stop Loss,7.7,0.403,-1.208,,,,,,,,,,,,False,False,14,15
MGC_v3,2025-01-20 02:48:00+01:00,2025-01-20 12:22:00+01:00,Long,4.0,1999,2081,82,2737.3,2746.8,375.04,Canal Exit,Canal Exit,5.5,3.145,-0.182,2081.0,2081.0,2023.0,0.0,0.0,370.08,370.08,330.08,0.0,-44.96,True,True,False,2,12
MGC_v3,2025-01-20 14:28:00+01:00,2025-01-20 14:56:00+01:00,Short,3.0,2099,2103,4,2742.7000000000003,2732.1000000000004,314.28,Canal Exit,Canal Exit,8.0,2.513,-0.9,2102.0,2103.0,,1.0,1.0,487.56,310.56,,-177.0,,False,False,False,14,14
MGC_v3,2025-01-21 01:45:00+01:00,2025-01-21 02:27:00+01:00,Short,3.0,2166,2172,6,2728.5,2736.3000000000006,-237.72,Stop Loss,Stop Loss,7.8,0.756,-1.0,,,,,,,,,,,,False,True,1,2
MGC_v3,2025-01-21 05:22:00+01:00,2025-01-21 07:35:00+01:00,Long,5.0,2197,2216,19,2746.0,2741.1000000000004,-251.2,Stop Loss,Stop Loss,4.9,0.163,-1.204,,,,,,,,,,,,False,False,5,7
MGC_v3,2025-01-21 15:03:00+01:00,2025-01-21 15:24:00+01:00,Short,6.0,2280,2283,3,2738.6000000000004,2742.9,-265.44,Stop Loss,Stop Loss,4.3,0.419,-1.302,2282.0,,,1.0,,-236.88,,,,,False,False,False,15,15
MGC_v3,2025-01-22 03:58:00+01:00,2025-01-22 07:21:00+01:00,Long,6.0,2383,2412,29,2764.7000000000003,2760.7000000000003,-247.44,Stop Loss,Stop Loss,4.0,1.9,-1.05,,,2404.0,,,,,195.12,,442.56,,False,True,3,7
MGC_v3,2025-01-22 18:05:00+01:00,2025-01-22 18:54:00+01:00,Short,5.0,2504,2511,7,2768.1000000000004,2767.8,8.8,Canal Exit,Canal Exit,5.2,0.096,-0.5,2507.0,2511.0,,4.0,4.0,-62.4,2.6,,65.0,,False,False,False,18,18
MGC_v3,2025-01-22 19:29:00+01:00,2025-01-22 21:56:00+01:00,Long,4.0,2516,2537,21,2771.1000000000004,2766.7000000000003,-180.96,Auto-Close (loss),Auto-Close (loss),5.5,0.055,-0.927,,,2523.0,,,,,-125.92,,55.04,,False,False,19,21
MGC_v3,2025-01-23 02:41:00+01:00,2025-01-23 04:05:00+01:00,Short,5.0,2570,2582,12,2762.0,2761.2000000000003,33.8,Canal Exit,Canal Exit,4.5,0.356,-0.533,2574.0,2577.0,,8.0,3.0,-37.4,-22.4,,15.0,,False,False,False,2,4
MGC_v3,2025-01-23 13:11:00+01:00,2025-01-23 13:39:00+01:00,Short,3.0,2659,2663,4,2755.1000000000004,2751.0,119.28,Canal Exit,Canal Exit,6.8,1.029,-0.324,2663.0,2663.0,,0.0,0.0,115.56,115.56,,0.0,,False,False,False,13,13
MGC_v3,2025-01-23 20:18:00+01:00,2025-01-23 20:53:00+01:00,Long,7.0,2720,2725,5,2765.8,2762.2000000000003,-260.68,Stop Loss,Stop Loss,3.6,0.194,-1.0,,,,,,,,,,,,False,False,20,20
MGC_v3,2025-01-24 16:13:00+01:00,2025-01-24 16:34:00+01:00,Long,2.0,2882,2885,3,2792.3,2792.3,-2.48,Canal Exit,Canal Exit,12.0,0.208,-0.217,2885.0,2885.0,,0.0,0.0,-4.96,-4.96,,0.0,,True,True,False,16,16
MGC_v3,2025-01-24 20:11:00+01:00,2025-01-24 21:56:00+01:00,Short,6.0,2916,2931,15,2779.5,2777.7000000000003,100.56,Auto-Close (profit),Auto-Close (profit),4.1,0.512,-0.854,,,,,,,,,,,,False,False,20,21
MGC_v3,2025-01-27 20:46:00+01:00,2025-01-27 21:35:00+01:00,Short,7.0,3119,3126,7,2739.9,2743.2000000000003,-239.68,Stop Loss,Stop Loss,3.3,0.0,-1.303,,,,,,,,,,,,True,False,20,21
MGC_v3,2025-01-28 11:54:00+01:00,2025-01-28 12:43:00+01:00,Short,9.0,3240,3247,7,2747.0,2748.8,-173.16,Canal Exit,Canal Exit,2.7,0.444,-0.852,3242.0,3245.0,,5.0,3.0,-130.32,-130.32,,0.0,,False,False,False,11,12
MGC_v3,2025-01-28 13:32:00+01:00,2025-01-28 14:35:00+01:00,Long,9.0,3254,3263,9,2748.0,2752.4,384.84,Canal Exit,Canal Exit,2.8,2.321,-0.571,3263.0,3263.0,,0.0,0.0,373.68,373.68,,0.0,,True,True,False,13,14
MGC_v3,2025-01-30 03:58:00+01:00,2025-01-30 08:03:00+01:00,Long,13.0,3534,3569,35,2796.6000000000004,2804.8,1049.88,Canal Exit,Canal Exit,1.9,4.684,-0.526,3567.0,3569.0,3550.0,2.0,2.0,396.76,1033.76,-149.24,637.0,-1199.12,True,True,False,3,8
MGC_v3,2025-01-31 10:51:00+01:00,2025-01-31 11:40:00+01:00,Short,7.0,3791,3798,7,2846.2000000000003,2843.9,152.32,Canal Exit,Canal Exit,3.3,1.242,-0.333,3795.0,3798.0,,3.0,3.0,31.64,143.64,,112.0,,False,False,False,10,11
MGC_v3,2025-01-31 13:04:00+01:00,2025-01-31 13:18:00+01:00,Long,6.0,3810,3812,2,2844.9,2846.6000000000004,94.56,Canal Exit,Canal Exit,4.2,0.738,-0.071,3811.0,3812.0,,1.0,1.0,57.12,87.12,,30.0,,True,True,False,13,13
MGC_v3,2025-02-03 05:43:00+01:00,2025-02-03 07:21:00+01:00,Short,4.0,3945,3959,14,2811.5,2816.7000000000003,-212.96,Stop Loss,Stop Loss,5.2,0.327,-1.192,,,,,,,,,,,,True,False,5,7
MGC_v3,2025-02-03 17:30:00+01:00,2025-02-03 21:14:00+01:00,Long,1.0,4046,4078,32,2862.5,2857.7000000000003,-49.24,Canal Exit,Canal Exit,16.4,0.073,-0.677,4073.0,4077.0,4061.0,5.0,4.0,-51.48,-44.48,-60.48,7.0,-11.24,True,False,False,17,21
MGC_v3,2025-02-04 10:02:00+01:00,2025-02-04 10:51:00+01:00,Short,5.0,4180,4187,7,2843.2000000000003,2848.1000000000004,-251.2,Stop Loss,Stop Loss,4.9,0.408,-1.02,,,,,,,,,,,,True,False,10,10
MGC_v3,2025-02-04 21:42:00+01:00,2025-02-04 21:56:00+01:00,Long,7.0,4280,4282,2,2875.0,2874.2000000000003,-64.68,Auto-Close (loss),Auto-Close (loss),3.5,0.057,-0.429,,,,,,,,,,,,False,False,21,21
MGC_v3,2025-02-05 00:14:00+01:00,2025-02-05 01:24:00+01:00,Short,7.0,4294,4304,10,2871.8,2874.100000000001,-169.68,Canal Exit,Canal Exit,3.5,0.171,-0.714,4302.0,4303.0,,2.0,1.0,-31.36,-45.36,,-14.0,,False,False,False,0,1
MGC_v3,2025-02-05 08:24:00+01:00,2025-02-05 09:41:00+01:00,Long,5.0,4364,4375,11,2887.3,2894.6000000000004,358.8,Canal Exit,Canal Exit,5.2,1.615,-0.442,4371.0,4375.0,,4.0,4.0,187.6,352.6,,165.0,,True,True,False,8,9
MGC_v3,2025-02-05 14:21:00+01:00,2025-02-05 14:35:00+01:00,Short,3.0,4415,4417,2,2889.1000000000004,2887.5,44.28,Canal Exit,Canal Exit,7.4,0.703,-0.203,4416.0,4417.0,,1.0,1.0,118.56,40.56,,-78.0,,False,False,False,14,14
MGC_v3,2025-02-05 18:54:00+01:00,2025-02-05 20:46:00+01:00,Long,2.0,4454,4470,16,2894.7000000000003,2884.3,-210.48,Stop Loss,Stop Loss,10.4,0.038,-1.106,,,,,,,,,,,,False,False,18,20
MGC_v3,2025-02-06 02:41:00+01:00,2025-02-06 03:44:00+01:00,Long,6.0,4513,4522,9,2888.8,2889.0,4.56,Canal Exit,Canal Exit,4.3,0.93,-0.326,4517.0,4522.0,4522.0,5.0,5.0,93.12,-2.88,-2.88,-96.0,-7.44,True,False,False,2,3
MGC_v3,2025-02-07 00:21:00+01:00,2025-02-07 01:59:00+01:00,Long,10.0,4690,4704,14,2881.8,2884.1000000000004,217.6,Canal Exit,Canal Exit,2.4,1.208,-0.542,4702.0,4704.0,,2.0,2.0,-34.8,205.2,,240.0,,True,True,False,0,1
MGC_v3,2025-02-07 20:32:00+01:00,2025-02-07 21:56:00+01:00,Short,4.0,4863,4875,12,2883.8,2887.0,-132.96,Auto-Close (loss),Auto-Close (loss),6.2,0.065,-0.677,,,,,,,,,,,,True,False,20,21
MGC_v3,2025-02-10 15:38:00+01:00,2025-02-10 15:59:00+01:00,Long,2.0,5018,5021,3,2931.3,2933.4,39.52,Canal Exit,Canal Exit,10.2,0.245,-0.245,5021.0,5021.0,,0.0,0.0,37.04,37.04,,0.0,,True,True,False,15,15
MGC_v3,2025-02-11 10:37:00+01:00,2025-02-11 14:07:00+01:00,Short,2.0,5173,5203,30,2931.1000000000004,2911.1000000000004,397.52,Canal Exit,Canal Exit,10.2,2.098,-0.451,5203.0,5203.0,5187.0,0.0,0.0,395.04,395.04,-18.96,0.0,-416.48,False,False,False,10,14
MGC_v3,2025-02-12 04:40:00+01:00,2025-02-12 05:29:00+01:00,Short,2.0,5319,5326,7,2913.9,2913.8,-0.48,Canal Exit,Canal Exit,12.0,0.15,-0.267,5322.0,5322.0,,4.0,0.0,-12.96,-12.96,,0.0,,False,False,False,4,5
MGC_v3,2025-02-12 13:04:00+01:00,2025-02-12 13:53:00+01:00,Short,4.0,5391,5398,7,2906.3,2912.0,-232.96,Stop Loss,Stop Loss,5.7,0.175,-1.088,,,,,,,,,,,,True,False,13,13
MGC_v3,2025-02-12 14:14:00+01:00,2025-02-12 15:10:00+01:00,Short,1.0,5401,5409,8,2898.2000000000003,2912.6000000000004,-145.24,Stop Loss,Stop Loss,14.4,0.819,-1.507,5405.0,,5409.0,4.0,,-18.48,,-207.48,,-62.24,False,True,True,14,15
MGC_v3,2025-02-12 17:16:00+01:00,2025-02-12 17:44:00+01:00,Short,4.0,5427,5431,4,2919.6000000000004,2924.9,-216.96,Stop Loss,Stop Loss,5.3,0.321,-1.189,5428.0,5429.0,,3.0,1.0,-17.92,-97.92,,-80.0,,False,False,False,17,17
MGC_v3,2025-02-12 21:14:00+01:00,2025-02-12 21:56:00+01:00,Long,5.0,5461,5467,6,2922.7000000000003,2924.6000000000004,88.8,Auto-Close (profit),Auto-Close (profit),4.5,0.778,-0.356,5467.0,,,0.0,,92.6,,,,,True,True,False,21,21
MGC_v3,2025-02-13 12:15:00+01:00,2025-02-13 12:57:00+01:00,Short,9.0,5582,5588,6,2943.6000000000004,2946.4,-263.16,Stop Loss,Stop Loss,2.8,0.679,-1.107,,,,,,,,,,,,False,True,12,12
MGC_v3,2025-02-13 13:11:00+01:00,2025-02-13 13:32:00+01:00,Long,4.0,5590,5593,3,2947.0,2948.9,71.04,Canal Exit,Canal Exit,5.4,0.37,-0.444,5591.0,5591.0,,2.0,0.0,-41.92,-41.92,,0.0,,True,True,False,13,13
MGC_v3,2025-02-13 14:07:00+01:00,2025-02-13 17:58:00+01:00,Short,3.0,5598,5631,33,2942.9,2942.5,8.28,Canal Exit,Canal Exit,6.6,1.545,-0.909,5631.0,5631.0,5613.0,0.0,0.0,4.56,4.56,1.56,0.0,-6.72,False,False,False,14,17
MGC_v3,2025-02-14 04:40:00+01:00,2025-02-14 05:43:00+01:00,Short,4.0,5715,5724,9,2953.2000000000003,2955.7000000000003,-104.96,Canal Exit,Canal Exit,6.1,0.23,-0.557,5716.0,5717.0,,8.0,1.0,-9.92,-21.92,,-12.0,,False,False,False,4,5
MGC_v3,2025-02-17 00:28:00+01:00,2025-02-17 02:27:00+01:00,Short,1.0,5877,5894,17,2890.5,2904.1000000000004,-137.24,Stop Loss,Stop Loss,13.6,0.169,-1.14,,,5884.0,,,,,-71.48,,65.76,,True,False,0,2
MGC_v3,2025-02-17 14:07:00+01:00,2025-02-17 14:21:00+01:00,Short,5.0,5994,5996,2,2909.0,2910.8,-96.2,Canal Exit,Canal Exit,4.8,0.292,-0.396,5996.0,5996.0,,0.0,0.0,-102.4,-102.4,,0.0,,False,False,False,14,14
MGC_v3,2025-02-17 15:31:00+01:00,2025-02-17 20:25:00+01:00,Long,5.0,6006,6045,39,2912.6000000000004,2911.3,-71.2,Auto-Close (loss),Auto-Close (loss),4.6,1.13,-0.783,,,6019.0,,,,,57.6,,128.8,,False,True,15,20
MGC_v3,2025-02-18 00:49:00+01:00,2025-02-18 01:10:00+01:00,Long,11.0,6053,6056,3,2911.7000000000003,2911.8,-2.64,Canal Exit,Canal Exit,2.3,0.304,-0.217,6054.0,6056.0,,2.0,2.0,16.72,-16.28,,-33.0,,True,True,False,0,1
MGC_v3,2025-02-18 01:59:00+01:00,2025-02-18 02:27:00+01:00,Short,8.0,6063,6067,4,2910.5,2905.7000000000003,374.08,Canal Exit,Canal Exit,2.9,1.759,-0.586,6066.0,6067.0,,1.0,1.0,100.16,364.16,,264.0,,False,False,False,1,2
MGC_v3,2025-02-18 12:43:00+01:00,2025-02-18 21:56:00+01:00,Long,5.0,6155,6234,79,2925.5,2951.3,1283.8,Auto-Close (profit),Auto-Close (profit),5.0,6.2,-0.22,,,6191.0,,,,,912.6,,-371.2,,False,False,12,21
MGC_v3,2025-02-19 02:34:00+01:00,2025-02-19 02:55:00+01:00,Long,3.0,6266,6269,3,2954.9,2957.4,71.28,Canal Exit,Canal Exit,7.4,0.554,-0.595,6269.0,6269.0,,0.0,0.0,67.56,67.56,,0.0,,True,True,False,2,2
MGC_v3,2025-02-19 05:50:00+01:00,2025-02-19 09:34:00+01:00,Long,14.0,6294,6326,32,2945.1000000000004,2957.0,1648.64,Canal Exit,Canal Exit,1.8,6.833,-0.389,6325.0,6326.0,6313.0,1.0,1.0,1631.28,1631.28,623.28,0.0,-1025.36,True,True,False,5,9
MGC_v3,2025-02-20 00:56:00+01:00,2025-02-20 02:55:00+01:00,Long,5.0,6450,6467,17,2953.0,2953.7000000000003,28.8,Canal Exit,Canal Exit,4.4,1.523,-0.591,6463.0,6467.0,6465.0,4.0,4.0,47.6,22.6,-22.4,-25.0,-51.2,True,False,False,0,2
MGC_v3,2025-02-20 14:42:00+01:00,2025-02-20 15:10:00+01:00,Short,1.0,6568,6572,4,2951.7000000000003,2945.7000000000003,58.76,Canal Exit,Canal Exit,13.5,0.904,-0.622,6572.0,6572.0,,0.0,0.0,57.52,57.52,,0.0,,False,False,False,14,15
MGC_v3,2025-02-20 18:05:00+01:00,2025-02-20 18:40:00+01:00,Short,5.0,6597,6602,5,2958.6000000000004,2963.0,-226.2,Stop Loss,Stop Loss,4.4,0.591,-1.182,,,,,,,,,,,,True,True,18,18
MGC_v3,2025-02-21 02:06:00+01:00,2025-02-21 02:41:00+01:00,Long,3.0,6658,6663,5,2961.0,2952.7000000000003,-252.72,Stop Loss,Stop Loss,8.3,0.446,-1.398,6661.0,,,2.0,,-7.44,,,,,True,True,False,2,2
MGC_v3,2025-02-21 08:38:00+01:00,2025-02-21 09:20:00+01:00,Short,7.0,6714,6720,6,2944.9,2934.0,754.32,Canal Exit,Canal Exit,3.5,4.229,-0.486,6720.0,6720.0,,0.0,0.0,745.64,745.64,,0.0,,False,False,False,8,9
MGC_v3,2025-02-21 10:30:00+01:00,2025-02-21 10:58:00+01:00,Long,2.0,6730,6734,4,2942.5,2944.4,35.52,Canal Exit,Canal Exit,12.5,0.232,-0.288,6731.0,6734.0,,3.0,3.0,-26.96,33.04,,60.0,,True,True,False,10,10
MGC_v3,2025-02-21 17:16:00+01:00,2025-02-21 17:37:00+01:00,Long,2.0,6788,6791,3,2946.0,2951.7000000000003,111.52,Canal Exit,Canal Exit,11.1,0.703,-0.018,6791.0,6791.0,,0.0,0.0,109.04,109.04,,0.0,,True,True,False,17,17
MGC_v3,2025-02-21 19:15:00+01:00,2025-02-21 19:29:00+01:00,Short,6.0,6805,6807,2,2952.2000000000003,2956.1000000000004,-241.44,Stop Loss,Stop Loss,3.9,0.231,-1.051,6807.0,,,0.0,,-188.88,,,,,False,False,False,19,19
MGC_v3,2025-02-21 19:50:00+01:00,2025-02-21 20:46:00+01:00,Long,3.0,6810,6818,8,2959.1000000000004,2951.2000000000003,-240.72,Stop Loss,Stop Loss,7.9,0.089,-1.456,,,6816.0,,,,,-151.44,,89.28,,False,False,19,20
MGC_v3,2025-02-24 00:56:00+01:00,2025-02-24 02:20:00+01:00,Short,5.0,6846,6858,12,2950.2000000000003,2939.4,533.8,Canal Exit,Canal Exit,5.2,2.577,-0.346,6853.0,6858.0,,5.0,5.0,72.6,527.6,,455.0,,False,False,False,0,2
MGC_v3,2025-02-25 02:06:00+01:00,2025-02-25 02:34:00+01:00,Long,7.0,7054,7058,4,2967.7000000000003,2964.0,-267.68,Stop Loss,Stop Loss,3.7,0.216,-1.486,,,,,,,,,,,,False,False,2,2
MGC_v3,2025-02-25 04:12:00+01:00,2025-02-25 04:54:00+01:00,Short,4.0,7072,7078,6,2962.8,2956.4,251.04,Canal Exit,Canal Exit,5.7,1.509,-0.439,7075.0,7078.0,,3.0,3.0,106.08,246.08,,140.0,,False,False,False,4,4
MGC_v3,2025-02-25 20:11:00+01:00,2025-02-25 20:46:00+01:00,Short,4.0,7209,7214,5,2920.4,2925.9,-224.96,Stop Loss,Stop Loss,5.5,0.473,-1.018,,,,,,,,,,,,False,False,20,20
MGC_v3,2025-02-26 03:58:00+01:00,2025-02-26 05:15:00+01:00,Long,4.0,7268,7279,11,2934.3,2928.1000000000004,-252.96,Stop Loss,Stop Loss,6.2,0.29,-1.29,,,,,,,,,,,,False,False,3,5
MGC_v3,2025-02-26 10:30:00+01:00,2025-02-26 11:26:00+01:00,Short,4.0,7324,7332,8,2927.2000000000003,2926.7000000000003,15.04,Canal Exit,Canal Exit,5.4,0.481,-0.5,7330.0,7332.0,,2.0,2.0,-61.92,10.08,,72.0,,False,False,False,10,11
MGC_v3,2025-02-27 08:03:00+01:00,2025-02-27 10:02:00+01:00,Short,3.0,7501,7518,17,2902.4,2890.0,368.28,Canal Exit,Canal Exit,8.4,1.524,-0.738,7516.0,7518.0,,2.0,2.0,247.56,364.56,,117.0,,False,False,False,8,10
MGC_v3,2025-02-27 10:30:00+01:00,2025-02-27 14:49:00+01:00,Long,2.0,7522,7559,37,2901.0,2901.2000000000003,1.52,Canal Exit,Canal Exit,11.5,0.635,-0.609,7557.0,7559.0,7540.0,2.0,2.0,-74.96,-0.96,-18.96,74.0,-20.48,True,True,False,10,14
MGC_v3,2025-02-27 15:38:00+01:00,2025-02-27 15:59:00+01:00,Short,2.0,7566,7569,3,2894.7000000000003,2893.3,25.52,Canal Exit,Canal Exit,11.4,1.377,-0.351,7569.0,7569.0,,0.0,0.0,23.04,23.04,,0.0,,False,False,False,15,15
MGC_v3,2025-02-28 12:15:00+01:00,2025-02-28 12:57:00+01:00,Short,6.0,7735,7741,6,2872.8,2876.6000000000004,-235.44,Stop Loss,Stop Loss,3.8,0.447,-1.211,7739.0,,,2.0,,-14.88,,,,,False,False,False,12,12
MGC_v3,2025-03-03 02:48:00+01:00,2025-03-03 04:05:00+01:00,Long,3.0,7852,7863,11,2883.7000000000003,2875.3000000000006,-255.72,Stop Loss,Stop Loss,8.4,0.083,-1.345,,,,,,,,,,,,False,False,2,4
MGC_v3,2025-03-03 05:36:00+01:00,2025-03-03 06:25:00+01:00,Long,3.0,7876,7883,7,2876.7000000000003,2872.8000000000006,-120.72,Canal Exit,Canal Exit,7.6,0.184,-0.526,7878.0,7879.0,,5.0,1.0,7.56,-61.44,,-69.0,,True,True,False,5,6
MGC_v3,2025-03-03 08:17:00+01:00,2025-03-03 09:41:00+01:00,Short,6.0,7899,7911,12,2872.7000000000003,2876.5,-235.44,Stop Loss,Stop Loss,3.8,1.026,-1.237,,,7907.0,,,,,-80.88,,154.56,,False,True,8,9
MGC_v3,2025-03-03 14:14:00+01:00,2025-03-03 15:31:00+01:00,Short,4.0,7950,7961,11,2882.3,2888.7000000000003,-260.96,Stop Loss,Stop Loss,6.4,0.406,-1.969,,,7961.0,,,,,-481.92,,-220.96,,True,False,14,15
MGC_v3,2025-03-03 21:49:00+01:00,2025-03-03 21:56:00+01:00,Long,2.0,8015,8016,1,2899.5,2901.3,33.52,Auto-Close (profit),Auto-Close (profit),12.0,0.217,-0.217,,,,,,,,,,,,True,False,21,21
MGC_v3,2025-03-04 00:21:00+01:00,2025-03-04 00:56:00+01:00,Short,7.0,8029,8034,5,2903.3,2901.5,117.32,Canal Exit,Canal Exit,3.4,0.706,-0.353,8034.0,8034.0,,0.0,0.0,108.64,108.64,,0.0,,False,False,False,0,0
MGC_v3,2025-03-04 12:08:00+01:00,2025-03-04 14:35:00+01:00,Long,4.0,8130,8151,21,2927.6000000000004,2937.0,371.04,Canal Exit,Canal Exit,5.8,2.103,-0.241,8149.0,8151.0,,2.0,2.0,214.08,366.08,,152.0,,True,True,False,12,14
MGC_v3,2025-03-04 15:03:00+01:00,2025-03-04 20:18:00+01:00,Short,4.0,8155,8200,45,2931.7000000000003,2924.4,287.04,Canal Exit,Canal Exit,6.5,3.2,-0.323,8197.0,8200.0,8175.0,3.0,3.0,314.08,282.08,526.08,-32.0,239.04,False,False,False,15,20
MGC_v3,2025-03-05 04:26:00+01:00,2025-03-05 07:14:00+01:00,Long,3.0,8262,8286,24,2920.5,2930.7000000000003,302.28,Canal Exit,Canal Exit,7.7,1.558,-0.247,8284.0,8286.0,8278.0,2.0,2.0,238.56,298.56,10.56,60.0,-291.72,True,True,False,4,7
MGC_v3,2025-03-05 14:28:00+01:00,2025-03-05 14:56:00+01:00,Short,2.0,8348,8352,4,2918.9,2914.0,95.52,Canal Exit,Canal Exit,11.2,1.384,-0.562,8351.0,8352.0,,1.0,1.0,203.04,93.04,,-110.0,,False,False,False,14,14
MGC_v3,2025-03-06 01:10:00+01:00,2025-03-06 01:24:00+01:00,Long,10.0,8432,8434,2,2928.9,2926.3,-272.4,Stop Loss,Stop Loss,2.6,0.115,-1.115,,,,,,,,,,,,False,False,1,1
MGC_v3,2025-03-06 02:20:00+01:00,2025-03-06 02:55:00+01:00,Long,6.0,8442,8447,5,2927.9,2933.2000000000003,310.56,Canal Exit,Canal Exit,4.0,1.825,-0.175,8444.0,8447.0,,3.0,3.0,201.12,303.12,,102.0,,True,True,False,2,2
MGC_v3,2025-03-06 13:04:00+01:00,2025-03-06 14:14:00+01:00,Short,7.0,8534,8544,10,2912.4,2915.9,-253.68,Stop Loss,Stop Loss,3.5,1.743,-1.371,,,,,,,,,,,,False,True,13,14
MGC_v3,2025-03-06 17:16:00+01:00,2025-03-06 21:56:00+01:00,Long,2.0,8570,8610,40,2926.2000000000003,2917.4,-178.48,Auto-Close (loss),Auto-Close (loss),9.7,0.371,-0.959,,,8584.0,,,,,-70.96,,107.52,,False,False,17,21
MGC_v3,2025-03-07 00:56:00+01:00,2025-03-07 01:59:00+01:00,Short,7.0,8628,8637,9,2917.2000000000003,2912.3,334.32,Canal Exit,Canal Exit,3.6,3.333,-0.278,8632.0,8637.0,,5.0,5.0,367.64,325.64,,-42.0,,False,False,False,0,1
MGC_v3,2025-03-07 02:41:00+01:00,2025-03-07 10:02:00+01:00,Long,2.0,8643,8706,63,2915.7000000000003,2929.1000000000004,265.52,Canal Exit,Canal Exit,10.6,1.472,-0.613,8705.0,8706.0,8659.0,1.0,1.0,293.04,263.04,-50.96,-30.0,-316.48,True,True,False,2,10
MGC_v3,2025-03-07 14:14:00+01:00,2025-03-07 14:35:00+01:00,Short,2.0,8742,8745,3,2921.9,2930.6000000000004,-176.48,Stop Loss,Stop Loss,8.7,0.655,-1.379,8744.0,8744.0,,1.0,0.0,-102.96,-102.96,,0.0,,False,False,True,14,14
MGC_v3,2025-03-07 20:04:00+01:00,2025-03-07 20:18:00+01:00,Short,5.0,8792,8794,2,2913.3,2918.2000000000003,-251.2,Stop Loss,Stop Loss,4.9,0.122,-1.02,,,,,,,,,,,,True,False,20,20
MGC_v3,2025-03-07 20:53:00+01:00,2025-03-07 21:35:00+01:00,Short,5.0,8799,8805,6,2913.5,2918.4,-251.2,Stop Loss,Stop Loss,4.9,0.163,-1.204,,,,,,,,,,,,True,False,20,21
MGC_v3,2025-03-10 14:24:00+01:00,2025-03-10 15:06:00+01:00,Short,2.0,8950,8956,6,2906.4,2915.1000000000004,-176.48,Stop Loss,Stop Loss,8.7,0.345,-1.046,8955.0,,,1.0,,-60.96,,,,,False,False,False,14,15
MGC_v3,2025-03-10 16:51:00+01:00,2025-03-10 17:05:00+01:00,Short,3.0,8971,8973,2,2910.6000000000004,2911.9,-42.72,Canal Exit,Canal Exit,7.1,0.099,-0.437,8973.0,8973.0,,0.0,0.0,-46.44,-46.44,,0.0,,False,False,False,16,17
MGC_v3,2025-03-11 14:24:00+01:00,2025-03-11 15:48:00+01:00,Long,4.0,9148,9160,12,2918.2000000000003,2922.3,159.04,Canal Exit,Canal Exit,6.2,1.79,-0.532,9153.0,9160.0,,7.0,7.0,206.08,154.08,,-52.0,,True,True,False,14,15
MGC_v3,2025-03-11 16:51:00+01:00,2025-03-11 20:14:00+01:00,Long,4.0,9169,9198,29,2923.6000000000004,2926.9,127.04,Canal Exit,Canal Exit,6.4,0.531,-0.594,9198.0,9198.0,,0.0,0.0,122.08,122.08,,0.0,,True,True,False,16,20
MGC_v3,2025-03-12 14:17:00+01:00,2025-03-12 15:13:00+01:00,Short,2.0,9344,9352,8,2916.1000000000004,2922.7000000000003,-134.48,Canal Exit,Canal Exit,11.4,0.43,-0.728,9347.0,9352.0,,5.0,5.0,-38.96,-136.96,,-98.0,,False,False,False,14,15
MGC_v3,2025-03-13 00:24:00+01:00,2025-03-13 01:20:00+01:00,Short,7.0,9422,9430,8,2943.1000000000004,2946.5,-246.68,Stop Loss,Stop Loss,3.4,0.206,-1.088,,,,,,,,,,,,True,False,0,1
MGC_v3,2025-03-13 14:31:00+01:00,2025-03-13 15:06:00+01:00,Long,2.0,9543,9548,5,2959.7000000000003,2963.3,69.52,Canal Exit,Canal Exit,11.9,0.361,-0.504,9546.0,9548.0,,2.0,2.0,-4.96,67.04,,72.0,,True,True,False,14,15
MGC_v3,2025-03-14 03:47:00+01:00,2025-03-14 04:50:00+01:00,Short,6.0,9649,9658,9,2998.6000000000004,3002.8000000000006,-259.44,Stop Loss,Stop Loss,4.2,0.429,-1.452,,,9657.0,,,,,-212.88,,46.56,,True,False,3,4
MGC_v3,2025-03-14 18:43:00+01:00,2025-03-14 19:53:00+01:00,Short,8.0,9777,9787,10,2998.6000000000004,2993.7000000000003,382.08,Canal Exit,Canal Exit,3.1,1.677,-0.452,9785.0,9787.0,,2.0,2.0,260.16,372.16,,112.0,,False,False,False,18,19
MGC_v3,2025-03-17 00:52:00+01:00,2025-03-17 01:13:00+01:00,Short,5.0,9822,9825,3,2997.5,2995.7000000000003,83.8,Canal Exit,Canal Exit,4.9,0.612,-0.408,9825.0,9825.0,,0.0,0.0,77.6,77.6,,0.0,,False,False,False,0,1
MGC_v3,2025-03-17 06:56:00+01:00,2025-03-17 10:26:00+01:00,Long,7.0,9874,9904,30,2994.6000000000004,3000.9,432.32,Canal Exit,Canal Exit,3.4,1.882,-0.912,9904.0,9904.0,9889.0,0.0,0.0,423.64,423.64,-73.36,0.0,-505.68,True,True,False,6,10
MGC_v3,2025-03-17 17:05:00+01:00,2025-03-17 17:47:00+01:00,Short,5.0,9961,9967,6,3003.8,3003.0,33.8,Canal Exit,Canal Exit,4.4,0.773,-0.227,9965.0,9967.0,,2.0,2.0,117.6,27.6,,-90.0,,False,False,False,17,17
MGC_v3,2025-03-18 12:04:00+01:00,2025-03-18 13:21:00+01:00,Long,7.0,10116,10127,11,3031.5,3036.9,369.32,Canal Exit,Canal Exit,3.7,2.432,-0.27,10127.0,10127.0,,0.0,0.0,360.64,360.64,,0.0,,True,True,False,12,13
MGC_v3,2025-03-18 20:14:00+01:00,2025-03-18 20:56:00+01:00,Long,4.0,10186,10192,6,3044.8,3042.7000000000003,-88.96,Auto-Close (loss),Auto-Close (loss),5.4,0.037,-0.463,10189.0,10189.0,,3.0,0.0,-37.92,-37.92,,0.0,,True,True,False,20,20
MGC_v3,2025-03-18 23:49:00+01:00,2025-03-19 00:17:00+01:00,Long,16.0,10209,10213,4,3040.8,3039.2000000000003,-275.84,Stop Loss,Stop Loss,1.6,0.562,-1.5,10213.0,,,0.0,,-327.68,,,,,True,True,True,23,0
MGC_v3,2025-03-20 14:10:00+01:00,2025-03-20 15:34:00+01:00,Short,2.0,10530,10542,12,3040.0,3043.8,-78.48,Canal Exit,Canal Exit,11.1,0.216,-0.477,10539.0,10539.0,,3.0,0.0,-78.96,-78.96,,0.0,,False,False,False,14,15
MGC_v3,2025-03-20 23:49:00+01:00,2025-03-21 01:13:00+01:00,Long,10.0,10605,10617,12,3053.1000000000004,3050.7000000000003,-252.4,Stop Loss,Stop Loss,2.4,0.792,-1.083,10617.0,,,0.0,,-254.8,,,,,True,True,True,23,1
MGC_v3,2025-03-21 11:08:00+01:00,2025-03-21 11:57:00+01:00,Long,5.0,10702,10709,7,3039.3,3036.9,-126.2,Canal Exit,Canal Exit,4.8,0.208,-0.688,10704.0,10704.0,,5.0,0.0,-42.4,-42.4,,0.0,,True,True,False,11,11
MGC_v3,2025-03-21 17:47:00+01:00,2025-03-21 18:08:00+01:00,Short,11.0,10759,10762,3,3021.2000000000003,3023.4,-255.64,Stop Loss,Stop Loss,2.2,0.818,-1.045,,,,,,,,,,,,True,True,17,18
MGC_v3,2025-03-24 01:27:00+01:00,2025-03-24 03:54:00+01:00,Short,7.0,10817,10838,21,3028.1000000000004,3021.4,460.32,Canal Exit,Canal Exit,3.6,2.444,-0.5,10838.0,10838.0,10830.0,0.0,0.0,451.64,451.64,-3.36,0.0,-463.68,False,False,False,1,3
MGC_v3,2025-03-24 11:15:00+01:00,2025-03-24 12:11:00+01:00,Long,3.0,10901,10909,8,3034.7000000000003,3032.7000000000003,-63.72,Canal Exit,Canal Exit,7.5,0.493,-0.413,10905.0,10909.0,,4.0,4.0,-25.44,-67.44,,-42.0,,True,True,False,11,12
MGC_v3,2025-03-24 16:58:00+01:00,2025-03-24 19:04:00+01:00,Long,2.0,10950,10968,18,3020.2000000000003,3009.8,-210.48,Stop Loss,Stop Loss,10.4,0.058,-1.115,,,10963.0,,,,,-136.96,,73.52,,False,False,16,19
MGC_v3,2025-03-25 01:13:00+01:00,2025-03-25 02:30:00+01:00,Long,15.0,11013,11024,11,3015.3,3017.3,281.4,Canal Exit,Canal Exit,1.7,2.412,-0.588,11021.0,11024.0,,3.0,3.0,247.8,262.8,,15.0,,True,True,False,1,2
MGC_v3,2025-03-25 16:02:00+01:00,2025-03-25 16:23:00+01:00,Short,2.0,11140,11143,3,3029.9,3028.1000000000004,33.52,Canal Exit,Canal Exit,12.4,0.387,-0.226,11141.0,11143.0,,2.0,2.0,31.04,31.04,,0.0,,False,False,False,16,16
MGC_v3,2025-03-25 17:26:00+01:00,2025-03-25 18:15:00+01:00,Long,8.0,11152,11159,7,3028.9,3025.9,-249.92,Stop Loss,Stop Loss,3.0,0.933,-1.067,,,,,,,,,,,,True,True,17,18
MGC_v3,2025-03-25 19:18:00+01:00,2025-03-25 20:56:00+01:00,Short,3.0,11168,11182,14,3025.0,3025.6000000000004,-21.72,Auto-Close (loss),Auto-Close (loss),6.8,0.279,-0.206,,,11180.0,,,,,-40.44,,-18.72,,True,False,19,20
MGC_v3,2025-03-25 21:59:00+01:00,2025-03-25 23:07:00+01:00,Short,28.0,11191,11193,2,3026.1000000000004,3027.0,-286.72,Stop Loss,Stop Loss,0.9,0.889,-1.778,,,,,,,,,,,,True,True,21,23
MGC_v3,2025-03-26 17:40:00+01:00,2025-03-26 19:04:00+01:00,Short,7.0,11351,11363,12,3022.3,3025.9,-260.68,Stop Loss,Stop Loss,3.6,0.361,-1.278,,,,,,,,,,,,True,False,17,19
MGC_v3,2025-03-27 07:52:00+01:00,2025-03-27 08:41:00+01:00,Long,7.0,11464,11471,7,3037.7000000000003,3042.600000000001,334.32,Canal Exit,Canal Exit,3.6,1.472,-0.472,11471.0,11471.0,,0.0,0.0,325.64,325.64,,0.0,,True,True,False,7,8
MGC_v3,2025-03-27 17:05:00+01:00,2025-03-27 18:08:00+01:00,Short,3.0,11543,11552,9,3064.1000000000004,3063.5,14.28,Canal Exit,Canal Exit,7.3,0.384,-0.534,11546.0,11548.0,,6.0,2.0,-103.44,-37.44,,66.0,,False,False,False,17,18
MGC_v3,2025-03-27 18:50:00+01:00,2025-03-27 19:53:00+01:00,Long,4.0,11558,11567,9,3066.0,3068.1000000000004,79.04,Canal Exit,Canal Exit,6.3,0.635,-0.222,11567.0,11567.0,,0.0,0.0,74.08,74.08,,0.0,,True,True,False,18,19
MGC_v3,2025-03-28 14:52:00+01:00,2025-03-28 15:27:00+01:00,Long,1.0,11707,11712,5,3119.0,3105.1000000000004,-140.24,Stop Loss,Stop Loss,13.9,0.245,-1.022,11709.0,11709.0,,3.0,0.0,-26.48,-26.48,,0.0,,True,True,False,14,15
MGC_v3,2025-03-28 18:22:00+01:00,2025-03-28 18:50:00+01:00,Short,3.0,11737,11741,4,3114.4,3109.9,131.28,Canal Exit,Canal Exit,7.1,0.761,-0.704,11739.0,11741.0,,2.0,2.0,40.56,127.56,,87.0,,False,False,False,18,18
MGC_v3,2025-03-31 15:24:00+02:00,2025-03-31 15:45:00+02:00,Short,2.0,11901,11904,3,3147.8,3140.7000000000003,139.52,Canal Exit,Canal Exit,12.8,1.273,-0.539,11904.0,11904.0,,0.0,0.0,137.04,137.04,,0.0,,False,False,False,15,15
MGC_v3,2025-03-31 16:41:00+02:00,2025-03-31 17:02:00+02:00,Long,1.0,11912,11915,3,3154.8,3155.0,0.76,Canal Exit,Canal Exit,23.4,0.111,-0.085,11914.0,11915.0,,1.0,1.0,15.52,-0.48,,-16.0,,True,True,False,16,17
MGC_v3,2025-04-01 10:51:00+02:00,2025-04-01 12:15:00+02:00,Short,3.0,12060,12072,12,3157.0,3164.0,-213.72,Stop Loss,Stop Loss,7.0,0.071,-1.286,,,,,,,,,,,,True,False,10,12
MGC_v3,2025-04-01 12:50:00+02:00,2025-04-01 13:46:00+02:00,Short,3.0,12077,12085,8,3161.9,3160.8000000000006,29.28,Canal Exit,Canal Exit,7.0,0.6,-0.5,12084.0,12085.0,,1.0,1.0,28.56,25.56,,-3.0,,False,False,False,12,13
MGC_v3,2025-04-01 14:28:00+02:00,2025-04-01 15:10:00+02:00,Long,4.0,12091,12097,6,3162.2000000000003,3164.8,99.04,Canal Exit,Canal Exit,5.9,0.966,-0.136,12097.0,12097.0,,0.0,0.0,94.08,94.08,,0.0,,True,True,False,14,15
MGC_v3,2025-04-01 16:27:00+02:00,2025-04-01 18:05:00+02:00,Short,2.0,12108,12122,14,3156.5,3140.0,327.52,Canal Exit,Canal Exit,11.1,1.595,-0.73,12117.0,12122.0,,5.0,5.0,-42.96,325.04,,368.0,,False,False,False,16,18
MGC_v3,2025-04-02 01:38:00+02:00,2025-04-02 02:20:00+02:00,Long,9.0,12179,12185,6,3145.7000000000003,3151.5,510.84,Canal Exit,Canal Exit,2.7,2.444,-0.667,12184.0,12185.0,,1.0,1.0,22.68,499.68,,477.0,,True,True,False,1,2
MGC_v3,2025-04-02 21:00:00+02:00,2025-04-02 21:56:00+02:00,Long,5.0,12345,12353,8,3165.8,3163.1000000000004,-141.2,Auto-Close (loss),Auto-Close (loss),4.5,0.4,-0.822,12353.0,,,0.0,,-62.4,,,,,True,True,False,21,21
MGC_v3,2025-04-03 10:44:00+02:00,2025-04-03 12:15:00+02:00,Short,5.0,12455,12468,13,3151.3,3135.0,808.8,Canal Exit,Canal Exit,4.8,4.458,-0.271,12468.0,12468.0,,0.0,0.0,802.6,802.6,,0.0,,False,False,False,10,12
MGC_v3,2025-04-03 19:36:00+02:00,2025-04-03 21:07:00+02:00,Long,3.0,12531,12544,13,3128.3,3130.9,74.28,Canal Exit,Canal Exit,7.9,0.646,-0.582,12544.0,12544.0,,0.0,0.0,70.56,70.56,,0.0,,True,True,False,19,21
MGC_v3,2025-04-07 16:27:00+02:00,2025-04-07 16:48:00+02:00,Short,1.0,12900,12903,3,3024.4,3015.7000000000003,85.76,Canal Exit,Canal Exit,32.2,0.379,-0.239,12903.0,12903.0,,0.0,0.0,84.52,84.52,,0.0,,False,False,False,16,16
MGC_v3,2025-04-08 00:49:00+02:00,2025-04-08 01:24:00+02:00,Long,4.0,12964,12969,5,3003.1000000000004,2996.6000000000004,-264.96,Stop Loss,Stop Loss,6.5,0.262,-1.077,,,,,,,,,,,,False,False,0,1
MGC_v3,2025-04-08 02:13:00+02:00,2025-04-08 03:44:00+02:00,Long,3.0,12976,12989,13,2999.6000000000004,3013.3000000000006,407.28,Canal Exit,Canal Exit,6.6,2.636,-0.545,12988.0,12989.0,,1.0,1.0,409.56,403.56,,-6.0,,True,True,False,2,3
MGC_v3,2025-04-08 15:24:00+02:00,2025-04-08 17:16:00+02:00,Long,1.0,13089,13105,16,3030.3,3023.7000000000003,-67.24,Canal Exit,Canal Exit,14.0,0.25,-0.95,13102.0,13105.0,13104.0,3.0,3.0,-86.48,-68.48,-97.48,18.0,-30.24,True,False,False,15,17
MGC_v3,2025-04-08 21:07:00+02:00,2025-04-08 21:56:00+02:00,Short,2.0,13138,13145,7,2996.9,2999.0,-44.48,Auto-Close (loss),Auto-Close (loss),10.5,0.59,-0.381,,,,,,,,,,,,False,True,21,21
MGC_v3,2025-04-09 01:17:00+02:00,2025-04-09 02:20:00+02:00,Short,2.0,13166,13175,9,2995.0,2997.5,-52.48,Canal Exit,Canal Exit,10.7,1.121,-0.374,13170.0,13175.0,,5.0,5.0,199.04,-54.96,,-254.0,,False,False,True,1,2
MGC_v3,2025-04-09 17:16:00+02:00,2025-04-09 19:29:00+02:00,Long,1.0,13303,13322,19,3100.9,3080.9,-201.24,Stop Loss,Stop Loss,20.0,0.8,-1.695,,,13321.0,,,,,-157.48,,43.76,,False,True,17,19
MGC_v3,2025-04-09 21:00:00+02:00,2025-04-09 21:28:00+02:00,Long,1.0,13335,13339,4,3095.5,3110.8,151.76,Canal Exit,Canal Exit,31.9,0.611,-0.48,13338.0,13339.0,,1.0,1.0,178.52,150.52,,-28.0,,True,True,False,21,21
MGC_v3,2025-04-10 01:31:00+02:00,2025-04-10 02:41:00+02:00,Long,1.0,13366,13376,10,3099.1000000000004,3109.0,97.76,Canal Exit,Canal Exit,13.3,1.346,-0.218,13373.0,13376.0,,3.0,3.0,74.52,96.52,,22.0,,True,True,False,1,2
MGC_v3,2025-04-10 13:04:00+02:00,2025-04-10 13:25:00+02:00,Short,2.0,13465,13468,3,3130.0,3140.1000000000004,-204.48,Stop Loss,Stop Loss,10.1,0.149,-1.059,,,,,,,,,,,,True,False,13,13
MGC_v3,2025-04-10 16:06:00+02:00,2025-04-10 16:27:00+02:00,Long,1.0,13491,13494,3,3161.7000000000003,3163.4,15.76,Canal Exit,Canal Exit,28.3,0.205,-0.322,13494.0,13494.0,,0.0,0.0,14.52,14.52,,0.0,,True,True,False,16,16
MGC_v3,2025-04-10 19:22:00+02:00,2025-04-10 21:28:00+02:00,Long,2.0,13519,13537,18,3179.6000000000004,3192.8,261.52,Canal Exit,Canal Exit,11.7,1.239,-0.376,13534.0,13537.0,,3.0,3.0,189.04,259.04,,70.0,,True,True,False,19,21
MGC_v3,2025-04-11 15:59:00+02:00,2025-04-11 17:09:00+02:00,Short,1.0,13688,13698,10,3244.1000000000004,3253.1000000000004,-91.24,Canal Exit,Canal Exit,18.0,0.261,-0.661,13690.0,13693.0,,8.0,3.0,-97.48,-9.48,,88.0,,False,False,False,15,17
MGC_v3,2025-04-11 17:51:00+02:00,2025-04-11 18:40:00+02:00,Long,1.0,13704,13711,7,3257.4,3250.9,-66.24,Canal Exit,Canal Exit,13.9,0.396,-0.763,13709.0,13711.0,13711.0,2.0,2.0,-44.48,-67.48,-67.48,-23.0,-1.24,True,False,False,17,18
MGC_v3,2025-04-14 00:07:00+02:00,2025-04-14 00:21:00+02:00,Short,1.0,13750,13752,2,3240.4,3235.7000000000003,45.76,Canal Exit,Canal Exit,16.7,0.677,-0.006,13751.0,13752.0,,1.0,1.0,28.52,44.52,,16.0,,False,False,False,0,0
MGC_v3,2025-04-14 01:45:00+02:00,2025-04-14 02:06:00+02:00,Long,2.0,13764,13767,3,3239.1000000000004,3240.0,15.52,Canal Exit,Canal Exit,10.1,0.287,-0.356,13766.0,13767.0,,1.0,1.0,3.04,13.04,,10.0,,True,True,False,1,2
MGC_v3,2025-04-14 12:01:00+02:00,2025-04-14 12:29:00+02:00,Short,2.0,13852,13856,4,3237.6000000000004,3222.6000000000004,297.52,Canal Exit,Canal Exit,10.0,1.6,-0.27,13856.0,13856.0,,0.0,0.0,295.04,295.04,,0.0,,False,False,False,12,12
MGC_v3,2025-04-14 14:28:00+02:00,2025-04-14 15:03:00+02:00,Short,1.0,13873,13878,5,3227.9,3218.8,89.76,Canal Exit,Canal Exit,16.5,0.685,-0.176,13876.0,13878.0,,2.0,2.0,46.52,88.52,,42.0,,False,False,False,14,15
MGC_v3,2025-04-14 21:42:00+02:00,2025-04-14 21:56:00+02:00,Long,2.0,13935,13937,2,3228.8,3228.1000000000004,-16.48,Auto-Close (loss),Auto-Close (loss),12.2,0.0,-0.279,,,,,,,,,,,,True,False,21,21
MGC_v3,2025-04-15 17:02:00+02:00,2025-04-15 17:51:00+02:00,Short,2.0,14093,14100,7,3234.4,3237.8,-70.48,Canal Exit,Canal Exit,9.0,0.111,-0.722,14097.0,14098.0,,3.0,1.0,-124.96,-44.96,,80.0,,True,True,False,17,17
MGC_v3,2025-04-16 12:36:00+02:00,2025-04-16 13:04:00+02:00,Long,6.0,14253,14257,4,3319.8,3315.6000000000004,-259.44,Stop Loss,Stop Loss,4.2,0.714,-1.714,,,,,,,,,,,,False,True,12,13
MGC_v3,2025-04-16 15:24:00+02:00,2025-04-16 15:38:00+02:00,Short,2.0,14277,14279,2,3320.7000000000003,3314.9,113.52,Canal Exit,Canal Exit,9.0,0.9,-0.2,14279.0,14279.0,,0.0,0.0,111.04,111.04,,0.0,,False,False,False,15,15
MGC_v3,2025-04-17 11:54:00+02:00,2025-04-17 12:22:00+02:00,Short,4.0,14445,14449,4,3335.3,3340.8,-224.96,Stop Loss,Stop Loss,5.5,0.145,-2.127,,,,,,,,,,,,True,False,11,12
MGC_v3,2025-04-17 15:03:00+02:00,2025-04-17 15:17:00+02:00,Long,3.0,14472,14474,2,3342.9,3335.3000000000006,-231.72,Stop Loss,Stop Loss,7.6,0.211,-1.053,,,,,,,,,,,,False,False,15,15
MGC_v3,2025-04-17 15:38:00+02:00,2025-04-17 15:45:00+02:00,Long,2.0,14477,14478,1,3342.7000000000003,3332.7000000000003,-202.48,Stop Loss,Stop Loss,10.0,0.35,-1.11,,,,,,,,,,,,False,False,15,15
MGC_v3,2025-04-17 21:42:00+02:00,2025-04-17 21:56:00+02:00,Long,2.0,14529,14531,2,3333.2000000000003,3334.6000000000004,25.52,Auto-Close (profit),Auto-Close (profit),9.5,0.211,-0.147,,,,,,,,,,,,False,False,21,21
MGC_v3,2025-04-21 13:39:00+02:00,2025-04-21 14:35:00+02:00,Long,1.0,14658,14666,8,3413.6000000000004,3414.9,11.76,Canal Exit,Canal Exit,15.7,0.369,-0.217,14661.0,14666.0,,5.0,5.0,28.52,10.52,,-18.0,,True,True,False,13,14
MGC_v3,2025-04-21 21:28:00+02:00,2025-04-21 21:49:00+02:00,Short,2.0,14725,14728,3,3432.1000000000004,3430.8,23.52,Canal Exit,Canal Exit,9.7,0.412,-0.361,14728.0,14728.0,,0.0,0.0,21.04,21.04,,0.0,,False,False,False,21,21
MGC_v3,2025-04-22 00:00:00+02:00,2025-04-22 00:28:00+02:00,Long,1.0,14739,14743,4,3441.1000000000004,3442.2000000000003,9.76,Canal Exit,Canal Exit,13.1,0.527,-0.534,14743.0,14743.0,,0.0,0.0,8.52,8.52,,0.0,,True,True,False,0,0
MGC_v3,2025-04-22 12:50:00+02:00,2025-04-22 15:31:00+02:00,Short,1.0,14849,14872,23,3465.6000000000004,3440.1000000000004,253.76,Canal Exit,Canal Exit,14.9,2.302,-0.738,14867.0,14872.0,14859.0,5.0,5.0,190.52,252.52,-13.48,62.0,-267.24,False,False,False,12,15
MGC_v3,2025-04-22 16:34:00+02:00,2025-04-22 17:58:00+02:00,Long,1.0,14881,14893,12,3448.1000000000004,3419.5,-287.24,Stop Loss,Stop Loss,28.6,0.15,-1.119,,,14890.0,,,,,-72.48,,214.76,,True,False,16,17
MGC_v3,2025-04-23 19:08:00+02:00,2025-04-23 20:18:00+02:00,Short,1.0,15101,15111,10,3301.4,3292.0,92.76,Canal Exit,Canal Exit,17.8,0.697,-0.64,15109.0,15111.0,,2.0,2.0,48.52,91.52,,43.0,,False,False,False,19,20
MGC_v3,2025-04-23 21:07:00+02:00,2025-04-23 21:28:00+02:00,Long,2.0,15118,15121,3,3302.4,3305.2000000000003,53.52,Canal Exit,Canal Exit,11.7,0.607,-0.402,15121.0,15121.0,,0.0,0.0,51.04,51.04,,0.0,,True,True,False,21,21
MGC_v3,2025-04-24 00:07:00+02:00,2025-04-24 00:28:00+02:00,Long,1.0,15136,15139,3,3322.7000000000003,3323.7000000000003,8.76,Canal Exit,Canal Exit,25.9,0.089,-0.193,15138.0,15139.0,,1.0,1.0,3.52,7.52,,4.0,,True,True,False,0,0
MGC_v3,2025-04-24 08:10:00+02:00,2025-04-24 08:59:00+02:00,Short,1.0,15205,15212,7,3330.8,3345.4,-147.24,Stop Loss,Stop Loss,14.6,0.411,-1.178,,,,,,,,,,,,False,False,8,8
MGC_v3,2025-04-24 10:23:00+02:00,2025-04-24 10:44:00+02:00,Short,3.0,15224,15227,3,3343.6000000000004,3351.0,-225.72,Stop Loss,Stop Loss,7.4,0.784,-1.203,,,,,,,,,,,,True,True,10,10
MGC_v3,2025-04-24 15:17:00+02:00,2025-04-24 21:28:00+02:00,Short,1.0,15266,15319,53,3342.8,3351.1000000000004,-84.24,Canal Exit,Canal Exit,13.9,1.863,-0.655,15310.0,15314.0,15280.0,9.0,4.0,-61.48,-41.48,55.52,20.0,139.76,True,False,True,15,21
MGC_v3,2025-04-24 21:35:00+02:00,2025-04-24 21:56:00+02:00,Long,3.0,15320,15323,3,3352.7000000000003,3353.7000000000003,26.28,Auto-Close (profit),Auto-Close (profit),7.7,0.831,-0.286,,,,,,,,,,,,True,False,21,21
MGC_v3,2025-04-25 05:08:00+02:00,2025-04-25 05:29:00+02:00,Long,4.0,15377,15380,3,3360.7000000000003,3357.1000000000004,-148.96,Canal Exit,Canal Exit,5.9,0.864,-0.915,15379.0,15379.0,,1.0,0.0,-45.92,-45.92,,0.0,,True,True,True,5,5
MGC_v3,2025-04-25 13:11:00+02:00,2025-04-25 14:14:00+02:00,Short,2.0,15446,15455,9,3306.5,3303.4,59.52,Canal Exit,Canal Exit,10.6,0.821,-0.491,15452.0,15455.0,,3.0,3.0,43.04,57.04,,14.0,,False,False,False,13,14
MGC_v3,2025-04-25 17:09:00+02:00,2025-04-25 18:54:00+02:00,Short,1.0,15480,15495,15,3283.3,3298.8,-156.24,Stop Loss,Stop Loss,15.5,0.232,-1.039,,,15485.0,,,,,-97.48,,58.76,,True,False,17,18
MGC_v3,2025-04-28 15:24:00+02:00,2025-04-28 15:38:00+02:00,Long,2.0,15663,15665,2,3310.4,3300.9,-192.48,Stop Loss,Stop Loss,9.5,0.232,-1.116,,,,,,,,,,,,False,False,15,15
MGC_v3,2025-04-28 16:13:00+02:00,2025-04-28 16:41:00+02:00,Long,1.0,15670,15674,4,3318.5,3343.7000000000003,250.76,Canal Exit,Canal Exit,21.6,1.227,-0.486,15674.0,15674.0,,0.0,0.0,249.52,249.52,,0.0,,True,True,False,16,16
MGC_v3,2025-04-29 02:27:00+02:00,2025-04-29 05:43:00+02:00,Short,3.0,15750,15778,28,3343.3,3321.9,638.28,Canal Exit,Canal Exit,7.7,3.182,-0.987,15775.0,15778.0,15761.0,3.0,3.0,577.56,634.56,136.56,57.0,-501.72,False,False,False,2,5
MGC_v3,2025-04-29 12:43:00+02:00,2025-04-29 13:25:00+02:00,Long,3.0,15838,15844,6,3323.3,3324.0,17.28,Canal Exit,Canal Exit,7.7,0.351,-0.429,15841.0,15844.0,,3.0,3.0,4.56,13.56,,9.0,,True,True,False,12,13
MGC_v3,2025-04-29 15:10:00+02:00,2025-04-29 15:45:00+02:00,Long,1.0,15859,15864,5,3326.0,3309.5,-166.24,Stop Loss,Stop Loss,16.5,0.352,-1.024,,,,,,,,,,,,True,False,15,15
MGC_v3,2025-04-29 15:52:00+02:00,2025-04-29 16:41:00+02:00,Short,1.0,15865,15872,7,3317.3,3322.4,-52.24,Canal Exit,Canal Exit,14.6,0.521,-0.774,15868.0,15872.0,15872.0,4.0,4.0,-16.48,-53.48,-53.48,-37.0,-1.24,False,True,True,15,16
MGC_v3,2025-04-29 17:37:00+02:00,2025-04-29 17:51:00+02:00,Short,2.0,15880,15882,2,3316.8,3322.9,-124.48,Canal Exit,Canal Exit,11.9,0.084,-0.723,15881.0,15881.0,,1.0,0.0,-106.96,-106.96,,0.0,,False,False,False,17,17
MGC_v3,2025-04-29 17:58:00+02:00,2025-04-29 18:19:00+02:00,Long,2.0,15883,15886,3,3326.7000000000003,3329.3,49.52,Canal Exit,Canal Exit,11.0,0.245,-0.4,15886.0,15886.0,,0.0,0.0,47.04,47.04,,0.0,,True,True,False,17,18
MGC_v3,2025-04-30 08:17:00+02:00,2025-04-30 09:20:00+02:00,Short,3.0,15998,16007,9,3316.0,3321.2000000000003,-159.72,Canal Exit,Canal Exit,8.2,0.463,-0.744,16006.0,16006.0,,1.0,0.0,-91.44,-91.44,,0.0,,False,False,False,8,9
MGC_v3,2025-04-30 17:58:00+02:00,2025-04-30 21:56:00+02:00,Long,1.0,16081,16115,34,3319.2000000000003,3306.9,-124.24,Auto-Close (loss),Auto-Close (loss),17.3,0.335,-0.96,,,16093.0,,,,,-2.48,,121.76,,False,False,17,21
MGC_v3,2025-05-01 10:23:00+02:00,2025-05-01 11:05:00+02:00,Long,4.0,16214,16220,6,3242.6000000000004,3236.5,-248.96,Stop Loss,Stop Loss,6.1,0.41,-1.164,16216.0,16218.0,,4.0,2.0,-93.92,-17.92,,76.0,,True,True,False,10,11
MGC_v3,2025-05-02 08:10:00+02:00,2025-05-02 08:45:00+02:00,Long,3.0,16393,16398,5,3265.5,3257.1000000000004,-255.72,Stop Loss,Stop Loss,8.4,0.702,-1.357,,,,,,,,,,,,True,True,8,8
MGC_v3,2025-05-02 19:22:00+02:00,2025-05-02 20:39:00+02:00,Long,2.0,16489,16500,11,3242.4,3233.3,-184.48,Canal Exit,Canal Exit,13.0,0.392,-0.838,16490.0,16490.0,,10.0,0.0,-24.96,-24.96,,0.0,,True,True,False,19,20
MGC_v3,2025-05-05 01:24:00+02:00,2025-05-05 03:58:00+02:00,Long,3.0,16533,16555,22,3250.3,3276.7000000000003,788.28,Canal Exit,Canal Exit,6.9,4.29,-0.319,16551.0,16555.0,16543.0,4.0,4.0,694.56,784.56,28.56,90.0,-759.72,True,True,False,1,3
MGC_v3,2025-05-05 17:37:00+02:00,2025-05-05 18:05:00+02:00,Long,3.0,16672,16676,4,3325.0,3317.3000000000006,-234.72,Stop Loss,Stop Loss,7.7,0.26,-1.442,16676.0,,,0.0,,-286.44,,,,,True,True,False,17,18
MGC_v3,2025-05-05 18:12:00+02:00,2025-05-05 20:18:00+02:00,Short,2.0,16677,16695,18,3318.4,3327.1000000000004,-176.48,Stop Loss,Stop Loss,8.7,0.322,-1.057,,,16684.0,,,,,-60.96,,115.52,,True,False,18,20
MGC_v3,2025-05-06 00:42:00+02:00,2025-05-06 02:20:00+02:00,Long,7.0,16725,16739,14,3339.9,3336.3,-260.68,Stop Loss,Stop Loss,3.6,1.139,-2.139,,,16739.0,,,,,-472.36,,-211.68,,False,True,0,2
MGC_v3,2025-05-06 11:54:00+02:00,2025-05-06 15:10:00+02:00,Long,2.0,16821,16849,28,3389.5,3404.8,303.52,Canal Exit,Canal Exit,10.2,1.618,-0.873,16847.0,16849.0,16827.0,2.0,2.0,251.04,301.04,-98.96,50.0,-402.48,True,True,False,11,15
MGC_v3,2025-05-07 00:14:00+02:00,2025-05-07 07:07:00+02:00,Short,1.0,16919,16978,59,3413.5,3392.8,205.76,Canal Exit,Canal Exit,34.6,1.338,-0.306,16978.0,16978.0,16934.0,0.0,0.0,204.52,204.52,97.52,0.0,-108.24,False,False,False,0,7
MGC_v3,2025-05-07 16:13:00+02:00,2025-05-07 18:05:00+02:00,Short,1.0,17056,17072,16,3388.8,3393.9,-52.24,Canal Exit,Canal Exit,17.9,0.296,-0.514,17057.0,17058.0,17071.0,15.0,1.0,-44.48,-43.48,-41.48,1.0,10.76,False,True,False,16,18
MGC_v3,2025-05-07 21:07:00+02:00,2025-05-07 21:56:00+02:00,Short,1.0,17098,17105,7,3382.7000000000003,3379.0,35.76,Auto-Close (profit),Auto-Close (profit),23.9,0.49,-0.251,,,,,,,,,,,,False,False,21,21
MGC_v3,2025-05-08 05:22:00+02:00,2025-05-08 16:06:00+02:00,Short,1.0,17161,17253,92,3404.8,3367.5,371.76,Canal Exit,Canal Exit,17.3,4.566,-0.329,17253.0,17253.0,17197.0,0.0,0.0,370.52,370.52,531.52,0.0,159.76,True,True,False,5,16
MGC_v3,2025-05-08 16:20:00+02:00,2025-05-08 21:56:00+02:00,Short,1.0,17255,17303,48,3358.5,3311.3,470.76,Auto-Close (profit),Auto-Close (profit),17.3,3.763,-0.561,,,17284.0,,,,,497.52,,26.76,,True,False,16,21
MGC_v3,2025-05-09 08:38:00+02:00,2025-05-09 13:46:00+02:00,Long,2.0,17387,17431,44,3327.8,3336.0,161.52,Canal Exit,Canal Exit,10.1,1.495,-0.455,17428.0,17431.0,17399.0,3.0,3.0,95.04,159.04,-34.96,64.0,-196.48,True,True,False,8,13
MGC_v3,2025-05-09 15:59:00+02:00,2025-05-09 16:27:00+02:00,Short,1.0,17450,17454,4,3331.6000000000004,3345.3,-138.24,Stop Loss,Stop Loss,13.7,0.511,-1.117,,,,,,,,,,,,False,True,15,16
MGC_v3,2025-05-09 16:34:00+02:00,2025-05-09 17:23:00+02:00,Long,1.0,17455,17462,7,3339.9,3344.2000000000003,41.76,Canal Exit,Canal Exit,15.4,0.565,-0.11,17461.0,17462.0,,1.0,1.0,65.52,40.52,,-25.0,,True,True,False,16,17
MGC_v3,2025-05-12 02:41:00+02:00,2025-05-12 07:07:00+02:00,Short,1.0,17534,17572,38,3280.6000000000004,3280.5,-0.24,Canal Exit,Canal Exit,15.3,1.196,-0.542,17571.0,17572.0,17546.0,1.0,1.0,-12.48,-1.48,-11.48,11.0,-11.24,False,False,True,2,7
MGC_v3,2025-05-12 16:34:00+02:00,2025-05-12 18:12:00+02:00,Long,1.0,17653,17667,14,3249.3,3235.5,-139.24,Stop Loss,Stop Loss,13.8,0.225,-1.159,,,,,,,,,,,,False,False,16,18
MGC_v3,2025-05-13 01:17:00+02:00,2025-05-13 03:30:00+02:00,Long,4.0,17720,17739,19,3239.5,3233.3,-252.96,Stop Loss,Stop Loss,6.2,1.339,-2.484,17738.0,,17733.0,1.0,,-237.92,,94.08,,347.04,False,False,True,1,3
MGC_v3,2025-05-13 13:53:00+02:00,2025-05-13 14:14:00+02:00,Short,2.0,17828,17831,3,3253.2000000000003,3243.7000000000003,187.52,Canal Exit,Canal Exit,10.3,1.068,-0.505,17831.0,17831.0,,0.0,0.0,185.04,185.04,,0.0,,False,False,False,13,14
MGC_v3,2025-05-13 20:32:00+02:00,2025-05-13 21:56:00+02:00,Long,3.0,17885,17897,12,3254.2000000000003,3254.1000000000004,-6.72,Auto-Close (loss),Auto-Close (loss),7.8,0.218,-0.449,17897.0,,,0.0,,-25.44,,,,,True,True,False,20,21
MGC_v3,2025-05-14 00:28:00+02:00,2025-05-14 00:56:00+02:00,Short,4.0,17911,17915,4,3254.4,3259.7000000000003,-216.96,Stop Loss,Stop Loss,5.3,0.132,-1.113,,,,,,,,,,,,False,False,0,0
MGC_v3,2025-05-14 08:52:00+02:00,2025-05-14 09:34:00+02:00,Short,3.0,17983,17989,6,3232.2000000000003,3240.0,-237.72,Stop Loss,Stop Loss,7.8,0.615,-1.333,17989.0,,,0.0,,-304.44,,,,,False,False,True,8,9
MGC_v3,2025-05-15 00:42:00+02:00,2025-05-15 01:10:00+02:00,Short,15.0,18111,18115,4,3185.3,3187.0,-273.6,Stop Loss,Stop Loss,1.7,1.529,-1.882,,,,,,,,,,,,True,True,0,1
MGC_v3,2025-05-16 12:15:00+02:00,2025-05-16 12:57:00+02:00,Short,2.0,18408,18414,6,3205.8,3179.4,525.52,Canal Exit,Canal Exit,10.3,3.311,-0.456,18414.0,18414.0,,0.0,0.0,523.04,523.04,,0.0,,False,False,False,12,12
MGC_v3,2025-05-16 14:42:00+02:00,2025-05-16 21:56:00+02:00,Long,1.0,18429,18491,62,3182.5,3194.4,117.76,Auto-Close (profit),Auto-Close (profit),26.1,0.659,-0.536,,,18445.0,,,,,-94.48,,-212.24,,True,False,14,21
MGC_v3,2025-05-20 04:05:00+02:00,2025-05-20 04:47:00+02:00,Short,1.0,18734,18740,6,3218.7000000000003,3212.9,56.76,Canal Exit,Canal Exit,17.1,0.538,-0.38,18738.0,18740.0,,2.0,2.0,54.52,55.52,,1.0,,False,False,False,4,4
MGC_v3,2025-05-20 15:38:00+02:00,2025-05-20 16:13:00+02:00,Long,2.0,18833,18838,5,3244.2000000000003,3285.2000000000003,817.52,Canal Exit,Canal Exit,9.1,4.56,-0.165,18838.0,18838.0,,0.0,0.0,815.04,815.04,,0.0,,True,True,False,15,16
MGC_v3,2025-05-20 19:01:00+02:00,2025-05-20 21:56:00+02:00,Long,4.0,18862,18887,25,3283.4,3296.7000000000003,527.04,Auto-Close (profit),Auto-Close (profit),5.4,2.704,-0.407,,,18881.0,,,,,346.08,,-180.96,,True,False,19,21
MGC_v3,2025-05-21 00:07:00+02:00,2025-05-21 03:23:00+02:00,Long,1.0,18898,18926,28,3304.9,3291.3,-137.24,Stop Loss,Stop Loss,13.6,0.868,-1.338,18921.0,,18907.0,5.0,,-6.48,,-98.48,,38.76,True,True,True,0,3
MGC_v3,2025-05-21 18:26:00+02:00,2025-05-21 18:47:00+02:00,Short,3.0,19055,19058,3,3310.0,3307.9,59.28,Canal Exit,Canal Exit,7.2,0.528,-0.486,19058.0,19058.0,,0.0,0.0,55.56,55.56,,0.0,,False,False,False,18,18
MGC_v3,2025-05-22 00:21:00+02:00,2025-05-22 01:59:00+02:00,Long,4.0,19098,19112,14,3320.7000000000003,3325.2000000000003,175.04,Canal Exit,Canal Exit,5.2,0.981,-0.712,19108.0,19112.0,,4.0,4.0,150.08,170.08,,20.0,,True,True,False,0,1
MGC_v3,2025-05-22 02:48:00+02:00,2025-05-22 03:30:00+02:00,Long,3.0,19119,19125,6,3326.4,3339.9,401.28,Canal Exit,Canal Exit,8.0,1.875,-0.637,19125.0,19125.0,,0.0,0.0,397.56,397.56,,0.0,,True,True,False,2,3
MGC_v3,2025-05-22 15:38:00+02:00,2025-05-22 16:06:00+02:00,Short,4.0,19229,19233,4,3310.6000000000004,3289.8,827.04,Canal Exit,Canal Exit,5.5,5.964,-0.018,19233.0,19233.0,,0.0,0.0,822.08,822.08,,0.0,,False,False,False,15,16
MGC_v3,2025-05-22 22:59:00+02:00,2025-05-23 02:48:00+02:00,Long,4.0,19292,19317,25,3294.9,3289.3,-228.96,Stop Loss,Stop Loss,5.6,2.518,-1.661,19316.0,,19311.0,1.0,,174.08,,178.08,,407.04,True,True,True,22,2
MGC_v3,2025-05-23 10:51:00+02:00,2025-05-23 13:32:00+02:00,Long,5.0,19386,19409,23,3326.5,3326.0,-31.2,Canal Exit,Canal Exit,4.5,1.733,-0.822,19409.0,19409.0,19398.0,0.0,0.0,-37.4,-37.4,22.6,0.0,53.8,True,True,True,10,13
MGC_v3,2025-05-23 15:31:00+02:00,2025-05-23 15:52:00+02:00,Short,1.0,19426,19429,3,3342.9,3339.8,29.76,Canal Exit,Canal Exit,22.7,0.256,-0.445,19427.0,19428.0,,2.0,1.0,-29.48,-29.48,,0.0,,False,False,False,15,15
MGC_v3,2025-05-26 13:25:00+02:00,2025-05-26 13:46:00+02:00,Short,7.0,19606,19609,3,3329.8,3333.2000000000003,-246.68,Stop Loss,Stop Loss,3.4,0.235,-1.382,,,,,,,,,,,,True,False,13,13
MGC_v3,2025-05-26 14:28:00+02:00,2025-05-26 14:56:00+02:00,Short,4.0,19615,19619,4,3329.2000000000003,3335.1000000000004,-240.96,Stop Loss,Stop Loss,5.9,0.525,-1.203,,,,,,,,,,,,True,True,14,14
MGC_v3,2025-05-26 18:12:00+02:00,2025-05-26 20:25:00+02:00,Long,9.0,19647,19666,19,3338.4,3342.4,348.84,Auto-Close (profit),Auto-Close (profit),2.8,1.893,-0.25,,,19661.0,,,,,229.68,,-119.16,,False,False,18,20
MGC_v3,2025-05-27 00:21:00+02:00,2025-05-27 00:42:00+02:00,Long,4.0,19670,19673,3,3346.8,3347.2000000000003,11.04,Canal Exit,Canal Exit,5.9,0.356,-0.441,19673.0,19673.0,,0.0,0.0,6.08,6.08,,0.0,,True,True,False,0,0
MGC_v3,2025-05-27 15:59:00+02:00,2025-05-27 18:26:00+02:00,Short,1.0,19804,19825,21,3289.9,3296.1000000000004,-63.24,Canal Exit,Canal Exit,13.9,0.468,-0.899,19818.0,19818.0,19811.0,7.0,0.0,-16.48,-16.48,-93.48,0.0,-30.24,False,False,False,15,18
MGC_v3,2025-05-27 21:00:00+02:00,2025-05-27 21:56:00+02:00,Long,5.0,19847,19855,8,3303.2000000000003,3303.0,-16.2,Auto-Close (loss),Auto-Close (loss),5.1,0.725,-0.275,,,,,,,,,,,,True,True,21,21
MGC_v3,2025-05-28 00:56:00+02:00,2025-05-28 01:03:00+02:00,Long,4.0,19873,19874,1,3303.3,3297.4,-240.96,Stop Loss,Stop Loss,5.9,0.153,-1.407,,,,,,,,,,,,True,False,0,1
MGC_v3,2025-05-28 15:24:00+02:00,2025-05-28 21:56:00+02:00,Short,2.0,19997,20053,56,3333.3,3322.3,217.52,Auto-Close (profit),Auto-Close (profit),9.6,2.01,-0.26,20051.0,,20023.0,2.0,,237.04,,233.04,,15.52,False,False,False,15,21
MGC_v3,2025-05-29 08:03:00+02:00,2025-05-29 09:27:00+02:00,Long,5.0,20132,20144,12,3294.2000000000003,3302.9,428.8,Canal Exit,Canal Exit,4.7,2.872,-0.489,20144.0,20144.0,,0.0,0.0,422.6,422.6,,0.0,,True,True,False,8,9
MGC_v3,2025-05-29 12:01:00+02:00,2025-05-29 13:25:00+02:00,Long,2.0,20166,20178,12,3310.8,3327.3,327.52,Canal Exit,Canal Exit,10.6,1.594,-0.358,20171.0,20178.0,,7.0,7.0,207.04,325.04,,118.0,,True,True,False,12,13
MGC_v3,2025-05-29 17:02:00+02:00,2025-05-29 19:01:00+02:00,Long,2.0,20209,20226,17,3340.6000000000004,3346.8,121.52,Canal Exit,Canal Exit,12.0,1.292,-0.317,20221.0,20226.0,,5.0,5.0,201.04,119.04,,-82.0,,True,True,False,17,19
MGC_v3,2025-05-29 20:53:00+02:00,2025-05-29 21:14:00+02:00,Long,8.0,20242,20245,3,3345.1000000000004,3341.9,-265.92,Stop Loss,Stop Loss,3.2,0.219,-1.312,,,,,,,,,,,,False,False,20,21
MGC_v3,2025-05-30 00:49:00+02:00,2025-05-30 03:16:00+02:00,Short,3.0,20268,20289,21,3338.4,3345.9,-228.72,Stop Loss,Stop Loss,7.5,0.72,-1.147,20286.0,,20280.0,3.0,,10.56,,10.56,,239.28,False,True,True,0,3
MGC_v3,2025-05-30 08:24:00+02:00,2025-05-30 10:16:00+02:00,Short,2.0,20333,20349,16,3317.2000000000003,3321.2000000000003,-82.48,Canal Exit,Canal Exit,11.6,0.491,-0.759,20345.0,20346.0,,4.0,1.0,-72.96,-36.96,,36.0,,False,False,False,8,10
MGC_v3,2025-05-30 14:14:00+02:00,2025-05-30 14:56:00+02:00,Long,1.0,20383,20389,6,3326.1000000000004,3329.2000000000003,29.76,Canal Exit,Canal Exit,19.5,0.256,-0.287,20385.0,20385.0,,4.0,0.0,-25.48,-25.48,,0.0,,True,True,False,14,14
MGC_v3,2025-05-30 15:31:00+02:00,2025-05-30 15:45:00+02:00,Short,2.0,20394,20396,2,3322.0,3308.9,259.52,Canal Exit,Canal Exit,11.1,1.234,-0.207,20396.0,20396.0,,0.0,0.0,257.04,257.04,,0.0,,False,False,False,15,15
MGC_v3,2025-05-30 18:40:00+02:00,2025-05-30 18:54:00+02:00,Short,3.0,20421,20423,2,3310.3,3317.2000000000003,-210.72,Stop Loss,Stop Loss,6.9,0.246,-1.435,,,,,,,,,,,,True,False,18,18
MGC_v3,2025-06-02 00:07:00+02:00,2025-06-02 01:10:00+02:00,Long,1.0,20460,20469,9,3332.0,3335.8,36.76,Canal Exit,Canal Exit,19.4,0.402,-0.433,20462.0,20463.0,,7.0,1.0,-48.48,-47.48,,1.0,,True,True,False,0,1
MGC_v3,2025-06-02 12:01:00+02:00,2025-06-02 13:39:00+02:00,Long,8.0,20562,20576,14,3371.6000000000004,3381.3,766.08,Canal Exit,Canal Exit,2.9,4.759,-0.966,20576.0,20576.0,,0.0,0.0,756.16,756.16,,0.0,,True,True,False,12,13
MGC_v3,2025-06-02 14:56:00+02:00,2025-06-02 15:24:00+02:00,Short,2.0,20587,20591,4,3380.0,3376.8,61.52,Canal Exit,Canal Exit,9.1,0.418,-0.264,20589.0,20589.0,,2.0,0.0,-30.96,-30.96,,0.0,,False,False,False,14,15
MGC_v3,2025-06-02 19:08:00+02:00,2025-06-02 21:35:00+02:00,Long,4.0,20623,20644,21,3400.0,3405.6000000000004,219.04,Canal Exit,Canal Exit,5.8,1.0,-0.741,20640.0,20644.0,,4.0,4.0,166.08,214.08,,48.0,,True,True,False,19,21
MGC_v3,2025-06-03 00:07:00+02:00,2025-06-03 01:17:00+02:00,Long,4.0,20658,20668,10,3410.6000000000004,3414.9,167.04,Canal Exit,Canal Exit,6.5,0.908,-0.308,20662.0,20668.0,,6.0,6.0,178.08,162.08,,-16.0,,True,True,False,0,1
MGC_v3,2025-06-03 05:29:00+02:00,2025-06-03 10:09:00+02:00,Short,3.0,20704,20744,40,3390.1000000000004,3387.8000000000006,65.28,Canal Exit,Canal Exit,8.6,1.674,-0.302,20736.0,20744.0,20718.0,8.0,8.0,223.56,61.56,73.56,-162.0,8.28,False,True,False,5,10
MGC_v3,2025-06-03 14:07:00+02:00,2025-06-03 14:35:00+02:00,Short,3.0,20778,20782,4,3378.3,3385.0,-204.72,Stop Loss,Stop Loss,6.7,0.955,-1.075,20781.0,,,1.0,,13.56,,,,,False,False,True,14,14
MGC_v3,2025-06-03 14:49:00+02:00,2025-06-03 15:45:00+02:00,Long,2.0,20784,20792,8,3382.4,3371.8,-214.48,Stop Loss,Stop Loss,10.6,0.434,-1.613,,,20792.0,,,,,-278.96,,-64.48,,False,False,14,15
MGC_v3,2025-06-03 21:07:00+02:00,2025-06-03 21:56:00+02:00,Long,6.0,20838,20845,7,3378.8,3376.4,-151.44,Auto-Close (loss),Auto-Close (loss),4.3,0.209,-0.86,,,,,,,,,,,,False,False,21,21
MGC_v3,2025-06-04 02:06:00+02:00,2025-06-04 03:16:00+02:00,Short,2.0,20873,20883,10,3376.8,3386.1000000000004,-188.48,Stop Loss,Stop Loss,9.3,0.763,-1.129,20874.0,20875.0,,9.0,1.0,-124.96,-114.96,,10.0,,False,False,True,2,3
MGC_v3,2025-06-04 09:55:00+02:00,2025-06-04 10:58:00+02:00,Short,2.0,20940,20949,9,3378.4,3386.1000000000004,-156.48,Canal Exit,Canal Exit,10.8,0.315,-0.87,20946.0,20949.0,,3.0,3.0,-102.96,-158.96,,-56.0,,False,False,False,9,10
MGC_v3,2025-06-05 16:48:00+02:00,2025-06-05 17:23:00+02:00,Short,1.0,21197,21202,5,3391.4,3385.5,57.76,Canal Exit,Canal Exit,21.3,0.376,-0.235,21201.0,21202.0,,1.0,1.0,26.52,56.52,,30.0,,False,False,False,16,17
MGC_v3,2025-06-06 05:08:00+02:00,2025-06-06 05:22:00+02:00,Short,4.0,21295,21297,2,3383.8,3389.6000000000004,-236.96,Stop Loss,Stop Loss,5.8,0.362,-1.052,,,,,,,,,,,,False,False,5,5
MGC_v3,2025-06-06 05:29:00+02:00,2025-06-06 05:50:00+02:00,Long,2.0,21298,21301,3,3391.5,3393.8,43.52,Canal Exit,Canal Exit,9.9,0.242,-0.232,21301.0,21301.0,,0.0,0.0,41.04,41.04,,0.0,,True,True,False,5,5
MGC_v3,2025-06-09 00:49:00+02:00,2025-06-09 02:41:00+02:00,Short,3.0,21456,21472,16,3331.7000000000003,3320.4,335.28,Canal Exit,Canal Exit,7.8,1.808,-0.987,21471.0,21472.0,,1.0,1.0,148.56,331.56,,183.0,,False,False,False,0,2
MGC_v3,2025-06-09 04:40:00+02:00,2025-06-09 08:59:00+02:00,Long,2.0,21489,21526,37,3325.7000000000003,3342.8,339.52,Canal Exit,Canal Exit,12.7,1.598,-0.283,21526.0,21526.0,21511.0,0.0,0.0,337.04,337.04,93.04,0.0,-246.48,True,True,False,4,8
MGC_v3,2025-06-09 14:56:00+02:00,2025-06-09 15:38:00+02:00,Short,4.0,21577,21583,6,3337.8,3335.0,107.04,Canal Exit,Canal Exit,5.6,1.143,-0.804,21583.0,21583.0,,0.0,0.0,102.08,102.08,,0.0,,False,False,False,14,15
MGC_v3,2025-06-10 20:04:00+02:00,2025-06-10 21:14:00+02:00,Short,8.0,21819,21829,10,3344.2000000000003,3347.1000000000004,-241.92,Stop Loss,Stop Loss,2.9,1.483,-2.517,,,,,,,,,,,,True,True,20,21
MGC_v3,2025-06-11 18:19:00+02:00,2025-06-11 20:11:00+02:00,Short,2.0,22002,22018,16,3351.1000000000004,3363.7000000000003,-254.48,Stop Loss,Stop Loss,12.6,0.937,-1.079,,,22018.0,,,,,-226.96,,27.52,,True,True,18,20
MGC_v3,2025-06-12 02:13:00+02:00,2025-06-12 08:24:00+02:00,Long,2.0,22062,22115,53,3387.2000000000003,3390.8,69.52,Canal Exit,Canal Exit,9.4,1.202,-0.5,22111.0,22115.0,22089.0,4.0,4.0,129.04,67.04,147.04,-62.0,77.52,True,False,False,2,8
MGC_v3,2025-06-12 17:30:00+02:00,2025-06-12 21:56:00+02:00,Long,2.0,22193,22231,38,3409.2000000000003,3408.5,-16.48,Auto-Close (loss),Auto-Close (loss),11.2,0.286,-0.938,22217.0,22219.0,22205.0,14.0,2.0,-118.96,-78.96,-98.96,40.0,-82.48,True,True,False,17,21
MGC_v3,2025-06-13 17:58:00+02:00,2025-06-13 18:05:00+02:00,Long,3.0,22395,22396,1,3448.2000000000003,3440.4,-237.72,Stop Loss,Stop Loss,7.8,0.103,-1.103,,,,,,,,,,,,False,False,17,18
MGC_v3,2025-06-13 21:42:00+02:00,2025-06-13 21:56:00+02:00,Short,3.0,22427,22429,2,3452.4,3452.2000000000003,2.28,Auto-Close (profit),Auto-Close (profit),7.2,0.278,-0.361,22428.0,,,1.0,,10.56,,,,,False,False,False,21,21
MGC_v3,2025-06-16 01:52:00+02:00,2025-06-16 02:27:00+02:00,Short,3.0,22455,22460,5,3464.0,3470.7000000000003,-204.72,Stop Loss,Stop Loss,6.7,1.03,-1.119,,,,,,,,,,,,False,True,1,2
MGC_v3,2025-06-16 13:46:00+02:00,2025-06-16 14:21:00+02:00,Short,3.0,22557,22562,5,3434.1000000000004,3434.0,-0.72,Canal Exit,Canal Exit,8.4,0.476,-0.381,22559.0,22562.0,,3.0,3.0,-28.44,-4.44,,24.0,,False,False,False,13,14
MGC_v3,2025-06-16 18:26:00+02:00,2025-06-16 20:11:00+02:00,Short,3.0,22597,22612,15,3417.9,3409.3000000000006,254.28,Canal Exit,Canal Exit,7.6,1.145,-0.289,22610.0,22612.0,,2.0,2.0,178.56,250.56,,72.0,,False,False,False,18,20
MGC_v3,2025-06-17 04:19:00+02:00,2025-06-17 04:54:00+02:00,Long,3.0,22674,22679,5,3416.6000000000004,3408.6000000000004,-243.72,Stop Loss,Stop Loss,8.0,0.412,-1.188,,,,,,,,,,,,False,False,4,4
MGC_v3,2025-06-17 20:39:00+02:00,2025-06-17 21:07:00+02:00,Short,7.0,22814,22818,4,3407.6000000000004,3403.100000000001,306.32,Canal Exit,Canal Exit,3.6,1.806,-0.639,22818.0,22818.0,,0.0,0.0,297.64,297.64,,0.0,,False,False,False,20,21
MGC_v3,2025-06-18 01:31:00+02:00,2025-06-18 04:19:00+02:00,Short,3.0,22848,22872,24,3407.1000000000004,3393.1000000000004,416.28,Canal Exit,Canal Exit,6.8,2.279,-0.176,22868.0,22872.0,22863.0,4.0,4.0,214.56,412.56,79.56,198.0,-336.72,False,False,False,1,4
MGC_v3,2025-06-19 01:10:00+02:00,2025-06-19 02:20:00+02:00,Short,3.0,23043,23053,10,3389.9,3396.7000000000003,-207.72,Stop Loss,Stop Loss,6.8,0.324,-1.074,,,,,,,,,,,,True,False,1,2
MGC_v3,2025-06-20 01:24:00+02:00,2025-06-20 01:52:00+02:00,Long,4.0,23221,23225,4,3384.8,3384.9,-0.96,Canal Exit,Canal Exit,6.4,0.328,-0.516,23223.0,23225.0,,2.0,2.0,-61.92,-5.92,,56.0,,True,True,False,1,1
MGC_v3,2025-06-20 12:50:00+02:00,2025-06-20 15:24:00+02:00,Short,8.0,23319,23341,22,3371.4,3374.6000000000004,-265.92,Stop Loss,Stop Loss,3.2,4.406,-1.125,,,23340.0,,,,,-27.84,,238.08,,True,True,12,15
MGC_v3,2025-06-23 05:43:00+02:00,2025-06-23 07:14:00+02:00,Short,10.0,23456,23469,13,3379.1000000000004,3372.6,637.6,Canal Exit,Canal Exit,2.6,2.808,-0.5,23467.0,23469.0,,2.0,2.0,355.2,625.2,,270.0,,False,False,False,5,7
MGC_v3,2025-06-23 19:01:00+02:00,2025-06-23 19:15:00+02:00,Long,2.0,23570,23572,2,3404.6000000000004,3395.9,-176.48,Stop Loss,Stop Loss,8.7,0.23,-1.23,,,,,,,,,,,,False,False,19,19
MGC_v3,2025-06-24 19:57:00+02:00,2025-06-24 20:25:00+02:00,Short,5.0,23776,23780,4,3331.0,3330.4,23.8,Canal Exit,Canal Exit,4.8,0.25,-0.5,23777.0,23778.0,,3.0,1.0,-92.4,-42.4,,50.0,,False,False,False,19,20
MGC_v3,2025-06-24 21:28:00+02:00,2025-06-24 21:56:00+02:00,Long,4.0,23789,23793,4,3336.3,3337.6000000000004,47.04,Auto-Close (profit),Auto-Close (profit),6.5,0.446,-0.8,,,,,,,,,,,,True,False,21,21
MGC_v3,2025-06-25 00:21:00+02:00,2025-06-25 02:06:00+02:00,Short,7.0,23806,23821,15,3336.7000000000003,3340.0,-239.68,Stop Loss,Stop Loss,3.3,0.939,-1.303,,,23820.0,,,,,-220.36,,19.32,,True,True,0,2
MGC_v3,2025-06-25 13:39:00+02:00,2025-06-25 15:10:00+02:00,Short,5.0,23920,23933,13,3339.0,3329.7,458.8,Canal Exit,Canal Exit,4.7,2.489,-0.915,23932.0,23933.0,23927.0,1.0,1.0,422.6,452.6,-7.4,30.0,-466.2,False,False,False,13,15
MGC_v3,2025-06-25 21:21:00+02:00,2025-06-25 21:56:00+02:00,Long,6.0,23986,23991,5,3347.3,3348.3000000000006,52.56,Auto-Close (profit),Auto-Close (profit),4.0,0.75,-0.65,23991.0,,,0.0,,51.12,,,,,True,True,False,21,21
MGC_v3,2025-06-26 00:56:00+02:00,2025-06-26 02:34:00+02:00,Long,6.0,24009,24023,14,3348.2000000000003,3348.3000000000006,-1.44,Canal Exit,Canal Exit,3.9,1.564,-0.692,24014.0,24023.0,24022.0,9.0,9.0,201.12,-8.88,-152.88,-210.0,-151.44,True,False,True,0,2
MGC_v3,2025-06-26 12:36:00+02:00,2025-06-26 13:32:00+02:00,Long,14.0,24109,24117,8,3353.0,3351.2000000000003,-269.36,Stop Loss,Stop Loss,1.8,2.5,-3.0,24116.0,,,1.0,,-34.72,,,,,True,True,True,12,13
MGC_v3,2025-06-26 21:49:00+02:00,2025-06-26 21:56:00+02:00,Long,10.0,24188,24189,1,3343.4,3345.0,147.6,Auto-Close (profit),Auto-Close (profit),2.4,1.125,-0.292,,,,,,,,,,,,False,False,21,21
MGC_v3,2025-06-27 08:03:00+02:00,2025-06-27 13:39:00+02:00,Short,3.0,24268,24316,48,3305.2000000000003,3294.1000000000004,329.28,Canal Exit,Canal Exit,7.9,1.924,-0.861,24316.0,24316.0,24291.0,0.0,0.0,325.56,325.56,61.56,0.0,-267.72,False,False,False,8,13
MGC_v3,2025-06-27 21:00:00+02:00,2025-06-27 21:14:00+02:00,Long,5.0,24379,24381,2,3286.8,3282.1,-241.2,Stop Loss,Stop Loss,4.7,0.426,-1.426,,,,,,,,,,,,False,False,21,21
MGC_v3,2025-06-30 02:41:00+02:00,2025-06-30 03:16:00+02:00,Short,4.0,24420,24425,5,3276.6000000000004,3281.9,-216.96,Stop Loss,Stop Loss,5.3,1.302,-1.623,,,24425.0,,,,,-285.92,,-68.96,,True,True,2,3
MGC_v3,2025-06-30 20:04:00+02:00,2025-06-30 21:56:00+02:00,Long,4.0,24569,24585,16,3309.9,3320.5,419.04,Auto-Close (profit),Auto-Close (profit),6.2,1.919,-0.645,24583.0,,,2.0,,350.08,,,,,True,True,False,20,21
MGC_v3,2025-07-01 04:19:00+02:00,2025-07-01 05:22:00+02:00,Short,3.0,24632,24641,9,3325.8,3333.1000000000004,-222.72,Stop Loss,Stop Loss,7.3,0.137,-1.123,,,,,,,,,,,,False,False,4,5
MGC_v3,2025-07-01 22:59:00+02:00,2025-07-02 00:21:00+02:00,Short,10.0,24792,24796,4,3349.7000000000003,3352.3,-272.4,Stop Loss,Stop Loss,2.6,1.615,-1.615,,,,,,,,,,,,True,True,22,0
MGC_v3,2025-07-02 20:11:00+02:00,2025-07-02 21:56:00+02:00,Long,6.0,24966,24981,15,3362.3,3368.7000000000003,376.56,Auto-Close (profit),Auto-Close (profit),4.3,1.907,-0.372,,,,,,,,,,,,True,False,20,21
MGC_v3,2025-07-03 05:15:00+02:00,2025-07-03 06:46:00+02:00,Short,5.0,25036,25049,13,3357.6000000000004,3362.5,-251.2,Stop Loss,Stop Loss,4.9,0.449,-1.102,,,25046.0,,,,,-142.4,,108.8,,True,False,5,6
MGC_v3,2025-07-03 21:35:00+02:00,2025-07-03 21:56:00+02:00,Long,10.0,25176,25179,3,3338.9,3338.6,-42.4,Auto-Close (loss),Auto-Close (loss),2.6,0.192,-0.346,,,,,,,,,,,,True,False,21,21
MGC_v3,2025-07-04 08:17:00+02:00,2025-07-04 09:06:00+02:00,Long,4.0,25260,25267,7,3353.8,3348.0,-236.96,Stop Loss,Stop Loss,5.8,0.224,-1.155,,,,,,,,,,,,False,False,8,9
MGC_v3,2025-07-04 15:59:00+02:00,2025-07-04 16:41:00+02:00,Short,4.0,25326,25332,6,3342.4,3341.1000000000004,47.04,Canal Exit,Canal Exit,5.8,0.293,-0.448,25331.0,25332.0,,1.0,1.0,2.08,42.08,,40.0,,False,False,False,15,16
MGC_v3,2025-07-08 05:01:00+02:00,2025-07-08 05:57:00+02:00,Short,4.0,25593,25601,8,3342.5,3340.1000000000004,91.04,Canal Exit,Canal Exit,5.8,0.483,-0.569,25598.0,25601.0,,3.0,3.0,22.08,86.08,,64.0,,False,False,False,5,5
MGC_v3,2025-07-08 10:02:00+02:00,2025-07-08 15:45:00+02:00,Short,2.0,25636,25685,49,3338.1000000000004,3324.7000000000003,265.52,Canal Exit,Canal Exit,11.6,1.216,-0.319,25683.0,25685.0,25653.0,2.0,2.0,89.04,263.04,95.04,174.0,-170.48,False,False,False,10,15
MGC_v3,2025-07-08 19:50:00+02:00,2025-07-08 21:28:00+02:00,Short,5.0,25720,25734,14,3315.0,3313.4,73.8,Canal Exit,Canal Exit,4.6,1.37,-0.457,25733.0,25734.0,,1.0,1.0,97.6,67.6,,-30.0,,False,False,False,19,21
MGC_v3,2025-07-09 01:10:00+02:00,2025-07-09 01:24:00+02:00,Long,10.0,25758,25760,2,3310.8,3309.3,-162.4,Canal Exit,Canal Exit,2.5,0.64,-0.64,25760.0,25760.0,,0.0,0.0,-174.8,-174.8,,0.0,,True,True,True,1,1
MGC_v3,2025-07-09 01:59:00+02:00,2025-07-09 03:44:00+02:00,Long,2.0,25765,25780,15,3316.1000000000004,3308.8,-148.48,Canal Exit,Canal Exit,11.0,0.027,-0.736,25767.0,25768.0,,13.0,1.0,-48.96,-72.96,,-24.0,,True,True,False,1,3
MGC_v3,2025-07-09 03:58:00+02:00,2025-07-09 09:06:00+02:00,Short,4.0,25782,25826,44,3310.4,3299.9,415.04,Canal Exit,Canal Exit,5.9,2.983,-0.254,25822.0,25826.0,25800.0,4.0,4.0,494.08,410.08,258.08,-84.0,-156.96,False,True,False,3,9
MGC_v3,2025-07-09 10:09:00+02:00,2025-07-09 10:37:00+02:00,Short,3.0,25835,25839,4,3297.0,3294.1000000000004,83.28,Canal Exit,Canal Exit,7.6,0.921,-0.263,25839.0,25839.0,,0.0,0.0,79.56,79.56,,0.0,,False,False,False,10,10
MGC_v3,2025-07-09 18:19:00+02:00,2025-07-09 21:56:00+02:00,Long,4.0,25905,25936,31,3320.0,3324.5,175.04,Auto-Close (profit),Auto-Close (profit),5.7,1.0,-0.596,25933.0,,,3.0,,194.08,,,,,True,True,False,18,21
MGC_v3,2025-07-10 08:45:00+02:00,2025-07-10 09:06:00+02:00,Short,6.0,26021,26024,3,3332.7000000000003,3336.9,-259.44,Stop Loss,Stop Loss,4.2,0.214,-1.286,,,,,,,,,,,,True,False,8,9
MGC_v3,2025-07-10 18:26:00+02:00,2025-07-10 19:29:00+02:00,Short,4.0,26104,26113,9,3324.6000000000004,3326.3,-72.96,Canal Exit,Canal Exit,6.0,0.667,-0.517,26109.0,26112.0,,4.0,3.0,-49.92,-49.92,,0.0,,False,False,True,18,19
MGC_v3,2025-07-11 11:54:00+02:00,2025-07-11 12:15:00+02:00,Long,2.0,26246,26249,3,3351.2000000000003,3353.2000000000003,37.52,Canal Exit,Canal Exit,9.1,0.319,-0.308,26249.0,26249.0,,0.0,0.0,35.04,35.04,,0.0,,True,True,False,11,12
MGC_v3,2025-07-11 14:07:00+02:00,2025-07-11 14:28:00+02:00,Short,5.0,26265,26268,3,3357.5,3362.2,-241.2,Stop Loss,Stop Loss,4.7,0.404,-1.489,26266.0,26268.0,,2.0,2.0,-142.4,-327.4,,-185.0,,False,False,False,14,14
MGC_v3,2025-07-11 19:50:00+02:00,2025-07-11 21:00:00+02:00,Long,6.0,26314,26324,10,3367.3,3372.7000000000003,316.56,Canal Exit,Canal Exit,4.1,1.415,-0.171,26320.0,26324.0,,4.0,4.0,237.12,309.12,,72.0,,True,True,False,19,21
MGC_v3,2025-07-11 21:49:00+02:00,2025-07-11 21:56:00+02:00,Short,10.0,26331,26332,1,3371.7000000000003,3371.7,-12.4,Auto-Close (profit),Auto-Close (profit),2.5,0.48,-0.28,,,,,,,,,,,,True,False,21,21
MGC_v3,2025-07-14 00:07:00+02:00,2025-07-14 00:28:00+02:00,Long,1.0,26343,26346,3,3383.7000000000003,3384.3,4.76,Canal Exit,Canal Exit,15.5,0.245,-0.361,26345.0,26346.0,,1.0,1.0,21.52,3.52,,-18.0,,True,True,False,0,0
MGC_v3,2025-07-14 10:23:00+02:00,2025-07-14 10:58:00+02:00,Short,3.0,26431,26436,5,3377.9,3376.0,53.28,Canal Exit,Canal Exit,8.5,0.294,-0.341,26432.0,26434.0,,4.0,2.0,-1.44,-28.44,,-27.0,,False,False,False,10,10
MGC_v3,2025-07-14 13:46:00+02:00,2025-07-14 21:56:00+02:00,Short,3.0,26460,26530,70,3377.6000000000004,3353.3000000000006,725.28,Auto-Close (profit),Auto-Close (profit),6.6,4.424,-0.697,26526.0,,26477.0,4.0,,613.56,,346.56,,-378.72,False,False,False,13,21
MGC_v3,2025-07-15 04:19:00+02:00,2025-07-15 05:22:00+02:00,Long,5.0,26577,26586,9,3359.1000000000004,3363.4,208.8,Canal Exit,Canal Exit,4.6,1.239,-0.609,26586.0,26586.0,,0.0,0.0,202.6,202.6,,0.0,,True,True,False,4,5
MGC_v3,2025-07-15 11:54:00+02:00,2025-07-15 12:22:00+02:00,Long,5.0,26642,26646,4,3372.0,3372.4,13.8,Canal Exit,Canal Exit,4.6,0.761,-0.239,26645.0,26646.0,,1.0,1.0,132.6,7.6,,-125.0,,True,True,False,11,12
MGC_v3,2025-07-16 01:10:00+02:00,2025-07-16 01:24:00+02:00,Long,4.0,26748,26750,2,3334.9,3335.1000000000004,3.04,Canal Exit,Canal Exit,5.9,0.254,-0.271,26750.0,26750.0,,0.0,0.0,-1.92,-1.92,,0.0,,True,True,False,1,1
MGC_v3,2025-07-16 04:05:00+02:00,2025-07-16 05:29:00+02:00,Short,3.0,26773,26785,12,3334.3,3341.2000000000003,-210.72,Stop Loss,Stop Loss,6.9,0.42,-1.029,,,26785.0,,,,,-205.44,,5.28,,True,False,4,5
MGC_v3,2025-07-16 08:03:00+02:00,2025-07-16 11:54:00+02:00,Long,2.0,26807,26840,33,3347.7000000000003,3347.1000000000004,-14.48,Canal Exit,Canal Exit,8.8,0.239,-0.636,26834.0,26837.0,26813.0,6.0,3.0,-14.96,-10.96,-28.96,4.0,-14.48,True,True,False,8,11
MGC_v3,2025-07-16 12:01:00+02:00,2025-07-16 15:24:00+02:00,Short,6.0,26841,26870,29,3345.9,3340.5,316.56,Canal Exit,Canal Exit,4.0,2.05,-0.65,26866.0,26870.0,26858.0,4.0,4.0,135.12,309.12,-56.88,174.0,-373.44,False,False,False,12,15
MGC_v3,2025-07-17 00:56:00+02:00,2025-07-17 02:06:00+02:00,Short,8.0,26944,26954,10,3355.3,3350.4,382.08,Canal Exit,Canal Exit,3.1,1.613,-0.258,26952.0,26954.0,,2.0,2.0,268.16,372.16,,104.0,,False,False,False,0,2
MGC_v3,2025-07-17 15:52:00+02:00,2025-07-17 21:56:00+02:00,Long,2.0,27072,27124,52,3324.6000000000004,3345.3,411.52,Auto-Close (profit),Auto-Close (profit),10.4,2.115,-0.154,,,27093.0,,,,,383.04,,-28.48,,True,False,15,21
MGC_v3,2025-07-18 01:45:00+02:00,2025-07-18 04:19:00+02:00,Short,6.0,27149,27171,22,3346.2000000000003,3350.1000000000004,-241.44,Stop Loss,Stop Loss,3.9,1.462,-1.026,,,27170.0,,,,,-176.88,,64.56,,True,True,1,4
MGC_v3,2025-07-18 19:08:00+02:00,2025-07-18 20:11:00+02:00,Short,4.0,27298,27307,9,3358.6000000000004,3356.6000000000004,75.04,Canal Exit,Canal Exit,5.9,0.424,-0.254,27303.0,27307.0,,4.0,4.0,26.08,70.08,,44.0,,False,False,False,19,20
MGC_v3,2025-07-21 00:07:00+02:00,2025-07-21 02:27:00+02:00,Short,5.0,27333,27353,20,3352.9,3357.7,-246.2,Stop Loss,Stop Loss,4.8,0.437,-1.312,,,27349.0,,,,,-142.4,,103.8,,True,False,0,2
MGC_v3,2025-07-21 10:30:00+02:00,2025-07-21 11:40:00+02:00,Long,6.0,27422,27432,10,3374.4,3370.4,-247.44,Stop Loss,Stop Loss,4.0,0.05,-1.05,,,,,,,,,,,,False,False,10,11
MGC_v3,2025-07-21 22:59:00+02:00,2025-07-22 00:00:00+02:00,Short,12.0,27529,27530,1,3410.4,3412.5,-266.88,Stop Loss,Stop Loss,2.1,0.238,-1.238,,,,,,,,,,,,False,False,22,0
MGC_v3,2025-07-22 01:38:00+02:00,2025-07-22 01:59:00+02:00,Short,3.0,27544,27547,3,3409.3,3407.9,38.28,Canal Exit,Canal Exit,7.2,0.361,-0.486,27545.0,27547.0,,2.0,2.0,-55.44,34.56,,90.0,,False,False,False,1,1
MGC_v3,2025-07-22 13:18:00+02:00,2025-07-22 14:28:00+02:00,Long,11.0,27644,27654,10,3397.0,3410.8,1504.36,Canal Exit,Canal Exit,2.3,7.261,-0.478,27645.0,27654.0,,9.0,9.0,5.72,1490.72,,1485.0,,True,True,False,13,14
MGC_v3,2025-07-22 22:59:00+02:00,2025-07-23 01:31:00+02:00,Long,7.0,27727,27741,14,3444.2000000000003,3440.600000000001,-260.68,Stop Loss,Stop Loss,3.6,0.833,-1.167,27740.0,,,1.0,,-192.36,,,,,True,True,True,22,1
MGC_v3,2025-07-23 01:38:00+02:00,2025-07-23 01:52:00+02:00,Short,4.0,27742,27744,2,3440.9,3439.5,51.04,Canal Exit,Canal Exit,6.4,0.484,-0.172,27743.0,27744.0,,1.0,1.0,42.08,46.08,,4.0,,False,False,False,1,1
MGC_v3,2025-07-23 16:48:00+02:00,2025-07-23 17:51:00+02:00,Long,2.0,27872,27881,9,3423.5,3414.4,-184.48,Stop Loss,Stop Loss,9.1,0.253,-1.659,,,,,,,,,,,,True,False,16,17
MGC_v3,2025-07-24 01:31:00+02:00,2025-07-24 01:59:00+02:00,Long,7.0,27939,27943,4,3398.3,3398.7000000000003,19.32,Canal Exit,Canal Exit,3.7,0.324,-0.622,27940.0,27940.0,,3.0,0.0,-108.36,-108.36,,0.0,,True,True,False,1,1
MGC_v3,2025-07-24 13:39:00+02:00,2025-07-24 15:03:00+02:00,Short,5.0,28043,28055,12,3366.3,3362.8,168.8,Canal Exit,Canal Exit,5.0,2.22,-0.74,28055.0,28055.0,,0.0,0.0,162.6,162.6,,0.0,,False,False,False,13,15
MGC_v3,2025-07-25 12:29:00+02:00,2025-07-25 16:48:00+02:00,Short,4.0,28231,28268,37,3345.6000000000004,3333.1000000000004,495.04,Canal Exit,Canal Exit,5.8,2.448,-0.534,28268.0,28268.0,28246.0,0.0,0.0,490.08,490.08,78.08,0.0,-416.96,False,False,False,12,16
MGC_v3,2025-07-28 08:52:00+02:00,2025-07-28 09:34:00+02:00,Long,5.0,28398,28404,6,3340.4,3335.4,-256.2,Stop Loss,Stop Loss,5.0,0.3,-1.2,,,,,,,,,,,,False,False,8,9
MGC_v3,2025-07-28 17:23:00+02:00,2025-07-28 21:56:00+02:00,Long,2.0,28471,28510,39,3312.4,3316.5,79.52,Auto-Close (profit),Auto-Close (profit),12.4,0.46,-0.371,,,28488.0,,,,,-14.96,,-94.48,,True,False,17,21
MGC_v3,2025-07-29 01:52:00+02:00,2025-07-29 02:20:00+02:00,Long,11.0,28533,28537,4,3310.4,3363.3,5805.36,Canal Exit,Canal Exit,2.3,26.087,-0.304,28536.0,28537.0,,1.0,1.0,5945.72,5791.72,,-154.0,,True,True,False,1,2
MGC_v3,2025-07-29 14:49:00+02:00,2025-07-29 15:31:00+02:00,Long,2.0,28644,28650,6,3378.3,3369.2000000000003,-184.48,Stop Loss,Stop Loss,9.1,0.132,-1.253,,,,,,,,,,,,True,False,14,15
MGC_v3,2025-07-29 16:06:00+02:00,2025-07-29 16:20:00+02:00,Short,5.0,28655,28657,2,3371.5,3376.6,-261.2,Stop Loss,Stop Loss,5.1,0.49,-1.588,,,,,,,,,,,,False,False,16,16
MGC_v3,2025-07-29 19:08:00+02:00,2025-07-29 20:04:00+02:00,Long,4.0,28681,28689,8,3379.6000000000004,3383.9,167.04,Canal Exit,Canal Exit,6.4,0.781,-0.188,28688.0,28689.0,,1.0,1.0,158.08,162.08,,4.0,,True,True,False,19,20
MGC_v3,2025-07-29 21:00:00+02:00,2025-07-29 21:07:00+02:00,Short,6.0,28697,28698,1,3382.0,3382.0,-7.44,Canal Exit,Canal Exit,4.3,0.302,-0.163,28698.0,28698.0,,0.0,0.0,-14.88,-14.88,,0.0,,False,False,False,21,21
MGC_v3,2025-07-30 01:38:00+02:00,2025-07-30 01:52:00+02:00,Short,12.0,28729,28731,2,3383.0,3383.7000000000003,-98.88,Canal Exit,Canal Exit,2.1,0.381,-0.429,28730.0,28731.0,,1.0,1.0,-65.76,-113.76,,-48.0,,False,False,False,1,1
MGC_v3,2025-07-30 05:50:00+02:00,2025-07-30 06:18:00+02:00,Long,8.0,28765,28769,4,3383.5,3383.6000000000004,-1.92,Canal Exit,Canal Exit,2.9,0.241,-0.828,28767.0,28769.0,,2.0,2.0,-131.84,-11.84,,120.0,,False,False,False,5,6
MGC_v3,2025-07-30 07:56:00+02:00,2025-07-30 08:10:00+02:00,Short,4.0,28783,28785,2,3379.6000000000004,3378.3,47.04,Canal Exit,Canal Exit,6.3,0.222,-0.206,28784.0,28784.0,,1.0,0.0,-41.92,-41.92,,0.0,,False,False,False,7,8
MGC_v3,2025-07-30 14:35:00+02:00,2025-07-30 15:10:00+02:00,Short,3.0,28840,28845,5,3379.7000000000003,3363.6000000000004,479.28,Canal Exit,Canal Exit,6.7,2.776,-0.179,28843.0,28845.0,,2.0,2.0,370.56,475.56,,105.0,,False,False,False,14,15
MGC_v3,2025-07-30 17:16:00+02:00,2025-07-30 21:00:00+02:00,Short,1.0,28863,28895,32,3345.7000000000003,3331.6000000000004,139.76,Canal Exit,Canal Exit,14.6,1.247,-0.884,28895.0,28895.0,28872.0,0.0,0.0,138.52,138.52,-50.48,0.0,-190.24,False,False,False,17,21
MGC_v3,2025-07-31 18:05:00+02:00,2025-07-31 21:56:00+02:00,Short,3.0,29068,29101,33,3343.7000000000003,3344.2000000000003,-18.72,Auto-Close (loss),Auto-Close (loss),8.3,0.217,-0.94,29098.0,29098.0,29072.0,3.0,0.0,-58.44,-58.44,-103.44,0.0,-84.72,False,False,False,18,21
MGC_v3,2025-08-01 00:21:00+02:00,2025-08-01 00:35:00+02:00,Long,5.0,29114,29116,2,3344.9,3344.9,-6.2,Canal Exit,Canal Exit,4.9,0.143,-0.204,29116.0,29116.0,,0.0,0.0,-12.4,-12.4,,0.0,,True,True,False,0,0
MGC_v3,2025-08-01 01:17:00+02:00,2025-08-01 02:13:00+02:00,Short,5.0,29122,29130,8,3342.2000000000003,3338.5,178.8,Canal Exit,Canal Exit,4.6,1.022,-0.478,29130.0,29130.0,,0.0,0.0,172.6,172.6,,0.0,,False,False,False,1,2
MGC_v3,2025-08-01 16:34:00+02:00,2025-08-01 21:28:00+02:00,Short,2.0,29253,29295,42,3397.7000000000003,3408.7000000000003,-222.48,Stop Loss,Stop Loss,11.0,0.509,-1.155,29295.0,,29277.0,0.0,,-236.96,,-74.96,,147.52,True,True,True,16,21
MGC_v3,2025-08-04 01:45:00+02:00,2025-08-04 02:27:00+02:00,Long,4.0,29324,29330,6,3412.7000000000003,3407.1000000000004,-228.96,Stop Loss,Stop Loss,5.6,0.482,-1.089,,,,,,,,,,,,False,False,1,2
MGC_v3,2025-08-04 12:15:00+02:00,2025-08-04 12:57:00+02:00,Short,3.0,29414,29420,6,3408.1000000000004,3413.0,-150.72,Canal Exit,Canal Exit,6.7,0.343,-0.746,29415.0,29416.0,,5.0,1.0,-16.44,-94.44,,-78.0,,False,False,False,12,12
MGC_v3,2025-08-04 13:04:00+02:00,2025-08-04 13:25:00+02:00,Long,2.0,29421,29424,3,3415.5,3421.2000000000003,111.52,Canal Exit,Canal Exit,9.8,0.633,-0.286,29424.0,29424.0,,0.0,0.0,109.04,109.04,,0.0,,True,True,False,13,13
MGC_v3,2025-08-04 16:55:00+02:00,2025-08-04 21:56:00+02:00,Short,2.0,29454,29497,43,3428.4,3430.5,-44.48,Auto-Close (loss),Auto-Close (loss),11.2,0.384,-0.348,,,29479.0,,,,,9.04,,53.52,,False,False,16,21
MGC_v3,2025-08-05 04:26:00+02:00,2025-08-05 11:05:00+02:00,Short,4.0,29545,29602,57,3429.6000000000004,3419.7000000000003,391.04,Canal Exit,Canal Exit,6.5,1.738,-0.508,29602.0,29602.0,29574.0,0.0,0.0,386.08,386.08,102.08,0.0,-288.96,False,False,False,4,11
MGC_v3,2025-08-06 12:57:00+02:00,2025-08-06 13:18:00+02:00,Short,5.0,29816,29819,3,3416.0,3420.8,-246.2,Stop Loss,Stop Loss,4.8,0.146,-1.146,,,,,,,,,,,,True,False,12,13
MGC_v3,2025-08-06 14:00:00+02:00,2025-08-06 14:49:00+02:00,Short,6.0,29825,29832,7,3418.2000000000003,3422.1000000000004,-241.44,Stop Loss,Stop Loss,3.9,1.0,-1.385,,,,,,,,,,,,False,True,14,14
MGC_v3,2025-08-07 01:31:00+02:00,2025-08-07 01:45:00+02:00,Short,13.0,29916,29918,2,3433.5,3435.5,-276.12,Stop Loss,Stop Loss,2.0,0.45,-1.35,,,,,,,,,,,,True,False,1,1
MGC_v3,2025-08-07 05:50:00+02:00,2025-08-07 07:00:00+02:00,Long,5.0,29953,29963,10,3443.5,3446.5,143.8,Canal Exit,Canal Exit,4.8,0.833,-0.417,29960.0,29963.0,,3.0,3.0,117.6,137.6,,20.0,,True,True,False,5,7
MGC_v3,2025-08-07 15:59:00+02:00,2025-08-07 16:13:00+02:00,Short,1.0,30040,30042,2,3450.5,3446.1000000000004,42.76,Canal Exit,Canal Exit,14.6,1.027,-0.288,30042.0,30042.0,,0.0,0.0,41.52,41.52,,0.0,,False,False,False,15,16
MGC_v3,2025-08-07 20:25:00+02:00,2025-08-07 20:46:00+02:00,Short,5.0,30078,30081,3,3453.1000000000004,3452.2,38.8,Canal Exit,Canal Exit,5.2,0.308,-0.481,30081.0,30081.0,,0.0,0.0,32.6,32.6,,0.0,,False,False,False,20,20
MGC_v3,2025-08-08 17:23:00+02:00,2025-08-08 19:57:00+02:00,Long,1.0,30250,30272,22,3494.3,3480.8,-136.24,Stop Loss,Stop Loss,13.5,0.081,-3.652,30272.0,,30255.0,0.0,,-363.48,,-19.48,,116.76,False,False,False,17,19
MGC_v3,2025-08-08 20:04:00+02:00,2025-08-08 20:32:00+02:00,Short,1.0,30273,30277,4,3460.1000000000004,3455.1000000000004,48.76,Canal Exit,Canal Exit,33.3,0.231,-0.219,30274.0,30275.0,,3.0,1.0,-17.48,-42.48,,-25.0,,False,False,False,20,20
MGC_v3,2025-08-11 00:28:00+02:00,2025-08-11 02:34:00+02:00,Short,3.0,30303,30321,18,3458.5,3446.8000000000006,347.28,Canal Exit,Canal Exit,8.1,1.481,-0.407,30319.0,30321.0,,2.0,2.0,187.56,343.56,,156.0,,False,False,False,0,2
MGC_v3,2025-08-11 05:36:00+02:00,2025-08-11 08:59:00+02:00,Short,4.0,30347,30376,29,3437.6000000000004,3421.1000000000004,655.04,Canal Exit,Canal Exit,6.4,2.594,-0.828,30372.0,30376.0,30362.0,4.0,4.0,434.08,650.08,-145.92,216.0,-800.96,False,False,False,5,8
MGC_v3,2025-08-11 14:56:00+02:00,2025-08-11 18:26:00+02:00,Long,2.0,30427,30457,30,3409.5,3403.9,-114.48,Canal Exit,Canal Exit,12.8,0.719,-0.828,30452.0,30456.0,30443.0,5.0,4.0,-6.96,-42.96,-104.96,-36.0,9.52,False,True,True,14,18
MGC_v3,2025-08-11 18:33:00+02:00,2025-08-11 19:36:00+02:00,Short,2.0,30458,30467,9,3402.7000000000003,3405.9,-66.48,Canal Exit,Canal Exit,9.1,0.374,-0.516,30460.0,30460.0,,7.0,0.0,-20.96,-20.96,,0.0,,False,False,False,18,19
MGC_v3,2025-08-12 14:14:00+02:00,2025-08-12 14:28:00+02:00,Short,3.0,30619,30621,2,3388.5,3397.1000000000004,-261.72,Stop Loss,Stop Loss,8.6,0.233,-1.802,,,,,,,,,,,,True,False,14,14
MGC_v3,2025-08-12 20:11:00+02:00,2025-08-12 21:07:00+02:00,Long,6.0,30670,30678,8,3401.0,3397.2000000000003,-235.44,Stop Loss,Stop Loss,3.8,0.132,-1.395,,,,,,,,,,,,False,False,20,21
MGC_v3,2025-08-12 21:35:00+02:00,2025-08-12 21:56:00+02:00,Long,6.0,30682,30685,3,3399.6000000000004,3398.8000000000006,-55.44,Auto-Close (loss),Auto-Close (loss),4.0,0.225,-0.475,,,,,,,,,,,,False,False,21,21
MGC_v3,2025-08-13 01:45:00+02:00,2025-08-13 02:27:00+02:00,Short,13.0,30710,30716,6,3401.9,3395.6000000000004,802.88,Canal Exit,Canal Exit,2.0,4.3,-0.25,30711.0,30716.0,,5.0,5.0,45.76,786.76,,741.0,,False,False,False,1,2
MGC_v3,2025-08-13 05:43:00+02:00,2025-08-13 06:04:00+02:00,Short,4.0,30744,30747,3,3399.3,3398.9,11.04,Canal Exit,Canal Exit,5.9,0.305,-0.288,30747.0,30747.0,,0.0,0.0,6.08,6.08,,0.0,,False,False,False,5,6
MGC_v3,2025-08-13 13:11:00+02:00,2025-08-13 15:59:00+02:00,Short,4.0,30808,30832,24,3412.6000000000004,3417.9,-216.96,Stop Loss,Stop Loss,5.3,1.642,-1.302,,,30830.0,,,,,-25.92,,191.04,,True,True,13,15
MGC_v3,2025-08-14 01:03:00+02:00,2025-08-14 01:24:00+02:00,Long,7.0,30902,30905,3,3409.5,3410.4,54.32,Canal Exit,Canal Exit,3.6,0.333,-0.306,30904.0,30904.0,,1.0,0.0,-59.36,-59.36,,0.0,,True,True,False,1,1
MGC_v3,2025-08-14 12:43:00+02:00,2025-08-14 15:03:00+02:00,Short,3.0,31002,31022,20,3400.9,3404.0,-96.72,Canal Exit,Canal Exit,7.0,1.557,-0.943,31011.0,31015.0,,11.0,4.0,-103.44,-103.44,,0.0,,False,False,True,12,15
MGC_v3,2025-08-14 15:10:00+02:00,2025-08-14 15:59:00+02:00,Long,1.0,31023,31030,7,3404.1000000000004,3389.9,-143.24,Stop Loss,Stop Loss,14.2,0.042,-1.261,,,,,,,,,,,,False,False,15,15
MGC_v3,2025-08-14 18:05:00+02:00,2025-08-14 21:56:00+02:00,Short,2.0,31048,31081,33,3383.2000000000003,3385.4,-46.48,Auto-Close (loss),Auto-Close (loss),11.4,0.667,-0.412,,,31058.0,,,,,-28.96,,17.52,,True,True,18,21
MGC_v3,2025-08-15 12:08:00+02:00,2025-08-15 13:04:00+02:00,Short,5.0,31195,31203,8,3386.7000000000003,3384.2,118.8,Canal Exit,Canal Exit,4.6,0.978,-0.261,31199.0,31203.0,,4.0,4.0,72.6,112.6,,40.0,,False,False,False,12,13
MGC_v3,2025-08-15 15:17:00+02:00,2025-08-15 15:52:00+02:00,Short,3.0,31222,31227,5,3386.3,3382.4,113.28,Canal Exit,Canal Exit,7.1,0.986,-0.282,31227.0,31227.0,,0.0,0.0,109.56,109.56,,0.0,,False,False,False,15,15
MGC_v3,2025-08-18 05:22:00+02:00,2025-08-18 11:12:00+02:00,Long,6.0,31335,31385,50,3391.5,3393.3000000000006,100.56,Canal Exit,Canal Exit,4.1,3.0,-0.488,31385.0,31385.0,31354.0,0.0,0.0,93.12,93.12,171.12,0.0,70.56,True,True,False,5,11
MGC_v3,2025-08-18 12:29:00+02:00,2025-08-18 14:00:00+02:00,Short,7.0,31396,31409,13,3393.8,3392.3,96.32,Canal Exit,Canal Exit,3.7,0.946,-0.541,31409.0,31409.0,,0.0,0.0,87.64,87.64,,0.0,,False,False,False,12,14
MGC_v3,2025-08-19 04:54:00+02:00,2025-08-19 05:15:00+02:00,Long,3.0,31529,31532,3,3381.6000000000004,3384.2000000000003,74.28,Canal Exit,Canal Exit,7.8,0.397,-0.397,31530.0,31532.0,,2.0,2.0,25.56,70.56,,45.0,,True,True,False,4,5
MGC_v3,2025-08-19 08:24:00+02:00,2025-08-19 09:06:00+02:00,Short,4.0,31559,31565,6,3379.5,3385.2000000000003,-232.96,Stop Loss,Stop Loss,5.7,0.211,-1.158,,,,,,,,,,,,False,False,8,9
MGC_v3,2025-08-20 07:56:00+02:00,2025-08-20 09:27:00+02:00,Long,3.0,31753,31766,13,3366.5,3367.2000000000003,17.28,Canal Exit,Canal Exit,6.7,0.537,-0.403,31757.0,31762.0,,9.0,5.0,-13.44,-34.44,,-21.0,,True,True,False,7,9
MGC_v3,2025-08-20 18:05:00+02:00,2025-08-20 21:35:00+02:00,Long,5.0,31840,31870,30,3387.4,3391.1,178.8,Canal Exit,Canal Exit,4.8,1.125,-0.292,31869.0,31870.0,31859.0,1.0,1.0,192.6,172.6,7.6,-20.0,-171.2,True,True,False,18,21
MGC_v3,2025-08-21 01:03:00+02:00,2025-08-21 06:39:00+02:00,Short,6.0,31892,31940,48,3390.5,3381.3000000000006,544.56,Canal Exit,Canal Exit,4.2,2.286,-0.31,31938.0,31940.0,31914.0,2.0,2.0,417.12,537.12,159.12,120.0,-385.44,False,False,False,1,6
MGC_v3,2025-08-21 08:17:00+02:00,2025-08-21 09:34:00+02:00,Short,5.0,31954,31965,11,3377.7000000000003,3382.9,-266.2,Stop Loss,Stop Loss,5.2,0.231,-1.019,,,31963.0,,,,,-132.4,,133.8,,True,False,8,9
MGC_v3,2025-08-21 15:52:00+02:00,2025-08-21 16:34:00+02:00,Short,3.0,32019,32025,6,3382.7000000000003,3391.2000000000003,-258.72,Stop Loss,Stop Loss,8.5,0.282,-1.094,32022.0,32025.0,,3.0,3.0,-151.44,-214.44,,-63.0,,False,False,False,15,16
MGC_v3,2025-08-21 17:37:00+02:00,2025-08-21 21:56:00+02:00,Long,2.0,32034,32071,37,3389.3,3383.4,-120.48,Auto-Close (loss),Auto-Close (loss),9.1,0.099,-0.912,32060.0,32060.0,,11.0,0.0,-136.96,-136.96,,0.0,,True,True,False,17,21
MGC_v3,2025-08-22 00:28:00+02:00,2025-08-22 01:10:00+02:00,Long,9.0,32085,32091,6,3384.8,3382.0,-263.16,Stop Loss,Stop Loss,2.8,0.071,-1.214,,,,,,,,,,,,True,False,0,1
MGC_v3,2025-08-22 13:11:00+02:00,2025-08-22 13:46:00+02:00,Short,6.0,32194,32199,5,3370.1000000000004,3370.1000000000004,-7.44,Canal Exit,Canal Exit,3.8,0.184,-0.711,32196.0,32196.0,,3.0,0.0,-74.88,-74.88,,0.0,,False,False,False,13,13
MGC_v3,2025-08-22 19:01:00+02:00,2025-08-22 21:56:00+02:00,Long,4.0,32244,32269,25,3417.2000000000003,3417.6000000000004,11.04,Auto-Close (profit),Auto-Close (profit),5.6,0.625,-0.482,,,,,,,,,,,,False,False,19,21
MGC_v3,2025-08-25 17:44:00+02:00,2025-08-25 18:12:00+02:00,Short,7.0,32431,32435,4,3418.4,3417.9,26.32,Canal Exit,Canal Exit,3.3,0.424,-0.394,32432.0,32432.0,,3.0,0.0,-52.36,-52.36,,0.0,,False,False,False,17,18
MGC_v3,2025-08-25 19:01:00+02:00,2025-08-25 19:29:00+02:00,Long,10.0,32442,32446,4,3418.7000000000003,3416.2,-262.4,Stop Loss,Stop Loss,2.5,0.28,-1.28,,,,,,,,,,,,False,False,19,19
MGC_v3,2025-08-26 05:36:00+02:00,2025-08-26 07:21:00+02:00,Long,8.0,32525,32540,15,3420.8,3422.2000000000003,102.08,Canal Exit,Canal Exit,2.9,1.966,-0.241,32538.0,32540.0,,2.0,2.0,140.16,92.16,,-48.0,,True,True,False,5,7
MGC_v3,2025-08-26 13:04:00+02:00,2025-08-26 13:25:00+02:00,Long,2.0,32589,32592,3,3422.7000000000003,3425.3,49.52,Canal Exit,Canal Exit,10.0,0.3,-0.37,32592.0,32592.0,,0.0,0.0,47.04,47.04,,0.0,,True,True,False,13,13
MGC_v3,2025-08-26 16:20:00+02:00,2025-08-26 17:02:00+02:00,Long,4.0,32617,32623,6,3423.0,3427.5,175.04,Canal Exit,Canal Exit,6.1,1.033,-0.344,32623.0,32623.0,,0.0,0.0,170.08,170.08,,0.0,,True,True,False,16,17
MGC_v3,2025-08-27 01:10:00+02:00,2025-08-27 02:55:00+02:00,Long,7.0,32685,32700,15,3441.4,3437.8,-260.68,Stop Loss,Stop Loss,3.6,0.583,-1.167,,,,,,,,,,,,False,True,1,2
MGC_v3,2025-08-27 08:03:00+02:00,2025-08-27 08:59:00+02:00,Long,6.0,32744,32752,8,3428.4,3424.4,-247.44,Stop Loss,Stop Loss,4.0,0.825,-1.0,,,,,,,,,,,,True,True,8,8
MGC_v3,2025-08-27 20:39:00+02:00,2025-08-27 21:56:00+02:00,Long,6.0,32852,32863,11,3448.8,3449.2000000000003,16.56,Auto-Close (profit),Auto-Close (profit),3.9,0.256,-0.462,,,,,,,,,,,,False,False,20,21
MGC_v3,2025-08-28 05:50:00+02:00,2025-08-28 08:03:00+02:00,Short,7.0,32923,32942,19,3444.8,3448.5,-267.68,Stop Loss,Stop Loss,3.7,0.432,-1.486,32941.0,,32942.0,1.0,,-227.36,,-346.36,,-78.68,False,True,False,5,8
MGC_v3,2025-08-28 08:10:00+02:00,2025-08-28 11:47:00+02:00,Long,5.0,32943,32974,31,3447.7000000000003,3455.6,388.8,Canal Exit,Canal Exit,4.6,2.174,-0.196,32968.0,32974.0,32957.0,6.0,6.0,427.6,382.6,122.6,-45.0,-266.2,True,True,False,8,11
MGC_v3,2025-08-28 13:18:00+02:00,2025-08-28 14:14:00+02:00,Long,5.0,32987,32995,8,3457.9,3466.6,428.8,Canal Exit,Canal Exit,5.1,1.765,-0.647,32991.0,32995.0,,4.0,4.0,242.6,422.6,,180.0,,True,True,False,13,14
MGC_v3,2025-08-29 08:03:00+02:00,2025-08-29 08:38:00+02:00,Long,7.0,33139,33144,5,3470.8,3467.100000000001,-267.68,Stop Loss,Stop Loss,3.7,0.378,-1.135,,,,,,,,,,,,True,False,8,8
MGC_v3,2025-08-29 08:45:00+02:00,2025-08-29 09:34:00+02:00,Short,6.0,33145,33152,7,3468.4,3468.3000000000006,-1.44,Canal Exit,Canal Exit,3.9,0.59,-0.872,33152.0,33152.0,,0.0,0.0,-8.88,-8.88,,0.0,,False,False,True,8,9
MGC_v3,2025-09-01 18:19:00+02:00,2025-09-01 19:29:00+02:00,Long,9.0,33425,33435,10,3545.2000000000003,3547.3,177.84,Canal Exit,Canal Exit,2.7,1.0,-0.185,33432.0,33435.0,,3.0,3.0,85.68,166.68,,81.0,,True,True,False,18,19
MGC_v3,2025-09-01 20:25:00+02:00,2025-09-02 00:00:00+02:00,Short,12.0,33443,33444,1,3545.7000000000003,3547.8000000000006,-266.88,Stop Loss,Stop Loss,2.1,0.0,-2.571,33444.0,33444.0,,0.0,0.0,-665.76,-665.76,,0.0,,False,False,False,20,0
MGC_v3,2025-09-02 00:07:00+02:00,2025-09-02 00:49:00+02:00,Long,5.0,33445,33451,6,3550.7000000000003,3546.7,-206.2,Canal Exit,Canal Exit,5.1,0.353,-0.824,33447.0,33448.0,,4.0,1.0,7.6,-42.4,,-50.0,,True,True,False,0,0
MGC_v3,2025-09-02 01:24:00+02:00,2025-09-02 01:52:00+02:00,Long,6.0,33456,33460,4,3549.8,3551.7000000000003,106.56,Canal Exit,Canal Exit,4.2,0.833,-0.262,33460.0,33460.0,,0.0,0.0,99.12,99.12,,0.0,,True,True,False,1,1
MGC_v3,2025-09-02 13:18:00+02:00,2025-09-02 13:53:00+02:00,Short,3.0,33558,33563,5,3549.5,3556.6000000000004,-216.72,Stop Loss,Stop Loss,7.1,0.437,-1.338,,,,,,,,,,,,False,False,13,13
MGC_v3,2025-09-02 14:21:00+02:00,2025-09-02 14:42:00+02:00,Short,1.0,33567,33570,3,3547.2000000000003,3542.8,42.76,Canal Exit,Canal Exit,17.0,0.512,-0.429,33570.0,33570.0,,0.0,0.0,41.52,41.52,,0.0,,False,False,False,14,14
MGC_v3,2025-09-02 16:06:00+02:00,2025-09-02 16:27:00+02:00,Long,1.0,33582,33585,3,3558.4,3560.2000000000003,16.76,Canal Exit,Canal Exit,16.4,0.561,-0.482,33584.0,33585.0,,1.0,1.0,83.52,15.52,,-68.0,,True,True,False,16,16
MGC_v3,2025-09-03 02:06:00+02:00,2025-09-03 03:23:00+02:00,Long,6.0,33660,33671,11,3597.3,3602.2000000000003,286.56,Canal Exit,Canal Exit,4.1,4.78,-0.268,33664.0,33671.0,,7.0,7.0,759.12,279.12,,-480.0,,True,True,False,2,3
MGC_v3,2025-09-03 14:56:00+02:00,2025-09-03 15:52:00+02:00,Long,1.0,33770,33778,8,3620.6000000000004,3621.0,2.76,Canal Exit,Canal Exit,13.5,0.526,-0.548,33775.0,33778.0,33778.0,3.0,3.0,-54.48,1.52,1.52,56.0,-1.24,True,False,False,14,15
MGC_v3,2025-09-04 15:59:00+02:00,2025-09-04 17:02:00+02:00,Short,1.0,33977,33986,9,3598.7000000000003,3607.9,-93.24,Canal Exit,Canal Exit,19.1,0.372,-0.555,33978.0,33978.0,,8.0,0.0,-62.48,-62.48,,0.0,,False,False,False,15,17
MGC_v3,2025-09-05 05:08:00+02:00,2025-09-05 06:18:00+02:00,Long,3.0,34082,34092,10,3612.0,3618.0,176.28,Canal Exit,Canal Exit,7.1,0.915,-0.352,34090.0,34092.0,,2.0,2.0,139.56,172.56,,33.0,,True,True,False,5,6
MGC_v3,2025-09-05 17:30:00+02:00,2025-09-05 21:56:00+02:00,Long,1.0,34188,34226,38,3645.5,3646.6000000000004,9.76,Auto-Close (profit),Auto-Close (profit),19.1,0.524,-0.34,,,34202.0,,,,,30.52,,20.76,,False,False,17,21
MGC_v3,2025-09-08 05:15:00+02:00,2025-09-08 05:50:00+02:00,Short,6.0,34281,34286,5,3631.0,3626.9,238.56,Canal Exit,Canal Exit,3.9,1.282,-0.077,34286.0,34286.0,,0.0,0.0,231.12,231.12,,0.0,,False,False,False,5,5
MGC_v3,2025-09-09 00:07:00+02:00,2025-09-09 00:42:00+02:00,Short,7.0,34435,34440,5,3675.6000000000004,3673.2000000000003,159.32,Canal Exit,Canal Exit,3.3,1.455,-0.667,34440.0,34440.0,,0.0,0.0,150.64,150.64,,0.0,,False,False,False,0,0
MGC_v3,2025-09-09 08:03:00+02:00,2025-09-09 08:24:00+02:00,Short,1.0,34503,34506,3,3679.7000000000003,3678.9,6.76,Canal Exit,Canal Exit,19.0,0.153,-0.695,34505.0,34506.0,,1.0,1.0,3.52,5.52,,2.0,,False,False,False,8,8
MGC_v3,2025-09-09 14:14:00+02:00,2025-09-09 14:35:00+02:00,Long,4.0,34556,34559,3,3690.5,3685.2000000000003,-216.96,Stop Loss,Stop Loss,5.3,0.698,-1.509,,,,,,,,,,,,False,True,14,14
MGC_v3,2025-09-09 16:27:00+02:00,2025-09-09 17:09:00+02:00,Short,1.0,34575,34581,6,3681.7000000000003,3671.4,101.76,Canal Exit,Canal Exit,33.6,0.36,-0.393,34576.0,34576.0,,5.0,0.0,-23.48,-23.48,,0.0,,False,False,False,16,17
MGC_v3,2025-09-09 19:29:00+02:00,2025-09-09 21:35:00+02:00,Short,4.0,34601,34619,18,3682.2000000000003,3671.9,407.04,Canal Exit,Canal Exit,6.4,1.641,-0.406,34617.0,34619.0,,2.0,2.0,286.08,402.08,,116.0,,False,False,False,19,21
MGC_v3,2025-09-10 10:44:00+02:00,2025-09-10 12:29:00+02:00,Long,6.0,34724,34739,15,3685.0,3694.9,586.56,Canal Exit,Canal Exit,4.3,2.349,-0.419,34735.0,34739.0,,4.0,4.0,399.12,579.12,,180.0,,True,True,False,10,12
MGC_v3,2025-09-10 15:31:00+02:00,2025-09-10 16:06:00+02:00,Long,1.0,34765,34770,5,3692.8,3692.9,-0.24,Canal Exit,Canal Exit,13.9,0.108,-0.482,34768.0,34770.0,,2.0,2.0,-19.48,-1.48,,18.0,,True,True,False,15,16
MGC_v3,2025-09-10 20:53:00+02:00,2025-09-10 21:35:00+02:00,Short,5.0,34811,34817,6,3685.0,3676.4,423.8,Canal Exit,Canal Exit,4.7,2.234,-0.213,34817.0,34817.0,,0.0,0.0,417.6,417.6,,0.0,,False,False,False,20,21
MGC_v3,2025-09-11 15:31:00+02:00,2025-09-11 16:27:00+02:00,Short,1.0,34963,34971,8,3656.6000000000004,3671.7000000000003,-152.24,Canal Exit,Canal Exit,25.4,0.043,-0.776,34965.0,34971.0,34970.0,6.0,6.0,-123.48,-153.48,-188.48,-30.0,-36.24,False,True,False,15,16
MGC_v3,2025-09-11 19:29:00+02:00,2025-09-11 20:25:00+02:00,Long,5.0,34997,35005,8,3674.5,3669.9,-236.2,Stop Loss,Stop Loss,4.6,0.174,-1.13,,,,,,,,,,,,False,False,19,20
MGC_v3,2025-09-11 21:07:00+02:00,2025-09-11 21:42:00+02:00,Long,6.0,35011,35016,5,3673.2000000000003,3675.8000000000006,148.56,Canal Exit,Canal Exit,4.0,0.875,-0.125,35016.0,35016.0,,0.0,0.0,141.12,141.12,,0.0,,True,True,False,21,21
MGC_v3,2025-09-12 13:25:00+02:00,2025-09-12 14:07:00+02:00,Short,6.0,35143,35149,6,3686.6000000000004,3683.4,184.56,Canal Exit,Canal Exit,3.9,1.231,-0.256,35149.0,35149.0,,0.0,0.0,177.12,177.12,,0.0,,False,False,False,13,14
MGC_v3,2025-09-12 15:38:00+02:00,2025-09-12 20:04:00+02:00,Long,1.0,35162,35200,38,3689.2000000000003,3686.1000000000004,-32.24,Canal Exit,Canal Exit,13.9,0.252,-0.719,35190.0,35197.0,35174.0,10.0,7.0,-12.48,-14.48,-66.48,-2.0,-34.24,True,True,False,15,20
MGC_v3,2025-09-15 00:14:00+02:00,2025-09-15 03:16:00+02:00,Short,3.0,35228,35254,26,3677.7000000000003,3666.9,320.28,Canal Exit,Canal Exit,7.0,2.129,-0.629,35254.0,35254.0,35246.0,0.0,0.0,316.56,316.56,7.56,0.0,-312.72,False,False,False,0,3
MGC_v3,2025-09-15 13:18:00+02:00,2025-09-15 13:39:00+02:00,Long,2.0,35340,35343,3,3681.6000000000004,3682.9,23.52,Canal Exit,Canal Exit,8.7,0.184,-0.184,35343.0,35343.0,,0.0,0.0,21.04,21.04,,0.0,,True,True,False,13,13
MGC_v3,2025-09-15 14:42:00+02:00,2025-09-15 15:03:00+02:00,Long,2.0,35352,35355,3,3684.3,3685.5,21.52,Canal Exit,Canal Exit,10.6,0.396,-0.33,35355.0,35355.0,,0.0,0.0,19.04,19.04,,0.0,,True,True,False,14,15
MGC_v3,2025-09-16 00:07:00+02:00,2025-09-16 02:20:00+02:00,Short,5.0,35425,35444,19,3717.2000000000003,3721.7,-231.2,Stop Loss,Stop Loss,4.5,0.4,-1.067,,,35444.0,,,,,-207.4,,23.8,,True,False,0,2
MGC_v3,2025-09-16 05:15:00+02:00,2025-09-16 06:04:00+02:00,Long,3.0,35469,35476,7,3718.8,3719.4,14.28,Canal Exit,Canal Exit,7.3,0.192,-0.205,35472.0,35472.0,,4.0,0.0,-10.44,-10.44,,0.0,,True,True,False,5,6
MGC_v3,2025-09-16 08:17:00+02:00,2025-09-16 08:45:00+02:00,Long,3.0,35495,35499,4,3723.9,3726.6000000000004,77.28,Canal Exit,Canal Exit,6.7,1.0,-0.313,35499.0,35499.0,,0.0,0.0,73.56,73.56,,0.0,,True,True,False,8,8
MGC_v3,2025-09-16 10:09:00+02:00,2025-09-16 14:56:00+02:00,Long,2.0,35511,35552,41,3733.8,3724.0,-198.48,Stop Loss,Stop Loss,9.8,0.378,-1.122,,,35531.0,,,,,9.04,,207.52,,False,False,10,14
MGC_v3,2025-09-16 19:36:00+02:00,2025-09-16 21:56:00+02:00,Short,5.0,35592,35612,20,3723.7000000000003,3726.6,-151.2,Auto-Close (loss),Auto-Close (loss),4.8,0.25,-0.812,35611.0,,35603.0,1.0,,-182.4,,-167.4,,-16.2,True,True,False,19,21
MGC_v3,2025-09-17 12:08:00+02:00,2025-09-17 14:14:00+02:00,Short,4.0,35726,35744,18,3700.7000000000003,3707.1000000000004,-260.96,Stop Loss,Stop Loss,6.4,0.844,-1.047,,,35739.0,,,,,-109.92,,151.04,,True,True,12,14
MGC_v3,2025-09-17 19:43:00+02:00,2025-09-17 19:57:00+02:00,Long,3.0,35791,35793,2,3721.5,3713.6000000000004,-240.72,Stop Loss,Stop Loss,7.9,1.582,-4.456,,,,,,,,,,,,False,True,19,19
MGC_v3,2025-09-17 20:32:00+02:00,2025-09-17 21:00:00+02:00,Short,1.0,35798,35802,4,3705.7000000000003,3695.7000000000003,98.76,Canal Exit,Canal Exit,38.3,0.676,-0.358,35800.0,35802.0,,2.0,2.0,242.52,97.52,,-145.0,,False,False,False,20,21
MGC_v3,2025-09-18 00:49:00+02:00,2025-09-18 01:03:00+02:00,Short,9.0,35827,35829,2,3696.0,3698.6000000000004,-245.16,Stop Loss,Stop Loss,2.6,0.423,-1.269,,,,,,,,,,,,True,False,0,1
MGC_v3,2025-09-18 01:59:00+02:00,2025-09-18 02:41:00+02:00,Short,4.0,35837,35843,6,3700.5,3696.5,155.04,Canal Exit,Canal Exit,5.2,1.635,-0.635,35843.0,35843.0,,0.0,0.0,150.08,150.08,,0.0,,False,False,False,1,2
MGC_v3,2025-09-18 04:05:00+02:00,2025-09-18 04:54:00+02:00,Long,2.0,35855,35862,7,3697.9,3700.3,45.52,Canal Exit,Canal Exit,11.4,0.228,-0.482,35859.0,35862.0,,3.0,3.0,17.04,43.04,,26.0,,True,True,False,4,4
MGC_v3,2025-09-18 14:07:00+02:00,2025-09-18 14:49:00+02:00,Long,8.0,35941,35947,6,3701.3,3698.1000000000004,-265.92,Stop Loss,Stop Loss,3.2,1.594,-1.125,,,,,,,,,,,,False,True,14,14
MGC_v3,2025-09-18 21:49:00+02:00,2025-09-18 21:56:00+02:00,Long,5.0,36007,36008,1,3678.8,3679.4,23.8,Auto-Close (profit),Auto-Close (profit),5.2,0.269,-0.385,36008.0,,,0.0,,-7.4,,,,,True,True,False,21,21
MGC_v3,2025-09-19 00:00:00+02:00,2025-09-19 00:28:00+02:00,Short,6.0,36018,36022,4,3676.2000000000003,3675.5,34.56,Canal Exit,Canal Exit,4.1,0.415,-0.463,36020.0,36022.0,,2.0,2.0,9.12,27.12,,18.0,,False,False,False,0,0
MGC_v3,2025-09-19 19:08:00+02:00,2025-09-19 21:56:00+02:00,Long,5.0,36182,36206,24,3704.5,3717.8,658.8,Auto-Close (profit),Auto-Close (profit),4.8,3.0,-0.208,,,36203.0,,,,,582.6,,-76.2,,False,False,19,21
MGC_v3,2025-09-22 05:15:00+02:00,2025-09-22 05:50:00+02:00,Long,4.0,36261,36266,5,3726.1000000000004,3731.1000000000004,195.04,Canal Exit,Canal Exit,5.8,1.19,-0.345,36266.0,36266.0,,0.0,0.0,190.08,190.08,,0.0,,True,True,False,5,5
MGC_v3,2025-09-23 04:12:00+02:00,2025-09-23 04:47:00+02:00,Short,1.0,36450,36455,5,3779.3,3774.8,43.76,Canal Exit,Canal Exit,15.9,0.302,-0.138,36451.0,36452.0,,4.0,1.0,1.52,-7.48,,-9.0,,False,False,False,4,4
MGC_v3,2025-09-23 13:25:00+02:00,2025-09-23 14:07:00+02:00,Long,3.0,36529,36535,6,3820.4,3812.8000000000006,-231.72,Stop Loss,Stop Loss,7.6,0.25,-1.342,,,,,,,,,,,,False,False,13,14
MGC_v3,2025-09-23 16:06:00+02:00,2025-09-23 20:46:00+02:00,Short,2.0,36552,36592,40,3811.0,3803.1000000000004,155.52,Canal Exit,Canal Exit,10.8,1.324,-0.741,36589.0,36592.0,36563.0,3.0,3.0,-24.96,153.04,-34.96,178.0,-190.48,False,False,False,16,20
MGC_v3,2025-09-25 11:54:00+02:00,2025-09-25 12:57:00+02:00,Long,3.0,36912,36921,9,3787.2000000000003,3780.0,-219.72,Stop Loss,Stop Loss,7.2,0.625,-1.222,,,,,,,,,,,,False,True,11,12
MGC_v3,2025-09-25 17:16:00+02:00,2025-09-25 20:46:00+02:00,Long,2.0,36958,36988,30,3765.4,3786.9,427.52,Canal Exit,Canal Exit,12.0,1.967,-0.492,36987.0,36988.0,36974.0,1.0,1.0,409.04,425.04,109.04,16.0,-318.48,True,True,False,17,20
MGC_v3,2025-09-26 02:48:00+02:00,2025-09-26 03:16:00+02:00,Long,2.0,37032,37036,4,3777.5,3769.9,-154.48,Canal Exit,Canal Exit,9.1,0.648,-0.967,37033.0,37035.0,,3.0,2.0,41.04,-88.96,,-130.0,,True,True,True,2,3
MGC_v3,2025-09-26 08:10:00+02:00,2025-09-26 08:59:00+02:00,Long,2.0,37078,37085,7,3781.2000000000003,3770.8,-210.48,Stop Loss,Stop Loss,10.4,0.308,-1.212,37082.0,,37084.0,3.0,,-132.96,,-162.96,,47.52,True,False,False,8,8
MGC_v3,2025-09-26 18:47:00+02:00,2025-09-26 21:28:00+02:00,Long,7.0,37169,37192,23,3804.2000000000003,3800.8,-246.68,Stop Loss,Stop Loss,3.4,2.676,-1.676,,,37183.0,,,,,206.64,,453.32,,False,True,18,21
MGC_v3,2025-09-29 01:59:00+02:00,2025-09-29 02:06:00+02:00,Short,10.0,37223,37224,1,3799.4,3801.8,-252.4,Stop Loss,Stop Loss,2.4,2.75,-1.833,,,,,,,,,,,,True,True,1,2
MGC_v3,2025-09-29 10:37:00+02:00,2025-09-29 13:04:00+02:00,Long,2.0,37297,37318,21,3844.7000000000003,3848.2000000000003,67.52,Canal Exit,Canal Exit,10.4,0.462,-0.788,37317.0,37318.0,37307.0,1.0,1.0,37.04,65.04,-134.96,28.0,-202.48,True,True,False,10,13
MGC_v3,2025-09-29 15:59:00+02:00,2025-09-29 17:23:00+02:00,Long,1.0,37343,37355,12,3856.3,3858.3,18.76,Canal Exit,Canal Exit,17.9,0.33,-0.598,37345.0,37345.0,,10.0,0.0,-81.48,-81.48,,0.0,,True,True,False,15,17
MGC_v3,2025-09-30 01:52:00+02:00,2025-09-30 02:55:00+02:00,Long,3.0,37420,37429,9,3861.4,3871.5,299.28,Canal Exit,Canal Exit,7.1,1.549,-0.31,37424.0,37429.0,,5.0,5.0,139.56,295.56,,156.0,,True,True,False,1,2
MGC_v3,2025-09-30 13:18:00+02:00,2025-09-30 13:32:00+02:00,Short,4.0,37518,37520,2,3835.9,3842.4,-264.96,Stop Loss,Stop Loss,6.5,0.6,-1.431,,,,,,,,,,,,True,True,13,13
MGC_v3,2025-10-01 17:23:00+02:00,2025-10-01 21:07:00+02:00,Short,1.0,37751,37783,32,3886.5,3891.7000000000003,-53.24,Canal Exit,Canal Exit,19.8,0.263,-0.626,37775.0,37779.0,37759.0,8.0,4.0,-39.48,-7.48,-107.48,32.0,-54.24,False,False,False,17,21
MGC_v3,2025-10-01 21:35:00+02:00,2025-10-01 21:56:00+02:00,Long,4.0,37787,37790,3,3893.2000000000003,3894.2000000000003,35.04,Auto-Close (profit),Auto-Close (profit),6.5,0.692,-0.369,,,,,,,,,,,,True,False,21,21
MGC_v3,2025-10-02 01:38:00+02:00,2025-10-02 02:27:00+02:00,Short,4.0,37814,37821,7,3886.2000000000003,3884.4,67.04,Canal Exit,Canal Exit,6.2,0.677,-0.726,37821.0,37821.0,,0.0,0.0,62.08,62.08,,0.0,,False,False,False,1,2
MGC_v3,2025-10-02 10:23:00+02:00,2025-10-02 10:58:00+02:00,Long,2.0,37889,37894,5,3894.7000000000003,3901.8,139.52,Canal Exit,Canal Exit,9.0,0.989,-0.122,37893.0,37894.0,,1.0,1.0,161.04,137.04,,-24.0,,True,True,False,10,10
MGC_v3,2025-10-02 19:36:00+02:00,2025-10-02 20:32:00+02:00,Short,4.0,37968,37976,8,3866.7000000000003,3872.1000000000004,-220.96,Stop Loss,Stop Loss,5.4,0.37,-1.093,,,,,,,,,,,,True,False,19,20
MGC_v3,2025-10-03 00:00:00+02:00,2025-10-03 00:07:00+02:00,Long,5.0,37998,37999,1,3881.9,3877.5,-226.2,Stop Loss,Stop Loss,4.4,0.182,-1.273,,,,,,,,,,,,False,False,0,0
MGC_v3,2025-10-03 11:54:00+02:00,2025-10-03 13:32:00+02:00,Long,3.0,38100,38114,14,3888.2000000000003,3880.2000000000003,-243.72,Stop Loss,Stop Loss,8.0,0.412,-1.375,,,38112.0,,,,,-178.44,,65.28,,False,False,11,13
MGC_v3,2025-10-03 19:29:00+02:00,2025-10-03 19:50:00+02:00,Long,5.0,38165,38168,3,3909.8,3905.3,-231.2,Stop Loss,Stop Loss,4.5,0.311,-1.822,,,,,,,,,,,,False,False,19,19
MGC_v3,2025-10-06 08:52:00+02:00,2025-10-06 10:09:00+02:00,Long,2.0,38272,38283,11,3958.2000000000003,3971.8,269.52,Canal Exit,Canal Exit,11.2,1.375,-0.42,38283.0,38283.0,,0.0,0.0,267.04,267.04,,0.0,,True,True,False,8,10
MGC_v3,2025-10-06 12:36:00+02:00,2025-10-06 13:46:00+02:00,Long,2.0,38304,38314,10,3967.8,3956.0,-238.48,Stop Loss,Stop Loss,11.8,0.263,-1.11,,,38309.0,,,,,-168.96,,69.52,,False,False,12,13
MGC_v3,2025-10-06 19:01:00+02:00,2025-10-06 21:56:00+02:00,Long,2.0,38359,38384,25,3982.9,3983.3,5.52,Auto-Close (profit),Auto-Close (profit),10.1,0.673,-0.772,38384.0,,,0.0,,13.04,,,,,True,True,False,19,21
MGC_v3,2025-10-07 00:07:00+02:00,2025-10-07 00:28:00+02:00,Long,2.0,38395,38398,3,3993.0,3994.0,17.52,Canal Exit,Canal Exit,12.5,0.48,-0.632,38398.0,38398.0,,0.0,0.0,15.04,15.04,,0.0,,True,True,False,0,0
MGC_v3,2025-10-08 15:31:00+02:00,2025-10-08 15:59:00+02:00,Short,1.0,38725,38729,4,4050.7000000000003,4063.2000000000003,-126.24,Canal Exit,Canal Exit,20.9,0.148,-0.713,38727.0,38727.0,,2.0,0.0,-61.48,-61.48,,0.0,,False,False,False,15,15
MGC_v3,2025-10-09 13:39:00+02:00,2025-10-09 15:10:00+02:00,Long,2.0,38907,38920,13,4064.1000000000004,4068.8,91.52,Canal Exit,Canal Exit,11.6,1.181,-0.672,38911.0,38914.0,38914.0,9.0,3.0,-96.96,-72.96,-72.96,24.0,-164.48,True,True,False,13,15
MGC_v3,2025-10-10 01:38:00+02:00,2025-10-10 02:48:00+02:00,Long,1.0,39002,39012,10,4003.8,4007.0,30.76,Canal Exit,Canal Exit,14.5,0.407,-0.324,39005.0,39005.0,,7.0,0.0,-9.48,-9.48,,0.0,,True,True,False,1,2
MGC_v3,2025-10-10 14:21:00+02:00,2025-10-10 14:42:00+02:00,Long,2.0,39111,39114,3,4009.0,3998.6000000000004,-210.48,Stop Loss,Stop Loss,10.4,0.096,-1.279,,,,,,,,,,,,False,False,14,14
MGC_v3,2025-10-10 15:59:00+02:00,2025-10-10 16:34:00+02:00,Short,1.0,39125,39130,5,3991.7000000000003,4002.2000000000003,-106.24,Canal Exit,Canal Exit,23.4,0.209,-0.56,39126.0,39127.0,,4.0,1.0,-44.48,-96.48,,-52.0,,False,False,False,15,16
MGC_v3,2025-10-10 20:04:00+02:00,2025-10-10 20:25:00+02:00,Long,1.0,39160,39163,3,4007.7000000000003,4016.0,81.76,Canal Exit,Canal Exit,19.1,0.859,-0.267,39163.0,39163.0,,0.0,0.0,80.52,80.52,,0.0,,True,True,False,20,20
MGC_v3,2025-10-13 02:41:00+02:00,2025-10-13 07:42:00+02:00,Long,1.0,39209,39252,43,4065.9,4093.4,273.76,Canal Exit,Canal Exit,23.9,1.276,-0.527,39251.0,39252.0,39226.0,1.0,1.0,282.52,272.52,-4.48,-10.0,-278.24,True,True,False,2,7
MGC_v3,2025-10-14 01:31:00+02:00,2025-10-14 03:09:00+02:00,Long,1.0,39397,39411,14,4149.1,4158.400000000001,91.76,Canal Exit,Canal Exit,23.5,0.481,-0.609,39399.0,39400.0,,12.0,1.0,-10.48,-45.48,,-35.0,,True,True,False,1,3
MGC_v3,2025-10-14 13:25:00+02:00,2025-10-14 14:21:00+02:00,Long,2.0,39499,39507,8,4149.400000000001,4136.7,-256.48,Stop Loss,Stop Loss,12.7,0.528,-1.362,,,,,,,,,,,,False,True,13,14
MGC_v3,2025-10-14 15:45:00+02:00,2025-10-14 15:59:00+02:00,Long,1.0,39519,39521,2,4134.400000000001,4140.8,62.76,Canal Exit,Canal Exit,20.7,0.643,-0.242,39520.0,39521.0,,1.0,1.0,53.52,61.52,,8.0,,True,True,False,15,15
MGC_v3,2025-10-15 04:40:00+02:00,2025-10-15 05:15:00+02:00,Short,2.0,39622,39627,5,4192.1,4203.7,-234.48,Stop Loss,Stop Loss,11.6,0.457,-1.052,,,,,,,,,,,,False,False,4,5
MGC_v3,2025-10-15 14:14:00+02:00,2025-10-15 15:10:00+02:00,Short,1.0,39704,39712,8,4197.0,4212.6,-157.24,Canal Exit,Canal Exit,23.0,0.252,-0.73,39707.0,39707.0,,5.0,0.0,-60.48,-60.48,,0.0,,False,False,False,14,15
MGC_v3,2025-10-16 10:37:00+02:00,2025-10-16 11:33:00+02:00,Short,9.0,39871,39879,8,4247.5,4242.6,429.84,Canal Exit,Canal Exit,2.8,3.607,-0.786,39878.0,39879.0,,1.0,1.0,580.68,418.68,,-162.0,,False,False,False,10,11
MGC_v3,2025-10-16 14:21:00+02:00,2025-10-16 14:35:00+02:00,Short,2.0,39903,39905,2,4253.7,4264.2,-212.48,Stop Loss,Stop Loss,10.5,1.124,-1.238,,,,,,,,,,,,False,True,14,14
MGC_v3,2025-10-17 17:58:00+02:00,2025-10-17 21:56:00+02:00,Short,1.0,40132,40166,34,4255.7,4240.900000000001,146.76,Auto-Close (profit),Auto-Close (profit),24.2,2.438,-0.244,,,40148.0,,,,,226.52,,79.76,,False,False,17,21
MGC_v3,2025-10-20 02:48:00+02:00,2025-10-20 03:51:00+02:00,Long,1.0,40200,40209,9,4257.3,4274.3,168.76,Canal Exit,Canal Exit,28.5,0.825,-0.589,40206.0,40209.0,,3.0,3.0,137.52,167.52,,30.0,,True,True,False,2,3
MGC_v3,2025-10-20 10:44:00+02:00,2025-10-20 11:54:00+02:00,Short,1.0,40268,40278,10,4266.900000000001,4274.1,-73.24,Canal Exit,Canal Exit,13.8,0.217,-0.826,40275.0,40278.0,,3.0,3.0,-33.48,-74.48,,-41.0,,False,False,False,10,11
MGC_v3,2025-10-20 12:36:00+02:00,2025-10-20 13:46:00+02:00,Long,1.0,40284,40294,10,4273.8,4282.400000000001,84.76,Canal Exit,Canal Exit,14.4,0.646,-0.576,40294.0,40294.0,,0.0,0.0,83.52,83.52,,0.0,,True,True,False,12,13
MGC_v3,2025-10-21 00:14:00+02:00,2025-10-21 03:30:00+02:00,Long,1.0,40376,40404,28,4387.8,4363.8,-241.24,Stop Loss,Stop Loss,24.0,0.237,-1.271,40399.0,,40388.0,5.0,,-30.48,,-88.48,,152.76,True,False,False,0,3
MGC_v3,2025-10-21 05:22:00+02:00,2025-10-21 07:07:00+02:00,Long,1.0,40420,40435,15,4364.8,4351.0,-139.24,Stop Loss,Stop Loss,13.8,0.188,-1.362,,,40433.0,,,,,-64.48,,74.76,,False,False,5,7
MGC_v3,2025-10-21 12:50:00+02:00,2025-10-21 14:35:00+02:00,Short,1.0,40484,40499,15,4271.0,4237.0,338.76,Canal Exit,Canal Exit,18.6,2.398,-0.849,40499.0,40499.0,,0.0,0.0,337.52,337.52,,0.0,,False,False,False,12,14
MGC_v3,2025-10-22 12:43:00+02:00,2025-10-22 16:55:00+02:00,Short,1.0,40681,40717,36,4074.1000000000004,4040.0,339.76,Canal Exit,Canal Exit,32.2,1.519,-0.835,40717.0,40717.0,40694.0,0.0,0.0,338.52,338.52,291.52,0.0,-48.24,False,False,False,12,16
MGC_v3,2025-10-23 03:58:00+02:00,2025-10-23 05:15:00+02:00,Short,1.0,40804,40815,11,4092.1000000000004,4109.1,-171.24,Stop Loss,Stop Loss,17.0,0.276,-1.276,,,40809.0,,,,,-33.48,,137.76,,True,False,3,5
MGC_v3,2025-10-23 19:08:00+02:00,2025-10-23 19:22:00+02:00,Long,1.0,40934,40936,2,4155.1,4141.400000000001,-138.24,Stop Loss,Stop Loss,13.7,0.095,-1.058,,,,,,,,,,,,False,False,19,19
MGC_v3,2025-10-24 05:22:00+02:00,2025-10-24 05:57:00+02:00,Long,3.0,41014,41019,5,4129.8,4130.8,26.28,Canal Exit,Canal Exit,7.9,0.962,-0.468,41019.0,41019.0,,0.0,0.0,22.56,22.56,,0.0,,True,True,False,5,5
MGC_v3,2025-10-24 17:23:00+02:00,2025-10-24 21:56:00+02:00,Long,1.0,41117,41156,39,4141.400000000001,4119.8,-217.24,Auto-Close (loss),Auto-Close (loss),27.9,0.509,-0.896,41152.0,41156.0,,4.0,4.0,-141.48,-240.48,,-99.0,,True,True,True,17,21
MGC_v3,2025-10-28 00:10:00+01:00,2025-10-28 00:17:00+01:00,Short,2.0,41374,41375,1,3998.1000000000004,4009.3,-226.48,Stop Loss,Stop Loss,11.2,0.098,-1.054,,,,,,,,,,,,True,False,0,0
MGC_v3,2025-10-28 13:07:00+01:00,2025-10-28 13:56:00+01:00,Short,4.0,41485,41492,7,3939.8,3937.7000000000003,79.04,Canal Exit,Canal Exit,6.0,3.383,-0.75,41492.0,41492.0,,0.0,0.0,74.08,74.08,,0.0,,False,False,False,13,13
MGC_v3,2025-10-29 07:03:00+01:00,2025-10-29 15:55:00+01:00,Long,1.0,41631,41707,76,3982.2000000000003,4024.3,419.76,Canal Exit,Canal Exit,18.4,3.511,-0.44,41704.0,41707.0,41661.0,3.0,3.0,435.52,418.52,484.52,-17.0,64.76,True,True,False,7,15
MGC_v3,2025-10-30 01:34:00+01:00,2025-10-30 02:02:00+01:00,Short,1.0,41782,41786,4,3959.5,3977.1000000000004,-177.24,Stop Loss,Stop Loss,17.6,0.608,-1.028,,,,,,,,,,,,False,True,1,2
MGC_v3,2025-10-30 17:54:00+01:00,2025-10-30 20:21:00+01:00,Long,2.0,41922,41943,21,4015.1000000000004,4033.8,371.52,Canal Exit,Canal Exit,10.7,2.206,-0.682,41942.0,41943.0,,1.0,1.0,415.04,369.04,,-46.0,,True,True,False,17,20
MGC_v3,2025-10-30 21:59:00+01:00,2025-10-31 02:51:00+01:00,Long,2.0,41957,41991,34,4038.8,4029.1000000000004,-196.48,Stop Loss,Stop Loss,9.7,2.155,-1.371,,,41978.0,,,,,89.04,,285.52,,False,True,21,2
MGC_v3,2025-10-31 07:45:00+01:00,2025-10-31 07:59:00+01:00,Short,3.0,42033,42035,2,4020.4,4027.4,-213.72,Stop Loss,Stop Loss,7.0,0.486,-1.257,,,,,,,,,,,,True,False,7,7
MGC_v3,2025-10-31 20:14:00+01:00,2025-10-31 20:56:00+01:00,Short,1.0,42140,42146,6,4004.9,4012.8,-80.24,Auto-Close (loss),Auto-Close (loss),16.8,0.095,-0.583,,,,,,,,,,,,False,False,20,20
MGC_v3,2025-11-03 00:00:00+01:00,2025-11-03 00:35:00+01:00,Short,1.0,42156,42161,5,4002.1000000000004,3994.6000000000004,73.76,Canal Exit,Canal Exit,17.0,0.588,-0.447,42158.0,42161.0,,3.0,3.0,11.52,72.52,,61.0,,False,False,False,0,0
MGC_v3,2025-11-03 15:52:00+01:00,2025-11-03 16:48:00+01:00,Long,1.0,42292,42300,8,4034.7000000000003,4021.2000000000003,-136.24,Canal Exit,Canal Exit,22.4,0.388,-0.821,42296.0,42299.0,42299.0,4.0,3.0,-50.48,-33.48,-33.48,17.0,102.76,True,False,False,15,16
MGC_v3,2025-11-03 17:02:00+01:00,2025-11-03 21:56:00+01:00,Short,1.0,42302,42344,42,4015.7000000000003,4022.7000000000003,-71.24,Auto-Close (loss),Auto-Close (loss),27.8,0.342,-0.424,,,42314.0,,,,,-23.48,,47.76,,True,False,17,21
MGC_v3,2025-11-04 01:31:00+01:00,2025-11-04 02:20:00+01:00,Short,1.0,42367,42374,7,3994.6000000000004,3991.2000000000003,32.76,Canal Exit,Canal Exit,16.0,0.444,-0.631,42370.0,42370.0,,4.0,0.0,-9.48,-9.48,,0.0,,False,False,False,1,2
MGC_v3,2025-11-04 05:43:00+01:00,2025-11-04 06:18:00+01:00,Short,1.0,42403,42408,5,3995.1000000000004,3994.0,9.76,Canal Exit,Canal Exit,14.1,0.34,-0.433,42407.0,42408.0,,1.0,1.0,-3.48,8.52,,12.0,,False,False,False,5,6
MGC_v3,2025-11-04 13:53:00+01:00,2025-11-04 19:15:00+01:00,Short,1.0,42473,42519,46,3994.6000000000004,3961.6000000000004,328.76,Canal Exit,Canal Exit,16.2,3.562,-0.747,42519.0,42519.0,42497.0,0.0,0.0,327.52,327.52,213.52,0.0,-115.24,False,False,False,13,19
MGC_v3,2025-11-05 01:38:00+01:00,2025-11-05 01:59:00+01:00,Short,2.0,42566,42569,3,3939.0,3951.3,-248.48,Stop Loss,Stop Loss,12.3,0.293,-1.154,,,,,,,,,,,,False,False,1,1
MGC_v3,2025-11-05 02:06:00+01:00,2025-11-05 03:58:00+01:00,Long,1.0,42570,42586,16,3952.6000000000004,3960.6000000000004,78.76,Canal Exit,Canal Exit,17.3,0.526,-0.584,42586.0,42586.0,42580.0,0.0,0.0,77.52,77.52,-68.48,0.0,-147.24,True,True,False,2,3
MGC_v3,2025-11-05 15:52:00+01:00,2025-11-05 16:06:00+01:00,Short,1.0,42688,42690,2,3982.2000000000003,3982.1000000000004,-0.24,Canal Exit,Canal Exit,13.5,0.659,-0.407,42690.0,42690.0,,0.0,0.0,-1.48,-1.48,,0.0,,False,False,True,15,16
MGC_v3,2025-11-05 19:57:00+01:00,2025-11-05 21:07:00+01:00,Long,4.0,42723,42733,10,3994.4,3997.7000000000003,127.04,Canal Exit,Canal Exit,6.3,0.952,-0.921,42733.0,42733.0,,0.0,0.0,122.08,122.08,,0.0,,True,True,False,19,21
MGC_v3,2025-11-06 11:54:00+01:00,2025-11-06 13:39:00+01:00,Long,6.0,42852,42867,15,4017.8,4018.4,28.56,Canal Exit,Canal Exit,4.3,2.581,-0.488,42862.0,42867.0,,5.0,5.0,237.12,21.12,,-216.0,,True,True,False,11,13
MGC_v3,2025-11-06 18:19:00+01:00,2025-11-06 18:47:00+01:00,Short,1.0,42907,42911,4,3976.9,3994.0,-172.24,Stop Loss,Stop Loss,17.1,0.216,-1.146,,,,,,,,,,,,True,False,18,18
MGC_v3,2025-11-06 20:39:00+01:00,2025-11-06 21:42:00+01:00,Short,4.0,42927,42936,9,3998.0,3990.6000000000004,291.04,Canal Exit,Canal Exit,5.8,1.534,-0.276,42933.0,42936.0,,3.0,3.0,254.08,286.08,,32.0,,False,False,False,20,21
MGC_v3,2025-11-07 13:25:00+01:00,2025-11-07 13:46:00+01:00,Short,1.0,43063,43066,3,4006.3,4001.8,43.76,Canal Exit,Canal Exit,13.7,0.555,-0.358,43066.0,43066.0,,0.0,0.0,42.52,42.52,,0.0,,False,False,False,13,13
MGC_v3,2025-11-07 15:31:00+01:00,2025-11-07 17:02:00+01:00,Short,1.0,43081,43094,13,3994.5,4004.4,-100.24,Canal Exit,Canal Exit,20.6,0.165,-0.592,43085.0,43087.0,,9.0,2.0,-108.48,-31.48,,77.0,,False,False,False,15,17
MGC_v3,2025-11-10 14:49:00+01:00,2025-11-10 15:03:00+01:00,Short,1.0,43273,43275,2,4101.1,4097.400000000001,35.76,Canal Exit,Canal Exit,14.0,0.521,-0.379,43274.0,43275.0,,1.0,1.0,24.52,34.52,,10.0,,False,False,False,14,15
MGC_v3,2025-11-11 15:17:00+01:00,2025-11-11 15:31:00+01:00,Short,1.0,43475,43477,2,4139.0,4133.7,51.76,Canal Exit,Canal Exit,14.5,0.683,-0.359,43477.0,43477.0,,0.0,0.0,50.52,50.52,,0.0,,False,False,False,15,15
MGC_v3,2025-11-11 19:15:00+01:00,2025-11-11 20:11:00+01:00,Short,5.0,43509,43517,8,4119.400000000001,4123.8,-226.2,Stop Loss,Stop Loss,4.4,1.614,-1.25,,,43516.0,,,,,-102.4,,123.8,,True,True,19,20
MGC_v3,2025-11-12 15:38:00+01:00,2025-11-12 16:34:00+01:00,Long,2.0,43676,43684,8,4142.3,4181.900000000001,789.52,Canal Exit,Canal Exit,12.3,3.634,-0.382,43682.0,43684.0,,2.0,2.0,601.04,787.04,,186.0,,True,True,False,15,16
MGC_v3,2025-11-13 07:56:00+01:00,2025-11-13 09:27:00+01:00,Long,2.0,43808,43821,13,4215.7,4241.2,507.52,Canal Exit,Canal Exit,9.0,3.167,-0.367,43820.0,43821.0,,1.0,1.0,495.04,505.04,,10.0,,True,True,False,7,9
MGC_v3,2025-11-13 12:50:00+01:00,2025-11-13 14:00:00+01:00,Long,2.0,43850,43860,10,4235.6,4231.3,-88.48,Canal Exit,Canal Exit,11.7,1.231,-0.41,43858.0,43860.0,,2.0,2.0,153.04,-90.96,,-244.0,,True,True,True,12,14
MGC_v3,2025-11-14 02:48:00+01:00,2025-11-14 03:58:00+01:00,Long,1.0,43962,43972,10,4194.2,4207.8,134.76,Canal Exit,Canal Exit,18.2,1.044,-0.379,43970.0,43972.0,,2.0,2.0,172.52,133.52,,-39.0,,True,True,False,2,3
MGC_v3,2025-11-14 10:02:00+01:00,2025-11-14 12:01:00+01:00,Short,2.0,44024,44041,17,4178.5,4167.2,223.52,Canal Exit,Canal Exit,12.1,1.298,-0.421,44038.0,44041.0,,3.0,3.0,141.04,221.04,,80.0,,False,False,False,10,12
MGC_v3,2025-11-17 02:34:00+01:00,2025-11-17 03:16:00+01:00,Long,1.0,44158,44164,6,4102.0,4089.4,-127.24,Canal Exit,Canal Exit,19.6,0.077,-0.893,44160.0,44164.0,,4.0,4.0,-48.48,-128.48,,-80.0,,True,True,False,2,3
MGC_v3,2025-11-17 16:13:00+01:00,2025-11-17 16:27:00+01:00,Short,1.0,44275,44277,2,4063.9,4073.8,-100.24,Canal Exit,Canal Exit,19.9,0.126,-0.683,44277.0,44277.0,,0.0,0.0,-101.48,-101.48,,0.0,,False,False,False,16,16
MGC_v3,2025-11-17 16:55:00+01:00,2025-11-17 17:30:00+01:00,Short,1.0,44281,44286,5,4064.0,4071.1000000000004,-72.24,Canal Exit,Canal Exit,19.8,0.545,-0.54,44284.0,44284.0,,2.0,0.0,-9.48,-9.48,,0.0,,False,False,True,16,17
MGC_v3,2025-11-18 00:28:00+01:00,2025-11-18 01:31:00+01:00,Short,2.0,44338,44347,9,4045.9,4036.6000000000004,183.52,Canal Exit,Canal Exit,10.3,1.854,-0.495,44347.0,44347.0,,0.0,0.0,181.04,181.04,,0.0,,False,False,False,0,1
MGC_v3,2025-11-18 02:48:00+01:00,2025-11-18 04:05:00+01:00,Short,1.0,44358,44369,11,4023.8,4013.0,106.76,Canal Exit,Canal Exit,20.6,0.607,-0.587,44360.0,44360.0,,9.0,0.0,-69.48,-69.48,,0.0,,False,False,False,2,4
MGC_v3,2025-11-18 14:07:00+01:00,2025-11-18 14:56:00+01:00,Long,1.0,44455,44462,7,4041.7000000000003,4070.2000000000003,283.76,Canal Exit,Canal Exit,13.6,2.154,-0.221,44461.0,44462.0,,1.0,1.0,266.52,282.52,,16.0,,True,True,False,14,14
MGC_v3,2025-11-18 16:06:00+01:00,2025-11-18 17:09:00+01:00,Short,1.0,44472,44481,9,4054.2000000000003,4054.2000000000003,-1.24,Canal Exit,Canal Exit,28.4,0.5,-0.658,44473.0,44474.0,,8.0,1.0,-34.48,-78.48,,-44.0,,False,False,True,16,17
MGC_v3,2025-11-18 17:37:00+01:00,2025-11-18 19:01:00+01:00,Long,1.0,44485,44497,12,4062.7000000000003,4071.2000000000003,83.76,Canal Exit,Canal Exit,22.8,0.596,-0.154,44496.0,44497.0,,1.0,1.0,101.52,82.52,,-19.0,,True,True,False,17,19
MGC_v3,2025-11-19 00:00:00+01:00,2025-11-19 00:49:00+01:00,Long,5.0,44532,44539,7,4069.6000000000004,4074.4,233.8,Canal Exit,Canal Exit,4.8,1.104,-0.875,44538.0,44539.0,,1.0,1.0,62.6,227.6,,165.0,,True,True,False,0,0
MGC_v3,2025-11-19 01:52:00+01:00,2025-11-19 02:13:00+01:00,Short,2.0,44548,44551,3,4067.8,4067.4,5.52,Canal Exit,Canal Exit,10.3,0.689,-0.447,44551.0,44551.0,,0.0,0.0,3.04,3.04,,0.0,,False,False,False,1,2
MGC_v3,2025-11-20 02:06:00+01:00,2025-11-20 08:17:00+01:00,Short,1.0,44748,44801,53,4096.400000000001,4060.2000000000003,360.76,Canal Exit,Canal Exit,13.5,4.548,-0.852,44796.0,44801.0,44767.0,5.0,5.0,292.52,359.52,229.52,67.0,-131.24,False,True,False,2,8
MGC_v3,2025-11-20 08:24:00+01:00,2025-11-20 09:06:00+01:00,Short,2.0,44802,44808,6,4065.7000000000003,4043.0,451.52,Canal Exit,Canal Exit,11.1,2.216,-0.09,44806.0,44808.0,,2.0,2.0,135.04,449.04,,314.0,,False,False,False,8,9
MGC_v3,2025-11-20 13:04:00+01:00,2025-11-20 13:18:00+01:00,Long,1.0,44842,44844,2,4068.7000000000003,4072.0,31.76,Canal Exit,Canal Exit,19.1,0.503,-0.356,44844.0,44844.0,,0.0,0.0,30.52,30.52,,0.0,,True,True,False,13,13
MGC_v3,2025-11-20 15:03:00+01:00,2025-11-20 15:45:00+01:00,Short,1.0,44859,44865,6,4076.2000000000003,4096.5,-204.24,Stop Loss,Stop Loss,20.3,0.227,-1.502,,,,,,,,,,,,False,False,15,15
MGC_v3,2025-11-20 15:52:00+01:00,2025-11-20 16:55:00+01:00,Long,1.0,44866,44875,9,4092.0,4071.5,-206.24,Stop Loss,Stop Loss,20.5,0.727,-1.2,,,44873.0,,,,,-93.48,,112.76,,False,True,15,16
MGC_v3,2025-11-20 19:01:00+01:00,2025-11-20 20:32:00+01:00,Long,1.0,44893,44906,13,4066.7000000000003,4082.5,156.76,Canal Exit,Canal Exit,24.1,0.851,-0.465,44894.0,44895.0,,12.0,1.0,-11.48,-71.48,,-60.0,,True,True,False,19,20
MGC_v3,2025-11-21 00:14:00+01:00,2025-11-21 01:17:00+01:00,Long,2.0,44930,44939,9,4081.2000000000003,4071.6000000000004,-194.48,Stop Loss,Stop Loss,9.6,0.844,-1.031,,,44939.0,,,,,-180.96,,13.52,,False,True,0,1
MGC_v3,2025-11-21 01:31:00+01:00,2025-11-21 04:12:00+01:00,Short,1.0,44941,44964,23,4072.5,4052.7000000000003,196.76,Canal Exit,Canal Exit,16.9,1.367,-0.426,44964.0,44964.0,44955.0,0.0,0.0,195.52,195.52,-19.48,0.0,-216.24,False,False,False,1,4
MGC_v3,2025-11-21 16:55:00+01:00,2025-11-21 18:40:00+01:00,Long,1.0,45073,45088,15,4069.6000000000004,4082.4,126.76,Canal Exit,Canal Exit,16.5,1.909,-0.479,45083.0,45088.0,,5.0,5.0,180.52,125.52,,-55.0,,True,True,False,16,18
MGC_v3,2025-11-21 19:15:00+01:00,2025-11-21 21:56:00+01:00,Short,1.0,45093,45116,23,4083.0,4064.5,183.76,Auto-Close (profit),Auto-Close (profit),18.2,1.621,-0.489,,,45104.0,,,,,-63.48,,-247.24,,False,False,19,21
MGC_v3,2025-11-24 04:26:00+01:00,2025-11-24 06:18:00+01:00,Long,2.0,45164,45180,16,4048.6000000000004,4037.2000000000003,-230.48,Stop Loss,Stop Loss,11.4,0.877,-1.132,,,45177.0,,,,,-146.96,,83.52,,False,True,4,6
MGC_v3,2025-11-24 12:22:00+01:00,2025-11-24 13:53:00+01:00,Long,4.0,45232,45245,13,4066.5,4078.1000000000004,459.04,Canal Exit,Canal Exit,6.5,2.308,-0.615,45245.0,45245.0,,0.0,0.0,454.08,454.08,,0.0,,True,True,False,12,13
MGC_v3,2025-11-24 19:29:00+01:00,2025-11-24 20:46:00+01:00,Long,2.0,45293,45304,11,4097.5,4118.7,421.52,Canal Exit,Canal Exit,11.2,2.554,-0.366,45298.0,45304.0,,6.0,6.0,395.04,419.04,,24.0,,True,True,False,19,20
MGC_v3,2025-11-25 12:36:00+01:00,2025-11-25 13:11:00+01:00,Short,4.0,45432,45437,5,4165.400000000001,4171.900000000001,-264.96,Stop Loss,Stop Loss,6.5,0.292,-1.138,,,45436.0,,,,,-229.92,,35.04,,True,False,12,13
MGC_v3,2025-11-25 15:31:00+01:00,2025-11-25 15:52:00+01:00,Short,1.0,45457,45460,3,4162.3,4159.7,24.76,Canal Exit,Canal Exit,23.4,0.786,-0.286,45458.0,45460.0,,2.0,2.0,90.52,23.52,,-67.0,,False,False,False,15,15
MGC_v3,2025-11-25 21:07:00+01:00,2025-11-25 21:56:00+01:00,Long,2.0,45505,45512,7,4171.7,4166.400000000001,-108.48,Auto-Close (loss),Auto-Close (loss),9.2,0.207,-1.0,,,,,,,,,,,,True,False,21,21
MGC_v3,2025-11-26 12:15:00+01:00,2025-11-26 12:43:00+01:00,Long,3.0,45627,45631,4,4198.0,4201.400000000001,98.28,Canal Exit,Canal Exit,7.5,1.307,-0.453,45631.0,45631.0,,0.0,0.0,94.56,94.56,,0.0,,True,True,False,12,12
MGC_v3,2025-11-26 19:15:00+01:00,2025-11-26 19:29:00+01:00,Long,4.0,45687,45689,2,4205.400000000001,4199.1,-256.96,Stop Loss,Stop Loss,6.3,0.127,-2.143,,,,,,,,,,,,False,False,19,19
MGC_v3,2025-11-27 00:07:00+01:00,2025-11-27 00:28:00+01:00,Long,7.0,45721,45724,3,4198.900000000001,4195.2,-267.68,Stop Loss,Stop Loss,3.7,0.486,-1.378,,,,,,,,,,,,True,False,0,0
MGC_v3,2025-11-27 00:35:00+01:00,2025-11-27 02:20:00+01:00,Short,5.0,45725,45740,15,4195.900000000001,4185.8,498.8,Canal Exit,Canal Exit,5.1,2.745,-0.765,45740.0,45740.0,,0.0,0.0,492.6,492.6,,0.0,,False,False,False,0,2
MGC_v3,2025-11-27 17:02:00+01:00,2025-11-27 17:23:00+01:00,Short,3.0,45866,45869,3,4187.2,4186.6,14.28,Canal Exit,Canal Exit,6.7,0.567,-0.463,45869.0,45869.0,,0.0,0.0,10.56,10.56,,0.0,,False,False,False,17,17
MGC_v3,2025-12-01 13:39:00+01:00,2025-12-01 13:53:00+01:00,Long,11.0,46098,46100,2,4284.3,4282.0,-266.64,Stop Loss,Stop Loss,2.3,2.913,-2.478,,,,,,,,,,,,False,True,13,13
MGC_v3,2025-12-01 14:14:00+01:00,2025-12-01 14:56:00+01:00,Long,2.0,46103,46109,6,4290.0,4278.5,-232.48,Stop Loss,Stop Loss,11.5,0.826,-1.217,46108.0,,,1.0,,-68.96,,,,,True,True,True,14,14
MGC_v3,2025-12-01 15:31:00+01:00,2025-12-01 21:35:00+01:00,Short,1.0,46114,46166,52,4259.8,4273.7,-140.24,Canal Exit,Canal Exit,39.8,0.188,-0.51,46161.0,46161.0,46128.0,5.0,0.0,-116.48,-116.48,-73.48,0.0,66.76,False,False,False,15,21
MGC_v3,2025-12-02 04:40:00+01:00,2025-12-02 07:00:00+01:00,Short,3.0,46219,46239,20,4250.8,4257.5,-204.72,Stop Loss,Stop Loss,6.7,0.985,-1.104,,,46234.0,,,,,-100.44,,104.28,,True,True,4,7
MGC_v3,2025-12-02 09:55:00+01:00,2025-12-02 10:37:00+01:00,Short,3.0,46264,46270,6,4241.1,4223.3,530.28,Canal Exit,Canal Exit,7.8,3.859,-0.423,46270.0,46270.0,,0.0,0.0,526.56,526.56,,0.0,,False,False,False,9,10
MGC_v3,2025-12-02 18:12:00+01:00,2025-12-02 21:49:00+01:00,Long,1.0,46335,46366,31,4220.6,4240.7,199.76,Canal Exit,Canal Exit,27.2,0.86,-0.243,46365.0,46366.0,46349.0,1.0,1.0,217.52,198.52,-10.48,-19.0,-210.24,True,True,False,18,21
MGC_v3,2025-12-03 05:36:00+01:00,2025-12-03 06:25:00+01:00,Long,3.0,46425,46432,7,4255.1,4248.3,-207.72,Stop Loss,Stop Loss,6.8,0.176,-1.353,,,,,,,,,,,,False,False,5,6
MGC_v3,2025-12-03 08:24:00+01:00,2025-12-03 13:32:00+01:00,Short,2.0,46449,46493,44,4234.0,4243.400000000001,-190.48,Stop Loss,Stop Loss,9.4,0.957,-1.064,,,46477.0,,,,,63.04,,253.52,,True,True,8,13
MGC_v3,2025-12-03 21:49:00+01:00,2025-12-03 21:56:00+01:00,Short,3.0,46564,46565,1,4237.5,4237.3,2.28,Auto-Close (profit),Auto-Close (profit),7.1,0.38,-0.324,,,,,,,,,,,,True,False,21,21
MGC_v3,2025-12-04 08:10:00+01:00,2025-12-04 11:40:00+01:00,Long,1.0,46645,46675,30,4221.900000000001,4231.1,90.76,Canal Exit,Canal Exit,18.6,0.565,-0.527,46669.0,46675.0,46661.0,6.0,6.0,73.52,89.52,-27.48,16.0,-118.24,True,True,False,8,11
MGC_v3,2025-12-04 22:59:00+01:00,2025-12-05 00:56:00+01:00,Short,8.0,46772,46781,9,4238.0,4235.6,182.08,Canal Exit,Canal Exit,3.0,1.4,-0.767,46781.0,46781.0,,0.0,0.0,172.16,172.16,,0.0,,False,False,False,22,0
MGC_v3,2025-12-05 12:36:00+01:00,2025-12-05 12:50:00+01:00,Short,5.0,46881,46883,2,4253.5,4253.0,18.8,Canal Exit,Canal Exit,4.5,0.667,-0.178,46883.0,46883.0,,0.0,0.0,12.6,12.6,,0.0,,False,False,False,12,12
MGC_v3,2025-12-05 20:18:00+01:00,2025-12-05 21:56:00+01:00,Short,1.0,46947,46961,14,4235.5,4231.400000000001,39.76,Auto-Close (profit),Auto-Close (profit),15.0,0.433,-0.327,,,,,,,,,,,,False,False,20,21
MGC_v3,2025-12-08 05:50:00+01:00,2025-12-08 06:11:00+01:00,Short,4.0,47021,47024,3,4236.7,4236.1,19.04,Canal Exit,Canal Exit,5.3,0.226,-0.472,47023.0,47023.0,,1.0,0.0,-29.92,-29.92,,0.0,,False,False,False,5,6
MGC_v3,2025-12-08 14:14:00+01:00,2025-12-08 14:42:00+01:00,Short,4.0,47093,47097,4,4239.0,4235.0,155.04,Canal Exit,Canal Exit,6.3,1.444,-0.302,47096.0,47097.0,,1.0,1.0,266.08,150.08,,-116.0,,False,False,False,14,14
MGC_v3,2025-12-08 19:15:00+01:00,2025-12-08 20:39:00+01:00,Short,3.0,47136,47148,12,4216.6,4214.5,59.28,Canal Exit,Canal Exit,8.5,0.412,-0.682,47146.0,47148.0,,2.0,2.0,-1.44,55.56,,57.0,,False,False,False,19,20
MGC_v3,2025-12-09 18:19:00+01:00,2025-12-09 18:33:00+01:00,Short,1.0,47326,47328,2,4237.7,4235.8,17.76,Canal Exit,Canal Exit,13.9,0.302,-0.187,47328.0,47328.0,,0.0,0.0,16.52,16.52,,0.0,,False,False,False,18,18
MGC_v3,2025-12-09 19:50:00+01:00,2025-12-09 21:14:00+01:00,Long,3.0,47339,47351,12,4238.2,4240.900000000001,77.28,Canal Exit,Canal Exit,8.1,0.84,-0.506,47350.0,47351.0,,1.0,1.0,151.56,73.56,,-78.0,,True,True,False,19,21
MGC_v3,2025-12-10 13:46:00+01:00,2025-12-10 14:42:00+01:00,Short,4.0,47485,47493,8,4224.900000000001,4230.400000000001,-224.96,Stop Loss,Stop Loss,5.5,0.745,-1.382,,,,,,,,,,,,False,True,13,14
MGC_v3,2025-12-10 15:38:00+01:00,2025-12-10 15:45:00+01:00,Short,2.0,47501,47502,1,4226.1,4230.0,-80.48,Canal Exit,Canal Exit,9.4,0.702,-0.468,47502.0,47502.0,,0.0,0.0,-82.96,-82.96,,0.0,,False,False,True,15,15
MGC_v3,2025-12-10 17:30:00+01:00,2025-12-10 17:44:00+01:00,Long,2.0,47517,47519,2,4229.0,4232.0,57.52,Canal Exit,Canal Exit,10.9,0.404,-0.119,47519.0,47519.0,,0.0,0.0,55.04,55.04,,0.0,,True,True,False,17,17
MGC_v3,2025-12-10 19:15:00+01:00,2025-12-10 19:36:00+01:00,Short,3.0,47532,47535,3,4225.0,4222.5,71.28,Canal Exit,Canal Exit,6.8,0.75,-0.382,47533.0,47535.0,,2.0,2.0,43.56,67.56,,24.0,,False,False,False,19,19
MGC_v3,2025-12-10 20:04:00+01:00,2025-12-10 20:39:00+01:00,Long,1.0,47539,47544,5,4244.900000000001,4211.0,-340.24,Stop Loss,Stop Loss,33.9,0.121,-1.088,47541.0,47541.0,,3.0,0.0,-93.48,-93.48,,0.0,,True,True,False,20,20
MGC_v3,2025-12-11 00:42:00+01:00,2025-12-11 03:37:00+01:00,Long,3.0,47571,47596,25,4259.2,4251.1,-246.72,Stop Loss,Stop Loss,8.1,2.284,-1.333,,,47587.0,,,,,217.56,,464.28,,False,True,0,3
MGC_v3,2025-12-11 10:51:00+01:00,2025-12-11 11:40:00+01:00,Long,3.0,47658,47665,7,4246.2,4242.7,-108.72,Canal Exit,Canal Exit,8.6,0.884,-0.837,47661.0,47665.0,,4.0,4.0,16.56,-112.44,,-129.0,,True,True,True,10,11
MGC_v3,2025-12-11 13:53:00+01:00,2025-12-11 14:14:00+01:00,Long,2.0,47684,47687,3,4247.8,4235.6,-246.48,Stop Loss,Stop Loss,12.2,0.172,-1.295,,,,,,,,,,,,True,False,13,14
MGC_v3,2025-12-11 14:21:00+01:00,2025-12-11 14:28:00+01:00,Short,2.0,47688,47689,1,4238.7,4237.6,19.52,Canal Exit,Canal Exit,11.3,0.354,-0.451,47689.0,47689.0,,0.0,0.0,17.04,17.04,,0.0,,False,False,False,14,14
MGC_v3,2025-12-11 20:32:00+01:00,2025-12-11 21:56:00+01:00,Long,1.0,47741,47753,12,4306.1,4304.7,-15.24,Auto-Close (loss),Auto-Close (loss),13.7,0.073,-0.956,,,,,,,,,,,,False,False,20,21
MGC_v3,2025-12-12 14:07:00+01:00,2025-12-12 16:13:00+01:00,Long,1.0,47884,47902,18,4371.7,4356.2,-156.24,Stop Loss,Stop Loss,15.5,1.019,-1.019,47902.0,,47897.0,0.0,,-136.48,,2.52,,158.76,True,True,True,14,16
MGC_v3,2025-12-12 16:20:00+01:00,2025-12-12 16:55:00+01:00,Short,1.0,47903,47908,5,4343.6,4313.8,296.76,Canal Exit,Canal Exit,44.0,0.695,-0.366,47904.0,47906.0,,4.0,2.0,105.52,-84.48,,-190.0,,False,False,False,16,16
MGC_v3,2025-12-12 19:50:00+01:00,2025-12-12 21:56:00+01:00,Short,2.0,47933,47951,18,4326.6,4329.900000000001,-68.48,Auto-Close (loss),Auto-Close (loss),9.6,0.781,-0.844,47950.0,,,1.0,,-6.96,,,,,False,False,True,19,21
MGC_v3,2025-12-15 04:47:00+01:00,2025-12-15 07:14:00+01:00,Long,3.0,48002,48023,21,4359.3,4378.5,572.28,Canal Exit,Canal Exit,7.6,2.553,-0.395,48021.0,48023.0,,2.0,2.0,400.56,568.56,,168.0,,True,True,False,4,7
MGC_v3,2025-12-15 12:50:00+01:00,2025-12-15 13:11:00+01:00,Long,3.0,48071,48074,3,4376.400000000001,4378.0,44.28,Canal Exit,Canal Exit,6.9,0.522,-0.145,48074.0,48074.0,,0.0,0.0,40.56,40.56,,0.0,,True,True,False,12,13
MGC_v3,2025-12-15 14:07:00+01:00,2025-12-15 15:31:00+01:00,Short,1.0,48082,48094,12,4369.400000000001,4364.8,44.76,Canal Exit,Canal Exit,13.2,1.258,-0.697,48084.0,48084.0,,10.0,0.0,-25.48,-25.48,,0.0,,False,False,False,14,15
MGC_v3,2025-12-15 20:18:00+01:00,2025-12-15 21:56:00+01:00,Short,3.0,48135,48149,14,4340.3,4333.8,191.28,Auto-Close (profit),Auto-Close (profit),7.0,1.771,-0.471,48147.0,,,2.0,,124.56,,,,,False,False,False,20,21
MGC_v3,2025-12-15 22:59:00+01:00,2025-12-16 01:03:00+01:00,Long,5.0,48158,48168,10,4334.5,4336.6,98.8,Canal Exit,Canal Exit,4.5,1.067,-0.6,48163.0,48168.0,,5.0,5.0,107.6,92.6,,-15.0,,True,True,False,22,1
MGC_v3,2025-12-16 01:59:00+01:00,2025-12-16 02:27:00+01:00,Short,2.0,48176,48180,4,4329.900000000001,4342.1,-246.48,Stop Loss,Stop Loss,12.2,0.279,-1.139,48179.0,,,1.0,,-184.96,,,,,False,False,False,1,2
MGC_v3,2025-12-16 08:03:00+01:00,2025-12-16 10:02:00+01:00,Short,4.0,48228,48245,17,4312.2,4309.7,95.04,Canal Exit,Canal Exit,6.2,1.871,-0.516,48242.0,48245.0,48245.0,3.0,3.0,10.08,90.08,90.08,80.0,-4.96,False,True,False,8,10
MGC_v3,2025-12-16 10:44:00+01:00,2025-12-16 11:40:00+01:00,Short,3.0,48251,48259,8,4305.2,4309.3,-126.72,Canal Exit,Canal Exit,8.1,0.432,-0.778,48259.0,48259.0,,0.0,0.0,-130.44,-130.44,,0.0,,False,False,False,10,11
MGC_v3,2025-12-16 13:04:00+01:00,2025-12-16 19:57:00+01:00,Long,1.0,48271,48330,59,4314.7,4336.7,218.76,Canal Exit,Canal Exit,13.5,3.926,-0.674,48328.0,48330.0,48300.0,2.0,2.0,286.52,217.52,462.52,-69.0,243.76,True,True,False,13,19
MGC_v3,2025-12-17 17:51:00+01:00,2025-12-17 18:54:00+01:00,Long,1.0,48510,48519,9,4366.1,4376.0,97.76,Canal Exit,Canal Exit,15.4,0.662,-0.383,48518.0,48519.0,,1.0,1.0,16.52,96.52,,80.0,,True,True,False,17,18
MGC_v3,2025-12-17 19:43:00+01:00,2025-12-17 21:07:00+01:00,Short,1.0,48526,48538,12,4364.2,4371.8,-77.24,Canal Exit,Canal Exit,14.5,0.248,-0.655,48528.0,48533.0,,10.0,5.0,-39.48,-69.48,,-30.0,,False,False,False,19,21
MGC_v3,2025-12-17 21:14:00+01:00,2025-12-17 21:56:00+01:00,Long,1.0,48539,48545,6,4373.900000000001,4373.3,-7.24,Auto-Close (loss),Auto-Close (loss),13.4,0.373,-0.246,48544.0,48544.0,,1.0,0.0,-14.48,-14.48,,0.0,,True,True,False,21,21
MGC_v3,2025-12-18 01:52:00+01:00,2025-12-18 06:18:00+01:00,Short,3.0,48571,48609,38,4367.400000000001,4366.3,29.28,Canal Exit,Canal Exit,7.7,1.584,-0.286,48605.0,48609.0,48583.0,4.0,4.0,151.56,25.56,28.56,-126.0,-0.72,False,True,False,1,6
MGC_v3,2025-12-18 07:56:00+01:00,2025-12-18 08:17:00+01:00,Short,6.0,48623,48626,3,4362.8,4362.400000000001,16.56,Canal Exit,Canal Exit,4.0,0.7,-0.5,48625.0,48626.0,,1.0,1.0,81.12,9.12,,-72.0,,False,False,False,7,8
MGC_v3,2025-12-18 12:57:00+01:00,2025-12-18 14:00:00+01:00,Short,5.0,48666,48675,9,4356.3,4348.400000000001,388.8,Canal Exit,Canal Exit,4.6,1.935,-0.522,48672.0,48675.0,,3.0,3.0,72.6,382.6,,310.0,,False,False,False,12,14
MGC_v3,2025-12-18 14:35:00+01:00,2025-12-18 14:56:00+01:00,Long,1.0,48680,48683,3,4369.400000000001,4372.3,27.76,Canal Exit,Canal Exit,22.8,0.285,-0.465,48682.0,48683.0,,1.0,1.0,13.52,26.52,,13.0,,True,True,False,14,14
MGC_v3,2025-12-19 01:10:00+01:00,2025-12-19 01:38:00+01:00,Short,3.0,48763,48767,4,4361.400000000001,4358.900000000001,71.28,Canal Exit,Canal Exit,6.9,0.449,-0.391,48766.0,48767.0,,1.0,1.0,-19.44,67.56,,87.0,,False,False,False,1,1
MGC_v3,2025-12-19 11:54:00+01:00,2025-12-19 13:04:00+01:00,Long,3.0,48855,48865,10,4358.5,4351.1,-225.72,Stop Loss,Stop Loss,7.4,0.162,-1.176,,,,,,,,,,,,False,False,11,13
MGC_v3,2025-12-19 15:38:00+01:00,2025-12-19 15:45:00+01:00,Long,2.0,48887,48888,1,4366.3,4355.5,-218.48,Stop Loss,Stop Loss,10.8,0.324,-1.454,,,,,,,,,,,,False,False,15,15
MGC_v3,2025-12-19 15:59:00+01:00,2025-12-19 16:48:00+01:00,Long,1.0,48890,48897,7,4372.2,4377.8,54.76,Canal Exit,Canal Exit,21.7,0.332,-0.433,48893.0,48893.0,,4.0,0.0,-14.48,-14.48,,0.0,,True,True,False,15,16
MGC_v3,2025-12-22 20:39:00+01:00,2025-12-22 21:56:00+01:00,Long,6.0,49128,49139,11,4467.7,4472.5,280.56,Auto-Close (profit),Auto-Close (profit),3.9,1.795,-0.179,,,,,,,,,,,,True,False,20,21
MGC_v3,2025-12-23 10:02:00+01:00,2025-12-23 10:44:00+01:00,Short,2.0,49235,49241,6,4514.1,4512.0,39.52,Canal Exit,Canal Exit,10.5,0.362,-0.571,49238.0,49238.0,,3.0,0.0,-22.96,-22.96,,0.0,,False,False,False,10,10
MGC_v3,2025-12-24 15:24:00+01:00,2025-12-24 16:27:00+01:00,Short,1.0,49479,49488,9,4508.900000000001,4493.6,151.76,Canal Exit,Canal Exit,15.6,1.372,-0.596,49481.0,49481.0,,7.0,0.0,-10.48,-10.48,,0.0,,False,False,False,15,16
MGC_v3,2025-12-26 13:32:00+01:00,2025-12-26 14:07:00+01:00,Long,2.0,49633,49638,5,4543.2,4544.0,13.52,Canal Exit,Canal Exit,12.1,0.198,-0.826,49634.0,49634.0,,4.0,0.0,-6.96,-6.96,,0.0,,True,True,False,13,14
MGC_v3,2025-12-26 21:28:00+01:00,2025-12-26 21:56:00+01:00,Short,2.0,49701,49705,4,4556.5,4560.5,-82.48,Auto-Close (loss),Auto-Close (loss),11.3,0.31,-0.584,,,,,,,,,,,,True,False,21,21
MGC_v3,2025-12-29 00:28:00+01:00,2025-12-29 01:31:00+01:00,Short,1.0,49719,49728,9,4561.5,4520.0,413.76,Canal Exit,Canal Exit,19.8,3.611,-0.202,49722.0,49728.0,,6.0,6.0,67.52,412.52,,345.0,,False,False,False,0,1
MGC_v3,2025-12-29 18:12:00+01:00,2025-12-29 21:56:00+01:00,Short,1.0,49871,49903,32,4349.2,4354.3,-52.24,Auto-Close (loss),Auto-Close (loss),16.6,0.994,-0.789,,,,,,,,,,,,False,True,18,21
MGC_v3,2025-12-30 00:07:00+01:00,2025-12-30 00:14:00+01:00,Long,2.0,49914,49915,1,4357.900000000001,4345.6,-248.48,Stop Loss,Stop Loss,12.3,0.447,-1.577,,,,,,,,,,,,False,False,0,0
MGC_v3,2025-12-30 00:42:00+01:00,2025-12-30 01:10:00+01:00,Long,1.0,49919,49923,4,4355.2,4363.0,76.76,Canal Exit,Canal Exit,16.8,0.601,-0.417,49923.0,49923.0,,0.0,0.0,75.52,75.52,,0.0,,True,True,False,0,1
MGC_v3,2025-12-30 05:29:00+01:00,2025-12-30 09:27:00+01:00,Long,3.0,49960,49994,34,4378.5,4370.6,-240.72,Stop Loss,Stop Loss,7.9,2.532,-1.582,,,49977.0,,,,,100.56,,341.28,,True,True,5,9
MGC_v3,2025-12-30 13:11:00+01:00,2025-12-30 14:28:00+01:00,Long,1.0,50026,50037,11,4412.7,4396.5,-163.24,Stop Loss,Stop Loss,16.2,0.481,-1.284,,,50037.0,,,,,-133.48,,29.76,,False,False,13,14
MGC_v3,2025-12-30 14:35:00+01:00,2025-12-30 20:53:00+01:00,Short,1.0,50038,50092,54,4393.8,4364.0,296.76,Canal Exit,Canal Exit,26.8,1.541,-0.522,50092.0,50092.0,50063.0,0.0,0.0,295.52,295.52,106.52,0.0,-190.24,False,False,False,14,20
MGC_v3,2025-12-31 03:58:00+01:00,2025-12-31 04:19:00+01:00,Short,1.0,50145,50148,3,4363.6,4356.2,72.76,Canal Exit,Canal Exit,21.5,0.516,-0.377,50146.0,50147.0,,2.0,1.0,-44.48,-34.48,,10.0,,False,False,False,3,4
MGC_v3,2025-12-31 13:32:00+01:00,2025-12-31 14:14:00+01:00,Long,2.0,50227,50233,6,4326.8,4329.7,55.52,Canal Exit,Canal Exit,12.3,0.317,-0.545,50229.0,50230.0,,4.0,1.0,-2.96,-16.96,,-14.0,,True,True,False,13,14
MGC_v3,2025-12-31 16:20:00+01:00,2025-12-31 21:35:00+01:00,Short,1.0,50251,50296,45,4349.3,4331.400000000001,177.76,Canal Exit,Canal Exit,18.6,1.747,-0.355,50290.0,50296.0,50272.0,6.0,6.0,250.52,176.52,118.52,-74.0,-59.24,False,True,False,16,21
MGC_v3,2026-01-02 14:07:00+01:00,2026-01-02 14:21:00+01:00,Long,1.0,50430,50432,2,4411.6,4397.2,-145.24,Stop Loss,Stop Loss,14.4,0.236,-1.674,,,,,,,,,,,,False,False,14,14
MGC_v3,2026-01-05 18:33:00+01:00,2026-01-05 21:56:00+01:00,Long,2.0,50666,50695,29,4455.5,4455.0,-12.48,Auto-Close (loss),Auto-Close (loss),12.4,0.419,-0.798,50692.0,50695.0,50680.0,3.0,3.0,-120.96,5.04,-132.96,126.0,-120.48,True,False,False,18,21
MGC_v3,2026-01-06 00:42:00+01:00,2026-01-06 01:03:00+01:00,Short,1.0,50711,50714,3,4452.0,4449.2,26.76,Canal Exit,Canal Exit,19.4,0.284,-0.17,50712.0,50714.0,,2.0,2.0,18.52,25.52,,7.0,,False,False,False,0,1
MGC_v3,2026-01-06 21:07:00+01:00,2026-01-06 21:56:00+01:00,Long,3.0,50886,50893,7,4496.6,4504.3,227.28,Auto-Close (profit),Auto-Close (profit),8.5,1.259,-0.494,50893.0,,,0.0,,214.56,,,,,True,True,False,21,21
MGC_v3,2026-01-07 04:54:00+01:00,2026-01-07 06:25:00+01:00,Short,3.0,50945,50958,13,4484.8,4472.900000000001,353.28,Canal Exit,Canal Exit,6.7,1.896,-0.463,50956.0,50958.0,,2.0,2.0,160.56,349.56,,189.0,,False,False,False,4,6
MGC_v3,2026-01-07 17:16:00+01:00,2026-01-07 21:56:00+01:00,Long,1.0,51051,51091,40,4470.5,4462.6,-80.24,Auto-Close (loss),Auto-Close (loss),37.6,0.207,-0.42,51086.0,51086.0,51064.0,5.0,0.0,-25.48,-25.48,-69.48,0.0,10.76,True,True,False,17,21
MGC_v3,2026-01-08 05:22:00+01:00,2026-01-08 06:53:00+01:00,Short,2.0,51147,51160,13,4445.400000000001,4433.400000000001,237.52,Canal Exit,Canal Exit,10.0,2.17,-0.23,51160.0,51160.0,,0.0,0.0,235.04,235.04,,0.0,,False,False,False,5,6
MGC_v3,2026-01-08 08:52:00+01:00,2026-01-08 09:48:00+01:00,Short,2.0,51177,51185,8,4439.3,4435.400000000001,75.52,Canal Exit,Canal Exit,8.8,1.341,-0.307,51185.0,51185.0,,0.0,0.0,73.04,73.04,,0.0,,False,False,False,8,9
MGC_v3,2026-01-08 12:15:00+01:00,2026-01-08 12:36:00+01:00,Short,4.0,51206,51209,3,4436.6,4435.2,51.04,Canal Exit,Canal Exit,6.5,0.538,-0.2,51209.0,51209.0,,0.0,0.0,46.08,46.08,,0.0,,False,False,False,12,12
MGC_v3,2026-01-09 12:36:00+01:00,2026-01-09 12:43:00+01:00,Short,4.0,51407,51408,1,4478.3,4481.2,-120.96,Canal Exit,Canal Exit,5.4,0.204,-0.556,51408.0,51408.0,,0.0,0.0,-125.92,-125.92,,0.0,,False,False,False,12,12
MGC_v3,2026-01-09 12:57:00+01:00,2026-01-09 13:25:00+01:00,Long,2.0,51410,51414,4,4486.1,4475.7,-210.48,Stop Loss,Stop Loss,10.4,0.337,-1.26,51412.0,51412.0,,2.0,0.0,-62.96,-62.96,,0.0,,True,True,False,12,13
MGC_v3,2026-01-09 14:28:00+01:00,2026-01-09 15:17:00+01:00,Long,1.0,51423,51430,7,4496.3,4504.8,83.76,Canal Exit,Canal Exit,29.5,0.332,-0.997,51425.0,51425.0,,5.0,0.0,-47.48,-47.48,,0.0,,True,True,False,14,15
MGC_v3,2026-01-12 04:19:00+01:00,2026-01-12 08:24:00+01:00,Long,1.0,51534,51569,35,4591.2,4591.7,3.76,Canal Exit,Canal Exit,18.0,0.411,-0.922,51556.0,51560.0,,13.0,4.0,1.52,-44.48,,-46.0,,True,True,False,4,8
MGC_v3,2026-01-12 11:54:00+01:00,2026-01-12 12:22:00+01:00,Long,3.0,51599,51603,4,4603.400000000001,4596.0,-225.72,Stop Loss,Stop Loss,7.4,0.324,-1.311,,,,,,,,,,,,False,False,11,12
MGC_v3,2026-01-13 01:17:00+01:00,2026-01-13 06:25:00+01:00,Short,1.0,51706,51750,44,4599.7,4599.2,3.76,Canal Exit,Canal Exit,17.2,0.913,-0.674,51746.0,51747.0,51725.0,4.0,1.0,-67.48,-19.48,51.52,48.0,47.76,False,False,False,1,6
MGC_v3,2026-01-13 10:30:00+01:00,2026-01-13 11:12:00+01:00,Short,3.0,51785,51791,6,4597.6,4592.2,158.28,Canal Exit,Canal Exit,7.9,1.051,-0.43,51791.0,51791.0,,0.0,0.0,154.56,154.56,,0.0,,False,False,False,10,11
MGC_v3,2026-01-13 16:20:00+01:00,2026-01-13 17:30:00+01:00,Short,1.0,51835,51845,10,4615.7,4611.900000000001,36.76,Canal Exit,Canal Exit,28.4,0.496,-0.482,51836.0,51836.0,,9.0,0.0,-58.48,-58.48,,0.0,,False,False,False,16,17
MGC_v3,2026-01-13 17:51:00+01:00,2026-01-13 18:54:00+01:00,Long,1.0,51848,51857,9,4621.900000000001,4601.5,-205.24,Stop Loss,Stop Loss,20.4,0.147,-1.319,,,51856.0,,,,,-159.48,,45.76,,False,False,17,18
MGC_v3,2026-01-13 21:21:00+01:00,2026-01-13 21:56:00+01:00,Short,2.0,51878,51883,5,4596.8,4593.900000000001,55.52,Auto-Close (profit),Auto-Close (profit),10.2,1.98,-0.5,,,,,,,,,,,,False,False,21,21
MGC_v3,2026-01-14 08:17:00+01:00,2026-01-14 09:06:00+01:00,Long,2.0,51964,51971,7,4645.0,4633.1,-240.48,Stop Loss,Stop Loss,11.9,0.185,-1.218,,,51971.0,,,,,-228.96,,11.52,,False,False,8,9
MGC_v3,2026-01-14 13:11:00+01:00,2026-01-14 13:53:00+01:00,Long,2.0,52006,52012,6,4643.3,4646.900000000001,69.52,Canal Exit,Canal Exit,9.4,0.713,-0.191,52009.0,52012.0,,3.0,3.0,-18.96,67.04,,86.0,,True,True,False,13,13
MGC_v3,2026-01-14 14:14:00+01:00,2026-01-14 14:28:00+01:00,Short,2.0,52015,52017,2,4639.8,4637.900000000001,35.52,Canal Exit,Canal Exit,10.3,0.796,-0.388,52016.0,52017.0,,1.0,1.0,43.04,33.04,,-10.0,,False,False,False,14,14
MGC_v3,2026-01-14 15:31:00+01:00,2026-01-14 15:52:00+01:00,Short,2.0,52026,52029,3,4634.6,4624.900000000001,191.52,Canal Exit,Canal Exit,12.2,1.705,-0.566,52029.0,52029.0,,0.0,0.0,189.04,189.04,,0.0,,False,False,False,15,15
MGC_v3,2026-01-14 21:07:00+01:00,2026-01-14 21:21:00+01:00,Short,2.0,52074,52076,2,4642.7,4641.0,31.52,Canal Exit,Canal Exit,9.0,1.067,-0.722,52076.0,52076.0,,0.0,0.0,29.04,29.04,,0.0,,False,False,False,21,21
MGC_v3,2026-01-15 02:13:00+01:00,2026-01-15 03:16:00+01:00,Short,1.0,52110,52119,9,4608.0,4613.7,-58.24,Canal Exit,Canal Exit,15.1,1.364,-0.801,52115.0,52119.0,52119.0,4.0,4.0,-29.48,-59.48,-59.48,-30.0,-1.24,False,True,True,2,3
MGC_v3,2026-01-15 10:30:00+01:00,2026-01-15 11:12:00+01:00,Long,4.0,52181,52187,6,4610.7,4618.400000000001,303.04,Canal Exit,Canal Exit,6.0,1.367,-0.617,52187.0,52187.0,,0.0,0.0,298.08,298.08,,0.0,,True,True,False,10,11
MGC_v3,2026-01-15 15:59:00+01:00,2026-01-15 19:57:00+01:00,Long,1.0,52228,52262,34,4614.900000000001,4624.5,94.76,Canal Exit,Canal Exit,30.5,0.495,-0.298,52258.0,52262.0,52243.0,4.0,4.0,72.52,93.52,-55.48,21.0,-150.24,True,True,False,15,19
MGC_v3,2026-01-16 13:25:00+01:00,2026-01-16 13:46:00+01:00,Short,2.0,52404,52407,3,4608.900000000001,4602.3,129.52,Canal Exit,Canal Exit,11.7,0.641,-0.231,52406.0,52407.0,,1.0,1.0,19.04,127.04,,108.0,,False,False,False,13,13
MGC_v3,2026-01-19 13:11:00+01:00,2026-01-19 14:14:00+01:00,Long,2.0,52600,52609,9,4675.900000000001,4676.1,1.52,Canal Exit,Canal Exit,11.4,0.263,-0.614,52602.0,52603.0,,7.0,1.0,5.04,-6.96,,-12.0,,True,True,False,13,14
MGC_v3,2026-01-19 14:42:00+01:00,2026-01-19 15:10:00+01:00,Short,4.0,52613,52617,4,4672.8,4669.5,127.04,Canal Exit,Canal Exit,6.2,1.016,-0.258,52617.0,52617.0,,0.0,0.0,122.08,122.08,,0.0,,False,False,False,14,15
MGC_v3,2026-01-19 16:41:00+01:00,2026-01-19 17:02:00+01:00,Long,3.0,52630,52633,3,4676.6,4676.7,-0.72,Canal Exit,Canal Exit,7.2,0.667,-0.583,52632.0,52633.0,,1.0,1.0,73.56,-4.44,,-78.0,,True,True,True,16,17
MGC_v3,2026-01-19 18:12:00+01:00,2026-01-19 18:33:00+01:00,Short,4.0,52643,52646,3,4675.3,4678.1,-116.96,Canal Exit,Canal Exit,6.2,0.145,-0.581,52645.0,52645.0,,1.0,0.0,-97.92,-97.92,,0.0,,False,False,False,18,18
MGC_v3,2026-01-20 02:13:00+01:00,2026-01-20 04:40:00+01:00,Long,2.0,52682,52703,21,4675.0,4681.8,133.52,Canal Exit,Canal Exit,9.0,0.944,-0.556,52701.0,52703.0,52697.0,2.0,2.0,75.04,131.04,-42.96,56.0,-176.48,False,True,False,2,4
MGC_v3,2026-01-20 20:11:00+01:00,2026-01-20 21:14:00+01:00,Long,2.0,52835,52844,9,4766.6,4757.400000000001,-186.48,Stop Loss,Stop Loss,9.2,0.598,-1.098,,,,,,,,,,,,False,True,20,21
MGC_v3,2026-01-21 12:22:00+01:00,2026-01-21 12:43:00+01:00,Long,2.0,52966,52969,3,4870.8,4861.400000000001,-190.48,Stop Loss,Stop Loss,9.4,0.34,-1.436,52968.0,,,1.0,,-120.96,,,,,True,True,False,12,12
MGC_v3,2026-01-21 15:17:00+01:00,2026-01-21 15:45:00+01:00,Short,1.0,52991,52995,4,4856.6,4851.7,47.76,Canal Exit,Canal Exit,27.8,0.306,-0.655,52992.0,52992.0,,3.0,0.0,-113.48,-113.48,,0.0,,False,False,False,15,15
MGC_v3,2026-01-21 17:44:00+01:00,2026-01-21 18:33:00+01:00,Short,1.0,53012,53019,7,4833.3,4817.7,154.76,Canal Exit,Canal Exit,25.0,1.152,-0.336,53019.0,53019.0,,0.0,0.0,153.52,153.52,,0.0,,False,False,False,17,18
MGC_v3,2026-01-21 20:32:00+01:00,2026-01-21 20:53:00+01:00,Short,1.0,53036,53039,3,4789.3,4783.3,58.76,Canal Exit,Canal Exit,68.1,0.479,-0.417,53039.0,53039.0,,0.0,0.0,57.52,57.52,,0.0,,False,False,False,20,20
MGC_v3,2026-01-22 00:07:00+01:00,2026-01-22 00:56:00+01:00,Short,1.0,53059,53066,7,4815.7,4786.3,292.76,Canal Exit,Canal Exit,27.3,1.341,-0.04,53063.0,53066.0,,3.0,3.0,186.52,291.52,,105.0,,False,False,False,0,0
MGC_v3,2026-01-23 02:06:00+01:00,2026-01-23 08:59:00+01:00,Short,1.0,53274,53333,59,4948.8,4945.8,28.76,Canal Exit,Canal Exit,21.3,0.498,-0.948,53320.0,53322.0,53290.0,13.0,2.0,-59.48,-41.48,-95.48,18.0,-124.24,False,False,False,2,8
MGC_v3,2026-01-23 19:01:00+01:00,2026-01-23 20:53:00+01:00,Short,2.0,53419,53435,16,4977.400000000001,4989.1,-236.48,Stop Loss,Stop Loss,11.7,1.547,-1.214,,,53434.0,,,,,-178.96,,57.52,,True,True,19,20
MGC_v3,2026-01-26 00:07:00+01:00,2026-01-26 00:28:00+01:00,Long,1.0,53455,53458,3,5021.8,5021.8,-1.24,Canal Exit,Canal Exit,41.0,0.224,-0.285,53456.0,53458.0,,2.0,2.0,60.52,-2.48,,-63.0,,True,True,False,0,0
MGC_v3,2026-01-26 17:30:00+01:00,2026-01-26 17:58:00+01:00,Short,1.0,53604,53608,4,5072.3,5092.1,-199.24,Canal Exit,Canal Exit,30.6,0.34,-0.654,53606.0,53606.0,,2.0,0.0,-96.48,-96.48,,0.0,,False,False,False,17,17
MGC_v3,2026-01-27 19:36:00+01:00,2026-01-27 21:21:00+01:00,Long,2.0,53820,53835,15,5086.3,5138.0,1031.52,Canal Exit,Canal Exit,12.6,5.151,-0.619,53834.0,53835.0,,1.0,1.0,1201.04,1029.04,,-172.0,,True,True,False,19,21
MGC_v3,2026-01-28 01:31:00+01:00,2026-01-28 02:55:00+01:00,Long,2.0,53863,53875,12,5165.5,5202.5,737.52,Canal Exit,Canal Exit,11.5,4.826,-0.4,53875.0,53875.0,,0.0,0.0,735.04,735.04,,0.0,,True,True,False,1,2
MGC_v3,2026-01-28 10:16:00+01:00,2026-01-28 16:06:00+01:00,Short,1.0,53938,53988,50,5266.5,5252.700000000001,136.76,Canal Exit,Canal Exit,40.3,0.938,-0.64,53983.0,53988.0,53964.0,5.0,5.0,-36.48,135.52,42.52,172.0,-94.24,False,True,False,10,16
MGC_v3,2026-01-28 16:20:00+01:00,2026-01-28 16:34:00+01:00,Short,1.0,53990,53992,2,5259.400000000001,5274.400000000001,-151.24,Canal Exit,Canal Exit,33.0,0.288,-0.503,53992.0,53992.0,,0.0,0.0,-152.48,-152.48,,0.0,,False,False,False,16,16
MGC_v3,2026-01-28 20:32:00+01:00,2026-01-28 21:07:00+01:00,Long,1.0,54026,54031,5,5301.3,5322.900000000001,214.76,Canal Exit,Canal Exit,37.7,0.915,-0.607,54031.0,54031.0,,0.0,0.0,213.52,213.52,,0.0,,True,True,False,20,21
MGC_v3,2026-01-29 08:17:00+01:00,2026-01-29 14:35:00+01:00,Short,1.0,54119,54173,54,5582.700000000001,5551.5,310.76,Canal Exit,Canal Exit,43.3,1.887,-0.268,54173.0,54173.0,54140.0,0.0,0.0,309.52,309.52,340.52,0.0,29.76,False,False,False,8,14
MGC_v3,2026-01-30 05:50:00+01:00,2026-01-30 06:11:00+01:00,Short,1.0,54296,54299,3,5237.6,5260.1,-226.24,Stop Loss,Stop Loss,22.5,0.453,-1.351,,,,,,,,,,,,True,False,5,6
MGC_v3,2026-01-30 16:55:00+01:00,2026-01-30 18:05:00+01:00,Short,1.0,54391,54401,10,5073.1,4962.200000000001,1107.76,Canal Exit,Canal Exit,69.2,1.759,-0.194,54398.0,54401.0,,3.0,3.0,749.52,1106.52,,357.0,,False,False,False,16,18
MGC_v3,2026-01-30 21:35:00+01:00,2026-01-30 21:56:00+01:00,Short,1.0,54431,54434,3,4883.5,4870.400000000001,129.76,Auto-Close (profit),Auto-Close (profit),89.0,0.622,-0.275,,,,,,,,,,,,False,False,21,21
MGC_v3,2026-02-02 03:58:00+01:00,2026-02-02 07:21:00+01:00,Short,1.0,54478,54507,29,4728.0,4478.900000000001,2489.76,Canal Exit,Canal Exit,69.0,3.968,-0.361,54504.0,54507.0,54493.0,3.0,3.0,1823.52,2488.52,212.52,665.0,-2277.24,False,False,False,3,7
MGC_v3,2026-02-02 14:21:00+01:00,2026-02-02 21:56:00+01:00,Short,1.0,54567,54631,64,4762.7,4677.6,849.76,Auto-Close (profit),Auto-Close (profit),74.8,1.928,-0.734,,,54580.0,,,,,205.52,,-644.24,,False,False,14,21
MGC_v3,2026-02-03 00:07:00+01:00,2026-02-03 00:28:00+01:00,Long,1.0,54642,54645,3,4741.1,4762.1,208.76,Canal Exit,Canal Exit,74.6,0.642,-0.216,54644.0,54645.0,,1.0,1.0,274.52,207.52,,-67.0,,True,True,False,0,0
MGC_v3,2026-02-03 10:51:00+01:00,2026-02-03 12:22:00+01:00,Long,1.0,54734,54747,13,4938.700000000001,4908.3,-305.24,Stop Loss,Stop Loss,30.4,0.477,-1.122,,,,,,,,,,,,False,False,10,12
MGC_v3,2026-02-03 16:48:00+01:00,2026-02-03 17:37:00+01:00,Long,1.0,54785,54792,7,4956.0,5007.0,508.76,Canal Exit,Canal Exit,39.3,1.585,-0.3,54790.0,54792.0,,2.0,2.0,400.52,507.52,,107.0,,True,True,False,16,17
MGC_v3,2026-02-04 13:25:00+01:00,2026-02-04 15:31:00+01:00,Long,1.0,54954,54972,18,5076.0,5028.6,-475.24,Stop Loss,Stop Loss,47.4,0.238,-1.329,,,54971.0,,,,,-240.48,,234.76,,False,False,13,15
MGC_v3,2026-02-05 08:38:00+01:00,2026-02-05 09:13:00+01:00,Short,1.0,55110,55115,5,4929.200000000001,4959.6,-305.24,Stop Loss,Stop Loss,30.4,0.493,-1.092,55114.0,,,1.0,,-297.48,,,,,False,False,False,8,9
MGC_v3,2026-02-05 15:45:00+01:00,2026-02-05 16:41:00+01:00,Long,1.0,55171,55179,8,4888.1,4826.8,-614.24,Stop Loss,Stop Loss,61.3,0.057,-1.108,,,55179.0,,,,,-675.48,,-61.24,,False,False,15,16
MGC_v3,2026-02-05 19:08:00+01:00,2026-02-05 19:50:00+01:00,Short,1.0,55200,55206,6,4883.2,4876.400000000001,66.76,Canal Exit,Canal Exit,47.5,0.219,-0.322,55202.0,55202.0,,4.0,0.0,-79.48,-79.48,,0.0,,False,False,False,19,19
MGC_v3,2026-02-06 20:18:00+01:00,2026-02-06 21:56:00+01:00,Short,2.0,55408,55422,14,4982.5,4977.0,107.52,Auto-Close (profit),Auto-Close (profit),9.6,2.323,-0.448,,,,,,,,,,,,False,False,20,21
MGC_v3,2026-02-09 03:58:00+01:00,2026-02-09 05:01:00+01:00,Long,1.0,55466,55475,9,5035.700000000001,5040.700000000001,48.76,Canal Exit,Canal Exit,46.5,0.342,-0.247,55471.0,55475.0,,4.0,4.0,63.52,47.52,,-16.0,,True,True,False,3,5
MGC_v3,2026-02-09 08:03:00+01:00,2026-02-09 11:19:00+01:00,Short,1.0,55501,55529,28,5042.200000000001,5021.3,207.76,Canal Exit,Canal Exit,25.4,1.988,-0.787,55527.0,55529.0,55513.0,2.0,2.0,100.52,206.52,-44.48,106.0,-252.24,False,False,False,8,11
MGC_v3,2026-02-09 12:29:00+01:00,2026-02-09 12:43:00+01:00,Long,1.0,55539,55541,2,5026.700000000001,5029.0,21.76,Canal Exit,Canal Exit,24.1,0.324,-0.183,55541.0,55541.0,,0.0,0.0,20.52,20.52,,0.0,,True,True,False,12,12
MGC_v3,2026-02-09 14:35:00+01:00,2026-02-09 15:17:00+01:00,Short,1.0,55557,55563,6,5021.0,5039.6,-187.24,Canal Exit,Canal Exit,26.1,0.169,-0.805,55559.0,55559.0,,4.0,0.0,-111.48,-111.48,,0.0,,False,False,False,14,15
MGC_v3,2026-02-09 19:43:00+01:00,2026-02-09 21:07:00+01:00,Long,1.0,55601,55613,12,5079.6,5102.900000000001,231.76,Canal Exit,Canal Exit,15.0,1.693,-0.267,55611.0,55613.0,,2.0,2.0,186.52,230.52,,44.0,,True,True,False,19,21
MGC_v3,2026-02-10 05:50:00+01:00,2026-02-10 06:11:00+01:00,Long,1.0,55680,55683,3,5054.3,5045.8,-86.24,Canal Exit,Canal Exit,13.1,0.26,-0.771,55682.0,55682.0,,1.0,0.0,-17.48,-17.48,,0.0,,True,True,False,5,6
MGC_v3,2026-02-10 17:58:00+01:00,2026-02-10 18:12:00+01:00,Long,1.0,55784,55786,2,5048.700000000001,5056.1,72.76,Canal Exit,Canal Exit,21.4,0.402,-0.238,55786.0,55786.0,,0.0,0.0,71.52,71.52,,0.0,,True,True,False,17,18
MGC_v3,2026-02-11 08:45:00+01:00,2026-02-11 09:13:00+01:00,Short,1.0,55903,55907,4,5077.200000000001,5075.700000000001,13.76,Canal Exit,Canal Exit,16.2,0.29,-0.42,55904.0,55905.0,,3.0,1.0,-15.48,-47.48,,-32.0,,False,False,False,8,9
MGC_v3,2026-02-11 16:27:00+01:00,2026-02-11 18:05:00+01:00,Short,1.0,55969,55983,14,5075.400000000001,5107.400000000001,-321.24,Stop Loss,Stop Loss,32.0,0.419,-1.05,,,55974.0,,,,,-44.48,,276.76,,True,False,16,18
MGC_v3,2026-02-11 19:08:00+01:00,2026-02-11 19:36:00+01:00,Short,1.0,55992,55996,4,5097.700000000001,5082.1,154.76,Canal Exit,Canal Exit,25.7,0.607,-0.475,55995.0,55996.0,,1.0,1.0,-66.48,153.52,,220.0,,False,False,False,19,19
MGC_v3,2026-02-12 15:24:00+01:00,2026-02-12 15:52:00+01:00,Short,1.0,56157,56161,4,5081.900000000001,5065.400000000001,163.76,Canal Exit,Canal Exit,24.8,0.827,-0.524,56160.0,56161.0,,1.0,1.0,19.52,162.52,,143.0,,False,False,False,15,15
MGC_v3,2026-02-13 00:49:00+01:00,2026-02-13 01:03:00+01:00,Short,1.0,56230,56232,2,4932.0,4952.200000000001,-203.24,Stop Loss,Stop Loss,20.2,0.139,-1.634,,,,,,,,,,,,True,False,0,1
MGC_v3,2026-02-13 04:54:00+01:00,2026-02-13 05:50:00+01:00,Long,2.0,56265,56273,8,5000.5,4991.700000000001,-178.48,Stop Loss,Stop Loss,8.8,1.795,-1.0,,,,,,,,,,,,False,True,4,5
MGC_v3,2026-02-13 17:23:00+01:00,2026-02-13 21:56:00+01:00,Long,1.0,56372,56411,39,5050.6,5054.0,32.76,Auto-Close (profit),Auto-Close (profit),55.3,0.34,-0.425,,,56402.0,,,,,-48.48,,-81.24,,False,False,17,21
MGC_v3,2026-02-16 00:14:00+01:00,2026-02-16 04:33:00+01:00,Short,1.0,56423,56460,37,5046.3,5010.5,356.76,Canal Exit,Canal Exit,32.8,1.232,-0.174,56455.0,56460.0,56439.0,5.0,5.0,300.52,355.52,53.52,55.0,-303.24,False,False,False,0,4
MGC_v3,2026-02-16 08:03:00+01:00,2026-02-16 08:38:00+01:00,Short,4.0,56490,56495,5,5016.700000000001,5022.200000000001,-224.96,Stop Loss,Stop Loss,5.5,1.727,-1.782,,,,,,,,,,,,True,True,8,8
MGC_v3,2026-02-17 04:19:00+01:00,2026-02-17 06:32:00+01:00,Short,1.0,56634,56653,19,4973.6,4901.6,718.76,Canal Exit,Canal Exit,17.3,5.757,-0.399,56652.0,56653.0,,1.0,1.0,765.52,717.52,,-48.0,,False,False,False,4,6
MGC_v3,2026-02-17 12:15:00+01:00,2026-02-17 13:32:00+01:00,Long,1.0,56702,56713,11,4948.200000000001,4960.3,119.76,Canal Exit,Canal Exit,21.9,0.717,-0.352,56713.0,56713.0,,0.0,0.0,118.52,118.52,,0.0,,True,True,False,12,13
MGC_v3,2026-02-17 21:00:00+01:00,2026-02-17 21:14:00+01:00,Short,1.0,56777,56779,2,4895.900000000001,4893.7,20.76,Canal Exit,Canal Exit,35.2,0.108,-0.151,56778.0,56778.0,,1.0,0.0,-24.48,-24.48,,0.0,,False,False,False,21,21
MGC_v3,2026-02-19 02:41:00+01:00,2026-02-19 06:18:00+01:00,Long,2.0,57016,57047,31,4988.5,5007.3,373.52,Canal Exit,Canal Exit,11.0,2.136,-0.336,57046.0,57047.0,57030.0,1.0,1.0,373.04,371.04,-24.96,-2.0,-398.48,True,True,False,2,6
MGC_v3,2026-02-19 15:10:00+01:00,2026-02-19 15:45:00+01:00,Short,1.0,57123,57128,5,4999.900000000001,5019.0,-192.24,Stop Loss,Stop Loss,19.1,0.932,-1.037,57127.0,,,1.0,,-123.48,,,,,False,False,True,15,15
MGC_v3,2026-02-20 19:22:00+01:00,2026-02-20 19:57:00+01:00,Short,1.0,57357,57362,5,5082.8,5097.6,-149.24,Stop Loss,Stop Loss,14.8,0.5,-1.074,,,,,,,,,,,,False,True,19,19
MGC_v3,2026-02-23 07:56:00+01:00,2026-02-23 08:24:00+01:00,Short,1.0,57457,57461,4,5166.0,5155.8,100.76,Canal Exit,Canal Exit,17.6,1.131,-0.574,57458.0,57458.0,,3.0,0.0,-66.48,-66.48,,0.0,,False,False,False,7,8
MGC_v3,2026-02-23 12:15:00+01:00,2026-02-23 13:39:00+01:00,Short,1.0,57493,57505,12,5169.5,5184.8,-154.24,Stop Loss,Stop Loss,15.3,0.242,-1.052,57497.0,57500.0,,8.0,3.0,-55.48,-17.48,,38.0,,False,False,False,12,13
MGC_v3,2026-02-24 00:07:00+01:00,2026-02-24 00:56:00+01:00,Long,1.0,57587,57594,7,5262.400000000001,5240.8,-217.24,Stop Loss,Stop Loss,21.6,0.319,-1.208,,,57594.0,,,,,-228.48,,-11.24,,False,False,0,0
MGC_v3,2026-02-24 01:03:00+01:00,2026-02-24 08:38:00+01:00,Short,1.0,57595,57660,65,5247.0,5199.1,477.76,Canal Exit,Canal Exit,22.4,3.71,-0.482,57658.0,57660.0,57617.0,2.0,2.0,463.52,476.52,407.52,13.0,-70.24,False,True,False,1,8
MGC_v3,2026-02-24 17:51:00+01:00,2026-02-24 18:05:00+01:00,Short,1.0,57739,57741,2,5158.3,5173.400000000001,-152.24,Stop Loss,Stop Loss,15.1,0.669,-1.113,,,,,,,,,,,,False,True,17,18
MGC_v3,2026-02-24 21:21:00+01:00,2026-02-24 21:56:00+01:00,Long,1.0,57769,57774,5,5185.700000000001,5181.700000000001,-41.24,Auto-Close (loss),Auto-Close (loss),21.8,0.266,-0.463,57773.0,,,1.0,,-95.48,,,,,True,True,False,21,21
MGC_v3,2026-02-25 05:22:00+01:00,2026-02-25 06:53:00+01:00,Long,2.0,57830,57843,13,5202.700000000001,5221.200000000001,367.52,Canal Exit,Canal Exit,12.8,2.117,-0.336,57843.0,57843.0,,0.0,0.0,365.04,365.04,,0.0,,True,True,False,5,6
MGC_v3,2026-02-25 14:42:00+01:00,2026-02-25 15:38:00+01:00,Short,7.0,57910,57918,8,5206.5,5193.200000000002,922.32,Canal Exit,Canal Exit,3.5,8.4,-0.971,57918.0,57918.0,,0.0,0.0,913.64,913.64,,0.0,,False,False,False,14,15
MGC_v3,2026-02-26 01:03:00+01:00,2026-02-26 01:24:00+01:00,Short,1.0,57976,57979,3,5177.5,5195.900000000001,-185.24,Stop Loss,Stop Loss,18.4,0.342,-1.484,,,,,,,,,,,,True,False,1,1
MGC_v3,2026-02-26 04:54:00+01:00,2026-02-26 06:04:00+01:00,Long,1.0,58009,58019,10,5209.400000000001,5211.0,14.76,Canal Exit,Canal Exit,20.4,0.284,-0.201,58013.0,58019.0,,6.0,6.0,3.52,13.52,,10.0,,True,True,False,4,6
MGC_v3,2026-02-26 14:42:00+01:00,2026-02-26 15:24:00+01:00,Short,1.0,58093,58099,6,5183.900000000001,5161.700000000001,220.76,Canal Exit,Canal Exit,20.3,1.315,-0.236,58097.0,58097.0,,2.0,0.0,-5.48,-5.48,,0.0,,False,False,False,14,15
MGC_v3,2026-02-26 16:41:00+01:00,2026-02-26 17:30:00+01:00,Long,1.0,58110,58117,7,5199.6,5199.6,-1.24,Canal Exit,Canal Exit,54.5,0.196,-0.319,58112.0,58113.0,,5.0,1.0,-24.48,-51.48,,-27.0,,True,True,False,16,17
MGC_v3,2026-02-27 01:45:00+01:00,2026-02-27 02:55:00+01:00,Short,1.0,58180,58190,10,5191.5,5211.6,-202.24,Stop Loss,Stop Loss,20.1,0.438,-1.109,,,58188.0,,,,,-126.48,,75.76,,True,False,1,2
MGC_v3,2026-03-02 19:01:00+01:00,2026-03-02 19:57:00+01:00,Short,1.0,58526,58534,8,5309.6,5334.8,-253.24,Stop Loss,Stop Loss,25.2,0.262,-1.048,,,,,,,,,,,,True,False,19,19
MGC_v3,2026-03-03 00:14:00+01:00,2026-03-03 01:59:00+01:00,Long,1.0,58563,58578,15,5349.0,5377.5,283.76,Canal Exit,Canal Exit,14.1,2.121,-0.447,58574.0,58578.0,,4.0,4.0,148.52,282.52,,134.0,,True,True,False,0,1
MGC_v3,2026-03-03 14:42:00+01:00,2026-03-03 17:02:00+01:00,Short,1.0,58687,58707,20,5149.3,5124.700000000001,244.76,Canal Exit,Canal Exit,87.6,1.647,-0.419,58698.0,58707.0,58706.0,9.0,9.0,940.52,243.52,423.52,-697.0,178.76,False,True,False,14,17
MGC_v3,2026-03-05 14:00:00+01:00,2026-03-05 14:21:00+01:00,Short,1.0,59076,59079,3,5164.900000000001,5120.5,442.76,Canal Exit,Canal Exit,17.8,4.455,-0.562,59079.0,59079.0,,0.0,0.0,441.52,441.52,,0.0,,False,False,False,14,14
MGC_v3,2026-03-05 21:21:00+01:00,2026-03-05 21:56:00+01:00,Long,1.0,59139,59144,5,5092.5,5086.400000000001,-62.24,Auto-Close (loss),Auto-Close (loss),29.1,0.182,-0.347,,,,,,,,,,,,True,False,21,21
MGC_v3,2026-03-06 05:50:00+01:00,2026-03-06 05:57:00+01:00,Long,8.0,59204,59205,1,5139.1,5136.0,-257.92,Stop Loss,Stop Loss,3.1,1.774,-2.226,,,,,,,,,,,,False,True,5,5
MGC_v3,2026-03-06 12:50:00+01:00,2026-03-06 14:28:00+01:00,Short,1.0,59264,59278,14,5075.0,5109.5,-346.24,Stop Loss,Stop Loss,34.5,0.13,-1.759,59278.0,,,0.0,,-587.48,,,,,False,False,False,12,14
MGC_v3,2026-03-06 19:08:00+01:00,2026-03-06 20:18:00+01:00,Long,1.0,59318,59328,10,5154.5,5176.8,221.76,Canal Exit,Canal Exit,16.3,1.828,-0.233,59328.0,59328.0,,0.0,0.0,220.52,220.52,,0.0,,True,True,False,19,20
MGC_v3,2026-03-08 23:35:00+01:00,2026-03-09 05:53:00+01:00,Short,1.0,59357,59411,54,5126.6,5096.1,303.76,Canal Exit,Canal Exit,83.1,1.273,-0.454,59407.0,59411.0,59379.0,4.0,4.0,287.52,302.52,400.52,15.0,96.76,False,False,False,23,5
MGC_v3,2026-03-09 13:07:00+01:00,2026-03-09 13:28:00+01:00,Long,1.0,59473,59476,3,5105.200000000001,5117.200000000001,118.76,Canal Exit,Canal Exit,19.1,0.796,-0.194,59476.0,59476.0,,0.0,0.0,117.52,117.52,,0.0,,True,True,False,13,13
MGC_v3,2026-03-09 18:01:00+01:00,2026-03-09 19:32:00+01:00,Short,2.0,59515,59528,13,5109.200000000001,5119.8,-214.48,Stop Loss,Stop Loss,10.6,1.085,-1.642,59519.0,,59528.0,9.0,,89.04,,-284.96,,-70.48,False,True,True,18,19
MGC_v3,2026-03-10 01:27:00+01:00,2026-03-10 02:16:00+01:00,Short,1.0,59571,59578,7,5136.3,5166.1,-299.24,Stop Loss,Stop Loss,29.8,0.091,-1.181,,,,,,,,,,,,False,False,1,2
MGC_v3,2026-03-10 04:08:00+01:00,2026-03-10 04:29:00+01:00,Short,1.0,59594,59597,3,5174.700000000001,5170.3,42.76,Canal Exit,Canal Exit,19.8,0.333,-0.364,59595.0,59595.0,,2.0,0.0,-37.48,-37.48,,0.0,,False,False,False,4,4
MGC_v3,2026-03-11 07:38:00+01:00,2026-03-11 08:41:00+01:00,Short,1.0,59822,59831,9,5202.700000000001,5199.200000000001,33.76,Canal Exit,Canal Exit,15.8,0.665,-0.506,59831.0,59831.0,,0.0,0.0,32.52,32.52,,0.0,,False,False,False,7,8
MGC_v3,2026-03-11 11:36:00+01:00,2026-03-11 13:28:00+01:00,Short,1.0,59856,59872,16,5185.700000000001,5205.0,-194.24,Stop Loss,Stop Loss,19.3,0.14,-1.181,59869.0,59872.0,59870.0,3.0,3.0,-141.48,-40.48,-168.48,101.0,25.76,False,True,False,11,13
MGC_v3,2026-03-11 13:35:00+01:00,2026-03-11 14:31:00+01:00,Short,1.0,59873,59881,8,5185.5,5177.700000000001,76.76,Canal Exit,Canal Exit,23.1,0.714,-0.242,59877.0,59881.0,,4.0,4.0,24.52,75.52,,51.0,,False,False,False,13,14
MGC_v3,2026-03-12 03:40:00+01:00,2026-03-12 04:29:00+01:00,Short,1.0,59986,59993,7,5158.1,5155.0,29.76,Canal Exit,Canal Exit,22.7,0.33,-0.379,59989.0,59993.0,,4.0,4.0,-13.48,28.52,,42.0,,False,False,False,3,4
MGC_v3,2026-03-12 14:31:00+01:00,2026-03-12 14:45:00+01:00,Short,1.0,60079,60081,2,5170.400000000001,5163.3,69.76,Canal Exit,Canal Exit,22.3,0.543,-0.197,60081.0,60081.0,,0.0,0.0,68.52,68.52,,0.0,,False,False,False,14,14
MGC_v3,2026-03-13 06:56:00+01:00,2026-03-13 07:03:00+01:00,Short,3.0,60212,60213,1,5106.6,5109.1,-78.72,Canal Exit,Canal Exit,8.3,0.711,-0.566,60213.0,60213.0,,0.0,0.0,-82.44,-82.44,,0.0,,False,False,True,6,7
MGC_v3,2026-03-13 14:31:00+01:00,2026-03-13 20:56:00+01:00,Short,1.0,60277,60332,55,5110.1,5022.0,879.76,Auto-Close (profit),Auto-Close (profit),18.4,5.207,-0.712,60332.0,,60304.0,0.0,,861.52,,624.52,,-255.24,False,False,False,14,20
MGC_v3,2026-03-15 23:28:00+01:00,2026-03-16 01:20:00+01:00,Short,1.0,60346,60362,16,5018.900000000001,5025.200000000001,-64.24,Canal Exit,Canal Exit,16.4,2.957,-0.841,60357.0,60362.0,60361.0,5.0,5.0,384.52,-65.48,-46.48,-450.0,17.76,False,True,True,23,1
MGC_v3,2026-03-17 04:22:00+01:00,2026-03-17 06:56:00+01:00,Long,2.0,60586,60608,22,5036.200000000001,5024.1,-244.48,Stop Loss,Stop Loss,12.1,1.091,-1.843,,,60606.0,,,,,-40.96,,203.52,,False,True,4,6
MGC_v3,2026-03-17 19:32:00+01:00,2026-03-17 20:56:00+01:00,Short,3.0,60716,60728,12,5006.6,5005.0,44.28,Auto-Close (profit),Auto-Close (profit),7.3,0.849,-0.753,60725.0,,,3.0,,-7.44,,,,,False,False,False,19,20
MGC_v3,2026-03-17 23:28:00+01:00,2026-03-18 00:38:00+01:00,Short,2.0,60742,60752,10,5001.5,5006.200000000001,-96.48,Canal Exit,Canal Exit,11.4,0.421,-0.579,60743.0,60744.0,,9.0,1.0,-40.96,-42.96,,-2.0,,False,False,False,23,0
MGC_v3,2026-03-18 00:45:00+01:00,2026-03-18 00:59:00+01:00,Long,7.0,60753,60755,2,5006.0,5013.5,516.32,Canal Exit,Canal Exit,3.7,2.108,-0.297,60754.0,60754.0,,1.0,0.0,-31.36,-31.36,,0.0,,True,True,False,0,0
MGC_v3,2026-03-18 11:57:00+01:00,2026-03-18 19:25:00+01:00,Short,1.0,60849,60913,64,4963.5,4886.2,771.76,Canal Exit,Canal Exit,36.5,3.479,-0.384,60913.0,60913.0,60874.0,0.0,0.0,770.52,770.52,836.52,0.0,64.76,False,False,False,11,19
MGC_v3,2026-03-19 04:50:00+01:00,2026-03-19 13:42:00+01:00,Short,1.0,60986,61062,76,4852.8,4538.8,3138.76,Canal Exit,Canal Exit,14.4,22.181,-0.306,61060.0,61062.0,61033.0,2.0,2.0,2457.52,3137.52,1378.52,680.0,-1760.24,False,False,False,4,13
MGC_v3,2026-03-19 18:29:00+01:00,2026-03-19 19:39:00+01:00,Long,1.0,61103,61113,10,4604.1,4613.0,87.76,Canal Exit,Canal Exit,27.4,1.077,-0.212,61106.0,61113.0,,7.0,7.0,170.52,86.52,,-84.0,,True,True,False,18,19
MGC_v3,2026-03-20 14:10:00+01:00,2026-03-20 15:13:00+01:00,Short,1.0,61264,61273,9,4658.5,4575.8,825.76,Canal Exit,Canal Exit,38.4,2.49,-0.32,61271.0,61273.0,,2.0,2.0,386.52,824.52,,438.0,,False,False,False,14,15
MGC_v3,2026-03-20 18:22:00+01:00,2026-03-20 19:53:00+01:00,Short,1.0,61300,61313,13,4577.2,4501.1,759.76,Canal Exit,Canal Exit,38.7,2.563,-0.129,61313.0,61313.0,,0.0,0.0,758.52,758.52,,0.0,,False,False,False,18,19
MGC_v3,2026-03-23 20:07:00+01:00,2026-03-23 20:56:00+01:00,Short,1.0,61513,61520,7,4412.3,4400.2,119.76,Auto-Close (profit),Auto-Close (profit),57.6,0.46,-0.497,61518.0,61520.0,,2.0,2.0,-89.48,219.52,,309.0,,False,False,False,20,20
MGC_v3,2026-03-24 16:58:00+01:00,2026-03-24 17:47:00+01:00,Short,1.0,61684,61691,7,4407.900000000001,4423.7,-159.24,Canal Exit,Canal Exit,26.9,0.19,-0.777,61691.0,61691.0,,0.0,0.0,-160.48,-160.48,,0.0,,False,False,False,16,17
MGC_v3,2026-03-25 00:10:00+01:00,2026-03-25 07:45:00+01:00,Long,1.0,61738,61803,65,4500.900000000001,4548.6,475.76,Canal Exit,Canal Exit,42.8,2.353,-0.442,61803.0,61803.0,61756.0,0.0,0.0,474.52,474.52,738.52,0.0,262.76,False,False,False,0,7
MGC_v3,2026-03-25 13:21:00+01:00,2026-03-25 13:35:00+01:00,Short,1.0,61851,61853,2,4551.1,4548.2,27.76,Canal Exit,Canal Exit,34.7,0.896,-0.458,61853.0,61853.0,,0.0,0.0,26.52,26.52,,0.0,,False,False,False,13,13
MGC_v3,2026-03-25 17:05:00+01:00,2026-03-25 17:54:00+01:00,Short,1.0,61883,61890,7,4555.8,4554.6,10.76,Canal Exit,Canal Exit,22.1,0.566,-0.217,61887.0,61890.0,,3.0,3.0,-21.48,9.52,,31.0,,False,False,False,17,17
MGC_v3,2026-03-25 18:57:00+01:00,2026-03-25 19:25:00+01:00,Short,1.0,61899,61903,4,4546.2,4553.0,-69.24,Canal Exit,Canal Exit,20.7,0.169,-0.995,61901.0,61902.0,,2.0,1.0,-6.48,-68.48,,-62.0,,False,False,False,18,19
MGC_v3,2026-03-26 12:46:00+01:00,2026-03-26 14:17:00+01:00,Short,1.0,62044,62057,13,4421.7,4447.1,-255.24,Canal Exit,Canal Exit,31.8,0.267,-0.931,62048.0,62051.0,,9.0,3.0,-136.48,-145.48,,-9.0,,False,False,False,12,14
MGC_v3,2026-03-26 14:24:00+01:00,2026-03-26 14:38:00+01:00,Long,1.0,62058,62060,2,4442.5,4450.6,79.76,Canal Exit,Canal Exit,25.1,0.331,-0.661,62060.0,62060.0,,0.0,0.0,78.52,78.52,,0.0,,True,True,False,14,14
MGC_v3,2026-03-26 16:23:00+01:00,2026-03-26 20:56:00+01:00,Short,1.0,62075,62114,39,4451.2,4361.400000000001,896.76,Auto-Close (profit),Auto-Close (profit),25.9,3.687,-0.162,,,62098.0,,,,,703.52,,-193.24,,True,False,16,20
MGC_v3,2026-03-27 01:06:00+01:00,2026-03-27 01:20:00+01:00,Long,1.0,62142,62144,2,4402.400000000001,4383.7,-188.24,Stop Loss,Stop Loss,18.7,0.059,-1.353,,,,,,,,,,,,False,False,1,1
MGC_v3,2026-03-27 11:29:00+01:00,2026-03-27 13:49:00+01:00,Short,1.0,62231,62251,20,4419.0,4433.400000000001,-145.24,Stop Loss,Stop Loss,14.4,1.389,-1.41,,,62243.0,,,,,38.52,,183.76,,True,True,11,13
MGC_v3,2026-03-27 14:24:00+01:00,2026-03-27 14:59:00+01:00,Short,1.0,62256,62261,5,4415.900000000001,4439.400000000001,-236.24,Stop Loss,Stop Loss,23.5,0.328,-1.821,62261.0,,,0.0,,-387.48,,,,,False,False,False,14,14
MGC_v3,2026-03-27 15:06:00+01:00,2026-03-27 20:35:00+01:00,Long,1.0,62262,62309,47,4451.7,4503.1,512.76,Canal Exit,Canal Exit,43.6,2.312,-0.259,62309.0,62309.0,62282.0,0.0,0.0,511.52,511.52,648.52,0.0,135.76,True,True,False,15,20
MGC_v3,2026-03-30 00:14:00+02:00,2026-03-30 00:28:00+02:00,Long,1.0,62324,62326,2,4531.5,4533.2,15.76,Canal Exit,Canal Exit,44.5,0.169,-0.434,62326.0,62326.0,,0.0,0.0,14.52,14.52,,0.0,,True,True,False,0,0
MGC_v3,2026-03-30 01:24:00+02:00,2026-03-30 05:15:00+02:00,Short,1.0,62334,62367,33,4499.2,4539.1,-400.24,Stop Loss,Stop Loss,39.9,1.348,-1.09,,,62350.0,,,,,98.52,,498.76,,True,True,1,5
MGC_v3,2026-03-30 19:01:00+02:00,2026-03-30 19:43:00+02:00,Short,1.0,62485,62491,6,4563.3,4547.1,160.76,Canal Exit,Canal Exit,24.1,0.788,-0.295,62490.0,62491.0,,1.0,1.0,120.52,159.52,,39.0,,False,False,False,19,19
MGC_v3,2026-03-31 00:14:00+02:00,2026-03-31 01:59:00+02:00,Short,1.0,62522,62537,15,4535.0,4553.1,-182.24,Stop Loss,Stop Loss,18.1,0.818,-1.188,62533.0,62536.0,62535.0,4.0,3.0,-74.48,-31.48,-96.48,43.0,85.76,False,True,True,0,1
MGC_v3,2026-03-31 02:20:00+02:00,2026-03-31 02:34:00+02:00,Short,1.0,62540,62542,2,4530.900000000001,4556.6,-258.24,Stop Loss,Stop Loss,25.7,0.813,-1.132,62542.0,,,0.0,,-248.48,,,,,True,True,True,2,2
MGC_v3,2026-03-31 10:02:00+02:00,2026-03-31 12:36:00+02:00,Long,1.0,62606,62628,22,4600.5,4572.0,-286.24,Stop Loss,Stop Loss,28.5,0.175,-1.456,,,62619.0,,,,,-196.48,,89.76,,False,False,10,12
MGC_v3,2026-03-31 13:18:00+02:00,2026-03-31 13:39:00+02:00,Long,1.0,62634,62637,3,4606.400000000001,4622.2,156.76,Canal Exit,Canal Exit,47.5,0.368,-0.286,62637.0,62637.0,,0.0,0.0,155.52,155.52,,0.0,,True,True,False,13,13
MGC_v3,2026-03-31 18:26:00+02:00,2026-03-31 19:50:00+02:00,Long,2.0,62678,62690,12,4649.3,4685.2,715.52,Canal Exit,Canal Exit,12.3,4.008,-0.333,62690.0,62690.0,,0.0,0.0,713.04,713.04,,0.0,,True,True,False,18,19
MGC_v3,2026-04-01 00:35:00+02:00,2026-04-01 01:52:00+02:00,Long,1.0,62723,62734,11,4719.1,4727.5,82.76,Canal Exit,Canal Exit,30.8,0.315,-0.974,62734.0,62734.0,,0.0,0.0,81.52,81.52,,0.0,,True,True,False,0,1
MGC_v3,2026-04-01 05:08:00+02:00,2026-04-01 05:57:00+02:00,Long,2.0,62762,62769,7,4715.7,4704.5,-226.48,Stop Loss,Stop Loss,11.2,0.42,-1.152,,,,,,,,,,,,True,False,5,5
MGC_v3,2026-04-01 10:16:00+02:00,2026-04-01 13:53:00+02:00,Long,1.0,62806,62837,31,4757.5,4780.5,228.76,Canal Exit,Canal Exit,22.0,1.536,-0.786,62834.0,62837.0,,3.0,3.0,210.52,227.52,,17.0,,True,True,False,10,13
MGC_v3,2026-04-02 02:48:00+02:00,2026-04-02 08:52:00+02:00,Short,2.0,62940,62992,52,4813.8,4622.0,3833.52,Canal Exit,Canal Exit,10.7,21.822,-0.224,62986.0,62992.0,62960.0,6.0,6.0,4155.04,3831.04,1921.04,-324.0,-1912.48,False,False,False,2,8
MGC_v3,2026-04-02 12:43:00+02:00,2026-04-02 13:39:00+02:00,Long,1.0,63025,63033,8,4654.900000000001,4629.2,-258.24,Stop Loss,Stop Loss,25.7,0.109,-1.409,63031.0,,63033.0,2.0,,-179.48,,-302.48,,-44.24,True,False,False,12,13
MGC_v3,2026-04-02 13:46:00+02:00,2026-04-02 15:45:00+02:00,Short,1.0,63034,63051,17,4629.400000000001,4657.8,-285.24,Stop Loss,Stop Loss,28.4,0.845,-1.264,63047.0,,63041.0,4.0,,212.52,,-178.48,,106.76,False,False,True,13,15
MGC_v3,2026-04-02 17:44:00+02:00,2026-04-02 18:05:00+02:00,Short,1.0,63068,63071,3,4682.400000000001,4677.400000000001,48.76,Canal Exit,Canal Exit,44.2,0.213,-0.281,63069.0,63071.0,,2.0,2.0,-14.48,47.52,,62.0,,False,False,False,17,18
MGC_v3,2026-04-06 17:09:00+02:00,2026-04-06 19:08:00+02:00,Short,1.0,63261,63278,17,4683.7,4679.5,40.76,Canal Exit,Canal Exit,40.3,0.337,-0.355,63266.0,63270.0,,12.0,4.0,-71.48,-90.48,,-19.0,,False,False,False,17,19
MGC_v3,2026-04-06 20:39:00+02:00,2026-04-06 21:56:00+02:00,Short,1.0,63291,63302,11,4678.5,4682.6,-42.24,Auto-Close (loss),Auto-Close (loss),15.7,0.376,-0.516,,,,,,,,,,,,False,False,20,21
MGC_v3,2026-04-07 02:27:00+02:00,2026-04-07 02:55:00+02:00,Long,2.0,63333,63337,4,4686.6,4675.6,-222.48,Stop Loss,Stop Loss,11.0,0.282,-3.055,63336.0,,,1.0,,-50.96,,,,,True,True,False,2,2
MGC_v3,2026-04-07 21:21:00+02:00,2026-04-07 21:56:00+02:00,Long,1.0,63495,63500,5,4714.6,4727.0,122.76,Auto-Close (profit),Auto-Close (profit),31.4,0.984,-0.21,,,,,,,,,,,,True,False,21,21
MGC_v3,2026-04-08 03:58:00+02:00,2026-04-08 07:49:00+02:00,Long,1.0,63544,63577,33,4845.900000000001,4862.8,167.76,Canal Exit,Canal Exit,28.9,0.907,-0.913,63569.0,63569.0,,8.0,0.0,-134.48,-134.48,,0.0,,True,True,False,3,7
MGC_v3,2026-04-08 19:15:00+02:00,2026-04-08 20:46:00+02:00,Short,2.0,63675,63688,13,4778.8,4734.5,883.52,Canal Exit,Canal Exit,12.9,3.953,-0.76,63688.0,63688.0,,0.0,0.0,881.04,881.04,,0.0,,False,False,False,19,20
MGC_v3,2026-04-09 07:56:00+02:00,2026-04-09 08:03:00+02:00,Short,3.0,63776,63777,1,4742.2,4743.900000000001,-54.72,Canal Exit,Canal Exit,7.9,1.468,-0.962,63777.0,63777.0,,0.0,0.0,-58.44,-58.44,,0.0,,False,False,True,7,8
MGC_v3,2026-04-09 12:22:00+02:00,2026-04-09 13:18:00+02:00,Long,1.0,63814,63822,8,4762.1,4768.1,58.76,Canal Exit,Canal Exit,14.3,0.65,-0.427,63819.0,63822.0,,3.0,3.0,12.52,57.52,,45.0,,True,True,False,12,13
MGC_v3,2026-04-09 15:10:00+02:00,2026-04-09 16:06:00+02:00,Long,1.0,63838,63846,8,4781.7,4800.1,182.76,Canal Exit,Canal Exit,22.1,0.95,-0.357,63844.0,63846.0,,2.0,2.0,79.52,181.52,,102.0,,True,True,False,15,16
MGC_v3,2026-04-13 10:37:00+02:00,2026-04-13 14:21:00+02:00,Short,1.0,64195,64227,32,4745.8,4732.0,136.76,Canal Exit,Canal Exit,16.8,1.208,-0.506,64225.0,64227.0,64214.0,2.0,2.0,46.52,135.52,27.52,89.0,-109.24,False,False,False,10,14
MGC_v3,2026-04-13 16:13:00+02:00,2026-04-13 16:55:00+02:00,Short,1.0,64243,64249,6,4742.2,4736.900000000001,51.76,Canal Exit,Canal Exit,26.3,0.395,-0.373,64246.0,64249.0,,3.0,3.0,-16.48,50.52,,67.0,,False,False,False,16,16
MGC_v3,2026-04-13 18:05:00+02:00,2026-04-13 18:33:00+02:00,Long,1.0,64259,64263,4,4740.7,4758.5,176.76,Canal Exit,Canal Exit,18.3,1.077,-0.525,64262.0,64263.0,,1.0,1.0,108.52,175.52,,67.0,,True,True,False,18,18
MGC_v3,2026-04-14 14:14:00+02:00,2026-04-14 14:28:00+02:00,Short,1.0,64424,64426,2,4788.900000000001,4797.7,-89.24,Canal Exit,Canal Exit,16.9,0.272,-0.568,64425.0,64426.0,,1.0,1.0,-25.48,-90.48,,-65.0,,False,False,False,14,14
MGC_v3,2026-04-14 15:10:00+02:00,2026-04-14 21:56:00+02:00,Long,1.0,64432,64490,58,4806.3,4868.6,621.76,Auto-Close (profit),Auto-Close (profit),22.5,2.849,-0.338,,,64449.0,,,,,136.52,,-485.24,,False,False,15,21
MGC_v3,2026-04-15 02:13:00+02:00,2026-04-15 03:09:00+02:00,Short,2.0,64519,64527,8,4857.2,4869.0,-238.48,Stop Loss,Stop Loss,11.8,0.5,-1.703,,,,,,,,,,,,False,False,2,3
MGC_v3,2026-04-15 19:36:00+02:00,2026-04-15 21:56:00+02:00,Short,1.0,64668,64688,20,4815.2,4818.6,-35.24,Auto-Close (loss),Auto-Close (loss),19.6,0.163,-0.566,,,64678.0,,,,,-61.48,,-26.24,,True,False,19,21
MGC_v3,2026-04-16 10:02:00+02:00,2026-04-16 11:19:00+02:00,Short,1.0,64784,64795,11,4831.3,4836.6,-54.24,Canal Exit,Canal Exit,21.7,0.18,-0.373,64785.0,64786.0,,10.0,1.0,-37.48,-21.48,,16.0,,False,False,False,10,11
MGC_v3,2026-04-16 14:14:00+02:00,2026-04-16 15:10:00+02:00,Short,2.0,64820,64828,8,4836.0,4841.6,-114.48,Canal Exit,Canal Exit,9.1,0.352,-0.967,64826.0,64828.0,,2.0,2.0,-170.96,-116.96,,54.0,,False,False,False,14,15
MGC_v3,2026-04-16 18:33:00+02:00,2026-04-16 19:43:00+02:00,Short,1.0,64857,64867,10,4817.1,4809.400000000001,75.76,Canal Exit,Canal Exit,14.4,1.056,-0.09,64867.0,64867.0,,0.0,0.0,74.52,74.52,,0.0,,False,False,False,18,19
MGC_v3,2026-04-17 17:58:00+02:00,2026-04-17 19:22:00+02:00,Long,2.0,65050,65062,12,4889.2,4876.900000000001,-248.48,Stop Loss,Stop Loss,12.3,0.545,-1.114,,,,,,,,,,,,False,True,17,19
MGC_v3,2026-04-17 21:07:00+02:00,2026-04-17 21:56:00+02:00,Short,1.0,65077,65084,7,4876.8,4875.400000000001,12.76,Auto-Close (profit),Auto-Close (profit),13.7,0.27,-0.423,,,,,,,,,,,,False,False,21,21
MGC_v3,2026-04-20 11:54:00+02:00,2026-04-20 12:29:00+02:00,Long,2.0,65196,65201,5,4811.900000000001,4817.400000000001,107.52,Canal Exit,Canal Exit,8.8,1.057,-0.295,65200.0,65201.0,,1.0,1.0,139.04,105.04,,-34.0,,True,True,False,11,12
MGC_v3,2026-04-20 18:26:00+02:00,2026-04-20 19:08:00+02:00,Long,2.0,65252,65258,6,4821.7,4828.7,137.52,Canal Exit,Canal Exit,9.3,0.989,-0.441,65257.0,65258.0,,1.0,1.0,141.04,135.04,,-6.0,,True,True,False,18,19
MGC_v3,2026-04-21 10:09:00+02:00,2026-04-21 10:37:00+02:00,Short,1.0,65379,65383,4,4796.400000000001,4811.5,-152.24,Stop Loss,Stop Loss,15.1,0.199,-1.033,,,,,,,,,,,,True,False,10,10
MGC_v3,2026-04-21 12:50:00+02:00,2026-04-21 13:04:00+02:00,Long,2.0,65402,65404,2,4808.6,4799.5,-184.48,Stop Loss,Stop Loss,9.1,0.11,-1.549,65404.0,,,0.0,,-154.96,,,,,True,True,False,12,13
MGC_v3,2026-04-21 13:18:00+02:00,2026-04-21 13:25:00+02:00,Short,2.0,65406,65407,1,4800.7,4808.7,-162.48,Canal Exit,Canal Exit,9.0,0.278,-0.889,65407.0,65407.0,,0.0,0.0,-164.96,-164.96,,0.0,,False,False,False,13,13
MGC_v3,2026-04-22 13:39:00+02:00,2026-04-22 14:14:00+02:00,Short,2.0,65607,65612,5,4767.5,4767.3,1.52,Canal Exit,Canal Exit,12.4,0.153,-0.71,65611.0,65612.0,,1.0,1.0,-60.96,-0.96,,60.0,,False,False,False,13,14
MGC_v3,2026-04-22 16:41:00+02:00,2026-04-22 17:16:00+02:00,Short,1.0,65633,65638,5,4752.6,4750.1,23.76,Canal Exit,Canal Exit,27.0,0.181,-0.219,65635.0,65638.0,,3.0,3.0,-16.48,22.52,,39.0,,False,False,False,16,17
MGC_v3,2026-04-23 03:58:00+02:00,2026-04-23 04:19:00+02:00,Short,1.0,65722,65725,3,4736.6,4732.1,43.76,Canal Exit,Canal Exit,34.9,0.447,-0.149,65724.0,65725.0,,1.0,1.0,111.52,42.52,,-69.0,,False,False,False,3,4
MGC_v3,2026-04-23 08:24:00+02:00,2026-04-23 08:45:00+02:00,Short,4.0,65760,65763,3,4728.0,4734.1,-248.96,Stop Loss,Stop Loss,6.1,0.377,-1.705,,,,,,,,,,,,True,False,8,8
MGC_v3,2026-04-23 16:48:00+02:00,2026-04-23 17:51:00+02:00,Long,1.0,65832,65841,9,4752.5,4735.8,-168.24,Stop Loss,Stop Loss,16.7,0.347,-1.156,,,,,,,,,,,,False,False,16,17
MGC_v3,2026-04-23 19:15:00+02:00,2026-04-23 19:36:00+02:00,Short,1.0,65853,65856,3,4726.3,4696.8,293.76,Canal Exit,Canal Exit,28.0,1.079,-0.318,65854.0,65855.0,,2.0,1.0,-16.48,-12.48,,4.0,,False,False,False,19,19
MGC_v3,2026-04-23 21:07:00+02:00,2026-04-23 21:56:00+02:00,Short,1.0,65869,65876,7,4712.6,4712.7,-2.24,Auto-Close (loss),Auto-Close (loss),24.2,0.293,-0.277,,,,,,,,,,,,False,False,21,21
MGC_v3,2026-04-24 17:30:00+02:00,2026-04-24 21:56:00+02:00,Short,1.0,66036,66074,38,4734.7,4731.8,27.76,Auto-Close (profit),Auto-Close (profit),22.9,0.323,-0.694,,,,,,,,,,,,False,False,17,21
MGC_v3,2026-04-27 10:23:00+02:00,2026-04-27 11:47:00+02:00,Short,3.0,66173,66185,12,4725.6,4718.0,224.28,Canal Exit,Canal Exit,8.3,1.301,-0.578,66182.0,66185.0,,3.0,3.0,181.56,220.56,,39.0,,False,False,False,10,11
MGC_v3,2026-04-27 19:08:00+02:00,2026-04-27 19:29:00+02:00,Short,4.0,66248,66251,3,4688.3,4694.2,-240.96,Stop Loss,Stop Loss,5.9,0.966,-2.153,,,,,,,,,,,,True,True,19,19
MGC_v3,2026-04-27 22:59:00+02:00,2026-04-28 00:56:00+02:00,Long,6.0,66281,66290,9,4697.900000000001,4703.7,340.56,Canal Exit,Canal Exit,4.3,1.977,-0.349,66285.0,66290.0,,5.0,5.0,369.12,333.12,,-36.0,,True,True,False,22,0
MGC_v3,2026-04-28 09:55:00+02:00,2026-04-28 13:53:00+02:00,Short,1.0,66367,66401,34,4637.1,4575.400000000001,615.76,Canal Exit,Canal Exit,15.6,4.423,-0.788,66400.0,66401.0,66391.0,1.0,1.0,667.52,614.52,97.52,-53.0,-518.24,False,False,False,9,13
MGC_v3,2026-04-28 15:59:00+02:00,2026-04-28 19:36:00+02:00,Short,1.0,66419,66450,31,4581.7,4613.8,-322.24,Stop Loss,Stop Loss,32.1,0.389,-1.062,,,66431.0,,,,,-92.48,,229.76,,True,False,15,19
MGC_v3,2026-04-29 18:33:00+02:00,2026-04-29 19:29:00+02:00,Short,1.0,66639,66647,8,4564.1,4558.1,58.76,Canal Exit,Canal Exit,14.3,0.517,-0.308,66645.0,66647.0,,2.0,2.0,-19.48,57.52,,77.0,,False,False,False,18,19
MGC_v3,2026-04-30 00:56:00+02:00,2026-04-30 01:59:00+02:00,Long,2.0,66686,66695,9,4563.900000000001,4573.0,179.52,Canal Exit,Canal Exit,13.0,1.354,-0.185,66695.0,66695.0,,0.0,0.0,177.04,177.04,,0.0,,True,True,False,0,1
MGC_v3,2026-04-30 19:22:00+02:00,2026-04-30 21:56:00+02:00,Long,1.0,66844,66866,22,4632.2,4630.1,-22.24,Auto-Close (loss),Auto-Close (loss),13.6,0.632,-0.338,,,66862.0,,,,,-15.48,,6.76,,False,True,19,21
MGC_v3,2026-05-01 01:52:00+02:00,2026-05-01 02:13:00+02:00,Short,3.0,66892,66895,3,4639.900000000001,4638.5,38.28,Canal Exit,Canal Exit,7.0,1.014,-0.757,66893.0,66895.0,,2.0,2.0,-55.44,34.56,,90.0,,False,False,False,1,2
MGC_v3,2026-05-04 01:03:00+02:00,2026-05-04 02:27:00+02:00,Short,1.0,67083,67095,12,4626.8,4620.5,61.76,Canal Exit,Canal Exit,26.3,0.548,-0.209,67093.0,67095.0,,2.0,2.0,76.52,60.52,,-16.0,,False,False,False,1,2
MGC_v3,2026-05-04 11:54:00+02:00,2026-05-04 12:22:00+02:00,Short,2.0,67176,67180,4,4585.0,4552.900000000001,639.52,Canal Exit,Canal Exit,10.7,4.598,-0.542,67180.0,67180.0,,0.0,0.0,637.04,637.04,,0.0,,False,False,False,11,12
MGC_v3,2026-05-04 17:02:00+02:00,2026-05-04 17:23:00+02:00,Short,1.0,67219,67222,3,4568.1,4548.0,199.76,Canal Exit,Canal Exit,26.7,1.629,-0.371,67222.0,67222.0,,0.0,0.0,198.52,198.52,,0.0,,False,False,False,17,17
MGC_v3,2026-05-05 00:42:00+02:00,2026-05-05 01:17:00+02:00,Short,3.0,67277,67282,5,4527.900000000001,4530.400000000001,-78.72,Canal Exit,Canal Exit,8.1,0.383,-0.395,67280.0,67280.0,,2.0,0.0,-40.44,-40.44,,0.0,,False,False,False,0,1
MGC_v3,2026-05-05 09:55:00+02:00,2026-05-05 10:51:00+02:00,Short,2.0,67356,67364,8,4555.900000000001,4568.400000000001,-252.48,Stop Loss,Stop Loss,12.5,0.224,-1.048,,,,,,,,,,,,False,False,9,10
MGC_v3,2026-05-06 15:31:00+02:00,2026-05-06 16:13:00+02:00,Long,1.0,67602,67608,6,4707.0,4724.400000000001,172.76,Canal Exit,Canal Exit,27.8,0.784,-0.486,67605.0,67608.0,,3.0,3.0,83.52,171.52,,88.0,,True,True,False,15,16
MGC_v3,2026-05-07 15:31:00+02:00,2026-05-07 15:45:00+02:00,Long,1.0,67800,67802,2,4762.400000000001,4748.6,-139.24,Canal Exit,Canal Exit,21.8,0.275,-0.633,67802.0,67802.0,,0.0,0.0,-140.48,-140.48,,0.0,,False,False,False,15,15
MGC_v3,2026-05-07 17:30:00+02:00,2026-05-07 21:56:00+02:00,Short,1.0,67817,67855,38,4754.0,4712.8,410.76,Auto-Close (profit),Auto-Close (profit),21.4,2.668,-0.15,,,67839.0,,,,,362.52,,-48.24,,True,False,17,21
MGC_v3,2026-05-08 05:29:00+02:00,2026-05-08 08:24:00+02:00,Long,1.0,67912,67937,25,4737.0,4739.2,20.76,Canal Exit,Canal Exit,22.0,0.3,-0.914,67933.0,67933.0,,4.0,0.0,-69.48,-69.48,,0.0,,True,True,False,5,8
MGC_v3,2026-05-08 20:46:00+02:00,2026-05-08 21:56:00+02:00,Short,4.0,68043,68053,10,4732.900000000001,4733.7,-36.96,Auto-Close (loss),Auto-Close (loss),5.7,0.649,-0.614,68050.0,68050.0,,3.0,0.0,-105.92,-105.92,,0.0,,False,False,True,20,21
MGC_v3,2026-05-11 01:24:00+02:00,2026-05-11 01:45:00+02:00,Long,3.0,68075,68078,3,4705.1,4705.900000000001,20.28,Canal Exit,Canal Exit,8.3,0.265,-0.289,68076.0,68078.0,,2.0,2.0,40.56,16.56,,-24.0,,True,True,False,1,1
MGC_v3,2026-05-11 03:58:00+02:00,2026-05-11 05:36:00+02:00,Short,1.0,68097,68111,14,4697.6,4692.0,54.76,Canal Exit,Canal Exit,16.9,0.87,-0.675,68109.0,68111.0,68103.0,2.0,2.0,-3.48,53.52,-38.48,57.0,-93.24,False,False,False,3,5
MGC_v3,2026-05-11 09:55:00+02:00,2026-05-11 11:19:00+02:00,Short,1.0,68148,68160,12,4675.400000000001,4667.400000000001,78.76,Canal Exit,Canal Exit,13.4,0.627,-0.91,68160.0,68160.0,,0.0,0.0,77.52,77.52,,0.0,,False,False,False,9,11
MGC_v3,2026-05-11 21:21:00+02:00,2026-05-11 21:42:00+02:00,Short,4.0,68246,68249,3,4733.400000000001,4738.7,-216.96,Stop Loss,Stop Loss,5.3,0.34,-1.226,,,,,,,,,,,,True,False,21,21
MGC_v3,2026-05-12 15:10:00+02:00,2026-05-12 15:52:00+02:00,Short,1.0,68391,68397,6,4688.400000000001,4687.6,6.76,Canal Exit,Canal Exit,31.4,0.092,-0.672,68393.0,68393.0,,4.0,0.0,-93.48,-93.48,,0.0,,False,False,False,15,15
MGC_v3,2026-05-13 16:34:00+02:00,2026-05-13 21:56:00+02:00,Long,1.0,68601,68647,46,4694.7,4696.1,12.76,Auto-Close (profit),Auto-Close (profit),18.7,1.241,-0.556,,,68623.0,,,,,129.52,,116.76,,True,False,16,21
MGC_v3,2026-05-14 05:01:00+02:00,2026-05-14 05:22:00+02:00,Short,1.0,68700,68703,3,4689.3,4698.0,-88.24,Canal Exit,Canal Exit,17.4,0.103,-0.586,68701.0,68703.0,,2.0,2.0,-1.48,-89.48,,-88.0,,False,False,False,5,5
MGC_v3,2026-05-14 10:44:00+02:00,2026-05-14 13:04:00+02:00,Short,1.0,68749,68769,20,4701.2,4703.7,-26.24,Canal Exit,Canal Exit,24.7,0.267,-0.429,68767.0,68767.0,68761.0,2.0,0.0,-15.48,-15.48,-27.48,0.0,-1.24,True,True,False,10,13
MGC_v3,2026-05-14 13:46:00+02:00,2026-05-14 14:14:00+02:00,Long,1.0,68775,68779,4,4708.900000000001,4713.2,41.76,Canal Exit,Canal Exit,13.3,0.383,-0.767,68776.0,68777.0,,3.0,1.0,-86.48,-68.48,,18.0,,True,True,False,13,14
MGC_v3,2026-05-14 15:17:00+02:00,2026-05-14 15:45:00+02:00,Short,1.0,68788,68792,4,4701.0,4690.6,102.76,Canal Exit,Canal Exit,16.0,1.856,-0.444,68791.0,68792.0,,1.0,1.0,180.52,101.52,,-79.0,,False,False,False,15,15
MGC_v3,2026-05-14 17:23:00+02:00,2026-05-14 17:37:00+02:00,Long,1.0,68806,68808,2,4691.900000000001,4688.3,-37.24,Canal Exit,Canal Exit,20.7,0.179,-0.242,68808.0,68808.0,,0.0,0.0,-38.48,-38.48,,0.0,,True,True,False,17,17
MGC_v3,2026-05-14 17:58:00+02:00,2026-05-14 21:56:00+02:00,Short,2.0,68811,68845,34,4685.2,4659.6,509.52,Auto-Close (profit),Auto-Close (profit),10.5,2.59,-0.781,68844.0,68845.0,68822.0,1.0,1.0,445.04,467.04,-60.96,22.0,-570.48,False,False,False,17,21
