preset,entry_time,exit_time,side,size,entry_bar,exit_bar,bars_in_trade,entry_price,exit_price,pnl_real,status,last_leg_status,risk_pts,mfe_r,mae_r,first_fast_cross_bar,first_hw_after_fast_bar,first_contra_flip_bar,bars_fast_to_exit,bars_fast_to_hw,pnl_at_fast_cross,pnl_at_hw_cross,pnl_at_canal_flip,delta_hw_minus_fast,delta_flip_minus_real,canal_green_at_fast,canal_green_at_exit,gave_back_after_mfe,hour_of_entry,hour_of_exit
MNQ_v5,2025-01-06 01:24:00+01:00,2025-01-06 06:18:00+01:00,Short,3.0,12,54,42,21499.5,21537.5,-230.22,Stop Loss,Stop Loss,38.0,0.546,-1.079,,,22.0,,,,,64.56,,294.78,,True,True,1,6
MNQ_v5,2025-01-07 03:58:00+01:00,2025-01-07 11:47:00+01:00,Short,2.0,232,299,67,21728.5,21765.0,-147.48,Canal Exit,Canal Exit,57.25,1.214,-0.808,296.0,299.0,241.0,3.0,3.0,-157.96,-148.96,-42.96,9.0,104.52,False,True,True,3,11
MNQ_v5,2025-01-07 15:52:00+01:00,2025-01-07 16:34:00+01:00,Short,1.0,334,340,6,21711.25,21432.0,557.76,Canal Exit,Canal Exit,95.0,3.063,-0.882,338.0,340.0,,2.0,2.0,158.02,557.02,,399.0,,False,False,False,15,16
MNQ_v5,2025-01-07 19:50:00+01:00,2025-01-07 21:56:00+01:00,Short,1.0,368,386,18,21430.25,21359.5,140.76,Auto-Close (profit),Auto-Close (profit),87.25,1.728,-0.51,386.0,,,0.0,,100.02,,,,,False,False,False,19,21
MNQ_v5,2025-01-07 22:59:00+01:00,2025-01-08 00:56:00+01:00,Short,6.0,395,404,9,21375.25,21394.75,-238.44,Stop Loss,Stop Loss,19.5,1.564,-1.269,,,403.0,,,,,-155.88,,82.56,,True,True,22,0
MNQ_v5,2025-01-08 04:54:00+01:00,2025-01-08 05:50:00+01:00,Long,10.0,438,446,8,21406.75,21395.0,-242.4,Stop Loss,Stop Loss,11.75,1.043,-1.915,,,,,,,,,,,,True,True,4,5
MNQ_v5,2025-01-08 07:35:00+01:00,2025-01-08 08:10:00+01:00,Short,4.0,461,466,5,21409.5,21380.75,227.04,Canal Exit,Canal Exit,25.25,1.703,-0.149,466.0,466.0,,0.0,0.0,224.08,224.08,,0.0,,False,False,False,7,8
MNQ_v5,2025-01-08 15:17:00+01:00,2025-01-08 15:59:00+01:00,Short,2.0,527,533,6,21344.5,21393.75,-198.48,Stop Loss,Stop Loss,49.25,1.208,-1.249,,,,,,,,,,,,False,True,15,15
MNQ_v5,2025-01-08 19:01:00+01:00,2025-01-08 20:11:00+01:00,Long,1.0,559,569,10,21316.0,21361.25,89.76,Canal Exit,Canal Exit,150.0,0.603,-0.247,564.0,569.0,,5.0,5.0,84.52,89.02,,4.5,,True,True,False,19,20
MNQ_v5,2025-01-09 00:21:00+01:00,2025-01-09 01:10:00+01:00,Long,2.0,597,604,7,21343.5,21301.0,-171.48,Stop Loss,Stop Loss,42.5,0.076,-1.365,,,604.0,,,,,-160.96,,10.52,,False,False,0,1
MNQ_v5,2025-01-09 05:50:00+01:00,2025-01-09 07:14:00+01:00,Long,5.0,644,656,12,21313.75,21315.75,16.3,Canal Exit,Canal Exit,20.0,0.8,-0.562,654.0,656.0,,2.0,2.0,115.1,12.6,,-102.5,,True,True,False,5,7
MNQ_v5,2025-01-09 07:35:00+01:00,2025-01-09 08:45:00+01:00,Short,11.0,659,669,10,21317.5,21266.75,1108.36,Canal Exit,Canal Exit,10.75,7.116,-0.628,668.0,669.0,,1.0,1.0,1243.22,1100.22,,-143.0,,False,False,False,7,8
MNQ_v5,2025-01-09 10:30:00+01:00,2025-01-09 10:37:00+01:00,Short,11.0,684,685,1,21296.25,21306.5,-233.64,Stop Loss,Stop Loss,10.25,1.293,-1.415,,,,,,,,,,,,True,True,10,10
MNQ_v5,2025-01-09 13:11:00+01:00,2025-01-09 15:03:00+01:00,Long,3.0,707,723,16,21311.0,21276.5,-209.22,Stop Loss,Stop Loss,34.5,0.674,-1.341,719.0,,723.0,4.0,,93.06,,-203.94,,5.28,True,False,True,13,15
MNQ_v5,2025-01-10 10:02:00+01:00,2025-01-10 10:51:00+01:00,Short,3.0,813,820,7,21261.75,21278.0,-99.72,Canal Exit,Canal Exit,38.25,0.366,-0.863,817.0,820.0,,3.0,3.0,-125.94,-101.94,,24.0,,False,False,False,10,10
MNQ_v5,2025-01-10 13:46:00+01:00,2025-01-10 14:28:00+01:00,Long,2.0,845,851,6,21313.5,21256.75,-228.48,Stop Loss,Stop Loss,56.75,0.176,-4.63,851.0,,,0.0,,-986.96,,,,,True,True,False,13,14
MNQ_v5,2025-01-13 01:52:00+01:00,2025-01-13 03:44:00+01:00,Short,3.0,941,957,16,20999.0,20920.5,468.78,Canal Exit,Canal Exit,38.0,2.901,-0.276,949.0,957.0,955.0,8.0,8.0,451.56,466.56,343.56,15.0,-125.22,False,True,False,1,3
MNQ_v5,2025-01-13 04:26:00+01:00,2025-01-13 04:40:00+01:00,Short,1.0,963,965,2,20882.0,20879.25,4.76,Canal Exit,Canal Exit,64.5,0.337,-0.089,965.0,965.0,,0.0,0.0,4.02,4.02,,0.0,,False,False,False,4,4
MNQ_v5,2025-01-13 15:59:00+01:00,2025-01-13 17:02:00+01:00,Long,1.0,1062,1071,9,20822.0,20771.0,-102.74,Canal Exit,Canal Exit,120.5,0.481,-0.896,1071.0,1071.0,,0.0,0.0,-103.48,-103.48,,0.0,,True,True,False,15,17
MNQ_v5,2025-01-13 17:23:00+01:00,2025-01-13 17:37:00+01:00,Short,1.0,1074,1076,2,20755.5,20813.75,-117.24,Canal Exit,Canal Exit,124.5,0.036,-0.516,1075.0,1076.0,,1.0,1.0,-52.98,-117.98,,-65.0,,False,False,False,17,17
MNQ_v5,2025-01-13 18:12:00+01:00,2025-01-13 18:47:00+01:00,Long,1.0,1081,1086,5,20822.5,20842.5,39.26,Canal Exit,Canal Exit,104.0,0.433,-0.298,1085.0,1086.0,,1.0,1.0,32.02,38.52,,6.5,,True,True,False,18,18
MNQ_v5,2025-01-14 01:52:00+01:00,2025-01-14 01:59:00+01:00,Long,5.0,1139,1140,1,21053.5,21032.0,-218.7,Stop Loss,Stop Loss,21.5,0.14,-1.047,,,,,,,,,,,,False,False,1,1
MNQ_v5,2025-01-14 06:39:00+01:00,2025-01-14 06:46:00+01:00,Short,10.0,1180,1181,1,21042.0,21053.0,-227.4,Stop Loss,Stop Loss,11.0,0.182,-1.182,,,,,,,,,,,,False,False,6,6
MNQ_v5,2025-01-14 21:49:00+01:00,2025-01-14 21:56:00+01:00,Long,1.0,1310,1311,1,20893.25,20923.75,60.26,Auto-Close (profit),Auto-Close (profit),120.0,0.581,-0.435,,,,,,,,,,,,False,False,21,21
MNQ_v5,2025-01-15 01:38:00+01:00,2025-01-15 03:37:00+01:00,Long,10.0,1335,1352,17,20948.25,20936.75,-237.4,Stop Loss,Stop Loss,11.5,1.348,-1.326,,,1346.0,,,,,125.2,,362.6,,False,True,1,3
MNQ_v5,2025-01-15 07:00:00+01:00,2025-01-15 07:35:00+01:00,Short,15.0,1381,1386,5,20943.0,20950.75,-243.6,Stop Loss,Stop Loss,7.75,0.516,-1.806,,,,,,,,,,,,False,True,7,7
MNQ_v5,2025-01-15 09:27:00+01:00,2025-01-15 10:58:00+01:00,Long,3.0,1402,1415,13,20948.25,20957.75,54.78,Canal Exit,Canal Exit,39.5,0.589,-0.563,1414.0,1415.0,,1.0,1.0,70.56,52.56,,-18.0,,True,True,False,9,10
MNQ_v5,2025-01-15 15:31:00+01:00,2025-01-15 15:45:00+01:00,Short,1.0,1454,1456,2,21205.5,21319.0,-227.74,Stop Loss,Stop Loss,113.5,0.167,-1.242,,,,,,,,,,,,False,False,15,15
MNQ_v5,2025-01-16 01:59:00+01:00,2025-01-16 02:27:00+01:00,Short,4.0,1536,1540,4,21419.75,21421.75,-18.96,Canal Exit,Canal Exit,28.25,0.504,-0.292,1540.0,1540.0,,0.0,0.0,-21.92,-21.92,,0.0,,False,False,True,1,2
MNQ_v5,2025-01-16 15:38:00+01:00,2025-01-16 16:06:00+01:00,Short,1.0,1653,1657,4,21418.0,21377.5,80.26,Canal Exit,Canal Exit,82.0,1.0,-0.677,1657.0,1657.0,,0.0,0.0,79.52,79.52,,0.0,,False,False,False,15,16
MNQ_v5,2025-01-16 17:37:00+01:00,2025-01-16 18:33:00+01:00,Short,1.0,1670,1678,8,21329.25,21390.0,-122.24,Canal Exit,Canal Exit,170.75,0.07,-0.572,1674.0,1678.0,1677.0,4.0,4.0,-142.48,-122.98,-174.98,19.5,-52.74,False,True,False,17,18
MNQ_v5,2025-01-16 21:28:00+01:00,2025-01-16 21:56:00+01:00,Short,1.0,1703,1707,4,21324.5,21248.0,152.26,Auto-Close (profit),Auto-Close (profit),71.25,1.396,-0.358,,,,,,,,,,,,False,False,21,21
MNQ_v5,2025-01-17 13:32:00+01:00,2025-01-17 14:42:00+01:00,Long,3.0,1833,1843,10,21337.25,21502.25,987.78,Canal Exit,Canal Exit,30.5,5.713,-0.295,1842.0,1843.0,,1.0,1.0,949.56,985.56,,36.0,,True,True,False,13,14
MNQ_v5,2025-01-17 16:48:00+01:00,2025-01-17 21:56:00+01:00,Long,1.0,1861,1905,44,21573.0,21600.25,53.76,Auto-Close (profit),Auto-Close (profit),92.0,1.082,-0.332,,,1872.0,,,,,33.02,,-20.74,,False,False,16,21
MNQ_v5,2025-01-20 17:23:00+01:00,2025-01-20 18:26:00+01:00,Long,1.0,2064,2073,9,21707.0,21641.0,-132.74,Stop Loss,Stop Loss,66.0,0.36,-1.273,,,2072.0,,,,,-114.48,,18.26,,False,False,17,18
MNQ_v5,2025-01-21 01:24:00+01:00,2025-01-21 01:59:00+01:00,Short,3.0,2090,2095,5,21713.25,21547.75,990.78,Canal Exit,Canal Exit,33.25,10.316,-0.301,2095.0,2095.0,,0.0,0.0,988.56,988.56,,0.0,,False,False,False,1,1
MNQ_v5,2025-01-21 07:21:00+01:00,2025-01-21 07:35:00+01:00,Long,2.0,2141,2143,2,21620.5,21601.5,-77.48,Canal Exit,Canal Exit,42.5,0.135,-0.547,2142.0,2143.0,,1.0,1.0,-20.96,-78.96,,-58.0,,True,True,False,7,7
MNQ_v5,2025-01-21 15:31:00+01:00,2025-01-21 15:52:00+01:00,Short,1.0,2211,2214,3,21647.25,21619.25,55.26,Canal Exit,Canal Exit,90.5,0.826,-0.735,2213.0,2214.0,,1.0,1.0,-37.98,54.52,,92.5,,False,False,False,15,15
MNQ_v5,2025-01-21 21:14:00+01:00,2025-01-21 21:56:00+01:00,Long,4.0,2260,2266,6,21727.0,21714.5,-102.96,Auto-Close (loss),Auto-Close (loss),29.75,1.95,-0.992,,,,,,,,,,,,True,True,21,21
MNQ_v5,2025-01-22 02:41:00+01:00,2025-01-22 09:55:00+01:00,Long,5.0,2299,2361,62,21834.75,21890.75,556.3,Canal Exit,Canal Exit,23.25,2.667,-0.344,2360.0,2361.0,2309.0,1.0,1.0,575.1,552.6,-19.9,-22.5,-576.2,True,True,False,2,9
MNQ_v5,2025-01-22 13:18:00+01:00,2025-01-22 14:49:00+01:00,Long,4.0,2390,2403,13,21898.75,21928.25,233.04,Canal Exit,Canal Exit,29.75,1.202,-0.134,2399.0,2403.0,,4.0,4.0,180.08,230.08,,50.0,,True,True,False,13,14
MNQ_v5,2025-01-22 15:45:00+01:00,2025-01-22 16:13:00+01:00,Long,1.0,2411,2415,4,21992.75,22022.0,57.76,Canal Exit,Canal Exit,94.0,0.471,-0.449,2414.0,2415.0,,1.0,1.0,77.52,57.02,,-20.5,,True,True,False,15,16
MNQ_v5,2025-01-23 01:24:00+01:00,2025-01-23 07:56:00+01:00,Short,3.0,2486,2542,56,21954.75,21945.75,51.78,Canal Exit,Canal Exit,30.5,0.934,-0.5,2540.0,2542.0,2494.0,2.0,2.0,93.06,49.56,-16.44,-43.5,-68.22,False,False,False,1,7
MNQ_v5,2025-01-23 15:45:00+01:00,2025-01-23 16:06:00+01:00,Long,2.0,2609,2612,3,21915.25,21898.75,-67.48,Canal Exit,Canal Exit,49.25,0.061,-0.975,2611.0,2612.0,,1.0,1.0,-159.96,-68.96,,91.0,,True,True,False,15,16
MNQ_v5,2025-01-23 19:01:00+01:00,2025-01-23 20:25:00+01:00,Long,3.0,2637,2649,12,21938.25,21958.25,117.78,Canal Exit,Canal Exit,38.0,1.211,-0.382,2643.0,2649.0,2647.0,6.0,6.0,111.06,115.56,-61.44,4.5,-179.22,True,False,False,19,20
MNQ_v5,2025-01-23 20:46:00+01:00,2025-01-23 21:56:00+01:00,Long,3.0,2652,2662,10,21956.5,22042.0,510.78,Auto-Close (profit),Auto-Close (profit),32.75,2.893,-0.511,,,,,,,,,,,,True,False,20,21
MNQ_v5,2025-01-24 00:56:00+01:00,2025-01-24 01:52:00+01:00,Long,9.0,2680,2688,8,22011.5,21999.5,-222.66,Stop Loss,Stop Loss,12.0,0.333,-1.417,,,2687.0,,,,,-184.32,,38.34,,False,False,0,1
MNQ_v5,2025-01-24 04:26:00+01:00,2025-01-24 04:47:00+01:00,Short,2.0,2710,2713,3,22013.5,22010.0,12.52,Canal Exit,Canal Exit,45.25,0.503,-0.182,2713.0,2713.0,,0.0,0.0,11.04,11.04,,0.0,,False,False,False,4,4
MNQ_v5,2025-01-24 09:13:00+01:00,2025-01-24 09:34:00+01:00,Long,4.0,2751,2754,3,21997.25,21999.5,15.04,Canal Exit,Canal Exit,26.0,0.442,-0.279,2754.0,2754.0,,0.0,0.0,12.08,12.08,,0.0,,True,True,False,9,9
MNQ_v5,2025-01-24 09:55:00+01:00,2025-01-24 10:09:00+01:00,Short,5.0,2757,2759,2,21988.75,22008.75,-203.7,Stop Loss,Stop Loss,20.0,0.65,-1.088,,,,,,,,,,,,True,True,9,10
MNQ_v5,2025-01-24 15:10:00+01:00,2025-01-24 15:31:00+01:00,Long,2.0,2802,2805,3,22041.25,22011.75,-119.48,Canal Exit,Canal Exit,45.25,0.254,-0.751,2805.0,2805.0,,0.0,0.0,-120.96,-120.96,,0.0,,True,True,False,15,15
MNQ_v5,2025-01-24 16:06:00+01:00,2025-01-24 16:41:00+01:00,Short,2.0,2810,2815,5,22028.75,22003.25,100.52,Canal Exit,Canal Exit,49.25,1.025,-0.188,2814.0,2815.0,,1.0,1.0,109.04,99.04,,-10.0,,False,False,False,16,16
MNQ_v5,2025-01-27 01:10:00+01:00,2025-01-27 01:24:00+01:00,Long,10.0,2880,2882,2,21650.0,21638.75,-232.4,Stop Loss,Stop Loss,11.25,1.044,-1.156,,,,,,,,,,,,True,True,1,1
MNQ_v5,2025-01-27 02:41:00+01:00,2025-01-27 03:02:00+01:00,Short,1.0,2893,2896,3,21524.0,21529.75,-12.24,Canal Exit,Canal Exit,142.0,0.25,-0.099,2895.0,2896.0,,1.0,1.0,-14.48,-12.98,,1.5,,False,False,False,2,3
MNQ_v5,2025-01-27 10:51:00+01:00,2025-01-27 11:33:00+01:00,Short,1.0,2963,2969,6,21163.25,21008.75,308.26,Canal Exit,Canal Exit,106.0,1.613,-0.325,2969.0,2969.0,,0.0,0.0,307.52,307.52,,0.0,,False,False,False,10,11
MNQ_v5,2025-01-28 07:00:00+01:00,2025-01-28 08:03:00+01:00,Long,2.0,3128,3137,9,21302.5,21289.0,-55.48,Canal Exit,Canal Exit,55.0,0.182,-0.677,3133.0,3137.0,3137.0,4.0,4.0,-96.96,-56.96,-56.96,40.0,-1.48,True,False,False,7,8
MNQ_v5,2025-01-28 09:55:00+01:00,2025-01-28 13:04:00+01:00,Long,1.0,3153,3180,27,21393.25,21295.5,-196.24,Stop Loss,Stop Loss,97.75,0.307,-1.09,,,3161.0,,,,,-15.48,,180.76,,False,False,9,13
MNQ_v5,2025-01-28 20:25:00+01:00,2025-01-28 21:56:00+01:00,Long,2.0,3243,3256,13,21569.0,21576.0,26.52,Auto-Close (profit),Auto-Close (profit),55.75,1.022,-0.435,,,3255.0,,,,,120.04,,93.52,,False,False,20,21
MNQ_v5,2025-01-29 03:16:00+01:00,2025-01-29 03:37:00+01:00,Short,9.0,3294,3297,3,21564.0,21576.75,-236.16,Stop Loss,Stop Loss,12.75,0.294,-1.569,,,,,,,,,,,,False,False,3,3
MNQ_v5,2025-01-29 05:01:00+01:00,2025-01-29 05:29:00+01:00,Long,3.0,3309,3313,4,21595.0,21601.25,35.28,Canal Exit,Canal Exit,35.75,0.378,-0.07,3311.0,3313.0,,2.0,2.0,9.06,33.06,,24.0,,True,True,False,5,5
MNQ_v5,2025-01-29 07:14:00+01:00,2025-01-29 07:42:00+01:00,Long,1.0,3328,3332,4,21652.5,21668.5,31.26,Canal Exit,Canal Exit,93.25,0.359,-0.147,3330.0,3332.0,,2.0,2.0,14.02,30.52,,16.5,,True,True,False,7,7
MNQ_v5,2025-01-29 09:13:00+01:00,2025-01-29 10:02:00+01:00,Long,3.0,3345,3352,7,21678.5,21642.0,-221.22,Stop Loss,Stop Loss,36.5,0.514,-1.384,3348.0,,3352.0,4.0,,-10.44,,-151.44,,69.78,True,False,True,9,10
MNQ_v5,2025-01-29 13:46:00+01:00,2025-01-29 21:07:00+01:00,Short,3.0,3384,3447,63,21650.25,21499.75,900.78,Canal Exit,Canal Exit,39.75,7.101,-0.214,3442.0,3447.0,3397.0,5.0,5.0,1107.06,898.56,219.06,-208.5,-681.72,False,True,False,13,21
MNQ_v5,2025-01-30 01:10:00+01:00,2025-01-30 02:48:00+01:00,Long,2.0,3474,3488,14,21566.75,21658.5,365.52,Canal Exit,Canal Exit,59.75,1.678,-0.347,3487.0,3488.0,,1.0,1.0,346.04,364.04,,18.0,,True,True,False,1,2
MNQ_v5,2025-01-30 04:40:00+01:00,2025-01-30 06:04:00+01:00,Long,12.0,3504,3516,12,21663.25,21653.75,-236.88,Stop Loss,Stop Loss,9.5,1.763,-1.579,,,3513.0,,,,,78.24,,315.12,,False,True,4,6
MNQ_v5,2025-01-30 13:04:00+01:00,2025-01-30 13:32:00+01:00,Short,2.0,3576,3580,4,21627.5,21613.25,55.52,Canal Exit,Canal Exit,43.25,1.22,-0.613,3580.0,3580.0,,0.0,0.0,54.04,54.04,,0.0,,False,False,False,13,13
MNQ_v5,2025-01-30 18:26:00+01:00,2025-01-30 20:46:00+01:00,Short,1.0,3622,3642,20,21509.0,21625.25,-233.24,Stop Loss,Stop Loss,116.25,0.049,-1.155,,,3631.0,,,,,-128.98,,104.26,,True,False,18,20
MNQ_v5,2025-01-31 02:20:00+01:00,2025-01-31 03:02:00+01:00,Long,2.0,3682,3688,6,21732.75,21759.5,105.52,Canal Exit,Canal Exit,59.75,0.908,-0.9,3688.0,3688.0,,0.0,0.0,104.04,104.04,,0.0,,True,True,False,2,3
MNQ_v5,2025-01-31 04:19:00+01:00,2025-01-31 04:33:00+01:00,Long,7.0,3699,3701,2,21751.5,21736.0,-222.18,Stop Loss,Stop Loss,15.5,0.226,-1.274,,,,,,,,,,,,False,False,4,4
MNQ_v5,2025-01-31 10:16:00+01:00,2025-01-31 14:00:00+01:00,Long,3.0,3750,3782,32,21782.0,21783.25,5.28,Canal Exit,Canal Exit,39.25,0.809,-0.274,3774.0,3782.0,3760.0,8.0,8.0,118.56,3.06,-5.94,-115.5,-11.22,True,False,False,10,14
MNQ_v5,2025-01-31 18:26:00+01:00,2025-01-31 19:15:00+01:00,Long,1.0,3820,3827,7,21931.0,21864.5,-133.74,Stop Loss,Stop Loss,66.5,0.12,-1.643,,,,,,,,,,,,True,False,18,19
MNQ_v5,2025-01-31 22:59:00+01:00,2025-02-03 00:35:00+01:00,Short,9.0,3859,3865,6,21571.25,21085.0,8745.84,Canal Exit,Canal Exit,13.25,47.623,-0.189,3863.0,3865.0,,2.0,2.0,9076.68,8739.18,,-337.5,,False,False,False,22,0
MNQ_v5,2025-02-03 00:56:00+01:00,2025-02-03 01:17:00+01:00,Long,1.0,3868,3871,3,21102.75,21032.75,-140.74,Stop Loss,Stop Loss,70.0,0.761,-1.036,,,,,,,,,,,,True,True,0,1
MNQ_v5,2025-02-03 16:06:00+01:00,2025-02-03 16:20:00+01:00,Short,1.0,3998,4000,2,21148.0,21314.75,-334.24,Stop Loss,Stop Loss,166.75,0.208,-1.28,4000.0,4000.0,,0.0,0.0,-323.48,-323.48,,0.0,,False,False,False,16,16
MNQ_v5,2025-02-03 19:15:00+01:00,2025-02-03 21:56:00+01:00,Long,1.0,4025,4048,23,21415.25,21406.75,-17.74,Auto-Close (loss),Auto-Close (loss),73.75,1.42,-0.386,,,4041.0,,,,,97.52,,115.26,,False,True,19,21
MNQ_v5,2025-02-04 00:42:00+01:00,2025-02-04 01:24:00+01:00,Short,3.0,4064,4070,6,21569.5,21550.5,111.78,Canal Exit,Canal Exit,30.5,1.082,-0.27,4070.0,4070.0,,0.0,0.0,109.56,109.56,,0.0,,False,False,False,0,1
MNQ_v5,2025-02-04 05:57:00+01:00,2025-02-04 06:25:00+01:00,Short,2.0,4109,4113,4,21433.75,21336.25,388.52,Canal Exit,Canal Exit,42.75,4.515,-0.591,4113.0,4113.0,,0.0,0.0,387.04,387.04,,0.0,,False,False,False,5,6
MNQ_v5,2025-02-04 07:07:00+01:00,2025-02-04 07:42:00+01:00,Long,1.0,4119,4124,5,21357.0,21384.0,53.26,Canal Exit,Canal Exit,116.25,0.243,-0.245,4124.0,4124.0,,0.0,0.0,52.52,52.52,,0.0,,True,True,False,7,7
MNQ_v5,2025-02-04 15:38:00+01:00,2025-02-04 16:13:00+01:00,Long,1.0,4192,4197,5,21506.25,21660.75,308.26,Canal Exit,Canal Exit,101.25,1.553,-0.309,4197.0,4197.0,,0.0,0.0,307.52,307.52,,0.0,,True,True,False,15,16
MNQ_v5,2025-02-05 06:32:00+01:00,2025-02-05 07:35:00+01:00,Short,4.0,4312,4321,9,21539.25,21523.0,127.04,Canal Exit,Canal Exit,27.75,0.838,-0.423,4318.0,4321.0,,3.0,3.0,-27.92,124.08,,152.0,,False,False,False,6,7
MNQ_v5,2025-02-05 09:48:00+01:00,2025-02-05 10:09:00+01:00,Short,1.0,4340,4343,3,21473.5,21494.25,-42.24,Canal Exit,Canal Exit,76.0,0.207,-0.447,4343.0,4343.0,,0.0,0.0,-42.98,-42.98,,0.0,,False,False,False,9,10
MNQ_v5,2025-02-05 16:41:00+01:00,2025-02-05 17:09:00+01:00,Long,1.0,4399,4403,4,21591.5,21600.75,17.76,Canal Exit,Canal Exit,90.5,0.453,-0.24,4401.0,4403.0,,2.0,2.0,-17.98,17.02,,35.0,,True,True,False,16,17
MNQ_v5,2025-02-05 19:50:00+01:00,2025-02-05 21:56:00+01:00,Long,4.0,4426,4444,18,21696.25,21761.5,519.04,Auto-Close (profit),Auto-Close (profit),25.0,3.47,-0.41,,,4435.0,,,,,100.08,,-418.96,,True,False,19,21
MNQ_v5,2025-02-06 10:51:00+01:00,2025-02-06 11:05:00+01:00,Short,3.0,4547,4549,2,21796.0,21807.25,-69.72,Canal Exit,Canal Exit,34.0,0.132,-0.397,4548.0,4549.0,,1.0,1.0,-43.44,-71.94,,-28.5,,False,False,False,10,11
MNQ_v5,2025-02-06 18:19:00+01:00,2025-02-06 19:15:00+01:00,Long,2.0,4611,4619,8,21798.0,21827.5,116.52,Canal Exit,Canal Exit,57.75,0.597,-0.519,4618.0,4619.0,,1.0,1.0,69.04,115.04,,46.0,,True,True,False,18,19
MNQ_v5,2025-02-06 21:21:00+01:00,2025-02-06 21:56:00+01:00,Long,2.0,4637,4642,5,21791.0,21871.0,318.52,Auto-Close (profit),Auto-Close (profit),57.25,1.59,-0.502,,,,,,,,,,,,True,False,21,21
MNQ_v5,2025-02-07 01:52:00+01:00,2025-02-07 03:02:00+01:00,Long,2.0,4668,4678,10,21862.0,21887.25,99.52,Canal Exit,Canal Exit,56.0,0.665,-0.17,4678.0,4678.0,,0.0,0.0,98.04,98.04,,0.0,,True,True,False,1,3
MNQ_v5,2025-02-07 10:37:00+01:00,2025-02-07 11:05:00+01:00,Long,4.0,4743,4747,4,21863.25,21856.0,-60.96,Canal Exit,Canal Exit,27.25,0.101,-0.541,4746.0,4747.0,,1.0,1.0,-81.92,-63.92,,18.0,,True,True,False,10,11
MNQ_v5,2025-02-07 13:32:00+01:00,2025-02-07 14:28:00+01:00,Short,8.0,4768,4776,8,21862.75,21877.0,-233.92,Stop Loss,Stop Loss,14.25,5.105,-4.263,,,,,,,,,,,,False,True,13,14
MNQ_v5,2025-02-07 14:56:00+01:00,2025-02-07 15:52:00+01:00,Long,1.0,4780,4788,8,21872.25,21904.75,64.26,Canal Exit,Canal Exit,82.25,1.161,-0.097,4783.0,4788.0,,5.0,5.0,11.52,63.52,,52.0,,True,True,False,14,15
MNQ_v5,2025-02-07 19:50:00+01:00,2025-02-07 21:56:00+01:00,Short,1.0,4822,4840,18,21639.0,21588.25,100.76,Auto-Close (profit),Auto-Close (profit),91.75,0.937,-0.234,,,4834.0,,,,,119.52,,18.76,,True,False,19,21
MNQ_v5,2025-02-10 03:51:00+01:00,2025-02-10 07:35:00+01:00,Long,8.0,4883,4915,32,21673.75,21690.75,266.08,Canal Exit,Canal Exit,14.5,3.983,-0.31,4910.0,4915.0,4901.0,5.0,5.0,508.16,260.16,188.16,-248.0,-77.92,True,False,False,3,7
MNQ_v5,2025-02-10 15:59:00+01:00,2025-02-10 16:41:00+01:00,Long,1.0,4987,4993,6,21835.0,21886.5,102.26,Canal Exit,Canal Exit,92.75,0.585,-0.566,4990.0,4993.0,,3.0,3.0,46.02,101.52,,55.5,,True,True,False,15,16
MNQ_v5,2025-02-11 02:20:00+01:00,2025-02-11 04:54:00+01:00,Short,5.0,5068,5090,22,21794.0,21774.75,188.8,Canal Exit,Canal Exit,23.0,1.913,-0.707,5081.0,5090.0,5086.0,9.0,9.0,292.6,185.1,195.1,-107.5,6.3,False,True,False,2,4
MNQ_v5,2025-02-11 10:30:00+01:00,2025-02-11 11:33:00+01:00,Short,3.0,5138,5147,9,21750.0,21736.75,77.28,Canal Exit,Canal Exit,38.25,0.346,-0.373,5144.0,5147.0,,3.0,3.0,-79.44,75.06,,154.5,,False,False,False,10,11
MNQ_v5,2025-02-11 13:18:00+01:00,2025-02-11 14:56:00+01:00,Short,6.0,5162,5176,14,21750.25,21693.75,673.56,Canal Exit,Canal Exit,19.5,4.141,-0.462,5173.0,5176.0,,3.0,3.0,306.12,669.12,,363.0,,False,False,False,13,14
MNQ_v5,2025-02-11 18:40:00+01:00,2025-02-11 21:14:00+01:00,Long,2.0,5208,5230,22,21767.25,21823.5,223.52,Canal Exit,Canal Exit,51.5,1.422,-0.379,5228.0,5230.0,,2.0,2.0,240.04,222.04,,-18.0,,True,True,False,18,21
MNQ_v5,2025-02-12 02:55:00+01:00,2025-02-12 03:16:00+01:00,Long,3.0,5271,5274,3,21824.75,21821.0,-24.72,Canal Exit,Canal Exit,31.25,0.128,-0.288,5273.0,5274.0,,1.0,1.0,-25.44,-26.94,,-1.5,,True,True,False,2,3
MNQ_v5,2025-02-12 10:51:00+01:00,2025-02-12 12:43:00+01:00,Long,3.0,5339,5355,16,21767.75,21789.5,128.28,Canal Exit,Canal Exit,32.0,1.039,-0.328,5350.0,5355.0,,5.0,5.0,118.56,126.06,,7.5,,True,True,False,10,12
MNQ_v5,2025-02-12 15:31:00+01:00,2025-02-12 16:55:00+01:00,Long,1.0,5379,5391,12,21602.25,21723.25,241.26,Canal Exit,Canal Exit,92.25,1.862,-0.721,5388.0,5391.0,,3.0,3.0,271.02,240.52,,-30.5,,True,True,False,15,16
MNQ_v5,2025-02-12 20:32:00+01:00,2025-02-12 21:56:00+01:00,Long,2.0,5422,5434,12,21810.0,21801.75,-34.48,Auto-Close (loss),Auto-Close (loss),51.0,0.569,-0.657,,,5433.0,,,,,-26.96,,7.52,,False,True,20,21
MNQ_v5,2025-02-13 01:59:00+01:00,2025-02-13 03:02:00+01:00,Long,8.0,5461,5470,9,21890.0,21875.5,-237.92,Stop Loss,Stop Loss,14.5,1.69,-1.069,,,,,,,,,,,,False,True,1,3
MNQ_v5,2025-02-13 05:50:00+01:00,2025-02-13 14:56:00+01:00,Short,5.0,5494,5572,78,21907.0,21872.5,341.3,Canal Exit,Canal Exit,20.0,7.712,-0.662,5568.0,5572.0,5508.0,4.0,4.0,450.1,337.6,-82.4,-112.5,-423.7,True,True,False,5,14
MNQ_v5,2025-02-13 18:40:00+01:00,2025-02-13 19:15:00+01:00,Long,2.0,5604,5609,5,21995.75,21942.0,-216.48,Stop Loss,Stop Loss,53.75,0.06,-1.958,,,,,,,,,,,,False,False,18,19
MNQ_v5,2025-02-14 00:14:00+01:00,2025-02-14 04:12:00+01:00,Long,4.0,5644,5678,34,22092.0,22130.0,301.04,Canal Exit,Canal Exit,24.0,2.385,-0.729,5670.0,5678.0,5651.0,8.0,8.0,340.08,298.08,-115.92,-42.0,-416.96,True,False,False,0,4
MNQ_v5,2025-02-14 04:47:00+01:00,2025-02-14 06:39:00+01:00,Long,7.0,5683,5699,16,22142.25,22125.75,-236.18,Stop Loss,Stop Loss,16.5,0.379,-1.591,,,5694.0,,,,,-62.86,,173.32,,False,False,4,6
MNQ_v5,2025-02-14 08:59:00+01:00,2025-02-14 09:27:00+01:00,Short,5.0,5719,5723,4,22141.0,22134.5,61.3,Canal Exit,Canal Exit,21.0,0.762,-0.381,5723.0,5723.0,,0.0,0.0,57.6,57.6,,0.0,,False,False,False,8,9
MNQ_v5,2025-02-14 21:21:00+01:00,2025-02-14 21:56:00+01:00,Long,3.0,5825,5830,5,22186.75,22194.5,44.28,Auto-Close (profit),Auto-Close (profit),31.0,1.202,-0.323,,,,,,,,,,,,True,False,21,21
MNQ_v5,2025-02-17 05:36:00+01:00,2025-02-17 08:38:00+01:00,Long,7.0,5888,5914,26,22266.25,22250.0,-232.68,Stop Loss,Stop Loss,16.25,0.954,-1.431,,,5900.0,,,,,94.64,,327.32,,False,True,5,8
MNQ_v5,2025-02-17 15:03:00+01:00,2025-02-17 15:24:00+01:00,Long,8.0,5969,5972,3,22257.25,22243.75,-221.92,Stop Loss,Stop Loss,13.5,0.204,-2.259,5971.0,5972.0,,1.0,1.0,-95.84,-483.84,,-388.0,,True,True,False,15,15
MNQ_v5,2025-02-17 17:51:00+01:00,2025-02-17 18:54:00+01:00,Short,7.0,5993,6002,9,22235.5,22235.25,-1.68,Auto-Close (profit),Auto-Close (profit),16.75,0.791,-0.493,,,,,,,,,,,,False,True,17,18
MNQ_v5,2025-02-18 00:56:00+01:00,2025-02-18 02:13:00+01:00,Long,5.0,6011,6022,11,22218.5,22234.75,158.8,Canal Exit,Canal Exit,20.0,1.175,-0.35,6020.0,6022.0,,2.0,2.0,162.6,155.1,,-7.5,,True,True,False,0,2
MNQ_v5,2025-02-18 06:04:00+01:00,2025-02-18 06:25:00+01:00,Long,29.0,6055,6058,3,22262.0,22258.0,-253.46,Stop Loss,Stop Loss,4.0,2.0,-1.0,,,,,,,,,,,,False,True,6,6
MNQ_v5,2025-02-18 09:55:00+01:00,2025-02-18 10:44:00+01:00,Long,4.0,6088,6095,7,22306.0,22276.75,-236.96,Stop Loss,Stop Loss,29.25,0.026,-1.171,,,6095.0,,,,,-251.92,,-14.96,,False,False,9,10
MNQ_v5,2025-02-18 18:12:00+01:00,2025-02-18 21:49:00+01:00,Short,2.0,6159,6190,31,22172.5,22215.75,-174.48,Stop Loss,Stop Loss,43.25,1.607,-1.012,,,6166.0,,,,,-99.96,,74.52,,True,True,18,21
MNQ_v5,2025-02-19 10:09:00+01:00,2025-02-19 11:47:00+01:00,Short,7.0,6288,6302,14,22260.75,22219.5,572.32,Canal Exit,Canal Exit,15.0,3.85,-0.5,6299.0,6302.0,,3.0,3.0,595.14,567.14,,-28.0,,False,False,False,10,11
MNQ_v5,2025-02-19 15:24:00+01:00,2025-02-19 15:31:00+01:00,Long,7.0,6333,6334,1,22194.0,22179.0,-215.18,Stop Loss,Stop Loss,15.0,1.833,-1.417,,,,,,,,,,,,True,True,15,15
MNQ_v5,2025-02-19 15:52:00+01:00,2025-02-19 16:20:00+01:00,Short,2.0,6337,6341,4,22173.0,22145.75,107.52,Canal Exit,Canal Exit,48.5,1.134,-0.397,6339.0,6341.0,,2.0,2.0,147.04,106.04,,-41.0,,False,False,False,15,16
MNQ_v5,2025-02-19 21:21:00+01:00,2025-02-19 21:42:00+01:00,Short,1.0,6384,6387,3,22234.75,22221.75,25.26,Canal Exit,Canal Exit,65.0,0.45,-0.531,6387.0,6387.0,,0.0,0.0,24.52,24.52,,0.0,,False,False,False,21,21
MNQ_v5,2025-02-20 02:20:00+01:00,2025-02-20 02:55:00+01:00,Short,2.0,6419,6424,5,22190.75,22167.25,92.52,Canal Exit,Canal Exit,44.25,0.751,-0.429,6423.0,6424.0,,1.0,1.0,72.04,91.04,,19.0,,False,False,False,2,2
MNQ_v5,2025-02-20 08:59:00+01:00,2025-02-20 09:27:00+01:00,Short,7.0,6476,6480,4,22156.5,22173.0,-236.18,Stop Loss,Stop Loss,16.5,0.515,-1.636,,,,,,,,,,,,True,True,8,9
MNQ_v5,2025-02-20 12:57:00+01:00,2025-02-20 13:11:00+01:00,Long,4.0,6510,6512,2,22201.25,22174.75,-214.96,Stop Loss,Stop Loss,26.5,0.302,-1.038,,,,,,,,,,,,False,False,12,13
MNQ_v5,2025-02-20 15:38:00+01:00,2025-02-20 16:06:00+01:00,Short,1.0,6533,6537,4,22166.25,22017.25,297.26,Canal Exit,Canal Exit,60.75,3.547,-0.778,6537.0,6537.0,,0.0,0.0,296.52,296.52,,0.0,,False,False,False,15,16
MNQ_v5,2025-02-21 09:48:00+01:00,2025-02-21 10:30:00+01:00,Long,2.0,6681,6687,6,22150.75,22163.25,48.52,Canal Exit,Canal Exit,46.5,0.306,-0.21,6686.0,6687.0,,1.0,1.0,22.04,47.04,,25.0,,True,True,False,9,10
MNQ_v5,2025-02-21 13:04:00+01:00,2025-02-21 13:39:00+01:00,Long,5.0,6709,6714,5,22175.0,22213.5,381.3,Canal Exit,Canal Exit,22.75,1.967,-0.297,6714.0,6714.0,,0.0,0.0,377.6,377.6,,0.0,,True,True,False,13,13
MNQ_v5,2025-02-24 03:23:00+01:00,2025-02-24 04:40:00+01:00,Long,2.0,6824,6835,11,21774.75,21783.25,32.52,Canal Exit,Canal Exit,41.75,0.323,-0.222,6828.0,6835.0,6834.0,7.0,7.0,12.04,31.04,-0.96,19.0,-33.48,True,False,False,3,4
MNQ_v5,2025-02-24 10:51:00+01:00,2025-02-24 12:43:00+01:00,Short,3.0,6888,6904,16,21778.75,21770.75,45.78,Canal Exit,Canal Exit,34.25,0.927,-0.263,6898.0,6904.0,6902.0,6.0,6.0,49.56,43.56,-32.94,-6.0,-78.72,False,True,False,10,12
MNQ_v5,2025-02-24 13:04:00+01:00,2025-02-24 13:25:00+01:00,Short,4.0,6907,6910,3,21758.0,21767.75,-80.96,Canal Exit,Canal Exit,29.25,0.538,-0.333,6909.0,6910.0,,1.0,1.0,28.08,-83.92,,-112.0,,False,False,True,13,13
MNQ_v5,2025-02-24 15:17:00+01:00,2025-02-24 16:06:00+01:00,Short,3.0,6926,6933,7,21768.25,21547.0,1325.28,Canal Exit,Canal Exit,37.5,8.84,-0.893,6933.0,6933.0,,0.0,0.0,1323.06,1323.06,,0.0,,False,False,False,15,16
MNQ_v5,2025-02-25 07:28:00+01:00,2025-02-25 08:03:00+01:00,Short,4.0,7057,7062,5,21417.75,21400.75,133.04,Canal Exit,Canal Exit,27.5,1.245,-0.564,7060.0,7062.0,,2.0,2.0,-7.92,130.08,,138.0,,False,False,False,7,8
MNQ_v5,2025-02-25 10:51:00+01:00,2025-02-25 11:12:00+01:00,Short,1.0,7086,7089,3,21317.0,21345.0,-56.74,Canal Exit,Canal Exit,78.75,0.19,-0.362,7088.0,7089.0,,1.0,1.0,-24.98,-57.48,,-32.5,,False,False,False,10,11
MNQ_v5,2025-02-26 03:30:00+01:00,2025-02-26 05:15:00+01:00,Long,3.0,7221,7236,15,21230.75,21238.75,45.78,Canal Exit,Canal Exit,32.25,1.116,-0.062,7229.0,7236.0,7233.0,7.0,7.0,151.56,43.56,39.06,-108.0,-6.72,True,False,False,3,5
MNQ_v5,2025-02-26 05:43:00+01:00,2025-02-26 06:53:00+01:00,Long,9.0,7240,7250,10,21244.25,21279.25,623.34,Canal Exit,Canal Exit,12.0,3.042,-0.438,7247.0,7250.0,,3.0,3.0,364.68,616.68,,252.0,,True,True,False,5,6
MNQ_v5,2025-02-26 09:06:00+01:00,2025-02-26 09:34:00+01:00,Short,6.0,7269,7273,4,21287.5,21276.5,127.56,Canal Exit,Canal Exit,17.25,1.406,-0.101,7272.0,7273.0,,1.0,1.0,54.12,123.12,,69.0,,False,False,False,9,9
MNQ_v5,2025-02-26 09:55:00+01:00,2025-02-26 11:12:00+01:00,Long,3.0,7276,7287,11,21296.5,21317.0,120.78,Canal Exit,Canal Exit,33.25,0.947,-0.459,7282.0,7287.0,7287.0,5.0,5.0,55.56,118.56,118.56,63.0,-2.22,True,False,False,9,11
MNQ_v5,2025-02-26 15:10:00+01:00,2025-02-26 16:06:00+01:00,Short,1.0,7321,7329,8,21244.25,21332.5,-177.24,Stop Loss,Stop Loss,88.25,0.632,-1.068,,,7329.0,,,,,-169.98,,7.26,,True,True,15,16
MNQ_v5,2025-02-27 02:20:00+01:00,2025-02-27 03:51:00+01:00,Long,1.0,7409,7422,13,21177.0,21181.25,7.76,Canal Exit,Canal Exit,69.25,0.556,-0.31,7420.0,7422.0,,2.0,2.0,48.52,7.02,,-41.5,,True,True,False,2,3
MNQ_v5,2025-02-27 04:12:00+01:00,2025-02-27 05:29:00+01:00,Short,5.0,7425,7436,11,21191.0,21157.75,328.8,Canal Exit,Canal Exit,23.75,1.853,-0.716,7435.0,7436.0,,1.0,1.0,325.1,325.1,,0.0,,False,False,False,4,5
MNQ_v5,2025-02-27 05:50:00+01:00,2025-02-27 07:21:00+01:00,Long,5.0,7439,7452,13,21168.5,21288.25,1193.8,Canal Exit,Canal Exit,21.5,5.698,-0.419,7445.0,7452.0,,7.0,7.0,565.1,1190.1,,625.0,,True,True,False,5,7
MNQ_v5,2025-02-27 09:41:00+01:00,2025-02-27 14:35:00+01:00,Long,1.0,7472,7514,42,21314.25,21363.25,97.26,Canal Exit,Canal Exit,64.25,1.125,-0.342,7507.0,7514.0,7485.0,7.0,7.0,83.52,96.52,19.02,13.0,-78.24,True,False,False,9,14
MNQ_v5,2025-02-27 15:45:00+01:00,2025-02-27 16:13:00+01:00,Short,1.0,7524,7528,4,21166.5,21086.5,159.26,Canal Exit,Canal Exit,214.5,1.259,-0.304,7526.0,7528.0,,2.0,2.0,347.52,158.52,,-189.0,,False,False,False,15,16
MNQ_v5,2025-02-27 18:12:00+01:00,2025-02-27 18:19:00+01:00,Short,1.0,7545,7546,1,20982.75,21012.75,-60.74,Canal Exit,Canal Exit,167.0,0.159,-0.268,7546.0,7546.0,,0.0,0.0,-61.48,-61.48,,0.0,,False,False,False,18,18
MNQ_v5,2025-02-28 05:01:00+01:00,2025-02-28 05:43:00+01:00,Long,2.0,7630,7636,6,20572.75,20631.75,234.52,Canal Exit,Canal Exit,56.25,1.227,-0.471,7635.0,7636.0,,1.0,1.0,198.04,233.04,,35.0,,True,True,False,5,5
MNQ_v5,2025-02-28 08:59:00+01:00,2025-02-28 09:34:00+01:00,Long,1.0,7664,7669,5,20622.0,20667.5,90.26,Canal Exit,Canal Exit,69.0,0.855,-0.145,7669.0,7669.0,,0.0,0.0,89.52,89.52,,0.0,,True,True,False,8,9
MNQ_v5,2025-02-28 15:24:00+01:00,2025-02-28 16:06:00+01:00,Short,1.0,7719,7725,6,20552.0,20664.75,-226.24,Stop Loss,Stop Loss,112.75,0.814,-1.098,7721.0,,,4.0,,-114.48,,,,,False,False,True,15,16
MNQ_v5,2025-02-28 19:43:00+01:00,2025-02-28 21:07:00+01:00,Long,1.0,7756,7768,12,20629.25,20742.5,225.76,Canal Exit,Canal Exit,145.5,0.943,-0.632,7767.0,7768.0,,1.0,1.0,242.52,225.02,,-17.5,,True,True,False,19,21
MNQ_v5,2025-03-03 08:59:00+01:00,2025-03-03 09:20:00+01:00,Long,2.0,7862,7865,3,20972.5,20923.25,-198.48,Stop Loss,Stop Loss,49.25,0.355,-1.711,,,,,,,,,,,,False,False,8,9
MNQ_v5,2025-03-03 14:56:00+01:00,2025-03-03 15:24:00+01:00,Long,2.0,7913,7917,4,21073.75,21032.75,-165.48,Stop Loss,Stop Loss,41.0,0.616,-1.238,,,,,,,,,,,,True,True,14,15
MNQ_v5,2025-03-03 18:47:00+01:00,2025-03-03 20:32:00+01:00,Short,1.0,7946,7961,15,20889.25,20756.5,264.76,Canal Exit,Canal Exit,95.75,2.47,-0.337,7952.0,7961.0,7958.0,9.0,9.0,395.02,264.02,329.02,-131.0,64.26,False,True,False,18,20
MNQ_v5,2025-03-03 20:53:00+01:00,2025-03-03 21:28:00+01:00,Short,1.0,7964,7969,5,20603.25,20383.75,438.26,Canal Exit,Canal Exit,216.5,1.118,-0.329,7968.0,7969.0,,1.0,1.0,422.02,437.52,,15.5,,False,False,False,20,21
MNQ_v5,2025-03-04 10:30:00+01:00,2025-03-04 11:26:00+01:00,Short,2.0,8073,8081,8,20509.75,20464.75,178.52,Canal Exit,Canal Exit,57.0,1.162,-0.491,8079.0,8081.0,,2.0,2.0,55.04,177.04,,122.0,,False,False,False,10,11
MNQ_v5,2025-03-04 13:11:00+01:00,2025-03-04 13:32:00+01:00,Short,1.0,8096,8099,3,20394.5,20359.75,68.76,Canal Exit,Canal Exit,99.5,0.884,-0.55,8099.0,8099.0,,0.0,0.0,68.02,68.02,,0.0,,False,False,False,13,13
MNQ_v5,2025-03-04 15:45:00+01:00,2025-03-04 16:27:00+01:00,Short,1.0,8118,8124,6,20315.25,20234.75,160.26,Canal Exit,Canal Exit,114.75,2.087,-0.847,8124.0,8124.0,,0.0,0.0,159.52,159.52,,0.0,,False,False,False,15,16
MNQ_v5,2025-03-05 09:13:00+01:00,2025-03-05 10:16:00+01:00,Long,2.0,8260,8269,9,20570.75,20588.0,67.52,Canal Exit,Canal Exit,57.75,0.667,-0.792,8264.0,8269.0,8268.0,5.0,5.0,-90.96,66.04,-10.96,157.0,-78.48,True,False,False,9,10
MNQ_v5,2025-03-05 16:55:00+01:00,2025-03-05 17:51:00+01:00,Short,1.0,8326,8334,8,20354.75,20317.0,74.76,Canal Exit,Canal Exit,142.0,0.984,-0.583,8332.0,8334.0,,2.0,2.0,236.52,74.02,,-162.5,,False,False,False,16,17
MNQ_v5,2025-03-06 07:28:00+01:00,2025-03-06 08:10:00+01:00,Long,3.0,8443,8449,6,20632.0,20617.0,-92.22,Canal Exit,Canal Exit,35.5,0.296,-0.423,8449.0,8449.0,,0.0,0.0,-94.44,-94.44,,0.0,,True,True,False,7,8
MNQ_v5,2025-03-06 16:06:00+01:00,2025-03-06 16:41:00+01:00,Long,1.0,8517,8522,5,20405.75,20474.0,135.76,Canal Exit,Canal Exit,177.5,0.606,-0.228,8519.0,8522.0,,3.0,3.0,-1.48,135.02,,136.5,,True,True,False,16,16
MNQ_v5,2025-03-06 21:28:00+01:00,2025-03-06 21:56:00+01:00,Short,1.0,8563,8567,4,20099.5,20094.0,10.26,Auto-Close (profit),Auto-Close (profit),108.25,0.543,-0.515,,,,,,,,,,,,True,False,21,21
MNQ_v5,2025-03-07 02:13:00+01:00,2025-03-07 02:27:00+01:00,Long,1.0,8596,8598,2,20206.75,20187.75,-38.74,Canal Exit,Canal Exit,65.5,0.195,-0.351,8598.0,8598.0,,0.0,0.0,-39.48,-39.48,,0.0,,True,True,False,2,2
MNQ_v5,2025-03-07 15:17:00+01:00,2025-03-07 15:52:00+01:00,Short,1.0,8708,8713,5,20071.5,20217.0,-291.74,Stop Loss,Stop Loss,145.5,0.325,-1.174,,,8713.0,,,,,-154.98,,136.76,,True,False,15,15
MNQ_v5,2025-03-07 16:34:00+01:00,2025-03-07 16:48:00+01:00,Short,1.0,8719,8721,2,19909.25,20028.0,-238.24,Canal Exit,Canal Exit,283.75,0.077,-0.623,8721.0,8721.0,,0.0,0.0,-238.98,-238.98,,0.0,,False,False,False,16,16
MNQ_v5,2025-03-10 06:28:00+01:00,2025-03-10 06:49:00+01:00,Long,4.0,8839,8842,3,20115.25,20090.75,-198.96,Stop Loss,Stop Loss,24.5,0.724,-1.561,,,,,,,,,,,,False,True,6,6
MNQ_v5,2025-03-10 14:03:00+01:00,2025-03-10 14:24:00+01:00,Long,3.0,8904,8907,3,19898.5,19860.5,-230.22,Stop Loss,Stop Loss,38.0,1.184,-1.105,,,,,,,,,,,,True,True,14,14
MNQ_v5,2025-03-10 14:45:00+01:00,2025-03-10 15:27:00+01:00,Short,1.0,8910,8916,6,19802.5,19652.5,299.26,Canal Exit,Canal Exit,141.0,1.131,-0.683,8913.0,8916.0,,3.0,3.0,138.52,298.52,,160.0,,False,False,False,14,15
MNQ_v5,2025-03-10 17:19:00+01:00,2025-03-10 20:49:00+01:00,Short,1.0,8932,8962,30,19563.75,19470.25,186.26,Canal Exit,Canal Exit,139.0,2.101,-0.545,8959.0,8962.0,8951.0,3.0,3.0,62.52,185.52,277.02,123.0,90.76,False,True,False,17,20
MNQ_v5,2025-03-11 00:59:00+01:00,2025-03-11 01:48:00+01:00,Long,1.0,8990,8997,7,19316.75,19228.75,-176.74,Stop Loss,Stop Loss,88.0,0.139,-2.009,,,,,,,,,,,,True,False,0,1
MNQ_v5,2025-03-11 15:27:00+01:00,2025-03-11 15:41:00+01:00,Short,1.0,9114,9116,2,19354.25,19333.5,40.76,Canal Exit,Canal Exit,259.25,0.343,-0.117,9116.0,9116.0,,0.0,0.0,40.02,40.02,,0.0,,False,False,False,15,15
MNQ_v5,2025-03-11 16:09:00+01:00,2025-03-11 16:44:00+01:00,Long,1.0,9120,9125,5,19489.0,19500.25,21.76,Canal Exit,Canal Exit,223.75,0.249,-0.345,9125.0,9125.0,,0.0,0.0,21.02,21.02,,0.0,,True,True,False,16,16
MNQ_v5,2025-03-11 17:05:00+01:00,2025-03-11 18:29:00+01:00,Short,1.0,9128,9140,12,19360.5,19218.5,283.26,Canal Exit,Canal Exit,184.25,0.866,-0.396,9137.0,9140.0,,3.0,3.0,151.02,282.52,,131.5,,False,False,False,17,18
MNQ_v5,2025-03-12 01:48:00+01:00,2025-03-12 03:19:00+01:00,Short,2.0,9195,9208,13,19456.25,19482.5,-106.48,Canal Exit,Canal Exit,44.0,0.312,-0.824,9203.0,9208.0,9205.0,5.0,5.0,-86.96,-107.96,-71.96,-21.0,34.52,False,True,False,1,3
MNQ_v5,2025-03-12 03:40:00+01:00,2025-03-12 05:04:00+01:00,Short,4.0,9211,9223,12,19464.25,19446.5,139.04,Canal Exit,Canal Exit,28.25,1.035,-0.239,9215.0,9223.0,,8.0,8.0,14.08,136.08,,122.0,,False,False,False,3,5
MNQ_v5,2025-03-12 08:41:00+01:00,2025-03-12 09:09:00+01:00,Long,1.0,9254,9258,4,19451.0,19468.0,33.26,Canal Exit,Canal Exit,64.0,0.828,-0.301,9258.0,9258.0,,0.0,0.0,32.52,32.52,,0.0,,True,True,False,8,9
MNQ_v5,2025-03-12 12:04:00+01:00,2025-03-12 12:32:00+01:00,Long,2.0,9283,9287,4,19569.75,19596.5,105.52,Canal Exit,Canal Exit,45.5,0.841,-0.077,9287.0,9287.0,,0.0,0.0,104.04,104.04,,0.0,,True,True,False,12,12
MNQ_v5,2025-03-12 18:01:00+01:00,2025-03-12 20:00:00+01:00,Short,1.0,9334,9351,17,19608.0,19648.0,-80.74,Canal Exit,Canal Exit,119.75,0.641,-0.933,9346.0,9351.0,9350.0,5.0,5.0,-38.98,-81.48,-139.98,-42.5,-59.24,False,True,True,18,20
MNQ_v5,2025-03-12 20:35:00+01:00,2025-03-12 20:49:00+01:00,Short,1.0,9356,9358,2,19571.75,19630.0,-117.24,Canal Exit,Canal Exit,134.5,0.134,-0.572,9357.0,9358.0,,1.0,1.0,-79.48,-117.98,,-38.5,,False,False,False,20,20
MNQ_v5,2025-03-13 03:12:00+01:00,2025-03-13 03:26:00+01:00,Long,5.0,9405,9407,2,19628.25,19607.0,-216.2,Stop Loss,Stop Loss,21.25,0.788,-1.2,,,,,,,,,,,,True,True,3,3
MNQ_v5,2025-03-13 14:45:00+01:00,2025-03-13 18:22:00+01:00,Short,1.0,9504,9535,31,19459.25,19224.0,469.76,Canal Exit,Canal Exit,131.25,2.139,-0.848,9535.0,9535.0,9512.0,0.0,0.0,469.02,469.02,72.02,0.0,-397.74,False,False,False,14,18
MNQ_v5,2025-03-13 19:04:00+01:00,2025-03-13 19:39:00+01:00,Long,1.0,9541,9546,5,19279.0,19357.5,156.26,Canal Exit,Canal Exit,113.5,0.852,-0.355,9544.0,9546.0,,2.0,2.0,89.52,155.52,,66.0,,True,True,False,19,19
MNQ_v5,2025-03-14 01:34:00+01:00,2025-03-14 01:48:00+01:00,Long,1.0,9589,9591,2,19418.25,19416.25,-4.74,Canal Exit,Canal Exit,83.75,0.087,-0.203,9590.0,9591.0,,1.0,1.0,-8.98,-5.48,,3.5,,True,True,False,1,1
MNQ_v5,2025-03-14 02:51:00+01:00,2025-03-14 09:44:00+01:00,Long,1.0,9600,9659,59,19408.0,19426.25,35.76,Canal Exit,Canal Exit,73.5,0.697,-0.517,9657.0,9659.0,9619.0,2.0,2.0,25.52,35.02,82.02,9.5,46.26,True,True,False,2,9
MNQ_v5,2025-03-14 11:57:00+01:00,2025-03-14 12:18:00+01:00,Long,1.0,9678,9681,3,19459.75,19436.75,-46.74,Canal Exit,Canal Exit,61.0,0.156,-0.582,9680.0,9681.0,,1.0,1.0,-49.48,-47.48,,2.0,,True,True,False,11,12
MNQ_v5,2025-03-14 14:38:00+01:00,2025-03-14 14:59:00+01:00,Long,1.0,9701,9704,3,19577.0,19430.25,-294.24,Stop Loss,Stop Loss,146.75,0.298,-1.027,9703.0,9704.0,,1.0,1.0,-42.48,-64.98,,-22.5,,True,True,False,14,14
MNQ_v5,2025-03-14 15:48:00+01:00,2025-03-14 16:23:00+01:00,Long,1.0,9711,9716,5,19560.75,19644.75,167.26,Canal Exit,Canal Exit,134.5,0.775,-0.138,9716.0,9716.0,,0.0,0.0,166.52,166.52,,0.0,,True,True,False,15,16
MNQ_v5,2025-03-14 18:01:00+01:00,2025-03-14 20:56:00+01:00,Long,1.0,9730,9755,25,19682.75,19705.25,44.26,Auto-Close (profit),Auto-Close (profit),78.75,0.762,-0.895,,,9735.0,,,,,-97.98,,-142.24,,False,False,18,20
MNQ_v5,2025-03-17 05:18:00+01:00,2025-03-17 05:25:00+01:00,Long,6.0,9819,9820,1,19601.5,19590.75,-133.44,Canal Exit,Canal Exit,17.5,0.214,-0.657,9820.0,9820.0,,0.0,0.0,-137.88,-137.88,,0.0,,True,True,False,5,5
MNQ_v5,2025-03-17 06:00:00+01:00,2025-03-17 06:56:00+01:00,Short,7.0,9825,9833,8,19589.5,19595.25,-85.68,Canal Exit,Canal Exit,17.0,0.235,-0.735,9829.0,9833.0,,4.0,4.0,-122.36,-90.86,,31.5,,False,False,False,6,6
MNQ_v5,2025-03-17 14:24:00+01:00,2025-03-17 14:31:00+01:00,Short,1.0,9897,9898,1,19689.25,19766.5,-155.24,Stop Loss,Stop Loss,77.25,0.068,-1.608,9898.0,9898.0,,0.0,0.0,-224.48,-224.48,,0.0,,False,False,False,14,14
MNQ_v5,2025-03-17 14:52:00+01:00,2025-03-17 15:06:00+01:00,Long,1.0,9901,9903,2,19786.75,19787.5,0.76,Canal Exit,Canal Exit,102.75,0.324,-0.64,9902.0,9903.0,,1.0,1.0,-110.48,0.02,,110.5,,True,True,False,14,15
MNQ_v5,2025-03-17 15:27:00+01:00,2025-03-17 15:41:00+01:00,Short,1.0,9906,9908,2,19722.25,19744.0,-44.24,Canal Exit,Canal Exit,97.75,0.473,-0.468,9908.0,9908.0,,0.0,0.0,-44.98,-44.98,,0.0,,False,False,False,15,15
MNQ_v5,2025-03-18 03:33:00+01:00,2025-03-18 04:01:00+01:00,Long,5.0,10002,10006,4,19976.5,19953.5,-233.7,Stop Loss,Stop Loss,23.0,0.033,-1.25,,,,,,,,,,,,True,False,3,4
MNQ_v5,2025-03-18 23:49:00+01:00,2025-03-19 00:38:00+01:00,Long,2.0,10168,10175,7,19720.25,19709.5,-44.48,Canal Exit,Canal Exit,53.5,0.037,-0.65,10173.0,10175.0,,2.0,2.0,-112.96,-45.96,,67.0,,True,True,False,23,0
MNQ_v5,2025-03-19 04:29:00+01:00,2025-03-19 05:04:00+01:00,Long,9.0,10208,10213,5,19766.5,19753.5,-240.66,Stop Loss,Stop Loss,13.0,0.115,-1.577,,,,,,,,,,,,False,False,4,5
MNQ_v5,2025-03-19 09:16:00+01:00,2025-03-19 09:51:00+01:00,Long,2.0,10249,10254,5,19707.0,19723.25,63.52,Canal Exit,Canal Exit,48.25,0.813,-0.43,10254.0,10254.0,,0.0,0.0,62.04,62.04,,0.0,,True,True,False,9,9
MNQ_v5,2025-03-19 14:03:00+01:00,2025-03-19 14:38:00+01:00,Long,5.0,10290,10295,5,19764.5,19742.5,-223.7,Stop Loss,Stop Loss,22.0,2.295,-2.636,,,,,,,,,,,,True,True,14,14
MNQ_v5,2025-03-19 23:07:00+01:00,2025-03-20 02:58:00+01:00,Long,2.0,10360,10393,33,19985.25,20038.25,210.52,Canal Exit,Canal Exit,45.0,1.617,-0.567,10385.0,10393.0,10373.0,8.0,8.0,227.04,209.04,139.04,-18.0,-71.48,True,False,False,23,2
MNQ_v5,2025-03-20 05:25:00+01:00,2025-03-20 07:24:00+01:00,Long,5.0,10414,10431,17,20088.0,20066.25,-221.2,Stop Loss,Stop Loss,21.75,0.184,-1.414,,,,,,,,,,,,True,False,5,7
MNQ_v5,2025-03-21 00:52:00+01:00,2025-03-21 01:20:00+01:00,Long,3.0,10573,10577,4,19885.75,19907.25,126.78,Canal Exit,Canal Exit,38.25,1.02,-0.255,10577.0,10577.0,,0.0,0.0,124.56,124.56,,0.0,,True,True,False,0,1
MNQ_v5,2025-03-21 02:09:00+01:00,2025-03-21 02:30:00+01:00,Short,6.0,10584,10587,3,19909.5,19927.75,-223.44,Stop Loss,Stop Loss,18.25,0.589,-1.123,,,,,,,,,,,,False,True,2,2
MNQ_v5,2025-03-21 08:27:00+01:00,2025-03-21 09:16:00+01:00,Short,2.0,10638,10645,7,19853.75,19788.25,260.52,Canal Exit,Canal Exit,43.25,1.59,-0.439,10643.0,10645.0,,2.0,2.0,-25.96,259.04,,285.0,,False,False,False,8,9
MNQ_v5,2025-03-21 17:19:00+01:00,2025-03-21 20:56:00+01:00,Long,1.0,10714,10745,31,19856.5,19952.75,191.76,Auto-Close (profit),Auto-Close (profit),181.5,0.643,-0.306,,,10724.0,,,,,-60.48,,-252.24,,True,False,17,20
MNQ_v5,2025-03-24 14:31:00+01:00,2025-03-24 14:38:00+01:00,Short,5.0,10888,10889,1,20266.0,20287.0,-213.7,Stop Loss,Stop Loss,21.0,1.774,-1.286,10889.0,,,0.0,,270.1,,,,,False,False,True,14,14
MNQ_v5,2025-03-24 14:59:00+01:00,2025-03-24 15:27:00+01:00,Long,1.0,10892,10896,4,20314.75,20326.0,21.76,Canal Exit,Canal Exit,86.0,0.436,-0.468,10896.0,10896.0,,0.0,0.0,21.02,21.02,,0.0,,True,True,False,14,15
MNQ_v5,2025-03-24 17:12:00+01:00,2025-03-24 17:26:00+01:00,Long,3.0,10911,10913,2,20360.0,20329.0,-188.22,Stop Loss,Stop Loss,31.0,0.484,-1.161,,,,,,,,,,,,False,False,17,17
MNQ_v5,2025-03-25 02:58:00+01:00,2025-03-25 04:15:00+01:00,Short,5.0,10987,10998,11,20351.5,20336.75,143.8,Canal Exit,Canal Exit,23.5,0.798,-0.5,10992.0,10998.0,,6.0,6.0,-17.4,140.1,,157.5,,False,False,False,2,4
MNQ_v5,2025-03-25 16:37:00+01:00,2025-03-25 17:05:00+01:00,Short,3.0,11104,11108,4,20463.0,20453.75,53.28,Canal Exit,Canal Exit,33.5,0.918,-0.112,11108.0,11108.0,,0.0,0.0,51.06,51.06,,0.0,,False,False,False,16,17
MNQ_v5,2025-03-26 00:24:00+01:00,2025-03-26 02:44:00+01:00,Long,14.0,11163,11183,20,20514.0,20505.75,-241.36,Stop Loss,Stop Loss,8.25,2.758,-1.091,,,11172.0,,,,,399.28,,640.64,,False,True,0,2
MNQ_v5,2025-03-26 06:35:00+01:00,2025-03-26 08:20:00+01:00,Short,7.0,11216,11231,15,20477.5,20488.25,-155.68,Canal Exit,Canal Exit,17.0,1.441,-0.706,11224.0,11231.0,11228.0,7.0,7.0,227.64,-160.86,-3.36,-388.5,152.32,False,True,True,6,8
MNQ_v5,2025-03-27 16:23:00+01:00,2025-03-27 17:40:00+01:00,Short,1.0,11498,11509,11,20134.0,20080.0,107.26,Canal Exit,Canal Exit,65.0,1.462,-0.504,11505.0,11509.0,,4.0,4.0,-6.98,106.52,,113.5,,False,False,False,16,17
MNQ_v5,2025-03-28 00:10:00+01:00,2025-03-28 00:31:00+01:00,Short,1.0,11557,11560,3,19961.25,19955.5,10.76,Canal Exit,Canal Exit,60.0,0.133,-0.204,11558.0,11560.0,,2.0,2.0,-15.48,10.02,,25.5,,False,False,False,0,0
MNQ_v5,2025-03-28 05:46:00+01:00,2025-03-28 06:35:00+01:00,Long,9.0,11605,11612,7,19979.0,19966.5,-231.66,Stop Loss,Stop Loss,12.5,0.8,-1.04,11611.0,,,1.0,,-193.32,,,,,True,True,True,5,6
MNQ_v5,2025-03-28 14:17:00+01:00,2025-03-28 14:31:00+01:00,Long,1.0,11678,11680,2,19946.75,19852.0,-190.24,Stop Loss,Stop Loss,94.75,0.116,-1.132,,,,,,,,,,,,True,False,14,14
MNQ_v5,2025-03-31 00:56:00+02:00,2025-03-31 01:17:00+02:00,Long,3.0,11753,11756,3,19302.75,19272.75,-182.22,Stop Loss,Stop Loss,30.0,0.408,-1.517,,,,,,,,,,,,True,False,0,1
MNQ_v5,2025-03-31 09:20:00+02:00,2025-03-31 10:02:00+02:00,Long,2.0,11825,11831,6,19236.75,19241.5,17.52,Canal Exit,Canal Exit,43.25,0.821,-0.613,11830.0,11831.0,,1.0,1.0,99.04,16.04,,-83.0,,True,True,False,9,10
MNQ_v5,2025-03-31 13:11:00+02:00,2025-03-31 13:39:00+02:00,Short,2.0,11858,11862,4,19190.5,19149.5,162.52,Canal Exit,Canal Exit,41.25,1.752,-0.091,11861.0,11862.0,,1.0,1.0,158.04,161.04,,3.0,,False,False,False,13,13
MNQ_v5,2025-03-31 15:31:00+02:00,2025-03-31 15:52:00+02:00,Short,1.0,11878,11881,3,19060.75,19091.75,-62.74,Canal Exit,Canal Exit,176.0,0.477,-0.646,11881.0,11881.0,,0.0,0.0,-63.48,-63.48,,0.0,,False,False,False,15,15
MNQ_v5,2025-03-31 20:04:00+02:00,2025-03-31 20:39:00+02:00,Long,1.0,11917,11922,5,19354.25,19357.25,5.26,Canal Exit,Canal Exit,148.25,0.388,-0.577,11920.0,11922.0,,2.0,2.0,71.02,4.52,,-66.5,,True,True,False,20,20
MNQ_v5,2025-04-01 07:00:00+02:00,2025-04-01 07:28:00+02:00,Long,2.0,12003,12007,4,19384.75,19380.5,-18.48,Canal Exit,Canal Exit,50.0,0.3,-0.475,12005.0,12007.0,,2.0,2.0,32.04,-19.96,,-52.0,,True,True,False,7,7
MNQ_v5,2025-04-01 10:30:00+02:00,2025-04-01 10:51:00+02:00,Long,1.0,12033,12036,3,19450.0,19468.75,36.76,Canal Exit,Canal Exit,68.25,0.319,-0.223,12036.0,12036.0,,0.0,0.0,36.02,36.02,,0.0,,True,True,False,10,10
MNQ_v5,2025-04-01 15:38:00+02:00,2025-04-01 15:45:00+02:00,Short,3.0,12077,12078,1,19400.75,19433.0,-195.72,Stop Loss,Stop Loss,32.25,1.814,-1.907,,,,,,,,,,,,True,True,15,15
MNQ_v5,2025-04-01 16:48:00+02:00,2025-04-01 17:16:00+02:00,Long,1.0,12087,12091,4,19493.5,19593.5,199.26,Canal Exit,Canal Exit,232.25,0.46,-0.294,12089.0,12091.0,,2.0,2.0,114.02,198.52,,84.5,,True,True,False,16,17
MNQ_v5,2025-04-03 16:08:00+02:00,2025-04-03 17:04:00+02:00,Short,1.0,12476,12484,8,18904.0,18758.5,290.26,Canal Exit,Canal Exit,170.0,1.081,-0.318,12483.0,12484.0,,1.0,1.0,261.02,289.52,,28.5,,False,False,False,16,17
MNQ_v5,2025-04-03 18:49:00+02:00,2025-04-03 20:27:00+02:00,Short,1.0,12499,12513,14,18868.75,18793.25,150.26,Canal Exit,Canal Exit,119.5,0.954,-0.579,12513.0,12513.0,,0.0,0.0,149.52,149.52,,0.0,,False,False,False,18,20
MNQ_v5,2025-04-03 20:48:00+02:00,2025-04-03 21:16:00+02:00,Long,1.0,12516,12520,4,18840.0,18754.75,-171.24,Stop Loss,Stop Loss,85.25,0.308,-1.355,12520.0,,,0.0,,-211.98,,,,,True,True,False,20,21
MNQ_v5,2025-04-04 18:05:00+02:00,2025-04-04 19:08:00+02:00,Short,1.0,12690,12699,9,17927.0,17673.5,506.26,Canal Exit,Canal Exit,220.0,1.21,-0.238,12696.0,12699.0,,3.0,3.0,352.52,505.52,,153.0,,False,False,False,18,19
MNQ_v5,2025-04-04 19:36:00+02:00,2025-04-04 20:04:00+02:00,Long,1.0,12703,12707,4,17826.75,17797.25,-59.74,Canal Exit,Canal Exit,211.25,0.408,-0.382,12706.0,12707.0,,1.0,1.0,118.02,-60.48,,-178.5,,True,True,False,19,20
MNQ_v5,2025-04-04 21:21:00+02:00,2025-04-04 21:42:00+02:00,Long,1.0,12718,12721,3,17762.5,17720.75,-84.24,Canal Exit,Canal Exit,213.5,0.508,-0.413,12720.0,12721.0,,1.0,1.0,18.02,-84.98,,-103.0,,True,True,True,21,21
MNQ_v5,2025-04-04 22:59:00+02:00,2025-04-07 00:00:00+02:00,Long,1.0,12732,12733,1,17486.25,17387.0,-199.24,Stop Loss,Stop Loss,99.25,0.086,-9.438,12733.0,12733.0,,0.0,0.0,-1691.98,-1691.98,,0.0,,False,False,False,22,0
MNQ_v5,2025-04-07 20:39:00+02:00,2025-04-07 21:21:00+02:00,Short,1.0,12910,12916,6,17653.5,17449.0,408.26,Canal Exit,Canal Exit,168.25,1.475,-0.624,12915.0,12916.0,,1.0,1.0,261.02,407.52,,146.5,,False,False,False,20,21
MNQ_v5,2025-04-08 02:13:00+02:00,2025-04-08 02:41:00+02:00,Long,1.0,12950,12954,4,17834.5,17809.0,-51.74,Canal Exit,Canal Exit,122.25,0.172,-0.417,12954.0,12954.0,,0.0,0.0,-52.48,-52.48,,0.0,,True,True,False,2,2
MNQ_v5,2025-04-08 03:02:00+02:00,2025-04-08 03:23:00+02:00,Short,1.0,12957,12960,3,17704.25,17735.0,-62.24,Canal Exit,Canal Exit,134.25,0.283,-0.479,12958.0,12960.0,,2.0,2.0,-34.98,-62.98,,-28.0,,False,False,False,3,3
MNQ_v5,2025-04-08 03:44:00+02:00,2025-04-08 05:01:00+02:00,Long,1.0,12963,12974,11,17847.25,17829.75,-35.74,Canal Exit,Canal Exit,164.25,0.23,-0.269,12969.0,12974.0,12973.0,5.0,5.0,-1.48,-36.48,-79.98,-35.0,-44.24,True,False,False,3,5
MNQ_v5,2025-04-09 00:00:00+02:00,2025-04-09 06:25:00+02:00,Short,1.0,13129,13184,55,17113.75,16760.0,706.76,Canal Exit,Canal Exit,145.0,2.509,-0.891,13181.0,13184.0,13147.0,3.0,3.0,429.52,706.02,463.02,276.5,-243.74,False,False,False,0,6
MNQ_v5,2025-04-09 18:12:00+02:00,2025-04-09 19:50:00+02:00,Long,1.0,13285,13299,14,17467.0,18757.5,2580.26,Canal Exit,Canal Exit,252.5,5.675,-0.247,13297.0,13299.0,,2.0,2.0,2271.02,2579.52,,308.5,,True,True,False,18,19
MNQ_v5,2025-04-10 12:57:00+02:00,2025-04-10 15:31:00+02:00,Short,1.0,13438,13460,22,18913.75,18751.5,323.76,Canal Exit,Canal Exit,92.25,1.959,-0.783,13455.0,13460.0,13459.0,5.0,5.0,154.52,323.02,151.52,168.5,-172.24,False,True,False,12,15
MNQ_v5,2025-04-10 15:52:00+02:00,2025-04-10 16:13:00+02:00,Short,1.0,13463,13466,3,18675.0,18601.5,146.26,Canal Exit,Canal Exit,227.5,0.49,-0.571,13464.0,13466.0,,2.0,2.0,-27.48,145.52,,173.0,,False,False,False,15,16
MNQ_v5,2025-04-11 01:03:00+02:00,2025-04-11 01:38:00+02:00,Short,1.0,13534,13539,5,18513.0,18414.25,196.76,Canal Exit,Canal Exit,85.5,1.541,-0.269,13537.0,13539.0,,2.0,2.0,220.52,196.02,,-24.5,,False,False,False,1,1
MNQ_v5,2025-04-11 09:48:00+02:00,2025-04-11 09:55:00+02:00,Long,1.0,13609,13610,1,18633.75,18554.0,-160.24,Stop Loss,Stop Loss,79.75,0.229,-2.219,,,,,,,,,,,,False,False,9,9
MNQ_v5,2025-04-11 14:56:00+02:00,2025-04-11 15:24:00+02:00,Short,1.0,13653,13657,4,18511.25,18450.75,120.26,Canal Exit,Canal Exit,157.75,0.983,-0.204,13656.0,13657.0,,1.0,1.0,146.02,119.52,,-26.5,,False,False,False,14,15
MNQ_v5,2025-04-11 15:45:00+02:00,2025-04-11 16:20:00+02:00,Long,1.0,13660,13665,5,18545.25,18353.5,-384.24,Stop Loss,Stop Loss,191.75,0.536,-1.398,13665.0,,,0.0,,-431.98,,,,,True,True,True,15,16
MNQ_v5,2025-04-11 21:14:00+02:00,2025-04-11 21:56:00+02:00,Long,1.0,13707,13713,6,18842.75,18808.75,-68.74,Auto-Close (loss),Auto-Close (loss),248.0,0.098,-0.261,,,,,,,,,,,,True,False,21,21
MNQ_v5,2025-04-14 00:56:00+02:00,2025-04-14 01:38:00+02:00,Short,1.0,13731,13737,6,18977.75,18999.0,-43.24,Canal Exit,Canal Exit,275.25,0.163,-0.276,13733.0,13737.0,,4.0,4.0,-130.48,-43.98,,86.5,,False,False,False,0,1
MNQ_v5,2025-04-14 10:37:00+02:00,2025-04-14 11:05:00+02:00,Short,2.0,13814,13818,4,19135.0,19126.25,33.52,Canal Exit,Canal Exit,47.5,0.416,-0.426,13817.0,13818.0,,1.0,1.0,3.04,32.04,,29.0,,False,False,False,10,11
MNQ_v5,2025-04-14 16:27:00+02:00,2025-04-14 17:23:00+02:00,Long,1.0,13864,13872,8,19156.25,18987.0,-339.24,Stop Loss,Stop Loss,169.25,0.217,-1.266,13870.0,,13872.0,2.0,,-220.98,,-420.98,,-81.74,True,False,False,16,17
MNQ_v5,2025-04-14 22:59:00+02:00,2025-04-15 02:41:00+02:00,Long,1.0,13920,13944,24,18903.75,18909.75,11.26,Canal Exit,Canal Exit,113.0,0.17,-0.832,13942.0,13944.0,13929.0,2.0,2.0,18.02,10.52,-151.98,-7.5,-163.24,True,True,False,22,2
MNQ_v5,2025-04-15 05:22:00+02:00,2025-04-15 05:57:00+02:00,Long,3.0,13967,13972,5,18899.5,18914.75,89.28,Canal Exit,Canal Exit,39.0,0.571,-0.237,13972.0,13972.0,,0.0,0.0,87.06,87.06,,0.0,,True,True,False,5,5
MNQ_v5,2025-04-15 06:39:00+02:00,2025-04-15 07:14:00+02:00,Short,5.0,13978,13983,5,18912.5,18914.75,-26.2,Canal Exit,Canal Exit,20.25,1.025,-0.407,13983.0,13983.0,,0.0,0.0,-29.9,-29.9,,0.0,,False,False,True,6,7
MNQ_v5,2025-04-15 18:05:00+02:00,2025-04-15 18:33:00+02:00,Long,1.0,14076,14080,4,19057.25,19038.5,-38.24,Canal Exit,Canal Exit,87.25,0.384,-0.241,14080.0,14080.0,,0.0,0.0,-38.98,-38.98,,0.0,,True,True,False,18,18
MNQ_v5,2025-04-15 21:42:00+02:00,2025-04-15 21:56:00+02:00,Short,1.0,14107,14109,2,18930.75,18959.75,-58.74,Auto-Close (loss),Auto-Close (loss),70.25,0.117,-0.833,,,,,,,,,,,,False,False,21,21
MNQ_v5,2025-04-16 00:56:00+02:00,2025-04-16 01:10:00+02:00,Long,3.0,14127,14129,2,18757.75,18719.25,-233.22,Stop Loss,Stop Loss,38.5,0.097,-1.104,,,,,,,,,,,,True,False,0,1
MNQ_v5,2025-04-16 02:34:00+02:00,2025-04-16 07:42:00+02:00,Short,1.0,14141,14185,44,18666.5,18526.0,280.26,Canal Exit,Canal Exit,69.5,2.331,-0.928,14184.0,14185.0,14146.0,1.0,1.0,280.52,279.52,-67.98,-1.0,-348.24,False,False,False,2,7
MNQ_v5,2025-04-16 09:27:00+02:00,2025-04-16 10:23:00+02:00,Short,2.0,14200,14208,8,18557.25,18615.0,-232.48,Stop Loss,Stop Loss,57.75,0.784,-3.078,14208.0,,,0.0,,-388.96,,,,,False,False,True,9,10
MNQ_v5,2025-04-16 13:32:00+02:00,2025-04-16 14:35:00+02:00,Long,3.0,14235,14244,9,18686.0,18651.5,-209.22,Stop Loss,Stop Loss,34.5,1.101,-1.225,,,,,,,,,,,,True,True,13,14
MNQ_v5,2025-04-16 17:51:00+02:00,2025-04-16 19:08:00+02:00,Short,1.0,14272,14283,11,18610.75,18541.75,137.26,Canal Exit,Canal Exit,124.5,0.669,-0.173,14280.0,14283.0,,3.0,3.0,77.02,136.52,,59.5,,False,False,False,17,19
MNQ_v5,2025-04-17 04:19:00+02:00,2025-04-17 08:38:00+02:00,Long,2.0,14354,14391,37,18492.75,18569.25,304.52,Canal Exit,Canal Exit,40.0,2.725,-0.925,14391.0,14391.0,14377.0,0.0,0.0,303.04,303.04,153.04,0.0,-151.48,True,True,False,4,8
MNQ_v5,2025-04-17 08:59:00+02:00,2025-04-17 09:13:00+02:00,Short,3.0,14394,14396,2,18571.0,18601.75,-186.72,Stop Loss,Stop Loss,30.75,0.52,-2.634,14395.0,14396.0,,1.0,1.0,-26.94,-307.44,,-280.5,,False,False,True,8,9
MNQ_v5,2025-04-17 09:34:00+02:00,2025-04-17 10:44:00+02:00,Long,2.0,14399,14409,10,18603.25,18555.0,-194.48,Stop Loss,Stop Loss,48.25,0.435,-1.238,14401.0,,14405.0,8.0,,58.04,,-37.96,,156.52,True,False,False,9,10
MNQ_v5,2025-04-17 14:56:00+02:00,2025-04-17 16:13:00+02:00,Short,1.0,14445,14456,11,18502.25,18387.5,228.76,Canal Exit,Canal Exit,122.5,1.116,-0.369,14453.0,14456.0,,3.0,3.0,122.02,228.02,,106.0,,False,False,False,14,16
MNQ_v5,2025-04-21 00:07:00+02:00,2025-04-21 00:35:00+02:00,Short,1.0,14516,14520,4,18276.5,18272.0,8.26,Canal Exit,Canal Exit,178.75,0.134,-0.124,14518.0,14520.0,,2.0,2.0,-39.48,7.52,,47.0,,False,False,False,0,0
MNQ_v5,2025-04-21 02:55:00+02:00,2025-04-21 05:01:00+02:00,Short,1.0,14540,14558,18,18307.0,18217.5,178.26,Canal Exit,Canal Exit,67.0,1.75,-0.246,14558.0,14558.0,14551.0,0.0,0.0,177.52,177.52,40.02,0.0,-138.24,False,False,False,2,5
MNQ_v5,2025-04-21 06:46:00+02:00,2025-04-21 07:42:00+02:00,Short,4.0,14573,14581,8,18217.75,18245.75,-226.96,Stop Loss,Stop Loss,28.0,0.196,-1.286,,,14580.0,,,,,-89.92,,137.04,,True,False,6,7
MNQ_v5,2025-04-21 15:17:00+02:00,2025-04-21 15:24:00+02:00,Short,2.0,14646,14647,1,18104.0,18147.5,-175.48,Stop Loss,Stop Loss,43.5,0.253,-1.086,,,,,,,,,,,,True,False,15,15
MNQ_v5,2025-04-21 19:01:00+02:00,2025-04-21 21:56:00+02:00,Short,1.0,14678,14703,25,17755.5,17950.0,-389.74,Stop Loss,Stop Loss,194.5,0.285,-1.01,,,14690.0,,,,,-32.48,,357.26,,True,False,19,21
MNQ_v5,2025-04-22 01:24:00+02:00,2025-04-22 03:02:00+02:00,Long,2.0,14725,14739,14,17910.75,18014.0,411.52,Canal Exit,Canal Exit,47.0,2.383,-0.319,14733.0,14739.0,14738.0,6.0,6.0,342.04,410.04,335.04,68.0,-76.48,True,False,False,1,3
MNQ_v5,2025-04-22 03:23:00+02:00,2025-04-22 04:33:00+02:00,Long,2.0,14742,14752,10,18044.0,18028.25,-64.48,Canal Exit,Canal Exit,59.75,0.414,-0.531,14746.0,14752.0,14749.0,6.0,6.0,-65.96,-65.96,11.04,0.0,75.52,True,False,False,3,4
MNQ_v5,2025-04-22 10:51:00+02:00,2025-04-22 11:40:00+02:00,Long,2.0,14806,14813,7,18105.25,18104.0,-6.48,Canal Exit,Canal Exit,49.0,0.332,-0.577,14809.0,14813.0,,4.0,4.0,-62.96,-7.96,,55.0,,True,True,False,10,11
MNQ_v5,2025-04-22 18:19:00+02:00,2025-04-22 18:33:00+02:00,Long,1.0,14870,14872,2,18498.0,18466.25,-64.24,Canal Exit,Canal Exit,211.0,0.073,-0.25,14872.0,14872.0,,0.0,0.0,-64.98,-64.98,,0.0,,True,True,False,18,18
MNQ_v5,2025-04-22 22:59:00+02:00,2025-04-23 00:00:00+02:00,Short,2.0,14910,14911,1,18359.25,18416.25,-229.48,Stop Loss,Stop Loss,57.0,0.101,-7.241,14911.0,14911.0,,0.0,0.0,-1401.96,-1401.96,,0.0,,True,True,False,22,0
MNQ_v5,2025-04-23 03:09:00+02:00,2025-04-23 03:30:00+02:00,Long,2.0,14938,14941,3,18718.25,18672.25,-185.48,Stop Loss,Stop Loss,46.0,0.147,-1.011,,,,,,,,,,,,False,False,3,3
MNQ_v5,2025-04-23 07:07:00+02:00,2025-04-23 07:35:00+02:00,Short,3.0,14972,14976,4,18700.5,18732.25,-192.72,Stop Loss,Stop Loss,31.75,0.614,-1.535,14976.0,,,0.0,,-271.44,,,,,False,False,True,7,7
MNQ_v5,2025-04-23 09:41:00+02:00,2025-04-23 10:16:00+02:00,Long,2.0,14994,14999,5,18760.75,18821.5,241.52,Canal Exit,Canal Exit,47.0,1.612,-0.064,14999.0,14999.0,,0.0,0.0,240.04,240.04,,0.0,,True,True,False,9,10
MNQ_v5,2025-04-23 13:39:00+02:00,2025-04-23 14:07:00+02:00,Short,2.0,15028,15032,4,18889.5,18899.25,-40.48,Canal Exit,Canal Exit,53.0,0.623,-0.358,15030.0,15032.0,,2.0,2.0,116.04,-41.96,,-158.0,,False,False,True,13,14
MNQ_v5,2025-04-24 00:00:00+02:00,2025-04-24 01:24:00+02:00,Short,1.0,15109,15121,12,18779.5,18818.75,-79.24,Canal Exit,Canal Exit,145.25,0.27,-0.537,15115.0,15121.0,15118.0,6.0,6.0,-67.98,-79.98,-95.48,-12.0,-16.24,False,True,False,0,1
MNQ_v5,2025-04-24 01:45:00+02:00,2025-04-24 01:59:00+02:00,Short,5.0,15124,15126,2,18835.5,18857.5,-223.7,Stop Loss,Stop Loss,22.0,0.477,-1.375,,,,,,,,,,,,True,False,1,1
MNQ_v5,2025-04-24 07:35:00+02:00,2025-04-24 09:55:00+02:00,Short,10.0,15174,15194,20,18770.0,18692.5,1542.6,Canal Exit,Canal Exit,11.75,10.128,-0.766,15193.0,15194.0,15185.0,1.0,1.0,2075.2,1535.2,540.2,-540.0,-1002.4,False,False,False,7,9
MNQ_v5,2025-04-24 18:19:00+02:00,2025-04-24 21:56:00+02:00,Long,1.0,15266,15297,31,19209.5,19319.25,218.76,Auto-Close (profit),Auto-Close (profit),89.25,2.325,-0.182,,,15275.0,,,,,95.02,,-123.74,,False,False,18,21
MNQ_v5,2025-04-25 06:32:00+02:00,2025-04-25 07:42:00+02:00,Short,1.0,15363,15373,10,19401.5,19418.5,-34.74,Canal Exit,Canal Exit,95.75,0.047,-0.355,15368.0,15373.0,,5.0,5.0,-55.48,-35.48,,20.0,,False,False,False,6,7
MNQ_v5,2025-04-25 09:20:00+02:00,2025-04-25 09:41:00+02:00,Short,1.0,15387,15390,3,19407.5,19411.0,-7.74,Canal Exit,Canal Exit,67.5,0.507,-0.207,15390.0,15390.0,,0.0,0.0,-8.48,-8.48,,0.0,,False,False,True,9,9
MNQ_v5,2025-04-25 14:56:00+02:00,2025-04-25 15:24:00+02:00,Short,1.0,15435,15439,4,19251.25,19322.75,-143.74,Stop Loss,Stop Loss,71.5,0.503,-1.122,,,,,,,,,,,,True,True,14,15
MNQ_v5,2025-04-25 20:32:00+02:00,2025-04-25 21:56:00+02:00,Long,1.0,15483,15495,12,19507.25,19530.0,44.76,Auto-Close (profit),Auto-Close (profit),123.5,0.468,-0.488,,,15492.0,,,,,-109.48,,-154.24,,False,False,20,21
MNQ_v5,2025-04-28 10:37:00+02:00,2025-04-28 11:54:00+02:00,Long,2.0,15596,15607,11,19490.75,19510.25,76.52,Canal Exit,Canal Exit,50.5,0.975,-0.376,15607.0,15607.0,,0.0,0.0,75.04,75.04,,0.0,,True,True,False,10,11
MNQ_v5,2025-04-28 16:48:00+02:00,2025-04-28 17:02:00+02:00,Long,2.0,15649,15651,2,19493.0,19446.5,-187.48,Stop Loss,Stop Loss,46.5,0.898,-1.333,,,,,,,,,,,,False,True,16,17
MNQ_v5,2025-04-29 00:49:00+02:00,2025-04-29 03:37:00+02:00,Long,4.0,15710,15734,24,19481.25,19576.5,759.04,Canal Exit,Canal Exit,26.0,3.712,-0.423,15733.0,15734.0,15723.0,1.0,1.0,608.08,756.08,174.08,148.0,-584.96,True,True,False,0,3
MNQ_v5,2025-04-29 10:09:00+02:00,2025-04-29 11:40:00+02:00,Short,1.0,15790,15803,13,19547.5,19572.5,-50.74,Canal Exit,Canal Exit,73.75,0.078,-0.708,15803.0,15803.0,,0.0,0.0,-51.48,-51.48,,0.0,,False,False,False,10,11
MNQ_v5,2025-04-29 15:03:00+02:00,2025-04-29 15:24:00+02:00,Short,1.0,15832,15835,3,19393.5,19432.0,-77.74,Canal Exit,Canal Exit,144.5,0.099,-0.346,15834.0,15835.0,,1.0,1.0,-34.98,-78.48,,-43.5,,False,False,False,15,15
MNQ_v5,2025-04-29 15:45:00+02:00,2025-04-29 16:13:00+02:00,Long,1.0,15838,15842,4,19513.0,19544.75,62.76,Canal Exit,Canal Exit,133.75,0.658,-0.327,15842.0,15842.0,,0.0,0.0,62.02,62.02,,0.0,,True,True,False,15,16
MNQ_v5,2025-04-29 19:22:00+02:00,2025-04-29 20:04:00+02:00,Long,1.0,15869,15875,6,19560.0,19657.5,194.26,Canal Exit,Canal Exit,89.25,1.395,-0.168,15875.0,15875.0,,0.0,0.0,193.52,193.52,,0.0,,True,True,False,19,20
MNQ_v5,2025-04-30 02:48:00+02:00,2025-04-30 03:02:00+02:00,Short,2.0,15925,15927,2,19526.0,19538.5,-51.48,Canal Exit,Canal Exit,58.75,0.128,-0.234,15927.0,15927.0,,0.0,0.0,-52.96,-52.96,,0.0,,False,False,False,2,3
MNQ_v5,2025-04-30 03:30:00+02:00,2025-04-30 03:37:00+02:00,Long,4.0,15931,15932,1,19543.5,19518.5,-202.96,Stop Loss,Stop Loss,25.0,0.06,-1.32,15932.0,15932.0,,0.0,0.0,-215.92,-215.92,,0.0,,False,False,False,3,3
MNQ_v5,2025-04-30 21:35:00+02:00,2025-04-30 21:56:00+02:00,Long,2.0,16086,16089,3,19513.75,19642.5,513.52,Auto-Close (profit),Auto-Close (profit),46.5,4.919,-0.892,,,,,,,,,,,,True,False,21,21
MNQ_v5,2025-05-01 01:31:00+02:00,2025-05-01 10:23:00+02:00,Long,1.0,16112,16188,76,19910.75,19960.5,98.76,Canal Exit,Canal Exit,98.75,0.668,-0.099,16184.0,16188.0,16143.0,4.0,4.0,92.52,98.02,32.52,5.5,-66.24,True,True,False,1,10
MNQ_v5,2025-05-01 13:32:00+02:00,2025-05-01 14:28:00+02:00,Long,6.0,16215,16223,8,19997.75,19980.25,-214.44,Stop Loss,Stop Loss,17.5,2.171,-2.771,,,,,,,,,,,,True,True,13,14
MNQ_v5,2025-05-01 17:37:00+02:00,2025-05-01 18:47:00+02:00,Short,1.0,16250,16260,10,20037.5,19928.75,216.76,Canal Exit,Canal Exit,87.75,1.462,-0.41,16257.0,16260.0,,3.0,3.0,132.52,216.02,,83.5,,False,False,False,17,18
MNQ_v5,2025-05-01 19:08:00+02:00,2025-05-01 20:04:00+02:00,Long,1.0,16263,16271,8,20008.0,20034.5,52.26,Canal Exit,Canal Exit,98.75,0.276,-0.668,16268.0,16271.0,,3.0,3.0,-66.48,51.52,,118.0,,True,True,False,19,20
MNQ_v5,2025-05-01 21:07:00+02:00,2025-05-01 21:56:00+02:00,Short,2.0,16280,16287,7,20003.75,19877.5,503.52,Auto-Close (profit),Auto-Close (profit),46.0,4.81,-0.478,,,,,,,,,,,,False,False,21,21
MNQ_v5,2025-05-02 01:52:00+02:00,2025-05-02 02:20:00+02:00,Short,3.0,16313,16317,4,19795.75,19827.25,-191.22,Stop Loss,Stop Loss,31.5,1.31,-1.516,,,,,,,,,,,,False,True,1,2
MNQ_v5,2025-05-02 17:51:00+02:00,2025-05-02 21:56:00+02:00,Long,1.0,16450,16485,35,20194.0,20185.5,-17.74,Auto-Close (loss),Auto-Close (loss),71.25,1.165,-0.582,,,16461.0,,,,,41.52,,59.26,,False,True,17,21
MNQ_v5,2025-05-05 03:16:00+02:00,2025-05-05 04:54:00+02:00,Short,3.0,16523,16537,14,20072.0,20032.5,234.78,Canal Exit,Canal Exit,39.75,2.038,-0.245,16531.0,16537.0,16535.0,6.0,6.0,198.06,232.56,198.06,34.5,-36.72,False,True,False,3,4
MNQ_v5,2025-05-05 05:22:00+02:00,2025-05-05 05:36:00+02:00,Short,5.0,16541,16543,2,20027.5,20051.0,-238.7,Stop Loss,Stop Loss,23.5,0.223,-1.968,,,,,,,,,,,,True,False,5,5
MNQ_v5,2025-05-05 09:55:00+02:00,2025-05-05 10:30:00+02:00,Long,3.0,16580,16585,5,20071.5,20037.25,-207.72,Stop Loss,Stop Loss,34.25,0.182,-1.431,,,,,,,,,,,,True,False,9,10
MNQ_v5,2025-05-05 13:39:00+02:00,2025-05-05 15:24:00+02:00,Short,2.0,16612,16627,15,19982.0,20028.5,-187.48,Stop Loss,Stop Loss,46.5,0.339,-1.081,,,16619.0,,,,,-32.96,,154.52,,True,False,13,15
MNQ_v5,2025-05-05 19:08:00+02:00,2025-05-05 19:29:00+02:00,Short,4.0,16659,16662,3,20117.25,20146.0,-232.96,Stop Loss,Stop Loss,28.75,0.391,-1.217,16660.0,16662.0,,2.0,2.0,-83.92,-237.92,,-154.0,,False,False,False,19,19
MNQ_v5,2025-05-06 01:38:00+02:00,2025-05-06 08:45:00+02:00,Short,6.0,16707,16768,61,20023.5,19954.0,829.56,Canal Exit,Canal Exit,19.25,5.727,-0.416,16763.0,16768.0,16722.0,5.0,5.0,1017.12,825.12,507.12,-192.0,-322.44,False,True,False,1,8
MNQ_v5,2025-05-06 09:20:00+02:00,2025-05-06 10:16:00+02:00,Short,3.0,16773,16781,8,19939.0,19843.25,572.28,Canal Exit,Canal Exit,35.75,2.804,-0.322,16778.0,16781.0,,3.0,3.0,199.56,570.06,,370.5,,False,False,False,9,10
MNQ_v5,2025-05-06 15:03:00+02:00,2025-05-06 15:10:00+02:00,Long,7.0,16822,16823,1,19817.75,19801.25,-236.18,Stop Loss,Stop Loss,16.5,1.697,-1.182,16823.0,16823.0,,0.0,0.0,-244.86,-244.86,,0.0,,True,True,True,15,15
MNQ_v5,2025-05-06 15:52:00+02:00,2025-05-06 16:06:00+02:00,Short,1.0,16829,16831,2,19771.25,19835.5,-129.24,Canal Exit,Canal Exit,93.25,0.354,-0.796,16830.0,16831.0,,1.0,1.0,-58.98,-129.98,,-71.0,,False,False,False,15,16
MNQ_v5,2025-05-07 01:10:00+02:00,2025-05-07 02:27:00+02:00,Short,1.0,16901,16912,11,20038.0,20098.0,-120.74,Stop Loss,Stop Loss,60.0,0.55,-1.083,16912.0,16912.0,,0.0,0.0,-105.98,-105.98,,0.0,,False,False,True,1,2
MNQ_v5,2025-05-07 02:48:00+02:00,2025-05-07 03:44:00+02:00,Long,1.0,16915,16923,8,20092.25,20052.5,-80.24,Canal Exit,Canal Exit,87.25,0.169,-0.679,16918.0,16923.0,16921.0,5.0,5.0,-46.48,-80.98,-92.48,-34.5,-12.24,True,False,False,2,3
MNQ_v5,2025-05-07 07:00:00+02:00,2025-05-07 07:21:00+02:00,Short,2.0,16951,16954,3,19991.25,19984.25,26.52,Canal Exit,Canal Exit,44.25,0.175,-0.548,16953.0,16954.0,,1.0,1.0,-44.96,25.04,,70.0,,False,False,False,7,7
MNQ_v5,2025-05-07 08:59:00+02:00,2025-05-07 09:34:00+02:00,Long,3.0,16968,16973,5,19986.25,19998.0,68.28,Canal Exit,Canal Exit,33.75,0.852,-0.385,16972.0,16973.0,,1.0,1.0,120.06,66.06,,-54.0,,True,True,False,8,9
MNQ_v5,2025-05-07 13:39:00+02:00,2025-05-07 14:35:00+02:00,Short,3.0,17008,17016,8,19992.25,19934.0,347.28,Canal Exit,Canal Exit,38.0,2.197,-0.263,17014.0,17016.0,,2.0,2.0,384.06,345.06,,-39.0,,False,False,False,13,14
MNQ_v5,2025-05-07 17:51:00+02:00,2025-05-07 18:40:00+02:00,Long,1.0,17044,17051,7,19854.0,19864.0,19.26,Canal Exit,Canal Exit,69.25,0.3,-0.845,17050.0,17051.0,,1.0,1.0,-26.98,18.52,,45.5,,True,True,False,17,18
MNQ_v5,2025-05-07 19:36:00+02:00,2025-05-07 21:14:00+02:00,Short,2.0,17059,17073,14,19871.0,19856.75,55.52,Canal Exit,Canal Exit,54.5,3.532,-0.601,17066.0,17073.0,17071.0,7.0,7.0,303.04,54.04,11.04,-249.0,-44.48,False,True,False,19,21
MNQ_v5,2025-05-08 20:25:00+02:00,2025-05-08 21:42:00+02:00,Long,2.0,17264,17275,11,20283.75,20234.5,-198.48,Stop Loss,Stop Loss,49.25,0.964,-1.249,,,17275.0,,,,,-206.96,,-8.48,,False,True,20,21
MNQ_v5,2025-05-09 01:31:00+02:00,2025-05-09 04:12:00+02:00,Short,2.0,17300,17323,23,20130.5,20182.5,-209.48,Stop Loss,Stop Loss,52.0,0.962,-1.048,,,17314.0,,,,,-14.96,,194.52,,True,True,1,4
MNQ_v5,2025-05-09 07:49:00+02:00,2025-05-09 10:30:00+02:00,Long,2.0,17354,17377,23,20201.5,20190.25,-46.48,Canal Exit,Canal Exit,45.0,0.683,-0.75,17373.0,17377.0,17363.0,4.0,4.0,-45.96,-47.96,-47.96,-2.0,-1.48,True,False,True,7,10
MNQ_v5,2025-05-09 15:59:00+02:00,2025-05-09 16:48:00+02:00,Short,3.0,17424,17431,7,20247.0,20117.0,777.78,Canal Exit,Canal Exit,32.75,5.786,-0.855,17430.0,17431.0,,1.0,1.0,886.56,775.56,,-111.0,,False,False,False,15,16
MNQ_v5,2025-05-12 00:00:00+02:00,2025-05-12 00:28:00+02:00,Long,1.0,17485,17489,4,20410.5,20411.0,0.26,Canal Exit,Canal Exit,290.75,0.229,-0.126,17488.0,17489.0,,1.0,1.0,16.02,-0.48,,-16.5,,True,True,False,0,0
MNQ_v5,2025-05-12 02:48:00+02:00,2025-05-12 08:52:00+02:00,Long,2.0,17509,17561,52,20498.0,20560.75,249.52,Canal Exit,Canal Exit,50.0,1.91,-0.19,17561.0,17561.0,17518.0,0.0,0.0,248.04,248.04,55.04,0.0,-194.48,True,True,False,2,8
MNQ_v5,2025-05-13 00:14:00+02:00,2025-05-13 01:24:00+02:00,Short,4.0,17685,17695,10,20938.25,20963.5,-204.96,Stop Loss,Stop Loss,25.25,0.98,-1.129,,,17695.0,,,,,-121.92,,83.04,,True,True,0,1
MNQ_v5,2025-05-13 04:33:00+02:00,2025-05-13 04:54:00+02:00,Short,3.0,17722,17725,3,20859.75,20872.5,-78.72,Canal Exit,Canal Exit,34.5,0.304,-0.449,17724.0,17725.0,,1.0,1.0,-29.94,-80.94,,-51.0,,False,False,False,4,4
MNQ_v5,2025-05-13 10:23:00+02:00,2025-05-13 10:44:00+02:00,Long,4.0,17772,17775,3,20852.75,20831.25,-174.96,Canal Exit,Canal Exit,27.5,0.909,-0.936,17775.0,17775.0,,0.0,0.0,-177.92,-177.92,,0.0,,True,True,True,10,10
MNQ_v5,2025-05-13 18:26:00+02:00,2025-05-13 21:56:00+02:00,Long,1.0,17841,17871,30,21301.75,21270.5,-63.24,Auto-Close (loss),Auto-Close (loss),71.0,0.637,-0.757,,,17849.0,,,,,21.52,,84.76,,False,True,18,21
MNQ_v5,2025-05-14 02:13:00+02:00,2025-05-14 03:58:00+02:00,Short,3.0,17900,17915,15,21271.5,21264.75,38.28,Canal Exit,Canal Exit,30.75,0.829,-0.415,17912.0,17915.0,17913.0,3.0,3.0,-68.94,36.06,-43.44,105.0,-81.72,False,True,False,2,3
MNQ_v5,2025-05-14 08:59:00+02:00,2025-05-14 09:20:00+02:00,Long,3.0,17958,17961,3,21341.0,21306.0,-212.22,Stop Loss,Stop Loss,35.0,0.336,-1.357,17961.0,17961.0,,0.0,0.0,-286.44,-286.44,,0.0,,True,True,False,8,9
MNQ_v5,2025-05-14 15:31:00+02:00,2025-05-14 15:45:00+02:00,Long,1.0,18014,18016,2,21387.75,21311.0,-154.24,Stop Loss,Stop Loss,76.75,0.221,-1.443,,,,,,,,,,,,True,False,15,15
MNQ_v5,2025-05-14 19:50:00+02:00,2025-05-14 21:49:00+02:00,Long,1.0,18051,18068,17,21361.5,21396.5,69.26,Canal Exit,Canal Exit,80.25,0.495,-0.377,18063.0,18068.0,18066.0,5.0,5.0,9.52,68.52,-18.98,59.0,-88.24,True,False,False,19,21
MNQ_v5,2025-05-15 00:56:00+02:00,2025-05-15 01:17:00+02:00,Long,20.0,18087,18090,3,21369.75,21364.0,-244.8,Stop Loss,Stop Loss,5.75,2.174,-2.043,,,,,,,,,,,,False,True,0,1
MNQ_v5,2025-05-15 03:23:00+02:00,2025-05-15 03:44:00+02:00,Short,4.0,18108,18111,3,21368.25,21374.5,-52.96,Canal Exit,Canal Exit,29.25,0.111,-0.299,18111.0,18111.0,,0.0,0.0,-55.92,-55.92,,0.0,,False,False,False,3,3
MNQ_v5,2025-05-15 04:26:00+02:00,2025-05-15 05:01:00+02:00,Long,7.0,18117,18122,5,21380.75,21405.25,337.82,Canal Exit,Canal Exit,15.75,2.016,-0.762,18121.0,18122.0,,1.0,1.0,329.14,332.64,,3.5,,True,True,False,4,5
MNQ_v5,2025-05-15 06:53:00+02:00,2025-05-15 07:07:00+02:00,Long,9.0,18138,18140,2,21384.25,21372.25,-222.66,Stop Loss,Stop Loss,12.0,0.396,-1.354,,,,,,,,,,,,True,False,6,7
MNQ_v5,2025-05-15 07:28:00+02:00,2025-05-15 09:55:00+02:00,Short,2.0,18143,18164,21,21337.75,21281.5,223.52,Canal Exit,Canal Exit,51.25,1.42,-0.6,18160.0,18164.0,18152.0,4.0,4.0,89.04,222.04,-60.96,133.0,-284.48,False,False,False,7,9
MNQ_v5,2025-05-15 16:55:00+02:00,2025-05-15 17:30:00+02:00,Long,1.0,18224,18229,5,21335.75,21396.5,120.76,Canal Exit,Canal Exit,87.5,0.997,-0.234,18228.0,18229.0,,1.0,1.0,139.52,120.02,,-19.5,,True,True,False,16,17
MNQ_v5,2025-05-16 15:24:00+02:00,2025-05-16 15:31:00+02:00,Long,10.0,18409,18410,1,21435.25,21424.0,-232.4,Stop Loss,Stop Loss,11.25,6.156,-2.4,,,,,,,,,,,,False,True,15,15
MNQ_v5,2025-05-16 18:54:00+02:00,2025-05-16 19:15:00+02:00,Short,4.0,18439,18442,3,21423.75,21451.5,-224.96,Stop Loss,Stop Loss,27.75,0.171,-1.523,,,,,,,,,,,,False,False,18,19
MNQ_v5,2025-05-19 02:13:00+02:00,2025-05-19 02:41:00+02:00,Short,1.0,18494,18498,4,21334.0,21279.75,107.76,Canal Exit,Canal Exit,83.5,0.838,-0.03,18498.0,18498.0,,0.0,0.0,107.02,107.02,,0.0,,False,False,False,2,2
MNQ_v5,2025-05-19 03:58:00+02:00,2025-05-19 09:55:00+02:00,Short,3.0,18509,18560,51,21276.5,21189.0,522.78,Canal Exit,Canal Exit,32.75,3.496,-0.725,18556.0,18560.0,18531.0,4.0,4.0,400.56,520.56,277.56,120.0,-245.22,False,True,False,3,9
MNQ_v5,2025-05-19 10:16:00+02:00,2025-05-19 10:44:00+02:00,Short,1.0,18563,18567,4,21157.0,21138.25,36.76,Canal Exit,Canal Exit,69.75,0.642,-0.183,18565.0,18567.0,,2.0,2.0,63.52,36.02,,-27.5,,False,False,False,10,10
MNQ_v5,2025-05-19 18:19:00+02:00,2025-05-19 21:56:00+02:00,Long,1.0,18632,18663,31,21455.5,21523.0,134.26,Auto-Close (profit),Auto-Close (profit),75.5,1.192,-0.301,,,18646.0,,,,,90.52,,-43.74,,True,False,18,21
MNQ_v5,2025-05-20 01:17:00+02:00,2025-05-20 01:45:00+02:00,Long,4.0,18684,18688,4,21524.5,21548.0,185.04,Canal Exit,Canal Exit,27.25,1.339,-0.321,18688.0,18688.0,,0.0,0.0,182.08,182.08,,0.0,,True,True,False,1,1
MNQ_v5,2025-05-20 08:59:00+02:00,2025-05-20 09:34:00+02:00,Long,6.0,18750,18755,5,21411.5,21442.5,367.56,Canal Exit,Canal Exit,18.0,3.778,-0.181,18754.0,18755.0,,1.0,1.0,546.12,363.12,,-183.0,,True,True,False,8,9
MNQ_v5,2025-05-20 09:55:00+02:00,2025-05-20 12:36:00+02:00,Short,4.0,18758,18781,23,21455.5,21440.75,115.04,Canal Exit,Canal Exit,24.0,1.812,-0.24,18775.0,18781.0,18778.0,6.0,6.0,188.08,112.08,42.08,-76.0,-72.96,False,True,False,9,12
MNQ_v5,2025-05-20 15:10:00+02:00,2025-05-20 15:24:00+02:00,Long,3.0,18803,18805,2,21450.25,21418.0,-195.72,Stop Loss,Stop Loss,32.25,0.24,-1.419,,,,,,,,,,,,False,False,15,15
MNQ_v5,2025-05-20 17:37:00+02:00,2025-05-20 18:33:00+02:00,Short,2.0,18824,18832,8,21405.25,21451.25,-185.48,Stop Loss,Stop Loss,46.0,0.332,-1.277,,,18828.0,,,,,-28.96,,156.52,,True,False,17,18
MNQ_v5,2025-05-21 00:56:00+02:00,2025-05-21 01:24:00+02:00,Long,1.0,18879,18883,4,21415.75,21415.5,-1.24,Canal Exit,Canal Exit,73.0,0.137,-0.281,18882.0,18883.0,,1.0,1.0,2.52,-1.98,,-4.5,,True,True,False,0,1
MNQ_v5,2025-05-21 07:42:00+02:00,2025-05-21 08:17:00+02:00,Short,2.0,18937,18942,5,21343.75,21324.75,74.52,Canal Exit,Canal Exit,40.75,0.988,-0.337,18942.0,18942.0,,0.0,0.0,73.04,73.04,,0.0,,False,False,False,7,8
MNQ_v5,2025-05-21 10:30:00+02:00,2025-05-21 12:08:00+02:00,Short,2.0,18961,18975,14,21295.0,21263.5,124.52,Canal Exit,Canal Exit,53.75,0.921,-0.763,18975.0,18975.0,,0.0,0.0,123.04,123.04,,0.0,,False,False,False,10,12
MNQ_v5,2025-05-21 15:38:00+02:00,2025-05-21 16:06:00+02:00,Long,1.0,19005,19009,4,21363.5,21381.5,35.26,Canal Exit,Canal Exit,102.5,0.751,-0.412,19008.0,19009.0,,1.0,1.0,73.52,34.52,,-39.0,,True,True,False,15,16
MNQ_v5,2025-05-22 04:54:00+02:00,2025-05-22 07:56:00+02:00,Long,6.0,19111,19137,26,21163.0,21184.5,253.56,Canal Exit,Canal Exit,18.0,2.194,-0.722,19135.0,19137.0,19123.0,2.0,2.0,390.12,249.12,21.12,-141.0,-232.44,True,True,False,4,7
MNQ_v5,2025-05-22 10:09:00+02:00,2025-05-22 10:30:00+02:00,Long,4.0,19156,19159,3,21200.75,21198.25,-22.96,Canal Exit,Canal Exit,29.0,0.716,-0.517,19159.0,19159.0,,0.0,0.0,-25.92,-25.92,,0.0,,True,True,True,10,10
MNQ_v5,2025-05-22 13:32:00+02:00,2025-05-22 14:14:00+02:00,Short,1.0,19185,19191,6,21164.5,21064.0,200.26,Canal Exit,Canal Exit,79.25,1.58,-0.382,19188.0,19191.0,,3.0,3.0,163.02,199.52,,36.5,,False,False,False,13,14
MNQ_v5,2025-05-22 18:40:00+02:00,2025-05-22 19:15:00+02:00,Short,1.0,19229,19234,5,21244.25,21240.5,6.76,Canal Exit,Canal Exit,80.5,0.593,-0.283,19232.0,19234.0,,2.0,2.0,74.52,6.02,,-68.5,,False,False,False,18,19
MNQ_v5,2025-05-22 21:00:00+02:00,2025-05-22 21:28:00+02:00,Long,1.0,19249,19253,4,21322.0,21303.0,-38.74,Canal Exit,Canal Exit,125.5,0.125,-0.225,19251.0,19253.0,,2.0,2.0,-18.98,-39.48,,-20.5,,False,True,False,21,21
MNQ_v5,2025-05-23 07:14:00+02:00,2025-05-23 07:49:00+02:00,Long,3.0,19329,19334,5,21176.75,21143.0,-204.72,Stop Loss,Stop Loss,33.75,0.133,-1.17,19334.0,,,0.0,,-226.44,,,,,True,True,False,7,7
MNQ_v5,2025-05-26 15:31:00+02:00,2025-05-26 16:27:00+02:00,Long,2.0,19598,19606,8,21296.25,21250.0,-186.48,Stop Loss,Stop Loss,46.25,0.249,-1.211,19602.0,,19605.0,4.0,,-109.96,,-98.96,,87.52,True,False,False,15,16
MNQ_v5,2025-05-27 03:16:00+02:00,2025-05-27 03:44:00+02:00,Short,2.0,19656,19660,4,21190.0,21178.0,46.52,Canal Exit,Canal Exit,52.5,0.295,-0.233,19658.0,19660.0,,2.0,2.0,23.04,45.04,,22.0,,False,False,False,3,3
MNQ_v5,2025-05-27 05:22:00+02:00,2025-05-27 07:21:00+02:00,Short,5.0,19674,19691,17,21168.5,21189.0,-208.7,Stop Loss,Stop Loss,20.5,1.293,-1.134,,,19684.0,,,,,-52.4,,156.3,,True,True,5,7
MNQ_v5,2025-05-28 02:06:00+02:00,2025-05-28 06:11:00+02:00,Short,4.0,19844,19879,35,21459.75,21442.0,139.04,Canal Exit,Canal Exit,25.0,0.85,-0.97,19877.0,19879.0,19853.0,2.0,2.0,104.08,136.08,-117.92,32.0,-256.96,False,False,False,2,6
MNQ_v5,2025-05-28 10:44:00+02:00,2025-05-28 10:51:00+02:00,Long,13.0,19918,19919,1,21427.75,21418.75,-243.62,Stop Loss,Stop Loss,9.0,1.333,-1.222,,,,,,,,,,,,False,True,10,10
MNQ_v5,2025-05-28 15:38:00+02:00,2025-05-28 15:45:00+02:00,Long,2.0,19960,19961,1,21541.75,21484.5,-230.48,Stop Loss,Stop Loss,57.25,0.402,-1.297,,,,,,,,,,,,False,False,15,15
MNQ_v5,2025-05-28 19:01:00+02:00,2025-05-28 19:08:00+02:00,Short,18.0,19989,19990,1,21476.5,21483.0,-247.32,Stop Loss,Stop Loss,6.5,2.654,-1.731,,,,,,,,,,,,True,True,19,19
MNQ_v5,2025-05-29 03:58:00+02:00,2025-05-29 10:58:00+02:00,Long,1.0,20058,20118,60,21790.75,21791.75,1.26,Canal Exit,Canal Exit,77.25,0.88,-0.576,20111.0,20118.0,20069.0,7.0,7.0,62.02,0.52,27.52,-61.5,26.26,True,False,False,3,10
MNQ_v5,2025-05-29 15:38:00+02:00,2025-05-29 16:06:00+02:00,Short,1.0,20158,20162,4,21526.5,21403.5,245.26,Canal Exit,Canal Exit,166.5,0.787,-0.335,20162.0,20162.0,,0.0,0.0,244.52,244.52,,0.0,,False,False,False,15,16
MNQ_v5,2025-05-29 17:44:00+02:00,2025-05-29 21:56:00+02:00,Short,1.0,20176,20212,36,21444.25,21411.75,64.26,Auto-Close (profit),Auto-Close (profit),77.75,1.842,-0.511,,,20185.0,,,,,6.02,,-58.24,,True,False,17,21
MNQ_v5,2025-05-30 01:17:00+02:00,2025-05-30 01:31:00+02:00,Long,4.0,20233,20235,2,21364.0,21341.75,-180.96,Canal Exit,Canal Exit,28.75,0.191,-0.791,20235.0,20235.0,,0.0,0.0,-183.92,-183.92,,0.0,,True,True,False,1,1
MNQ_v5,2025-05-30 02:20:00+02:00,2025-05-30 03:02:00+02:00,Long,4.0,20242,20248,6,21341.25,21313.5,-224.96,Stop Loss,Stop Loss,27.75,0.568,-2.631,20248.0,20248.0,,0.0,0.0,-101.92,-101.92,,0.0,,True,True,True,2,3
MNQ_v5,2025-05-30 03:23:00+02:00,2025-05-30 04:12:00+02:00,Short,3.0,20251,20258,7,21325.5,21342.75,-105.72,Canal Exit,Canal Exit,31.5,0.913,-0.881,20253.0,20258.0,20256.0,5.0,5.0,-79.44,-107.94,-157.44,-28.5,-51.72,False,True,True,3,4
MNQ_v5,2025-05-30 10:51:00+02:00,2025-05-30 10:58:00+02:00,Short,3.0,20315,20316,1,21361.75,21376.0,-87.72,Canal Exit,Canal Exit,34.25,0.153,-0.635,20316.0,20316.0,,0.0,0.0,-89.94,-89.94,,0.0,,False,False,False,10,10
MNQ_v5,2025-05-30 12:57:00+02:00,2025-05-30 13:18:00+02:00,Long,3.0,20333,20336,3,21386.75,21401.0,83.28,Canal Exit,Canal Exit,36.5,0.952,-0.466,20336.0,20336.0,,0.0,0.0,81.06,81.06,,0.0,,True,True,False,12,13
MNQ_v5,2025-05-30 13:46:00+02:00,2025-05-30 14:28:00+02:00,Short,4.0,20340,20346,6,21397.25,21351.0,367.04,Canal Exit,Canal Exit,24.25,7.062,-0.938,20346.0,20346.0,,0.0,0.0,364.08,364.08,,0.0,,False,False,False,13,14
MNQ_v5,2025-05-30 15:03:00+02:00,2025-05-30 15:45:00+02:00,Long,1.0,20351,20357,6,21330.0,21257.25,-146.24,Stop Loss,Stop Loss,72.75,0.835,-1.196,20357.0,,,0.0,,-172.98,,,,,True,True,True,15,15
MNQ_v5,2025-05-30 17:09:00+02:00,2025-05-30 18:05:00+02:00,Short,2.0,20369,20377,8,21347.75,21331.5,63.52,Canal Exit,Canal Exit,51.75,1.155,-0.604,20377.0,20377.0,,0.0,0.0,62.04,62.04,,0.0,,False,False,False,17,18
MNQ_v5,2025-06-02 05:08:00+02:00,2025-06-02 05:36:00+02:00,Short,1.0,20464,20468,4,21245.0,21244.5,0.26,Canal Exit,Canal Exit,68.25,0.114,-0.201,20465.0,20468.0,,3.0,3.0,-24.48,-0.48,,24.0,,False,False,False,5,5
MNQ_v5,2025-06-02 07:00:00+02:00,2025-06-02 08:59:00+02:00,Short,6.0,20480,20497,17,21236.75,21254.5,-217.44,Stop Loss,Stop Loss,17.75,2.183,-1.648,,,20495.0,,,,,-23.88,,193.56,,True,True,7,8
MNQ_v5,2025-06-02 19:01:00+02:00,2025-06-02 21:56:00+02:00,Long,1.0,20583,20608,25,21460.0,21533.25,145.76,Auto-Close (profit),Auto-Close (profit),104.0,0.865,-0.341,,,20605.0,,,,,101.02,,-44.74,,False,False,19,21
MNQ_v5,2025-06-03 04:19:00+02:00,2025-06-03 04:33:00+02:00,Short,2.0,20655,20657,2,21456.0,21468.75,-52.48,Canal Exit,Canal Exit,41.75,0.323,-0.461,20657.0,20657.0,,0.0,0.0,-53.96,-53.96,,0.0,,False,False,False,4,4
MNQ_v5,2025-06-03 05:22:00+02:00,2025-06-03 10:09:00+02:00,Short,2.0,20664,20705,41,21438.75,21423.0,61.52,Canal Exit,Canal Exit,59.0,0.585,-0.716,20703.0,20705.0,20679.0,2.0,2.0,6.04,60.04,-96.96,54.0,-158.48,False,False,False,5,10
MNQ_v5,2025-06-03 10:44:00+02:00,2025-06-03 11:33:00+02:00,Long,3.0,20710,20717,7,21436.5,21462.75,155.28,Canal Exit,Canal Exit,38.25,0.719,-0.176,20715.0,20717.0,,2.0,2.0,87.06,153.06,,66.0,,True,True,False,10,11
MNQ_v5,2025-06-03 18:26:00+02:00,2025-06-03 18:54:00+02:00,Long,1.0,20776,20780,4,21725.5,21733.25,14.76,Canal Exit,Canal Exit,68.5,0.325,-0.372,20780.0,20780.0,,0.0,0.0,14.02,14.02,,0.0,,True,True,False,18,18
MNQ_v5,2025-06-03 20:39:00+02:00,2025-06-03 21:56:00+02:00,Long,1.0,20795,20806,11,21705.5,21704.0,-3.74,Auto-Close (loss),Auto-Close (loss),70.5,0.291,-0.578,,,,,,,,,,,,True,False,20,21
MNQ_v5,2025-06-04 02:48:00+02:00,2025-06-04 03:02:00+02:00,Long,6.0,20840,20842,2,21715.0,21702.25,-157.44,Canal Exit,Canal Exit,19.5,0.077,-0.897,20841.0,20842.0,,1.0,1.0,-131.88,-161.88,,-30.0,,True,True,False,2,3
MNQ_v5,2025-06-04 03:23:00+02:00,2025-06-04 04:19:00+02:00,Short,12.0,20845,20853,8,21707.25,21673.75,795.12,Canal Exit,Canal Exit,9.25,4.351,-0.27,20850.0,20853.0,,3.0,3.0,792.24,786.24,,-6.0,,False,False,False,3,4
MNQ_v5,2025-06-04 06:53:00+02:00,2025-06-04 07:28:00+02:00,Short,7.0,20875,20880,5,21678.0,21693.75,-225.68,Stop Loss,Stop Loss,15.75,0.317,-1.111,,,,,,,,,,,,False,False,6,7
MNQ_v5,2025-06-04 09:34:00+02:00,2025-06-04 10:23:00+02:00,Long,4.0,20898,20905,7,21700.25,21728.5,223.04,Canal Exit,Canal Exit,25.75,1.883,-0.311,20904.0,20905.0,,1.0,1.0,272.08,220.08,,-52.0,,True,True,False,9,10
MNQ_v5,2025-06-04 13:04:00+02:00,2025-06-04 14:14:00+02:00,Long,5.0,20928,20938,10,21741.25,21718.0,-236.2,Stop Loss,Stop Loss,23.25,1.161,-1.774,,,,,,,,,,,,True,True,13,14
MNQ_v5,2025-06-04 15:10:00+02:00,2025-06-04 16:06:00+02:00,Long,4.0,20946,20954,8,21706.5,21677.5,-234.96,Stop Loss,Stop Loss,29.0,3.0,-2.259,20952.0,,,2.0,,360.08,,,,,True,True,True,15,16
MNQ_v5,2025-06-04 17:02:00+02:00,2025-06-04 17:16:00+02:00,Long,1.0,20962,20964,2,21777.25,21763.5,-28.24,Canal Exit,Canal Exit,136.25,0.055,-0.15,20963.0,20964.0,,1.0,1.0,-5.48,-28.98,,-23.5,,True,True,False,17,17
MNQ_v5,2025-06-05 02:55:00+02:00,2025-06-05 04:19:00+02:00,Short,4.0,21039,21051,12,21749.25,21743.5,43.04,Canal Exit,Canal Exit,25.0,0.7,-0.38,21047.0,21051.0,21050.0,4.0,4.0,-11.92,40.08,0.08,52.0,-42.96,False,True,False,2,4
MNQ_v5,2025-06-05 15:31:00+02:00,2025-06-05 16:13:00+02:00,Short,1.0,21147,21153,6,21790.25,21726.0,127.76,Canal Exit,Canal Exit,108.75,0.906,-0.434,21153.0,21153.0,,0.0,0.0,127.02,127.02,,0.0,,False,False,False,15,16
MNQ_v5,2025-06-05 19:29:00+02:00,2025-06-05 20:11:00+02:00,Long,1.0,21181,21187,6,21783.75,21660.0,-248.24,Stop Loss,Stop Loss,123.75,0.048,-1.432,,,,,,,,,,,,True,False,19,20
MNQ_v5,2025-06-06 08:59:00+02:00,2025-06-06 12:29:00+02:00,Long,3.0,21289,21319,30,21668.75,21682.25,78.78,Canal Exit,Canal Exit,39.5,0.665,-0.778,21319.0,21319.0,21293.0,0.0,0.0,76.56,76.56,-5.94,0.0,-84.72,True,True,False,8,12
MNQ_v5,2025-06-06 13:25:00+02:00,2025-06-06 15:03:00+02:00,Long,4.0,21327,21341,14,21669.0,21763.75,755.04,Canal Exit,Canal Exit,26.75,4.318,-0.935,21339.0,21341.0,,2.0,2.0,724.08,752.08,,28.0,,True,True,False,13,15
MNQ_v5,2025-06-06 18:05:00+02:00,2025-06-06 18:40:00+02:00,Long,2.0,21367,21372,5,21824.0,21767.75,-226.48,Stop Loss,Stop Loss,56.25,0.173,-1.351,,,21372.0,,,,,-241.96,,-15.48,,False,False,18,18
MNQ_v5,2025-06-06 20:53:00+02:00,2025-06-06 21:42:00+02:00,Short,2.0,21391,21398,7,21835.0,21797.75,147.52,Canal Exit,Canal Exit,45.0,0.983,-0.383,21398.0,21398.0,,0.0,0.0,146.04,146.04,,0.0,,False,False,False,20,21
MNQ_v5,2025-06-09 02:34:00+02:00,2025-06-09 09:13:00+02:00,Short,4.0,21432,21489,57,21755.5,21752.25,23.04,Canal Exit,Canal Exit,27.75,1.405,-0.658,21486.0,21489.0,21445.0,3.0,3.0,-85.92,20.08,130.08,106.0,107.04,True,True,False,2,9
MNQ_v5,2025-06-09 17:02:00+02:00,2025-06-09 18:05:00+02:00,Short,4.0,21556,21565,9,21864.5,21816.5,381.04,Canal Exit,Canal Exit,28.0,1.83,-0.161,21562.0,21565.0,,3.0,3.0,208.08,378.08,,170.0,,False,False,False,17,18
MNQ_v5,2025-06-09 18:33:00+02:00,2025-06-09 19:43:00+02:00,Long,2.0,21569,21579,10,21855.25,21869.0,53.52,Canal Exit,Canal Exit,42.0,0.69,-0.5,21575.0,21579.0,21579.0,4.0,4.0,-11.96,52.04,52.04,64.0,-1.48,True,False,False,18,19
MNQ_v5,2025-06-10 00:56:00+02:00,2025-06-10 02:27:00+02:00,Short,9.0,21616,21629,13,21831.0,21844.0,-240.66,Stop Loss,Stop Loss,13.0,1.231,-1.077,,,21624.0,,,,,-76.32,,164.34,,False,True,0,2
MNQ_v5,2025-06-10 15:45:00+02:00,2025-06-10 17:30:00+02:00,Long,2.0,21743,21758,15,21873.5,21818.0,-223.48,Stop Loss,Stop Loss,55.5,0.356,-2.351,21750.0,,21755.0,8.0,,-45.96,,-25.96,,197.52,True,False,False,15,17
MNQ_v5,2025-06-10 17:51:00+02:00,2025-06-10 19:08:00+02:00,Long,1.0,21761,21772,11,21866.5,21924.5,115.26,Canal Exit,Canal Exit,123.5,0.518,-0.061,21767.0,21772.0,,5.0,5.0,70.52,114.52,,44.0,,True,True,False,17,19
MNQ_v5,2025-06-11 00:07:00+02:00,2025-06-11 03:02:00+02:00,Long,2.0,21807,21832,25,21953.75,21910.75,-173.48,Stop Loss,Stop Loss,43.0,1.122,-1.099,,,21823.0,,,,,-17.96,,155.52,,False,True,0,3
MNQ_v5,2025-06-11 15:17:00+02:00,2025-06-11 16:48:00+02:00,Short,2.0,21937,21950,13,22021.25,22055.5,-138.48,Canal Exit,Canal Exit,47.25,2.249,-0.767,21944.0,21950.0,21948.0,6.0,6.0,36.04,-139.96,-85.96,-176.0,52.52,False,True,True,15,16
MNQ_v5,2025-06-11 17:30:00+02:00,2025-06-11 18:19:00+02:00,Short,2.0,21956,21963,7,22018.0,21953.25,257.52,Canal Exit,Canal Exit,48.75,2.272,-0.195,21958.0,21963.0,,5.0,5.0,92.04,256.04,,164.0,,False,False,False,17,18
MNQ_v5,2025-06-11 19:57:00+02:00,2025-06-11 20:18:00+02:00,Short,1.0,21977,21980,3,21860.25,21859.0,1.76,Canal Exit,Canal Exit,159.0,0.44,-0.48,21978.0,21980.0,,2.0,2.0,-47.98,1.02,,49.0,,False,False,False,19,20
MNQ_v5,2025-06-12 09:41:00+02:00,2025-06-12 10:09:00+02:00,Short,1.0,22087,22091,4,21795.0,21753.25,82.76,Canal Exit,Canal Exit,63.75,1.231,-0.424,22090.0,22091.0,,1.0,1.0,91.52,82.02,,-9.5,,False,False,False,9,10
MNQ_v5,2025-06-12 18:19:00+02:00,2025-06-12 21:49:00+02:00,Long,3.0,22161,22191,30,21931.5,21892.5,-236.22,Stop Loss,Stop Loss,39.0,0.949,-1.013,,,22172.0,,,,,127.56,,363.78,,True,True,18,21
MNQ_v5,2025-06-13 01:59:00+02:00,2025-06-13 02:34:00+02:00,Short,1.0,22219,22224,5,21658.0,21581.75,151.76,Canal Exit,Canal Exit,230.25,0.447,-0.81,22222.0,22224.0,,2.0,2.0,91.52,151.02,,59.5,,False,False,False,1,2
MNQ_v5,2025-06-13 04:33:00+02:00,2025-06-13 08:59:00+02:00,Short,1.0,22241,22279,38,21524.0,21619.75,-192.24,Stop Loss,Stop Loss,95.75,0.559,-1.063,,,22248.0,,,,,-47.48,,144.76,,True,True,4,8
MNQ_v5,2025-06-13 15:31:00+02:00,2025-06-13 15:59:00+02:00,Long,1.0,22335,22339,4,21754.5,21726.5,-56.74,Canal Exit,Canal Exit,128.5,0.325,-0.333,22338.0,22339.0,,1.0,1.0,-60.48,-57.48,,3.0,,True,True,False,15,15
MNQ_v5,2025-06-13 16:20:00+02:00,2025-06-13 16:34:00+02:00,Short,1.0,22342,22344,2,21657.0,21721.25,-129.24,Canal Exit,Canal Exit,139.25,0.284,-0.51,22344.0,22344.0,,0.0,0.0,-129.98,-129.98,,0.0,,False,False,False,16,16
MNQ_v5,2025-06-13 22:59:00+02:00,2025-06-16 00:42:00+02:00,Short,5.0,22399,22406,7,21654.0,21676.0,-223.7,Stop Loss,Stop Loss,22.0,6.773,-1.636,,,,,,,,,,,,False,True,22,0
MNQ_v5,2025-06-16 10:44:00+02:00,2025-06-16 11:12:00+02:00,Long,3.0,22492,22496,4,22007.75,21974.0,-204.72,Stop Loss,Stop Loss,33.75,0.111,-1.341,22495.0,,22496.0,1.0,,-140.94,,-187.44,,17.28,True,False,False,10,11
MNQ_v5,2025-06-16 15:45:00+02:00,2025-06-16 21:56:00+02:00,Long,1.0,22535,22588,53,22099.75,22176.0,151.76,Auto-Close (profit),Auto-Close (profit),88.0,1.418,-0.432,,,22547.0,,,,,207.02,,55.26,,True,False,15,21
MNQ_v5,2025-06-17 03:30:00+02:00,2025-06-17 04:47:00+02:00,Short,2.0,22628,22639,11,22058.5,22102.25,-176.48,Stop Loss,Stop Loss,43.75,0.851,-1.074,,,,,,,,,,,,False,True,3,4
MNQ_v5,2025-06-17 07:28:00+02:00,2025-06-17 09:06:00+02:00,Long,3.0,22662,22676,14,22089.0,22052.5,-221.22,Stop Loss,Stop Loss,36.5,0.938,-1.233,,,22675.0,,,,,-193.44,,27.78,,False,True,7,9
MNQ_v5,2025-06-17 13:04:00+02:00,2025-06-17 13:32:00+02:00,Long,2.0,22710,22714,4,22043.0,22066.25,91.52,Canal Exit,Canal Exit,47.25,0.593,-0.063,22713.0,22714.0,,1.0,1.0,55.04,90.04,,35.0,,True,True,False,13,13
MNQ_v5,2025-06-17 15:52:00+02:00,2025-06-17 16:27:00+02:00,Long,1.0,22734,22739,5,22088.75,22105.75,33.26,Canal Exit,Canal Exit,62.5,0.72,-0.46,22738.0,22739.0,,1.0,1.0,19.52,32.52,,13.0,,True,True,False,15,16
MNQ_v5,2025-06-17 18:05:00+02:00,2025-06-17 18:26:00+02:00,Long,2.0,22753,22756,3,22129.5,22116.75,-52.48,Canal Exit,Canal Exit,51.75,0.106,-0.744,22756.0,22756.0,,0.0,0.0,-53.96,-53.96,,0.0,,True,True,False,18,18
MNQ_v5,2025-06-17 18:47:00+02:00,2025-06-17 19:15:00+02:00,Short,1.0,22759,22763,4,22053.25,22028.75,48.26,Canal Exit,Canal Exit,81.75,0.48,-0.554,22761.0,22763.0,,2.0,2.0,35.02,47.52,,12.5,,False,False,False,18,19
MNQ_v5,2025-06-18 01:24:00+02:00,2025-06-18 01:52:00+02:00,Long,3.0,22808,22812,4,21895.25,21897.5,11.28,Canal Exit,Canal Exit,32.5,0.946,-0.315,22811.0,22812.0,,1.0,1.0,99.06,9.06,,-90.0,,True,True,False,1,1
MNQ_v5,2025-06-18 08:59:00+02:00,2025-06-18 09:34:00+02:00,Short,4.0,22873,22878,5,22005.5,22030.5,-202.96,Stop Loss,Stop Loss,25.0,0.26,-1.05,,,22878.0,,,,,-169.92,,33.04,,True,False,8,9
MNQ_v5,2025-06-18 10:51:00+02:00,2025-06-18 11:19:00+02:00,Long,4.0,22889,22893,4,22032.5,22047.5,117.04,Canal Exit,Canal Exit,27.0,1.213,-0.472,22893.0,22893.0,,0.0,0.0,114.08,114.08,,0.0,,True,True,False,10,11
MNQ_v5,2025-06-18 14:56:00+02:00,2025-06-18 15:03:00+02:00,Short,3.0,22924,22925,1,21992.75,22006.25,-83.22,Canal Exit,Canal Exit,37.75,0.252,-0.457,22925.0,22925.0,,0.0,0.0,-85.44,-85.44,,0.0,,False,False,False,14,15
MNQ_v5,2025-06-18 15:59:00+02:00,2025-06-18 16:34:00+02:00,Long,1.0,22933,22938,5,22018.5,22071.5,105.26,Canal Exit,Canal Exit,92.0,0.845,-0.413,22935.0,22938.0,,3.0,3.0,69.02,104.52,,35.5,,True,True,False,15,16
MNQ_v5,2025-06-19 01:03:00+02:00,2025-06-19 01:24:00+02:00,Long,4.0,23003,23006,3,21937.25,21926.0,-92.96,Canal Exit,Canal Exit,26.25,0.381,-0.6,23005.0,23006.0,,1.0,1.0,-19.92,-95.92,,-76.0,,True,True,False,1,1
MNQ_v5,2025-06-19 01:45:00+02:00,2025-06-19 03:02:00+02:00,Short,50.0,23009,23020,11,21952.0,21833.0,11863.0,Canal Exit,Canal Exit,2.25,72.0,-1.0,23017.0,23020.0,,3.0,3.0,4726.0,11826.0,,7100.0,,False,False,False,1,3
MNQ_v5,2025-06-19 17:37:00+02:00,2025-06-19 18:33:00+02:00,Short,3.0,23145,23153,8,21703.0,21741.0,-230.22,Stop Loss,Stop Loss,38.0,0.697,-1.026,,,23152.0,,,,,-176.94,,53.28,,True,True,17,18
MNQ_v5,2025-06-20 09:34:00+02:00,2025-06-20 10:44:00+02:00,Long,7.0,23239,23249,10,21908.25,21892.5,-225.68,Stop Loss,Stop Loss,15.75,2.619,-2.397,23246.0,,23249.0,3.0,,87.64,,-493.36,,-267.68,True,False,True,9,10
MNQ_v5,2025-06-20 19:22:00+02:00,2025-06-20 20:32:00+02:00,Short,1.0,23323,23333,10,21799.5,21875.25,-152.24,Canal Exit,Canal Exit,117.0,0.338,-0.865,23327.0,23333.0,23331.0,6.0,6.0,-59.98,-152.98,-189.48,-93.0,-37.24,False,True,False,19,20
MNQ_v5,2025-06-20 20:53:00+02:00,2025-06-20 21:56:00+02:00,Short,1.0,23336,23345,9,21816.5,21842.75,-53.24,Auto-Close (loss),Auto-Close (loss),84.25,0.22,-1.122,,,,,,,,,,,,False,False,20,21
MNQ_v5,2025-06-23 00:49:00+02:00,2025-06-23 02:34:00+02:00,Long,1.0,23362,23377,15,21744.0,21729.25,-30.24,Canal Exit,Canal Exit,182.0,0.17,-0.202,23373.0,23377.0,23377.0,4.0,4.0,-26.98,-30.98,-30.98,-4.0,-0.74,True,False,False,0,2
MNQ_v5,2025-06-23 07:14:00+02:00,2025-06-23 10:09:00+02:00,Long,2.0,23417,23442,25,21801.5,21917.75,463.52,Canal Exit,Canal Exit,44.5,3.219,-0.287,23434.0,23442.0,23429.0,8.0,8.0,115.04,462.04,36.04,347.0,-427.48,True,True,False,7,10
MNQ_v5,2025-06-23 19:01:00+02:00,2025-06-23 21:00:00+02:00,Long,1.0,23518,23535,17,21892.5,22055.5,325.26,Canal Exit,Canal Exit,154.0,1.282,-0.347,23525.0,23535.0,23532.0,10.0,10.0,316.02,324.52,309.52,8.5,-15.74,True,False,False,19,21
MNQ_v5,2025-06-24 03:09:00+02:00,2025-06-24 07:49:00+02:00,Long,2.0,23580,23620,40,22239.5,22290.25,201.52,Canal Exit,Canal Exit,45.5,1.396,-0.533,23620.0,23620.0,23591.0,0.0,0.0,200.04,200.04,-29.96,0.0,-231.48,True,True,False,3,7
MNQ_v5,2025-06-24 10:23:00+02:00,2025-06-24 13:18:00+02:00,Long,1.0,23642,23667,25,22331.5,22262.25,-139.24,Stop Loss,Stop Loss,69.25,0.3,-1.159,,,23658.0,,,,,-68.48,,70.76,,False,False,10,13
MNQ_v5,2025-06-24 19:50:00+02:00,2025-06-24 21:56:00+02:00,Long,2.0,23723,23741,18,22416.75,22405.25,-47.48,Auto-Close (loss),Auto-Close (loss),51.75,0.599,-0.401,,,23731.0,,,,,2.04,,49.52,,False,True,19,21
MNQ_v5,2025-06-25 02:55:00+02:00,2025-06-25 05:08:00+02:00,Short,7.0,23776,23795,19,22418.5,22413.0,71.82,Canal Exit,Canal Exit,16.25,1.6,-0.6,23784.0,23795.0,23790.0,11.0,11.0,308.14,66.64,210.14,-241.5,138.32,False,True,False,2,5
MNQ_v5,2025-06-25 05:50:00+02:00,2025-06-25 06:46:00+02:00,Short,7.0,23801,23809,8,22407.0,22422.75,-225.68,Stop Loss,Stop Loss,15.75,0.079,-1.111,,,23808.0,,,,,-174.86,,50.82,,True,False,5,6
MNQ_v5,2025-06-25 20:46:00+02:00,2025-06-25 21:56:00+02:00,Short,2.0,23929,23939,10,22414.75,22462.75,-193.48,Stop Loss,Stop Loss,48.0,0.151,-1.344,,,,,,,,,,,,True,False,20,21
MNQ_v5,2025-06-26 01:52:00+02:00,2025-06-26 03:51:00+02:00,Long,4.0,23965,23982,17,22465.75,22466.75,5.04,Canal Exit,Canal Exit,27.75,0.55,-0.387,23974.0,23982.0,23978.0,8.0,8.0,52.08,2.08,12.08,-50.0,7.04,True,False,False,1,3
MNQ_v5,2025-06-26 04:19:00+02:00,2025-06-26 05:36:00+02:00,Long,7.0,23986,23997,11,22478.5,22498.25,271.32,Canal Exit,Canal Exit,15.25,1.656,-0.607,23997.0,23997.0,,0.0,0.0,266.14,266.14,,0.0,,True,True,False,4,5
MNQ_v5,2025-06-26 06:18:00+02:00,2025-06-26 06:46:00+02:00,Short,10.0,24003,24007,4,22492.0,22503.75,-242.4,Stop Loss,Stop Loss,11.75,0.191,-1.064,,,,,,,,,,,,False,False,6,6
MNQ_v5,2025-06-26 07:49:00+02:00,2025-06-26 08:38:00+02:00,Long,6.0,24016,24023,7,22507.25,22522.75,181.56,Canal Exit,Canal Exit,17.5,1.0,-0.414,24022.0,24023.0,,1.0,1.0,117.12,177.12,,60.0,,True,True,False,7,8
MNQ_v5,2025-06-26 09:34:00+02:00,2025-06-26 10:02:00+02:00,Short,4.0,24031,24035,4,22531.0,22541.5,-86.96,Canal Exit,Canal Exit,26.25,0.21,-0.771,24035.0,24035.0,,0.0,0.0,-89.92,-89.92,,0.0,,False,False,False,9,10
MNQ_v5,2025-06-26 10:23:00+02:00,2025-06-26 10:44:00+02:00,Long,2.0,24038,24041,3,22568.0,22562.5,-23.48,Canal Exit,Canal Exit,42.25,0.219,-0.183,24040.0,24041.0,,1.0,1.0,-28.96,-24.96,,4.0,,True,True,False,10,10
MNQ_v5,2025-06-26 21:42:00+02:00,2025-06-26 21:56:00+02:00,Long,8.0,24135,24137,2,22666.5,22673.25,102.08,Auto-Close (profit),Auto-Close (profit),14.0,1.875,-1.464,,,,,,,,,,,,False,False,21,21
MNQ_v5,2025-06-27 01:10:00+02:00,2025-06-27 01:38:00+02:00,Short,4.0,24157,24161,4,22676.0,22684.5,-70.96,Canal Exit,Canal Exit,28.5,0.175,-0.465,24158.0,24161.0,,3.0,3.0,-85.92,-73.92,,12.0,,False,False,False,1,1
MNQ_v5,2025-06-27 07:00:00+02:00,2025-06-27 07:56:00+02:00,Long,14.0,24207,24215,8,22694.75,22710.5,430.64,Canal Exit,Canal Exit,8.0,2.938,-0.906,24215.0,24215.0,,0.0,0.0,420.28,420.28,,0.0,,True,True,False,7,7
MNQ_v5,2025-06-27 10:44:00+02:00,2025-06-27 14:49:00+02:00,Long,7.0,24239,24274,35,22739.25,22729.25,-145.18,Canal Exit,Canal Exit,16.25,2.969,-0.923,24264.0,24274.0,24246.0,10.0,10.0,441.14,-150.36,-59.36,-591.5,85.82,True,False,True,10,14
MNQ_v5,2025-06-27 16:55:00+02:00,2025-06-27 19:22:00+02:00,Short,1.0,24292,24313,21,22753.0,22770.75,-36.24,Canal Exit,Canal Exit,70.75,0.099,-0.947,24309.0,24313.0,24300.0,4.0,4.0,-76.98,-36.98,-116.98,40.0,-80.74,False,False,False,16,19
MNQ_v5,2025-06-30 02:41:00+02:00,2025-06-30 11:40:00+02:00,Long,3.0,24368,24445,77,22836.25,22894.0,344.28,Canal Exit,Canal Exit,32.5,2.454,-0.723,24445.0,24445.0,24373.0,0.0,0.0,342.06,342.06,-110.94,0.0,-455.22,True,True,False,2,11
MNQ_v5,2025-06-30 13:46:00+02:00,2025-06-30 14:21:00+02:00,Long,5.0,24463,24468,5,22903.25,22881.5,-221.2,Stop Loss,Stop Loss,21.75,0.115,-1.011,,,24467.0,,,,,-87.4,,133.8,,False,False,13,14
MNQ_v5,2025-06-30 20:53:00+02:00,2025-06-30 21:28:00+02:00,Long,1.0,24524,24529,5,22849.25,22880.75,62.26,Canal Exit,Canal Exit,69.25,0.639,-0.509,24528.0,24529.0,,1.0,1.0,71.52,61.52,,-10.0,,True,True,False,20,21
MNQ_v5,2025-07-01 09:34:00+02:00,2025-07-01 12:29:00+02:00,Short,3.0,24625,24650,25,22835.75,22826.5,53.28,Canal Exit,Canal Exit,30.25,0.76,-0.752,24647.0,24650.0,24634.0,3.0,3.0,-1.44,51.06,27.06,52.5,-26.22,False,True,False,9,12
MNQ_v5,2025-07-02 01:24:00+02:00,2025-07-02 03:44:00+02:00,Short,7.0,24753,24773,20,22711.5,22707.75,47.32,Canal Exit,Canal Exit,17.0,0.632,-0.632,24773.0,24773.0,,0.0,0.0,42.14,42.14,,0.0,,False,False,False,1,3
MNQ_v5,2025-07-02 15:24:00+02:00,2025-07-02 16:13:00+02:00,Long,1.0,24873,24880,7,22663.25,22759.5,191.76,Canal Exit,Canal Exit,78.5,1.296,-0.328,24876.0,24880.0,,4.0,4.0,107.02,191.02,,84.0,,True,True,False,15,16
MNQ_v5,2025-07-03 00:21:00+02:00,2025-07-03 00:35:00+02:00,Short,4.0,24942,24944,2,22836.0,22845.5,-78.96,Canal Exit,Canal Exit,27.0,0.167,-0.398,24943.0,24944.0,,1.0,1.0,-17.92,-81.92,,-64.0,,False,False,False,0,0
MNQ_v5,2025-07-03 00:56:00+02:00,2025-07-03 04:26:00+02:00,Long,7.0,24947,24977,30,22846.5,22831.5,-215.18,Stop Loss,Stop Loss,15.0,1.667,-1.3,24973.0,,24957.0,4.0,,-38.36,,21.14,,236.32,True,False,True,0,4
MNQ_v5,2025-07-03 06:04:00+02:00,2025-07-03 07:56:00+02:00,Short,7.0,24991,25007,16,22866.25,22867.5,-22.68,Canal Exit,Canal Exit,16.0,0.969,-0.547,25003.0,25007.0,,4.0,4.0,21.14,-27.86,,-49.0,,False,False,True,6,7
MNQ_v5,2025-07-04 03:58:00+02:00,2025-07-04 04:26:00+02:00,Short,4.0,25138,25142,4,23025.25,23006.5,147.04,Canal Exit,Canal Exit,24.5,1.357,-0.214,25142.0,25142.0,,0.0,0.0,144.08,144.08,,0.0,,False,False,False,3,4
MNQ_v5,2025-07-04 05:50:00+02:00,2025-07-04 09:55:00+02:00,Short,14.0,25154,25189,35,23011.5,22949.25,1732.64,Canal Exit,Canal Exit,8.0,8.625,-0.562,25185.0,25189.0,25167.0,4.0,4.0,1176.28,1722.28,252.28,546.0,-1480.36,False,False,False,5,9
MNQ_v5,2025-07-07 00:14:00+02:00,2025-07-07 00:35:00+02:00,Long,1.0,25269,25272,3,22999.0,22991.0,-16.74,Canal Exit,Canal Exit,103.5,0.087,-0.205,25271.0,25272.0,,1.0,1.0,-22.98,-17.48,,5.5,,True,True,False,0,0
MNQ_v5,2025-07-07 00:56:00+02:00,2025-07-07 01:17:00+02:00,Short,3.0,25275,25278,3,22966.0,23002.0,-218.22,Stop Loss,Stop Loss,36.0,0.167,-1.069,,,,,,,,,,,,False,False,0,1
MNQ_v5,2025-07-07 06:32:00+02:00,2025-07-07 07:28:00+02:00,Short,3.0,25323,25331,8,22951.75,22941.25,60.78,Canal Exit,Canal Exit,39.0,0.513,-0.442,25329.0,25331.0,,2.0,2.0,102.06,58.56,,-43.5,,False,False,False,6,7
MNQ_v5,2025-07-07 07:49:00+02:00,2025-07-07 08:10:00+02:00,Long,8.0,25334,25337,3,22945.75,22931.75,-229.92,Stop Loss,Stop Loss,14.0,0.464,-1.268,,,,,,,,,,,,True,False,7,8
MNQ_v5,2025-07-07 10:09:00+02:00,2025-07-07 10:44:00+02:00,Short,4.0,25354,25359,5,22924.5,22920.5,29.04,Canal Exit,Canal Exit,25.0,0.65,-0.45,25359.0,25359.0,,0.0,0.0,26.08,26.08,,0.0,,False,False,False,10,10
MNQ_v5,2025-07-07 18:40:00+02:00,2025-07-07 19:01:00+02:00,Short,1.0,25427,25430,3,22871.75,22868.75,5.26,Canal Exit,Canal Exit,91.0,0.242,-0.456,25429.0,25430.0,,1.0,1.0,-10.98,4.52,,15.5,,False,False,False,18,19
MNQ_v5,2025-07-07 20:18:00+02:00,2025-07-07 20:39:00+02:00,Short,1.0,25441,25444,3,22816.75,22853.0,-73.24,Canal Exit,Canal Exit,111.25,0.328,-0.357,25443.0,25444.0,,1.0,1.0,-13.98,-73.98,,-60.0,,False,False,False,20,20
MNQ_v5,2025-07-07 21:35:00+02:00,2025-07-07 21:56:00+02:00,Short,2.0,25452,25455,3,22845.5,22890.5,-181.48,Stop Loss,Stop Loss,45.0,0.106,-1.05,,,,,,,,,,,,True,False,21,21
MNQ_v5,2025-07-08 04:33:00+02:00,2025-07-08 05:01:00+02:00,Long,2.0,25504,25508,4,22936.5,22925.25,-46.48,Canal Exit,Canal Exit,51.0,0.044,-0.422,25508.0,25508.0,,0.0,0.0,-47.96,-47.96,,0.0,,True,True,False,4,5
MNQ_v5,2025-07-08 06:25:00+02:00,2025-07-08 06:46:00+02:00,Long,11.0,25520,25523,3,22921.0,22910.75,-233.64,Stop Loss,Stop Loss,10.25,0.61,-1.39,,,,,,,,,,,,False,True,6,6
MNQ_v5,2025-07-08 09:13:00+02:00,2025-07-08 09:34:00+02:00,Short,4.0,25544,25547,3,22924.25,22948.5,-196.96,Canal Exit,Canal Exit,27.5,0.245,-0.964,25546.0,25547.0,,1.0,1.0,-65.92,-199.92,,-134.0,,False,False,False,9,9
MNQ_v5,2025-07-08 09:55:00+02:00,2025-07-08 10:02:00+02:00,Long,3.0,25550,25551,1,22950.75,22945.5,-33.72,Canal Exit,Canal Exit,33.25,0.639,-0.203,25551.0,25551.0,,0.0,0.0,-35.94,-35.94,,0.0,,True,True,True,9,10
MNQ_v5,2025-07-08 10:23:00+02:00,2025-07-08 11:26:00+02:00,Short,4.0,25554,25563,9,22947.0,22934.75,95.04,Canal Exit,Canal Exit,25.0,0.73,-0.28,25558.0,25563.0,,5.0,5.0,0.08,92.08,,92.0,,False,False,False,10,11
MNQ_v5,2025-07-08 15:38:00+02:00,2025-07-08 16:13:00+02:00,Short,2.0,25599,25604,5,22905.25,22880.75,96.52,Canal Exit,Canal Exit,51.0,0.77,-0.387,25601.0,25604.0,,3.0,3.0,23.04,95.04,,72.0,,False,False,False,15,16
MNQ_v5,2025-07-08 18:54:00+02:00,2025-07-08 21:56:00+02:00,Short,2.0,25627,25653,26,22910.25,22891.75,72.52,Auto-Close (profit),Auto-Close (profit),52.5,0.767,-0.614,25647.0,,25637.0,6.0,,73.04,,-116.96,,-189.48,False,False,False,18,21
MNQ_v5,2025-07-09 04:40:00+02:00,2025-07-09 08:17:00+02:00,Short,6.0,25703,25734,31,22883.5,22859.75,280.56,Canal Exit,Canal Exit,17.25,2.333,-0.725,25734.0,25734.0,25717.0,0.0,0.0,276.12,276.12,69.12,0.0,-211.44,False,False,False,4,8
MNQ_v5,2025-07-09 13:18:00+02:00,2025-07-09 14:42:00+02:00,Long,5.0,25777,25789,12,22938.25,22954.5,158.8,Canal Exit,Canal Exit,22.25,0.73,-0.494,25783.0,25789.0,25787.0,6.0,6.0,-27.4,155.1,-17.4,182.5,-176.2,True,False,False,13,14
MNQ_v5,2025-07-10 00:07:00+02:00,2025-07-10 01:45:00+02:00,Long,4.0,25862,25876,14,23058.75,23031.25,-222.96,Stop Loss,Stop Loss,27.5,0.264,-1.045,,,25871.0,,,,,-89.92,,133.04,,False,False,0,1
MNQ_v5,2025-07-10 05:08:00+02:00,2025-07-10 09:48:00+02:00,Short,5.0,25905,25945,40,22998.5,23021.5,-233.7,Stop Loss,Stop Loss,23.0,0.891,-1.0,,,25919.0,,,,,55.1,,288.8,,True,True,5,9
MNQ_v5,2025-07-10 15:10:00+02:00,2025-07-10 15:31:00+02:00,Long,5.0,25991,25994,3,23055.25,23035.0,-206.2,Stop Loss,Stop Loss,20.25,1.704,-1.642,,,,,,,,,,,,True,True,15,15
MNQ_v5,2025-07-10 15:52:00+02:00,2025-07-10 16:13:00+02:00,Short,1.0,25997,26000,3,22942.75,22964.0,-43.24,Canal Exit,Canal Exit,147.0,0.284,-0.444,25998.0,26000.0,,2.0,2.0,53.02,-43.98,,-97.0,,False,False,False,15,16
MNQ_v5,2025-07-10 18:19:00+02:00,2025-07-10 19:29:00+02:00,Short,6.0,26018,26028,10,23005.75,23025.25,-238.44,Stop Loss,Stop Loss,19.5,1.41,-1.167,,,,,,,,,,,,False,True,18,19
MNQ_v5,2025-07-11 01:38:00+02:00,2025-07-11 01:52:00+02:00,Short,9.0,26073,26075,2,23033.5,23046.0,-231.66,Stop Loss,Stop Loss,12.5,0.1,-1.22,,,,,,,,,,,,False,False,1,1
MNQ_v5,2025-07-11 19:43:00+02:00,2025-07-11 19:57:00+02:00,Short,3.0,26228,26230,2,22989.0,23001.75,-78.72,Canal Exit,Canal Exit,32.75,0.725,-0.557,26229.0,26230.0,,1.0,1.0,-80.94,-80.94,,0.0,,False,False,True,19,19
MNQ_v5,2025-07-14 13:04:00+02:00,2025-07-14 13:11:00+02:00,Long,5.0,26369,26370,1,22891.25,22870.25,-213.7,Stop Loss,Stop Loss,21.0,0.048,-1.155,,,,,,,,,,,,False,False,13,13
MNQ_v5,2025-07-14 19:01:00+02:00,2025-07-14 21:56:00+02:00,Long,2.0,26420,26445,25,23044.75,23034.5,-42.48,Auto-Close (loss),Auto-Close (loss),45.25,0.508,-0.635,,,26429.0,,,,,11.04,,53.52,,False,True,19,21
MNQ_v5,2025-07-15 02:41:00+02:00,2025-07-15 03:37:00+02:00,Short,7.0,26478,26486,8,23003.25,23019.75,-236.18,Stop Loss,Stop Loss,16.5,0.424,-2.5,,,,,,,,,,,,False,False,2,3
MNQ_v5,2025-07-15 04:26:00+02:00,2025-07-15 05:57:00+02:00,Short,1.0,26493,26506,13,23057.25,23097.0,-80.24,Canal Exit,Canal Exit,116.5,0.155,-0.376,26501.0,26506.0,26504.0,5.0,5.0,-51.98,-80.98,-82.98,-29.0,-2.74,False,True,False,4,5
MNQ_v5,2025-07-15 09:13:00+02:00,2025-07-15 15:24:00+02:00,Long,10.0,26534,26587,53,23143.5,23206.5,1252.6,Canal Exit,Canal Exit,11.5,6.891,-0.978,26586.0,26587.0,26551.0,1.0,1.0,1420.2,1245.2,485.2,-175.0,-767.4,True,True,False,9,15
MNQ_v5,2025-07-15 15:45:00+02:00,2025-07-15 16:06:00+02:00,Short,1.0,26590,26593,3,23159.5,23185.5,-52.74,Canal Exit,Canal Exit,63.25,0.64,-0.458,26593.0,26593.0,,0.0,0.0,-53.48,-53.48,,0.0,,False,False,True,15,16
MNQ_v5,2025-07-15 18:33:00+02:00,2025-07-15 19:08:00+02:00,Short,2.0,26614,26619,5,23136.25,23105.0,123.52,Canal Exit,Canal Exit,44.75,1.201,-0.441,26616.0,26619.0,,3.0,3.0,-11.96,122.04,,134.0,,False,False,False,18,19
MNQ_v5,2025-07-15 20:46:00+02:00,2025-07-15 21:56:00+02:00,Short,2.0,26633,26643,10,23135.75,23052.0,333.52,Auto-Close (profit),Auto-Close (profit),44.25,2.153,-0.514,26638.0,26643.0,,5.0,5.0,188.04,371.04,,183.0,,False,False,False,20,21
MNQ_v5,2025-07-16 01:24:00+02:00,2025-07-16 03:58:00+02:00,Short,2.0,26665,26687,22,22988.75,23033.5,-180.48,Stop Loss,Stop Loss,44.75,0.251,-1.017,,,26678.0,,,,,-48.96,,131.52,,True,False,1,3
MNQ_v5,2025-07-16 19:43:00+02:00,2025-07-16 20:53:00+02:00,Short,3.0,26822,26832,10,23029.75,23068.0,-231.72,Stop Loss,Stop Loss,38.25,0.353,-1.157,,,26832.0,,,,,-263.94,,-32.22,,True,False,19,20
MNQ_v5,2025-07-17 03:37:00+02:00,2025-07-17 04:40:00+02:00,Short,6.0,26882,26891,9,23039.0,23024.5,169.56,Canal Exit,Canal Exit,19.75,0.873,-0.051,26888.0,26891.0,,3.0,3.0,66.12,165.12,,99.0,,False,False,False,3,4
MNQ_v5,2025-07-17 06:32:00+02:00,2025-07-17 06:53:00+02:00,Short,8.0,26907,26910,3,23027.5,23042.0,-237.92,Stop Loss,Stop Loss,14.5,0.052,-1.017,,,,,,,,,,,,False,False,6,6
MNQ_v5,2025-07-17 15:31:00+02:00,2025-07-17 15:52:00+02:00,Short,1.0,26984,26987,3,23089.5,23158.25,-138.24,Stop Loss,Stop Loss,68.75,0.345,-1.004,,,,,,,,,,,,False,False,15,15
MNQ_v5,2025-07-17 19:29:00+02:00,2025-07-17 20:11:00+02:00,Long,7.0,27018,27024,6,23256.0,23240.5,-222.18,Stop Loss,Stop Loss,15.5,1.613,-1.29,,,,,,,,,,,,False,True,19,20
MNQ_v5,2025-07-18 02:34:00+02:00,2025-07-18 03:16:00+02:00,Short,9.0,27071,27077,6,23273.0,23261.25,204.84,Canal Exit,Canal Exit,12.5,0.96,-0.2,27076.0,27077.0,,1.0,1.0,54.18,198.18,,144.0,,False,False,False,2,3
MNQ_v5,2025-07-18 03:51:00+02:00,2025-07-18 06:25:00+02:00,Long,13.0,27082,27104,22,23268.0,23276.75,217.88,Canal Exit,Canal Exit,8.75,2.2,-0.914,27093.0,27104.0,27098.0,11.0,11.0,266.76,208.26,253.76,-58.5,35.88,True,False,False,3,6
MNQ_v5,2025-07-18 06:46:00+02:00,2025-07-18 07:42:00+02:00,Long,25.0,27107,27115,8,23276.25,23305.0,1419.0,Canal Exit,Canal Exit,4.75,6.895,-0.632,27113.0,27115.0,,2.0,2.0,1450.5,1400.5,,-50.0,,True,True,False,6,7
MNQ_v5,2025-07-18 18:19:00+02:00,2025-07-18 19:43:00+02:00,Short,2.0,27206,27218,12,23201.0,23205.25,-18.48,Canal Exit,Canal Exit,52.0,0.596,-0.476,27212.0,27218.0,27217.0,6.0,6.0,43.04,-19.96,-65.96,-63.0,-47.48,False,True,True,18,19
MNQ_v5,2025-07-18 20:11:00+02:00,2025-07-18 20:25:00+02:00,Short,6.0,27222,27224,2,23203.75,23222.5,-229.44,Stop Loss,Stop Loss,18.75,0.573,-1.28,,,,,,,,,,,,True,True,20,20
MNQ_v5,2025-07-21 03:09:00+02:00,2025-07-21 03:30:00+02:00,Long,3.0,27274,27277,3,23274.5,23266.25,-51.72,Canal Exit,Canal Exit,35.75,0.098,-0.336,27277.0,27277.0,,0.0,0.0,-53.94,-53.94,,0.0,,True,True,False,3,3
MNQ_v5,2025-07-21 07:28:00+02:00,2025-07-21 07:35:00+02:00,Short,31.0,27311,27312,1,23271.75,23275.5,-255.44,Stop Loss,Stop Loss,3.75,1.2,-1.133,,,,,,,,,,,,True,True,7,7
MNQ_v5,2025-07-21 18:47:00+02:00,2025-07-21 21:42:00+02:00,Long,2.0,27408,27433,25,23403.5,23358.75,-180.48,Stop Loss,Stop Loss,44.75,0.447,-1.413,,,27420.0,,,,,29.04,,209.52,,False,False,18,21
MNQ_v5,2025-07-22 18:05:00+02:00,2025-07-22 19:22:00+02:00,Short,3.0,27600,27611,11,23201.25,23235.25,-206.22,Stop Loss,Stop Loss,34.0,1.235,-1.449,,,27611.0,,,,,-277.44,,-71.22,,True,True,18,19
MNQ_v5,2025-07-23 02:13:00+02:00,2025-07-23 03:44:00+02:00,Short,2.0,27662,27675,13,23221.25,23234.0,-52.48,Canal Exit,Canal Exit,45.75,0.557,-0.508,27670.0,27675.0,27673.0,5.0,5.0,-15.96,-53.96,-77.96,-38.0,-25.48,False,True,True,2,3
MNQ_v5,2025-07-23 04:19:00+02:00,2025-07-23 05:22:00+02:00,Short,6.0,27680,27689,9,23235.5,23253.75,-223.44,Stop Loss,Stop Loss,18.25,0.479,-1.082,27685.0,,27689.0,4.0,,-164.88,,-221.88,,1.56,False,True,False,4,5
MNQ_v5,2025-07-23 05:43:00+02:00,2025-07-23 06:11:00+02:00,Short,8.0,27692,27696,4,23241.0,23236.5,66.08,Canal Exit,Canal Exit,14.25,0.702,-0.316,27693.0,27696.0,,3.0,3.0,-15.84,60.16,,76.0,,False,False,False,5,6
MNQ_v5,2025-07-23 10:09:00+02:00,2025-07-23 11:12:00+02:00,Long,4.0,27730,27739,9,23268.0,23272.25,31.04,Canal Exit,Canal Exit,25.0,0.61,-0.29,27737.0,27739.0,,2.0,2.0,70.08,28.08,,-42.0,,True,True,False,10,11
MNQ_v5,2025-07-23 18:19:00+02:00,2025-07-23 20:11:00+02:00,Short,1.0,27800,27816,16,23204.75,23294.0,-179.24,Stop Loss,Stop Loss,89.25,0.126,-1.042,,,27811.0,,,,,-92.98,,86.26,,True,False,18,20
MNQ_v5,2025-07-24 01:10:00+02:00,2025-07-24 08:24:00+02:00,Long,4.0,27851,27913,62,23395.5,23376.0,-158.96,Canal Exit,Canal Exit,28.5,0.947,-0.816,27912.0,27913.0,27878.0,1.0,1.0,-131.92,-161.92,70.08,-30.0,229.04,True,True,True,1,8
MNQ_v5,2025-07-24 13:11:00+02:00,2025-07-24 14:28:00+02:00,Long,6.0,27954,27965,11,23382.5,23363.5,-232.44,Stop Loss,Stop Loss,19.0,1.079,-1.158,27959.0,,27965.0,6.0,,60.12,,-239.88,,-7.44,True,False,True,13,14
MNQ_v5,2025-07-24 16:20:00+02:00,2025-07-24 19:08:00+02:00,Short,1.0,27981,28005,24,23330.75,23400.75,-140.74,Stop Loss,Stop Loss,70.0,0.132,-1.182,28003.0,,27986.0,2.0,,-79.98,,-107.48,,33.26,False,True,False,16,19
MNQ_v5,2025-07-25 05:36:00+02:00,2025-07-25 06:25:00+02:00,Long,10.0,28087,28094,7,23432.0,23420.25,-242.4,Stop Loss,Stop Loss,11.75,0.468,-1.021,,,,,,,,,,,,False,False,5,6
MNQ_v5,2025-07-25 15:03:00+02:00,2025-07-25 15:38:00+02:00,Short,5.0,28168,28173,5,23363.5,23361.5,16.3,Canal Exit,Canal Exit,23.5,1.415,-0.638,28173.0,28173.0,,0.0,0.0,12.6,12.6,,0.0,,False,False,False,15,15
MNQ_v5,2025-07-25 20:18:00+02:00,2025-07-25 21:49:00+02:00,Long,4.0,28213,28226,13,23456.0,23428.5,-222.96,Stop Loss,Stop Loss,27.5,0.145,-1.745,,,28221.0,,,,,-35.92,,187.04,,False,False,20,21
MNQ_v5,2025-07-28 00:49:00+02:00,2025-07-28 03:02:00+02:00,Short,2.0,28244,28263,19,23514.0,23532.25,-74.48,Canal Exit,Canal Exit,43.5,0.149,-0.966,28261.0,28263.0,,2.0,2.0,-124.96,-75.96,,49.0,,False,False,False,0,3
MNQ_v5,2025-07-28 17:51:00+02:00,2025-07-28 19:08:00+02:00,Long,2.0,28390,28401,11,23495.0,23484.75,-42.48,Canal Exit,Canal Exit,58.0,0.22,-0.496,28395.0,28401.0,28400.0,6.0,6.0,-35.96,-43.96,-90.96,-8.0,-48.48,True,False,False,17,19
MNQ_v5,2025-07-29 02:13:00+02:00,2025-07-29 09:55:00+02:00,Long,14.0,28454,28520,66,23522.5,23577.5,1529.64,Canal Exit,Canal Exit,8.0,9.531,-1.0,28520.0,28520.0,28469.0,0.0,0.0,1519.28,1519.28,98.28,0.0,-1431.36,True,True,False,2,9
MNQ_v5,2025-07-29 16:06:00+02:00,2025-07-29 16:27:00+02:00,Short,1.0,28573,28576,3,23585.5,23556.5,57.26,Canal Exit,Canal Exit,66.75,0.7,-0.011,28575.0,28576.0,,1.0,1.0,65.52,56.52,,-9.0,,False,False,False,16,16
MNQ_v5,2025-07-29 19:43:00+02:00,2025-07-29 21:56:00+02:00,Short,2.0,28604,28623,19,23467.75,23457.0,41.52,Auto-Close (profit),Auto-Close (profit),56.5,0.81,-0.677,,,28613.0,,,,,-49.96,,-91.48,,False,False,19,21
MNQ_v5,2025-07-30 06:11:00+02:00,2025-07-30 09:06:00+02:00,Long,4.0,28686,28711,25,23504.5,23480.5,-194.96,Stop Loss,Stop Loss,24.0,0.26,-1.135,,,28707.0,,,,,14.08,,209.04,,False,False,6,9
MNQ_v5,2025-07-30 14:56:00+02:00,2025-07-30 15:03:00+02:00,Long,15.0,28761,28762,1,23481.75,23474.25,-236.1,Stop Loss,Stop Loss,7.5,2.933,-1.467,,,,,,,,,,,,False,True,14,15
MNQ_v5,2025-07-30 17:58:00+02:00,2025-07-30 18:26:00+02:00,Long,2.0,28787,28791,4,23523.0,23531.75,33.52,Canal Exit,Canal Exit,47.25,0.513,-0.138,28790.0,28791.0,,1.0,1.0,51.04,32.04,,-19.0,,True,True,False,17,18
MNQ_v5,2025-07-30 20:53:00+02:00,2025-07-30 21:14:00+02:00,Short,1.0,28812,28815,3,23412.0,23436.0,-48.74,Canal Exit,Canal Exit,177.75,0.321,-0.574,28814.0,28815.0,,1.0,1.0,-62.48,-49.48,,13.0,,False,False,False,20,21
MNQ_v5,2025-07-31 02:27:00+02:00,2025-07-31 09:55:00+02:00,Long,2.0,28852,28916,64,23733.5,23822.0,352.52,Canal Exit,Canal Exit,45.25,2.53,-0.017,28916.0,28916.0,28867.0,0.0,0.0,351.04,351.04,178.04,0.0,-174.48,True,True,False,2,9
MNQ_v5,2025-07-31 10:16:00+02:00,2025-07-31 10:44:00+02:00,Short,2.0,28919,28923,4,23803.25,23820.75,-71.48,Canal Exit,Canal Exit,44.75,0.073,-0.391,28923.0,28923.0,,0.0,0.0,-72.96,-72.96,,0.0,,False,False,False,10,10
MNQ_v5,2025-07-31 15:17:00+02:00,2025-07-31 15:52:00+02:00,Short,4.0,28962,28967,5,23782.0,23688.25,747.04,Canal Exit,Canal Exit,26.75,6.495,-0.262,28966.0,28967.0,,1.0,1.0,1006.08,744.08,,-262.0,,False,False,False,15,15
MNQ_v5,2025-07-31 18:47:00+02:00,2025-07-31 20:18:00+02:00,Short,2.0,28992,29005,13,23568.75,23387.75,722.52,Canal Exit,Canal Exit,48.25,5.451,-0.275,29004.0,29005.0,,1.0,1.0,951.04,721.04,,-230.0,,False,False,False,18,20
MNQ_v5,2025-07-31 20:39:00+02:00,2025-07-31 21:00:00+02:00,Long,1.0,29008,29011,3,23457.0,23441.0,-32.74,Canal Exit,Canal Exit,151.25,0.055,-0.311,29011.0,29011.0,,0.0,0.0,-33.48,-33.48,,0.0,,True,True,False,20,21
MNQ_v5,2025-07-31 21:21:00+02:00,2025-07-31 21:56:00+02:00,Short,1.0,29014,29019,5,23392.5,23354.0,76.26,Auto-Close (profit),Auto-Close (profit),72.75,1.12,-0.79,,,,,,,,,,,,False,False,21,21
MNQ_v5,2025-08-01 06:32:00+02:00,2025-08-01 07:42:00+02:00,Long,7.0,29085,29095,10,23312.75,23296.25,-236.18,Stop Loss,Stop Loss,16.5,0.727,-1.212,,,,,,,,,,,,True,True,6,7
MNQ_v5,2025-08-01 16:27:00+02:00,2025-08-01 18:19:00+02:00,Long,1.0,29170,29186,16,23012.0,23040.5,56.26,Canal Exit,Canal Exit,212.75,0.137,-0.544,29184.0,29186.0,,2.0,2.0,6.02,55.52,,49.5,,True,True,False,16,18
MNQ_v5,2025-08-01 18:40:00+02:00,2025-08-01 19:57:00+02:00,Short,1.0,29189,29200,11,22973.0,22833.5,278.26,Canal Exit,Canal Exit,72.5,2.041,-0.238,29196.0,29200.0,,4.0,4.0,231.52,277.52,,46.0,,False,False,False,18,19
MNQ_v5,2025-08-01 21:14:00+02:00,2025-08-01 21:49:00+02:00,Short,1.0,29211,29216,5,22872.25,22942.5,-141.24,Stop Loss,Stop Loss,70.25,0.534,-1.036,,,,,,,,,,,,True,True,21,21
MNQ_v5,2025-08-04 00:49:00+02:00,2025-08-04 09:41:00+02:00,Long,1.0,29234,29310,76,22911.25,23031.0,238.76,Canal Exit,Canal Exit,89.25,1.504,-0.325,29310.0,29310.0,29244.0,0.0,0.0,238.02,238.02,15.02,0.0,-223.74,True,True,False,0,9
MNQ_v5,2025-08-04 17:51:00+02:00,2025-08-04 21:56:00+02:00,Long,1.0,29380,29415,35,23258.25,23296.75,76.26,Auto-Close (profit),Auto-Close (profit),68.25,0.747,-0.502,,,29392.0,,,,,36.52,,-39.74,,True,False,17,21
MNQ_v5,2025-08-05 00:14:00+02:00,2025-08-05 01:24:00+02:00,Short,4.0,29427,29437,10,23337.25,23325.0,95.04,Canal Exit,Canal Exit,26.0,0.798,-0.471,29432.0,29437.0,,5.0,5.0,60.08,92.08,,32.0,,False,False,False,0,1
MNQ_v5,2025-08-05 19:01:00+02:00,2025-08-05 19:43:00+02:00,Short,3.0,29588,29594,6,23187.5,23225.75,-231.72,Stop Loss,Stop Loss,38.25,0.556,-1.307,,,,,,,,,,,,True,True,19,19
MNQ_v5,2025-08-06 01:59:00+02:00,2025-08-06 03:37:00+02:00,Short,6.0,29640,29654,14,23078.5,23097.75,-235.44,Stop Loss,Stop Loss,19.25,1.532,-2.61,,,29647.0,,,,,21.12,,256.56,,True,True,1,3
MNQ_v5,2025-08-06 10:23:00+02:00,2025-08-06 15:31:00+02:00,Short,3.0,29712,29756,44,23188.75,23227.25,-233.22,Stop Loss,Stop Loss,38.5,2.11,-1.019,,,29730.0,,,,,234.06,,467.28,,True,True,10,15
MNQ_v5,2025-08-06 19:36:00+02:00,2025-08-06 21:56:00+02:00,Long,3.0,29791,29811,20,23392.75,23424.75,189.78,Auto-Close (profit),Auto-Close (profit),34.75,1.496,-0.842,,,29806.0,,,,,214.56,,24.78,,False,False,19,21
MNQ_v5,2025-08-07 01:31:00+02:00,2025-08-07 01:59:00+02:00,Short,8.0,29834,29838,4,23462.0,23459.75,30.08,Canal Exit,Canal Exit,14.75,1.288,-0.61,29838.0,29838.0,,0.0,0.0,24.16,24.16,,0.0,,False,False,False,1,1
MNQ_v5,2025-08-07 03:16:00+02:00,2025-08-07 03:37:00+02:00,Short,6.0,29849,29852,3,23484.75,23502.5,-217.44,Stop Loss,Stop Loss,17.75,0.338,-1.479,29852.0,29852.0,,0.0,0.0,-272.88,-272.88,,0.0,,False,False,False,3,3
MNQ_v5,2025-08-07 03:58:00+02:00,2025-08-07 06:32:00+02:00,Long,7.0,29855,29877,22,23494.25,23478.75,-222.18,Stop Loss,Stop Loss,15.5,0.742,-1.29,,,,,,,,,,,,True,True,3,6
MNQ_v5,2025-08-07 08:59:00+02:00,2025-08-07 09:06:00+02:00,Short,7.0,29898,29899,1,23481.0,23497.0,-229.18,Stop Loss,Stop Loss,16.0,0.859,-1.062,,,,,,,,,,,,False,True,8,9
MNQ_v5,2025-08-07 16:27:00+02:00,2025-08-07 21:56:00+02:00,Short,1.0,29962,30009,47,23560.75,23502.0,116.76,Auto-Close (profit),Auto-Close (profit),110.5,2.088,-0.299,,,29979.0,,,,,120.02,,3.26,,True,False,16,21
MNQ_v5,2025-08-08 02:20:00+02:00,2025-08-08 09:20:00+02:00,Long,1.0,30039,30099,60,23565.75,23537.5,-57.24,Canal Exit,Canal Exit,64.25,0.272,-0.973,30095.0,30099.0,30048.0,4.0,4.0,-60.98,-57.98,-3.48,3.0,53.76,True,True,False,2,9
MNQ_v5,2025-08-11 00:07:00+02:00,2025-08-11 00:42:00+02:00,Short,3.0,30218,30223,5,23730.5,23734.0,-23.22,Canal Exit,Canal Exit,39.5,0.139,-0.449,30221.0,30223.0,,2.0,2.0,-41.94,-25.44,,16.5,,False,False,False,0,0
MNQ_v5,2025-08-11 09:27:00+02:00,2025-08-11 10:02:00+02:00,Short,3.0,30298,30303,5,23727.5,23693.5,201.78,Canal Exit,Canal Exit,37.5,1.593,-0.467,30303.0,30303.0,,0.0,0.0,199.56,199.56,,0.0,,False,False,False,9,10
MNQ_v5,2025-08-11 15:38:00+02:00,2025-08-11 17:09:00+02:00,Long,2.0,30351,30364,13,23728.75,23748.5,77.52,Canal Exit,Canal Exit,47.75,0.812,-0.649,30358.0,30364.0,30363.0,6.0,6.0,78.04,76.04,-10.96,-2.0,-88.48,True,False,False,15,17
MNQ_v5,2025-08-11 17:51:00+02:00,2025-08-11 18:19:00+02:00,Long,2.0,30370,30374,4,23762.0,23777.0,58.52,Canal Exit,Canal Exit,48.25,0.881,-0.363,30374.0,30374.0,,0.0,0.0,57.04,57.04,,0.0,,True,True,False,17,18
MNQ_v5,2025-08-11 18:47:00+02:00,2025-08-11 19:15:00+02:00,Short,1.0,30378,30382,4,23743.25,23734.25,17.26,Canal Exit,Canal Exit,61.25,0.306,-0.237,30382.0,30382.0,,0.0,0.0,16.52,16.52,,0.0,,False,False,False,18,19
MNQ_v5,2025-08-12 00:21:00+02:00,2025-08-12 02:13:00+02:00,Short,3.0,30418,30434,16,23619.0,23650.0,-188.22,Stop Loss,Stop Loss,31.0,0.153,-1.371,,,,,,,,,,,,False,False,0,2
MNQ_v5,2025-08-12 05:50:00+02:00,2025-08-12 07:00:00+02:00,Long,13.0,30465,30475,10,23657.75,23648.75,-243.62,Stop Loss,Stop Loss,9.0,2.111,-6.194,30475.0,30475.0,30466.0,0.0,0.0,-786.24,-786.24,-110.24,0.0,133.38,True,True,True,5,7
MNQ_v5,2025-08-12 09:34:00+02:00,2025-08-12 11:54:00+02:00,Short,3.0,30497,30517,20,23644.75,23634.75,57.78,Canal Exit,Canal Exit,31.0,0.46,-0.911,30510.0,30517.0,30516.0,7.0,7.0,22.56,55.56,-20.94,33.0,-78.72,False,True,False,9,11
MNQ_v5,2025-08-12 16:27:00+02:00,2025-08-12 17:23:00+02:00,Long,1.0,30556,30564,8,23748.25,23833.25,169.26,Canal Exit,Canal Exit,126.25,0.893,-0.125,30563.0,30564.0,,1.0,1.0,208.02,168.52,,-39.5,,True,True,False,16,17
MNQ_v5,2025-08-12 19:43:00+02:00,2025-08-12 21:56:00+02:00,Long,1.0,30584,30603,19,23912.75,23934.0,41.76,Auto-Close (profit),Auto-Close (profit),66.25,0.551,-0.2,,,,,,,,,,,,True,False,19,21
MNQ_v5,2025-08-13 05:36:00+02:00,2025-08-13 06:04:00+02:00,Short,9.0,30661,30665,4,23946.0,23950.0,-78.66,Canal Exit,Canal Exit,12.0,0.375,-0.375,30665.0,30665.0,,0.0,0.0,-85.32,-85.32,,0.0,,False,False,False,5,6
MNQ_v5,2025-08-13 06:25:00+02:00,2025-08-13 06:46:00+02:00,Long,7.0,30668,30671,3,23958.5,23959.0,1.82,Canal Exit,Canal Exit,17.0,0.235,-0.309,30669.0,30671.0,,2.0,2.0,-34.86,-3.36,,31.5,,True,True,False,6,6
MNQ_v5,2025-08-13 19:50:00+02:00,2025-08-13 21:56:00+02:00,Short,4.0,30783,30801,18,23932.5,23943.25,-88.96,Auto-Close (loss),Auto-Close (loss),25.75,1.757,-1.087,,,30797.0,,,,,42.08,,131.04,,False,True,19,21
MNQ_v5,2025-08-14 00:35:00+02:00,2025-08-14 01:10:00+02:00,Long,5.0,30816,30821,5,23934.25,23943.25,86.3,Canal Exit,Canal Exit,22.0,0.898,-0.148,30818.0,30821.0,,3.0,3.0,120.1,82.6,,-37.5,,True,True,False,0,1
MNQ_v5,2025-08-14 05:36:00+02:00,2025-08-14 06:04:00+02:00,Short,9.0,30859,30863,4,23932.25,23929.0,51.84,Canal Exit,Canal Exit,13.0,0.769,-0.115,30863.0,30863.0,,0.0,0.0,45.18,45.18,,0.0,,False,False,False,5,6
MNQ_v5,2025-08-14 07:21:00+02:00,2025-08-14 08:10:00+02:00,Short,9.0,30874,30881,7,23922.75,23902.5,357.84,Canal Exit,Canal Exit,13.25,1.906,-0.604,30880.0,30881.0,,1.0,1.0,202.68,351.18,,148.5,,False,False,False,7,8
MNQ_v5,2025-08-14 19:50:00+02:00,2025-08-14 20:32:00+02:00,Short,4.0,30981,30987,6,23952.75,23911.5,327.04,Canal Exit,Canal Exit,27.0,2.259,-0.537,30987.0,30987.0,,0.0,0.0,324.08,324.08,,0.0,,False,False,False,19,20
MNQ_v5,2025-08-14 21:14:00+02:00,2025-08-14 21:56:00+02:00,Long,2.0,30993,30999,6,23938.75,23921.5,-70.48,Auto-Close (loss),Auto-Close (loss),47.0,0.431,-1.186,30999.0,30999.0,,0.0,0.0,-197.96,-197.96,,0.0,,True,True,False,21,21
MNQ_v5,2025-08-15 01:52:00+02:00,2025-08-15 02:41:00+02:00,Short,6.0,31025,31032,7,23891.25,23911.0,-241.44,Stop Loss,Stop Loss,19.75,0.886,-1.152,,,,,,,,,,,,False,True,1,2
MNQ_v5,2025-08-15 06:04:00+02:00,2025-08-15 06:25:00+02:00,Long,4.0,31061,31064,3,23937.75,23933.5,-36.96,Canal Exit,Canal Exit,27.25,0.165,-0.239,31062.0,31064.0,,2.0,2.0,-33.92,-39.92,,-6.0,,True,True,False,6,6
MNQ_v5,2025-08-15 07:49:00+02:00,2025-08-15 09:55:00+02:00,Long,3.0,31076,31094,18,23941.75,23941.75,-2.22,Canal Exit,Canal Exit,31.25,0.672,-0.408,31089.0,31094.0,31091.0,5.0,5.0,27.06,-4.44,21.06,-31.5,23.28,True,False,True,7,9
MNQ_v5,2025-08-15 10:16:00+02:00,2025-08-15 10:30:00+02:00,Long,11.0,31097,31099,2,23939.5,23929.0,-239.14,Stop Loss,Stop Loss,10.5,0.69,-1.333,,,,,,,,,,,,False,True,10,10
MNQ_v5,2025-08-18 03:23:00+02:00,2025-08-18 06:04:00+02:00,Long,7.0,31236,31259,23,23870.75,23853.75,-243.18,Stop Loss,Stop Loss,17.0,0.662,-1.147,,,31246.0,,,,,77.14,,320.32,,False,True,3,6
MNQ_v5,2025-08-18 10:23:00+02:00,2025-08-18 15:31:00+02:00,Short,2.0,31296,31340,44,23766.25,23812.0,-184.48,Stop Loss,Stop Loss,45.75,0.601,-1.137,,,31301.0,,,,,-41.96,,142.52,,True,True,10,15
MNQ_v5,2025-08-18 18:05:00+02:00,2025-08-18 18:47:00+02:00,Long,2.0,31362,31368,6,23769.25,23728.5,-164.48,Stop Loss,Stop Loss,40.75,0.27,-1.147,31367.0,,,1.0,,-145.96,,,,,True,True,False,18,18
MNQ_v5,2025-08-18 19:57:00+02:00,2025-08-18 20:53:00+02:00,Short,2.0,31378,31386,8,23755.0,23799.75,-180.48,Stop Loss,Stop Loss,44.75,0.179,-1.073,,,,,,,,,,,,True,False,19,20
MNQ_v5,2025-08-19 00:00:00+02:00,2025-08-19 00:28:00+02:00,Long,2.0,31405,31409,4,23830.5,23813.0,-71.48,Canal Exit,Canal Exit,45.5,0.203,-0.868,31409.0,31409.0,,0.0,0.0,-72.96,-72.96,,0.0,,True,True,False,0,0
MNQ_v5,2025-08-19 05:43:00+02:00,2025-08-19 06:18:00+02:00,Short,3.0,31454,31459,5,23753.75,23744.75,51.78,Canal Exit,Canal Exit,33.0,0.303,-0.167,31459.0,31459.0,,0.0,0.0,49.56,49.56,,0.0,,False,False,False,5,6
MNQ_v5,2025-08-19 06:46:00+02:00,2025-08-19 07:07:00+02:00,Long,5.0,31463,31466,3,23760.5,23738.75,-221.2,Stop Loss,Stop Loss,21.75,0.138,-1.034,31466.0,31466.0,,0.0,0.0,-219.9,-219.9,,0.0,,True,True,False,6,7
MNQ_v5,2025-08-19 07:28:00+02:00,2025-08-19 08:52:00+02:00,Short,6.0,31469,31481,12,23745.0,23763.5,-226.44,Stop Loss,Stop Loss,18.5,0.77,-1.0,,,31475.0,,,,,-32.88,,193.56,,True,True,7,8
MNQ_v5,2025-08-20 05:15:00+02:00,2025-08-20 06:39:00+02:00,Short,1.0,31648,31660,12,23364.25,23354.25,19.26,Canal Exit,Canal Exit,67.0,0.392,-0.138,31656.0,31660.0,31659.0,4.0,4.0,2.52,18.52,23.52,16.0,4.26,False,True,False,5,6
MNQ_v5,2025-08-20 13:04:00+02:00,2025-08-20 13:32:00+02:00,Long,2.0,31715,31719,4,23444.0,23403.0,-165.48,Stop Loss,Stop Loss,41.0,0.195,-1.195,,,,,,,,,,,,True,False,13,13
MNQ_v5,2025-08-21 00:14:00+02:00,2025-08-21 01:03:00+02:00,Long,11.0,31803,31810,7,23318.25,23308.0,-233.64,Stop Loss,Stop Loss,10.25,2.024,-1.049,,,31807.0,,,,,-76.78,,156.86,,False,True,0,1
MNQ_v5,2025-08-21 06:53:00+02:00,2025-08-21 07:00:00+02:00,Long,11.0,31860,31861,1,23340.5,23330.25,-233.64,Stop Loss,Stop Loss,10.25,0.927,-1.268,,,,,,,,,,,,False,True,6,7
MNQ_v5,2025-08-21 08:59:00+02:00,2025-08-21 10:16:00+02:00,Short,5.0,31878,31889,11,23345.75,23333.5,118.8,Canal Exit,Canal Exit,22.5,1.278,-0.622,31883.0,31889.0,31889.0,6.0,6.0,27.6,115.1,115.1,87.5,-3.7,False,True,False,8,10
MNQ_v5,2025-08-21 10:44:00+02:00,2025-08-21 11:19:00+02:00,Short,3.0,31893,31898,5,23323.0,23315.0,45.78,Canal Exit,Canal Exit,34.5,0.964,-0.674,31896.0,31898.0,,2.0,2.0,97.56,43.56,,-54.0,,False,False,False,10,11
MNQ_v5,2025-08-21 13:39:00+02:00,2025-08-21 14:28:00+02:00,Short,2.0,31918,31925,7,23284.5,23268.0,64.52,Canal Exit,Canal Exit,50.5,1.421,-0.257,31924.0,31925.0,,1.0,1.0,186.04,63.04,,-123.0,,False,False,False,13,14
MNQ_v5,2025-08-22 05:01:00+02:00,2025-08-22 05:29:00+02:00,Short,3.0,32042,32046,4,23199.75,23206.75,-44.22,Canal Exit,Canal Exit,34.25,0.234,-0.219,32046.0,32046.0,,0.0,0.0,-46.44,-46.44,,0.0,,False,False,False,5,5
MNQ_v5,2025-08-22 06:11:00+02:00,2025-08-22 06:53:00+02:00,Long,9.0,32052,32058,6,23204.5,23209.5,83.34,Canal Exit,Canal Exit,12.0,0.938,-0.292,32055.0,32058.0,,3.0,3.0,49.68,76.68,,27.0,,True,True,False,6,6
MNQ_v5,2025-08-26 01:03:00+02:00,2025-08-26 03:02:00+02:00,Short,18.0,32404,32421,17,23511.25,23444.0,2407.68,Canal Exit,Canal Exit,6.5,21.538,-0.846,32420.0,32421.0,,1.0,1.0,3204.36,2394.36,,-810.0,,False,False,False,1,3
MNQ_v5,2025-08-26 03:23:00+02:00,2025-08-26 04:05:00+02:00,Long,1.0,32424,32430,6,23452.0,23457.25,9.76,Canal Exit,Canal Exit,78.25,0.118,-0.476,32428.0,32430.0,,2.0,2.0,-47.48,9.02,,56.5,,True,True,False,3,4
MNQ_v5,2025-08-26 18:12:00+02:00,2025-08-26 18:33:00+02:00,Long,2.0,32551,32554,3,23549.0,23540.25,-36.48,Canal Exit,Canal Exit,51.0,0.142,-0.382,32554.0,32554.0,,0.0,0.0,-37.96,-37.96,,0.0,,True,True,False,18,18
MNQ_v5,2025-08-26 19:08:00+02:00,2025-08-26 19:15:00+02:00,Short,4.0,32559,32560,1,23528.75,23532.5,-32.96,Canal Exit,Canal Exit,26.5,0.736,-0.274,32560.0,32560.0,,0.0,0.0,-35.92,-35.92,,0.0,,False,False,True,19,19
MNQ_v5,2025-08-27 01:45:00+02:00,2025-08-27 01:59:00+02:00,Long,23.0,32608,32610,2,23614.75,23609.75,-247.02,Stop Loss,Stop Loss,5.0,1.0,-2.35,,,,,,,,,,,,False,True,1,1
MNQ_v5,2025-08-27 07:07:00+02:00,2025-08-27 07:35:00+02:00,Short,5.0,32654,32658,4,23600.0,23601.75,-21.2,Canal Exit,Canal Exit,21.75,0.23,-0.644,32657.0,32658.0,,1.0,1.0,-19.9,-24.9,,-5.0,,False,False,False,7,7
MNQ_v5,2025-08-27 09:13:00+02:00,2025-08-27 09:41:00+02:00,Short,4.0,32672,32676,4,23595.0,23588.25,51.04,Canal Exit,Canal Exit,24.75,0.788,-0.556,32676.0,32676.0,,0.0,0.0,48.08,48.08,,0.0,,False,False,False,9,9
MNQ_v5,2025-08-27 17:23:00+02:00,2025-08-27 17:44:00+02:00,Short,4.0,32742,32745,3,23590.0,23616.0,-210.96,Stop Loss,Stop Loss,26.0,0.615,-1.365,,,,,,,,,,,,False,True,17,17
MNQ_v5,2025-08-27 19:08:00+02:00,2025-08-27 19:36:00+02:00,Long,1.0,32757,32761,4,23602.25,23614.25,23.26,Canal Exit,Canal Exit,60.25,0.261,-0.253,32761.0,32761.0,,0.0,0.0,22.52,22.52,,0.0,,True,True,False,19,19
MNQ_v5,2025-08-27 20:53:00+02:00,2025-08-27 21:56:00+02:00,Short,3.0,32772,32781,9,23626.75,23620.0,38.28,Auto-Close (profit),Auto-Close (profit),30.75,2.415,-0.642,32777.0,,,4.0,,129.06,,,,,False,False,False,20,21
MNQ_v5,2025-08-28 02:20:00+02:00,2025-08-28 03:02:00+02:00,Short,4.0,32811,32817,6,23496.75,23526.0,-236.96,Stop Loss,Stop Loss,29.25,0.342,-1.162,,,32815.0,,,,,-205.92,,31.04,,True,False,2,3
MNQ_v5,2025-08-28 07:00:00+02:00,2025-08-28 07:21:00+02:00,Long,14.0,32851,32854,3,23566.0,23557.5,-248.36,Stop Loss,Stop Loss,8.5,0.147,-1.147,,,,,,,,,,,,False,False,7,7
MNQ_v5,2025-08-28 16:41:00+02:00,2025-08-28 17:09:00+02:00,Long,1.0,32934,32938,4,23714.25,23729.0,28.76,Canal Exit,Canal Exit,134.5,0.132,-0.307,32936.0,32938.0,,2.0,2.0,6.52,28.02,,21.5,,True,True,False,16,17
MNQ_v5,2025-08-28 18:26:00+02:00,2025-08-28 18:47:00+02:00,Long,1.0,32949,32952,3,23734.75,23758.75,47.26,Canal Exit,Canal Exit,60.0,0.521,-0.088,32952.0,32952.0,,0.0,0.0,46.52,46.52,,0.0,,True,True,False,18,18
MNQ_v5,2025-08-28 19:15:00+02:00,2025-08-28 19:29:00+02:00,Short,4.0,32956,32958,2,23736.0,23761.5,-206.96,Stop Loss,Stop Loss,25.5,0.186,-1.412,32958.0,,,0.0,,-263.92,,,,,False,False,False,19,19
MNQ_v5,2025-08-29 03:09:00+02:00,2025-08-29 04:05:00+02:00,Short,7.0,33016,33024,8,23739.0,23728.0,148.82,Canal Exit,Canal Exit,16.75,0.731,-0.224,33022.0,33024.0,,2.0,2.0,70.14,143.64,,73.5,,False,False,False,3,4
MNQ_v5,2025-08-29 05:50:00+02:00,2025-08-29 10:16:00+02:00,Short,8.0,33039,33077,38,23726.5,23669.25,910.08,Canal Exit,Canal Exit,14.5,4.948,-0.724,33075.0,33077.0,33052.0,2.0,2.0,860.16,904.16,152.16,44.0,-757.92,False,False,False,5,10
MNQ_v5,2025-09-01 18:54:00+02:00,2025-09-02 00:00:00+02:00,Long,5.0,33349,33350,1,23502.75,23495.0,-81.2,Canal Exit,Canal Exit,21.0,0.393,-0.774,33350.0,33350.0,,0.0,0.0,-84.9,-84.9,,0.0,,True,True,False,18,0
MNQ_v5,2025-09-02 00:21:00+02:00,2025-09-02 01:10:00+02:00,Short,4.0,33353,33360,7,23483.75,23454.75,229.04,Canal Exit,Canal Exit,27.25,1.413,-0.339,33355.0,33360.0,,5.0,5.0,0.08,226.08,,226.0,,False,False,False,0,1
MNQ_v5,2025-09-02 03:37:00+02:00,2025-09-02 05:57:00+02:00,Short,7.0,33381,33401,20,23469.0,23439.0,414.82,Canal Exit,Canal Exit,15.5,3.516,-0.403,33390.0,33401.0,33395.0,11.0,11.0,577.64,409.64,546.14,-168.0,131.32,False,True,False,3,5
MNQ_v5,2025-09-02 09:20:00+02:00,2025-09-02 10:02:00+02:00,Short,1.0,33430,33436,6,23389.5,23302.5,173.26,Canal Exit,Canal Exit,62.75,1.944,-0.526,33435.0,33436.0,,1.0,1.0,190.02,172.52,,-17.5,,False,False,False,9,10
MNQ_v5,2025-09-02 16:41:00+02:00,2025-09-02 17:58:00+02:00,Short,1.0,33493,33504,11,23161.0,23044.75,231.76,Canal Exit,Canal Exit,119.25,1.128,-0.539,33503.0,33504.0,,1.0,1.0,257.52,231.02,,-26.5,,False,False,False,16,17
MNQ_v5,2025-09-02 18:26:00+02:00,2025-09-02 19:08:00+02:00,Long,2.0,33508,33514,6,23068.0,23116.25,191.52,Canal Exit,Canal Exit,41.5,1.819,-0.169,33514.0,33514.0,,0.0,0.0,190.04,190.04,,0.0,,True,True,False,18,19
MNQ_v5,2025-09-03 07:00:00+02:00,2025-09-03 08:03:00+02:00,Short,6.0,33608,33617,9,23319.0,23329.25,-127.44,Canal Exit,Canal Exit,18.5,0.595,-0.959,33617.0,33617.0,,0.0,0.0,-131.88,-131.88,,0.0,,False,False,True,7,8
MNQ_v5,2025-09-03 12:57:00+02:00,2025-09-03 14:28:00+02:00,Long,2.0,33659,33672,13,23448.0,23398.25,-200.48,Stop Loss,Stop Loss,49.75,0.211,-1.045,,,,,,,,,,,,False,False,12,14
MNQ_v5,2025-09-03 17:23:00+02:00,2025-09-03 17:58:00+02:00,Short,1.0,33697,33702,5,23424.75,23412.5,23.76,Canal Exit,Canal Exit,101.25,0.244,-0.467,33702.0,33702.0,,0.0,0.0,23.02,23.02,,0.0,,False,False,False,17,17
MNQ_v5,2025-09-03 18:26:00+02:00,2025-09-03 18:40:00+02:00,Long,3.0,33706,33708,2,23437.75,23400.0,-228.72,Stop Loss,Stop Loss,37.75,0.265,-1.093,,,,,,,,,,,,False,False,18,18
MNQ_v5,2025-09-04 03:16:00+02:00,2025-09-04 03:51:00+02:00,Short,7.0,33774,33779,5,23498.0,23495.75,26.32,Canal Exit,Canal Exit,15.0,0.883,-0.517,33778.0,33779.0,,1.0,1.0,112.14,21.14,,-91.0,,False,False,False,3,3
MNQ_v5,2025-09-04 04:12:00+02:00,2025-09-04 04:54:00+02:00,Long,3.0,33782,33788,6,23517.5,23484.75,-198.72,Stop Loss,Stop Loss,32.75,0.191,-1.275,,,33787.0,,,,,-172.44,,26.28,,False,False,4,4
MNQ_v5,2025-09-04 07:28:00+02:00,2025-09-04 09:34:00+02:00,Short,4.0,33810,33828,18,23474.0,23502.75,-232.96,Stop Loss,Stop Loss,28.75,0.817,-1.113,,,33821.0,,,,,-25.92,,207.04,,True,True,7,9
MNQ_v5,2025-09-04 09:55:00+02:00,2025-09-04 10:23:00+02:00,Short,5.0,33831,33835,4,23483.25,23506.0,-231.2,Stop Loss,Stop Loss,22.75,0.286,-1.044,,,,,,,,,,,,True,False,9,10
MNQ_v5,2025-09-05 00:56:00+02:00,2025-09-05 07:56:00+02:00,Long,4.0,33952,34012,60,23711.25,23765.75,433.04,Canal Exit,Canal Exit,28.5,2.07,-0.333,34012.0,34012.0,33976.0,0.0,0.0,430.08,430.08,124.08,0.0,-308.96,True,True,False,0,7
MNQ_v5,2025-09-05 10:02:00+02:00,2025-09-05 11:26:00+02:00,Long,9.0,34030,34042,12,23760.5,23788.0,488.34,Canal Exit,Canal Exit,13.0,2.423,-0.769,34040.0,34042.0,,2.0,2.0,364.68,481.68,,117.0,,True,True,False,10,11
MNQ_v5,2025-09-05 15:38:00+02:00,2025-09-05 16:34:00+02:00,Short,4.0,34078,34086,8,23874.25,23639.5,1875.04,Canal Exit,Canal Exit,28.25,9.469,-0.69,34085.0,34086.0,,1.0,1.0,1760.08,1872.08,,112.0,,False,False,False,15,16
MNQ_v5,2025-09-08 00:28:00+02:00,2025-09-08 00:56:00+02:00,Long,1.0,34146,34150,4,23716.5,23744.75,55.76,Canal Exit,Canal Exit,66.0,0.492,-0.36,34149.0,34150.0,,1.0,1.0,38.52,55.02,,16.5,,True,True,False,0,0
MNQ_v5,2025-09-08 03:44:00+02:00,2025-09-08 03:58:00+02:00,Long,6.0,34174,34176,2,23777.0,23757.25,-241.44,Stop Loss,Stop Loss,19.75,0.114,-1.165,,,,,,,,,,,,False,False,3,3
MNQ_v5,2025-09-08 12:57:00+02:00,2025-09-08 13:18:00+02:00,Short,5.0,34253,34256,3,23770.0,23768.5,11.3,Canal Exit,Canal Exit,20.0,0.238,-0.6,34255.0,34256.0,,1.0,1.0,-24.9,7.6,,32.5,,False,False,False,12,13
MNQ_v5,2025-09-08 13:39:00+02:00,2025-09-08 13:46:00+02:00,Long,14.0,34259,34260,1,23776.0,23768.0,-234.36,Stop Loss,Stop Loss,8.0,0.156,-1.062,,,,,,,,,,,,False,False,13,13
MNQ_v5,2025-09-09 04:54:00+02:00,2025-09-09 07:14:00+02:00,Short,5.0,34382,34402,20,23827.5,23827.25,-1.2,Canal Exit,Canal Exit,20.0,0.225,-0.788,34399.0,34402.0,,3.0,3.0,-112.4,-4.9,,107.5,,False,False,False,4,7
MNQ_v5,2025-09-09 14:56:00+02:00,2025-09-09 15:24:00+02:00,Short,4.0,34468,34472,4,23831.75,23857.75,-210.96,Stop Loss,Stop Loss,26.0,1.212,-1.0,34472.0,,,0.0,,36.08,,,,,False,False,True,14,15
MNQ_v5,2025-09-10 07:21:00+02:00,2025-09-10 10:16:00+02:00,Long,12.0,34601,34626,25,23921.0,23911.5,-236.88,Stop Loss,Stop Loss,9.5,3.447,-1.184,34614.0,,34621.0,12.0,,462.24,,528.24,,765.12,True,False,True,7,10
MNQ_v5,2025-09-11 03:02:00+02:00,2025-09-11 03:09:00+02:00,Long,3.0,34762,34763,1,23907.25,23904.75,-17.22,Canal Exit,Canal Exit,36.5,0.123,-0.192,34763.0,34763.0,,0.0,0.0,-19.44,-19.44,,0.0,,True,True,False,3,3
MNQ_v5,2025-09-11 04:33:00+02:00,2025-09-11 06:11:00+02:00,Long,11.0,34775,34789,14,23910.75,23900.0,-244.64,Stop Loss,Stop Loss,10.75,0.767,-1.302,,,,,,,,,,,,True,True,4,6
MNQ_v5,2025-09-11 13:32:00+02:00,2025-09-11 13:39:00+02:00,Short,26.0,34852,34853,1,23945.75,23950.25,-253.24,Stop Loss,Stop Loss,4.5,1.333,-1.5,,,,,,,,,,,,False,True,13,13
MNQ_v5,2025-09-11 19:22:00+02:00,2025-09-11 21:56:00+02:00,Long,5.0,34902,34924,22,24016.75,24011.75,-53.7,Auto-Close (loss),Auto-Close (loss),22.0,1.25,-0.602,,,34922.0,,,,,177.6,,231.3,,False,True,19,21
MNQ_v5,2025-09-12 02:06:00+02:00,2025-09-12 03:58:00+02:00,Short,8.0,34952,34968,16,24011.75,24005.75,90.08,Canal Exit,Canal Exit,13.75,0.782,-0.873,34967.0,34968.0,,1.0,1.0,92.16,84.16,,-8.0,,False,False,False,2,3
MNQ_v5,2025-09-12 04:54:00+02:00,2025-09-12 05:50:00+02:00,Long,9.0,34976,34984,8,24004.0,24004.75,6.84,Canal Exit,Canal Exit,12.0,0.25,-0.312,34980.0,34984.0,,4.0,4.0,-62.82,0.18,,63.0,,True,True,False,4,5
MNQ_v5,2025-09-12 09:06:00+02:00,2025-09-12 10:02:00+02:00,Long,6.0,35012,35020,8,24024.0,24006.0,-220.44,Stop Loss,Stop Loss,18.0,0.319,-1.208,,,35019.0,,,,,-152.88,,67.56,,False,False,9,10
MNQ_v5,2025-09-12 16:06:00+02:00,2025-09-12 16:55:00+02:00,Long,3.0,35072,35079,7,24040.5,24106.0,390.78,Canal Exit,Canal Exit,38.5,1.955,-0.364,35078.0,35079.0,,1.0,1.0,394.56,388.56,,-6.0,,True,True,False,16,16
MNQ_v5,2025-09-12 18:26:00+02:00,2025-09-12 21:07:00+02:00,Long,3.0,35092,35115,23,24109.0,24140.25,185.28,Canal Exit,Canal Exit,37.75,1.325,-0.464,35115.0,35115.0,35100.0,0.0,0.0,183.06,183.06,-50.94,0.0,-236.22,True,True,False,18,21
MNQ_v5,2025-09-12 21:28:00+02:00,2025-09-12 21:49:00+02:00,Short,2.0,35118,35121,3,24111.0,24126.25,-62.48,Canal Exit,Canal Exit,48.0,0.49,-0.49,35120.0,35121.0,,1.0,1.0,-15.96,-63.96,,-48.0,,False,False,False,21,21
MNQ_v5,2025-09-15 01:31:00+02:00,2025-09-15 05:15:00+02:00,Short,4.0,35145,35177,32,24104.75,24129.25,-198.96,Stop Loss,Stop Loss,24.5,0.541,-1.133,,,35159.0,,,,,-39.92,,159.04,,False,True,1,5
MNQ_v5,2025-09-15 07:42:00+02:00,2025-09-15 08:10:00+02:00,Long,7.0,35198,35202,4,24136.5,24141.25,61.32,Canal Exit,Canal Exit,16.5,0.576,-0.121,35201.0,35202.0,,1.0,1.0,94.64,56.14,,-38.5,,True,True,False,7,8
MNQ_v5,2025-09-15 17:51:00+02:00,2025-09-15 21:56:00+02:00,Long,2.0,35285,35320,35,24286.0,24311.5,100.52,Auto-Close (profit),Auto-Close (profit),49.0,0.607,-0.832,,,35293.0,,,,,-57.96,,-158.48,,True,False,17,21
MNQ_v5,2025-09-16 01:10:00+02:00,2025-09-16 02:34:00+02:00,Long,9.0,35340,35352,12,24297.5,24538.5,4331.34,Canal Exit,Canal Exit,13.25,18.868,-0.698,35350.0,35352.0,,2.0,2.0,4315.68,4324.68,,9.0,,True,True,False,1,2
MNQ_v5,2025-09-16 15:38:00+02:00,2025-09-16 21:56:00+02:00,Short,2.0,35464,35518,54,24567.75,24524.0,173.52,Auto-Close (profit),Auto-Close (profit),42.0,1.637,-0.131,,,35474.0,,,,,80.04,,-93.48,,False,False,15,21
MNQ_v5,2025-09-17 00:21:00+02:00,2025-09-17 01:45:00+02:00,Long,4.0,35531,35543,12,24545.5,24542.75,-24.96,Canal Exit,Canal Exit,28.75,0.209,-0.313,35536.0,35543.0,35541.0,7.0,7.0,16.08,-27.92,-31.92,-44.0,-6.96,True,False,False,0,1
MNQ_v5,2025-09-17 02:13:00+02:00,2025-09-17 03:30:00+02:00,Long,17.0,35547,35558,11,24537.75,24530.75,-250.58,Stop Loss,Stop Loss,7.0,1.357,-1.429,,,,,,,,,,,,True,True,2,3
MNQ_v5,2025-09-17 07:21:00+02:00,2025-09-17 08:24:00+02:00,Short,7.0,35591,35600,9,24511.75,24527.0,-218.68,Stop Loss,Stop Loss,15.25,0.295,-1.164,,,35597.0,,,,,-69.86,,148.82,,True,False,7,8
MNQ_v5,2025-09-17 21:14:00+02:00,2025-09-17 21:35:00+02:00,Long,1.0,35710,35713,3,24486.25,24494.0,14.76,Canal Exit,Canal Exit,244.5,0.264,-0.302,35712.0,35713.0,,1.0,1.0,14.02,14.02,,0.0,,True,True,False,21,21
MNQ_v5,2025-09-18 06:25:00+02:00,2025-09-18 10:16:00+02:00,Long,1.0,35781,35814,33,24642.5,24683.0,80.26,Canal Exit,Canal Exit,82.0,0.652,-0.689,35812.0,35814.0,,2.0,2.0,75.52,79.52,,4.0,,True,True,False,6,10
MNQ_v5,2025-09-18 13:11:00+02:00,2025-09-18 14:56:00+02:00,Long,2.0,35839,35854,15,24742.25,24693.0,-198.48,Stop Loss,Stop Loss,49.25,0.482,-1.401,,,35850.0,,,,,-51.96,,146.52,,False,False,13,14
MNQ_v5,2025-09-18 17:02:00+02:00,2025-09-18 17:16:00+02:00,Short,2.0,35872,35874,2,24768.5,24809.0,-163.48,Stop Loss,Stop Loss,40.5,0.58,-1.167,,,,,,,,,,,,True,True,17,17
MNQ_v5,2025-09-18 18:40:00+02:00,2025-09-18 19:01:00+02:00,Long,1.0,35886,35889,3,24788.0,24792.25,7.76,Canal Exit,Canal Exit,67.5,0.13,-0.122,35888.0,35889.0,,1.0,1.0,3.02,7.02,,4.0,,True,True,False,18,19
MNQ_v5,2025-09-18 19:22:00+02:00,2025-09-18 19:57:00+02:00,Short,3.0,35892,35897,5,24765.75,24739.5,155.28,Canal Exit,Canal Exit,31.0,1.387,-0.669,35895.0,35897.0,,2.0,2.0,174.06,153.06,,-21.0,,False,False,False,19,19
MNQ_v5,2025-09-19 00:49:00+02:00,2025-09-19 01:31:00+02:00,Short,14.0,35931,35937,6,24734.75,24743.0,-241.36,Stop Loss,Stop Loss,8.25,1.576,-1.576,,,35937.0,,,,,-335.72,,-94.36,,True,True,0,1
MNQ_v5,2025-09-19 03:16:00+02:00,2025-09-19 04:40:00+02:00,Long,9.0,35952,35964,12,24707.5,24710.75,51.84,Canal Exit,Canal Exit,12.75,1.255,-0.588,35962.0,35964.0,,2.0,2.0,-98.82,45.18,,144.0,,True,True,False,3,4
MNQ_v5,2025-09-19 05:50:00+02:00,2025-09-19 06:25:00+02:00,Short,3.0,35974,35979,5,24706.25,24705.0,5.28,Canal Exit,Canal Exit,30.5,0.795,-0.574,35979.0,35979.0,,0.0,0.0,3.06,3.06,,0.0,,False,False,False,5,6
MNQ_v5,2025-09-19 07:35:00+02:00,2025-09-19 08:24:00+02:00,Short,7.0,35989,35996,7,24706.5,24689.75,229.32,Canal Exit,Canal Exit,17.0,1.882,-0.603,35994.0,35996.0,,2.0,2.0,-34.86,224.14,,259.0,,False,False,False,7,8
MNQ_v5,2025-09-19 13:46:00+02:00,2025-09-19 14:28:00+02:00,Long,4.0,36042,36048,6,24729.75,24745.5,123.04,Canal Exit,Canal Exit,29.25,0.855,-0.308,36047.0,36048.0,,1.0,1.0,134.08,120.08,,-14.0,,True,True,False,13,14
MNQ_v5,2025-09-19 15:17:00+02:00,2025-09-19 15:31:00+02:00,Long,2.0,36055,36057,2,24764.5,24745.0,-79.48,Canal Exit,Canal Exit,48.25,0.415,-0.508,36057.0,36057.0,,0.0,0.0,-80.96,-80.96,,0.0,,True,True,False,15,15
MNQ_v5,2025-09-19 16:34:00+02:00,2025-09-19 17:02:00+02:00,Short,2.0,36066,36070,4,24759.0,24739.75,75.52,Canal Exit,Canal Exit,48.25,0.57,-0.653,36070.0,36070.0,,0.0,0.0,74.04,74.04,,0.0,,False,False,False,16,17
MNQ_v5,2025-09-19 19:15:00+02:00,2025-09-19 20:32:00+02:00,Short,4.0,36089,36100,11,24805.5,24822.25,-136.96,Canal Exit,Canal Exit,29.0,0.319,-0.81,36100.0,36100.0,,0.0,0.0,-139.92,-139.92,,0.0,,False,False,False,19,20
MNQ_v5,2025-09-19 20:53:00+02:00,2025-09-19 21:56:00+02:00,Long,5.0,36103,36112,9,24825.5,24860.25,343.8,Auto-Close (profit),Auto-Close (profit),21.0,2.976,-0.845,,,,,,,,,,,,True,False,20,21
MNQ_v5,2025-09-22 00:49:00+02:00,2025-09-22 05:22:00+02:00,Long,4.0,36129,36168,39,24851.5,24856.5,37.04,Canal Exit,Canal Exit,24.75,0.99,-0.949,36166.0,36168.0,36147.0,2.0,2.0,-67.92,34.08,-117.92,102.0,-154.96,True,True,False,0,5
MNQ_v5,2025-09-22 06:18:00+02:00,2025-09-22 07:56:00+02:00,Short,11.0,36176,36190,14,24854.25,24843.75,222.86,Canal Exit,Canal Exit,10.5,1.5,-0.714,36189.0,36190.0,,1.0,1.0,203.72,214.72,,11.0,,False,False,False,6,7
MNQ_v5,2025-09-22 18:19:00+02:00,2025-09-22 18:40:00+02:00,Long,1.0,36279,36282,3,24959.0,24978.25,37.76,Canal Exit,Canal Exit,61.5,0.553,-0.138,36282.0,36282.0,,0.0,0.0,37.02,37.02,,0.0,,True,True,False,18,18
MNQ_v5,2025-09-22 19:43:00+02:00,2025-09-22 21:56:00+02:00,Long,1.0,36291,36310,19,24995.75,24998.5,4.76,Auto-Close (profit),Auto-Close (profit),98.25,0.321,-0.13,,,36304.0,,,,,37.52,,32.76,,False,False,19,21
MNQ_v5,2025-09-23 02:27:00+02:00,2025-09-23 02:41:00+02:00,Short,7.0,36341,36343,2,24989.25,24996.25,-103.18,Canal Exit,Canal Exit,16.25,0.123,-0.523,36343.0,36343.0,,0.0,0.0,-108.36,-108.36,,0.0,,False,False,False,2,2
MNQ_v5,2025-09-23 03:30:00+02:00,2025-09-23 03:51:00+02:00,Long,5.0,36350,36353,3,25005.5,24995.75,-101.2,Canal Exit,Canal Exit,20.0,0.162,-0.525,36351.0,36353.0,,2.0,2.0,-49.9,-104.9,,-55.0,,True,True,False,3,3
MNQ_v5,2025-09-23 09:48:00+02:00,2025-09-23 10:30:00+02:00,Long,6.0,36404,36410,6,24997.5,25015.25,208.56,Canal Exit,Canal Exit,17.5,1.643,-0.257,36409.0,36410.0,,1.0,1.0,270.12,204.12,,-66.0,,True,True,False,9,10
MNQ_v5,2025-09-23 18:05:00+02:00,2025-09-23 18:54:00+02:00,Short,3.0,36475,36482,7,24923.5,24919.75,20.28,Canal Exit,Canal Exit,39.5,0.215,-0.797,36479.0,36482.0,,3.0,3.0,-86.94,18.06,,105.0,,False,False,False,18,18
MNQ_v5,2025-09-24 02:41:00+02:00,2025-09-24 05:57:00+02:00,Long,3.0,36541,36569,28,24841.0,24841.25,-0.72,Canal Exit,Canal Exit,30.25,0.149,-0.785,36563.0,36569.0,36548.0,6.0,6.0,-16.44,-2.94,-98.94,13.5,-98.22,True,True,False,2,5
MNQ_v5,2025-09-24 09:55:00+02:00,2025-09-24 10:23:00+02:00,Long,2.0,36603,36607,4,24897.25,24885.0,-50.48,Canal Exit,Canal Exit,51.0,0.176,-0.26,36607.0,36607.0,,0.0,0.0,-51.96,-51.96,,0.0,,True,True,False,9,10
MNQ_v5,2025-09-24 10:51:00+02:00,2025-09-24 11:05:00+02:00,Short,14.0,36611,36613,2,24895.0,24903.5,-248.36,Stop Loss,Stop Loss,8.5,1.206,-1.588,,,,,,,,,,,,False,True,10,11
MNQ_v5,2025-09-24 12:57:00+02:00,2025-09-24 13:39:00+02:00,Long,5.0,36629,36635,6,24907.25,24883.5,-241.2,Stop Loss,Stop Loss,23.75,0.232,-1.316,,,,,,,,,,,,True,False,12,13
MNQ_v5,2025-09-24 19:57:00+02:00,2025-09-24 21:56:00+02:00,Short,2.0,36689,36706,17,24705.75,24739.5,-136.48,Auto-Close (loss),Auto-Close (loss),49.25,0.482,-0.934,,,36697.0,,,,,-137.96,,-1.48,,False,False,19,21
MNQ_v5,2025-09-25 01:52:00+02:00,2025-09-25 03:23:00+02:00,Long,10.0,36732,36745,13,24751.0,24778.25,537.6,Canal Exit,Canal Exit,11.25,2.578,-0.378,36738.0,36745.0,36744.0,7.0,7.0,525.2,530.2,515.2,5.0,-22.4,True,False,False,1,3
MNQ_v5,2025-09-25 04:40:00+02:00,2025-09-25 06:39:00+02:00,Long,8.0,36756,36773,17,24786.25,24772.5,-225.92,Stop Loss,Stop Loss,13.75,0.345,-1.182,,,36761.0,,,,,-55.84,,170.08,,False,False,4,6
MNQ_v5,2025-09-25 10:51:00+02:00,2025-09-25 12:08:00+02:00,Short,3.0,36809,36820,11,24729.0,24705.5,138.78,Canal Exit,Canal Exit,33.25,1.218,-0.256,36819.0,36820.0,,1.0,1.0,148.56,136.56,,-12.0,,False,False,False,10,12
MNQ_v5,2025-09-25 16:13:00+02:00,2025-09-25 16:41:00+02:00,Long,1.0,36855,36859,4,24606.0,24640.5,68.26,Canal Exit,Canal Exit,184.0,0.226,-0.243,36858.0,36859.0,,1.0,1.0,15.02,67.52,,52.5,,True,True,False,16,16
MNQ_v5,2025-09-25 17:16:00+02:00,2025-09-25 17:30:00+02:00,Short,3.0,36864,36866,2,24618.5,24656.75,-231.72,Stop Loss,Stop Loss,38.25,0.81,-1.17,,,,,,,,,,,,False,True,17,17
MNQ_v5,2025-09-25 20:25:00+02:00,2025-09-25 21:49:00+02:00,Long,1.0,36891,36903,12,24587.0,24622.0,69.26,Canal Exit,Canal Exit,133.5,0.399,-0.144,36898.0,36903.0,36903.0,5.0,5.0,63.52,68.52,68.52,5.0,-0.74,True,False,False,20,21
MNQ_v5,2025-09-26 05:08:00+02:00,2025-09-26 05:36:00+02:00,Short,3.0,36958,36962,4,24589.5,24585.5,21.78,Canal Exit,Canal Exit,33.75,0.222,-0.319,36962.0,36962.0,,0.0,0.0,19.56,19.56,,0.0,,False,False,False,5,5
MNQ_v5,2025-09-26 06:53:00+02:00,2025-09-26 07:49:00+02:00,Short,3.0,36973,36981,8,24581.0,24614.25,-201.72,Stop Loss,Stop Loss,33.25,0.098,-1.083,,,36980.0,,,,,-181.44,,20.28,,True,False,6,7
MNQ_v5,2025-09-29 03:44:00+02:00,2025-09-29 09:20:00+02:00,Long,4.0,37144,37192,48,24803.5,24853.75,399.04,Canal Exit,Canal Exit,29.0,1.81,-0.603,37190.0,37192.0,37160.0,2.0,2.0,238.08,396.08,64.08,158.0,-334.96,True,True,False,3,9
MNQ_v5,2025-09-29 15:24:00+02:00,2025-09-29 15:38:00+02:00,Short,2.0,37244,37246,2,24855.25,24909.5,-218.48,Stop Loss,Stop Loss,54.25,0.175,-1.12,37246.0,37246.0,,0.0,0.0,-238.96,-238.96,,0.0,,False,False,False,15,15
MNQ_v5,2025-09-29 15:59:00+02:00,2025-09-29 16:13:00+02:00,Long,1.0,37249,37251,2,24931.0,24928.0,-6.74,Canal Exit,Canal Exit,85.25,0.516,-0.135,37250.0,37251.0,,1.0,1.0,39.52,-7.48,,-47.0,,True,True,True,15,16
MNQ_v5,2025-09-29 20:53:00+02:00,2025-09-29 21:56:00+02:00,Short,4.0,37291,37300,9,24842.5,24837.25,39.04,Auto-Close (profit),Auto-Close (profit),26.75,2.318,-0.224,,,,,,,,,,,,False,False,20,21
MNQ_v5,2025-09-30 04:19:00+02:00,2025-09-30 05:01:00+02:00,Long,6.0,37347,37353,6,24828.0,24845.25,202.56,Canal Exit,Canal Exit,17.5,1.443,-0.457,37353.0,37353.0,,0.0,0.0,198.12,198.12,,0.0,,True,True,False,4,5
MNQ_v5,2025-09-30 07:28:00+02:00,2025-09-30 08:52:00+02:00,Long,6.0,37374,37386,12,24834.25,24815.25,-232.44,Stop Loss,Stop Loss,19.0,1.145,-1.197,37383.0,,,3.0,,189.12,,,,,True,True,True,7,8
MNQ_v5,2025-09-30 17:30:00+02:00,2025-09-30 18:33:00+02:00,Short,1.0,37460,37469,9,24786.0,24807.75,-44.24,Canal Exit,Canal Exit,78.0,0.301,-0.74,37464.0,37469.0,37469.0,5.0,5.0,-34.48,-44.98,-44.98,-10.5,-0.74,False,True,False,17,18
MNQ_v5,2025-09-30 18:54:00+02:00,2025-09-30 19:29:00+02:00,Short,1.0,37472,37477,5,24777.25,24751.5,50.76,Canal Exit,Canal Exit,66.5,0.684,-0.338,37476.0,37477.0,,1.0,1.0,73.02,50.02,,-23.0,,False,False,False,18,19
MNQ_v5,2025-09-30 19:57:00+02:00,2025-09-30 20:46:00+02:00,Long,3.0,37481,37488,7,24767.5,24842.75,449.28,Canal Exit,Canal Exit,36.25,2.324,-0.152,37486.0,37488.0,,2.0,2.0,354.06,447.06,,93.0,,True,True,False,19,20
MNQ_v5,2025-10-01 00:14:00+02:00,2025-10-01 00:56:00+02:00,Long,3.0,37510,37516,6,24859.75,24821.5,-231.72,Stop Loss,Stop Loss,38.25,0.451,-1.078,,,,,,,,,,,,True,False,0,0
MNQ_v5,2025-10-01 04:33:00+02:00,2025-10-01 05:43:00+02:00,Short,4.0,37547,37557,10,24786.75,24770.5,127.04,Canal Exit,Canal Exit,24.0,1.0,-0.208,37557.0,37557.0,,0.0,0.0,124.08,124.08,,0.0,,False,False,False,4,5
MNQ_v5,2025-10-01 15:17:00+02:00,2025-10-01 15:24:00+02:00,Long,6.0,37639,37640,1,24783.25,24764.5,-229.44,Stop Loss,Stop Loss,18.75,0.427,-2.12,,,,,,,,,,,,False,False,15,15
MNQ_v5,2025-10-01 15:45:00+02:00,2025-10-01 16:41:00+02:00,Long,4.0,37643,37651,8,24755.5,24884.75,1031.04,Canal Exit,Canal Exit,29.5,5.305,-1.0,37651.0,37651.0,,0.0,0.0,1028.08,1028.08,,0.0,,True,True,False,15,16
MNQ_v5,2025-10-01 19:01:00+02:00,2025-10-01 21:56:00+02:00,Long,1.0,37671,37696,25,24979.75,25011.5,62.76,Auto-Close (profit),Auto-Close (profit),103.75,0.552,-0.267,,,37679.0,,,,,16.02,,-46.74,,False,False,19,21
MNQ_v5,2025-10-02 05:15:00+02:00,2025-10-02 05:29:00+02:00,Long,9.0,37751,37753,2,25060.0,25047.75,-227.16,Stop Loss,Stop Loss,12.25,0.633,-1.367,,,,,,,,,,,,False,True,5,5
MNQ_v5,2025-10-03 05:08:00+02:00,2025-10-03 08:17:00+02:00,Long,16.0,37948,37975,27,25158.5,25180.5,692.16,Canal Exit,Canal Exit,7.25,4.655,-0.448,37972.0,37975.0,37963.0,3.0,3.0,120.32,680.32,480.32,560.0,-211.84,True,False,False,5,8
MNQ_v5,2025-10-03 15:59:00+02:00,2025-10-03 16:27:00+02:00,Short,1.0,38041,38045,4,25082.25,25087.25,-10.74,Canal Exit,Canal Exit,88.75,0.352,-0.33,38045.0,38045.0,,0.0,0.0,-11.48,-11.48,,0.0,,False,False,False,15,16
MNQ_v5,2025-10-03 16:48:00+02:00,2025-10-03 17:30:00+02:00,Long,1.0,38048,38054,6,25120.0,25132.0,23.26,Canal Exit,Canal Exit,61.25,0.376,-0.469,38051.0,38054.0,,3.0,3.0,13.02,22.52,,9.5,,True,True,False,16,17
MNQ_v5,2025-10-06 03:23:00+02:00,2025-10-06 09:41:00+02:00,Long,8.0,38131,38185,54,25064.5,25050.75,-225.92,Stop Loss,Stop Loss,13.75,3.255,-1.418,38183.0,,38145.0,2.0,,292.16,,384.16,,610.08,True,False,True,3,9
MNQ_v5,2025-10-07 02:48:00+02:00,2025-10-07 04:12:00+02:00,Short,5.0,38324,38336,12,25131.5,25152.75,-216.2,Stop Loss,Stop Loss,21.25,0.412,-1.071,,,,,,,,,,,,True,False,2,4
MNQ_v5,2025-10-07 13:46:00+02:00,2025-10-07 14:07:00+02:00,Long,4.0,38418,38421,3,25199.75,25200.0,-0.96,Canal Exit,Canal Exit,29.75,0.521,-0.613,38421.0,38421.0,,0.0,0.0,-3.92,-3.92,,0.0,,True,True,True,13,14
MNQ_v5,2025-10-07 19:50:00+02:00,2025-10-07 21:56:00+02:00,Short,1.0,38470,38488,18,25025.75,25045.25,-39.74,Auto-Close (loss),Auto-Close (loss),66.25,0.525,-0.691,,,38477.0,,,,,-31.48,,8.26,,True,True,19,21
MNQ_v5,2025-10-08 04:05:00+02:00,2025-10-08 04:19:00+02:00,Short,14.0,38533,38535,2,25076.25,25084.75,-248.36,Stop Loss,Stop Loss,8.5,0.471,-1.471,,,,,,,,,,,,False,False,4,4
MNQ_v5,2025-10-08 19:15:00+02:00,2025-10-08 21:56:00+02:00,Long,5.0,38663,38686,23,25256.25,25329.5,728.8,Auto-Close (profit),Auto-Close (profit),22.75,3.846,-0.319,,,38677.0,,,,,135.1,,-593.7,,True,False,19,21
MNQ_v5,2025-10-09 09:55:00+02:00,2025-10-09 10:09:00+02:00,Long,7.0,38781,38783,2,25338.75,25322.75,-229.18,Stop Loss,Stop Loss,16.0,0.312,-1.562,,,,,,,,,,,,False,False,9,10
MNQ_v5,2025-10-09 18:47:00+02:00,2025-10-09 19:36:00+02:00,Short,3.0,38857,38864,7,25242.5,25198.0,264.78,Canal Exit,Canal Exit,31.75,2.575,-0.559,38864.0,38864.0,,0.0,0.0,262.56,262.56,,0.0,,False,False,False,18,19
MNQ_v5,2025-10-09 19:57:00+02:00,2025-10-09 20:25:00+02:00,Long,2.0,38867,38871,4,25201.5,25216.0,56.52,Canal Exit,Canal Exit,40.75,0.81,-0.454,38871.0,38871.0,,0.0,0.0,55.04,55.04,,0.0,,True,True,False,19,20
MNQ_v5,2025-10-10 01:52:00+02:00,2025-10-10 08:17:00+02:00,Long,2.0,38910,38965,55,25333.5,25341.25,29.52,Canal Exit,Canal Exit,57.75,0.394,-0.645,38964.0,38965.0,38915.0,1.0,1.0,75.04,28.04,-31.96,-47.0,-61.48,True,True,False,1,8
MNQ_v5,2025-10-10 15:38:00+02:00,2025-10-10 15:59:00+02:00,Long,1.0,39028,39031,3,25368.5,25332.25,-73.24,Canal Exit,Canal Exit,80.0,0.244,-0.688,39029.0,39031.0,,2.0,2.0,-79.98,-73.98,,6.0,,True,True,False,15,15
MNQ_v5,2025-10-10 16:20:00+02:00,2025-10-10 17:37:00+02:00,Short,3.0,39034,39045,11,25350.0,24789.5,3360.78,Canal Exit,Canal Exit,38.0,17.967,-0.257,39042.0,39045.0,,3.0,3.0,2764.56,3358.56,,594.0,,False,False,False,16,17
MNQ_v5,2025-10-10 20:11:00+02:00,2025-10-10 21:56:00+02:00,Short,1.0,39067,39082,15,24684.75,24402.75,563.26,Auto-Close (profit),Auto-Close (profit),66.25,4.536,-0.513,,,,,,,,,,,,False,False,20,21
MNQ_v5,2025-10-13 01:03:00+02:00,2025-10-13 01:10:00+02:00,Short,43.0,39101,39102,1,24716.25,24719.0,-268.32,Stop Loss,Stop Loss,2.75,23.545,-1.364,,,,,,,,,,,,True,True,1,1
MNQ_v5,2025-10-13 15:31:00+02:00,2025-10-13 15:59:00+02:00,Short,1.0,39225,39229,4,24755.5,24889.0,-267.74,Stop Loss,Stop Loss,133.5,0.232,-1.172,,,,,,,,,,,,False,False,15,15
MNQ_v5,2025-10-13 17:30:00+02:00,2025-10-13 17:51:00+02:00,Long,1.0,39242,39245,3,24887.0,24895.25,15.76,Canal Exit,Canal Exit,143.5,0.087,-0.244,39244.0,39245.0,,1.0,1.0,-34.98,15.02,,50.0,,True,True,False,17,17
MNQ_v5,2025-10-13 20:11:00+02:00,2025-10-13 21:00:00+02:00,Long,2.0,39265,39272,7,24934.75,24888.5,-186.48,Stop Loss,Stop Loss,46.25,0.654,-1.13,39269.0,,39272.0,3.0,,-69.96,,-87.96,,98.52,True,False,True,20,21
MNQ_v5,2025-10-14 01:38:00+02:00,2025-10-14 01:59:00+02:00,Short,4.0,39304,39307,3,24905.5,24929.75,-196.96,Canal Exit,Canal Exit,28.5,0.237,-0.895,39305.0,39307.0,,2.0,2.0,-29.92,-199.92,,-170.0,,False,False,False,1,1
MNQ_v5,2025-10-14 09:48:00+02:00,2025-10-14 13:39:00+02:00,Short,1.0,39374,39407,33,24632.5,24635.5,-6.74,Canal Exit,Canal Exit,98.75,1.316,-0.815,39401.0,39407.0,39381.0,6.0,6.0,139.52,-7.48,-91.48,-147.0,-84.74,False,True,True,9,13
MNQ_v5,2025-10-15 06:11:00+02:00,2025-10-15 07:21:00+02:00,Long,3.0,39541,39551,10,24823.25,24893.25,417.78,Canal Exit,Canal Exit,34.75,2.763,-0.259,39551.0,39551.0,,0.0,0.0,415.56,415.56,,0.0,,True,True,False,6,7
MNQ_v5,2025-10-15 10:09:00+02:00,2025-10-15 11:54:00+02:00,Long,2.0,39575,39590,15,24920.75,24972.0,203.52,Canal Exit,Canal Exit,44.25,1.588,-0.288,39586.0,39590.0,,4.0,4.0,135.04,202.04,,67.0,,True,True,False,10,11
MNQ_v5,2025-10-15 12:57:00+02:00,2025-10-15 13:11:00+02:00,Long,8.0,39599,39601,2,24964.0,24949.25,-241.92,Stop Loss,Stop Loss,14.75,0.983,-1.288,,,,,,,,,,,,False,True,12,13
MNQ_v5,2025-10-15 15:24:00+02:00,2025-10-15 15:45:00+02:00,Short,2.0,39620,39623,3,24975.25,24966.25,34.52,Canal Exit,Canal Exit,50.0,1.565,-0.69,39623.0,39623.0,,0.0,0.0,33.04,33.04,,0.0,,False,False,False,15,15
MNQ_v5,2025-10-15 17:09:00+02:00,2025-10-15 17:51:00+02:00,Short,3.0,39635,39641,6,25079.75,24930.5,893.28,Canal Exit,Canal Exit,38.0,5.349,-0.316,39641.0,39641.0,,0.0,0.0,891.06,891.06,,0.0,,False,False,False,17,17
MNQ_v5,2025-10-16 04:26:00+02:00,2025-10-16 04:47:00+02:00,Short,3.0,39724,39727,3,24910.25,24923.75,-83.22,Canal Exit,Canal Exit,39.0,0.378,-0.462,39726.0,39727.0,,1.0,1.0,15.06,-85.44,,-100.5,,False,False,False,4,4
MNQ_v5,2025-10-16 05:15:00+02:00,2025-10-16 05:22:00+02:00,Long,4.0,39731,39732,1,24922.25,24920.75,-14.96,Canal Exit,Canal Exit,26.75,0.421,-0.514,39732.0,39732.0,,0.0,0.0,-17.92,-17.92,,0.0,,True,True,False,5,5
MNQ_v5,2025-10-16 05:43:00+02:00,2025-10-16 06:39:00+02:00,Short,4.0,39735,39743,8,24915.75,24933.0,-140.96,Canal Exit,Canal Exit,24.75,0.273,-0.97,39738.0,39743.0,39740.0,5.0,5.0,-117.92,-143.92,-143.92,-26.0,-2.96,False,True,False,5,6
MNQ_v5,2025-10-16 17:23:00+02:00,2025-10-16 17:58:00+02:00,Short,1.0,39835,39840,5,25038.5,24968.0,140.26,Canal Exit,Canal Exit,141.25,0.747,-0.51,39839.0,39840.0,,1.0,1.0,130.52,139.52,,9.0,,False,False,False,17,17
MNQ_v5,2025-10-16 21:42:00+02:00,2025-10-16 21:49:00+02:00,Short,2.0,39872,39873,1,24775.75,24818.5,-172.48,Stop Loss,Stop Loss,42.75,0.55,-1.643,,,,,,,,,,,,True,True,21,21
MNQ_v5,2025-10-17 01:59:00+02:00,2025-10-17 02:27:00+02:00,Long,2.0,39901,39905,4,24769.75,24780.5,41.52,Canal Exit,Canal Exit,49.25,0.513,-0.487,39904.0,39905.0,,1.0,1.0,22.04,40.04,,18.0,,True,True,False,1,2
MNQ_v5,2025-10-17 04:47:00+02:00,2025-10-17 05:36:00+02:00,Long,3.0,39925,39932,7,24763.5,24732.0,-191.22,Stop Loss,Stop Loss,31.5,0.286,-1.151,,,,,,,,,,,,True,False,4,5
MNQ_v5,2025-10-17 15:52:00+02:00,2025-10-17 16:27:00+02:00,Long,1.0,40020,40025,5,24843.5,24874.0,60.26,Canal Exit,Canal Exit,171.25,0.685,-0.393,40025.0,40025.0,,0.0,0.0,59.52,59.52,,0.0,,True,True,False,15,16
MNQ_v5,2025-10-17 16:48:00+02:00,2025-10-17 17:37:00+02:00,Short,1.0,40028,40035,7,24822.0,24774.75,93.76,Canal Exit,Canal Exit,138.75,1.063,-0.332,40030.0,40035.0,,5.0,5.0,-0.98,93.02,,94.0,,False,False,False,16,17
MNQ_v5,2025-10-17 19:01:00+02:00,2025-10-17 19:29:00+02:00,Short,1.0,40047,40051,4,24881.75,24901.5,-40.24,Canal Exit,Canal Exit,98.25,0.539,-0.27,40050.0,40051.0,,1.0,1.0,48.02,-40.98,,-89.0,,False,False,True,19,19
MNQ_v5,2025-10-17 19:50:00+02:00,2025-10-17 21:07:00+02:00,Long,1.0,40054,40065,11,24934.5,25043.75,217.76,Canal Exit,Canal Exit,105.75,1.132,-0.567,40061.0,40065.0,,4.0,4.0,129.02,217.02,,88.0,,True,True,False,19,21
MNQ_v5,2025-10-20 03:51:00+02:00,2025-10-20 05:15:00+02:00,Short,4.0,40115,40127,12,25047.75,25062.75,-122.96,Canal Exit,Canal Exit,29.0,0.75,-0.603,40121.0,40127.0,40126.0,6.0,6.0,2.08,-125.92,-115.92,-128.0,7.04,False,True,True,3,5
MNQ_v5,2025-10-21 01:52:00+02:00,2025-10-21 02:55:00+02:00,Short,5.0,40296,40305,9,25320.0,25343.5,-238.7,Stop Loss,Stop Loss,23.5,0.383,-1.223,40301.0,,40303.0,4.0,,-169.9,,-204.9,,33.8,False,True,False,1,2
MNQ_v5,2025-10-21 09:41:00+02:00,2025-10-21 11:26:00+02:00,Short,3.0,40363,40378,15,25263.5,25294.5,-188.22,Stop Loss,Stop Loss,31.0,0.347,-1.048,,,40375.0,,,,,-131.94,,56.28,,True,False,9,11
MNQ_v5,2025-10-21 19:50:00+02:00,2025-10-21 21:14:00+02:00,Long,2.0,40450,40462,12,25309.0,25317.5,32.52,Canal Exit,Canal Exit,51.25,0.293,-0.371,40457.0,40462.0,40462.0,5.0,5.0,-20.96,31.04,31.04,52.0,-1.48,True,False,False,19,21
MNQ_v5,2025-10-22 06:04:00+02:00,2025-10-22 06:25:00+02:00,Long,1.0,40530,40533,3,25324.5,25322.0,-5.74,Canal Exit,Canal Exit,80.75,0.105,-0.297,40532.0,40533.0,,1.0,1.0,1.52,-6.48,,-8.0,,True,True,False,6,6
MNQ_v5,2025-10-22 13:04:00+02:00,2025-10-22 14:42:00+02:00,Short,1.0,40590,40604,14,25239.25,25259.0,-40.24,Canal Exit,Canal Exit,65.75,0.494,-0.441,40596.0,40604.0,40601.0,8.0,8.0,19.02,-40.98,-28.48,-60.0,11.76,False,True,False,13,14
MNQ_v5,2025-10-22 15:31:00+02:00,2025-10-22 15:52:00+02:00,Short,1.0,40611,40614,3,25191.5,25278.5,-174.74,Stop Loss,Stop Loss,87.0,0.216,-1.126,,,,,,,,,,,,False,False,15,15
MNQ_v5,2025-10-23 02:27:00+02:00,2025-10-23 04:26:00+02:00,Long,1.0,40697,40714,17,25029.25,25106.25,153.26,Canal Exit,Canal Exit,78.25,1.016,-0.201,40708.0,40714.0,,6.0,6.0,125.52,152.52,,27.0,,True,True,False,2,4
MNQ_v5,2025-10-23 09:27:00+02:00,2025-10-23 10:23:00+02:00,Short,2.0,40757,40765,8,25086.5,25091.25,-20.48,Canal Exit,Canal Exit,41.75,0.431,-0.683,40762.0,40765.0,,3.0,3.0,-62.96,-21.96,,41.0,,False,False,False,9,10
MNQ_v5,2025-10-24 05:22:00+02:00,2025-10-24 06:39:00+02:00,Long,4.0,40920,40931,11,25325.5,25328.75,23.04,Canal Exit,Canal Exit,26.0,0.346,-0.221,40926.0,40931.0,40931.0,5.0,5.0,-27.92,20.08,20.08,48.0,-2.96,True,False,False,5,6
MNQ_v5,2025-10-24 17:23:00+02:00,2025-10-24 21:56:00+02:00,Long,1.0,41023,41062,39,25535.0,25509.0,-52.74,Auto-Close (loss),Auto-Close (loss),102.5,0.332,-0.366,,,41035.0,,,,,32.52,,85.26,,False,False,17,21
MNQ_v5,2025-10-27 08:13:00+01:00,2025-10-27 09:23:00+01:00,Long,3.0,41151,41161,10,25806.75,25774.75,-194.22,Stop Loss,Stop Loss,32.0,0.305,-1.102,41156.0,,41158.0,5.0,,-47.94,,-106.44,,87.78,True,False,False,8,9
MNQ_v5,2025-10-27 09:51:00+01:00,2025-10-27 11:08:00+01:00,Long,3.0,41165,41176,11,25804.5,25837.5,195.78,Canal Exit,Canal Exit,36.0,1.035,-0.403,41176.0,41176.0,,0.0,0.0,193.56,193.56,,0.0,,True,True,False,9,11
MNQ_v5,2025-10-27 18:43:00+01:00,2025-10-27 20:56:00+01:00,Long,3.0,41241,41260,19,25925.75,25961.0,209.28,Auto-Close (profit),Auto-Close (profit),33.75,1.652,-0.185,,,41253.0,,,,,45.06,,-164.22,,True,False,18,20
MNQ_v5,2025-10-28 00:03:00+01:00,2025-10-28 00:59:00+01:00,Long,11.0,41279,41287,8,25998.5,25988.25,-233.64,Stop Loss,Stop Loss,10.25,1.951,-1.707,,,,,,,,,,,,True,True,0,0
MNQ_v5,2025-10-28 05:11:00+01:00,2025-10-28 06:07:00+01:00,Short,7.0,41323,41331,8,25973.75,25952.5,292.32,Canal Exit,Canal Exit,15.25,1.721,-0.557,41331.0,41331.0,,0.0,0.0,287.14,287.14,,0.0,,False,False,False,5,6
MNQ_v5,2025-10-28 07:59:00+01:00,2025-10-28 10:19:00+01:00,Short,13.0,41347,41367,20,25976.0,25970.25,139.88,Canal Exit,Canal Exit,9.0,3.75,-0.556,41360.0,41367.0,41364.0,7.0,7.0,676.26,130.26,130.26,-546.0,-9.62,False,True,False,7,10
MNQ_v5,2025-10-28 16:09:00+01:00,2025-10-28 16:30:00+01:00,Long,4.0,41417,41420,3,26035.5,26008.5,-218.96,Stop Loss,Stop Loss,27.0,0.694,-1.093,,,,,,,,,,,,False,True,16,16
MNQ_v5,2025-10-29 05:39:00+01:00,2025-10-29 08:20:00+01:00,Long,4.0,41525,41548,23,26247.5,26276.0,225.04,Canal Exit,Canal Exit,26.75,1.645,-0.252,41544.0,41548.0,41547.0,4.0,4.0,252.08,222.08,216.08,-30.0,-8.96,True,False,False,5,8
MNQ_v5,2025-10-29 08:41:00+01:00,2025-10-29 09:51:00+01:00,Long,3.0,41551,41561,10,26296.25,26260.75,-215.22,Stop Loss,Stop Loss,35.5,0.387,-1.0,,,41559.0,,,,,-97.44,,117.78,,False,False,8,9
MNQ_v5,2025-10-29 14:24:00+01:00,2025-10-29 14:31:00+01:00,Long,4.0,41600,41601,1,26268.75,26257.25,-94.96,Canal Exit,Canal Exit,25.25,0.941,-0.515,41601.0,41601.0,,0.0,0.0,-97.92,-97.92,,0.0,,True,True,True,14,14
MNQ_v5,2025-10-29 18:29:00+01:00,2025-10-29 18:57:00+01:00,Short,3.0,41635,41639,4,26237.5,26268.75,-189.72,Stop Loss,Stop Loss,31.25,0.688,-1.68,,,,,,,,,,,,False,True,18,18
MNQ_v5,2025-10-29 20:28:00+01:00,2025-10-29 20:56:00+01:00,Long,1.0,41652,41656,4,26181.0,26280.25,197.76,Auto-Close (profit),Auto-Close (profit),133.5,1.479,-0.24,,,,,,,,,,,,True,False,20,20
MNQ_v5,2025-10-30 00:24:00+01:00,2025-10-30 00:31:00+01:00,Long,3.0,41678,41679,1,26221.75,26190.25,-191.22,Stop Loss,Stop Loss,31.5,0.452,-1.603,,,,,,,,,,,,True,False,0,0
MNQ_v5,2025-10-30 16:44:00+01:00,2025-10-30 20:28:00+01:00,Short,1.0,41818,41850,32,25986.0,25938.0,95.26,Canal Exit,Canal Exit,171.0,0.608,-0.649,41849.0,41850.0,41822.0,1.0,1.0,115.02,94.52,-198.48,-20.5,-293.74,False,False,False,16,20
MNQ_v5,2025-10-31 09:16:00+01:00,2025-10-31 11:29:00+01:00,Short,2.0,41952,41971,19,26164.5,26182.0,-71.48,Canal Exit,Canal Exit,55.0,0.132,-0.841,41971.0,41971.0,41960.0,0.0,0.0,-72.96,-72.96,-155.96,0.0,-84.48,False,False,False,9,11
MNQ_v5,2025-10-31 11:57:00+01:00,2025-10-31 13:28:00+01:00,Long,5.0,41975,41988,13,26182.0,26256.75,743.8,Canal Exit,Canal Exit,21.0,4.333,-0.75,41980.0,41988.0,,8.0,8.0,130.1,740.1,,610.0,,True,True,False,11,13
MNQ_v5,2025-10-31 16:37:00+01:00,2025-10-31 17:05:00+01:00,Short,1.0,42015,42019,4,26085.0,25992.5,184.26,Canal Exit,Canal Exit,98.0,1.005,-0.742,42019.0,42019.0,,0.0,0.0,183.52,183.52,,0.0,,False,False,False,16,17
MNQ_v5,2025-11-03 00:07:00+01:00,2025-11-03 00:35:00+01:00,Long,1.0,42063,42067,4,26065.5,26084.0,36.26,Canal Exit,Canal Exit,94.5,0.233,-0.172,42064.0,42067.0,,3.0,3.0,10.02,35.52,,25.5,,True,True,False,0,0
MNQ_v5,2025-11-03 03:23:00+01:00,2025-11-03 03:30:00+01:00,Long,5.0,42091,42092,1,26104.25,26083.25,-213.7,Stop Loss,Stop Loss,21.0,0.488,-1.488,,,,,,,,,,,,False,False,3,3
MNQ_v5,2025-11-03 13:11:00+01:00,2025-11-03 15:45:00+01:00,Long,2.0,42175,42197,22,26168.75,26124.0,-180.48,Stop Loss,Stop Loss,44.75,2.168,-1.101,42195.0,,,2.0,,82.04,,,,,True,True,True,13,15
MNQ_v5,2025-11-03 21:07:00+01:00,2025-11-03 21:56:00+01:00,Long,2.0,42243,42250,7,26110.0,26110.25,-0.48,Auto-Close (profit),Auto-Close (profit),44.0,0.295,-0.869,,,,,,,,,,,,True,False,21,21
MNQ_v5,2025-11-03 22:59:00+01:00,2025-11-04 00:42:00+01:00,Short,1.0,42259,42266,7,26109.5,26070.75,76.76,Canal Exit,Canal Exit,68.5,0.675,-0.026,42264.0,42266.0,,2.0,2.0,53.02,76.02,,23.0,,False,False,False,22,0
MNQ_v5,2025-11-04 03:16:00+01:00,2025-11-04 04:33:00+01:00,Short,2.0,42288,42299,11,25980.5,25943.0,148.52,Canal Exit,Canal Exit,50.25,0.92,-0.299,42295.0,42299.0,42299.0,4.0,4.0,28.04,147.04,147.04,119.0,-1.48,False,True,False,3,4
MNQ_v5,2025-11-04 09:06:00+01:00,2025-11-04 12:01:00+01:00,Short,2.0,42338,42363,25,25744.75,25761.0,-66.48,Canal Exit,Canal Exit,58.75,1.702,-0.779,42358.0,42363.0,42360.0,5.0,5.0,48.04,-67.96,-71.96,-116.0,-5.48,False,True,True,9,12
MNQ_v5,2025-11-04 15:17:00+01:00,2025-11-04 15:31:00+01:00,Long,1.0,42391,42393,2,25745.5,25683.25,-125.24,Stop Loss,Stop Loss,62.25,0.185,-1.325,,,,,,,,,,,,True,False,15,15
MNQ_v5,2025-11-05 07:28:00+01:00,2025-11-05 07:49:00+01:00,Long,1.0,42522,42525,3,25536.75,25528.25,-17.74,Canal Exit,Canal Exit,93.0,0.145,-0.185,42525.0,42525.0,,0.0,0.0,-18.48,-18.48,,0.0,,True,True,False,7,7
MNQ_v5,2025-11-06 01:24:00+01:00,2025-11-06 02:06:00+01:00,Short,1.0,42668,42674,6,25679.75,25670.25,18.26,Canal Exit,Canal Exit,96.5,0.285,-0.332,42671.0,42674.0,,3.0,3.0,-26.98,17.52,,44.5,,False,False,False,1,2
MNQ_v5,2025-11-06 02:55:00+01:00,2025-11-06 03:16:00+01:00,Long,2.0,42681,42684,3,25663.0,25661.75,-6.48,Canal Exit,Canal Exit,46.25,0.341,-0.514,42683.0,42684.0,,1.0,1.0,-42.96,-7.96,,35.0,,True,True,False,2,3
MNQ_v5,2025-11-06 13:32:00+01:00,2025-11-06 15:03:00+01:00,Long,3.0,42772,42785,13,25779.75,25745.75,-206.22,Stop Loss,Stop Loss,34.0,1.294,-2.566,42785.0,,42785.0,0.0,,-485.94,,-485.94,,-279.72,False,False,True,13,15
MNQ_v5,2025-11-06 19:22:00+01:00,2025-11-06 19:36:00+01:00,Short,4.0,42822,42824,2,25330.75,25356.5,-208.96,Stop Loss,Stop Loss,25.75,2.845,-1.563,,,,,,,,,,,,True,True,19,19
MNQ_v5,2025-11-07 04:40:00+01:00,2025-11-07 05:08:00+01:00,Short,1.0,42894,42898,4,25214.0,25195.5,36.26,Canal Exit,Canal Exit,67.0,0.776,-0.299,42898.0,42898.0,,0.0,0.0,35.52,35.52,,0.0,,False,False,False,4,5
MNQ_v5,2025-11-07 05:29:00+01:00,2025-11-07 05:50:00+01:00,Long,1.0,42901,42904,3,25246.0,25244.25,-4.24,Canal Exit,Canal Exit,84.0,0.113,-0.182,42903.0,42904.0,,1.0,1.0,-7.48,-4.98,,2.5,,True,True,False,5,5
MNQ_v5,2025-11-07 13:46:00+01:00,2025-11-07 14:35:00+01:00,Short,1.0,42972,42979,7,25072.25,25077.5,-11.24,Canal Exit,Canal Exit,123.5,0.083,-0.605,42975.0,42979.0,,4.0,4.0,-57.48,-11.98,,45.5,,False,False,False,13,14
MNQ_v5,2025-11-07 16:20:00+01:00,2025-11-07 16:41:00+01:00,Long,1.0,42994,42997,3,24998.0,24881.75,-233.24,Stop Loss,Stop Loss,116.25,0.355,-1.331,42997.0,,,0.0,,-241.48,,,,,False,False,False,16,16
MNQ_v5,2025-11-10 01:24:00+01:00,2025-11-10 11:05:00+01:00,Long,2.0,43064,43147,83,25309.75,25547.25,948.52,Canal Exit,Canal Exit,41.0,6.335,-0.201,43140.0,43147.0,43084.0,7.0,7.0,961.04,947.04,542.04,-14.0,-406.48,True,False,False,1,11
MNQ_v5,2025-11-10 18:05:00+01:00,2025-11-10 19:08:00+01:00,Long,1.0,43207,43216,9,25533.5,25647.5,227.26,Canal Exit,Canal Exit,81.25,1.48,-0.32,43215.0,43216.0,,1.0,1.0,218.52,226.52,,8.0,,True,True,False,18,19
MNQ_v5,2025-11-11 15:59:00+01:00,2025-11-11 16:55:00+01:00,Short,1.0,43387,43395,8,25584.75,25528.25,112.26,Canal Exit,Canal Exit,61.25,1.612,-0.829,43392.0,43395.0,,3.0,3.0,115.02,111.52,,-3.5,,False,False,False,15,16
MNQ_v5,2025-11-12 04:40:00+01:00,2025-11-12 05:15:00+01:00,Long,5.0,43488,43493,5,25728.0,25708.0,-203.7,Stop Loss,Stop Loss,20.0,0.362,-1.138,,,,,,,,,,,,True,False,4,5
MNQ_v5,2025-11-12 09:48:00+01:00,2025-11-12 11:54:00+01:00,Long,4.0,43532,43550,18,25792.5,25797.75,39.04,Canal Exit,Canal Exit,26.25,1.448,-0.848,43545.0,43550.0,43548.0,5.0,5.0,152.08,36.08,28.08,-116.0,-10.96,True,False,False,9,11
MNQ_v5,2025-11-12 14:56:00+01:00,2025-11-12 15:52:00+01:00,Short,5.0,43576,43584,8,25790.25,25597.5,1923.8,Canal Exit,Canal Exit,22.0,10.398,-0.818,43584.0,43584.0,,0.0,0.0,1920.1,1920.1,,0.0,,False,False,False,14,15
MNQ_v5,2025-11-13 04:33:00+01:00,2025-11-13 10:37:00+01:00,Long,1.0,43685,43737,52,25682.5,25547.75,-270.24,Stop Loss,Stop Loss,134.75,0.291,-1.126,,,43706.0,,,,,24.02,,294.26,,False,False,4,10
MNQ_v5,2025-11-13 18:54:00+01:00,2025-11-13 21:56:00+01:00,Short,1.0,43808,43834,26,25141.75,25100.0,82.76,Auto-Close (profit),Auto-Close (profit),121.5,1.15,-0.263,,,43821.0,,,,,89.02,,6.26,,True,False,18,21
MNQ_v5,2025-11-14 02:48:00+01:00,2025-11-14 03:02:00+01:00,Short,3.0,43868,43870,2,25119.25,25123.5,-27.72,Canal Exit,Canal Exit,30.0,0.383,-0.492,43869.0,43870.0,,1.0,1.0,-52.44,-29.94,,22.5,,False,False,False,2,3
MNQ_v5,2025-11-14 07:21:00+01:00,2025-11-14 08:38:00+01:00,Short,1.0,43907,43918,11,25053.75,24981.75,143.26,Canal Exit,Canal Exit,60.0,1.996,-0.425,43916.0,43918.0,,2.0,2.0,156.02,142.52,,-13.5,,False,False,False,7,8
MNQ_v5,2025-11-14 08:59:00+01:00,2025-11-14 09:20:00+01:00,Long,3.0,43921,43924,3,24980.0,24942.5,-227.22,Stop Loss,Stop Loss,37.5,0.853,-1.513,,,,,,,,,,,,True,True,8,9
MNQ_v5,2025-11-14 10:44:00+01:00,2025-11-14 13:11:00+01:00,Short,1.0,43936,43957,21,24957.25,24758.25,397.26,Canal Exit,Canal Exit,66.25,3.181,-0.558,43952.0,43957.0,43944.0,5.0,5.0,281.52,396.52,-31.48,115.0,-428.74,False,False,False,10,13
MNQ_v5,2025-11-17 01:17:00+01:00,2025-11-17 01:24:00+01:00,Short,2.0,44053,44054,1,25131.5,25188.75,-230.48,Stop Loss,Stop Loss,57.25,0.314,-1.397,,,,,,,,,,,,True,False,1,1
MNQ_v5,2025-11-17 03:51:00+01:00,2025-11-17 04:19:00+01:00,Long,2.0,44075,44079,4,25251.0,25252.75,5.52,Canal Exit,Canal Exit,54.75,0.338,-0.137,44079.0,44079.0,,0.0,0.0,4.04,4.04,,0.0,,True,True,False,3,4
MNQ_v5,2025-11-17 16:20:00+01:00,2025-11-17 18:05:00+01:00,Short,1.0,44182,44197,15,25094.0,25164.75,-142.24,Canal Exit,Canal Exit,160.75,0.936,-0.666,44192.0,44197.0,44195.0,5.0,5.0,-38.48,-142.98,-185.98,-104.5,-43.74,False,True,True,16,18
MNQ_v5,2025-11-17 18:33:00+01:00,2025-11-17 19:50:00+01:00,Short,1.0,44201,44212,11,25111.0,24928.5,364.26,Canal Exit,Canal Exit,90.0,2.114,-0.597,44207.0,44212.0,,5.0,5.0,206.02,363.52,,157.5,,False,False,False,18,19
MNQ_v5,2025-11-18 02:20:00+01:00,2025-11-18 02:41:00+01:00,Long,1.0,44260,44263,3,24920.75,24950.0,57.76,Canal Exit,Canal Exit,90.5,0.431,-0.146,44261.0,44263.0,,2.0,2.0,10.02,57.02,,47.0,,True,True,False,2,2
MNQ_v5,2025-11-18 03:16:00+01:00,2025-11-18 04:05:00+01:00,Short,6.0,44268,44275,7,24940.25,24827.75,1345.56,Canal Exit,Canal Exit,19.5,7.115,-0.064,44274.0,44275.0,,1.0,1.0,1374.12,1341.12,,-33.0,,False,False,False,3,4
MNQ_v5,2025-11-18 07:00:00+01:00,2025-11-18 08:52:00+01:00,Short,2.0,44300,44316,16,24714.5,24700.25,55.52,Canal Exit,Canal Exit,52.75,2.1,-0.63,44313.0,44316.0,44314.0,3.0,3.0,-39.96,54.04,-22.96,94.0,-78.48,False,True,False,7,8
MNQ_v5,2025-11-18 15:38:00+01:00,2025-11-18 16:20:00+01:00,Short,1.0,44374,44380,6,24654.75,24588.5,131.76,Canal Exit,Canal Exit,177.25,1.268,-0.74,44378.0,44380.0,,2.0,2.0,380.52,131.02,,-249.5,,False,False,False,15,16
MNQ_v5,2025-11-18 18:19:00+01:00,2025-11-18 18:40:00+01:00,Short,1.0,44397,44400,3,24592.25,24697.75,-211.74,Stop Loss,Stop Loss,105.5,0.955,-1.358,,,,,,,,,,,,False,True,18,18
MNQ_v5,2025-11-19 01:10:00+01:00,2025-11-19 02:06:00+01:00,Short,1.0,44448,44456,8,24526.5,24530.0,-7.74,Canal Exit,Canal Exit,104.5,0.275,-0.493,44452.0,44456.0,,4.0,4.0,-84.98,-8.48,,76.5,,False,False,False,1,2
MNQ_v5,2025-11-19 05:50:00+01:00,2025-11-19 06:39:00+01:00,Long,3.0,44488,44495,7,24527.0,24492.0,-212.22,Stop Loss,Stop Loss,35.0,1.014,-2.043,,,,,,,,,,,,True,True,5,6
MNQ_v5,2025-11-19 13:32:00+01:00,2025-11-19 14:00:00+01:00,Long,2.0,44554,44558,4,24720.75,24672.5,-194.48,Stop Loss,Stop Loss,48.25,0.031,-1.337,,,,,,,,,,,,False,False,13,14
MNQ_v5,2025-11-19 20:25:00+01:00,2025-11-19 21:14:00+01:00,Short,1.0,44613,44620,7,24597.0,24713.0,-232.74,Stop Loss,Stop Loss,116.0,0.233,-1.804,,,44620.0,,,,,-372.98,,-140.24,,True,False,20,21
MNQ_v5,2025-11-20 02:27:00+01:00,2025-11-20 10:23:00+01:00,Long,1.0,44657,44725,68,25150.0,25087.25,-126.24,Stop Loss,Stop Loss,62.75,0.94,-1.207,,,44678.0,,,,,45.52,,171.76,,False,True,2,10
MNQ_v5,2025-11-21 04:40:00+01:00,2025-11-21 05:01:00+01:00,Long,2.0,44874,44877,3,24216.5,24179.0,-151.48,Canal Exit,Canal Exit,57.5,0.274,-0.835,44877.0,44877.0,,0.0,0.0,-152.96,-152.96,,0.0,,True,True,False,4,5
MNQ_v5,2025-11-21 06:04:00+01:00,2025-11-21 07:56:00+01:00,Long,1.0,44886,44902,16,24177.0,24158.5,-37.74,Canal Exit,Canal Exit,79.5,0.415,-0.629,44902.0,44902.0,44894.0,0.0,0.0,-38.48,-38.48,-62.98,0.0,-25.24,True,True,False,6,7
MNQ_v5,2025-11-21 09:27:00+01:00,2025-11-21 10:09:00+01:00,Long,1.0,44915,44921,6,24140.25,24183.75,86.26,Canal Exit,Canal Exit,79.75,0.966,-0.392,44920.0,44921.0,,1.0,1.0,138.02,85.52,,-52.5,,True,True,False,9,10
MNQ_v5,2025-11-21 10:37:00+01:00,2025-11-21 11:05:00+01:00,Short,1.0,44925,44929,4,24071.75,23978.75,185.26,Canal Exit,Canal Exit,145.5,0.974,-0.328,44929.0,44929.0,,0.0,0.0,184.52,184.52,,0.0,,False,False,False,10,11
MNQ_v5,2025-11-21 12:57:00+01:00,2025-11-21 13:32:00+01:00,Short,1.0,44945,44950,5,24069.75,24153.5,-168.24,Stop Loss,Stop Loss,83.75,1.4,-1.457,44949.0,,,1.0,,-120.48,,,,,False,False,True,12,13
MNQ_v5,2025-11-21 19:50:00+01:00,2025-11-21 20:11:00+01:00,Long,1.0,45004,45007,3,24488.0,24540.25,103.76,Canal Exit,Canal Exit,284.75,0.275,-0.136,45006.0,45007.0,,1.0,1.0,127.52,103.02,,-24.5,,True,True,False,19,20
MNQ_v5,2025-11-24 01:03:00+01:00,2025-11-24 02:13:00+01:00,Short,1.0,45041,45051,10,24433.25,24457.25,-48.74,Canal Exit,Canal Exit,72.75,0.402,-0.557,45045.0,45051.0,,6.0,6.0,-39.48,-49.48,,-10.0,,False,False,False,1,2
MNQ_v5,2025-11-24 02:48:00+01:00,2025-11-24 03:16:00+01:00,Short,4.0,45056,45060,4,24456.25,24483.0,-216.96,Stop Loss,Stop Loss,26.75,0.869,-1.065,45057.0,45060.0,,3.0,3.0,-13.92,-185.92,,-172.0,,False,False,True,2,3
MNQ_v5,2025-11-24 18:33:00+01:00,2025-11-24 21:56:00+01:00,Long,1.0,45191,45220,29,24925.0,24935.5,20.26,Auto-Close (profit),Auto-Close (profit),244.0,0.28,-0.173,,,45200.0,,,,,9.02,,-11.24,,True,False,18,21
MNQ_v5,2025-11-25 04:33:00+01:00,2025-11-25 05:43:00+01:00,Short,4.0,45269,45279,10,24932.5,24931.25,7.04,Canal Exit,Canal Exit,26.5,0.66,-0.811,45274.0,45279.0,45278.0,5.0,5.0,-45.92,4.08,-25.92,50.0,-32.96,False,True,False,4,5
MNQ_v5,2025-11-25 06:11:00+01:00,2025-11-25 07:14:00+01:00,Short,6.0,45283,45292,9,24936.75,24918.25,217.56,Canal Exit,Canal Exit,18.75,1.28,-1.0,45291.0,45292.0,,1.0,1.0,51.12,213.12,,162.0,,False,False,False,6,7
MNQ_v5,2025-11-25 09:34:00+01:00,2025-11-25 10:30:00+01:00,Short,6.0,45312,45320,8,24912.75,24842.25,841.56,Canal Exit,Canal Exit,18.5,4.919,-0.405,45317.0,45320.0,,3.0,3.0,420.12,837.12,,417.0,,False,False,False,9,10
MNQ_v5,2025-11-25 21:00:00+01:00,2025-11-25 21:56:00+01:00,Long,1.0,45410,45418,8,25036.0,25079.25,85.76,Auto-Close (profit),Auto-Close (profit),98.0,1.018,-0.237,,,,,,,,,,,,True,False,21,21
MNQ_v5,2025-11-26 00:07:00+01:00,2025-11-26 02:48:00+01:00,Long,4.0,45429,45452,23,25087.5,25155.0,537.04,Canal Exit,Canal Exit,28.25,2.85,-0.912,45452.0,45452.0,45436.0,0.0,0.0,534.08,534.08,-35.92,0.0,-572.96,True,True,False,0,2
MNQ_v5,2025-11-26 04:47:00+01:00,2025-11-26 09:20:00+01:00,Long,5.0,45469,45508,39,25179.5,25199.0,191.3,Canal Exit,Canal Exit,20.25,2.79,-0.938,45503.0,45508.0,45493.0,5.0,5.0,357.6,187.6,322.6,-170.0,131.3,True,False,False,4,9
MNQ_v5,2025-11-26 15:03:00+01:00,2025-11-26 15:17:00+01:00,Short,3.0,45557,45559,2,25182.75,25220.0,-225.72,Stop Loss,Stop Loss,37.25,0.154,-1.054,,,,,,,,,,,,False,False,15,15
MNQ_v5,2025-11-26 16:55:00+01:00,2025-11-26 17:30:00+01:00,Long,1.0,45573,45578,5,25268.5,25348.25,158.76,Canal Exit,Canal Exit,126.25,0.653,-0.337,45575.0,45578.0,,3.0,3.0,71.02,158.02,,87.0,,True,True,False,16,17
MNQ_v5,2025-11-27 01:31:00+01:00,2025-11-27 01:59:00+01:00,Short,9.0,45639,45643,4,25321.25,25334.5,-245.16,Stop Loss,Stop Loss,13.25,0.434,-1.358,45643.0,,,0.0,,-269.82,,,,,False,False,False,1,1
MNQ_v5,2025-11-27 02:55:00+01:00,2025-11-27 03:23:00+01:00,Long,3.0,45651,45655,4,25334.75,25331.0,-24.72,Canal Exit,Canal Exit,31.5,0.151,-0.31,45654.0,45655.0,,1.0,1.0,-47.94,-26.94,,21.0,,True,True,False,2,3
MNQ_v5,2025-11-27 03:44:00+01:00,2025-11-27 06:18:00+01:00,Short,8.0,45658,45680,22,25323.0,25336.5,-221.92,Stop Loss,Stop Loss,13.5,1.352,-1.037,45663.0,,45671.0,17.0,,88.16,,136.16,,358.08,False,True,True,3,6
MNQ_v5,2025-11-27 10:02:00+01:00,2025-11-27 10:23:00+01:00,Short,4.0,45712,45715,3,25301.25,25316.25,-122.96,Canal Exit,Canal Exit,27.5,0.145,-0.545,45715.0,45715.0,,0.0,0.0,-125.92,-125.92,,0.0,,False,False,False,10,10
MNQ_v5,2025-11-27 16:20:00+01:00,2025-11-27 16:34:00+01:00,Long,7.0,45766,45768,2,25303.0,25296.25,-99.68,Canal Exit,Canal Exit,16.0,0.297,-0.812,45767.0,45768.0,,1.0,1.0,-125.86,-104.86,,21.0,,False,False,False,16,16
MNQ_v5,2025-11-28 03:37:00+01:00,2025-11-28 15:26:00+01:00,Long,28.0,45820,45830,10,25343.5,25379.75,2009.28,Canal Exit,Canal Exit,4.25,18.0,-0.588,45827.0,45830.0,,3.0,3.0,2240.56,1988.56,,-252.0,,True,True,False,3,15
MNQ_v5,2025-11-28 16:15:00+01:00,2025-11-28 17:18:00+01:00,Long,2.0,45837,45846,9,25383.25,25404.5,83.52,Canal Exit,Canal Exit,53.75,1.0,-0.498,45846.0,45846.0,,0.0,0.0,82.04,82.04,,0.0,,True,True,False,16,17
MNQ_v5,2025-11-28 18:56:00+01:00,2025-11-28 19:10:00+01:00,Long,1.0,45860,45862,2,25489.75,25484.75,-10.74,Auto-Close (loss),Auto-Close (loss),108.5,0.097,-0.387,,,,,,,,,,,,True,False,18,19
MNQ_v5,2025-12-01 00:35:00+01:00,2025-12-01 01:10:00+01:00,Short,1.0,45868,45873,5,25461.75,25421.25,80.26,Canal Exit,Canal Exit,80.5,0.752,-0.214,45873.0,45873.0,,0.0,0.0,79.52,79.52,,0.0,,False,False,False,0,1
MNQ_v5,2025-12-01 05:22:00+01:00,2025-12-01 09:06:00+01:00,Short,2.0,45909,45941,32,25250.75,25297.25,-187.48,Stop Loss,Stop Loss,46.5,1.231,-1.36,,,45923.0,,,,,51.04,,238.52,,True,True,5,9
MNQ_v5,2025-12-01 19:50:00+01:00,2025-12-01 20:11:00+01:00,Long,2.0,46033,46036,3,25489.5,25436.5,-213.48,Stop Loss,Stop Loss,53.0,0.066,-1.142,,,,,,,,,,,,False,False,19,20
MNQ_v5,2025-12-02 01:03:00+01:00,2025-12-02 02:06:00+01:00,Short,5.0,46070,46079,9,25403.0,25426.0,-233.7,Stop Loss,Stop Loss,23.0,0.685,-1.772,,,46077.0,,,,,-62.4,,171.3,,True,True,1,2
MNQ_v5,2025-12-02 03:51:00+01:00,2025-12-02 04:19:00+01:00,Long,3.0,46094,46098,4,25425.25,25386.0,-237.72,Stop Loss,Stop Loss,39.25,0.185,-1.395,46097.0,,,1.0,,-169.44,,,,,True,True,False,3,4
MNQ_v5,2025-12-02 09:41:00+01:00,2025-12-02 10:02:00+01:00,Long,1.0,46144,46147,3,25410.75,25426.5,30.76,Canal Exit,Canal Exit,86.75,0.274,-0.392,46146.0,46147.0,,1.0,1.0,24.52,30.02,,5.5,,True,True,False,9,10
MNQ_v5,2025-12-02 16:34:00+01:00,2025-12-02 16:48:00+01:00,Short,1.0,46203,46205,2,25591.5,25654.25,-126.24,Stop Loss,Stop Loss,62.75,1.012,-1.251,,,,,,,,,,,,False,True,16,16
MNQ_v5,2025-12-02 22:59:00+01:00,2025-12-03 01:17:00+01:00,Long,6.0,46258,46270,12,25606.75,25587.0,-241.44,Stop Loss,Stop Loss,19.75,1.62,-1.152,46270.0,,,0.0,,-245.88,,,,,True,True,True,22,1
MNQ_v5,2025-12-03 04:33:00+01:00,2025-12-03 04:47:00+01:00,Long,3.0,46298,46300,2,25673.25,25665.75,-47.22,Canal Exit,Canal Exit,30.75,0.13,-0.285,46300.0,46300.0,,0.0,0.0,-49.44,-49.44,,0.0,,True,True,False,4,4
MNQ_v5,2025-12-03 06:18:00+01:00,2025-12-03 07:28:00+01:00,Long,4.0,46313,46323,10,25672.0,25642.5,-238.96,Stop Loss,Stop Loss,29.5,0.059,-1.085,,,46318.0,,,,,-99.92,,139.04,,False,False,6,7
MNQ_v5,2025-12-03 17:23:00+01:00,2025-12-03 17:30:00+01:00,Short,3.0,46408,46409,1,25566.75,25605.25,-233.22,Stop Loss,Stop Loss,38.5,0.779,-1.247,,,,,,,,,,,,True,True,17,17
MNQ_v5,2025-12-04 03:44:00+01:00,2025-12-04 04:33:00+01:00,Long,5.0,46489,46496,7,25639.5,25618.75,-211.2,Stop Loss,Stop Loss,20.75,0.831,-1.229,46494.0,,,2.0,,-124.9,,,,,True,True,True,3,4
MNQ_v5,2025-12-04 06:39:00+01:00,2025-12-04 07:00:00+01:00,Short,12.0,46514,46517,3,25639.75,25649.5,-242.88,Stop Loss,Stop Loss,9.75,0.718,-1.487,,,,,,,,,,,,False,True,6,7
MNQ_v5,2025-12-04 09:55:00+01:00,2025-12-04 11:05:00+01:00,Long,3.0,46542,46552,10,25636.25,25679.75,258.78,Canal Exit,Canal Exit,33.5,1.709,-0.731,46551.0,46552.0,,1.0,1.0,303.06,256.56,,-46.5,,True,True,False,9,11
MNQ_v5,2025-12-04 15:38:00+01:00,2025-12-04 16:13:00+01:00,Short,1.0,46591,46596,5,25591.25,25569.75,42.26,Canal Exit,Canal Exit,141.25,0.363,-0.365,46594.0,46596.0,,2.0,2.0,38.02,41.52,,3.5,,False,False,False,15,16
MNQ_v5,2025-12-04 18:33:00+01:00,2025-12-04 21:07:00+01:00,Short,2.0,46616,46638,22,25603.0,25589.75,51.52,Canal Exit,Canal Exit,51.25,2.263,-0.595,46634.0,46638.0,46638.0,4.0,4.0,37.04,50.04,50.04,13.0,-1.48,False,True,False,18,21
MNQ_v5,2025-12-05 01:24:00+01:00,2025-12-05 02:34:00+01:00,Long,4.0,46667,46677,10,25636.0,25674.5,305.04,Canal Exit,Canal Exit,27.5,1.436,-0.164,46672.0,46677.0,,5.0,5.0,174.08,302.08,,128.0,,True,True,False,1,2
MNQ_v5,2025-12-05 04:40:00+01:00,2025-12-05 10:23:00+01:00,Long,12.0,46695,46744,49,25692.25,25728.5,861.12,Canal Exit,Canal Exit,9.25,6.838,-0.27,46738.0,46744.0,46706.0,6.0,6.0,1176.24,852.24,576.24,-324.0,-284.88,True,False,False,4,10
MNQ_v5,2025-12-05 17:58:00+01:00,2025-12-05 20:32:00+01:00,Long,1.0,46809,46831,22,25718.0,25721.0,5.26,Canal Exit,Canal Exit,67.0,0.649,-0.791,46829.0,46831.0,46829.0,2.0,2.0,-10.98,4.52,-10.98,15.5,-16.24,False,False,False,17,20
MNQ_v5,2025-12-08 00:00:00+01:00,2025-12-08 01:24:00+01:00,Short,3.0,46853,46865,12,25732.75,25727.25,30.78,Canal Exit,Canal Exit,38.25,0.856,-1.0,46865.0,46865.0,46859.0,0.0,0.0,28.56,28.56,-106.44,0.0,-137.22,False,False,False,0,1
MNQ_v5,2025-12-08 01:59:00+01:00,2025-12-08 02:13:00+01:00,Long,2.0,46870,46872,2,25756.0,25748.0,-33.48,Canal Exit,Canal Exit,56.0,0.161,-0.232,46872.0,46872.0,,0.0,0.0,-34.96,-34.96,,0.0,,True,True,False,1,2
MNQ_v5,2025-12-08 05:22:00+01:00,2025-12-08 09:48:00+01:00,Long,4.0,46899,46937,38,25797.0,25770.5,-214.96,Stop Loss,Stop Loss,26.5,0.906,-1.085,,,46905.0,,,,,-37.92,,177.04,,False,True,5,9
MNQ_v5,2025-12-08 19:36:00+01:00,2025-12-08 21:56:00+01:00,Short,1.0,47021,47041,20,25618.75,25668.75,-100.74,Auto-Close (loss),Auto-Close (loss),77.75,0.707,-0.72,,,47032.0,,,,,53.02,,153.76,,True,True,19,21
MNQ_v5,2025-12-09 02:13:00+01:00,2025-12-09 02:27:00+01:00,Long,5.0,47070,47072,2,25723.75,25703.0,-211.2,Stop Loss,Stop Loss,20.75,0.277,-1.675,,,,,,,,,,,,False,False,2,2
MNQ_v5,2025-12-09 13:25:00+01:00,2025-12-09 14:56:00+01:00,Short,7.0,47166,47179,13,25665.0,25622.25,593.32,Canal Exit,Canal Exit,15.25,3.803,-0.508,47178.0,47179.0,,1.0,1.0,682.64,588.14,,-94.5,,False,False,False,13,14
MNQ_v5,2025-12-09 19:50:00+01:00,2025-12-09 20:39:00+01:00,Long,2.0,47221,47228,7,25733.75,25689.0,-180.48,Stop Loss,Stop Loss,44.75,0.106,-1.14,,,,,,,,,,,,False,False,19,20
MNQ_v5,2025-12-10 01:38:00+01:00,2025-12-10 02:20:00+01:00,Short,5.0,47263,47269,6,25670.0,25648.5,211.3,Canal Exit,Canal Exit,23.75,1.263,-0.2,47269.0,47269.0,,0.0,0.0,207.6,207.6,,0.0,,False,False,False,1,2
MNQ_v5,2025-12-10 07:07:00+01:00,2025-12-10 07:28:00+01:00,Long,3.0,47310,47313,3,25706.75,25708.5,8.28,Canal Exit,Canal Exit,34.0,0.162,-0.324,47313.0,47313.0,,0.0,0.0,6.06,6.06,,0.0,,True,True,False,7,7
MNQ_v5,2025-12-10 14:56:00+01:00,2025-12-10 16:20:00+01:00,Short,2.0,47377,47389,12,25664.75,25629.5,139.52,Canal Exit,Canal Exit,53.25,1.836,-0.343,47387.0,47389.0,,2.0,2.0,82.04,138.04,,56.0,,False,False,False,14,16
MNQ_v5,2025-12-10 18:26:00+01:00,2025-12-10 18:47:00+01:00,Short,3.0,47407,47410,3,25625.5,25658.5,-200.22,Stop Loss,Stop Loss,33.0,0.258,-1.136,,,,,,,,,,,,False,False,18,18
MNQ_v5,2025-12-10 20:11:00+01:00,2025-12-10 20:39:00+01:00,Long,1.0,47422,47426,4,25717.0,25700.75,-33.24,Canal Exit,Canal Exit,138.0,0.455,-0.775,47423.0,47426.0,,3.0,3.0,-116.48,-33.98,,82.5,,True,True,False,20,20
MNQ_v5,2025-12-10 22:59:00+01:00,2025-12-11 00:00:00+01:00,Long,4.0,47446,47447,1,25800.25,25772.75,-222.96,Stop Loss,Stop Loss,27.5,0.127,-1.509,,,,,,,,,,,,False,False,22,0
MNQ_v5,2025-12-11 06:04:00+01:00,2025-12-11 08:31:00+01:00,Short,3.0,47499,47520,21,25495.5,25533.0,-227.22,Stop Loss,Stop Loss,37.5,0.667,-1.06,,,47508.0,,,,,-74.94,,152.28,,True,True,6,8
MNQ_v5,2025-12-11 12:57:00+01:00,2025-12-11 14:42:00+01:00,Long,3.0,47558,47573,15,25629.0,25647.5,108.78,Canal Exit,Canal Exit,38.5,1.864,-0.305,47564.0,47573.0,47570.0,9.0,9.0,339.06,106.56,226.56,-232.5,117.78,True,False,False,12,14
MNQ_v5,2025-12-11 15:17:00+01:00,2025-12-11 15:24:00+01:00,Long,3.0,47578,47579,1,25664.0,25632.25,-192.72,Stop Loss,Stop Loss,31.75,0.528,-2.378,,,,,,,,,,,,False,True,15,15
MNQ_v5,2025-12-12 04:05:00+01:00,2025-12-12 06:53:00+01:00,Short,6.0,47680,47704,24,25684.0,25691.0,-88.44,Canal Exit,Canal Exit,19.75,1.544,-0.772,47694.0,47704.0,47697.0,10.0,10.0,225.12,-92.88,192.12,-318.0,280.56,False,True,True,4,6
MNQ_v5,2025-12-12 09:06:00+01:00,2025-12-12 09:41:00+01:00,Long,4.0,47723,47728,5,25678.75,25652.5,-212.96,Stop Loss,Stop Loss,26.25,0.152,-1.067,,,,,,,,,,,,True,False,9,9
MNQ_v5,2025-12-12 10:02:00+01:00,2025-12-12 10:37:00+01:00,Short,2.0,47731,47736,5,25628.25,25576.5,205.52,Canal Exit,Canal Exit,54.5,1.193,-0.72,47732.0,47736.0,,4.0,4.0,-51.96,204.04,,256.0,,False,False,False,10,10
MNQ_v5,2025-12-15 05:01:00+01:00,2025-12-15 05:08:00+01:00,Long,9.0,47886,47887,1,25257.5,25245.25,-227.16,Stop Loss,Stop Loss,12.25,0.265,-1.571,,,,,,,,,,,,False,False,5,5
MNQ_v5,2025-12-15 15:38:00+01:00,2025-12-15 16:20:00+01:00,Short,1.0,47977,47983,6,25287.75,25074.0,426.76,Canal Exit,Canal Exit,122.25,1.939,-0.64,47980.0,47983.0,,3.0,3.0,116.52,426.02,,309.5,,False,False,False,15,16
MNQ_v5,2025-12-16 00:28:00+01:00,2025-12-16 00:56:00+01:00,Short,1.0,48045,48049,4,25069.0,25157.5,-177.74,Stop Loss,Stop Loss,88.5,0.364,-2.802,48049.0,48049.0,,0.0,0.0,-475.48,-475.48,,0.0,,False,False,False,0,0
MNQ_v5,2025-12-16 03:30:00+01:00,2025-12-16 04:33:00+01:00,Long,2.0,48071,48080,9,25154.0,25112.5,-167.48,Stop Loss,Stop Loss,41.5,0.627,-1.223,,,,,,,,,,,,True,True,3,4
MNQ_v5,2025-12-16 06:18:00+01:00,2025-12-16 07:35:00+01:00,Short,4.0,48095,48106,11,25148.75,25110.75,301.04,Canal Exit,Canal Exit,26.75,1.692,-0.28,48102.0,48106.0,,4.0,4.0,122.08,298.08,,176.0,,False,False,False,6,7
MNQ_v5,2025-12-16 09:06:00+01:00,2025-12-16 09:34:00+01:00,Long,1.0,48119,48123,4,25155.0,25175.5,40.26,Canal Exit,Canal Exit,81.25,0.409,-0.191,48121.0,48123.0,,2.0,2.0,39.02,39.52,,0.5,,True,True,False,9,9
MNQ_v5,2025-12-16 16:27:00+01:00,2025-12-16 16:48:00+01:00,Short,1.0,48182,48185,3,25262.25,25310.25,-96.74,Canal Exit,Canal Exit,146.25,0.59,-0.412,48184.0,48185.0,,1.0,1.0,-37.98,-97.48,,-59.5,,False,False,True,16,16
MNQ_v5,2025-12-16 17:09:00+01:00,2025-12-16 18:19:00+01:00,Long,2.0,48188,48198,10,25251.0,25279.25,111.52,Canal Exit,Canal Exit,57.0,1.833,-0.671,48198.0,48198.0,,0.0,0.0,110.04,110.04,,0.0,,True,True,False,17,18
MNQ_v5,2025-12-16 18:40:00+01:00,2025-12-16 19:08:00+01:00,Short,1.0,48201,48205,4,25247.25,25226.25,41.26,Canal Exit,Canal Exit,108.25,0.714,-0.208,48204.0,48205.0,,1.0,1.0,96.02,40.52,,-55.5,,False,False,False,18,19
MNQ_v5,2025-12-16 20:32:00+01:00,2025-12-16 21:00:00+01:00,Short,2.0,48217,48221,4,25298.5,25350.25,-208.48,Stop Loss,Stop Loss,51.75,0.406,-1.111,,,,,,,,,,,,True,False,20,21
MNQ_v5,2025-12-17 10:02:00+01:00,2025-12-17 11:26:00+01:00,Long,6.0,48325,48337,12,25411.0,25487.25,910.56,Canal Exit,Canal Exit,18.25,4.397,-0.479,48334.0,48337.0,,3.0,3.0,666.12,906.12,,240.0,,True,True,False,10,11
MNQ_v5,2025-12-17 12:57:00+01:00,2025-12-17 14:14:00+01:00,Long,17.0,48350,48361,11,25478.75,25471.75,-250.58,Stop Loss,Stop Loss,7.0,4.179,-11.786,,,48361.0,,,,,-2490.16,,-2239.58,,False,True,12,14
MNQ_v5,2025-12-17 19:08:00+01:00,2025-12-17 21:56:00+01:00,Short,1.0,48403,48427,24,25010.75,24892.0,236.76,Auto-Close (profit),Auto-Close (profit),74.25,1.657,-0.69,,,48417.0,,,,,98.02,,-138.74,,True,False,19,21
MNQ_v5,2025-12-18 04:54:00+01:00,2025-12-18 05:57:00+01:00,Long,2.0,48479,48488,9,24942.75,24980.75,150.52,Canal Exit,Canal Exit,40.25,1.193,-0.155,48487.0,48488.0,,1.0,1.0,164.04,149.04,,-15.0,,True,True,False,4,5
MNQ_v5,2025-12-18 10:44:00+01:00,2025-12-18 11:05:00+01:00,Long,1.0,48529,48532,3,25087.75,25082.25,-11.74,Canal Exit,Canal Exit,79.5,0.135,-0.264,48531.0,48532.0,,1.0,1.0,-9.48,-12.48,,-3.0,,True,True,False,10,11
MNQ_v5,2025-12-18 16:34:00+01:00,2025-12-18 17:02:00+01:00,Long,1.0,48579,48583,4,25382.25,25387.75,10.26,Canal Exit,Canal Exit,221.5,0.114,-0.195,48581.0,48583.0,,2.0,2.0,-3.98,9.52,,13.5,,True,True,False,16,17
MNQ_v5,2025-12-19 06:39:00+01:00,2025-12-19 07:21:00+01:00,Long,5.0,48692,48698,6,25302.0,25281.75,-206.2,Stop Loss,Stop Loss,20.25,0.568,-1.025,,,48697.0,,,,,-157.4,,48.8,,False,True,6,7
MNQ_v5,2025-12-19 08:59:00+01:00,2025-12-19 09:13:00+01:00,Short,6.0,48712,48714,2,25360.0,25377.25,-211.44,Stop Loss,Stop Loss,17.25,1.304,-1.188,,,,,,,,,,,,False,True,8,9
MNQ_v5,2025-12-19 18:12:00+01:00,2025-12-19 21:56:00+01:00,Long,1.0,48791,48823,32,25571.25,25581.25,19.26,Auto-Close (profit),Auto-Close (profit),111.5,0.235,-0.303,,,48802.0,,,,,-1.98,,-21.24,,False,False,18,21
MNQ_v5,2025-12-22 02:20:00+01:00,2025-12-22 02:41:00+01:00,Long,3.0,48853,48856,3,25686.75,25692.0,29.28,Canal Exit,Canal Exit,36.75,0.279,-0.218,48856.0,48856.0,,0.0,0.0,27.06,27.06,,0.0,,True,True,False,2,2
MNQ_v5,2025-12-22 10:23:00+01:00,2025-12-22 10:44:00+01:00,Long,3.0,48922,48925,3,25711.25,25712.0,2.28,Canal Exit,Canal Exit,30.0,0.483,-0.117,48925.0,48925.0,,0.0,0.0,0.06,0.06,,0.0,,True,True,False,10,10
MNQ_v5,2025-12-22 18:33:00+01:00,2025-12-22 18:47:00+01:00,Short,5.0,48992,48994,2,25698.0,25719.0,-213.7,Stop Loss,Stop Loss,21.0,0.631,-1.024,,,,,,,,,,,,False,True,18,18
MNQ_v5,2025-12-22 20:32:00+01:00,2025-12-22 20:53:00+01:00,Long,3.0,49009,49012,3,25709.5,25690.75,-114.72,Canal Exit,Canal Exit,33.25,0.083,-0.602,49010.0,49012.0,,2.0,2.0,-64.44,-116.94,,-52.5,,True,True,False,20,20
MNQ_v5,2025-12-22 21:14:00+01:00,2025-12-22 21:56:00+01:00,Short,6.0,49015,49021,6,25692.5,25688.25,46.56,Auto-Close (profit),Auto-Close (profit),17.5,0.729,-0.743,,,,,,,,,,,,False,False,21,21
MNQ_v5,2025-12-23 03:02:00+01:00,2025-12-23 04:19:00+01:00,Long,4.0,49057,49068,11,25724.5,25719.5,-42.96,Canal Exit,Canal Exit,29.0,0.483,-0.431,49062.0,49068.0,49066.0,6.0,6.0,-21.92,-45.92,-13.92,-24.0,29.04,True,False,False,3,4
MNQ_v5,2025-12-23 16:06:00+01:00,2025-12-23 17:23:00+01:00,Short,1.0,49169,49180,11,25636.75,25751.25,-229.74,Stop Loss,Stop Loss,114.5,0.059,-1.057,,,49176.0,,,,,-214.98,,14.76,,True,False,16,17
MNQ_v5,2025-12-23 19:36:00+01:00,2025-12-23 21:56:00+01:00,Long,4.0,49199,49219,20,25774.75,25811.25,289.04,Auto-Close (profit),Auto-Close (profit),24.0,1.969,-0.24,,,,,,,,,,,,True,False,19,21
MNQ_v5,2025-12-26 00:14:00+01:00,2025-12-26 08:17:00+01:00,Long,4.0,49396,49465,69,25878.25,25852.25,-210.96,Stop Loss,Stop Loss,26.0,1.471,-1.154,49462.0,,49413.0,3.0,,-79.92,,266.08,,477.04,False,False,True,0,8
MNQ_v5,2025-12-26 13:25:00+01:00,2025-12-26 14:14:00+01:00,Long,6.0,49509,49516,7,25883.75,25899.75,187.56,Canal Exit,Canal Exit,18.5,0.865,-0.149,49514.0,49516.0,,2.0,2.0,117.12,183.12,,66.0,,True,True,False,13,14
MNQ_v5,2025-12-26 20:32:00+01:00,2025-12-26 21:56:00+01:00,Short,6.0,49570,49582,12,25881.0,25866.75,166.56,Auto-Close (profit),Auto-Close (profit),17.5,1.371,-0.857,49582.0,,,0.0,,117.12,,,,,False,False,False,20,21
MNQ_v5,2025-12-29 01:17:00+01:00,2025-12-29 01:31:00+01:00,Short,6.0,49603,49605,2,25860.25,25879.0,-229.44,Stop Loss,Stop Loss,18.75,0.387,-1.08,,,,,,,,,,,,False,False,1,1
MNQ_v5,2025-12-29 17:02:00+01:00,2025-12-29 17:30:00+01:00,Short,1.0,49738,49742,4,25690.25,25697.0,-14.24,Canal Exit,Canal Exit,123.75,0.079,-0.228,49742.0,49742.0,,0.0,0.0,-14.98,-14.98,,0.0,,False,False,False,17,17
MNQ_v5,2025-12-29 17:58:00+01:00,2025-12-29 18:05:00+01:00,Long,7.0,49746,49747,1,25696.0,25680.0,-229.18,Stop Loss,Stop Loss,16.0,0.922,-1.406,49747.0,49747.0,,0.0,0.0,-234.36,-234.36,,0.0,,False,False,True,17,18
MNQ_v5,2025-12-29 18:54:00+01:00,2025-12-29 19:22:00+01:00,Long,2.0,49754,49758,4,25690.5,25702.5,46.52,Canal Exit,Canal Exit,42.75,0.456,-0.234,49757.0,49758.0,,1.0,1.0,13.04,45.04,,32.0,,True,True,False,18,19
MNQ_v5,2025-12-29 19:57:00+01:00,2025-12-29 20:32:00+01:00,Short,2.0,49763,49768,5,25687.5,25729.25,-168.48,Stop Loss,Stop Loss,41.75,0.096,-1.036,,,,,,,,,,,,False,False,19,20
MNQ_v5,2025-12-29 22:59:00+01:00,2025-12-30 00:07:00+01:00,Long,7.0,49789,49791,2,25744.5,25727.5,-243.18,Stop Loss,Stop Loss,17.0,0.191,-1.132,,,,,,,,,,,,False,False,22,0
MNQ_v5,2025-12-30 03:30:00+01:00,2025-12-30 04:26:00+01:00,Short,6.0,49820,49828,8,25710.25,25729.0,-229.44,Stop Loss,Stop Loss,18.75,0.493,-1.16,49827.0,,49828.0,1.0,,-137.88,,-251.88,,-22.44,False,True,False,3,4
MNQ_v5,2025-12-30 12:57:00+01:00,2025-12-30 14:07:00+01:00,Long,3.0,49901,49911,10,25739.0,25740.0,3.78,Canal Exit,Canal Exit,37.0,0.115,-0.736,49905.0,49911.0,49910.0,6.0,6.0,-52.44,1.56,-86.94,54.0,-90.72,True,False,False,12,14
MNQ_v5,2025-12-30 16:20:00+01:00,2025-12-30 16:48:00+01:00,Short,1.0,49930,49934,4,25699.25,25730.25,-62.74,Canal Exit,Canal Exit,75.5,0.278,-0.523,49933.0,49934.0,,1.0,1.0,6.02,-63.48,,-69.5,,False,False,False,16,16
MNQ_v5,2025-12-30 17:09:00+01:00,2025-12-30 17:30:00+01:00,Long,1.0,49937,49940,3,25759.25,25755.5,-8.24,Canal Exit,Canal Exit,81.0,0.429,-0.108,49939.0,49940.0,,1.0,1.0,28.02,-8.98,,-37.0,,True,True,False,17,17
MNQ_v5,2025-12-30 17:51:00+01:00,2025-12-30 19:36:00+01:00,Short,1.0,49943,49958,15,25720.5,25721.5,-2.74,Canal Exit,Canal Exit,73.5,0.286,-0.32,49948.0,49958.0,49954.0,10.0,10.0,-10.98,-3.48,-21.98,7.5,-19.24,False,True,False,17,19
MNQ_v5,2025-12-31 09:13:00+01:00,2025-12-31 10:37:00+01:00,Short,5.0,50067,50079,12,25587.25,25571.75,151.3,Canal Exit,Canal Exit,21.25,1.647,-0.247,50072.0,50079.0,50077.0,7.0,7.0,190.1,147.6,162.6,-42.5,11.3,False,True,False,9,10
MNQ_v5,2025-12-31 19:01:00+01:00,2025-12-31 19:29:00+01:00,Short,4.0,50151,50155,4,25583.0,25607.5,-198.96,Stop Loss,Stop Loss,24.5,0.429,-1.031,,,50154.0,,,,,-171.92,,27.04,,True,False,19,19
MNQ_v5,2026-01-02 16:13:00+01:00,2026-01-02 16:41:00+01:00,Short,1.0,50325,50329,4,25577.0,25584.5,-15.74,Canal Exit,Canal Exit,226.5,0.529,-0.264,50328.0,50329.0,,1.0,1.0,24.02,-16.48,,-40.5,,False,False,True,16,16
MNQ_v5,2026-01-05 02:34:00+01:00,2026-01-05 07:21:00+01:00,Long,3.0,50406,50447,41,25480.5,25487.5,39.78,Canal Exit,Canal Exit,32.0,0.75,-0.898,50447.0,50447.0,50414.0,0.0,0.0,37.56,37.56,-109.44,0.0,-149.22,True,True,False,2,7
MNQ_v5,2026-01-05 07:42:00+01:00,2026-01-05 07:49:00+01:00,Short,20.0,50450,50451,1,25498.75,25504.5,-244.8,Stop Loss,Stop Loss,5.75,3.348,-1.478,,,,,,,,,,,,False,True,7,7
MNQ_v5,2026-01-05 09:06:00+01:00,2026-01-05 09:34:00+01:00,Long,2.0,50462,50466,4,25511.0,25523.75,49.52,Canal Exit,Canal Exit,55.75,0.807,-0.57,50466.0,50466.0,,0.0,0.0,48.04,48.04,,0.0,,True,True,False,9,9
MNQ_v5,2026-01-05 15:52:00+01:00,2026-01-05 16:27:00+01:00,Short,1.0,50520,50525,5,25594.0,25673.25,-159.24,Stop Loss,Stop Loss,79.25,0.36,-1.227,,,50524.0,,,,,-98.48,,60.76,,True,False,15,16
MNQ_v5,2026-01-06 02:06:00+01:00,2026-01-06 08:38:00+01:00,Long,5.0,50600,50656,56,25575.0,25648.0,726.3,Canal Exit,Canal Exit,22.75,4.374,-0.484,50651.0,50656.0,50622.0,5.0,5.0,850.1,722.6,465.1,-127.5,-261.2,True,False,False,2,8
MNQ_v5,2026-01-06 15:24:00+01:00,2026-01-06 16:06:00+01:00,Long,1.0,50714,50720,6,25670.0,25740.75,140.76,Canal Exit,Canal Exit,79.5,1.296,-0.77,50719.0,50720.0,,1.0,1.0,172.02,140.02,,-32.0,,True,True,False,15,16
MNQ_v5,2026-01-06 17:51:00+01:00,2026-01-06 19:36:00+01:00,Long,2.0,50735,50750,15,25683.75,25770.0,343.52,Canal Exit,Canal Exit,44.75,2.279,-0.358,50745.0,50750.0,50750.0,5.0,5.0,265.04,342.04,342.04,77.0,-1.48,True,False,False,17,19
MNQ_v5,2026-01-06 19:57:00+01:00,2026-01-06 20:25:00+01:00,Long,2.0,50753,50757,4,25799.25,25812.25,50.52,Canal Exit,Canal Exit,49.25,0.31,-0.107,50755.0,50757.0,,2.0,2.0,11.04,49.04,,38.0,,True,True,False,19,20
MNQ_v5,2026-01-06 21:35:00+01:00,2026-01-06 21:56:00+01:00,Long,1.0,50767,50770,3,25830.5,25813.25,-35.24,Auto-Close (loss),Auto-Close (loss),80.5,0.09,-0.258,,,,,,,,,,,,False,False,21,21
MNQ_v5,2026-01-07 05:01:00+01:00,2026-01-07 05:29:00+01:00,Short,4.0,50823,50827,4,25796.0,25785.0,85.04,Canal Exit,Canal Exit,25.25,0.604,-0.158,50826.0,50827.0,,1.0,1.0,104.08,82.08,,-22.0,,False,False,False,5,5
MNQ_v5,2026-01-07 07:42:00+01:00,2026-01-07 10:23:00+01:00,Short,4.0,50846,50869,23,25773.75,25744.25,233.04,Canal Exit,Canal Exit,26.0,1.798,-0.558,50869.0,50869.0,50860.0,0.0,0.0,230.08,230.08,14.08,0.0,-218.96,False,False,False,7,10
MNQ_v5,2026-01-07 15:38:00+01:00,2026-01-07 16:13:00+01:00,Long,1.0,50914,50919,5,25854.75,25836.75,-36.74,Canal Exit,Canal Exit,99.5,0.254,-0.497,50916.0,50919.0,,3.0,3.0,3.52,-37.48,,-41.0,,True,True,False,15,16
MNQ_v5,2026-01-07 19:50:00+01:00,2026-01-07 20:04:00+01:00,Long,4.0,50950,50952,2,25952.0,25925.5,-214.96,Stop Loss,Stop Loss,26.5,1.009,-1.528,,,,,,,,,,,,False,True,19,20
MNQ_v5,2026-01-08 00:42:00+01:00,2026-01-08 04:33:00+01:00,Short,5.0,50984,51017,33,25829.5,25777.25,518.8,Canal Exit,Canal Exit,20.75,2.687,-0.711,51014.0,51017.0,50993.0,3.0,3.0,422.6,515.1,-92.4,92.5,-611.2,False,False,False,0,4
MNQ_v5,2026-01-08 06:11:00+01:00,2026-01-08 07:21:00+01:00,Short,3.0,51031,51041,10,25763.5,25680.75,494.28,Canal Exit,Canal Exit,30.0,3.058,-0.458,51040.0,51041.0,,1.0,1.0,457.56,492.06,,34.5,,False,False,False,6,7
MNQ_v5,2026-01-08 15:17:00+01:00,2026-01-08 15:59:00+01:00,Short,3.0,51109,51115,6,25787.25,25637.75,894.78,Canal Exit,Canal Exit,31.5,6.913,-0.492,51114.0,51115.0,,1.0,1.0,967.56,892.56,,-75.0,,False,False,False,15,15
MNQ_v5,2026-01-09 01:24:00+01:00,2026-01-09 01:52:00+01:00,Long,6.0,51188,51192,4,25689.5,25671.75,-217.44,Stop Loss,Stop Loss,17.75,0.338,-1.394,,,,,,,,,,,,True,False,1,1
MNQ_v5,2026-01-09 04:26:00+01:00,2026-01-09 06:53:00+01:00,Short,7.0,51214,51235,21,25677.25,25694.0,-239.68,Stop Loss,Stop Loss,16.75,1.164,-1.09,,,51228.0,,,,,-55.86,,183.82,,True,True,4,6
MNQ_v5,2026-01-09 08:59:00+01:00,2026-01-09 10:09:00+01:00,Long,4.0,51253,51263,10,25680.0,25676.0,-34.96,Canal Exit,Canal Exit,28.0,0.768,-0.634,51259.0,51263.0,51263.0,4.0,4.0,-25.92,-37.92,-37.92,-12.0,-2.96,True,False,True,8,10
MNQ_v5,2026-01-09 10:30:00+01:00,2026-01-09 10:58:00+01:00,Long,2.0,51266,51270,4,25716.5,25717.75,3.52,Canal Exit,Canal Exit,54.25,0.244,-0.373,51269.0,51270.0,,1.0,1.0,11.04,2.04,,-9.0,,True,True,False,10,10
MNQ_v5,2026-01-09 15:24:00+01:00,2026-01-09 15:38:00+01:00,Short,1.0,51308,51310,2,25682.75,25751.75,-138.74,Canal Exit,Canal Exit,142.0,0.243,-0.762,51310.0,51310.0,,0.0,0.0,-139.48,-139.48,,0.0,,False,False,False,15,15
MNQ_v5,2026-01-09 16:13:00+01:00,2026-01-09 16:48:00+01:00,Long,1.0,51315,51320,5,25769.5,25775.75,11.76,Canal Exit,Canal Exit,153.75,0.712,-0.309,51320.0,51320.0,,0.0,0.0,11.02,11.02,,0.0,,True,True,False,16,16
MNQ_v5,2026-01-09 19:36:00+01:00,2026-01-09 21:56:00+01:00,Long,1.0,51344,51364,20,25957.0,25933.0,-48.74,Auto-Close (loss),Auto-Close (loss),112.0,0.259,-0.275,,,51355.0,,,,,-6.48,,42.26,,False,False,19,21
MNQ_v5,2026-01-12 04:19:00+01:00,2026-01-12 09:48:00+01:00,Short,2.0,51411,51458,47,25744.0,25663.5,320.52,Canal Exit,Canal Exit,40.0,2.781,-0.219,51458.0,51458.0,51424.0,0.0,0.0,319.04,319.04,60.04,0.0,-260.48,False,False,False,4,9
MNQ_v5,2026-01-12 10:09:00+01:00,2026-01-12 11:47:00+01:00,Long,2.0,51461,51475,14,25688.0,25713.0,98.52,Canal Exit,Canal Exit,55.25,0.638,-0.416,51470.0,51475.0,,5.0,5.0,63.04,97.04,,34.0,,True,True,False,10,11
MNQ_v5,2026-01-12 15:31:00+01:00,2026-01-12 16:06:00+01:00,Long,1.0,51507,51512,5,25860.75,25904.25,86.26,Canal Exit,Canal Exit,141.0,0.454,-0.55,51510.0,51512.0,,2.0,2.0,79.52,85.52,,6.0,,True,True,False,15,16
MNQ_v5,2026-01-12 18:54:00+01:00,2026-01-12 21:56:00+01:00,Long,2.0,51536,51562,26,25966.5,25952.0,-59.48,Auto-Close (loss),Auto-Close (loss),45.75,1.18,-0.404,,,51545.0,,,,,4.04,,63.52,,False,True,18,21
MNQ_v5,2026-01-13 09:20:00+01:00,2026-01-13 09:34:00+01:00,Long,5.0,51652,51654,2,25921.25,25901.0,-206.2,Stop Loss,Stop Loss,20.25,0.259,-1.284,,,,,,,,,,,,False,False,9,9
MNQ_v5,2026-01-13 18:26:00+01:00,2026-01-13 19:08:00+01:00,Short,2.0,51730,51736,6,25966.25,25903.75,248.52,Canal Exit,Canal Exit,59.75,1.929,-0.209,51736.0,51736.0,,0.0,0.0,247.04,247.04,,0.0,,False,False,False,18,19
MNQ_v5,2026-01-14 05:08:00+01:00,2026-01-14 05:43:00+01:00,Short,4.0,51814,51819,5,25897.5,25886.75,83.04,Canal Exit,Canal Exit,28.5,0.439,-0.421,51819.0,51819.0,,0.0,0.0,80.08,80.08,,0.0,,False,False,False,5,5
MNQ_v5,2026-01-15 00:49:00+01:00,2026-01-15 02:27:00+01:00,Long,2.0,51975,51989,14,25607.75,25562.75,-181.48,Stop Loss,Stop Loss,45.0,0.794,-1.006,,,,,,,,,,,,True,True,0,2
MNQ_v5,2026-01-15 09:34:00+01:00,2026-01-15 10:37:00+01:00,Long,2.0,52050,52059,9,25724.5,25823.0,392.52,Canal Exit,Canal Exit,51.0,2.132,-0.206,52059.0,52059.0,,0.0,0.0,391.04,391.04,,0.0,,True,True,False,9,10
MNQ_v5,2026-01-15 15:38:00+01:00,2026-01-15 15:45:00+01:00,Short,4.0,52102,52103,1,25926.5,25953.0,-214.96,Stop Loss,Stop Loss,26.5,3.16,-1.047,,,,,,,,,,,,False,True,15,15
MNQ_v5,2026-01-15 18:26:00+01:00,2026-01-15 18:54:00+01:00,Short,1.0,52126,52130,4,25867.5,25859.0,16.26,Canal Exit,Canal Exit,72.25,0.263,-0.484,52128.0,52130.0,,2.0,2.0,-54.98,15.52,,70.5,,False,False,False,18,18
MNQ_v5,2026-01-16 05:15:00+01:00,2026-01-16 09:48:00+01:00,Long,5.0,52211,52250,39,25804.75,25832.0,268.8,Canal Exit,Canal Exit,20.75,1.964,-0.699,52248.0,52250.0,52226.0,2.0,2.0,-39.9,265.1,2.6,305.0,-266.2,False,False,False,5,9
MNQ_v5,2026-01-16 10:09:00+01:00,2026-01-16 11:54:00+01:00,Long,3.0,52253,52268,15,25830.0,25855.5,150.78,Canal Exit,Canal Exit,34.75,0.993,-0.576,52268.0,52268.0,52261.0,0.0,0.0,148.56,148.56,-11.94,0.0,-162.72,True,True,False,10,11
MNQ_v5,2026-01-16 13:46:00+01:00,2026-01-16 13:53:00+01:00,Long,17.0,52284,52285,1,25827.25,25820.25,-250.58,Stop Loss,Stop Loss,7.0,3.679,-3.071,,,,,,,,,,,,False,True,13,13
MNQ_v5,2026-01-16 15:45:00+01:00,2026-01-16 16:20:00+01:00,Short,1.0,52301,52306,5,25811.75,25687.75,247.26,Canal Exit,Canal Exit,79.5,1.818,-0.519,52305.0,52306.0,,1.0,1.0,270.52,246.52,,-24.0,,False,False,False,15,16
MNQ_v5,2026-01-16 18:19:00+01:00,2026-01-16 21:56:00+01:00,Short,2.0,52323,52354,31,25700.75,25684.75,62.52,Auto-Close (profit),Auto-Close (profit),52.5,0.89,-0.905,,,52333.0,,,,,-93.96,,-156.48,,False,False,18,21
MNQ_v5,2026-01-19 02:41:00+01:00,2026-01-19 08:52:00+01:00,Short,2.0,52387,52440,53,25402.75,25349.0,213.52,Canal Exit,Canal Exit,48.5,1.598,-0.459,52439.0,52440.0,52411.0,1.0,1.0,267.04,212.04,55.04,-55.0,-158.48,False,False,False,2,8
MNQ_v5,2026-01-19 10:09:00+01:00,2026-01-19 10:44:00+01:00,Short,1.0,52451,52456,5,25346.25,25300.0,91.76,Canal Exit,Canal Exit,64.25,1.16,-0.311,52456.0,52456.0,,0.0,0.0,91.02,91.02,,0.0,,False,False,False,10,10
MNQ_v5,2026-01-19 12:57:00+01:00,2026-01-19 13:32:00+01:00,Short,3.0,52475,52480,5,25281.75,25318.5,-222.72,Stop Loss,Stop Loss,36.75,0.293,-1.122,,,,,,,,,,,,True,False,12,13
MNQ_v5,2026-01-19 15:59:00+01:00,2026-01-19 16:27:00+01:00,Long,1.0,52501,52505,4,25335.75,25327.25,-17.74,Canal Exit,Canal Exit,99.5,0.08,-0.482,52505.0,52505.0,,0.0,0.0,-18.48,-18.48,,0.0,,True,True,False,15,16
MNQ_v5,2026-01-20 03:16:00+01:00,2026-01-20 03:44:00+01:00,Short,3.0,52555,52559,4,25397.5,25435.0,-227.22,Stop Loss,Stop Loss,37.5,0.16,-1.1,52558.0,,,1.0,,-181.44,,,,,False,False,False,3,3
MNQ_v5,2026-01-20 15:31:00+01:00,2026-01-20 15:59:00+01:00,Long,1.0,52660,52664,4,25284.0,25311.0,53.26,Canal Exit,Canal Exit,102.5,0.829,-0.502,52663.0,52664.0,,1.0,1.0,100.02,52.52,,-47.5,,True,True,False,15,15
MNQ_v5,2026-01-21 04:12:00+01:00,2026-01-21 04:40:00+01:00,Long,2.0,52761,52765,4,25223.75,25207.75,-65.48,Canal Exit,Canal Exit,55.75,0.067,-0.682,52765.0,52765.0,,0.0,0.0,-66.96,-66.96,,0.0,,True,True,False,4,4
MNQ_v5,2026-01-21 05:36:00+01:00,2026-01-21 08:03:00+01:00,Long,3.0,52773,52794,21,25199.25,25215.25,93.78,Canal Exit,Canal Exit,31.25,1.128,-0.448,52791.0,52794.0,52791.0,3.0,3.0,-2.94,91.56,-2.94,94.5,-96.72,False,False,False,5,8
MNQ_v5,2026-01-21 08:59:00+01:00,2026-01-21 09:20:00+01:00,Short,3.0,52802,52805,3,25207.0,25217.5,-65.22,Canal Exit,Canal Exit,39.75,0.302,-0.409,52804.0,52805.0,,1.0,1.0,-47.94,-67.44,,-19.5,,False,False,False,8,9
MNQ_v5,2026-01-21 14:56:00+01:00,2026-01-21 15:03:00+01:00,Short,2.0,52853,52854,1,25085.0,25125.75,-164.48,Stop Loss,Stop Loss,40.75,0.313,-1.908,,,,,,,,,,,,True,False,14,15
MNQ_v5,2026-01-21 21:28:00+01:00,2026-01-21 21:56:00+01:00,Short,1.0,52909,52913,4,25498.5,25471.25,53.76,Auto-Close (profit),Auto-Close (profit),154.75,0.341,-0.111,,,,,,,,,,,,False,False,21,21
MNQ_v5,2026-01-22 00:00:00+01:00,2026-01-22 09:06:00+01:00,Long,1.0,52923,53001,78,25564.75,25613.0,95.76,Canal Exit,Canal Exit,119.0,0.506,-0.685,52999.0,53001.0,52933.0,2.0,2.0,25.52,95.02,-0.98,69.5,-96.74,True,True,False,0,9
MNQ_v5,2026-01-22 15:31:00+01:00,2026-01-22 16:13:00+01:00,Short,1.0,53055,53061,6,25677.25,25563.75,226.26,Canal Exit,Canal Exit,62.5,2.28,-0.452,53058.0,53061.0,,3.0,3.0,207.52,225.52,,18.0,,False,False,False,15,16
MNQ_v5,2026-01-23 00:07:00+01:00,2026-01-23 01:59:00+01:00,Short,1.0,53121,53137,16,25591.5,25662.75,-143.24,Stop Loss,Stop Loss,71.25,0.13,-1.196,,,53129.0,,,,,-63.98,,79.26,,True,False,0,1
MNQ_v5,2026-01-23 05:36:00+01:00,2026-01-23 08:10:00+01:00,Long,3.0,53168,53190,22,25696.75,25704.0,41.28,Canal Exit,Canal Exit,32.0,1.094,-0.227,53186.0,53190.0,53188.0,4.0,4.0,51.06,39.06,18.06,-12.0,-23.22,True,False,False,5,8
MNQ_v5,2026-01-23 12:57:00+01:00,2026-01-23 15:59:00+01:00,Short,2.0,53231,53257,26,25606.25,25658.25,-209.48,Stop Loss,Stop Loss,52.0,0.952,-2.178,53250.0,,53242.0,7.0,,132.04,,10.04,,219.52,False,True,True,12,15
MNQ_v5,2026-01-26 00:49:00+01:00,2026-01-26 01:59:00+01:00,Long,1.0,53325,53335,10,25532.25,25638.5,211.76,Canal Exit,Canal Exit,132.75,0.853,-0.087,53332.0,53335.0,,3.0,3.0,93.52,211.02,,117.5,,True,True,False,0,1
MNQ_v5,2026-01-26 07:42:00+01:00,2026-01-26 08:52:00+01:00,Short,4.0,53384,53394,10,25678.25,25703.5,-204.96,Stop Loss,Stop Loss,25.25,0.525,-1.317,53391.0,,53394.0,3.0,,-133.92,,-235.92,,-30.96,False,True,True,7,8
MNQ_v5,2026-01-26 13:46:00+01:00,2026-01-26 14:56:00+01:00,Short,3.0,53436,53446,10,25680.0,25714.75,-210.72,Stop Loss,Stop Loss,34.75,0.633,-1.547,,,,,,,,,,,,False,True,13,14
MNQ_v5,2026-01-26 18:33:00+01:00,2026-01-26 18:47:00+01:00,Long,5.0,53477,53479,2,25911.25,25887.75,-238.7,Stop Loss,Stop Loss,23.5,0.191,-1.255,,,,,,,,,,,,False,False,18,18
MNQ_v5,2026-01-27 05:15:00+01:00,2026-01-27 11:54:00+01:00,Long,4.0,53561,53618,57,25992.25,26005.25,101.04,Canal Exit,Canal Exit,29.25,1.231,-0.863,53618.0,53618.0,53568.0,0.0,0.0,98.08,98.08,-159.92,0.0,-260.96,True,True,False,5,11
MNQ_v5,2026-01-28 03:44:00+01:00,2026-01-28 04:26:00+01:00,Long,9.0,53746,53752,6,26214.25,26201.5,-236.16,Stop Loss,Stop Loss,12.75,0.549,-1.412,,,,,,,,,,,,False,True,3,4
MNQ_v5,2026-01-29 00:14:00+01:00,2026-01-29 01:17:00+01:00,Short,1.0,53914,53923,9,26211.5,26156.75,108.76,Canal Exit,Canal Exit,83.0,1.286,-0.389,53921.0,53923.0,,2.0,2.0,130.02,108.02,,-22.0,,False,False,False,0,1
MNQ_v5,2026-01-29 13:39:00+01:00,2026-01-29 14:00:00+01:00,Short,2.0,54029,54032,3,26166.0,26181.75,-64.48,Canal Exit,Canal Exit,56.0,0.183,-0.375,54032.0,54032.0,,0.0,0.0,-65.96,-65.96,,0.0,,False,False,False,13,14
MNQ_v5,2026-01-29 15:10:00+01:00,2026-01-29 16:06:00+01:00,Short,1.0,54042,54050,8,26146.25,25788.0,715.76,Canal Exit,Canal Exit,75.75,5.188,-0.409,54048.0,54050.0,,2.0,2.0,522.52,715.02,,192.5,,False,False,False,15,16
MNQ_v5,2026-01-30 00:35:00+01:00,2026-01-30 02:34:00+01:00,Long,1.0,54115,54132,17,26002.5,25841.25,-323.24,Stop Loss,Stop Loss,161.25,0.102,-1.091,,,54121.0,,,,,-153.98,,169.26,,False,False,0,2
MNQ_v5,2026-01-30 10:23:00+01:00,2026-01-30 12:01:00+01:00,Short,1.0,54199,54213,14,25706.0,25792.75,-174.24,Stop Loss,Stop Loss,86.75,0.657,-1.13,,,54208.0,,,,,-96.98,,77.26,,True,True,10,12
MNQ_v5,2026-01-30 15:17:00+01:00,2026-01-30 16:27:00+01:00,Long,4.0,54241,54251,10,25825.5,25800.75,-200.96,Stop Loss,Stop Loss,24.75,4.596,-2.232,,,,,,,,,,,,True,True,15,16
MNQ_v5,2026-01-30 20:39:00+01:00,2026-01-30 21:56:00+01:00,Short,1.0,54287,54298,11,25679.5,25677.25,3.76,Auto-Close (profit),Auto-Close (profit),101.75,1.066,-0.499,54295.0,,,3.0,,79.52,,,,,False,False,False,20,21
MNQ_v5,2026-02-02 00:49:00+01:00,2026-02-02 01:31:00+01:00,Long,1.0,54315,54321,6,25535.0,25637.0,203.26,Canal Exit,Canal Exit,161.75,0.631,-0.295,54321.0,54321.0,,0.0,0.0,202.52,202.52,,0.0,,True,True,False,0,1
MNQ_v5,2026-02-02 06:11:00+01:00,2026-02-02 08:59:00+01:00,Short,1.0,54361,54385,24,25291.25,25376.0,-170.24,Stop Loss,Stop Loss,84.75,1.31,-1.215,,,54377.0,,,,,-27.48,,142.76,,True,True,6,8
MNQ_v5,2026-02-02 14:56:00+01:00,2026-02-02 15:52:00+01:00,Long,1.0,54436,54444,8,25545.5,25732.5,373.26,Canal Exit,Canal Exit,88.75,2.859,-0.293,54444.0,54444.0,,0.0,0.0,372.52,372.52,,0.0,,True,True,False,14,15
MNQ_v5,2026-02-03 01:10:00+01:00,2026-02-03 01:24:00+01:00,Short,2.0,54515,54517,2,25938.0,25978.75,-164.48,Stop Loss,Stop Loss,40.75,0.577,-1.147,,,,,,,,,,,,True,True,1,1
MNQ_v5,2026-02-03 06:11:00+01:00,2026-02-03 06:46:00+01:00,Short,4.0,54558,54563,5,25962.25,25987.75,-206.96,Stop Loss,Stop Loss,25.5,0.412,-1.353,,,,,,,,,,,,False,False,6,6
MNQ_v5,2026-02-03 09:34:00+01:00,2026-02-03 10:02:00+01:00,Short,2.0,54587,54591,4,25985.5,25999.25,-56.48,Canal Exit,Canal Exit,42.25,0.379,-0.598,54589.0,54591.0,,2.0,2.0,36.04,-57.96,,-94.0,,False,False,False,9,10
MNQ_v5,2026-02-03 18:33:00+01:00,2026-02-03 21:56:00+01:00,Short,1.0,54664,54693,29,25375.0,25443.75,-138.24,Auto-Close (loss),Auto-Close (loss),232.25,0.676,-0.404,,,54680.0,,,,,186.02,,324.26,,True,True,18,21
MNQ_v5,2026-02-04 02:13:00+01:00,2026-02-04 04:05:00+01:00,Long,1.0,54722,54738,16,25440.0,25429.25,-22.24,Canal Exit,Canal Exit,64.5,0.519,-0.64,54732.0,54738.0,54734.0,6.0,6.0,-30.48,-22.98,-42.48,7.5,-20.24,True,False,True,2,4
MNQ_v5,2026-02-04 04:26:00+01:00,2026-02-04 07:21:00+01:00,Long,3.0,54741,54766,25,25437.75,25455.75,105.78,Canal Exit,Canal Exit,39.0,0.718,-0.756,54766.0,54766.0,54753.0,0.0,0.0,103.56,103.56,-83.94,0.0,-189.72,True,True,False,4,7
MNQ_v5,2026-02-05 10:37:00+01:00,2026-02-05 13:18:00+01:00,Long,2.0,54991,55014,23,25032.0,24978.0,-217.48,Stop Loss,Stop Loss,54.0,1.116,-2.602,55014.0,55014.0,55003.0,0.0,0.0,-556.96,-556.96,-30.96,0.0,186.52,False,False,True,10,13
MNQ_v5,2026-02-05 17:16:00+01:00,2026-02-05 17:51:00+01:00,Long,1.0,55048,55053,5,24729.5,24817.0,174.26,Canal Exit,Canal Exit,192.5,0.661,-0.555,55051.0,55053.0,,2.0,2.0,110.02,173.52,,63.5,,True,True,False,17,17
MNQ_v5,2026-02-05 20:18:00+01:00,2026-02-05 20:32:00+01:00,Long,1.0,55074,55076,2,24818.75,24728.0,-182.24,Canal Exit,Canal Exit,157.0,0.129,-0.868,55075.0,55076.0,,1.0,1.0,-191.48,-182.98,,8.5,,True,True,False,20,20
MNQ_v5,2026-02-05 20:53:00+01:00,2026-02-05 21:07:00+01:00,Short,1.0,55079,55081,2,24712.5,24756.75,-89.24,Canal Exit,Canal Exit,126.5,0.306,-0.757,55080.0,55081.0,,1.0,1.0,-75.48,-89.98,,-14.5,,False,False,False,20,21
MNQ_v5,2026-02-06 02:27:00+01:00,2026-02-06 02:34:00+01:00,Short,2.0,55119,55120,1,24392.25,24439.75,-191.48,Stop Loss,Stop Loss,47.5,0.774,-1.163,,,,,,,,,,,,True,True,2,2
MNQ_v5,2026-02-06 07:42:00+01:00,2026-02-06 08:52:00+01:00,Short,2.0,55164,55174,10,24561.75,24551.0,41.52,Canal Exit,Canal Exit,52.5,1.052,-0.329,55169.0,55174.0,,5.0,5.0,26.04,40.04,,14.0,,False,False,False,7,8
MNQ_v5,2026-02-09 07:07:00+01:00,2026-02-09 07:35:00+01:00,Short,2.0,55357,55361,4,25188.0,25187.75,-0.48,Canal Exit,Canal Exit,41.0,0.713,-0.384,55361.0,55361.0,,0.0,0.0,-1.96,-1.96,,0.0,,False,False,True,7,7
MNQ_v5,2026-02-09 09:06:00+01:00,2026-02-09 09:27:00+01:00,Long,1.0,55374,55377,3,25203.0,25152.0,-102.74,Canal Exit,Canal Exit,82.5,0.142,-0.673,55376.0,55377.0,,1.0,1.0,-32.48,-103.48,,-71.0,,True,True,False,9,9
MNQ_v5,2026-02-09 09:48:00+01:00,2026-02-09 11:05:00+01:00,Short,3.0,55380,55391,11,25179.25,25084.25,567.78,Canal Exit,Canal Exit,31.75,4.087,-0.213,55391.0,55391.0,,0.0,0.0,565.56,565.56,,0.0,,False,False,False,9,11
MNQ_v5,2026-02-09 15:52:00+01:00,2026-02-09 16:20:00+01:00,Long,1.0,55432,55436,4,25116.5,25187.25,140.76,Canal Exit,Canal Exit,161.0,0.856,-0.151,55434.0,55436.0,,2.0,2.0,159.02,140.02,,-19.0,,True,True,False,15,16
MNQ_v5,2026-02-09 19:36:00+01:00,2026-02-09 21:56:00+01:00,Long,1.0,55464,55484,20,25372.25,25338.25,-68.74,Auto-Close (loss),Auto-Close (loss),60.75,0.934,-0.63,,,55478.0,,,,,33.02,,101.76,,False,True,19,21
MNQ_v5,2026-02-10 03:16:00+01:00,2026-02-10 04:19:00+01:00,Short,3.0,55522,55531,9,25315.25,25299.75,90.78,Canal Exit,Canal Exit,37.0,0.993,-0.48,55531.0,55531.0,,0.0,0.0,88.56,88.56,,0.0,,False,False,False,3,4
MNQ_v5,2026-02-10 04:40:00+01:00,2026-02-10 05:43:00+01:00,Long,6.0,55534,55543,9,25296.5,25332.25,424.56,Canal Exit,Canal Exit,18.0,2.181,-0.264,55536.0,55543.0,,7.0,7.0,51.12,420.12,,369.0,,True,True,False,4,5
MNQ_v5,2026-02-10 09:41:00+01:00,2026-02-10 10:02:00+01:00,Short,3.0,55577,55580,3,25337.5,25367.5,-182.22,Stop Loss,Stop Loss,30.0,0.375,-1.283,,,,,,,,,,,,False,False,9,10
MNQ_v5,2026-02-10 13:46:00+01:00,2026-02-10 14:14:00+01:00,Short,1.0,55612,55616,4,25354.0,25340.5,26.26,Canal Exit,Canal Exit,67.75,0.908,-0.317,55616.0,55616.0,,0.0,0.0,25.52,25.52,,0.0,,False,False,False,13,14
MNQ_v5,2026-02-10 14:56:00+01:00,2026-02-10 15:24:00+01:00,Long,1.0,55622,55626,4,25377.75,25376.75,-2.74,Canal Exit,Canal Exit,85.25,0.261,-0.24,55626.0,55626.0,,0.0,0.0,-3.48,-3.48,,0.0,,True,True,False,14,15
MNQ_v5,2026-02-10 15:45:00+01:00,2026-02-10 15:52:00+01:00,Short,1.0,55629,55630,1,25322.25,25402.75,-161.74,Canal Exit,Canal Exit,88.0,0.807,-0.972,55630.0,55630.0,,0.0,0.0,-162.48,-162.48,,0.0,,False,False,True,15,15
MNQ_v5,2026-02-10 17:02:00+01:00,2026-02-10 17:51:00+01:00,Short,2.0,55640,55647,7,25381.75,25334.5,187.52,Canal Exit,Canal Exit,57.0,1.14,-0.342,55645.0,55647.0,,2.0,2.0,206.04,186.04,,-20.0,,False,False,False,17,17
MNQ_v5,2026-02-10 19:15:00+01:00,2026-02-10 19:36:00+01:00,Short,1.0,55659,55662,3,25304.75,25299.25,10.26,Canal Exit,Canal Exit,93.0,0.363,-0.484,55662.0,55662.0,,0.0,0.0,9.52,9.52,,0.0,,False,False,False,19,19
MNQ_v5,2026-02-11 04:33:00+01:00,2026-02-11 05:36:00+01:00,Long,6.0,55731,55740,9,25321.5,25303.0,-226.44,Stop Loss,Stop Loss,18.5,1.284,-1.405,55738.0,,55740.0,2.0,,-71.88,,-248.88,,-22.44,True,False,True,4,5
MNQ_v5,2026-02-11 09:13:00+01:00,2026-02-11 09:27:00+01:00,Short,1.0,55771,55773,2,25211.5,25250.25,-78.24,Canal Exit,Canal Exit,74.0,0.027,-0.598,55772.0,55773.0,,1.0,1.0,-60.98,-78.98,,-18.0,,False,False,False,9,9
MNQ_v5,2026-02-11 10:30:00+01:00,2026-02-11 12:29:00+01:00,Short,2.0,55782,55799,17,25226.25,25241.0,-60.48,Canal Exit,Canal Exit,52.75,1.502,-0.588,55788.0,55799.0,55794.0,11.0,11.0,207.04,-61.96,45.04,-269.0,105.52,False,True,True,10,12
MNQ_v5,2026-02-11 19:08:00+01:00,2026-02-11 20:11:00+01:00,Short,1.0,55856,55865,9,25210.75,25325.0,-229.24,Stop Loss,Stop Loss,114.25,0.088,-1.035,,,55864.0,,,,,-142.48,,86.76,,True,False,19,20
MNQ_v5,2026-02-12 09:34:00+01:00,2026-02-12 09:48:00+01:00,Short,3.0,55971,55973,2,25333.5,25342.5,-56.22,Canal Exit,Canal Exit,36.0,0.25,-0.389,55973.0,55973.0,,0.0,0.0,-58.44,-58.44,,0.0,,False,False,False,9,9
MNQ_v5,2026-02-12 10:09:00+01:00,2026-02-12 13:46:00+01:00,Long,3.0,55976,56007,31,25354.5,25363.25,50.28,Canal Exit,Canal Exit,30.0,0.983,-0.833,56007.0,56007.0,55987.0,0.0,0.0,48.06,48.06,-83.94,0.0,-134.22,True,True,False,10,13
MNQ_v5,2026-02-12 15:24:00+01:00,2026-02-12 16:13:00+01:00,Short,1.0,56021,56028,7,25344.75,25202.25,284.26,Canal Exit,Canal Exit,64.5,2.709,-0.76,56026.0,56028.0,,2.0,2.0,272.52,283.52,,11.0,,False,False,False,15,16
MNQ_v5,2026-02-12 19:15:00+01:00,2026-02-12 20:46:00+01:00,Short,1.0,56054,56067,13,24824.0,24940.75,-234.24,Stop Loss,Stop Loss,116.75,0.167,-1.028,,,,,,,,,,,,True,False,19,20
MNQ_v5,2026-02-13 02:13:00+01:00,2026-02-13 02:41:00+01:00,Long,1.0,56106,56110,4,24813.5,24809.25,-9.24,Canal Exit,Canal Exit,105.0,0.064,-0.412,56110.0,56110.0,,0.0,0.0,-9.98,-9.98,,0.0,,True,True,False,2,2
MNQ_v5,2026-02-13 06:18:00+01:00,2026-02-13 10:16:00+01:00,Short,1.0,56141,56175,34,24720.25,24788.25,-136.74,Stop Loss,Stop Loss,68.0,1.14,-1.118,,,56150.0,,,,,71.02,,207.76,,True,True,6,10
MNQ_v5,2026-02-13 15:24:00+01:00,2026-02-13 15:45:00+01:00,Short,1.0,56219,56222,3,24743.75,24820.5,-154.24,Stop Loss,Stop Loss,76.75,2.15,-1.381,,,,,,,,,,,,False,True,15,15
MNQ_v5,2026-02-13 16:20:00+01:00,2026-02-13 16:41:00+01:00,Long,1.0,56227,56230,3,24818.75,24747.25,-143.74,Canal Exit,Canal Exit,240.0,0.46,-0.396,56229.0,56230.0,,1.0,1.0,3.52,-144.48,,-148.0,,True,True,False,16,16
MNQ_v5,2026-02-16 05:08:00+01:00,2026-02-16 06:39:00+01:00,Long,5.0,56329,56342,13,24829.0,24808.25,-211.2,Stop Loss,Stop Loss,20.75,0.554,-1.639,,,56339.0,,,,,-64.9,,146.3,,False,True,5,6
MNQ_v5,2026-02-17 06:18:00+01:00,2026-02-17 07:07:00+01:00,Short,3.0,56502,56509,7,24592.0,24627.75,-216.72,Stop Loss,Stop Loss,35.75,0.951,-1.175,,,,,,,,,,,,False,True,6,7
MNQ_v5,2026-02-17 16:55:00+01:00,2026-02-17 17:23:00+01:00,Long,1.0,56593,56597,4,24652.0,24727.5,150.26,Canal Exit,Canal Exit,202.75,0.713,-0.478,56597.0,56597.0,,0.0,0.0,149.52,149.52,,0.0,,True,True,False,16,17
MNQ_v5,2026-02-17 19:22:00+01:00,2026-02-17 19:57:00+01:00,Long,1.0,56614,56619,5,24767.75,24854.25,172.26,Canal Exit,Canal Exit,159.25,0.659,-0.29,56619.0,56619.0,,0.0,0.0,171.52,171.52,,0.0,,True,True,False,19,19
MNQ_v5,2026-02-18 07:42:00+01:00,2026-02-18 08:10:00+01:00,Long,5.0,56712,56716,4,24829.5,24809.0,-208.7,Stop Loss,Stop Loss,20.5,0.915,-1.134,,,,,,,,,,,,False,True,7,8
MNQ_v5,2026-02-18 19:01:00+01:00,2026-02-18 19:22:00+01:00,Long,2.0,56809,56812,3,25101.0,25057.75,-174.48,Stop Loss,Stop Loss,43.25,0.613,-1.156,,,,,,,,,,,,False,True,19,19
MNQ_v5,2026-02-19 06:32:00+01:00,2026-02-19 07:49:00+01:00,Long,2.0,56900,56911,11,24985.25,25009.5,95.52,Canal Exit,Canal Exit,44.75,0.676,-0.173,56906.0,56911.0,,5.0,5.0,39.04,94.04,,55.0,,True,True,False,6,7
MNQ_v5,2026-02-19 18:26:00+01:00,2026-02-19 18:47:00+01:00,Long,1.0,57002,57005,3,24862.5,24801.75,-122.24,Stop Loss,Stop Loss,60.75,0.403,-1.519,,,,,,,,,,,,True,False,18,18
MNQ_v5,2026-02-19 20:46:00+01:00,2026-02-19 21:49:00+01:00,Short,1.0,57022,57031,9,24774.5,24850.0,-151.74,Stop Loss,Stop Loss,75.5,0.305,-1.063,57025.0,,57030.0,6.0,,-35.98,,-101.98,,49.76,False,True,False,20,21
MNQ_v5,2026-02-20 10:51:00+01:00,2026-02-20 11:54:00+01:00,Short,2.0,57135,57144,9,24937.5,24892.5,178.52,Canal Exit,Canal Exit,47.75,0.963,-0.204,57139.0,57144.0,,5.0,5.0,51.04,177.04,,126.0,,False,False,False,10,11
MNQ_v5,2026-02-20 18:54:00+01:00,2026-02-20 21:56:00+01:00,Long,1.0,57204,57230,26,25041.5,25073.75,63.76,Auto-Close (profit),Auto-Close (profit),162.25,0.499,-0.693,,,57220.0,,,,,9.02,,-54.74,,False,False,18,21
MNQ_v5,2026-02-23 04:19:00+01:00,2026-02-23 07:56:00+01:00,Short,2.0,57277,57308,31,24822.5,24881.75,-238.48,Stop Loss,Stop Loss,59.25,0.262,-1.177,,,57298.0,,,,,-34.96,,203.52,,True,False,4,7
MNQ_v5,2026-02-23 10:02:00+01:00,2026-02-23 10:23:00+01:00,Long,1.0,57326,57329,3,24971.25,24994.0,44.76,Canal Exit,Canal Exit,93.5,0.294,-0.302,57328.0,57329.0,,1.0,1.0,27.02,44.02,,17.0,,True,True,False,10,10
MNQ_v5,2026-02-23 15:52:00+01:00,2026-02-23 16:20:00+01:00,Short,1.0,57375,57379,4,24907.0,24897.25,18.76,Canal Exit,Canal Exit,133.0,0.508,-0.35,57379.0,57379.0,,0.0,0.0,18.02,18.02,,0.0,,False,False,False,15,16
MNQ_v5,2026-02-23 21:35:00+01:00,2026-02-23 21:56:00+01:00,Long,2.0,57424,57427,3,24729.25,24768.25,154.52,Auto-Close (profit),Auto-Close (profit),50.75,1.03,-0.369,,,,,,,,,,,,True,False,21,21
MNQ_v5,2026-02-24 01:59:00+01:00,2026-02-24 04:19:00+01:00,Long,4.0,57454,57474,20,24797.25,24880.0,659.04,Canal Exit,Canal Exit,24.5,3.571,-0.092,57469.0,57474.0,,5.0,5.0,544.08,656.08,,112.0,,True,True,False,1,4
MNQ_v5,2026-02-24 05:29:00+01:00,2026-02-24 06:11:00+01:00,Long,26.0,57484,57490,6,24869.75,24865.25,-253.24,Stop Loss,Stop Loss,4.5,4.556,-1.722,,,,,,,,,,,,False,True,5,6
MNQ_v5,2026-02-24 13:04:00+01:00,2026-02-24 13:25:00+01:00,Long,2.0,57549,57552,3,24863.25,24841.5,-88.48,Canal Exit,Canal Exit,54.5,0.697,-0.537,57551.0,57552.0,,1.0,1.0,-79.96,-89.96,,-10.0,,True,True,True,13,13
MNQ_v5,2026-02-24 13:46:00+01:00,2026-02-24 14:42:00+01:00,Short,1.0,57555,57563,8,24812.25,24883.75,-143.74,Stop Loss,Stop Loss,71.5,0.224,-1.049,57558.0,,57562.0,5.0,,-25.48,,-97.98,,45.76,False,True,False,13,14
MNQ_v5,2026-02-24 15:24:00+01:00,2026-02-24 15:38:00+01:00,Short,1.0,57569,57571,2,24813.0,24891.25,-157.24,Stop Loss,Stop Loss,78.25,1.521,-1.268,57571.0,57571.0,,0.0,0.0,-196.98,-196.98,,0.0,,False,False,True,15,15
MNQ_v5,2026-02-25 09:06:00+01:00,2026-02-25 09:27:00+01:00,Long,3.0,57713,57716,3,25050.5,25064.0,78.78,Canal Exit,Canal Exit,33.0,1.22,-0.061,57714.0,57716.0,,2.0,2.0,99.06,76.56,,-22.5,,True,True,False,9,9
MNQ_v5,2026-02-25 15:03:00+01:00,2026-02-25 16:06:00+01:00,Long,2.0,57764,57773,9,25166.75,25315.0,591.52,Canal Exit,Canal Exit,43.0,4.517,-0.855,57771.0,57773.0,,2.0,2.0,711.04,590.04,,-121.0,,True,True,False,15,16
MNQ_v5,2026-02-25 17:44:00+01:00,2026-02-25 21:56:00+01:00,Long,2.0,57787,57823,36,25322.5,25384.0,244.52,Auto-Close (profit),Auto-Close (profit),57.75,1.286,-0.234,,,57801.0,,,,,69.04,,-175.48,,False,False,17,21
MNQ_v5,2026-02-26 01:24:00+01:00,2026-02-26 02:27:00+01:00,Long,2.0,57845,57854,9,25333.25,25274.5,-236.48,Stop Loss,Stop Loss,58.75,0.166,-1.166,,,,,,,,,,,,True,False,1,2
MNQ_v5,2026-02-26 03:51:00+01:00,2026-02-26 04:40:00+01:00,Short,8.0,57866,57873,7,25306.75,25320.25,-221.92,Stop Loss,Stop Loss,13.5,0.907,-1.259,,,,,,,,,,,,True,True,3,4
MNQ_v5,2026-02-26 10:23:00+01:00,2026-02-26 10:51:00+01:00,Long,3.0,57922,57926,4,25380.5,25382.5,9.78,Canal Exit,Canal Exit,35.0,0.614,-0.479,57926.0,57926.0,,0.0,0.0,7.56,7.56,,0.0,,True,True,False,10,10
MNQ_v5,2026-02-26 15:10:00+01:00,2026-02-26 15:45:00+01:00,Short,2.0,57963,57968,5,25375.0,25214.5,640.52,Canal Exit,Canal Exit,40.5,4.216,-0.247,57968.0,57968.0,,0.0,0.0,639.04,639.04,,0.0,,False,False,False,15,15
MNQ_v5,2026-02-27 00:28:00+01:00,2026-02-27 03:30:00+01:00,Long,2.0,58035,58061,26,25008.75,24995.75,-53.48,Canal Exit,Canal Exit,54.75,0.32,-0.986,58059.0,58061.0,58048.0,2.0,2.0,8.04,-54.96,-40.96,-63.0,12.52,True,True,False,0,3
MNQ_v5,2026-02-27 07:49:00+01:00,2026-02-27 08:38:00+01:00,Long,3.0,58098,58105,7,25027.25,25071.0,260.28,Canal Exit,Canal Exit,35.5,1.331,-0.141,58105.0,58105.0,,0.0,0.0,258.06,258.06,,0.0,,True,True,False,7,8
MNQ_v5,2026-02-27 10:09:00+01:00,2026-02-27 10:30:00+01:00,Long,2.0,58118,58121,3,25090.25,25057.25,-133.48,Canal Exit,Canal Exit,44.0,0.193,-0.761,58121.0,58121.0,,0.0,0.0,-134.96,-134.96,,0.0,,True,True,False,10,10
MNQ_v5,2026-03-02 03:02:00+01:00,2026-03-02 05:50:00+01:00,Short,1.0,58255,58279,24,24839.75,24770.25,138.26,Canal Exit,Canal Exit,61.5,1.61,-0.573,58276.0,58279.0,58278.0,3.0,3.0,77.02,137.52,112.02,60.5,-26.24,False,True,False,3,5
MNQ_v5,2026-03-03 02:41:00+01:00,2026-03-03 03:16:00+01:00,Short,1.0,58450,58455,5,24908.25,24828.0,159.76,Canal Exit,Canal Exit,74.75,1.291,-0.14,58455.0,58455.0,,0.0,0.0,159.02,159.02,,0.0,,False,False,False,2,3
MNQ_v5,2026-03-03 05:15:00+01:00,2026-03-03 07:42:00+01:00,Short,2.0,58472,58493,21,24838.75,24742.75,382.52,Canal Exit,Canal Exit,46.0,2.185,-0.174,58491.0,58493.0,58483.0,2.0,2.0,233.04,381.04,236.04,148.0,-146.48,False,True,False,5,7
MNQ_v5,2026-03-03 15:31:00+01:00,2026-03-03 15:45:00+01:00,Long,1.0,58560,58562,2,24642.25,24527.5,-230.24,Canal Exit,Canal Exit,194.5,0.096,-0.796,58561.0,58562.0,,1.0,1.0,-219.98,-230.98,,-11.0,,True,True,False,15,15
MNQ_v5,2026-03-03 17:09:00+01:00,2026-03-03 17:37:00+01:00,Long,1.0,58574,58578,4,24595.5,24640.5,89.26,Canal Exit,Canal Exit,244.75,0.223,-0.21,58578.0,58578.0,,0.0,0.0,88.52,88.52,,0.0,,True,True,False,17,17
MNQ_v5,2026-03-03 21:14:00+01:00,2026-03-03 21:56:00+01:00,Long,1.0,58609,58615,6,24777.25,24757.0,-41.24,Auto-Close (loss),Auto-Close (loss),68.0,0.452,-0.875,,,,,,,,,,,,False,False,21,21
MNQ_v5,2026-03-04 02:13:00+01:00,2026-03-04 02:41:00+01:00,Short,1.0,58644,58648,4,24700.0,24679.0,41.26,Canal Exit,Canal Exit,104.25,0.674,-0.211,58647.0,58648.0,,1.0,1.0,-2.48,40.52,,43.0,,False,False,False,2,2
MNQ_v5,2026-03-04 05:43:00+01:00,2026-03-04 08:38:00+01:00,Short,2.0,58674,58699,25,24600.25,24644.25,-177.48,Stop Loss,Stop Loss,44.0,2.312,-1.494,,,58692.0,,,,,156.04,,333.52,,True,True,5,8
MNQ_v5,2026-03-04 15:59:00+01:00,2026-03-04 16:34:00+01:00,Long,1.0,58762,58767,5,24937.25,25076.25,277.26,Canal Exit,Canal Exit,123.75,1.701,-0.463,58767.0,58767.0,,0.0,0.0,276.52,276.52,,0.0,,True,True,False,15,16
MNQ_v5,2026-03-04 18:54:00+01:00,2026-03-04 21:56:00+01:00,Long,1.0,58786,58812,26,25179.0,25120.0,-118.74,Auto-Close (loss),Auto-Close (loss),127.75,0.297,-0.667,,,58801.0,,,,,32.52,,151.26,,False,False,18,21
MNQ_v5,2026-03-05 06:18:00+01:00,2026-03-05 08:31:00+01:00,Short,4.0,58876,58895,19,25076.75,25066.5,79.04,Canal Exit,Canal Exit,29.75,3.227,-0.664,58886.0,58895.0,58891.0,9.0,9.0,628.08,76.08,48.08,-552.0,-30.96,False,True,False,6,8
MNQ_v5,2026-03-05 08:59:00+01:00,2026-03-05 10:02:00+01:00,Short,1.0,58899,58908,9,25008.25,25093.75,-171.74,Stop Loss,Stop Loss,85.5,0.412,-1.848,58905.0,,,3.0,,-25.48,,,,,False,False,False,8,10
MNQ_v5,2026-03-05 10:51:00+01:00,2026-03-05 12:36:00+01:00,Short,1.0,58915,58930,15,25112.75,25112.75,-0.74,Canal Exit,Canal Exit,93.75,0.328,-0.419,58927.0,58930.0,58930.0,3.0,3.0,-61.48,-1.48,-1.48,60.0,-0.74,False,True,False,10,12
MNQ_v5,2026-03-05 17:51:00+01:00,2026-03-05 18:12:00+01:00,Long,1.0,58975,58978,3,25037.0,24977.75,-119.24,Canal Exit,Canal Exit,97.0,0.887,-0.631,58978.0,58978.0,,0.0,0.0,-119.98,-119.98,,0.0,,True,True,True,17,18
MNQ_v5,2026-03-05 18:33:00+01:00,2026-03-05 18:54:00+01:00,Short,1.0,58981,58984,3,24887.25,24817.0,139.76,Canal Exit,Canal Exit,235.75,0.433,-0.15,58983.0,58984.0,,1.0,1.0,117.52,139.02,,21.5,,False,False,False,18,18
MNQ_v5,2026-03-06 02:06:00+01:00,2026-03-06 02:27:00+01:00,Long,3.0,59038,59041,3,25083.5,25046.0,-227.22,Stop Loss,Stop Loss,37.5,0.207,-1.213,,,,,,,,,,,,False,False,2,2
MNQ_v5,2026-03-06 09:20:00+01:00,2026-03-06 13:11:00+01:00,Short,1.0,59100,59133,33,25059.0,24866.75,383.76,Canal Exit,Canal Exit,80.75,2.759,-0.622,59133.0,59133.0,59118.0,0.0,0.0,383.02,383.02,219.02,0.0,-164.74,False,False,False,9,13
MNQ_v5,2026-03-06 19:22:00+01:00,2026-03-06 19:29:00+01:00,Long,1.0,59186,59187,1,24825.0,24833.5,16.26,Canal Exit,Canal Exit,81.0,0.759,-0.133,59187.0,59187.0,,0.0,0.0,15.52,15.52,,0.0,,True,True,False,19,19
MNQ_v5,2026-03-09 09:02:00+01:00,2026-03-09 10:47:00+01:00,Long,1.0,59304,59319,15,24290.0,24404.75,228.76,Canal Exit,Canal Exit,79.75,2.571,-0.715,59319.0,59319.0,,0.0,0.0,228.02,228.02,,0.0,,True,True,False,9,10
MNQ_v5,2026-03-09 19:11:00+01:00,2026-03-09 20:49:00+01:00,Long,1.0,59391,59405,14,24653.75,24969.75,631.26,Canal Exit,Canal Exit,78.25,5.128,-0.514,59405.0,59405.0,,0.0,0.0,630.52,630.52,,0.0,,True,True,False,19,20
MNQ_v5,2026-03-10 14:59:00+01:00,2026-03-10 15:34:00+01:00,Short,1.0,59553,59558,5,24987.5,25081.0,-187.74,Stop Loss,Stop Loss,93.5,1.016,-1.142,,,,,,,,,,,,False,True,14,15
MNQ_v5,2026-03-10 23:14:00+01:00,2026-03-11 00:59:00+01:00,Short,3.0,59616,59631,15,24994.5,25028.75,-207.72,Stop Loss,Stop Loss,34.25,1.255,-1.036,,,59626.0,,,,,57.06,,264.78,,True,True,23,0
MNQ_v5,2026-03-11 04:15:00+01:00,2026-03-11 06:07:00+01:00,Long,5.0,59659,59675,16,25097.0,25073.75,-236.2,Stop Loss,Stop Loss,23.25,1.14,-1.753,,,59671.0,,,,,-19.9,,216.3,,False,True,4,6
MNQ_v5,2026-03-11 09:51:00+01:00,2026-03-11 10:19:00+01:00,Short,2.0,59707,59711,4,24982.25,24946.5,141.52,Canal Exit,Canal Exit,55.5,1.032,-0.302,59711.0,59711.0,,0.0,0.0,140.04,140.04,,0.0,,False,False,False,9,10
MNQ_v5,2026-03-11 18:36:00+01:00,2026-03-11 19:04:00+01:00,Short,1.0,59782,59786,4,24915.25,24909.5,10.76,Canal Exit,Canal Exit,119.75,0.347,-0.666,59786.0,59786.0,,0.0,0.0,10.02,10.02,,0.0,,False,False,False,18,19
MNQ_v5,2026-03-12 05:46:00+01:00,2026-03-12 06:00:00+01:00,Short,3.0,59870,59872,2,24713.75,24751.75,-230.22,Stop Loss,Stop Loss,38.0,0.118,-1.678,,,,,,,,,,,,True,False,5,6
MNQ_v5,2026-03-12 17:47:00+01:00,2026-03-12 20:56:00+01:00,Short,1.0,59973,60000,27,24631.25,24555.75,150.26,Auto-Close (profit),Auto-Close (profit),104.0,0.849,-0.892,,,,,,,,,,,,False,False,17,20
MNQ_v5,2026-03-13 18:43:00+01:00,2026-03-13 20:56:00+01:00,Short,1.0,60179,60198,19,24368.25,24397.5,-59.24,Auto-Close (loss),Auto-Close (loss),120.0,0.146,-0.871,,,60187.0,,,,,-172.98,,-113.74,,False,False,18,20
MNQ_v5,2026-03-15 23:42:00+01:00,2026-03-16 00:10:00+01:00,Long,1.0,60214,60218,4,24421.0,24443.0,43.26,Canal Exit,Canal Exit,151.0,0.495,-0.427,60216.0,60218.0,,2.0,2.0,71.52,42.52,,-29.0,,True,True,False,23,0
MNQ_v5,2026-03-16 00:38:00+01:00,2026-03-16 01:06:00+01:00,Short,1.0,60222,60226,4,24433.5,24495.75,-125.24,Stop Loss,Stop Loss,62.25,0.426,-1.341,,,,,,,,,,,,False,False,0,1
MNQ_v5,2026-03-16 03:19:00+01:00,2026-03-16 07:52:00+01:00,Long,4.0,60245,60284,39,24493.25,24563.0,555.04,Canal Exit,Canal Exit,24.5,3.051,-0.765,60280.0,60284.0,60266.0,4.0,4.0,390.08,552.08,232.08,162.0,-322.96,True,False,False,3,7
MNQ_v5,2026-03-16 14:52:00+01:00,2026-03-16 15:27:00+01:00,Long,1.0,60344,60349,5,24736.5,24677.0,-119.74,Canal Exit,Canal Exit,113.5,0.258,-0.542,60349.0,60349.0,,0.0,0.0,-120.48,-120.48,,0.0,,True,True,False,14,15
MNQ_v5,2026-03-16 16:16:00+01:00,2026-03-16 19:46:00+01:00,Long,1.0,60356,60386,30,24726.25,24718.5,-16.24,Canal Exit,Canal Exit,124.0,0.109,-0.879,60386.0,60386.0,60364.0,0.0,0.0,-16.98,-16.98,-90.48,0.0,-74.24,True,True,False,16,19
MNQ_v5,2026-03-16 20:07:00+01:00,2026-03-16 20:35:00+01:00,Short,1.0,60389,60393,4,24702.25,24662.25,79.26,Canal Exit,Canal Exit,114.0,0.375,-1.0,60393.0,60393.0,,0.0,0.0,78.52,78.52,,0.0,,False,False,False,20,20
MNQ_v5,2026-03-16 23:56:00+01:00,2026-03-17 00:59:00+01:00,Short,4.0,60414,60423,9,24847.5,24877.0,-238.96,Stop Loss,Stop Loss,29.5,0.364,-1.186,,,,,,,,,,,,False,False,23,0
MNQ_v5,2026-03-17 06:42:00+01:00,2026-03-17 08:41:00+01:00,Short,1.0,60472,60489,17,24792.25,24783.75,16.26,Canal Exit,Canal Exit,60.75,1.041,-0.671,60477.0,60489.0,60483.0,12.0,12.0,63.02,15.52,55.52,-47.5,39.26,False,True,False,6,8
MNQ_v5,2026-03-17 23:07:00+01:00,2026-03-18 00:31:00+01:00,Short,9.0,60605,60617,12,25015.25,25007.0,141.84,Canal Exit,Canal Exit,13.25,1.906,-0.66,60611.0,60617.0,60616.0,6.0,6.0,229.68,135.18,207.18,-94.5,65.34,False,True,False,23,0
MNQ_v5,2026-03-18 04:43:00+01:00,2026-03-18 08:27:00+01:00,Long,2.0,60653,60685,32,25129.0,25179.5,200.52,Canal Exit,Canal Exit,48.5,1.686,-0.206,60680.0,60685.0,60663.0,5.0,5.0,205.04,199.04,40.04,-6.0,-160.48,True,False,False,4,8
MNQ_v5,2026-03-18 11:57:00+01:00,2026-03-18 12:11:00+01:00,Short,2.0,60715,60717,2,25153.75,25174.75,-85.48,Canal Exit,Canal Exit,44.0,0.159,-0.5,60717.0,60717.0,,0.0,0.0,-86.96,-86.96,,0.0,,False,False,False,11,12
MNQ_v5,2026-03-18 15:34:00+01:00,2026-03-18 16:37:00+01:00,Short,1.0,60746,60755,9,24841.5,24894.25,-106.24,Canal Exit,Canal Exit,157.5,0.141,-0.573,60748.0,60755.0,60752.0,7.0,7.0,-6.48,-106.98,-69.98,-100.5,36.26,False,True,False,15,16
MNQ_v5,2026-03-19 09:02:00+01:00,2026-03-19 09:58:00+01:00,Short,4.0,60888,60896,8,24573.75,24579.75,-50.96,Canal Exit,Canal Exit,29.25,2.333,-0.692,60895.0,60896.0,,1.0,1.0,216.08,-53.92,,-270.0,,False,False,True,9,9
MNQ_v5,2026-03-19 18:50:00+01:00,2026-03-19 19:25:00+01:00,Long,1.0,60972,60977,5,24463.5,24458.0,-11.74,Canal Exit,Canal Exit,86.25,0.667,-0.449,60977.0,60977.0,,0.0,0.0,-12.48,-12.48,,0.0,,True,True,True,18,19
MNQ_v5,2026-03-19 19:46:00+01:00,2026-03-19 19:53:00+01:00,Short,1.0,60980,60981,1,24440.5,24521.0,-161.74,Stop Loss,Stop Loss,80.5,0.289,-1.04,,,,,,,,,,,,True,False,19,19
MNQ_v5,2026-03-19 23:35:00+01:00,2026-03-20 06:07:00+01:00,Long,1.0,61005,61061,56,24636.75,24563.25,-147.74,Stop Loss,Stop Loss,73.5,0.327,-1.058,,,61039.0,,,,,-35.48,,112.26,,False,False,23,6
MNQ_v5,2026-03-20 09:30:00+01:00,2026-03-20 10:54:00+01:00,Short,4.0,61090,61102,12,24590.5,24419.5,1365.04,Canal Exit,Canal Exit,26.0,7.019,-0.5,61101.0,61102.0,,1.0,1.0,1356.08,1362.08,,6.0,,False,False,False,9,10
MNQ_v5,2026-03-20 17:33:00+01:00,2026-03-20 19:18:00+01:00,Short,1.0,61159,61174,15,24270.25,24123.5,292.76,Canal Exit,Canal Exit,88.75,1.766,-0.335,61173.0,61174.0,,1.0,1.0,193.52,292.02,,98.5,,False,False,False,17,19
MNQ_v5,2026-03-23 01:20:00+01:00,2026-03-23 01:34:00+01:00,Long,1.0,61218,61220,2,24066.5,23972.0,-189.74,Stop Loss,Stop Loss,94.5,0.251,-1.188,61219.0,61220.0,,1.0,1.0,-105.48,-212.48,,-107.0,,True,True,False,1,1
MNQ_v5,2026-03-23 02:23:00+01:00,2026-03-23 02:51:00+01:00,Long,1.0,61227,61231,4,24028.25,24044.5,31.76,Canal Exit,Canal Exit,92.25,0.482,-0.168,61229.0,61231.0,,2.0,2.0,56.52,31.02,,-25.5,,True,True,False,2,2
MNQ_v5,2026-03-23 05:32:00+01:00,2026-03-23 05:53:00+01:00,Long,2.0,61254,61257,3,24002.0,23996.5,-23.48,Canal Exit,Canal Exit,56.25,0.04,-0.462,61257.0,61257.0,,0.0,0.0,-24.96,-24.96,,0.0,,True,True,False,5,5
MNQ_v5,2026-03-23 06:28:00+01:00,2026-03-23 07:59:00+01:00,Short,1.0,61262,61275,13,23959.75,23872.0,174.76,Canal Exit,Canal Exit,73.75,1.807,-0.583,61269.0,61275.0,,6.0,6.0,50.02,174.02,,124.0,,False,False,False,6,7
MNQ_v5,2026-03-23 14:59:00+01:00,2026-03-23 16:58:00+01:00,Long,1.0,61335,61352,17,24556.0,24390.75,-331.24,Stop Loss,Stop Loss,165.25,0.811,-1.121,,,61347.0,,,,,110.52,,441.76,,False,True,14,16
MNQ_v5,2026-03-24 00:38:00+01:00,2026-03-24 02:02:00+01:00,Short,7.0,61410,61422,12,24473.0,24277.0,2738.82,Canal Exit,Canal Exit,17.0,12.662,-0.118,61417.0,61422.0,,5.0,5.0,1494.64,2733.64,,1239.0,,False,False,False,0,2
MNQ_v5,2026-03-24 04:22:00+01:00,2026-03-24 05:04:00+01:00,Short,11.0,61442,61448,6,24280.5,24290.5,-228.14,Stop Loss,Stop Loss,10.0,4.975,-2.675,,,,,,,,,,,,True,True,4,5
MNQ_v5,2026-03-24 19:04:00+01:00,2026-03-24 19:46:00+01:00,Long,1.0,61568,61574,6,24228.75,24295.0,131.76,Canal Exit,Canal Exit,68.5,1.755,-0.292,61574.0,61574.0,,0.0,0.0,131.02,131.02,,0.0,,True,True,False,19,19
MNQ_v5,2026-03-24 20:28:00+01:00,2026-03-24 20:56:00+01:00,Short,1.0,61580,61584,4,24246.5,24218.75,54.76,Auto-Close (profit),Auto-Close (profit),102.5,0.559,-0.354,,,,,,,,,,,,False,False,20,20
MNQ_v5,2026-03-25 07:59:00+01:00,2026-03-25 09:16:00+01:00,Long,3.0,61671,61682,11,24363.75,24515.0,905.28,Canal Exit,Canal Exit,39.25,4.357,-0.318,61679.0,61682.0,,3.0,3.0,342.06,903.06,,561.0,,True,True,False,7,9
MNQ_v5,2026-03-25 17:26:00+01:00,2026-03-25 17:54:00+01:00,Long,1.0,61752,61756,4,24435.0,24424.75,-21.24,Canal Exit,Canal Exit,147.75,0.107,-0.277,61756.0,61756.0,,0.0,0.0,-21.98,-21.98,,0.0,,True,True,False,17,17
MNQ_v5,2026-03-25 23:00:00+01:00,2026-03-25 23:35:00+01:00,Short,3.0,61792,61797,5,24348.5,24333.25,89.28,Canal Exit,Canal Exit,33.25,0.85,-0.609,61797.0,61797.0,,0.0,0.0,87.06,87.06,,0.0,,False,False,False,23,23
MNQ_v5,2026-03-26 00:59:00+01:00,2026-03-26 01:34:00+01:00,Long,2.0,61809,61814,5,24331.75,24383.0,203.52,Canal Exit,Canal Exit,48.0,1.63,-0.312,61812.0,61814.0,,2.0,2.0,238.04,202.04,,-36.0,,True,True,False,0,1
MNQ_v5,2026-03-26 02:02:00+01:00,2026-03-26 03:47:00+01:00,Short,2.0,61818,61833,15,24356.5,24288.0,272.52,Canal Exit,Canal Exit,53.5,2.121,-0.411,61833.0,61833.0,,0.0,0.0,271.04,271.04,,0.0,,False,False,False,2,3
MNQ_v5,2026-03-26 04:15:00+01:00,2026-03-26 04:50:00+01:00,Long,1.0,61837,61842,5,24323.5,24376.25,104.76,Canal Exit,Canal Exit,80.5,1.214,-0.199,61842.0,61842.0,,0.0,0.0,104.02,104.02,,0.0,,True,True,False,4,4
MNQ_v5,2026-03-26 05:18:00+01:00,2026-03-26 06:49:00+01:00,Short,1.0,61846,61859,13,24356.75,24260.5,191.76,Canal Exit,Canal Exit,64.5,1.57,-0.198,61855.0,61859.0,,4.0,4.0,174.02,191.02,,17.0,,False,False,False,5,6
MNQ_v5,2026-03-26 09:16:00+01:00,2026-03-26 09:51:00+01:00,Short,1.0,61880,61885,5,24208.25,24197.0,21.76,Canal Exit,Canal Exit,89.75,0.593,-0.276,61884.0,61885.0,,1.0,1.0,67.02,21.02,,-46.0,,False,False,False,9,9
MNQ_v5,2026-03-26 12:04:00+01:00,2026-03-26 14:45:00+01:00,Short,4.0,61904,61927,23,24175.0,24202.5,-222.96,Stop Loss,Stop Loss,27.5,3.964,-1.136,,,61919.0,,,,,482.08,,705.04,,True,True,12,14
MNQ_v5,2026-03-26 20:28:00+01:00,2026-03-26 20:56:00+01:00,Short,1.0,61976,61980,4,23822.0,23786.75,69.76,Auto-Close (profit),Auto-Close (profit),68.0,0.746,-0.353,,,,,,,,,,,,False,False,20,20
MNQ_v5,2026-03-27 02:16:00+01:00,2026-03-27 03:40:00+01:00,Long,2.0,62018,62030,12,23852.25,23870.75,72.52,Canal Exit,Canal Exit,47.0,0.729,-0.319,62023.0,62030.0,,7.0,7.0,53.04,71.04,,18.0,,True,True,False,2,3
MNQ_v5,2026-03-27 04:36:00+01:00,2026-03-27 05:11:00+01:00,Long,2.0,62038,62043,5,23889.0,23889.5,0.52,Canal Exit,Canal Exit,49.75,0.181,-0.447,62041.0,62043.0,,2.0,2.0,-0.96,-0.96,,0.0,,True,True,False,4,5
MNQ_v5,2026-03-27 16:09:00+01:00,2026-03-27 16:16:00+01:00,Long,2.0,62137,62138,1,23486.25,23479.0,-30.48,Canal Exit,Canal Exit,47.5,0.795,-0.589,62138.0,62138.0,,0.0,0.0,-31.96,-31.96,,0.0,,True,True,True,16,16
MNQ_v5,2026-03-27 17:12:00+01:00,2026-03-27 18:57:00+01:00,Short,1.0,62146,62161,15,23499.0,23355.25,286.76,Canal Exit,Canal Exit,112.0,1.368,-0.261,62160.0,62161.0,,1.0,1.0,285.52,286.02,,0.5,,False,False,False,17,18
MNQ_v5,2026-03-27 20:42:00+01:00,2026-03-27 20:56:00+01:00,Short,1.0,62176,62178,2,23300.75,23308.75,-16.74,Auto-Close (loss),Auto-Close (loss),96.0,0.331,-0.526,,,,,,,,,,,,True,False,20,20
MNQ_v5,2026-03-30 02:20:00+02:00,2026-03-30 02:41:00+02:00,Long,1.0,62208,62211,3,23249.0,23165.75,-167.24,Canal Exit,Canal Exit,155.25,0.09,-0.657,62209.0,62211.0,,2.0,2.0,-65.98,-167.98,,-102.0,,True,True,False,2,2
MNQ_v5,2026-03-30 18:12:00+02:00,2026-03-30 18:40:00+02:00,Short,1.0,62344,62348,4,23302.5,23299.0,6.26,Canal Exit,Canal Exit,135.25,0.266,-0.331,62348.0,62348.0,,0.0,0.0,5.52,5.52,,0.0,,False,False,False,18,18
MNQ_v5,2026-03-31 10:30:00+02:00,2026-03-31 12:15:00+02:00,Short,1.0,62476,62491,15,23328.75,23297.75,61.26,Canal Exit,Canal Exit,62.5,0.568,-0.364,62490.0,62491.0,,1.0,1.0,17.02,60.52,,43.5,,False,False,False,10,12
MNQ_v5,2026-03-31 13:11:00+02:00,2026-03-31 13:46:00+02:00,Long,1.0,62499,62504,5,23368.5,23347.75,-42.24,Canal Exit,Canal Exit,130.5,0.241,-0.648,62504.0,62504.0,,0.0,0.0,-42.98,-42.98,,0.0,,True,True,False,13,13
MNQ_v5,2026-03-31 17:37:00+02:00,2026-03-31 20:11:00+02:00,Long,1.0,62537,62559,22,23482.25,23832.75,700.26,Canal Exit,Canal Exit,104.75,3.771,-0.442,62549.0,62559.0,62556.0,10.0,10.0,655.02,699.52,553.02,44.5,-147.24,True,False,False,17,20
MNQ_v5,2026-04-01 10:44:00+02:00,2026-04-01 10:51:00+02:00,Long,2.0,62676,62677,1,24092.0,24033.25,-236.48,Stop Loss,Stop Loss,58.75,0.179,-1.119,,,,,,,,,,,,False,False,10,10
MNQ_v5,2026-04-01 15:38:00+02:00,2026-04-01 16:34:00+02:00,Long,1.0,62718,62726,8,24096.5,24188.25,182.76,Canal Exit,Canal Exit,60.25,2.452,-0.606,62726.0,62726.0,,0.0,0.0,182.02,182.02,,0.0,,True,True,False,15,16
MNQ_v5,2026-04-02 12:57:00+02:00,2026-04-02 13:04:00+02:00,Long,3.0,62893,62894,1,23810.0,23773.5,-221.22,Stop Loss,Stop Loss,36.5,0.329,-1.349,,,,,,,,,,,,True,False,12,13
MNQ_v5,2026-04-02 15:38:00+02:00,2026-04-02 15:52:00+02:00,Short,1.0,62916,62918,2,23710.75,23819.0,-217.24,Stop Loss,Stop Loss,108.25,0.303,-1.672,,,,,,,,,,,,True,False,15,15
MNQ_v5,2026-04-02 18:47:00+02:00,2026-04-02 21:56:00+02:00,Long,1.0,62943,62970,27,24153.0,24221.0,135.26,Auto-Close (profit),Auto-Close (profit),95.25,0.806,-0.94,,,62952.0,,,,,-133.48,,-268.74,,True,False,18,21
MNQ_v5,2026-04-03 00:35:00+02:00,2026-04-03 07:00:00+02:00,Long,1.0,62985,63040,55,24206.75,24184.5,-45.24,Canal Exit,Canal Exit,69.25,0.704,-0.805,63039.0,63040.0,63005.0,1.0,1.0,-79.98,-45.98,35.02,34.0,80.26,True,True,True,0,7
MNQ_v5,2026-04-03 09:34:00+02:00,2026-04-03 10:44:00+02:00,Long,3.0,63062,63072,10,24157.75,24156.0,-12.72,Canal Exit,Canal Exit,37.5,0.26,-0.413,63067.0,63072.0,,5.0,5.0,4.56,-14.94,,-19.5,,True,True,False,9,10
MNQ_v5,2026-04-06 00:49:00+02:00,2026-04-06 02:27:00+02:00,Long,1.0,63118,63132,14,24085.5,24180.0,188.26,Canal Exit,Canal Exit,104.5,1.144,-0.435,63130.0,63132.0,,2.0,2.0,149.02,187.52,,38.5,,True,True,False,0,2
MNQ_v5,2026-04-06 05:50:00+02:00,2026-04-06 10:23:00+02:00,Long,1.0,63161,63200,39,24211.25,24350.0,276.76,Canal Exit,Canal Exit,82.5,1.812,-0.118,63198.0,63200.0,63177.0,2.0,2.0,240.52,276.02,7.02,35.5,-269.74,True,True,False,5,10
MNQ_v5,2026-04-06 16:27:00+02:00,2026-04-06 17:44:00+02:00,Short,1.0,63252,63263,11,24354.5,24322.0,64.26,Canal Exit,Canal Exit,98.5,1.036,-0.358,63262.0,63263.0,,1.0,1.0,135.02,63.52,,-71.5,,False,False,False,16,17
MNQ_v5,2026-04-06 18:05:00+02:00,2026-04-06 18:54:00+02:00,Long,2.0,63266,63273,7,24296.0,24295.0,-5.48,Canal Exit,Canal Exit,43.5,1.172,-0.299,63273.0,63273.0,,0.0,0.0,-6.96,-6.96,,0.0,,True,True,True,18,18
MNQ_v5,2026-04-06 19:15:00+02:00,2026-04-06 19:22:00+02:00,Short,1.0,63276,63277,1,24249.25,24307.5,-117.24,Canal Exit,Canal Exit,95.0,0.334,-0.639,63277.0,63277.0,,0.0,0.0,-117.98,-117.98,,0.0,,False,False,False,19,19
MNQ_v5,2026-04-07 00:07:00+02:00,2026-04-07 00:21:00+02:00,Long,4.0,63310,63312,2,24367.25,24338.75,-230.96,Stop Loss,Stop Loss,28.5,0.465,-2.307,63311.0,63312.0,,1.0,1.0,-37.92,-375.92,,-338.0,,True,True,False,0,0
MNQ_v5,2026-04-07 09:55:00+02:00,2026-04-07 10:37:00+02:00,Long,1.0,63394,63400,6,24283.5,24358.0,148.26,Canal Exit,Canal Exit,79.0,1.259,-0.756,63397.0,63400.0,,3.0,3.0,130.02,147.52,,17.5,,True,True,False,9,10
MNQ_v5,2026-04-07 15:45:00+02:00,2026-04-07 16:20:00+02:00,Short,1.0,63444,63449,5,24160.0,24112.0,95.26,Canal Exit,Canal Exit,143.25,1.159,-0.349,63449.0,63449.0,,0.0,0.0,94.52,94.52,,0.0,,False,False,False,15,16
MNQ_v5,2026-04-07 16:48:00+02:00,2026-04-07 16:55:00+02:00,Long,1.0,63453,63454,1,24064.5,23994.0,-141.74,Stop Loss,Stop Loss,70.5,0.39,-1.17,,,,,,,,,,,,False,False,16,16
MNQ_v5,2026-04-07 21:28:00+02:00,2026-04-07 21:56:00+02:00,Long,1.0,63493,63497,4,24212.25,24370.0,314.76,Auto-Close (profit),Auto-Close (profit),135.75,1.322,-0.151,,,,,,,,,,,,True,False,21,21
MNQ_v5,2026-04-08 03:09:00+02:00,2026-04-08 11:26:00+02:00,Long,1.0,63534,63605,71,25088.25,25213.75,250.26,Canal Exit,Canal Exit,81.5,1.926,-0.509,63605.0,63605.0,63569.0,0.0,0.0,249.52,249.52,95.02,0.0,-155.24,True,True,False,3,11
MNQ_v5,2026-04-08 15:38:00+02:00,2026-04-08 15:59:00+02:00,Short,1.0,63641,63644,3,25099.0,25094.75,7.76,Canal Exit,Canal Exit,152.75,0.223,-0.408,63642.0,63644.0,,2.0,2.0,25.52,7.02,,-18.5,,False,False,False,15,15
MNQ_v5,2026-04-08 22:59:00+02:00,2026-04-09 02:48:00+02:00,Short,2.0,63704,63729,25,25038.75,25010.25,112.52,Canal Exit,Canal Exit,56.5,0.686,-0.487,63727.0,63729.0,63716.0,2.0,2.0,38.04,111.04,7.04,73.0,-105.48,False,False,False,22,2
MNQ_v5,2026-04-09 03:09:00+02:00,2026-04-09 03:58:00+02:00,Short,4.0,63732,63739,7,25001.5,25030.0,-230.96,Stop Loss,Stop Loss,28.5,0.728,-1.088,,,63739.0,,,,,-203.92,,27.04,,True,True,3,3
MNQ_v5,2026-04-09 06:53:00+02:00,2026-04-09 07:07:00+02:00,Long,16.0,63764,63766,2,25013.75,25006.5,-243.84,Stop Loss,Stop Loss,7.25,1.345,-2.69,,,,,,,,,,,,True,True,6,7
MNQ_v5,2026-04-09 13:46:00+02:00,2026-04-09 14:14:00+02:00,Long,2.0,63823,63827,4,25027.5,25039.75,47.52,Canal Exit,Canal Exit,51.25,0.463,-0.102,63825.0,63827.0,,2.0,2.0,40.04,46.04,,6.0,,True,True,False,13,14
MNQ_v5,2026-04-09 15:38:00+02:00,2026-04-09 15:52:00+02:00,Long,1.0,63839,63841,2,25100.25,25019.0,-163.24,Stop Loss,Stop Loss,81.25,0.154,-1.166,,,,,,,,,,,,True,False,15,15
MNQ_v5,2026-04-10 16:27:00+02:00,2026-04-10 16:48:00+02:00,Long,1.0,64044,64047,3,25361.25,25321.25,-80.74,Canal Exit,Canal Exit,92.5,0.17,-0.597,64047.0,64047.0,,0.0,0.0,-81.48,-81.48,,0.0,,True,True,False,16,16
MNQ_v5,2026-04-10 20:53:00+02:00,2026-04-10 21:07:00+02:00,Short,5.0,64082,64084,2,25260.75,25282.0,-216.2,Stop Loss,Stop Loss,21.25,0.471,-1.471,,,,,,,,,,,,True,False,20,21
MNQ_v5,2026-04-13 09:27:00+02:00,2026-04-13 09:55:00+02:00,Short,5.0,64182,64186,4,25105.5,25115.0,-98.7,Canal Exit,Canal Exit,22.5,0.7,-0.522,64186.0,64186.0,,0.0,0.0,-102.4,-102.4,,0.0,,False,False,True,9,9
MNQ_v5,2026-04-13 10:16:00+02:00,2026-04-13 10:37:00+02:00,Long,4.0,64189,64192,3,25117.75,25093.0,-200.96,Stop Loss,Stop Loss,24.75,0.253,-1.162,,,,,,,,,,,,False,False,10,10
MNQ_v5,2026-04-13 18:19:00+02:00,2026-04-13 21:56:00+02:00,Long,1.0,64258,64289,31,25366.5,25538.0,342.26,Auto-Close (profit),Auto-Close (profit),92.25,1.992,-0.428,,,64271.0,,,,,84.02,,-258.24,,True,False,18,21
MNQ_v5,2026-04-14 01:03:00+02:00,2026-04-14 01:59:00+02:00,Long,2.0,64308,64316,8,25613.0,25565.25,-192.48,Stop Loss,Stop Loss,47.75,0.12,-1.058,,,,,,,,,,,,False,False,1,1
MNQ_v5,2026-04-14 07:35:00+02:00,2026-04-14 08:03:00+02:00,Short,5.0,64364,64368,4,25576.0,25569.25,63.8,Canal Exit,Canal Exit,23.0,0.337,-0.283,64367.0,64368.0,,1.0,1.0,-32.4,60.1,,92.5,,False,False,False,7,8
MNQ_v5,2026-04-14 14:56:00+02:00,2026-04-14 15:17:00+02:00,Short,2.0,64427,64430,3,25668.0,25673.75,-24.48,Canal Exit,Canal Exit,48.25,0.057,-0.306,64430.0,64430.0,,0.0,0.0,-25.96,-25.96,,0.0,,False,False,False,14,15
MNQ_v5,2026-04-14 15:38:00+02:00,2026-04-14 15:59:00+02:00,Long,1.0,64433,64436,3,25748.75,25731.0,-36.24,Canal Exit,Canal Exit,109.25,0.137,-0.414,64435.0,64436.0,,1.0,1.0,-47.98,-36.98,,11.0,,True,True,False,15,15
MNQ_v5,2026-04-14 19:36:00+02:00,2026-04-14 20:18:00+02:00,Long,2.0,64467,64473,6,25966.0,25911.25,-220.48,Stop Loss,Stop Loss,54.75,0.059,-1.42,,,64472.0,,,,,-163.96,,56.52,,False,False,19,20
MNQ_v5,2026-04-15 06:46:00+02:00,2026-04-15 07:00:00+02:00,Short,10.0,64555,64557,2,26014.75,26026.0,-232.4,Stop Loss,Stop Loss,11.25,1.444,-3.867,,,,,,,,,,,,False,True,6,7
MNQ_v5,2026-04-15 19:22:00+02:00,2026-04-15 21:28:00+02:00,Long,1.0,64663,64681,18,26194.0,26349.5,310.26,Canal Exit,Canal Exit,91.0,1.72,-0.332,64679.0,64681.0,,2.0,2.0,240.02,309.52,,69.5,,True,True,False,19,21
MNQ_v5,2026-04-16 00:00:00+02:00,2026-04-16 08:17:00+02:00,Long,6.0,64695,64766,71,26362.0,26473.0,1327.56,Canal Exit,Canal Exit,19.25,6.377,-0.935,64766.0,64766.0,64709.0,0.0,0.0,1323.12,1323.12,420.12,0.0,-907.44,True,True,False,0,8
MNQ_v5,2026-04-16 14:56:00+02:00,2026-04-16 15:24:00+02:00,Short,10.0,64823,64827,4,26423.0,26434.0,-227.4,Stop Loss,Stop Loss,11.0,3.295,-2.773,,,,,,,,,,,,False,True,14,15
MNQ_v5,2026-04-16 16:41:00+02:00,2026-04-16 17:23:00+02:00,Long,1.0,64838,64844,6,26408.25,26457.75,98.26,Canal Exit,Canal Exit,132.5,0.726,-0.343,64842.0,64844.0,,2.0,2.0,149.02,97.52,,-51.5,,True,True,False,16,17
MNQ_v5,2026-04-16 19:43:00+02:00,2026-04-16 20:04:00+02:00,Long,1.0,64864,64867,3,26505.5,26431.0,-149.74,Stop Loss,Stop Loss,74.5,0.057,-1.527,,,,,,,,,,,,True,False,19,20
MNQ_v5,2026-04-17 02:27:00+02:00,2026-04-17 02:55:00+02:00,Long,3.0,64914,64918,4,26493.5,26483.5,-62.22,Canal Exit,Canal Exit,37.75,0.066,-0.298,64918.0,64918.0,,0.0,0.0,-64.44,-64.44,,0.0,,True,True,False,2,2
MNQ_v5,2026-04-17 03:23:00+02:00,2026-04-17 03:44:00+02:00,Short,8.0,64922,64925,3,26483.25,26490.75,-125.92,Canal Exit,Canal Exit,14.5,0.224,-0.966,64924.0,64925.0,,1.0,1.0,-123.84,-131.84,,-8.0,,False,False,False,3,3
MNQ_v5,2026-04-17 07:00:00+02:00,2026-04-17 07:35:00+02:00,Short,4.0,64953,64958,5,26453.5,26462.25,-72.96,Canal Exit,Canal Exit,28.25,0.363,-0.407,64958.0,64958.0,,0.0,0.0,-75.92,-75.92,,0.0,,False,False,False,7,7
MNQ_v5,2026-04-17 13:11:00+02:00,2026-04-17 14:14:00+02:00,Long,3.0,65006,65015,9,26538.25,26587.0,290.28,Canal Exit,Canal Exit,34.25,1.657,-0.248,65015.0,65015.0,,0.0,0.0,288.06,288.06,,0.0,,True,True,False,13,14
MNQ_v5,2026-04-17 18:19:00+02:00,2026-04-17 19:15:00+02:00,Long,2.0,65050,65058,8,26851.0,26792.0,-237.48,Stop Loss,Stop Loss,59.0,0.542,-1.212,,,65058.0,,,,,-230.96,,6.52,,False,True,18,19
MNQ_v5,2026-04-20 00:49:00+02:00,2026-04-20 03:23:00+02:00,Long,1.0,65098,65120,22,26668.75,26688.5,38.76,Canal Exit,Canal Exit,134.0,0.237,-0.394,65113.0,65120.0,,7.0,7.0,-32.98,38.02,,71.0,,True,True,False,0,3
MNQ_v5,2026-04-20 06:53:00+02:00,2026-04-20 07:21:00+02:00,Long,5.0,65150,65154,4,26675.75,26655.0,-211.2,Stop Loss,Stop Loss,20.75,0.157,-1.373,,,,,,,,,,,,True,False,6,7
MNQ_v5,2026-04-20 09:41:00+02:00,2026-04-20 11:05:00+02:00,Short,1.0,65174,65186,12,26659.25,26694.75,-71.74,Canal Exit,Canal Exit,62.25,0.651,-0.972,65180.0,65186.0,65184.0,6.0,6.0,-29.98,-72.48,-75.48,-42.5,-3.74,False,True,True,9,11
MNQ_v5,2026-04-20 13:39:00+02:00,2026-04-20 15:03:00+02:00,Long,3.0,65208,65220,12,26713.0,26769.75,338.28,Canal Exit,Canal Exit,32.75,2.748,-0.611,65220.0,65220.0,,0.0,0.0,336.06,336.06,,0.0,,True,True,False,13,15
MNQ_v5,2026-04-20 15:52:00+02:00,2026-04-20 17:09:00+02:00,Short,3.0,65227,65238,11,26787.25,26612.75,1044.78,Canal Exit,Canal Exit,38.75,5.632,-0.439,65234.0,65238.0,,4.0,4.0,541.56,1042.56,,501.0,,False,False,False,15,17
MNQ_v5,2026-04-21 02:06:00+02:00,2026-04-21 07:14:00+02:00,Long,1.0,65307,65351,44,26815.0,26840.0,49.26,Canal Exit,Canal Exit,63.5,0.449,-0.484,65348.0,65351.0,65323.0,3.0,3.0,19.52,48.52,-1.48,29.0,-50.74,True,True,False,2,7
MNQ_v5,2026-04-21 07:49:00+02:00,2026-04-21 08:03:00+02:00,Short,6.0,65356,65358,2,26824.5,26843.5,-232.44,Stop Loss,Stop Loss,19.0,0.329,-1.539,,,,,,,,,,,,False,False,7,8
MNQ_v5,2026-04-21 16:55:00+02:00,2026-04-21 17:09:00+02:00,Short,1.0,65434,65436,2,26702.5,26760.0,-115.74,Canal Exit,Canal Exit,182.5,0.221,-0.505,65436.0,65436.0,,0.0,0.0,-116.48,-116.48,,0.0,,False,False,False,16,17
MNQ_v5,2026-04-21 19:01:00+02:00,2026-04-21 19:29:00+02:00,Short,1.0,65452,65456,4,26657.25,26656.5,0.76,Canal Exit,Canal Exit,103.75,0.552,-0.477,65453.0,65456.0,,3.0,3.0,26.52,0.02,,-26.5,,False,False,False,19,19
MNQ_v5,2026-04-21 20:25:00+02:00,2026-04-21 21:07:00+02:00,Short,1.0,65464,65470,6,26686.5,26765.75,-159.24,Stop Loss,Stop Loss,79.25,0.271,-1.041,,,,,,,,,,,,True,False,20,21
MNQ_v5,2026-04-22 03:51:00+02:00,2026-04-22 06:25:00+02:00,Long,4.0,65520,65542,22,26820.25,26793.25,-218.96,Stop Loss,Stop Loss,27.0,0.5,-1.065,,,65527.0,,,,,0.08,,219.04,,False,True,3,6
MNQ_v5,2026-04-22 12:57:00+02:00,2026-04-22 14:28:00+02:00,Long,4.0,65598,65611,13,26830.0,26870.25,319.04,Canal Exit,Canal Exit,25.0,2.82,-0.96,65610.0,65611.0,,1.0,1.0,378.08,316.08,,-62.0,,True,True,False,12,14
MNQ_v5,2026-04-22 14:56:00+02:00,2026-04-22 15:45:00+02:00,Short,1.0,65615,65622,7,26820.75,26830.75,-20.74,Canal Exit,Canal Exit,79.75,0.163,-0.9,65618.0,65622.0,,4.0,4.0,-103.98,-21.48,,82.5,,False,False,False,14,15
MNQ_v5,2026-04-22 19:08:00+02:00,2026-04-22 21:56:00+02:00,Long,2.0,65651,65675,24,27017.25,27079.75,248.52,Auto-Close (profit),Auto-Close (profit),59.25,1.713,-0.667,,,65661.0,,,,,-42.96,,-291.48,,True,False,19,21
MNQ_v5,2026-04-23 15:45:00+02:00,2026-04-23 16:27:00+02:00,Long,1.0,65820,65826,6,27067.25,27044.0,-47.24,Canal Exit,Canal Exit,110.25,0.32,-0.918,65822.0,65826.0,65825.0,4.0,4.0,-94.98,-47.98,-92.98,47.0,-45.74,True,False,False,15,16
MNQ_v5,2026-04-23 18:05:00+02:00,2026-04-23 18:19:00+02:00,Short,1.0,65840,65842,2,27055.0,27102.0,-94.74,Canal Exit,Canal Exit,101.0,0.163,-0.502,65842.0,65842.0,,0.0,0.0,-95.48,-95.48,,0.0,,False,False,False,18,18
MNQ_v5,2026-04-23 18:40:00+02:00,2026-04-23 19:01:00+02:00,Long,1.0,65845,65848,3,27102.5,27038.5,-128.74,Stop Loss,Stop Loss,64.0,0.172,-1.977,,,,,,,,,,,,False,False,18,19
MNQ_v5,2026-04-24 03:51:00+02:00,2026-04-24 04:05:00+02:00,Long,5.0,65916,65918,2,27120.75,27099.5,-216.2,Stop Loss,Stop Loss,21.25,0.224,-1.224,,,,,,,,,,,,False,False,3,4
MNQ_v5,2026-04-24 19:57:00+02:00,2026-04-24 21:56:00+02:00,Long,1.0,66054,66071,17,27427.75,27433.5,10.76,Auto-Close (profit),Auto-Close (profit),60.75,0.436,-0.724,,,,,,,,,,,,True,False,19,21
MNQ_v5,2026-04-27 05:43:00+02:00,2026-04-27 05:57:00+02:00,Long,8.0,66130,66132,2,27527.25,27513.0,-233.92,Stop Loss,Stop Loss,14.25,0.281,-1.298,,,,,,,,,,,,False,False,5,5
MNQ_v5,2026-04-27 21:35:00+02:00,2026-04-27 21:56:00+02:00,Long,3.0,66266,66269,3,27421.0,27444.75,140.28,Auto-Close (profit),Auto-Close (profit),31.25,1.0,-0.424,,,,,,,,,,,,True,False,21,21
MNQ_v5,2026-04-28 01:03:00+02:00,2026-04-28 01:31:00+02:00,Short,5.0,66288,66292,4,27478.25,27499.0,-211.2,Stop Loss,Stop Loss,20.75,0.181,-1.048,,,,,,,,,,,,False,False,1,1
MNQ_v5,2026-04-28 07:00:00+02:00,2026-04-28 08:31:00+02:00,Short,3.0,66339,66352,13,27403.25,27353.5,296.28,Canal Exit,Canal Exit,36.25,1.621,-0.559,66346.0,66352.0,66352.0,6.0,6.0,211.56,294.06,294.06,82.5,-2.22,False,True,False,7,8
MNQ_v5,2026-04-29 03:37:00+02:00,2026-04-29 06:04:00+02:00,Long,1.0,66508,66529,21,27260.75,27293.25,64.26,Canal Exit,Canal Exit,69.25,0.527,-0.3,66526.0,66529.0,,3.0,3.0,35.02,63.52,,28.5,,True,True,False,3,6
MNQ_v5,2026-04-29 07:07:00+02:00,2026-04-29 07:28:00+02:00,Short,4.0,66538,66541,3,27286.0,27291.25,-44.96,Canal Exit,Canal Exit,26.5,0.491,-0.519,66540.0,66541.0,,1.0,1.0,6.08,-47.92,,-54.0,,False,False,False,7,7
MNQ_v5,2026-04-29 07:49:00+02:00,2026-04-29 08:45:00+02:00,Long,3.0,66544,66552,8,27307.75,27273.0,-210.72,Stop Loss,Stop Loss,34.75,0.302,-1.151,,,66550.0,,,,,-158.94,,51.78,,False,False,7,8
MNQ_v5,2026-04-29 17:16:00+02:00,2026-04-29 18:47:00+02:00,Short,2.0,66625,66638,13,27263.25,27200.5,249.52,Canal Exit,Canal Exit,48.75,2.262,-0.723,66637.0,66638.0,,1.0,1.0,238.04,248.04,,10.0,,False,False,False,17,18
MNQ_v5,2026-04-29 19:08:00+02:00,2026-04-29 21:28:00+02:00,Long,2.0,66641,66661,20,27204.75,27279.75,298.52,Canal Exit,Canal Exit,51.75,2.58,-0.903,66658.0,66661.0,66654.0,3.0,3.0,406.04,297.04,-12.96,-109.0,-311.48,True,True,False,19,21
MNQ_v5,2026-04-29 21:49:00+02:00,2026-04-29 21:56:00+02:00,Short,3.0,66664,66665,1,27302.75,27334.75,-194.22,Auto-Close (loss),Auto-Close (loss),35.5,1.817,-2.43,,,,,,,,,,,,True,True,21,21
MNQ_v5,2026-04-30 00:07:00+02:00,2026-04-30 00:42:00+02:00,Long,1.0,66676,66681,5,27416.75,27490.5,146.76,Canal Exit,Canal Exit,268.25,0.31,-0.308,66680.0,66681.0,,1.0,1.0,75.52,146.02,,70.5,,True,True,False,0,0
MNQ_v5,2026-04-30 13:18:00+02:00,2026-04-30 13:46:00+02:00,Long,1.0,66789,66793,4,27440.75,27442.75,3.26,Canal Exit,Canal Exit,84.5,0.633,-0.198,66793.0,66793.0,,0.0,0.0,2.52,2.52,,0.0,,True,True,False,13,13
MNQ_v5,2026-05-01 04:19:00+02:00,2026-05-01 04:54:00+02:00,Short,7.0,66910,66915,5,27640.25,27639.0,12.32,Canal Exit,Canal Exit,16.75,0.955,-0.448,66913.0,66915.0,,2.0,2.0,185.64,7.14,,-178.5,,False,False,False,4,4
MNQ_v5,2026-05-01 05:15:00+02:00,2026-05-01 05:57:00+02:00,Long,4.0,66918,66924,6,27651.75,27624.25,-222.96,Stop Loss,Stop Loss,27.5,0.8,-1.1,,,,,,,,,,,,True,True,5,5
MNQ_v5,2026-05-04 01:03:00+02:00,2026-05-04 02:20:00+02:00,Short,3.0,67080,67091,11,27843.25,27823.75,114.78,Canal Exit,Canal Exit,36.5,1.164,-0.651,67088.0,67091.0,67091.0,3.0,3.0,-13.44,112.56,112.56,126.0,-2.22,False,True,False,1,2
MNQ_v5,2026-05-04 06:11:00+02:00,2026-05-04 08:38:00+02:00,Long,1.0,67124,67145,21,27944.0,27881.5,-125.74,Stop Loss,Stop Loss,62.5,0.36,-1.156,,,67132.0,,,,,1.52,,127.26,,False,False,6,8
MNQ_v5,2026-05-04 10:09:00+02:00,2026-05-04 10:23:00+02:00,Short,1.0,67158,67160,2,27887.5,27902.0,-29.74,Canal Exit,Canal Exit,68.75,0.262,-0.4,67159.0,67160.0,,1.0,1.0,7.52,-30.48,,-38.0,,False,False,False,10,10
MNQ_v5,2026-05-04 20:25:00+02:00,2026-05-04 21:56:00+02:00,Short,2.0,67245,67258,13,27759.75,27779.75,-81.48,Auto-Close (loss),Auto-Close (loss),58.5,0.705,-0.568,,,67255.0,,,,,-24.96,,56.52,,True,True,20,21
MNQ_v5,2026-05-05 00:14:00+02:00,2026-05-05 00:35:00+02:00,Long,3.0,67270,67273,3,27775.0,27772.75,-15.72,Canal Exit,Canal Exit,37.75,0.152,-0.212,67271.0,67273.0,,2.0,2.0,27.06,-17.94,,-45.0,,True,True,False,0,0
MNQ_v5,2026-05-05 00:56:00+02:00,2026-05-05 01:45:00+02:00,Short,3.0,67276,67283,7,27744.75,27737.75,39.78,Canal Exit,Canal Exit,36.0,0.479,-0.521,67281.0,67283.0,,2.0,2.0,-70.44,37.56,,108.0,,False,False,False,0,1
MNQ_v5,2026-05-05 15:31:00+02:00,2026-05-05 16:06:00+02:00,Long,1.0,67401,67406,5,28056.75,28089.5,64.76,Canal Exit,Canal Exit,157.0,0.352,-0.549,67404.0,67406.0,,2.0,2.0,71.02,64.02,,-7.0,,True,True,False,15,16
MNQ_v5,2026-05-06 03:09:00+02:00,2026-05-06 06:18:00+02:00,Long,3.0,67493,67520,27,28283.25,28325.0,248.28,Canal Exit,Canal Exit,35.0,1.464,-0.593,67516.0,67520.0,67507.0,4.0,4.0,172.56,246.06,-31.44,73.5,-279.72,True,True,False,3,6
MNQ_v5,2026-05-06 08:59:00+02:00,2026-05-06 11:05:00+02:00,Long,2.0,67543,67561,18,28347.5,28437.5,358.52,Canal Exit,Canal Exit,47.5,3.611,-0.842,67561.0,67561.0,,0.0,0.0,357.04,357.04,,0.0,,True,True,False,8,11
MNQ_v5,2026-05-07 04:19:00+02:00,2026-05-07 07:35:00+02:00,Short,2.0,67701,67729,28,28675.75,28717.25,-167.48,Stop Loss,Stop Loss,41.5,0.494,-1.271,,,67711.0,,,,,-58.96,,108.52,,False,False,4,7
MNQ_v5,2026-05-07 15:59:00+02:00,2026-05-07 16:34:00+02:00,Long,1.0,67801,67806,5,28817.25,28909.0,182.76,Canal Exit,Canal Exit,109.25,0.897,-0.43,67803.0,67806.0,,3.0,3.0,54.02,182.02,,128.0,,True,True,False,15,16
MNQ_v5,2026-05-08 05:01:00+02:00,2026-05-08 08:45:00+02:00,Long,3.0,67905,67937,32,28748.25,28827.5,473.28,Canal Exit,Canal Exit,38.75,2.2,-0.135,67935.0,67937.0,67922.0,2.0,2.0,411.06,471.06,217.56,60.0,-255.72,True,True,False,5,8
MNQ_v5,2026-05-08 09:48:00+02:00,2026-05-08 10:58:00+02:00,Long,5.0,67946,67956,10,28825.0,28873.75,483.8,Canal Exit,Canal Exit,20.5,2.476,-0.451,67954.0,67956.0,,2.0,2.0,290.1,480.1,,190.0,,True,True,False,9,10
MNQ_v5,2026-05-08 15:10:00+02:00,2026-05-08 15:31:00+02:00,Short,1.0,67992,67995,3,28873.75,28976.75,-206.74,Stop Loss,Stop Loss,103.0,0.112,-1.066,67995.0,67995.0,,0.0,0.0,-173.48,-173.48,,0.0,,False,False,False,15,15
MNQ_v5,2026-05-08 15:52:00+02:00,2026-05-08 16:13:00+02:00,Long,1.0,67998,68001,3,29069.5,29114.25,88.76,Canal Exit,Canal Exit,206.0,0.308,-0.127,68000.0,68001.0,,1.0,1.0,49.52,88.02,,38.5,,True,True,False,15,16
MNQ_v5,2026-05-11 02:55:00+02:00,2026-05-11 03:23:00+02:00,Short,1.0,68085,68089,4,29267.25,29317.75,-101.74,Canal Exit,Canal Exit,135.25,0.124,-0.545,68088.0,68089.0,,1.0,1.0,-104.48,-102.48,,2.0,,False,False,False,2,3
MNQ_v5,2026-05-11 03:44:00+02:00,2026-05-11 04:47:00+02:00,Long,1.0,68092,68101,9,29341.5,29350.75,17.76,Canal Exit,Canal Exit,67.0,0.295,-0.284,68098.0,68101.0,,3.0,3.0,-16.98,17.02,,34.0,,True,True,False,3,4
MNQ_v5,2026-05-11 05:08:00+02:00,2026-05-11 05:29:00+02:00,Short,3.0,68104,68107,3,29323.5,29326.5,-20.22,Canal Exit,Canal Exit,37.75,0.278,-0.656,68105.0,68107.0,,2.0,2.0,-5.94,-22.44,,-16.5,,False,False,False,5,5
MNQ_v5,2026-05-11 05:50:00+02:00,2026-05-11 05:57:00+02:00,Long,7.0,68110,68111,1,29331.75,29315.25,-236.18,Stop Loss,Stop Loss,16.5,0.227,-1.318,,,,,,,,,,,,False,False,5,5
MNQ_v5,2026-05-11 07:49:00+02:00,2026-05-11 08:17:00+02:00,Short,4.0,68127,68131,4,29330.25,29342.5,-100.96,Canal Exit,Canal Exit,24.0,0.427,-0.719,68130.0,68131.0,,1.0,1.0,-23.92,-103.92,,-80.0,,False,False,False,7,8
MNQ_v5,2026-05-11 13:18:00+02:00,2026-05-11 13:32:00+02:00,Long,1.0,68174,68176,2,29362.5,29362.5,-0.74,Canal Exit,Canal Exit,74.25,0.35,-0.313,68175.0,68176.0,,1.0,1.0,30.52,-1.48,,-32.0,,True,True,False,13,13
MNQ_v5,2026-05-11 19:29:00+02:00,2026-05-11 21:56:00+02:00,Long,1.0,68227,68248,21,29454.75,29429.0,-52.24,Auto-Close (loss),Auto-Close (loss),87.0,0.256,-0.966,,,68239.0,,,,,-134.98,,-82.74,,False,False,19,21
MNQ_v5,2026-05-12 01:17:00+02:00,2026-05-12 02:27:00+02:00,Short,11.0,68269,68279,10,29446.0,29385.75,1317.36,Canal Exit,Canal Exit,10.5,8.833,-0.762,68279.0,68279.0,,0.0,0.0,1309.22,1309.22,,0.0,,False,False,False,1,2
MNQ_v5,2026-05-12 05:29:00+02:00,2026-05-12 08:03:00+02:00,Short,4.0,68305,68327,22,29338.25,29270.75,537.04,Canal Exit,Canal Exit,26.5,2.934,-0.321,68324.0,68327.0,68326.0,3.0,3.0,350.08,534.08,396.08,184.0,-140.96,False,True,False,5,8
MNQ_v5,2026-05-12 10:09:00+02:00,2026-05-12 11:05:00+02:00,Short,1.0,68345,68353,8,29182.25,29199.0,-34.24,Canal Exit,Canal Exit,106.5,0.08,-0.404,68349.0,68353.0,,4.0,4.0,-52.98,-34.98,,18.0,,False,False,False,10,11
MNQ_v5,2026-05-12 15:31:00+02:00,2026-05-12 15:38:00+02:00,Short,1.0,68391,68392,1,29177.0,29237.25,-121.24,Stop Loss,Stop Loss,60.25,0.552,-1.805,,,,,,,,,,,,True,True,15,15
MNQ_v5,2026-05-13 05:36:00+02:00,2026-05-13 06:25:00+02:00,Long,2.0,68504,68511,7,29260.0,29288.25,111.52,Canal Exit,Canal Exit,58.5,0.637,-0.342,68508.0,68511.0,,3.0,3.0,-13.96,110.04,,124.0,,True,True,False,5,6
MNQ_v5,2026-05-13 21:28:00+02:00,2026-05-13 21:56:00+02:00,Long,1.0,68640,68644,4,29516.0,29475.5,-81.74,Auto-Close (loss),Auto-Close (loss),74.25,0.32,-0.896,,,,,,,,,,,,False,False,21,21
MNQ_v5,2026-05-14 01:45:00+02:00,2026-05-14 02:13:00+02:00,Short,3.0,68669,68673,4,29609.0,29648.75,-240.72,Stop Loss,Stop Loss,39.75,0.459,-1.22,68673.0,,,0.0,,-146.94,,,,,False,False,False,1,2
MNQ_v5,2026-05-14 02:34:00+02:00,2026-05-14 02:55:00+02:00,Long,1.0,68676,68679,3,29668.5,29677.0,16.26,Canal Exit,Canal Exit,77.75,0.322,-0.09,68679.0,68679.0,,0.0,0.0,15.52,15.52,,0.0,,True,True,False,2,2
MNQ_v5,2026-05-14 07:35:00+02:00,2026-05-14 07:42:00+02:00,Short,3.0,68719,68720,1,29562.5,29599.5,-224.22,Stop Loss,Stop Loss,37.0,0.439,-1.392,,,,,,,,,,,,False,False,7,7
MNQ_v5,2026-05-14 13:39:00+02:00,2026-05-14 15:17:00+02:00,Short,2.0,68771,68785,14,29549.75,29493.0,225.52,Canal Exit,Canal Exit,44.25,2.294,-0.576,68785.0,68785.0,68776.0,0.0,0.0,224.04,224.04,-56.96,0.0,-282.48,False,False,False,13,15
MNQ_v5,2026-05-14 15:38:00+02:00,2026-05-14 15:59:00+02:00,Long,1.0,68788,68791,3,29626.25,29593.0,-67.24,Canal Exit,Canal Exit,178.0,0.329,-0.563,68791.0,68791.0,,0.0,0.0,-67.98,-67.98,,0.0,,True,True,False,15,15
MNQ_v5,2026-05-14 19:50:00+02:00,2026-05-14 21:56:00+02:00,Long,1.0,68824,68842,18,29745.25,29686.5,-118.24,Auto-Close (loss),Auto-Close (loss),150.0,0.048,-0.703,,,,,,,,,,,,True,False,19,21
MNQ_v5,2026-05-15 00:00:00+02:00,2026-05-15 00:00:00+02:00,Long,1.0,68852,68852,0,29714.0,29714.0,-0.74,End of Data,End of Data,77.25,0.071,-0.508,,,,,,,,,,,,False,False,0,0
